STATE,AGI_STUB,N1,MARS1,MARS2,MARS4,ELF,CPREP,PREP,DIR_DEP,VRTCRIND,N2,TOTAL_VITA,VITA,MVITA,TCE,VITA_EIC,RAC,ELDERLY,A00100,N02650,A02650,N00200,A00200,N00300,A00300,N00400,A00400,N00600,A00600,N00650,A00650,N00700,A00700,N00900,A00900,N01000,A01000,N01400,A01400,N01700,A01700,SCHF,N02300,A02300,N02500,A02500,N26270,A26270,N25870,A25870,N02900,A02900,N03220,A03220,N03300,A03300,N03270,A03270,N03150,A03150,N03210,A03210,N04450,A04450,N04100,A04100,N04200,A04200,N04470,A04470,N17000,A17000,N18425,A18425,N18450,A18450,N18500,A18500,N18460,A18460,N18300,A18300,N18800,A18800,N19300,A19300,N19500,A19500,N19530,A19530,N19570,A19570,N19700,A19700,N20950,A20950,N04475,A04475,N04800,A04800,N05800,A05800,N09600,A09600,N05780,A05780,N07100,A07100,N07300,A07300,N07180,A07180,N07230,A07230,N07240,A07240,N07225,A07225,N07262,A07262,N07265,A07265,N09400,A09400,N85770,A85770,N85775,A85775,N10600,A10600,N59660,A59660,N59661,A59661,N59662,A59662,N59663,A59663,N59664,A59664,N59720,A59720,N11070,A11070,N10960,A10960,N11560,A11560,N06500,A06500,N10300,A10300,N85530,A85530,N85300,A85300,N11901,A11901,N11900,A11900,N11902,A11902,N12000,A12000
US,0,"159,949,000","79,879,620","54,480,420","21,382,000","149,657,570","5,190,240","84,664,120","96,679,730","2,193,990","293,957,500","2,729,510","1,528,400","23,880","1,177,230","312,470","21,013,290","42,939,460","15,234,086,106","159,097,470","15,378,445,114","128,043,220","10,171,094,747","55,016,930","311,468,789","6,743,960","64,471,481","33,488,590","497,802,404","30,832,310","330,511,932","2,982,690","4,285,242","30,691,060","389,534,282","29,481,840","943,479,996","16,672,230","434,589,540","29,675,070","928,820,112","1,773,240","4,706,000","30,455,671","25,608,500","523,454,692","9,590,010","993,675,572","9,177,090","78,142,041","35,616,390","144,359,008","3,764,580","1,139,337","939,660","29,493,030","3,578,530","31,114,668","2,414,660","13,326,565","6,770,180","5,204,444","142,676,150","2,790,356,888","142,676,150","2,727,942,703","27,831,260","62,414,214","14,940,520","678,049,857","3,763,530","84,844,252","10,475,220","208,504,345","3,778,620","9,409,549","12,614,210","107,709,798","14,732,750","120,634,470","14,755,070","122,842,318","5,399,650","4,743,607","11,345,810","165,571,020","270,230","3,263,166","634,270","999,904","839,940","35,819,998","11,562,200","210,916,402","1,005,880","52,036,833","26,391,030","213,733,168","129,356,370","11,904,975,416","129,593,580","2,266,127,876","153,970","2,775,547","5,614,330","7,565,805","60,248,610","151,043,533","11,804,930","31,186,906","5,761,870","3,533,047","7,188,150","7,517,401","9,773,370","2,018,110","38,503,650","83,769,784","1,518,210","7,791,024","2,612,610","2,324,249","21,811,720","80,746,376","8,868,100","59,881,173","9,672,510","67,575,908","148,785,360","2,480,907,808","23,923,110","65,006,308","6,649,870","2,394,450","8,471,050","23,022,338","5,647,060","24,290,481","3,155,130","15,299,042","20,549,900","54,853,654","17,207,180","33,740,750","5,788,640","5,030,108","2,402,000","2,651,973","114,486,260","2,115,085,827","124,406,730","2,259,884,586","7,609,840","15,253,148","8,100,650","39,129,479","43,577,930","264,455,501","109,733,180","480,097,262","106,328,020","349,346,343","4,277,580","130,750,906"
US,1,"2,324,150","1,517,700","596,500","106,120","1,552,610","339,780","1,277,380","625,870","42,140","3,336,540","22,910","15,850",30,"7,040",600,"80,950","1,015,630","-142,722,222","1,473,240","-139,730,002","491,620","23,417,260","646,120","4,811,505","67,740","682,934","402,320","3,466,275","358,160","1,925,951","14,400","44,593","777,840","-21,496,739","564,380","10,512,335","118,940","1,849,332","178,480","2,588,055","126,720","18,430","156,715","4,340","18,979","349,250","-55,822,274","311,990","-5,570,425","309,000","2,992,220","9,870","2,796","3,290","83,270","73,570","479,492","12,980","75,041","51,950","55,971",0,0,0,0,0,0,0,0,0,0,0,0,0,0,0,0,0,0,0,0,0,0,0,0,0,0,0,0,0,0,0,0,0,0,0,0,0,0,"89,360","186,993","2,640","97,638","83,310","19,327","23,260","19,920","2,020",711,70,42,"3,710",873,"1,510",599,"10,600","5,007",630,419,710,211,"181,060","527,444","246,450","2,299,129","263,490","2,311,470","937,320","6,325,543","131,470","198,543","83,170","24,327","23,670","63,834","15,240","64,915","9,390","45,470","87,990","142,010","81,700","220,791","82,080","76,579","115,640","157,839","69,500","167,071","282,810","790,810","13,600","19,117",30,796,"171,120","317,530","875,990","5,844,852","828,990","4,612,332","60,870","1,232,521"
US,2,"15,319,070","12,566,600","1,417,250","1,052,810","13,702,790","856,550","7,264,790","7,788,790","109,890","15,196,100","640,740","359,240",950,"280,550","105,670","1,359,690","3,979,220","77,256,907","15,318,450","79,449,074","9,456,990","65,313,298","3,155,420","2,336,099","174,940","305,975","1,552,000","2,523,526","1,372,260","1,389,530","40,140","32,558","3,501,370","8,682,212","1,263,910","72,997","812,030","3,368,285","1,591,760","7,438,228","81,950","157,800","699,648","156,240","336,218","220,220","-1,588,350","371,790","-102,410","2,941,360","2,192,167","29,250","7,599","4,270","31,100","146,530","439,770","36,810","133,071","136,780","120,408","15,143,850","206,668,524","15,143,850","200,019,845","3,185,740","6,648,681","172,450","4,328,317","120,840","2,253,864","42,460","150,265","94,110","80,779","106,550","670,556","157,780","733,585","158,530","745,850","37,690","27,471","87,160","1,051,008","1,940","20,644","3,980","2,906","4,890","21,544","81,830","121,040","6,240","71,834","54,330","10,326","375,520","747,164","591,280","152,022",300,"3,733","314,290","71,541","154,020","22,763","58,080","3,380","1,270",309,"22,760","4,122","11,700","1,713","36,660","10,259","1,900",685,"2,460",810,"2,705,240","1,970,961","872,460","6,178,576","926,860","6,435,402","10,700,220","10,222,837","4,530,230","4,262,542","3,246,740","1,296,204","803,320","1,695,082","322,680","820,242","157,490","451,013","3,596,540","3,540,408","1,055,510","780,228","488,740","434,379","252,990","195,630","505,310","129,321","3,257,690","2,156,136","1,410","2,076",370,560,"2,241,850","1,136,563","9,636,290","9,190,659","9,565,540","8,968,450","87,890","222,205"
US,3,"25,373,450","16,746,260","2,957,150","5,178,600","23,752,980","819,170","12,854,790","18,928,580","183,930","38,383,840","659,300","390,120","2,760","266,420","118,180","5,236,270","5,555,560","437,847,723","25,373,450","445,792,744","18,766,460","327,705,828","4,254,390","5,411,737","280,810","659,095","2,097,250","5,824,321","1,868,800","3,157,284","89,160","80,770","6,595,080","46,780,507","1,815,040","1,742,314","1,577,750","12,621,238","3,334,610","35,654,315","149,780","721,550","4,199,172","2,867,380","7,268,703","480,560","-184,146","679,580","1,094,591","5,907,950","7,945,021","151,170","40,732","12,810","96,925","273,220","851,008","152,150","549,969","400,780","343,441","24,977,070","427,258,518","24,977,070","418,283,979","4,252,960","8,974,541","394,370","10,519,405","267,020","5,056,949","128,960","333,344","209,300","230,691","252,440","1,479,804","372,430","1,768,510","374,170","1,840,174","102,560","86,949","202,320","2,332,170","4,590","45,061","9,090","11,322","9,070","45,537","226,600","809,558","22,400","316,231","1,849,360","1,175,473","13,245,300","63,541,649","13,453,120","6,507,220",410,"8,455","860,910","225,188","4,890,470","1,526,456","255,530","25,874","161,550","41,324","1,081,560","489,623","1,494,470","312,001","2,020,310","610,136","35,490","18,302","41,470","16,527","5,157,470","9,728,711","2,314,950","15,489,566","2,419,190","15,940,883","23,092,190","69,905,374","9,925,930","34,554,022","3,319,960","1,073,919","3,458,700","13,335,588","2,080,450","12,738,379","1,066,820","7,406,137","8,628,120","28,798,625","6,087,470","11,536,534","1,288,040","1,131,732","698,960","542,695","9,815,220","4,980,884","14,098,240","14,925,909","3,530","4,376","1,440",978,"3,097,250","3,786,757","21,122,280","58,678,724","21,005,700","58,237,457","158,360","441,271"
US,4,"36,030,260","21,324,410","6,059,120","7,524,650","34,056,020","976,830","17,634,410","25,781,200","309,190","60,357,800","790,280","492,460","9,380","288,440","81,060","6,929,570","7,522,110","1,333,647,953","36,030,260","1,346,247,578","30,691,260","1,110,149,026","7,057,230","10,031,412","492,610","1,477,897","3,479,960","11,615,632","3,122,840","6,603,292","288,810","250,925","5,640,560","37,268,230","2,972,660","5,170,794","2,338,810","26,944,926","5,131,090","86,889,727","243,770","1,252,340","7,738,809","5,272,980","45,927,905","854,080","4,334,475","1,083,180","828,338","6,049,020","12,599,625","503,780","139,701","34,780","340,020","437,860","1,733,088","502,220","2,023,314","1,397,820","1,109,782","34,856,510","625,767,476","34,856,510","614,598,882","5,120,670","11,168,602","1,172,220","32,902,278","678,030","12,740,607","568,270","1,422,841","475,090","806,620","740,650","4,057,173","1,109,870","5,744,212","1,114,010","6,204,539","377,270","411,787","625,830","7,075,051","16,720","169,579","28,170","64,685","20,160","118,776","798,190","4,881,244","87,980","1,479,834","4,054,880","6,379,357","34,977,800","674,000,512","34,813,600","73,453,972","1,300","16,173","1,995,320","1,306,839","15,959,910","16,952,101","935,890","202,626","1,089,970","668,415","2,253,260","2,399,123","5,993,590","1,306,875","9,733,140","11,587,081","257,960","403,205","263,510","187,992","3,535,660","9,870,456","3,160,080","20,615,388","3,208,310","21,727,309","34,575,980","136,241,154","8,476,700","25,131,841",0,0,"4,185,350","7,927,834","2,812,750","10,347,223","1,478,600","6,856,781","7,529,150","21,697,738","7,318,380","15,730,826","1,496,510","1,267,125","841,160","879,838","26,515,360","56,502,269","28,347,250","66,986,636","8,230","14,997","2,340",703,"7,390,310","10,133,375","28,225,110","79,182,964","28,006,290","78,224,178","302,480","958,790"
US,5,"24,178,700","12,952,320","6,515,640","3,764,360","22,866,140","640,930","12,323,800","15,878,110","282,000","42,729,400","365,970","192,730","4,190","169,050","6,960","3,475,930","6,346,760","1,488,316,474","24,178,700","1,500,347,920","20,600,510","1,184,058,159","7,312,690","12,196,381","612,980","2,118,618","3,845,340","15,655,843","3,492,260","9,203,750","525,930","489,110","3,496,920","30,359,627","3,234,580","8,216,960","2,317,740","35,371,006","4,695,930","116,303,478","227,020","772,200","4,992,548","4,500,910","81,286,668","833,860","8,264,525","1,139,180","966,980","5,127,220","12,031,446","702,580","200,690","43,680","526,267","385,670","2,007,343","503,270","2,360,136","1,701,910","1,350,956","22,477,570","431,452,676","22,477,570","422,226,164","4,209,500","9,226,514","1,700,420","48,610,865","727,650","14,628,941","1,080,380","3,682,966","513,320","1,037,036","1,292,610","6,836,745","1,665,210","10,446,025","1,669,240","10,888,933","612,190","569,641","1,153,780","12,727,513","30,180","303,016","51,380","126,717","26,630","164,858","1,194,440","7,744,471","105,780","1,942,321","3,441,180","8,087,366","24,104,110","1,002,206,360","24,048,200","118,803,946","1,830","17,641","1,086,290","1,671,299","9,715,440","19,428,455","1,242,160","385,211","751,220","456,496","1,309,100","1,585,445","2,272,100","396,922","6,765,850","14,888,484","306,290","922,548","384,180","319,198","2,258,290","7,155,846","1,264,680","8,783,722","1,400,320","10,349,551","23,586,080","137,673,734","858,770","859,360",0,0,0,0,"415,950","319,722","442,820","539,641","708,100","674,873","1,968,050","3,971,493","779,440","682,999","292,440","446,958","21,857,040","99,375,737","22,411,630","107,313,774","8,300","11,477","1,910","1,023","6,654,470","13,436,610","17,404,110","43,521,171","17,140,740","42,339,599","353,470","1,181,573"
US,6,"15,696,120","6,443,330","6,981,770","1,760,610","14,828,080","420,800","8,588,210","9,096,720","231,590","31,453,790","134,020","46,180","2,570","85,270",0,"1,653,220","4,974,870","1,360,619,465","15,696,120","1,370,646,046","13,104,540","1,021,083,462","6,526,280","13,399,610","644,890","2,461,252","3,681,520","18,310,858","3,369,810","11,122,647","607,620","619,393","2,504,590","27,516,271","3,096,550","10,834,833","2,123,660","42,319,322","3,922,570","126,970,415","207,280","527,280","3,426,889","3,682,140","88,715,392","796,970","11,231,012","1,078,150","2,054,510","3,576,120","10,026,581","510,090","152,737","48,350","667,232","326,390","2,053,496","310,880","1,736,470","1,065,020","637,405","13,858,510","301,730,975","13,858,510","294,306,333","3,275,030","7,424,643","1,837,230","53,359,851","583,280","12,191,160","1,307,230","6,062,280","446,760","978,616","1,536,690","8,374,127","1,815,080","13,451,991","1,818,150","13,700,433","693,150","547,575","1,393,650","15,521,562","32,610","328,484","65,680","140,911","31,850","209,540","1,336,820","9,089,273","105,870","2,098,147","2,951,260","8,427,685","15,663,460","998,160,271","15,638,020","132,427,239","2,890","21,329","540,770","1,229,894","6,594,270","16,833,546","1,268,940","468,672","610,640","380,839","810,110","927,417",0,0,"4,845,080","12,993,622","239,170","1,091,550","378,880","326,651","1,690,430","6,050,625","552,600","3,756,979","648,160","4,945,739","15,396,300","139,753,545",0,0,0,0,0,0,0,0,0,0,0,0,"459,530","890,733","501,680","418,206","113,690","216,310","15,082,190","115,593,862","15,247,170","122,444,782","12,470","11,848","3,080","1,319","5,570,350","14,848,514","10,055,960","31,876,318","9,781,230","30,481,815","357,060","1,394,499"
US,7,"27,532,250","6,484,060","18,859,460","1,614,770","26,073,370","743,240","15,636,560","14,246,120","554,640","65,792,460","107,120","29,250","3,610","74,260",0,"1,955,040","9,194,370","3,808,740,349","27,532,250","3,838,514,096","23,245,250","2,781,334,070","15,356,080","44,835,816","1,917,050","9,344,860","9,740,550","74,802,728","9,014,250","49,133,178","1,093,420","1,347,444","5,084,310","81,739,704","8,364,920","55,031,690","4,762,860","148,732,617","7,724,550","344,850,329","465,950","903,540","6,251,695","6,554,320","203,839,714","2,402,860","59,927,569","2,494,550","15,249,904","7,549,910","29,773,747","1,367,550","441,281","208,580","3,733,007","818,360","6,866,875","663,140","4,182,539","2,015,930","1,586,481","22,792,520","570,783,281","22,792,520","556,842,486","5,741,980","13,940,794","4,739,240","160,096,824","1,050,410","24,780,460","3,592,930","27,765,805","985,170","2,519,873","4,191,430","26,783,996","4,705,760","41,079,591","4,711,460","41,359,128","1,856,180","1,410,100","3,839,940","50,988,617","84,060","864,490","209,460","373,779","132,850","1,026,983","3,699,240","33,109,452","284,100","7,428,408","7,322,090","30,443,849","27,503,570","3,048,513,558","27,477,360","454,044,008","15,270","136,331","582,890","2,065,041","14,335,180","41,839,675","3,671,030","2,000,852","1,856,650","1,193,593","1,707,660","2,110,798",0,0,"10,464,100","30,189,970","443,790","3,015,974","975,550","890,427","3,583,370","16,370,462","456,870","2,757,813","651,610","4,739,277","27,165,110","453,780,027",0,0,0,0,0,0,0,0,0,0,0,0,"208,540","541,443","1,152,160","1,019,088","87,130","212,703","27,195,910","412,204,592","27,286,260","431,252,062","490,250","138,396","157,790","50,030","11,313,070","48,571,171","16,118,690","70,163,492","15,264,590","63,535,959","1,106,260","6,627,530"
US,8,"10,930,590","1,538,490","8,938,240","317,440","10,380,010","317,190","6,968,500","3,871,760","367,700","29,477,160","9,080","2,560",400,"6,120",0,"310,040","3,466,330","3,148,728,613","10,930,590","3,182,342,180","9,503,620","2,199,722,079","8,325,510","53,186,785","1,664,760","14,507,492","6,559,790","102,508,584","6,191,690","68,310,109","261,480","542,910","2,424,550","95,304,311","6,047,130","121,297,726","2,136,040","121,257,818","2,668,780","174,731,564","203,150","308,560","2,574,620","2,115,710","77,817,565","2,310,270","173,796,809","1,377,290","23,017,199","3,107,080","33,613,567","459,340","144,648","345,300","10,513,031","695,960","9,006,524","185,090","1,712,164",0,0,"7,473,890","197,596,904","7,473,890","193,273,864","1,756,060","4,323,046","3,456,470","152,162,178","312,040","10,936,378","2,629,240","47,378,596","738,020","2,468,842","3,162,980","31,146,688","3,443,010","33,050,788","3,445,340","33,236,137","1,301,250","1,132,613","2,917,550","52,226,588","64,160","828,382","188,510","225,663","248,670","3,060,523","2,903,850","40,328,476","221,940","10,895,604","4,998,910","45,812,942","10,924,430","2,753,822,980","10,920,600","531,004,015","31,600","385,427","132,030","832,980","7,011,820","23,460,762","3,047,150","4,548,787","1,081,200","664,403",0,0,0,0,"4,612,840","13,464,785","186,240","1,742,446","478,560","484,253","1,963,540","15,304,108",0,0,"135,880","980,769","10,800,750","520,728,460",0,0,0,0,0,0,0,0,0,0,0,0,"27,980","68,672",0,0,0,0,"10,890,240","507,543,384","10,913,630","534,766,706","5,228,230","4,174,489","5,633,270","5,554,592","5,785,270","65,677,012","5,099,930","50,377,808","4,201,120","34,278,410","1,098,080","16,099,392"
US,9,"1,765,090","207,810","1,490,890","43,250","1,684,560","51,510","1,392,330","350,090","78,430","5,002,400",90,10,0,80,0,"11,130","573,450","1,185,544,059","1,765,090","1,201,854,227","1,525,050","706,674,885","1,610,080","30,061,879","521,970","8,966,348","1,423,810","58,350,715","1,363,170","38,698,109","37,660","217,921","450,090","39,965,106","1,406,320","96,216,305","340,200","26,870,445","302,600","22,756,944","41,480","36,820","344,365","302,980","12,026,306","787,720","171,574,413","373,260","12,168,268","664,600","16,310,168","25,790","7,648","145,010","6,928,950","241,890","4,119,999","31,960","365,399",0,0,"841,760","22,390,394","841,760","21,863,614","214,710","526,786","923,280","58,984,569","20,540","1,595,401","699,240","31,303,783","206,420","760,592","846,140","13,588,625","920,500","9,022,776","920,860","9,109,066","289,880","315,594","755,870","15,764,890","20,830","384,054","52,230","38,474","162,250","3,472,845","813,360","21,097,553","77,950","7,272,596","1,108,930","21,322,791","1,763,720","1,083,111,246","1,763,580","271,348,284","23,430","404,348","14,120","109,130","1,015,740","5,970,700","834,700","4,169,540","166,670","100,319",0,0,0,0,"15,070","20,440","33,510","383,928","68,260","76,238","461,750","5,858,243",0,0,"14,250","110,479","1,741,390","268,755,486",0,0,0,0,0,0,0,0,0,0,0,0,20,30,0,0,0,0,"1,759,240","265,377,474","1,763,400","282,325,731","1,284,700","4,221,668","1,555,100","6,248,231","1,004,640","40,434,875","749,450","26,049,315","397,760","10,025,276","407,330","16,024,033"
US,10,"799,320","98,640","664,400","19,390","761,020","24,230","723,350","112,500","34,480","2,228,020",0,0,0,0,0,"1,460","311,150","2,536,106,785","799,320","2,552,981,251","657,920","751,636,680","773,120","135,197,565","366,230","23,947,010","706,050","204,743,922","679,080","140,968,082","24,060","659,618","215,760","43,415,053","716,340","634,384,042","144,210","15,254,551","124,720","10,637,057","26,140","7,490","71,210","151,490","6,217,242","554,220","622,141,539","268,140","28,435,086","384,130","16,874,466","5,150","1,505","93,590","6,573,228","179,090","3,557,073","16,170","188,462",0,0,"254,470","6,708,140","254,470","6,527,536","74,610","180,607","544,830","157,085,570","3,720","660,492","426,530","90,404,465","110,430","526,500","484,720","14,772,084","543,120","5,336,992","543,300","5,758,058","129,480","241,877","369,690","7,883,621","15,140","319,456","25,770","15,447","203,570","27,699,392","507,870","93,735,335","93,620","20,531,858","610,100","92,073,379","798,460","2,280,871,676","798,450","678,200,177","74,290","1,684,472","4,410","34,566","548,520","24,989,155","489,430","19,381,253","42,620","27,307",0,0,0,0,0,0,"13,240","211,967","19,050","21,942","274,920","7,909,520",0,0,"4,450","35,029","790,020","737,521,648",0,0,0,0,0,0,0,0,0,0,0,0,0,0,0,0,0,0,"796,260","653,211,233","798,640","696,922,040","559,110","6,654,704","745,330","27,271,247","349,610","66,113,094","445,380","105,211,959","136,060","18,642,867","345,780","86,569,092"
AL,0,"2,140,840","957,020","749,890","379,760","2,004,840","61,960","1,172,510","1,366,070","19,270","4,113,410","32,740","19,620",600,"12,520","3,750","411,810","573,580","166,606,057","2,131,250","168,019,624","1,731,690","112,487,086","635,870","2,531,719","53,090","413,487","315,080","3,567,992","286,100","2,412,904","59,650","76,746","425,240","3,891,087","273,080","6,652,870","197,330","4,612,433","445,330","13,259,670","42,800","21,310","72,097","373,820","7,140,231","102,360","12,666,555","91,360","489,351","447,550","1,413,567","49,390","14,808","6,790","188,354","38,790","330,627","24,890","130,107","80,390","63,185","1,952,060","39,052,687","1,952,060","38,197,435","379,540","855,251","161,690","6,871,157","45,950","826,275","128,020","1,366,096","25,180","55,195","125,880","412,153","156,120","1,056,407","156,460","1,089,782","97,400","57,630","113,010","1,402,318","2,000","21,966","4,930","6,322","7,800","171,571","137,740","2,818,921","12,640","519,374","274,810","2,612,761","1,695,370","121,979,677","1,707,990","21,214,964","1,190","22,700","89,150","102,379","826,370","2,013,491","91,600","439,986","91,860","56,062","113,920","120,622","156,330","33,045","575,240","1,152,507","23,760","86,836","34,140","31,144","281,220","907,406","161,580","1,240,737","173,840","1,370,241","2,012,570","23,709,518","433,930","1,355,642","89,230","32,445","171,300","489,748","115,210","529,581","58,200","303,869","391,700","1,196,653","320,910","628,315","101,550","91,079","34,550","33,136","1,442,060","19,201,480","1,585,680","20,585,125","55,780","90,368","66,050","272,518","546,780","2,975,076","1,520,670","6,040,371","1,488,660","5,097,666","39,340","942,705"
AL,1,"27,030","16,490","8,350","1,220","19,350","3,250","15,750","8,120",330,"40,010",370,250,0,110,0,"1,400","12,780","-985,647","17,460","-966,271","4,620","205,417","7,430","42,629",560,"4,570","3,770","24,055","3,400","14,616",280,638,"10,180","-240,428","5,430","79,281","1,540","20,016","2,810","41,957","2,570",120,537,60,191,"3,700","-520,794","3,040","-28,416","3,400","19,376",130,37,20,346,930,"6,130",130,773,450,514,0,0,0,0,0,0,0,0,0,0,0,0,0,0,0,0,0,0,0,0,0,0,0,0,0,0,0,0,0,0,0,0,0,0,0,0,0,0,"2,050","1,191",20,503,"1,970",451,380,179,30,1,0,0,80,17,20,7,210,80,0,0,20,5,"2,060","5,539","5,040","56,370","5,430","58,619","11,980","62,299","1,340","1,944",880,258,230,633,140,587,90,467,820,"1,311",850,"2,276","1,270","1,201","1,820","2,046","1,730","1,013","4,170","7,297",130,150,0,0,"2,840","3,386","11,240","58,325","10,760","49,980",630,"8,345"
AL,2,"197,750","156,760","19,420","18,650","176,900","10,890","95,240","111,670","1,110","202,830","5,460","3,200",20,"2,230","1,050","26,750","47,430","1,044,975","197,730","1,069,401","131,600","838,184","35,480","27,374","1,510","2,596","14,510","24,985","12,950","14,481",550,407,"42,120","60,435","12,320","4,514","10,220","46,129","20,740","106,922","1,730","1,250","4,240","2,070","4,358","2,300","-21,002","3,810",-413,"34,520","24,426",390,103,40,174,"1,970","6,093",380,"1,247","1,490","1,430","195,910","2,708,341","195,910","2,628,688","37,620","79,653","1,820","39,726","1,350","25,547",580,"1,181",870,792,740,"1,651","1,610","3,482","1,630","3,595",610,233,660,"7,183",20,167,30,14,40,163,930,"1,761",70,"1,057",550,116,"3,950","8,504","8,990","2,621",10,119,"6,160","1,708","2,580",504,660,29,60,13,440,101,200,21,980,308,40,11,70,17,"31,350","22,994","18,370","155,097","19,600","163,385","145,060","153,904","64,340","70,907","42,000","17,316","14,570","32,233","5,460","14,437","2,310","6,921","54,970","61,280","18,100","13,362","8,470","7,631","4,020","3,104","7,310","2,118","39,420","26,010",10,15,0,0,"24,530","12,326","134,090","140,118","133,360","138,133",900,"1,985"
AL,3,"409,910","234,770","44,810","122,960","388,160","10,430","224,750","328,610","2,000","699,350","8,520","5,390",70,"3,070","1,510","123,550","84,610","7,116,740","409,910","7,226,389","314,970","5,578,611","56,400","66,506","2,470","5,769","20,960","56,676","18,420","32,991","1,350","1,122","108,710","569,917","17,870","22,241","20,720","164,688","56,730","640,797","3,560","5,300","18,477","47,030","116,238","4,490","-11,259","7,080","9,541","90,330","109,649","2,300",630,80,382,"3,750","11,509","1,670","5,474","4,680","4,266","405,120","7,164,931","405,120","7,026,714","65,320","138,217","4,780","118,668","3,690","69,407","1,970","4,019","2,140","2,441","2,120","4,347","4,430","10,399","4,470","10,950","1,880",917,"1,910","17,877",40,362,60,125,60,267,"3,040","14,515",310,"3,644","23,790","15,029","201,830","927,462","210,030","97,913",0,0,"19,150","6,026","91,340","28,921","1,860",84,"4,190","1,060","18,190","7,822","23,860","4,810","45,910","14,085","1,070",603,840,364,"79,570","142,937","53,530","391,255","57,680","413,675","382,190","1,470,510","198,650","799,674","46,350","14,871","77,780","301,692","49,910","309,473","24,610","173,638","182,010","701,625","132,930","256,137","27,320","25,339","11,640","8,353","135,700","68,996","207,420","216,920",50,63,0,0,"38,300","41,992","357,290","1,294,789","356,030","1,289,876","1,680","4,913"
AL,4,"530,660","277,590","92,770","143,070","497,390","12,780","269,820","386,970","3,240","941,290","10,640","7,040",180,"3,410","1,130","139,580","114,640","19,400,963","530,660","19,549,307","452,710","16,313,199","94,200","123,611","4,270","12,919","36,150","111,731","31,670","68,222","4,260","3,236","83,110","198,255","29,030","54,550","31,120","342,404","89,980","1,589,120","5,810","6,090","18,536","88,400","759,481","8,060","32,520","10,910","3,603","75,120","148,344","6,960","1,943",210,"1,653","4,950","20,907","5,290","19,032","15,650","13,050","512,670","9,500,341","512,670","9,324,740","79,680","175,602","17,980","490,167","12,530","183,337","7,870","17,585","5,040","7,649","7,090","12,266","13,860","38,492","13,940","45,209","6,830","3,943","6,310","57,310",150,"1,352",190,336,190,975,"14,640","155,402","2,540","41,157","45,520","69,591","515,380","9,407,360","513,880","1,024,086",10,87,"33,190","20,083","258,360","286,590","7,280",550,"24,280","15,352","35,970","39,408","96,470","22,147","169,920","191,158","7,650","12,561","5,600","4,311","43,120","113,809","54,820","411,123","56,100","430,963","513,250","2,138,576","155,830","469,524",0,0,"78,720","155,190","52,730","199,698","24,380","114,636","142,230","421,312","130,250","280,288","26,080","23,210","11,720","11,362","365,460","737,496","392,040","862,414",90,181,0,0,"101,740","130,560","424,390","1,404,522","422,040","1,395,610","3,130","8,913"
AL,5,"314,640","144,430","102,650","54,470","296,520","7,840","169,970","203,890","2,660","592,050","4,540","2,600",90,"1,850",60,"58,960","88,040","19,346,309","314,640","19,479,707","266,100","15,213,170","89,850","143,499","5,090","18,480","37,760","153,473","33,740","95,717","7,150","6,264","47,720","284,576","31,050","90,422","28,880","423,983","72,680","1,830,523","5,660","2,960","9,827","68,610","1,242,457","8,970","65,696","11,590","1,951","61,980","133,398","10,360","2,959",250,"2,641","4,040","21,612","4,850","20,867","17,620","14,252","296,550","5,976,936","296,550","5,843,275","60,110","133,661","18,080","492,340","8,650","147,053","13,100","40,510","4,160","7,566","12,540","22,628","17,730","71,628","17,810","78,919","10,150","5,767","11,760","110,779",200,"1,578",320,725,250,"1,212","14,480","126,888","1,350","24,134","37,250","86,618","313,910","12,806,078","313,320","1,506,013",20,186,"14,080","21,216","136,630","289,783","9,740","1,045","13,920","8,496","19,520","24,808","35,780","6,060","101,040","219,024","6,670","21,609","6,470","5,867","28,650","85,521","17,580","138,253","18,380","159,082","307,770","1,710,402","13,780","13,593",0,0,0,0,"6,970","5,386","6,810","8,207","11,670","11,125","30,230","59,457","12,450","11,217","3,460","4,808","281,020","1,216,230","288,880","1,313,994",90,126,20,7,"92,060","190,002","221,670","582,987","218,830","571,671","3,670","11,316"
AL,6,"200,330","63,690","108,970","21,820","189,070","5,000","115,090","116,030","2,100","433,150","1,650",650,70,930,0,"27,670","65,950","17,365,255","200,330","17,477,833","167,340","12,945,814","78,470","155,465","5,510","20,842","36,250","185,677","32,640","119,623","8,270","8,397","34,230","284,394","30,070","119,992","25,400","482,886","57,330","1,857,072","5,280","2,110","7,018","52,940","1,285,863","8,950","104,618","10,980","10,481","44,950","112,578","6,680","1,994",300,"3,441","3,320","21,885","3,270","16,686","12,640","8,214","181,760","4,204,832","181,760","4,102,141","44,580","102,690","18,560","531,273","6,570","117,874","14,520","57,193","3,470","7,345","14,270","27,053","18,360","91,755","18,400","97,875","11,090","5,507","13,350","129,246",200,"1,676",400,940,270,"1,372","15,230","155,029","1,300","25,604","32,200","91,865","200,050","12,543,634","199,780","1,615,282",20,297,"6,440","15,058","87,610","239,542","10,320","1,414","11,080","6,807","12,720","15,132",0,0,"70,140","188,884","3,680","18,435","5,420","5,055","22,410","75,042","6,690","51,751","7,700","67,199","197,010","1,666,182",0,0,0,0,0,0,0,0,0,0,0,0,"6,250","11,161","7,930","6,722","1,140","1,878","193,070","1,375,740","195,100","1,462,354",110,92,0,0,"73,470","204,631","126,360","404,681","123,520","392,198","3,500","12,482"
AL,7,"337,310","51,910","264,620","15,350","320,160","8,330","196,140","173,350","4,970","862,940","1,430",450,140,830,0,"30,370","113,760","46,273,164","337,310","46,583,883","288,010","33,978,472","178,910","477,403","15,800","75,353","96,290","724,672","87,960","490,619","25,610","32,722","66,680","883,730","82,170","614,575","54,040","1,608,569","108,070","4,704,502","12,150","2,880","10,927","86,160","2,677,857","27,230","663,424","25,660","101,146","96,180","310,719","18,380","5,892","1,420","22,715","7,920","69,821","6,890","41,556","27,870","21,459","287,140","7,513,086","287,140","7,337,596","71,910","175,490","50,170","1,723,530","10,540","205,007","43,360","264,936","6,070","16,500","42,990","103,870","49,920","362,896","50,000","370,679","33,090","17,016","39,950","463,763",560,"4,384","1,520","2,471","1,310","9,142","43,120","582,096","3,040","84,794","76,920","323,783","337,110","36,718,771","336,830","5,280,387",130,"2,138","6,500","25,017","177,170","522,918","30,730","6,539","28,480","18,237","27,010","33,334",0,0,"142,570","411,328","4,000","26,952","11,360","10,948","45,920","191,632","5,550","36,888","7,240","62,008","333,580","5,151,663",0,0,0,0,0,0,0,0,0,0,0,0,"2,090","5,133","18,020","15,759",750,"1,585","334,770","4,757,469","335,530","4,985,488","3,390","1,067","1,220",408,"144,800","635,323","191,810","789,052","183,460","728,898","10,490","60,154"
AL,8,"102,970","9,480","90,570","1,920","97,920","2,840","67,690","33,940","2,320","284,590",130,40,20,80,0,"3,420","37,820","28,835,057","102,970","29,149,500","89,280","18,879,972","76,320","464,203","12,000","100,914","53,810","866,930","50,410","604,367","10,880","17,389","25,680","1,038,878","49,410","1,205,394","21,160","1,170,599","33,000","2,167,896","4,540",570,"2,222","23,940","868,994","25,060","2,044,014","12,700","158,004","31,040","314,443","3,980","1,192","2,700","78,656","7,350","97,583","1,870","18,064",0,0,"65,860","1,792,407","65,860","1,748,413","17,920","43,994","37,110","1,691,817","2,490","68,281","34,430","407,300","2,480","9,367","33,960","130,438","37,040","348,754","37,050","350,010","25,550","16,235","29,990","444,222",500,"5,542","1,650","1,432","2,540","23,076","33,770","673,733","2,270","124,170","44,580","518,654","102,930","24,835,938","102,910","4,642,712",190,"4,005","1,480","11,117","61,790","170,918","22,150","13,898","8,840","5,452",0,0,0,0,"44,320","127,424",560,"5,634","3,860","4,007","21,020","164,452",0,0,"1,530","13,588","101,760","4,496,968",0,0,0,0,0,0,0,0,0,0,0,0,200,501,0,0,0,0,"102,810","4,471,794","102,900","4,735,314","38,910","27,587","46,800","46,404","58,110","695,653","44,600","443,412","36,660","306,607","9,490","136,805"
AL,9,"13,670","1,230","12,080",200,"13,070",400,"11,890","2,640",370,"39,030",0,0,0,0,0,100,"5,540","9,198,596","13,670","9,337,279","11,550","4,493,975","12,480","246,182","3,290","56,182","10,060","435,120","9,580","306,232",800,"2,561","4,570","400,620","10,060","808,874","2,940","248,557","2,830","237,172",930,30,313,"3,060","121,843","8,240","2,078,746","3,220","77,332","6,430","138,683",160,48,"1,170","49,697","2,730","44,638",350,"4,073",0,0,"5,360","146,030","5,360","141,598","1,790","4,432","8,310","597,856",110,"7,854","7,660","193,464",610,"2,356","7,720","53,280","8,300","81,111","8,300","81,580","5,420","4,821","6,240","117,827",210,"3,883",520,212,"1,520","24,658","7,810","293,866",840,"67,630","8,750","270,186","13,660","8,185,725","13,650","2,005,700",170,"2,899",140,"1,415","6,530","20,936","5,340","9,369",810,513,0,0,0,0,160,216,50,684,390,432,"4,640","55,589",0,0,140,"1,434","13,470","1,958,575",0,0,0,0,0,0,0,0,0,0,0,0,0,0,0,0,0,0,"13,650","1,984,764","13,660","2,119,864","8,840","26,347","11,950","48,535","7,780","371,123","5,820","201,861","3,010","85,570","3,220","116,291"
AL,10,"6,570",680,"5,670",90,"6,300",200,"6,180",850,180,"18,160",0,0,0,0,0,10,"3,010","19,010,645","6,570","19,112,596","5,520","4,040,272","6,340","784,847","2,600","115,862","5,530","984,673","5,320","666,036",500,"4,010","2,240","410,710","5,680","3,653,027","1,310","104,602","1,170","83,709",580,0,0,"1,550","62,949","5,370","8,230,592","2,380","156,122","3,600","101,951",40,10,600,"28,649","1,830","30,449",190,"2,335",0,0,"1,690","45,783","1,690","44,270",610,"1,512","4,880","1,185,780",20,"1,915","4,530","379,908",340,"1,179","4,460","56,620","4,870","47,890","4,870","50,965","2,790","3,191","2,830","54,111",130,"3,022",250,67,"1,630","110,706","4,730","815,631",910,"147,184","5,250","1,236,919","6,560","16,546,205","6,560","5,039,059",620,"12,466",40,288,"3,980","453,200","3,480","407,057",200,132,0,0,0,0,0,0,30,347,120,138,"2,500","49,891",0,0,40,288,"6,510","4,900,439",0,0,0,0,0,0,0,0,0,0,0,0,0,0,0,0,0,0,"6,550","4,585,860","6,570","4,855,470","4,160","34,740","6,070","177,164","3,150","690,080","3,390","720,624","1,010","139,123","2,620","581,501"
AK,0,"347,930","180,870","121,110","35,810","323,920","10,370","140,590","207,520","5,710","635,010","12,600","7,170",60,"5,370","2,170","45,650","85,180","31,340,275","347,100","31,622,635","283,860","20,923,002","109,130","373,528","12,290","81,620","77,440","651,747","66,180","417,961",550,802,"59,750","923,178","59,220","1,045,026","30,010","933,577","66,740","2,778,603","1,410","10,540","40,388","49,660","1,007,836","20,030","2,166,875","25,440","197,593","72,990","282,360","7,040","2,153","1,970","49,998","7,420","63,934","5,260","26,539","13,440","9,435","325,510","6,249,104","325,510","6,121,858","57,730","127,246","18,850","788,062","4,150","113,156","5,410","17,138","4,390","7,256","16,440","119,152","17,660","112,411","17,740","114,158","2,970","2,068","14,520","215,812",380,"3,508","1,140","1,485",920,"16,348","13,290","249,242",800,"70,882","60,220","488,748","302,360","24,373,853","304,660","4,234,323",250,"3,519","7,610","16,512","128,790","281,143","23,690","14,346","10,040","6,569","13,950","13,014","20,660","4,332","85,010","219,402","1,380","5,722","4,350","3,938","45,160","177,994","13,190","139,432","14,230","155,076","323,630","4,640,841","39,490","93,594","11,510","3,872","12,300","29,756","8,550","30,871","7,120","29,096","34,310","82,657","29,840","61,348","8,820","7,380","4,500","7,875","275,360","3,953,181","288,590","4,212,723","12,370","16,104","14,570","39,807","101,810","533,125","234,510","949,537","226,830","750,179","9,530","199,359"
AK,1,"3,530","2,220","1,010",150,"2,520",360,"2,060","1,020",90,"5,220",40,20,0,20,0,100,"1,520","-216,849","2,710","-211,478",910,"42,585","1,250","4,787",90,596,740,"4,606",640,"2,959",0,0,"1,720","-66,950",930,"12,577",170,"3,517",390,"8,115",80,30,274,0,0,710,"-99,768",710,"-7,421",620,"5,371",20,5,0,0,130,983,20,114,90,94,0,0,0,0,0,0,0,0,0,0,0,0,0,0,0,0,0,0,0,0,0,0,0,0,0,0,0,0,0,0,0,0,0,0,0,0,0,0,280,549,10,175,40,25,170,30,10,0,0,0,0,0,10,3,140,10,0,0,0,0,350,992,260,"3,786",280,"3,745","1,590","15,254",210,274,140,47,40,103,20,88,10,37,130,168,120,347,70,69,150,338,110,520,520,"1,996",30,17,0,0,300,"1,124","1,480","14,373","1,370","11,514",150,"2,859"
AK,2,"36,170","30,970","2,160","2,320","31,860","2,050","12,060","14,760",230,"31,010","4,130","2,820",0,"1,310",820,"2,700","6,900","169,496","36,160","172,997","20,820","107,057","5,890","3,215",270,421,"5,000","10,189","4,040","7,595",20,102,"4,650","8,472","2,320",686,810,"3,153","1,780","9,173",60,680,"1,834",270,650,360,"-4,260",650,-422,"4,180","3,501",40,9,20,128,220,756,80,339,270,223,"35,910","405,221","35,910","394,164","5,420","11,057",250,"5,429",180,"3,365",20,22,40,28,120,605,160,604,160,611,10,10,110,"1,232",0,0,0,0,0,0,90,125,10,55,860,101,"11,800","12,957","12,890","1,183",0,0,130,36,"1,550",53,370,5,20,0,90,8,40,2,"1,010",35,0,0,0,0,"3,700","2,358",580,"7,054",610,"7,238","22,190","20,043","8,580","7,652","5,500","1,998","1,700","2,840",800,"1,589",590,"1,225","7,520","6,819","2,290","1,549",670,583,240,309,"11,720","1,130","15,000","3,602",0,0,0,0,"10,450","1,830","18,610","18,260","18,410","17,563",240,697
AK,3,"42,990","32,340","3,810","5,640","39,840","1,290","14,940","31,710",410,"56,910","2,530","1,520",10,"1,000",800,"7,760","7,870","743,937","42,990","753,057","34,770","557,401","6,900","7,049",410,"1,411","5,080","13,323","3,890","8,253",20,9,"7,540","48,138","2,960","3,944","1,630","13,385","4,650","52,551",120,"1,850","6,602","3,680","9,789",770,"-2,235","1,310",80,"7,490","9,120",170,45,30,295,390,"1,062",300,981,660,509,"42,580","682,147","42,580","670,287","5,810","11,860",400,"11,015",270,"5,801",50,44,110,104,260,"1,518",320,"1,444",320,"1,469",60,65,210,"2,478",0,0,20,3,0,0,220,896,20,172,"3,200","2,034","26,860","130,378","28,180","12,989",0,0,260,77,"8,930","2,346",480,18,170,32,"1,810",857,"2,930",613,"3,730",789,30,13,60,19,"6,310","10,210","1,390","14,833","1,440","14,796","39,520","98,597","13,670","39,489","5,870","1,827","3,910","14,616","2,220","12,556","1,670","10,490","11,520","35,140","7,280","12,858","1,680","1,462",670,747,"21,650","10,643","26,060","21,311",0,0,0,0,"5,420","5,845","35,930","83,025","35,660","81,768",350,"1,256"
AK,4,"72,110","47,930","10,270","10,930","68,260","1,560","23,940","51,710",940,"114,010","2,660","1,380",20,"1,250",500,"13,890","11,870","2,687,488","72,110","2,709,772","63,290","2,222,829","12,380","13,987",860,"2,848","8,850","23,663","6,940","13,821",60,98,"9,770","95,760","5,850","9,186","2,930","36,184","8,510","160,231",140,"2,640","9,431","7,860","65,399","1,430","2,490","2,370",940,"12,030","22,284",560,150,110,"1,122",710,"2,345","1,160","3,937","2,570","1,813","70,930","1,212,341","70,930","1,195,271","8,200","17,070","1,170","32,487",600,"14,027",250,224,300,300,800,"4,057",980,"4,252",990,"4,341",160,157,700,"8,481",30,272,50,69,30,183,640,"4,382",40,636,"8,500","13,996","70,740","1,435,856","70,540","155,360",0,0,"1,690",914,"29,310","29,151","1,860",151,"1,210",689,"3,700","3,802","12,540","2,778","16,140","21,178",170,189,310,221,"7,530","19,399","3,940","38,928","3,950","39,013","69,910","282,373","14,580","43,569",0,0,"6,650","12,197","4,500","15,832","3,430","15,540","13,030","38,369","12,740","29,140","2,210","1,816","1,460","1,911","56,590","126,209","59,620","147,219",20,17,10,3,"15,660","19,675","55,900","154,459","55,360","151,249",710,"3,211"
AK,5,"54,370","30,440","13,840","7,840","51,260","1,260","20,270","36,760",830,"97,840","1,560",710,10,840,60,"9,120","12,470","3,353,740","54,370","3,379,640","46,820","2,649,812","14,330","21,125","1,210","3,641","9,830","31,977","8,030","19,166",60,103,"7,900","92,361","6,840","17,791","3,730","56,195","9,820","283,271",140,"1,780","7,040","8,190","132,881","1,660","16,722","3,270","1,617","11,410","25,900","1,220",342,150,"1,596",790,"3,237","1,170","5,054","3,240","2,313","52,440","983,449","52,440","965,434","8,570","18,015","1,920","54,780",700,"17,688",490,599,420,562,"1,520","7,928","1,730","8,276","1,740","8,325",310,223,"1,380","17,391",50,495,80,131,40,197,"1,120","9,521",50,"1,014","7,980","20,489","54,280","2,298,930","54,190","272,548",20,121,"1,920","2,305","21,340","44,441","2,580",236,"1,350",825,"2,810","2,834","5,140",936,"15,260","38,199",210,434,580,483,"5,860","19,574","3,170","31,356","3,160","32,744","53,260","332,038","2,450","2,610",0,0,0,0,"1,020",806,"1,430","1,804","2,100","2,161","5,290","12,595","1,410","1,153",950,"1,752","48,750","228,107","50,140","249,873",10,16,0,0,"14,430","29,275","39,780","110,868","39,170","108,048",780,"2,820"
AK,6,"38,240","16,900","15,900","4,210","35,940",880,"16,090","23,050",690,"77,560",840,360,10,480,0,"5,000","10,920","3,321,628","38,240","3,344,134","32,160","2,485,199","13,620","23,747","1,310","4,466","8,970","35,753","7,650","20,837",70,88,"6,320","82,799","6,820","23,441","3,880","75,069","9,300","355,079",140,"1,250","5,547","7,560","164,055","1,750","26,564","3,380","4,567","8,850","22,506","1,230",361,130,"1,898",730,"3,580",710,"3,625","2,270","1,252","36,040","757,011","36,040","740,308","7,600","16,703","2,200","62,628",620,"16,560",540,"1,040",510,628,"1,860","9,895","2,030","10,534","2,030","10,553",360,247,"1,710","21,467",40,418,80,126,40,251,"1,380","12,058",60,"1,067","7,260","22,051","38,190","2,482,226","38,160","334,240",0,0,"1,190","2,335","15,440","41,896","2,740",322,"1,210",797,"1,740","1,666",0,0,"11,900","37,286",160,504,590,496,"4,700","16,972","1,760","19,579","1,800","21,156","37,690","366,700",0,0,0,0,0,0,0,0,0,0,0,0,"1,490","3,217",820,658,490,"1,139","36,640","292,344","37,120","311,451",20,20,0,0,"12,700","35,063","25,440","89,630","24,770","83,089",850,"6,541"
AK,7,"72,120","16,580","50,210","4,020","67,590","2,030","33,660","38,740","1,630","176,920",780,340,0,440,0,"6,290","23,480","10,028,423","72,120","10,096,868","60,870","7,143,151","34,490","83,772","4,140","18,491","23,580","141,591","20,780","85,311",190,177,"14,740","250,645","19,220","136,448","10,960","345,309","22,810","1,191,979",430,"1,950","8,211","16,110","434,554","5,570","145,309","8,480","40,539","19,330","68,445","2,850",943,590,"9,186","1,890","12,480","1,410","8,380","4,340","3,231","65,640","1,623,194","65,640","1,584,721","16,330","38,472","6,480","216,911","1,300","36,717","1,870","3,029","1,540","2,466","5,850","34,927","6,180","37,402","6,210","37,578","1,090",774,"5,310","75,747",120,967,340,662,160,"1,562","4,520","57,551",210,"6,046","18,890","82,515","72,080","8,107,337","72,040","1,215,237",30,263,"1,770","5,735","35,980","107,312","8,380","1,582","4,070","2,825","3,810","3,847",0,0,"27,380","91,494",490,"2,256","1,870","1,762","10,770","49,387","2,100","23,896","2,320","28,435","71,370","1,234,045",0,0,0,0,0,0,0,0,0,0,0,0,570,"1,526","1,950","1,639",540,"1,679","71,510","1,107,925","71,730","1,165,981",960,251,290,88,"28,410","128,934","43,530","194,503","41,400","176,675","2,690","17,828"
AK,8,"24,460","2,970","20,660",610,"22,910",830,"14,250","9,030",730,"65,130",70,30,0,40,0,780,"8,540","6,808,021","24,460","6,877,976","20,910","4,312,877","16,660","88,143","2,880","22,322","12,410","175,974","11,380","111,723",110,174,"6,000","249,485","11,280","285,886","5,080","316,862","8,510","642,200",240,340,"1,388","5,170","168,473","5,280","474,457","3,970","65,995","7,180","69,955",900,286,650,"18,953","1,580","19,728",310,"2,988",0,0,"19,720","526,112","19,720","513,769","5,100","12,343","4,740","205,535",450,"15,637","1,600","5,719","1,120","2,339","4,430","37,439","4,620","35,180","4,630","35,445",810,458,"3,900","65,823",110,896,400,348,320,"3,250","3,820","72,523",240,"9,481","10,760","124,093","24,460","5,953,053","24,450","1,132,736",70,789,520,"3,940","13,980","42,334","5,500","4,115","1,820","1,259",0,0,0,0,"9,420","30,360",260,"1,727",830,829,"4,760","38,978",0,0,570,"6,802","24,210","1,123,084",0,0,0,0,0,0,0,0,0,0,0,0,50,116,0,0,0,0,"24,440","1,090,402","24,450","1,154,365","8,960","6,269","10,760","10,766","12,510","152,990","11,850","118,541","9,820","79,145","2,470","39,396"
AK,9,"2,870",380,"2,370",90,"2,720",90,"2,310",610,110,"7,620",0,0,0,0,0,20,"1,120","1,915,583","2,870","1,944,459","2,430","876,804","2,570","42,306",710,"11,334","2,110","84,047","2,010","56,166",10,25,800,"85,913","2,110","156,632",610,"62,856",730,"59,414",40,10,61,570,"22,024","1,630","485,645",840,"37,436","1,270","28,876",40,12,200,"8,129",620,"11,659",60,679,0,0,"1,730","45,726","1,730","44,466",520,"1,261","1,140","72,367",40,"3,361",390,"1,917",260,608,"1,070","13,240","1,100","9,701","1,110","9,862",120,108,860,"16,041",20,250,120,87,170,"3,324",990,"32,683",90,"6,081","1,890","65,976","2,860","1,731,350","2,860","432,921",30,538,80,861,"1,420","6,227","1,180","3,455",160,109,0,0,0,0,40,51,50,465,90,98,790,"10,259",0,0,80,863,"2,830","441,351",0,0,0,0,0,0,0,0,0,0,0,0,0,0,0,0,0,0,"2,860","426,694","2,870","453,161","1,710","4,831","2,510","10,489","1,480","66,651","1,360","53,056",680,"20,874",800,"32,183"
AK,10,"1,080",150,890,20,"1,020",40,"1,010",150,50,"2,800",0,0,0,0,0,0,500,"2,528,808","1,080","2,555,210",890,"525,287","1,040","85,397",410,"16,090",870,"130,624",830,"92,130",10,26,310,"76,555",890,"398,435",210,"21,047",230,"16,590",20,0,0,260,"10,011",880,"1,121,951",470,"54,262",620,"26,402",0,0,100,"8,691",360,"8,104",40,442,0,0,530,"13,903",530,"13,438",200,465,560,"126,910",0,0,200,"4,544",100,221,530,"9,543",550,"5,018",550,"5,974",40,26,340,"7,152",10,210,60,59,160,"7,581",500,"59,503",80,"46,330",870,"157,493","1,080","2,221,766","1,080","676,560",80,"1,633",20,284,670,"7,353",600,"4,462",40,33,0,0,0,0,0,0,20,134,30,30,400,"9,865",0,0,20,284,"1,070","727,356",0,0,0,0,0,0,0,0,0,0,0,0,0,0,0,0,0,0,"1,080","669,207","1,080","703,764",660,"4,683","1,000","18,461",450,"91,738",630,"112,822",190,"20,254",490,"92,568"
AZ,0,"3,391,030","1,696,820","1,152,500","481,360","3,168,830","113,910","1,561,560","2,043,470","45,090","6,302,550","75,990","40,630","2,120","33,250","8,050","451,440","947,980","303,176,008","3,371,600","305,744,936","2,667,450","196,687,253","998,070","5,499,071","129,390","1,177,662","653,910","9,016,766","594,780","5,443,125","102,370","141,540","604,770","7,411,839","600,600","20,265,089","376,630","10,487,874","665,340","20,712,198","9,120","55,670","282,782","590,180","12,258,748","190,970","19,881,843","164,830","1,302,099","705,300","2,568,928","68,780","20,409","14,300","429,929","73,180","578,894","44,940","236,964","135,280","93,304","3,046,650","60,030,884","3,046,650","58,612,626","626,950","1,418,258","292,510","13,382,251","99,850","2,077,604","219,910","2,254,076","66,410","169,386","250,350","1,078,171","290,210","1,911,438","290,610","1,940,707","150,830","131,852","225,180","3,529,718","5,170","59,928","15,090","23,260","16,900","520,933","231,450","3,638,666","23,890","1,569,866","538,630","4,421,250","2,794,310","233,047,486","2,791,020","42,510,041","2,840","49,078","76,330","115,633","1,299,610","3,009,120","223,860","322,151","98,720","59,149","162,340","154,879","218,220","43,599","834,060","1,825,443","58,820","305,494","53,170","46,895","428,800","1,501,657","118,200","753,640","130,270","852,687","3,150,540","45,957,727","517,580","1,430,446","124,530","44,696","185,790","487,417","127,580","528,897","79,680","369,437","450,550","1,220,630","394,580","797,728","122,790","99,862","38,520","43,444","2,434,570","39,500,719","2,631,340","42,067,111","123,390","225,027","138,530","650,839","973,650","5,637,383","2,274,570","9,411,559","2,211,040","7,219,310","79,850","2,192,250"
AZ,1,"51,780","34,490","13,680","2,330","33,300","8,930","26,110","13,920","1,000","74,490",560,340,0,220,10,"1,780","24,560","-3,453,520","32,360","-3,393,446","8,940","425,831","13,520","86,934","1,430","15,706","8,690","63,368","7,600","29,772",510,828,"18,040","-658,522","13,180","185,794","2,660","43,888","3,950","55,189",690,280,"2,020",100,261,"7,960","-1,112,465","5,730","-136,087","6,670","60,074",190,52,70,"1,453","1,730","10,017",270,"1,483","1,150","1,208",0,0,0,0,0,0,0,0,0,0,0,0,0,0,0,0,0,0,0,0,0,0,0,0,0,0,0,0,0,0,0,0,0,0,0,0,0,0,"1,240","2,339",60,"1,723","1,130",304,320,241,30,11,0,0,40,16,20,9,140,84,30,29,0,0,"3,790","10,162","4,120","35,646","4,320","34,263","20,640","134,133","2,700","3,950","1,740",497,480,"1,301",290,"1,234",190,919,"1,770","2,870","1,810","5,110","1,730","1,565","2,380","3,479",970,"2,098","5,580","15,201",270,327,0,0,"3,360","8,183","19,410","126,892","18,530","101,881","1,120","25,011"
AZ,2,"275,830","219,740","32,040","20,480","247,760","13,880","106,750","146,260","2,200","301,850","18,680","9,310",100,"9,270","2,130","26,530","87,290","1,420,143","275,820","1,459,693","159,950","1,051,952","56,320","49,634","3,660","5,834","29,200","54,652","25,350","26,623",920,"1,121","58,470","136,024","25,810","-10,174","18,630","77,937","34,880","161,990",450,"2,280","11,335","3,930","6,632","4,400","-31,128","6,290","-1,164","49,270","39,550",600,155,100,569,"3,090","9,368",760,"2,562","2,530","1,998","271,850","4,002,898","271,850","3,850,898","71,780","152,000","3,940","102,754","3,150","57,753",930,"2,685","2,280","2,273","2,530","7,957","3,680","11,832","3,690","12,103","1,260",734,"2,130","26,172",40,440,140,210,120,587,"2,230","3,193",160,"1,250",700,142,"4,270","9,186","6,720","2,479",20,520,"3,450","1,122","1,760",297,710,40,20,7,210,42,120,23,350,130,60,26,50,15,"44,920","33,535","10,540","72,537","11,010","72,922","190,420","196,341","85,720","85,301","59,390","23,823","16,450","35,091","6,510","16,552","3,370","9,835","70,000","72,224","21,490","16,187","8,980","7,701","4,350","3,718","5,820","2,185","52,760","36,464",20,21,10,1,"34,830","18,697","172,970","178,047","171,870","174,282","1,380","3,765"
AZ,3,"533,150","355,880","63,940","105,860","494,510","19,030","220,710","400,220","3,870","807,520","16,890","9,390",230,"7,280","2,900","106,250","120,580","9,304,192","533,150","9,453,724","392,070","6,874,710","81,170","117,236","6,360","13,960","43,790","138,992","38,740","68,078","2,030","1,569","124,930","951,465","39,900","22,504","36,470","303,351","72,460","773,437","1,330","12,330","66,074","66,270","169,292","8,770","-5,921","11,600","26,156","114,130","149,532","3,010",788,280,"2,294","5,750","17,647","2,670","8,977","7,620","5,785","524,210","8,989,789","524,210","8,790,042","93,540","199,747","8,910","237,927","7,050","125,904","2,700","5,819","5,180","5,949","5,730","17,206","8,530","27,329","8,560","28,091","3,270","2,147","4,700","55,286",90,640,300,368,240,"1,145","5,610","18,202",530,"6,409","36,900","23,559","285,910","1,405,031","285,080","141,503",0,0,"7,890","3,021","102,430","32,421","4,840",227,"2,660",637,"24,570","11,241","31,110","6,243","42,060","13,021","1,170",603,840,322,"100,070","190,480","25,510","161,079","26,080","159,938","479,980","1,421,045","198,820","707,855","63,400","20,376","69,950","269,403","42,260","257,779","23,210","160,297","174,780","594,468","125,690","239,865","26,550","22,022","10,980","9,344","210,160","109,085","294,180","304,110",90,139,0,0,"63,530","74,366","441,150","1,189,852","439,170","1,182,435","2,720","7,417"
AZ,4,"838,420","505,670","134,060","181,420","791,980","23,890","341,470","600,890","6,820","1,419,140","21,800","13,380",570,"7,850","2,740","158,270","167,690","31,097,787","838,420","31,345,158","714,650","25,889,961","132,830","213,116","10,740","32,160","72,470","263,702","64,510","134,312","6,300","4,941","114,020","946,785","65,100","91,013","53,920","648,729","115,130","1,920,755","1,570","17,800","88,654","121,140","1,078,457","15,700","50,606","18,420","35,744","127,720","247,371","10,650","2,903",640,"6,101","8,970","35,431","9,190","34,198","28,010","18,930","815,030","14,561,863","815,030","14,306,895","115,810","254,969","23,380","657,346","16,030","298,242","11,570","18,779","10,410","15,919","15,740","43,570","22,860","77,710","22,940","80,922","10,400","7,672","13,650","165,698",350,"3,484",820,"1,315",440,"2,326","16,350","77,596","1,690","25,083","88,720","137,842","815,110","15,848,238","811,260","1,716,245",20,150,"26,120","18,082","377,060","414,297","19,240","1,795","22,290","13,098","54,340","54,181","137,470","28,849","235,940","295,247","9,370","14,398","5,250","3,786","75,900","213,589","42,530","254,869","43,100","265,775","803,010","3,056,281","208,170","611,500",0,0,"98,910","181,622","68,600","246,015","40,660","183,863","185,310","533,470","176,750","387,165","35,520","28,261","13,000","14,170","612,850","1,301,949","653,170","1,529,747",200,707,0,0,"181,090","235,123","646,480","1,756,633","642,460","1,740,081","5,510","16,553"
AZ,5,"538,680","288,020","145,380","91,420","509,310","14,930","235,460","343,570","6,300","973,520","10,520","5,680",400,"4,440",270,"77,820","142,180","33,063,673","538,680","33,303,268","451,880","25,984,474","134,500","261,292","13,260","52,403","79,590","358,138","71,620","187,481","11,270","10,184","72,820","714,034","70,060","157,944","53,870","871,088","107,250","2,628,859","1,020","8,030","40,701","104,570","1,937,762","16,510","164,795","19,970","41,068","109,260","239,595","16,780","4,746",810,"10,146","7,850","39,397","9,440","40,685","34,730","24,402","505,750","9,745,169","505,750","9,531,264","96,630","213,904","32,930","960,301","17,970","349,430","20,890","43,216","10,990","22,052","25,600","70,445","32,530","132,243","32,600","136,785","16,510","11,654","23,040","292,815",600,"6,385","1,360","2,884",660,"4,636","23,560","127,903","2,270","38,719","74,890","175,848","537,160","22,220,039","535,970","2,614,356",40,482,"16,210","23,887","224,060","466,992","26,050","3,305","15,440","9,158","29,770","32,665","49,500","8,475","157,850","357,152","12,850","39,907","7,940","6,737","47,760","155,755","19,070","128,258","21,360","148,998","523,450","2,874,222","22,180","21,840",0,0,0,0,"9,930","7,317","12,260","14,523","18,690","17,598","49,400","104,113","17,150","13,999","4,750","6,992","479,390","2,147,365","492,600","2,321,317",160,161,10,21,"165,550","334,224","370,670","880,963","365,370","855,583","7,010","25,380"
AZ,6,"336,290","134,050","155,750","39,430","317,450","9,810","164,310","183,420","4,930","693,560","4,010","1,490",280,"2,240",0,"34,830","110,820","29,138,114","336,290","29,333,907","272,310","21,249,537","118,610","282,178","13,300","54,529","75,470","414,812","68,300","224,015","14,200","15,328","52,540","605,714","66,550","223,549","48,960","1,034,613","90,220","2,911,502",840,"4,950","23,966","85,080","2,104,263","16,390","250,636","19,420","49,242","73,220","195,793","8,890","2,666",760,"10,046","6,580","39,346","5,840","30,182","21,540","11,973","302,460","6,648,619","302,460","6,476,575","75,240","172,044","33,820","1,029,023","15,060","303,745","23,960","65,176","9,160","21,394","28,530","81,078","33,550","162,403","33,600","166,032","18,300","13,082","25,850","341,076",570,"5,524","1,550","3,211",690,"4,409","25,260","153,431","2,390","50,980","63,400","182,768","335,670","21,296,069","335,140","2,800,053",50,403,"9,020","19,649","147,280","398,386","26,150","4,599","11,250","6,849","18,020","18,620",0,0,"107,440","296,107","10,610","50,701","7,830","6,786","35,380","128,336","9,230","59,649","10,760","78,424","328,670","2,810,826",0,0,0,0,0,0,0,0,0,0,0,0,"12,780","27,183","10,800","8,403","1,810","3,166","318,850","2,401,668","323,460","2,548,991",250,188,10,5,"134,650","368,344","200,300","623,390","194,880","596,366","6,990","27,024"
AZ,7,"567,820","125,420","402,070","32,800","537,510","16,260","297,930","274,510","11,530","1,373,330","3,270",960,470,"1,840",0,"39,880","203,460","78,260,266","567,820","78,828,038","460,340","54,655,437","276,500","925,826","38,150","207,257","193,160","1,607,292","176,970","952,774","44,950","64,564","104,980","1,666,407","172,660","1,150,845","108,970","3,722,446","176,150","7,881,748","1,800","7,640","36,984","152,150","4,852,677","49,230","1,412,376","46,020","290,084","149,070","567,772","22,590","7,244","3,290","62,684","16,970","132,516","12,160","74,004","39,700","29,008","474,190","11,989,307","474,190","11,669,076","131,000","320,231","93,630","3,297,764","30,310","642,751","75,060","320,229","17,700","54,666","84,140","287,611","93,310","618,103","93,430","623,614","54,010","42,805","76,840","1,138,927","1,630","16,164","4,940","8,532","3,110","24,684","75,020","649,506","7,060","192,878","151,370","639,925","567,320","62,349,956","566,810","9,180,078",220,"2,319","9,830","33,121","296,360","915,384","73,020","21,681","30,620","19,169","35,380","38,114",0,0,"210,760","628,475","18,110","127,164","20,140","18,348","72,030","323,243","7,220","41,602","10,900","73,943","558,930","8,880,847",0,0,0,0,0,0,0,0,0,0,0,0,"6,160","16,841","22,060","17,911","1,250","2,575","558,120","8,264,694","560,800","8,647,077","7,170","2,146","1,830",644,"258,000","1,139,149","308,100","1,352,020","291,240","1,219,268","21,630","132,752"
AZ,8,"204,990","27,490","169,380","6,310","195,100","5,760","130,840","72,370","6,580","541,620",270,80,60,120,0,"5,860","73,460","58,519,083","204,990","59,097,721","171,300","38,127,537","144,680","1,057,141","28,830","286,473","117,250","2,079,397","109,320","1,280,256","20,340","34,193","46,630","1,644,057","112,170","2,726,920","44,360","2,875,318","56,970","3,692,412",970,"2,140","11,666","47,240","1,729,727","46,470","3,848,080","26,040","407,370","56,860","578,638","5,740","1,749","5,060","160,327","14,010","164,849","3,590","33,039",0,0,"135,120","3,613,228","135,120","3,521,975","37,150","91,253","69,870","3,252,917","9,670","262,309","61,430","558,790","8,140","35,570","64,830","316,154","69,760","628,458","69,800","632,269","37,740","38,997","59,300","1,088,225","1,260","14,726","4,360","5,284","5,230","69,607","59,890","842,369","6,100","327,730","93,280","933,828","204,870","50,736,364","204,800","9,659,629",470,"5,976","2,320","13,734","125,900","415,869","53,370","48,513","14,570","9,021",0,0,0,0,"79,240","234,787","5,470","56,149","9,520","9,266","36,160","255,443",0,0,"2,370","15,740","202,090","9,405,604",0,0,0,0,0,0,0,0,0,0,0,0,490,"1,264",0,0,0,0,"204,450","9,243,760","204,780","9,722,413","87,310","66,750","98,250","110,117","109,760","1,335,451","94,520","992,324","77,910","684,263","20,320","308,061"
AZ,9,"29,880","3,990","24,670",940,"28,450",940,"24,850","6,140","1,260","80,510",0,0,0,0,0,170,"11,670","20,029,953","29,880","20,293,313","24,610","10,218,802","26,480","599,894","8,030","168,285","22,540","1,076,110","21,300","655,259","1,280","4,123","8,200","671,365","22,950","2,057,339","6,190","581,577","5,980","466,279",250,180,"1,209","6,490","251,697","15,220","3,575,994","6,670","202,025","12,020","263,360",300,92,"2,110","101,929","4,850","74,180",650,"7,497",0,0,"13,570","362,078","13,570","351,640","4,270","10,438","16,310","1,203,751",530,"29,050","14,580","326,827","1,670","6,976","14,880","122,365","16,290","158,365","16,300","160,222","6,540","9,055","13,180","278,608",360,"7,021","1,100","1,105","3,020","69,613","14,580","421,478","1,860","235,788","18,640","453,820","29,850","18,018,029","29,850","4,446,531",390,"5,383",280,"2,159","15,750","79,679","12,850","41,935","1,520",972,0,0,0,0,280,440,830,"10,942","1,240","1,248","8,040","92,208",0,0,280,"2,119","29,380","4,410,284",0,0,0,0,0,0,0,0,0,0,0,0,0,0,0,0,0,0,"29,810","4,366,641","29,860","4,649,034","19,130","59,430","25,550","120,981","16,570","758,680","13,150","503,177","6,990","200,770","7,220","302,407"
AZ,10,"14,180","2,060","11,540",380,"13,450",490,"13,150","2,180",600,"37,020",0,0,0,0,0,40,"6,270","45,796,317","14,180","46,023,560","11,410","12,209,012","13,460","1,905,820","5,630","341,055","11,760","2,960,303","11,080","1,884,555",580,"4,689","4,140","734,510","12,230","13,659,355","2,600","328,927","2,360","220,027",200,30,173,"3,200","127,980","10,330","11,728,870","4,660","387,661","7,080","227,243",50,14,"1,210","74,380","3,380","56,143",360,"4,337",0,0,"4,470","117,933","4,470","114,261","1,530","3,672","9,710","2,640,468",80,"8,420","8,790","912,555",890,"4,587","8,380","131,785","9,700","94,995","9,700","100,669","2,820","5,706","6,480","142,911",270,"5,544",520,351,"3,390","343,926","8,950","1,344,988","1,830","691,029","10,730","1,873,518","14,160","41,164,574","14,150","11,946,828","1,580","32,122",90,554,"8,700","285,554","7,600","200,045",360,238,0,0,0,0,0,0,340,"5,575",370,387,"4,740","98,906",0,0,90,565,"13,960","12,768,144",0,0,0,0,0,0,0,0,0,0,0,0,0,0,0,0,0,0,"14,140","11,661,274","14,170","12,292,757","8,790","95,158","12,870","419,070","6,300","1,365,166","7,830","1,808,261","2,630","464,381","5,970","1,343,880"
AR,0,"1,292,190","571,260","483,350","205,330","1,223,170","33,340","702,380","825,730","12,340","2,528,880","21,460","12,300",40,"9,120","2,980","232,280","338,650","102,718,481","1,286,640","103,501,755","1,044,490","65,048,860","375,500","1,633,900","32,750","298,597","196,040","5,016,799","181,300","4,280,202","25,280","33,385","245,390","2,268,108","177,350","9,699,430","120,100","2,705,882","246,380","6,642,290","41,100","20,730","77,585","221,790","4,058,327","74,630","5,753,345","84,140","443,318","280,140","783,274","31,610","9,617","2,830","75,076","27,660","204,322","15,360","82,115","48,000","33,678","1,198,330","24,255,737","1,198,330","23,742,389","226,910","513,346","74,720","4,574,689","21,270","448,377","60,260","947,914","12,960","32,794","59,320","218,705","73,890","518,846","73,990","521,052","48,170","39,058","50,360","606,042",790,"8,216","1,870","2,326","4,210","112,939","60,540","2,423,865","7,430","445,341","179,200","1,475,624","1,018,510","75,324,746","1,020,310","12,988,432",670,"13,672","40,370","53,101","489,870","1,004,567","55,010","70,742","46,280","28,461","56,340","56,541","108,630","23,305","342,670","709,157","11,110","50,036","13,630","11,783","179,800","527,939","62,330","366,543","67,540","415,822","1,209,150","15,234,642","265,160","790,786","57,240","20,649","98,630","270,672","68,510","298,758","40,780","200,709","237,540","687,581","202,260","401,972","46,920","40,094","19,470","18,150","857,560","11,983,878","952,470","13,087,408","31,410","55,164","37,800","452,984","324,260","1,684,505","922,940","3,797,500","904,570","2,958,039","23,300","839,460"
AR,1,"19,100","10,610","7,120",780,"14,460","2,010","12,280","5,640",240,"30,410",160,100,0,60,0,820,"9,260","-1,023,253","13,570","-1,008,142","3,750","156,671","6,020","27,801",410,"2,572","2,740","15,384","2,480","9,221",140,308,"7,440","-172,070","4,130","67,050","1,170","15,076","2,130","30,551","3,380",110,653,30,87,"3,270","-405,648","2,890","-24,308","2,750","15,111",90,25,20,878,700,"3,764",90,587,300,343,0,0,0,0,0,0,0,0,0,0,0,0,0,0,0,0,0,0,0,0,0,0,0,0,0,0,0,0,0,0,0,0,0,0,0,0,0,0,810,810,20,591,780,192,160,78,20,1,0,0,20,5,20,7,90,46,0,0,0,0,"1,760","4,727","2,180","19,503","2,290","18,902","8,470","48,098","1,130","1,856",700,228,190,536,150,597,100,496,760,"1,244",690,"1,823",700,646,"1,250","1,671",670,732,"2,700","6,010",90,130,0,0,"1,690","3,288","7,910","45,309","7,610","39,313",380,"5,996"
AR,2,"121,940","92,640","14,640","12,600","111,240","5,630","57,540","70,150",740,"139,860","3,650","2,080",0,"1,570",840,"17,200","30,460","660,498","121,930","678,523","79,750","517,440","21,720","19,170","1,080","1,899","8,850","13,742","7,940","7,792",240,234,"27,500","59,012","8,040","2,781","6,380","30,194","13,200","65,611","2,240","1,070","3,689","1,300","2,742","1,870","-10,226","4,370","1,602","23,020","18,025",200,54,20,95,"1,350","4,266",210,808,790,648,"120,980","1,775,127","120,980","1,722,937","24,270","52,189",940,"20,508",680,"13,022",290,742,500,554,430,"1,197",870,"2,284",870,"2,313",400,250,350,"3,405",0,0,10,7,20,175,480,903,50,603,260,78,"1,960","4,303","3,840","1,113",0,0,"2,360",660,"1,020",167,250,7,20,7,120,21,80,9,360,99,30,17,30,9,"21,270","15,747","5,710","37,448","5,980","38,273","92,680","104,572","43,710","50,956","26,790","10,808","10,200","21,756","4,430","11,539","2,300","6,853","37,660","44,296","14,070","10,126","4,130","3,610","2,120","1,628","3,200",946,"25,280","17,202",0,0,0,0,"15,860","8,219","85,520","95,512","85,100","94,560",530,952
AR,3,"245,570","145,250","32,740","62,650","233,380","5,910","121,420","190,000","1,440","406,760","5,730","3,390",10,"2,330","1,130","66,900","50,970","4,277,936","245,570","4,342,181","188,760","3,290,940","34,940","46,708","1,740","5,396","13,900","35,908","12,630","21,128",590,607,"58,380","423,010","12,960","22,847","13,480","110,542","32,020","332,520","4,020","4,380","14,651","27,500","65,831","3,830",130,"7,570","14,442","52,800","64,245","1,290",349,40,280,"2,380","7,604",980,"3,334","2,630","2,057","243,380","4,310,632","243,380","4,225,803","39,590","84,829","2,170","57,726","1,660","33,041",840,"1,927","1,100","1,271","1,140","2,587","2,060","5,463","2,060","5,512","1,010",592,850,"8,094",20,119,30,62,40,193,"1,360","6,911",190,"3,482","13,860","8,444","122,860","585,243","124,500","60,012",10,102,"6,230","2,082","46,150","13,457","1,230",46,"1,560",379,"8,640","3,769","14,830","2,907","21,550","6,037",300,166,290,113,"47,090","86,896","15,360","86,419","15,930","88,197","226,160","754,635","107,720","410,036","29,760","9,613","39,030","150,956","25,080","153,401","13,850","96,067","97,340","351,733","71,400","137,080","11,450","10,030","5,770","3,729","89,380","46,560","131,350","135,616",30,28,0,0,"26,160","28,658","209,560","647,098","208,790","644,356","1,040","2,742"
AR,4,"342,720","175,700","71,530","83,620","327,550","6,990","169,640","251,580","2,280","627,400","7,540","4,800",20,"2,720",940,"83,940","68,980","12,513,292","342,720","12,605,471","297,190","10,547,157","58,670","83,249","3,180","9,637","24,680","74,010","22,430","46,356","2,000","1,827","47,760","313,856","21,680","54,470","19,920","233,331","50,320","806,966","6,530","6,400","21,867","53,370","438,557","6,890","42,950","11,940","15,789","52,230","92,179","5,720","1,605",100,983,"3,720","14,890","3,390","12,755","9,900","6,885","336,340","6,305,523","336,340","6,199,114","47,820","106,410","6,380","180,586","4,340","86,416","3,510","7,004","2,520","4,289","3,450","7,408","6,190","18,758","6,200","19,527","3,390","2,213","2,760","24,146",50,333,70,91,100,484,"4,470","36,051",640,"11,861","33,930","50,745","331,540","6,018,836","330,010","649,786",0,0,"14,850","9,279","165,480","175,037","5,360",303,"10,200","6,075","17,710","17,855","66,540","15,746","110,660","128,668","2,530","3,920","2,220","1,627","31,880","81,595","23,190","129,681","23,720","136,713","330,390","1,333,266","102,050","316,751",0,0,"49,210","97,424","33,850","129,087","18,990","90,240","92,910","281,407","87,690","194,560","12,020","10,066","6,940","6,311","233,980","474,748","253,870","562,847",60,704,0,0,"66,610","83,699","272,800","852,005","271,410","845,363","1,930","6,642"
AR,5,"191,200","80,690","75,720","27,800","181,970","4,190","104,720","123,930","1,670","385,100","2,820","1,500",0,"1,320",70,"32,740","54,010","11,737,156","191,200","11,820,030","161,460","9,115,349","55,210","95,324","3,690","14,052","25,480","103,030","23,270","68,294","3,420","3,499","29,470","247,200","21,930","81,484","18,540","280,170","43,160","1,018,246","5,690","3,340","12,488","43,310","762,189","7,380","85,697","11,810","20,927","40,170","82,874","6,000","1,741",140,"1,463","3,350","17,143","3,020","13,817","10,330","7,051","183,000","3,823,841","183,000","3,740,927","37,300","82,913","8,200","243,490","4,390","88,400","5,640","15,067","2,340","4,712","5,560","11,900","8,070","31,781","8,090","32,530","4,980","3,237","4,660","41,942",60,470,130,299,150,"1,032","6,140","59,544",840,"18,336","27,760","67,868","190,770","7,612,114","190,180","881,316",10,55,"7,600","11,007","86,840","181,947","6,880",559,"6,690","3,863","9,890","11,716","27,170","4,636","64,450","148,173","2,850","8,867","2,640","2,298","20,860","60,060","9,120","56,763","9,950","66,695","186,430","1,013,606","10,550","11,187",0,0,0,0,"5,010","4,134","5,540","7,053","8,880","8,901","21,840","45,034","6,050","5,207","2,240","2,893","166,880","699,369","173,370","767,267",50,244,0,0,"55,220","111,999","135,230","356,243","133,480","348,880","2,350","7,363"
AR,6,"119,350","32,550","74,300","9,750","113,720","2,530","71,160","68,310","1,330","275,640",920,310,0,610,0,"14,650","39,530","10,335,085","119,350","10,406,542","99,340","7,632,175","46,860","96,982","3,630","15,693","23,090","108,826","21,260","71,762","4,000","4,645","20,650","202,592","20,100","97,177","16,110","316,510","33,450","1,019,874","4,990","2,200","8,672","32,380","763,455","7,140","114,881","10,540","23,746","29,420","71,457","5,000","1,575",140,"1,792","2,750","16,622","2,130","11,225","8,000","4,952","111,190","2,659,847","111,190","2,597,742","27,000","62,105","8,160","251,293","3,280","66,881","6,370","23,027","1,620","4,296","6,230","14,153","8,070","40,797","8,080","41,257","5,180","2,997","5,280","49,723",70,591,150,330,170,873,"6,310","69,609",820,"21,527","22,260","69,229","119,210","7,359,178","118,990","925,212",10,179,"3,830","8,665","54,390","154,146","6,610",684,"6,560","4,038","7,040","8,033",0,0,"44,320","126,513","2,050","10,033","2,310","2,006","14,950","48,465","3,930","22,467","4,530","31,100","116,880","953,306",0,0,0,0,0,0,0,0,0,0,0,0,"4,840","8,922","4,290","3,514",700,"1,086","113,520","771,075","115,230","827,108",50,29,0,0,"44,010","119,752","74,980","243,682","73,210","235,082","2,290","8,600"
AR,7,"184,970","27,000","148,830","6,740","176,440","4,290","115,380","94,840","2,800","476,570",610,130,0,480,0,"14,400","62,820","25,143,019","184,970","25,325,562","155,890","17,991,861","99,180","285,015","9,510","50,494","57,040","410,632","52,970","299,556","11,680","16,353","36,990","507,245","50,160","463,917","31,530","962,947","56,160","2,359,376","9,780","2,730","12,685","49,160","1,495,931","20,450","576,848","21,930","103,167","56,670","182,543","11,080","3,603",660,"10,251","6,320","50,169","4,140","25,395","16,040","11,742","161,430","4,246,321","161,430","4,146,766","40,660","99,555","23,530","837,899","5,630","117,418","20,670","126,568","2,610","7,859","19,870","54,541","23,370","176,902","23,390","176,831","16,000","10,909","17,310","187,762",260,"2,056",580,777,720,"4,933","19,270","270,832","2,170","76,530","47,770","238,131","184,870","19,824,728","184,700","2,804,934",60,672,"3,730","14,474","96,500","289,292","17,800","2,991","15,290","10,058","12,930","15,142",0,0,"77,050","227,808","2,760","20,096","4,460","4,042","27,020","111,863","2,850","14,262","4,130","28,776","182,020","2,764,099",0,0,0,0,0,0,0,0,0,0,0,0,"1,600","4,123","8,290","7,021",450,832,"182,730","2,515,642","183,400","2,649,995","1,610",610,540,191,"78,100","354,817","106,440","462,342","101,450","426,089","6,430","36,252"
AR,8,"55,710","5,650","48,330","1,200","53,270","1,480","39,870","19,090","1,460","154,250",40,0,0,40,0,"1,570","18,420","15,903,490","55,710","16,059,793","48,310","10,442,539","42,140","259,802","6,540","58,230","31,400","445,597","29,840","331,155","2,910","4,870","13,630","417,433","29,380","754,113","10,800","603,716","13,980","857,539","3,440",470,"2,654","12,320","438,150","16,400","1,448,544","9,610","133,533","17,660","156,303","2,070",623,"1,120","30,998","4,760","55,514","1,090","10,529",0,0,"37,260","1,006,856","37,260","984,727","8,950","22,129","18,460","871,240","1,230","37,600","16,870","224,054","1,490","7,094","16,450","69,094","18,400","175,571","18,410","175,605","12,590","11,164","14,460","204,789",220,"2,430",630,625,"1,400","12,435","16,090","324,069","1,700","111,735","25,660","337,998","55,690","13,690,841","55,670","2,576,562",150,"2,152",880,"5,607","33,580","97,997","12,140","5,237","5,270","3,580",0,0,0,0,"24,120","71,714",520,"5,773","1,470","1,462","11,320","75,999",0,0,890,"6,025","54,730","2,484,529",0,0,0,0,0,0,0,0,0,0,0,0,120,304,0,0,0,0,"55,590","2,478,565","55,660","2,612,451","22,200","17,334","27,040","26,325","30,290","395,712","25,260","260,140","20,890","185,459","5,300","74,681"
AR,9,"8,210",810,"7,190",150,"7,890",200,"7,180","1,700",280,"23,560",0,0,0,0,0,70,"2,810","5,514,101","8,210","5,576,517","7,130","2,886,243","7,450","135,532","1,790","36,420","6,020","225,027","5,760","168,811",220,735,"2,430","159,147","6,040","510,095","1,550","105,371","1,440","113,602",670,30,226,"1,650","60,970","4,780","1,153,482","2,180","55,563","3,600","62,416",130,36,390,"17,246","1,510","21,785",200,"2,415",0,0,"3,710","99,878","3,710","97,457",990,"2,421","4,490","335,157",70,"5,599","3,980","113,345",500,"1,748","4,070","27,480","4,480","43,868","4,490","44,001","3,060","3,904","3,320","59,237",70,"1,152",190,73,870,"16,164","4,120","141,857",550,"67,821","5,070","150,314","8,200","4,929,652","8,200","1,211,638",80,"1,065",100,910,"3,800","11,571","3,050","4,231",570,375,0,0,0,0,70,99,60,766,170,176,"2,390","23,317",0,0,100,916,"8,020","1,178,004",0,0,0,0,0,0,0,0,0,0,0,0,0,0,0,0,0,0,"8,200","1,200,067","8,200","1,271,147","5,240","16,342","7,060","28,442","4,710","227,278","3,450","129,295","1,990","57,023","1,760","72,272"
AR,10,"3,420",350,"2,970",60,"3,260",110,"3,190",510,110,"9,330",0,0,0,0,0,0,"1,400","17,657,157","3,420","17,695,278","2,920","2,468,485","3,320","584,317","1,180","104,204","2,850","3,584,643","2,740","3,256,127",70,307,"1,130","110,683","2,930","7,645,496",630,"48,025",530,"38,005",380,0,0,770,"30,415","2,640","2,746,687","1,330","98,857","1,810","38,121",20,6,190,"11,090",830,"12,565",100,"1,250",0,0,"1,030","27,712","1,030","26,916",320,795,"2,390","1,776,790",0,0,"2,110","436,180",270,971,"2,120","30,345","2,380","23,422","2,380","23,476","1,570","3,792","1,380","26,944",50,"1,065",80,62,750,"76,650","2,300","1,514,089",480,"133,446","2,640","552,817","3,420","15,299,851","3,420","3,877,049",320,"8,856",30,225,"1,950","80,875","1,670","56,683",120,86,0,0,0,0,0,0,20,398,50,50,"1,240","19,270",0,0,30,225,"3,360","4,600,527",0,0,0,0,0,0,0,0,0,0,0,0,0,0,0,0,0,0,"3,420","3,796,174","3,420","4,237,765","2,100","19,743","3,160","398,026","1,620","351,083","1,780","705,874",640,"81,914","1,300","623,960"
CA,0,"18,482,300","9,484,670","6,137,350","2,502,710","17,179,010","713,450","11,304,280","10,216,540","326,180","34,457,270","274,510","187,800",790,"85,920","43,610","1,654,490","4,548,840","2,050,805,047","18,386,850","2,071,304,507","14,832,500","1,414,115,351","7,491,480","43,916,432","856,180","10,373,571","4,013,530","65,100,791","3,695,820","40,451,468","617,540","1,048,070","3,615,260","52,942,841","3,785,040","130,865,868","1,568,360","45,323,799","2,763,540","108,546,741","54,430","1,063,590","7,072,601","2,468,520","52,573,955","1,193,080","126,932,453","1,304,820","14,267,679","3,969,510","20,499,460","384,310","117,370","144,240","4,874,365","479,280","4,403,820","314,320","1,924,030","517,810","362,934","15,436,850","297,900,737","15,436,850","292,137,123","2,599,520","5,763,612","2,744,600","125,941,225","589,580","12,290,054","2,227,480","60,949,135","477,090","1,111,422","2,393,720","25,683,662","2,731,400","24,317,636","2,733,790","24,877,687","1,661,770","1,346,529","2,235,970","38,325,423","68,990","853,777","200,360","288,112","168,320","6,712,309","2,176,590","33,816,763","179,610","8,445,299","3,218,110","25,539,682","15,265,170","1,648,455,942","15,233,110","336,114,699","22,970","529,707","641,500","1,122,901","7,212,400","18,987,454","1,421,240","3,284,012","568,510","363,749","816,600","785,570","954,090","199,042","4,648,810","9,710,536","315,390","1,931,477","218,470","208,465","2,601,920","10,297,615","981,160","6,424,270","1,107,010","7,367,524","17,129,800","355,227,138","2,555,520","6,386,832","803,900","286,335","878,280","2,326,336","568,980","2,347,971","304,360","1,426,190","2,101,880","5,210,978","1,874,250","3,546,573","645,850","518,638","431,990","436,354","13,560,290","317,127,370","14,778,890","337,750,490","1,349,070","3,018,532","1,350,210","6,202,196","5,876,280","41,523,878","11,877,440","58,197,510","11,425,440","39,868,602","552,010","18,328,909"
CA,1,"300,240","201,510","73,280","16,070","202,980","43,460","178,850","77,260","7,510","432,680","2,840","2,190",0,660,340,"7,760","128,620","-23,404,686","204,890","-22,719,226","60,370","3,024,533","103,090","751,857","10,080","114,720","60,190","550,948","53,410","289,907","2,910","7,786","103,330","-2,603,654","85,820","1,547,769","15,640","279,113","20,670","350,567","5,960","4,870","44,116",490,"2,278","53,400","-8,707,482","52,390","-1,213,599","42,620","685,460","1,100",318,580,"18,398","11,590","77,799","1,920","11,598","6,090","6,726",0,0,0,0,0,0,0,0,0,0,0,0,0,0,0,0,0,0,0,0,0,0,0,0,0,0,0,0,0,0,0,0,0,0,0,0,0,0,"4,790","24,259",390,"18,892","4,050","2,057","1,560","1,921",160,45,10,16,180,104,120,76,830,682,100,185,30,17,"26,040","73,074","28,760","252,651","30,700","240,141","125,250","889,963","23,060","34,488","14,490","4,220","4,360","11,911","2,790","11,795","1,430","6,562","16,030","25,940","13,590","35,320","10,500","9,526","22,680","29,642","3,650","22,339","34,430","109,188","2,250","3,453",0,0,"19,570","50,845","116,020","830,555","108,300","660,454","9,600","170,101"
CA,2,"1,550,820","1,239,170","172,050","115,120","1,387,290","83,050","858,380","734,490","15,920","1,761,600","62,990","43,010",50,"19,920","14,660","112,050","399,530","7,954,955","1,550,720","8,270,294","877,690","6,047,268","342,080","284,471","18,680","43,813","159,480","294,360","140,460","160,211","7,400","7,200","455,280","1,622,373","142,210","-16,919","62,650","283,555","121,730","583,400","2,210","41,790","180,993","14,410","29,265","26,970","-266,544","46,300","-39,165","399,720","315,339","3,490",887,700,"6,425","20,080","64,997","5,090","19,382","14,350","11,671","1,516,970","22,023,813","1,516,970","21,402,453","298,030","621,359","33,560","874,319","20,910","309,827","7,460","40,307","20,360","17,901","24,470","176,241","31,940","182,233","32,090","183,914","11,980","7,783","22,230","325,949",470,"5,518","1,560",844,"1,270","5,421","16,260","21,309","1,280","12,038","5,920","1,057","36,390","82,847","40,050","15,787",40,625,"12,230","5,760","9,990","2,020","5,620",351,60,26,"1,050",356,590,166,"1,550",762,220,126,80,34,"375,200","297,343","73,540","501,330","77,290","497,361","1,093,030","1,131,110","547,080","508,656","396,310","155,922","93,950","199,322","38,080","98,925","18,750","54,487","401,040","395,932","132,970","103,356","55,390","46,904","51,340","33,716","36,290","13,773","422,070","318,513",200,212,20,11,"300,240","164,327","930,670","975,493","921,610","942,002","10,970","33,491"
CA,3,"2,750,260","1,909,300","348,510","451,970","2,536,960","114,560","1,634,020","1,874,240","25,840","4,174,940","67,410","48,880",120,"18,410","16,400","379,760","526,350","47,562,247","2,750,260","48,563,141","2,019,700","34,512,712","500,550","683,259","29,110","93,459","216,180","653,634","191,660","342,319","18,160","17,746","734,890","7,040,633","210,310","147,899","120,010","1,005,373","251,310","2,741,654","3,610","181,380","1,131,303","218,030","556,003","56,990","-96,583","91,500","240,348","691,830","1,000,894","14,370","3,801","2,200","18,182","36,960","127,821","19,520","76,343","36,710","28,934","2,682,290","45,281,977","2,682,290","44,522,258","365,520","759,719","67,840","1,830,074","38,490","593,304","18,920","72,477","42,070","43,721","50,830","351,887","66,120","387,316","66,350","394,861","28,590","20,590","45,250","644,831","1,120","12,383","3,250","2,800","2,140","8,762","38,570","108,994","3,980","51,841","230,100","158,362","1,489,210","7,325,096","1,479,580","743,542",70,"2,755","39,950","16,171","521,180","172,923","25,550","1,862","7,600","2,195","135,390","60,735","150,810","32,769","215,740","71,124","3,810","1,857","1,880",743,"619,500","1,217,824","190,610","1,247,667","193,310","1,211,678","2,449,100","6,733,499","1,027,870","3,253,247","393,100","126,193","340,140","1,295,991","196,050","1,165,411","98,590","665,652","858,290","2,624,935","613,720","1,125,011","145,390","117,533","132,060","90,088","1,100,230","570,647","1,595,280","1,808,601",420,415,50,10,"434,250","557,263","2,172,630","5,468,064","2,156,950","5,404,611","20,100","63,454"
CA,4,"4,013,240","2,421,060","699,970","813,030","3,758,340","142,120","2,427,850","2,673,630","41,180","6,838,600","81,450","60,880",370,"20,200","11,140","504,340","719,530","148,884,233","4,013,240","150,521,406","3,458,710","124,949,924","859,060","1,288,889","50,640","203,545","348,320","1,278,943","311,550","691,683","59,120","53,589","639,050","6,564,888","342,650","478,273","181,970","2,171,709","406,830","7,236,245","5,190","274,170","1,844,548","441,380","3,748,104","103,230","392,355","139,750","319,981","659,550","1,637,173","42,050","11,573","6,060","63,015","60,100","257,307","61,770","287,341","105,910","74,843","3,830,450","68,561,633","3,830,450","67,618,360","443,470","943,272","182,710","5,157,153","86,400","1,387,909","85,720","238,849","88,100","136,567","134,560","911,477","180,320","1,127,692","180,730","1,188,164","93,980","91,652","120,470","1,722,836","3,810","44,229","8,710","15,737","4,300","20,456","125,200","550,505","13,590","206,080","480,840","821,898","3,893,380","75,005,854","3,875,920","8,201,652",160,"1,779","228,340","165,705","1,789,590","1,909,798","89,120","11,651","75,170","50,636","277,890","280,301","575,080","125,823","1,141,330","1,362,412","28,660","39,422","13,320","9,511","440,330","1,312,797","375,280","2,364,607","378,470","2,454,307","3,803,680","14,117,364","867,030","2,501,396",0,0,"439,840","819,112","286,210","1,036,570","140,980","645,714","751,840","2,094,253","796,490","1,659,066","182,360","143,296","150,000","148,277","2,968,380","6,291,875","3,180,680","7,662,476","1,040","1,669",80,77,"966,520","1,419,707","2,993,380","7,844,113","2,965,870","7,708,194","36,180","135,919"
CA,5,"2,742,680","1,480,670","690,470","504,130","2,575,890","92,930","1,660,190","1,697,020","36,900","4,980,940","37,240","23,990",100,"13,150","1,060","279,520","622,380","169,035,367","2,742,680","170,569,902","2,375,380","139,064,561","919,310","1,527,815","62,320","275,195","383,000","1,684,883","345,960","934,813","111,300","125,402","392,800","4,113,295","359,710","751,068","187,810","2,915,373","403,710","10,831,249","4,760","160,050","1,036,893","399,910","6,954,443","94,250","824,456","142,810","280,078","504,410","1,534,535","50,990","14,554","7,210","97,161","49,960","281,571","64,430","343,042","136,900","98,128","2,469,500","47,054,307","2,469,500","46,257,255","373,450","797,052","273,150","7,999,775","101,890","1,783,999","184,840","617,314","82,780","174,399","218,690","1,414,755","271,480","1,947,572","271,850","2,034,252","160,410","147,444","199,830","2,723,395","7,260","85,244","15,040","33,175","5,740","29,305","202,340","1,000,477","18,120","302,695","370,850","990,354","2,732,340","113,261,522","2,726,070","13,516,329",230,"2,971","156,460","255,179","1,174,180","2,367,442","116,890","21,729","72,530","47,785","158,060","177,780","227,490","40,208","865,240","1,830,474","43,760","125,327","22,420","18,743","249,460","872,334","171,780","1,164,123","200,830","1,393,776","2,653,820","14,902,101","90,470","89,045",0,0,0,0,"45,860","35,270","44,610","53,775","74,680","69,918","230,740","439,595","93,000","76,371","47,120","70,479","2,459,850","11,148,905","2,519,450","12,096,902","1,330","1,571",70,160,"851,180","1,842,255","1,876,560","4,598,432","1,845,720","4,442,159","39,700","156,273"
CA,6,"1,795,270","825,210","669,600","256,590","1,685,220","60,450","1,111,090","973,190","31,150","3,527,990","12,200","5,290",50,"6,860",0,"139,280","506,300","155,631,159","1,795,270","156,922,398","1,508,620","120,927,192","860,890","1,696,255","68,540","330,954","384,740","1,987,305","350,350","1,125,420","133,830","184,914","277,870","3,361,566","348,100","1,007,945","183,080","3,666,170","360,440","13,281,149","4,740","104,100","662,993","343,350","7,894,183","87,900","1,174,203","139,640","447,315","360,440","1,291,239","54,960","16,014","7,760","118,160","41,760","279,879","38,810","244,452","85,710","43,701","1,482,170","30,984,832","1,482,170","30,327,894","296,480","656,938","313,080","9,431,142","91,120","1,673,104","249,230","1,185,588","60,490","149,485","266,640","1,743,620","311,870","2,574,070","312,180","2,644,403","195,020","153,904","247,360","3,325,049","8,420","97,049","20,470","39,565","6,800","39,211","241,070","1,264,300","18,900","337,599","313,590","1,008,154","1,790,700","114,365,714","1,787,680","15,461,662",330,"2,919","81,650","192,080","776,520","1,990,564","126,800","28,925","55,710","37,069","85,500","88,891",0,0,"586,410","1,465,218","42,180","186,901","25,290","22,082","174,190","704,082","76,180","504,946","96,560","686,021","1,750,140","15,758,549",0,0,0,0,0,0,0,0,0,0,0,0,"52,320","99,792","52,290","39,987","16,510","31,964","1,718,360","13,471,107","1,736,650","14,253,651","2,110","2,090",150,72,"701,830","1,995,476","1,084,820","3,460,539","1,052,910","3,276,383","40,210","184,156"
CA,7,"3,252,990","1,041,580","1,875,000","272,750","3,062,200","108,310","2,041,750","1,559,750","78,400","7,299,620","9,360","3,220",80,"6,070",0,"183,740","1,031,390","453,934,849","3,252,990","457,804,597","2,723,570","337,874,290","2,131,480","6,049,718","226,620","1,293,416","1,112,570","8,250,257","1,025,840","4,973,905","230,960","400,326","578,350","9,574,878","1,002,520","5,398,369","471,920","14,438,541","788,770","41,879,853","13,220","186,480","1,268,814","694,520","20,446,713","271,600","6,397,523","347,520","3,075,312","750,050","3,869,748","143,230","45,440","30,860","619,779","105,960","927,809","88,130","607,946","132,150","98,931","2,360,440","55,943,221","2,360,440","54,588,237","565,410","1,354,984","892,530","30,811,610","183,980","3,889,171","784,750","6,813,150","102,120","301,583","792,350","6,116,160","889,920","8,384,309","890,540","8,509,912","572,020","427,031","745,420","11,662,487","23,710","264,674","69,260","113,525","28,940","206,387","723,520","4,900,875","54,320","1,244,690","823,890","3,661,222","3,248,260","363,714,548","3,244,830","56,314,914","2,090","24,236","92,970","327,777","1,653,310","5,016,280","407,470","143,744","163,010","108,664","158,530","177,403",0,0,"1,190,870","3,197,174","105,440","711,455","80,490","75,144","367,140","1,876,440","65,010","388,946","103,180","700,319","3,200,430","55,201,576",0,0,0,0,0,0,0,0,0,0,0,0,"30,530","75,640","106,930","85,021","12,270","32,188","3,202,730","51,298,642","3,215,550","53,443,269","87,390","23,352","20,600","5,815","1,447,120","6,547,921","1,792,100","8,182,138","1,686,660","7,299,473","132,600","882,665"
CA,8,"1,626,920","308,390","1,238,000","60,500","1,540,830","54,460","1,053,430","548,400","65,030","4,188,010",980,340,20,630,0,"45,170","485,280","477,270,483","1,626,920","482,280,125","1,417,280","348,053,321","1,351,530","8,461,491","243,080","2,183,382","971,120","13,642,164","914,790","8,602,346","45,390","151,583","335,530","12,116,789","915,490","15,602,203","273,540","14,639,386","347,250","26,423,426","9,910","91,850","740,148","289,320","10,270,518","307,420","22,071,185","230,240","4,941,927","413,620","5,009,642","69,500","23,382","52,550","1,757,743","96,600","1,301,940","27,920","256,763",0,0,"930,930","23,754,491","930,930","23,218,351","218,540","536,140","695,960","30,347,541","61,310","2,105,784","631,490","14,229,035","61,480","212,436","640,730","7,798,107","694,430","6,875,668","694,670","6,937,358","441,420","345,689","613,150","12,443,709","17,670","223,253","60,210","66,568","52,660","648,506","582,290","5,955,800","41,410","1,873,168","707,510","5,918,183","1,625,530","417,387,290","1,624,860","82,517,362","4,980","93,288","22,570","133,784","1,014,780","3,538,193","431,680","427,904","147,110","90,636",0,0,0,0,"645,380","1,781,099","68,650","615,761","58,620","61,897","248,590","1,989,839",0,0,"23,350","159,127","1,609,140","79,981,275",0,0,0,0,0,0,0,0,0,0,0,0,"3,890","8,793",0,0,0,0,"1,622,040","78,979,182","1,625,150","82,851,782","901,910","764,989","925,620","866,890","896,310","10,349,205","723,670","7,287,177","597,580","4,965,999","151,940","2,321,178"
CA,9,"317,160","40,610","263,100","8,660","303,000","9,710","226,580","59,680","17,510","883,560",40,10,0,30,0,"2,430","84,640","213,715,326","317,160","216,235,434","280,180","143,743,719","294,600","4,997,978","88,280","1,398,439","260,550","8,460,756","249,330","5,383,549","5,930","41,206","67,790","5,193,730","259,380","15,575,088","50,750","3,727,561","45,070","3,559,885","2,590","15,620","134,894","44,810","1,763,995","113,740","22,914,576","69,200","2,327,232","95,360","2,520,108","3,900","1,190","22,400","1,131,756","33,360","592,036","4,570","52,204",0,0,"127,490","3,342,953","127,490","3,272,676","28,720","70,277","189,670","11,166,721","4,500","371,335","174,410","10,338,430","14,620","51,770","176,750","3,574,169","189,370","1,883,944","189,420","1,897,133","110,680","91,237","167,440","3,784,903","4,330","76,854","14,900","11,580","31,750","702,962","160,660","3,016,838","13,220","1,246,268","189,020","2,744,524","316,850","196,516,340","316,830","50,034,197","3,900","98,778","2,490","18,465","181,930","894,057","141,360","462,596","36,980","20,815",0,0,0,0,"1,480","1,591","16,240","165,303","12,740","15,585","64,200","825,726",0,0,"2,520","18,785","313,850","48,286,586",0,0,0,0,0,0,0,0,0,0,0,0,0,0,0,0,0,0,"316,470","49,140,161","317,000","51,970,780","251,500","866,081","279,920","1,052,129","196,110","7,677,974","118,920","3,851,211","67,120","1,526,277","59,720","2,324,934"
CA,10,"132,720","17,180","107,370","3,890","126,300","4,400","112,150","18,890","6,760","369,330",0,0,0,0,0,440,"44,830","400,221,114","132,720","402,856,436","111,000","155,917,831","128,900","18,174,699","58,830","4,436,648","117,390","28,297,541","112,470","17,947,315","2,550","58,318","30,370","5,958,343","118,860","90,374,173","20,990","2,197,018","17,780","1,659,313","2,250","3,280","27,899","22,300","908,453","77,590","82,228,764","45,470","3,888,250","51,900","2,635,322",710,211,"13,920","1,043,746","22,910","492,661","2,150","24,959",0,0,"36,620","953,510","36,620","929,639","9,890","23,871","96,100","28,322,890",990,"175,621","90,660","27,413,985","5,060","23,560","88,710","3,597,246","95,950","954,832","95,970","1,087,690","47,660","61,199","74,820","1,692,264","2,210","44,573","6,980","4,318","34,730","5,051,299","86,700","16,997,665","14,790","3,170,920","96,390","10,235,928","132,510","360,796,731","132,510","109,284,995","10,780","283,464",790,"5,923","89,360","3,094,256","76,590","2,185,205","10,330","5,907",0,0,0,0,0,0,"6,330","85,140","3,590","4,709","37,280","1,128,156",0,0,800,"6,009","131,360","118,225,115",0,0,0,0,0,0,0,0,0,0,0,0,0,0,0,0,0,0,"132,290","106,190,739","132,630","113,235,328","100,930","1,354,700","123,700","4,277,032","63,140","10,918,905","68,680","15,699,788","22,720","3,643,050","51,000","12,056,738"
CO,0,"3,086,830","1,669,600","1,057,750","284,160","2,883,870","106,750","1,359,420","1,739,350","51,520","5,372,960","56,170","33,300",60,"22,800","5,670","360,040","762,230","314,115,675","3,065,380","317,172,060","2,474,540","208,398,276","1,120,020","6,293,193","171,230","1,441,709","760,060","10,620,622","697,660","6,773,092","113,320","130,634","586,590","8,963,431","675,840","23,110,764","332,620","9,228,446","507,970","16,740,466","25,640","66,800","514,204","427,800","8,798,050","241,730","20,821,132","223,430","2,753,400","748,380","3,056,385","60,000","17,613","20,120","536,453","93,780","746,050","50,250","257,983","156,280","109,775","2,689,870","51,417,303","2,689,870","50,298,388","496,460","1,118,914","344,310","14,194,635","61,600","1,380,040","311,290","3,991,773","27,830","52,851","302,320","1,500,783","342,490","2,728,815","342,800","2,750,678","183,150","125,853","291,890","4,967,657","6,910","89,417","18,120","21,217","19,690","692,891","246,030","3,720,150","15,500","550,254","638,150","4,791,788","2,535,580","250,329,314","2,524,790","46,721,990","3,580","64,546","65,420","126,755","1,091,750","2,629,068","289,260","335,824","93,730","54,268","120,010","123,332","145,420","27,298","648,050","1,554,562","35,780","209,783","45,000","40,921","451,900","1,683,992","95,380","533,651","106,210","621,271","2,828,810","49,758,001","314,140","724,464","110,130","37,593","100,190","254,123","65,250","258,861","38,570","173,888","257,480","592,958","219,890","429,362","83,450","71,427","38,820","62,054","2,322,600","44,093,212","2,485,590","47,150,244","166,700","281,205","184,380","884,492","958,180","5,832,577","1,966,980","8,326,185","1,894,060","5,699,608","93,100","2,626,577"
CO,1,"52,560","36,550","12,160","2,260","31,270","11,940","23,340","12,300","1,080","72,410",540,400,0,140,0,"1,570","22,950","-2,879,696","31,120","-2,835,742","9,360","468,870","13,910","99,884","1,790","18,974","9,020","105,734","7,900","57,871",630,"1,178","17,030","-472,105","12,280","208,174","2,440","40,889","3,020","45,058","2,260",390,"3,453",100,387,"8,420","-1,359,927","6,420","-93,760","7,080","43,954",170,46,60,"1,075","1,730","11,005",300,"1,709","1,460","1,437",0,0,0,0,0,0,0,0,0,0,0,0,0,0,0,0,0,0,0,0,0,0,0,0,0,0,0,0,0,0,0,0,0,0,0,0,0,0,650,"2,554",80,"1,303",520,244,210,206,30,2,0,0,20,12,20,14,100,114,0,0,10,5,"3,730","10,484","3,130","26,271","3,340","24,660","17,570","137,188","2,680","3,791","1,720",491,480,"1,208",330,"1,370",160,722,"1,830","2,744","1,810","4,813","1,510","1,370","2,070","3,711",500,"2,348","5,140","14,889",300,397,0,0,"2,740","5,921","16,350","128,103","15,490","101,252","1,100","26,851"
CO,2,"315,840","269,150","25,640","16,110","281,200","18,890","121,890","150,920","2,390","281,900","19,230","12,010",0,"7,220","2,410","23,840","78,550","1,452,173","315,830","1,495,681","190,250","1,125,010","71,730","50,454","4,540","8,300","35,100","59,827","30,480","31,764","1,290","1,064","66,690","182,975","27,760","4,685","15,050","61,885","25,440","109,958","1,290","2,370","9,590","3,300","7,278","4,810","-37,389","7,720","-1,002","56,700","43,508",430,107,100,755,"3,090","9,155",810,"2,613","3,140","2,623","312,240","4,038,866","312,240","3,905,487","64,270","133,379","3,540","88,421","2,370","45,305","1,100","3,360","1,680",993,"2,140","8,300","3,250","11,161","3,260","11,234","1,060",648,"1,910","27,000",40,359,110,41,110,379,"1,670","2,437",110,832,"1,390",246,"8,500","16,731","7,480","2,353",0,0,"1,490",686,"2,190",263,"1,460",76,20,8,140,40,80,19,170,78,30,15,30,10,"51,780","35,530","6,930","46,602","7,210","45,703","200,080","158,936","75,970","62,135","57,080","21,166","11,820","23,360","4,730","11,234","2,350","6,376","59,520","50,427","15,230","11,462","7,410","6,504","3,720","4,102","6,860","2,091","60,960","38,633",40,47,0,0,"43,580","21,512","180,790","141,628","179,450","136,937","1,720","4,691"
CO,3,"397,560","293,540","42,420","53,330","368,120","14,950","162,560","281,130","3,720","515,600","11,360","6,960",10,"4,380","1,870","69,480","81,560","6,852,985","397,560","6,976,450","295,330","4,987,646","76,670","102,637","6,950","15,916","43,210","127,909","38,410","66,703","2,350","2,112","91,810","830,097","37,280","41,562","27,080","224,227","46,070","478,890","1,920","7,490","52,889","42,680","112,327","9,390","-8,301","12,800","32,478","90,690","123,465","2,090",522,290,"2,260","5,790","17,158","2,840","9,982","8,130","6,297","391,030","6,418,954","391,030","6,284,317","63,720","134,637","6,520","174,294","4,150","79,582","2,930","7,324","2,730","2,081","4,540","16,662","6,230","23,276","6,270","23,391","2,440","1,282","3,970","53,198",90,857,270,193,180,"1,105","3,730","11,859",290,"3,330","36,110","23,370","224,010","1,115,645","220,410","111,549",0,0,"3,710","1,718","65,030","19,589","5,740",285,"1,240",293,"17,290","8,155","23,570","4,526","18,970","5,688",550,270,470,187,"77,850","145,193","16,310","99,109","15,980","92,857","351,490","829,075","116,990","343,248","51,330","15,936","35,070","134,168","19,880","119,915","10,710","73,229","95,540","280,678","63,760","120,221","16,170","13,846","9,720","11,203","178,130","91,961","235,240","240,542",60,78,0,0,"61,120","76,856","314,030","663,843","311,910","655,045","2,950","8,798"
CO,4,"630,840","427,790","93,110","90,470","594,990","18,150","247,170","427,480","6,530","951,130","14,090","8,950",40,"5,100","1,270","108,950","115,720","23,652,280","630,840","23,902,041","535,960","19,402,112","127,480","189,487","12,140","35,658","72,190","256,937","64,680","138,374","6,980","5,941","98,980","1,174,035","62,010","121,084","41,330","497,351","76,610","1,301,594","3,130","15,760","117,897","78,610","684,765","18,220","105,830","21,180","48,385","123,850","249,761","8,560","2,254",850,"8,390","11,360","40,717","9,580","34,527","30,350","21,619","613,110","10,516,178","613,110","10,340,001","81,070","176,176","17,720","484,469","8,520","172,226","11,880","28,024","4,700","5,095","13,030","45,322","17,350","73,257","17,400","74,448","7,690","4,558","12,180","168,939",380,"4,480",630,870,420,"1,945","10,530","47,947",720,"11,571","89,840","149,638","615,460","12,586,650","611,250","1,368,840",20,432,"20,480","16,076","233,580","233,000","21,200","1,670","10,270","5,664","36,020","38,584","86,460","16,699","126,580","159,590","3,790","5,792","2,840","1,966","75,600","215,057","33,670","171,575","32,620","175,179","600,630","2,184,512","105,750","302,550",0,0,"52,830","95,387","34,160","121,649","18,760","85,514","90,310","249,405","94,960","202,366","20,950","17,422","12,680","19,241","503,840","1,136,122","534,520","1,361,503",150,175,30,16,"158,050","226,722","465,080","1,045,428","461,030","1,025,646","5,810","19,782"
CO,5,"480,120","295,340","110,210","57,140","455,590","12,240","193,710","304,200","6,560","777,630","6,820","3,760",0,"3,060",120,"69,440","108,840","29,575,755","480,120","29,840,323","412,690","23,776,186","140,730","239,366","15,880","55,553","85,010","359,508","76,840","197,066","14,940","12,155","69,980","922,291","71,580","187,701","44,060","694,010","77,380","1,980,121","3,050","11,960","92,349","72,250","1,247,051","20,350","228,422","24,880","64,691","114,590","264,568","11,220","3,110","1,060","12,036","10,200","47,725","10,890","44,882","41,530","30,039","447,520","8,191,285","447,520","8,030,880","73,540","160,405","32,600","865,949","10,560","219,100","27,370","78,724","4,430","6,505","26,690","88,072","32,330","165,487","32,380","166,213","16,600","8,861","26,040","355,040",810,"9,717","1,320","1,961",570,"3,065","19,440","92,229","1,100","17,778","81,810","200,469","478,850","20,354,358","477,550","2,422,529",40,313,"14,800","24,522","166,950","312,681","29,640","3,132","9,390","5,260","22,010","25,295","35,300","6,040","107,310","242,117","5,980","18,595","5,060","4,114","51,740","171,416","16,740","94,108","19,280","111,432","467,060","2,710,597","12,750","12,740",0,0,0,0,"6,160","4,693","6,590","8,047","10,280","9,704","31,270","63,094","11,270","9,658","5,390","11,113","442,160","2,109,848","452,780","2,295,749",170,228,0,0,"147,930","301,206","329,930","710,337","324,770","684,562","7,120","25,775"
CO,6,"317,240","153,700","125,450","28,440","300,820","8,170","140,950","173,810","5,620","589,590","2,250",670,0,"1,580",0,"33,660","88,990","27,490,269","317,240","27,723,213","266,540","20,844,896","128,200","268,981","16,470","62,554","83,140","420,024","75,630","237,024","20,140","16,741","52,500","783,120","70,660","259,610","41,900","843,338","67,990","2,299,218","2,810","7,800","61,376","61,970","1,422,296","20,340","343,347","25,540","88,937","80,530","232,944","7,840","2,298","1,180","15,768","9,140","51,909","6,620","33,440","25,510","13,677","277,060","5,785,714","277,060","5,648,097","60,230","137,617","40,180","1,086,896","9,560","200,069","36,450","138,558","3,270","6,584","34,870","118,432","40,010","248,974","40,040","248,648","22,270","11,154","34,290","471,086",870,"10,072","1,680","2,739",700,"4,446","25,050","126,085","1,270","23,071","72,060","214,840","316,660","20,419,216","316,060","2,754,762",50,403,"8,550","19,656","122,480","294,809","31,210","4,226","8,400","4,914","13,670","15,097",0,0,"82,250","225,848","5,540","26,522","5,610","4,763","39,350","147,405","9,120","50,650","10,510","65,800","310,570","2,850,729",0,0,0,0,0,0,0,0,0,0,0,0,"8,330","16,146","7,510","6,240","2,660","5,953","305,650","2,459,954","309,130","2,623,132",230,238,10,4,"125,050","329,379","190,770","550,758","185,340","518,882","7,290","31,876"
CO,7,"581,520","153,870","388,580","28,170","553,930","14,500","275,690","286,700","14,010","1,339,000","1,720",480,10,"1,240",0,"44,540","176,030","81,135,957","581,520","81,857,022","493,210","59,584,360","317,690","938,344","50,340","227,400","226,470","1,677,074","209,060","998,543","51,610","49,465","115,380","2,130,765","198,040","1,335,980","100,930","3,235,557","145,670","6,517,862","6,440","14,680","119,436","118,600","3,524,542","64,830","1,884,379","66,200","484,391","172,880","721,065","21,570","6,865","4,780","80,293","23,180","176,913","14,070","82,635","46,160","34,083","463,050","11,496,219","463,050","11,222,390","111,840","273,829","118,470","3,831,488","19,650","437,351","112,060","674,978","5,680","14,694","106,880","416,502","118,180","982,426","118,270","978,904","69,150","40,378","104,630","1,665,718","2,160","24,326","5,770","7,679","3,310","25,825","82,270","590,503","4,230","99,439","186,990","809,991","581,080","65,013,103","580,470","9,757,790",270,"2,944","11,930","41,089","298,610","841,696","93,310","20,892","33,560","20,126","30,860","36,149",0,0,"202,840","597,638","12,630","88,095","17,720","16,244","86,820","392,099","9,470","45,336","13,270","80,907","573,460","9,650,094",0,0,0,0,0,0,0,0,0,0,0,0,"4,130","10,250","18,620","16,387","2,570","6,731","574,820","8,916,096","576,860","9,364,384","9,510","2,514","2,940",968,"256,350","1,106,734","323,280","1,372,308","304,690","1,219,724","24,670","152,584"
CO,8,"257,510","33,390","214,780","6,870","246,580","6,440","149,830","93,110","9,440","694,410",160,70,0,100,0,"8,300","71,860","74,198,170","257,510","74,982,638","226,110","51,646,552","193,740","1,167,544","44,020","346,149","161,510","2,445,297","152,190","1,534,634","13,220","19,194","59,920","2,104,295","151,220","3,381,228","49,690","2,797,398","57,180","3,407,892","3,460","5,780","51,754","41,500","1,466,322","64,530","5,114,464","42,060","708,693","78,650","784,468","7,560","2,251","7,630","206,146","19,420","228,575","4,180","37,348",0,0,"164,520","4,398,744","164,520","4,309,854","36,100","88,889","92,990","3,902,911","6,370","194,690","89,120","1,153,088","3,540","11,910","85,200","471,923","92,880","904,904","92,910","905,313","50,610","41,925","83,140","1,656,545","1,660","22,297","5,980","6,029","6,390","76,213","74,450","873,861","4,360","158,790","132,370","1,239,796","257,410","64,667,417","257,340","12,337,144",630,"8,108","3,440","19,297","169,480","522,627","78,550","45,027","26,600","15,424",0,0,0,0,"109,470","323,037","6,020","54,523","11,290","11,458","49,600","338,688",0,0,"3,500","21,174","254,880","12,138,781",0,0,0,0,0,0,0,0,0,0,0,0,410,"1,010",0,0,0,0,"257,100","11,814,517","257,360","12,438,067","120,510","91,966","133,040","138,525","135,490","1,529,954","121,220","1,201,584","100,060","808,668","26,100","392,915"
CO,9,"38,030","4,300","32,400",990,"36,480","1,020","30,100","7,630","1,610","108,420",0,0,0,0,0,230,"11,650","25,370,899","38,030","25,700,613","32,680","14,065,153","34,710","661,565","11,780","194,771","30,640","1,324,797","29,280","838,984","1,470","5,160","9,950","661,051","30,860","2,762,510","7,330","542,211","6,220","415,151",770,490,"4,601","5,830","217,726","19,320","4,205,857","10,350","400,287","15,510","329,714",470,135,"2,710","119,172","6,070","94,996",650,"7,261",0,0,"16,650","447,029","16,650","436,553","4,250","10,476","21,380","1,288,855",370,"24,360","20,150","595,971","1,160","3,219","19,420","168,573","21,360","211,215","21,360","212,215","9,540","10,689","18,150","400,410",550,"10,119","1,690","1,199","3,960","84,115","18,710","462,664","1,670","89,003","25,400","549,392","38,010","23,090,292","38,010","5,652,084",510,"8,290",390,"2,634","22,430","86,390","18,440","39,596","3,560","2,127",0,0,0,0,350,452,900,"10,324","1,570","1,716","10,080","110,497",0,0,390,"2,707","37,620","5,663,077",0,0,0,0,0,0,0,0,0,0,0,0,0,0,0,0,0,0,"37,960","5,565,697","38,030","5,928,681","25,980","79,776","33,720","157,268","21,250","887,540","16,610","603,403","8,690","226,676","9,250","376,727"
CO,10,"15,610","1,970","13,010",400,"14,910",460,"14,200","2,090",580,"42,870",0,0,0,0,0,30,"6,090","47,266,883","15,610","47,529,821","12,420","12,497,491","15,170","2,574,931","7,330","476,434","13,780","3,843,515","13,210","2,672,129",700,"17,624","4,360","646,907","14,150","14,808,230","2,820","291,580","2,400","184,722",500,80,859,"2,970","115,356","11,530","10,344,450","6,300","1,020,300","7,920","262,938",90,25,"1,450","90,558","3,820","67,897",310,"3,586",0,0,"4,690","124,314","4,690","120,809","1,450","3,506","10,920","2,471,352",60,"7,357","10,240","1,311,746",630,"1,770","9,550","166,997","10,910","108,115","10,910","130,312","3,800","6,358","7,600","169,721",350,"7,190",680,506,"4,040","495,798","10,190","1,512,565","1,770","146,440","12,190","1,604,046","15,590","43,065,902","15,590","12,312,385","1,980","42,753",110,833,"10,790","317,807","9,680","220,918",700,452,0,0,0,0,0,0,350,"5,647",410,458,"5,350","117,623",0,0,110,852,"15,450","13,435,012",0,0,0,0,0,0,0,0,0,0,0,0,0,0,0,0,0,0,"15,580","11,994,578","15,600","12,844,664","9,760","105,786","14,640","587,711","6,620","1,346,753","8,910","1,908,793","2,640","322,216","7,090","1,586,578"
CT,0,"1,822,410","940,110","605,360","227,900","1,707,840","60,240","977,240","1,074,700","27,320","3,200,240","53,890","33,160",40,"20,690","7,090","205,770","538,440","221,847,861","1,814,570","224,524,279","1,448,200","142,733,864","704,340","7,227,589","102,640","1,223,458","489,080","9,486,665","456,450","6,081,622","33,100","42,043","336,990","7,705,198","406,570","16,599,006","231,930","6,373,889","368,000","12,199,448","3,150","109,700","727,074","322,790","7,353,996","101,690","11,407,643","99,210","275,507","449,540","2,676,418","55,420","16,956","24,110","795,581","46,390","499,649","31,930","185,975","92,570","79,358","1,601,770","31,106,310","1,601,770","30,337,670","343,150","768,640","198,970","8,858,143","43,680","1,201,192","179,760","5,207,133","17,120","30,187","176,350","1,969,419","198,180","1,819,483","198,460","1,836,943","105,260","98,514","155,260","2,093,713","3,590","48,255","6,250","6,328","15,470","831,399","151,630","2,416,316","11,540","419,055","345,550","2,411,112","1,515,360","183,413,340","1,508,880","38,427,658","2,070","43,898","43,800","77,994","687,680","1,708,450","177,080","378,564","78,020","46,962","81,170","94,439","96,970","18,763","410,020","882,974","16,070","106,552","46,170","43,440","269,660","1,388,294","70,690","621,495","74,340","680,545","1,710,540","42,817,488","201,880","497,046","61,720","21,457","72,350","185,939","46,390","189,204","21,420","100,445","170,790","419,753","140,440","259,460","59,130","53,798","22,370","46,437","1,381,440","36,719,210","1,475,340","39,685,168","129,050","362,492","130,150","870,578","516,110","3,609,363","1,243,030","6,662,533","1,189,520","4,394,052","67,400","2,268,484"
CT,1,"21,590","15,250","4,560","1,010","14,510","3,550","12,010","5,770",430,"28,820",400,270,0,140,0,680,"9,790","-1,877,393","13,760","-1,856,799","3,350","157,795","6,090","46,378",790,"14,739","4,750","37,747","4,300","21,748",130,318,"7,220","-191,662","6,130","77,518","1,270","22,617","1,520","20,905",240,230,"1,868",50,165,"2,910","-452,213","3,030","-58,861","2,950","20,594",90,23,60,"1,383",600,"4,813",130,808,590,743,0,0,0,0,0,0,0,0,0,0,0,0,0,0,0,0,0,0,0,0,0,0,0,0,0,0,0,0,0,0,0,0,0,0,0,0,0,0,350,"1,342",40,"1,633",290,127,140,284,10,2,0,0,20,14,10,7,70,72,0,0,0,0,"1,750","5,757","1,280","16,639","1,420","17,084","8,750","60,271","1,120","1,318",780,208,190,491,110,439,40,180,700,838,570,"1,466",750,738,650,"1,670",250,"1,058","2,290","7,845",170,207,0,0,"1,280","2,985","8,200","55,313","7,570","43,038",830,"12,276"
CT,2,"171,390","146,960","11,730","10,200","151,160","11,830","79,520","85,670","1,260","146,970","11,010","6,390",0,"4,620","2,220","12,300","41,970","864,809","171,390","887,113","106,090","620,755","34,770","24,717","2,290","3,220","22,280","36,296","20,050","20,832",590,503,"35,670","105,448","16,530","-3,845","10,580","41,232","19,030","84,443",160,"2,500","9,380","2,000","3,893","1,920","-9,530","3,450","-4,681","32,100","22,304",280,71,60,358,"1,170","4,204",440,"1,642","1,880","1,879","169,110","2,132,491","169,110","2,062,725","33,880","69,766","2,260","60,804","1,560","33,585",710,"2,315","1,230",799,"1,460","11,880","2,150","12,272","2,150","12,209",950,657,"1,130","11,743",30,253,40,8,60,273,"1,080","1,408",60,789,"1,020",84,"6,790","13,914","5,730","2,200",0,0,830,350,"1,670",220,"1,230",73,0,0,170,56,70,23,110,46,0,0,10,7,"29,400","20,252","3,320","35,642","3,540","36,784","122,190","103,455","40,990","36,221","30,150","11,815","6,880","14,149","2,740","6,861","1,210","3,396","33,140","30,302","8,930","6,363","4,370","4,044","1,160","1,567","5,250","1,981","35,750","22,349",10,7,0,0,"25,960","13,109","112,320","93,673","111,130","90,346","1,470","3,327"
CT,3,"245,940","176,420","22,730","41,950","230,140","8,340","117,240","177,740","1,990","326,010","12,490","7,850",0,"4,650","2,570","43,750","56,710","4,226,160","245,940","4,300,240","179,620","2,975,049","45,920","58,671","3,530","8,288","27,940","79,193","25,310","45,553","1,240","1,041","53,360","512,070","21,960","17,626","19,260","147,204","34,370","346,236",220,"12,020","63,739","32,270","85,920","3,560","3,937","6,910","-8,159","54,250","74,080","1,410",366,260,"1,969","2,120","7,501","1,670","6,219","5,540","5,424","241,160","3,979,212","241,160","3,888,471","43,580","90,741","4,750","132,178","3,130","67,887","2,280","5,202","2,040","1,594","3,390","25,465","4,640","28,304","4,650","28,415","2,190","1,512","2,570","25,859",50,431,80,97,140,518,"2,670","7,055",160,"1,655","19,490","11,867","135,820","661,350","133,720","66,464",0,0,"2,490","1,028","43,390","13,109","3,530",215,"1,450",350,"10,120","4,895","15,790","3,179","14,050","4,151",220,123,420,164,"45,960","87,083","10,560","95,034","10,750","94,217","222,120","576,277","79,150","248,674","30,790","9,434","26,320","100,785","15,280","92,158","6,770","46,296","67,100","208,037","46,080","84,748","9,980","8,915","4,010","5,497","104,350","53,356","140,240","142,248",20,19,0,0,"32,450","41,851","202,320","474,942","200,760","469,036","2,200","5,907"
CT,4,"363,510","229,530","46,850","75,920","344,240","9,960","172,050","259,550","3,300","561,870","16,000","11,300",40,"4,670","2,140","67,700","79,150","13,544,918","363,510","13,695,611","305,220","10,897,302","74,870","111,782","5,980","18,540","43,930","151,099","40,100","88,535","4,110","3,589","54,140","593,402","34,650","53,956","28,050","316,252","51,710","818,048",330,"27,470","164,774","54,790","517,946","6,720","41,284","12,270","-42,023","70,200","150,693","5,940","1,612",790,"8,321","4,630","18,206","5,820","24,707","19,030","17,891","350,840","6,109,192","350,840","5,994,918","53,300","114,274","12,660","345,631","6,530","136,774","9,150","22,256","3,060","3,386","9,730","70,940","12,510","86,077","12,550","86,908","6,640","5,664","7,700","76,080",190,"1,934",260,291,240,"1,215","8,290","33,871",530,"7,405","45,720","71,094","354,920","7,081,050","352,690","768,742",20,774,"14,760","9,906","153,720","159,199","11,550","1,000","12,170","7,049","24,800","28,479","61,390","12,112","88,270","105,470","1,560","2,097","2,760","1,931","40,220","115,662","25,760","207,882","25,870","211,133","349,690","1,369,109","74,280","205,143",0,0,"38,960","70,514","24,800","87,401","10,520","47,228","64,930","176,351","64,050","127,963","14,910","13,183","7,910","12,456","279,330","609,543","296,850","730,807",80,92,10,5,"74,620","111,086","285,450","746,578","282,390","732,928","4,380","13,651"
CT,5,"273,520","163,200","53,370","44,610","259,710","6,930","138,780","182,610","3,420","432,680","8,100","4,910",0,"3,190",160,"37,370","76,840","16,901,747","273,520","17,070,270","229,420","13,120,218","86,190","148,499","7,900","25,788","52,010","212,176","47,930","127,423","8,560","7,056","38,750","496,244","40,620","90,170","30,010","443,726","54,870","1,339,540",330,"18,500","127,669","52,420","993,049","6,850","73,952","13,180","-44,891","65,610","168,523","8,450","2,385","1,140","14,281","4,810","24,939","6,660","32,394","24,490","22,085","250,370","4,573,922","250,370","4,466,732","49,940","107,191","23,140","600,948","7,680","169,796","20,590","71,939","2,280","3,483","19,870","133,394","23,040","185,816","23,080","186,150","13,050","9,896","17,420","161,642",370,"3,077",580,727,360,"1,810","15,460","64,090",830,"13,204","41,210","92,041","272,610","11,672,267","271,950","1,393,308",10,388,"10,360","15,062","99,140","180,604","16,430","1,782","8,720","5,044","15,890","21,103","19,720","3,442","65,200","134,253","2,640","7,244","5,560","4,644","28,150","96,180","14,330","123,712","14,220","132,152","268,190","1,659,244","6,340","5,690",0,0,0,0,"3,450","2,345","2,880","3,345","4,920","4,225","15,560","27,811","9,080","8,448","4,080","9,061","254,610","1,212,705","259,790","1,317,190",80,132,0,0,"72,150","147,870","200,350","487,002","196,870","468,881","4,850","18,121"
CT,6,"188,440","93,310","63,930","24,200","178,230","4,860","104,620","112,480","3,000","331,970","3,070","1,330",0,"1,740",0,"18,090","66,010","16,335,274","188,440","16,485,838","154,360","11,910,276","82,470","173,214","8,830","33,856","52,540","259,750","48,630","162,311","8,350","6,492","28,980","453,824","40,940","117,823","29,070","561,619","49,460","1,605,670",350,"12,450","87,359","47,050","1,164,318","6,900","95,672","11,990","-21,641","47,120","150,564","7,460","2,180","1,230","19,535","4,310","26,515","4,230","24,943","14,290","8,760","160,200","3,306,463","160,200","3,211,351","42,610","95,112","28,240","723,498","6,930","160,569","26,600","127,967","1,500","2,754","25,520","168,974","28,170","254,049","28,210","253,974","16,330","11,384","22,790","203,978",430,"3,614",780,"1,075",440,"2,726","19,410","82,024","1,050","15,226","36,510","95,666","187,900","12,231,877","187,610","1,663,964",20,225,"5,550","11,499","72,230","154,645","17,650","2,476","6,510","3,867","9,370","11,548",0,0,"48,580","115,309","2,480","11,274","6,350","5,566","21,730","85,852","6,970","66,140","7,190","72,792","185,850","1,827,095",0,0,0,0,0,0,0,0,0,0,0,0,"3,090","5,679","5,840","5,139","2,010","5,884","183,640","1,509,319","185,100","1,604,240",140,123,10,2,"63,050","165,299","124,730","384,976","120,970","364,988","5,060","19,987"
CT,7,"346,700","90,970","224,620","23,350","328,160","9,260","205,800","182,450","6,750","783,670","2,540",970,0,"1,570",0,"21,640","133,650","48,601,609","346,700","49,113,817","287,690","34,439,741","200,950","623,712","27,690","135,156","139,780","1,060,375","130,850","683,362","7,790","7,706","66,520","1,524,716","113,450","666,640","68,930","2,054,292","105,490","4,686,805",860,"25,790","185,800","92,910","2,968,841","22,940","539,191","24,960","69,626","104,820","512,208","21,120","6,916","5,350","97,654","11,400","98,497","9,680","63,333","26,750","22,576","288,160","7,187,660","288,160","6,984,520","84,000","203,139","58,540","1,823,225","12,530","374,440","55,300","448,050","2,990","5,979","53,070","423,872","58,390","563,307","58,480","562,224","32,320","25,724","46,960","525,188",890,"8,812","1,930","2,319","1,750","13,956","44,270","271,969","2,890","63,845","95,920","374,350","346,110","39,239,249","345,700","5,941,830",140,"1,892","7,120","22,916","178,120","462,659","52,240","11,731","25,560","16,244","20,790","28,344",0,0,"122,380","324,086","5,790","43,831","18,590","17,639","52,040","282,311","8,490","76,446","8,760","89,694","343,710","6,126,178",0,0,0,0,0,0,0,0,0,0,0,0,"1,920","4,860","14,210","13,331","2,550","10,302","343,070","5,479,171","344,130","5,792,788","6,490","1,752","1,980",563,"137,520","586,108","208,200","907,859","195,660","804,291","16,550","103,568"
CT,8,"164,030","20,170","136,540","5,340","156,240","4,360","107,430","59,840","5,060","446,230",260,140,0,120,0,"4,080","58,270","47,639,359","164,030","48,352,423","142,010","33,480,856","128,350","799,985","27,130","248,593","104,490","1,714,014","99,310","1,140,305","1,620","3,456","39,340","2,114,484","92,060","1,592,104","35,570","1,961,970","43,540","2,653,849",490,"9,510","75,785","34,030","1,312,389","27,230","1,969,783","14,220","145,951","52,530","713,064","9,840","3,149","8,640","275,589","10,410","153,001","2,620","24,077",0,0,"122,120","3,282,296","122,120","3,206,599","30,660","75,697","41,900","1,779,334","4,800","215,623","39,040","795,988","2,710","6,402","38,230","484,540","41,840","415,660","41,880","416,706","21,330","22,626","34,900","617,459",740,"10,886","1,580","1,323","3,760","45,478","35,190","360,980","2,560","110,050","74,460","595,236","163,940","41,986,130","163,880","8,105,776",320,"4,051","2,120","14,282","108,510","318,689","47,870","35,013","19,290","11,734",0,0,0,0,"71,140","199,347","2,810","32,492","10,450","11,119","34,840","331,794",0,0,"2,330","23,860","162,980","8,177,642",0,0,0,0,0,0,0,0,0,0,0,0,230,570,0,0,0,0,"163,690","7,787,087","163,910","8,304,302","83,400","69,409","85,290","83,336","84,600","884,617","78,900","740,457","64,520","492,211","17,530","248,247"
CT,9,"30,840","2,940","26,610",910,"29,590",760,"24,780","6,210","1,370","91,230",0,0,0,0,0,150,"10,270","20,858,997","30,840","21,240,616","26,820","13,528,019","28,600","537,531","9,870","180,307","25,990","1,127,377","25,020","741,224",340,"1,852","8,580","980,026","24,930","1,271,879","6,260","521,018","5,480","389,079",90,980,"8,435","4,920","205,066","11,880","2,180,009","4,600","83,985","12,220","381,619",710,211,"3,800","178,931","3,720","76,807",450,"5,173",0,0,"15,200","410,416","15,200","400,862","3,890","9,554","15,630","875,296",420,"32,463","14,720","764,547",880,"2,614","14,430","274,183","15,610","155,782","15,620","157,233","7,210","9,893","13,290","286,168",440,"9,047",610,295,"3,280","68,236","14,020","248,027","1,160","73,009","18,770","240,679","30,820","19,334,023","30,820","4,909,992",290,"5,053",220,"2,235","18,520","61,944","15,360","37,176","3,320","2,010",0,0,0,0,220,240,420,"6,217","1,530","1,779","9,350","139,909",0,0,220,"2,240","30,670","5,001,041",0,0,0,0,0,0,0,0,0,0,0,0,0,0,0,0,0,0,"30,810","4,848,048","30,830","5,184,756","25,140","87,625","27,270","96,953","17,510","603,872","13,170","406,994","6,920","149,862","7,220","257,132"
CT,10,"16,460","1,350","14,430",410,"15,870",390,"15,010","2,370",730,"50,800",0,0,0,0,0,30,"5,770","54,752,381","16,460","55,235,150","13,630","21,603,853","16,140","4,703,100","8,640","554,971","15,380","4,808,638","14,950","3,050,329",390,"10,030","4,440","1,116,646","15,310","12,715,135","2,930","303,959","2,540","254,873",90,250,"2,265","2,350","102,409","10,790","6,965,558","4,600","156,201","7,740","482,769",140,43,"2,780","197,560","3,240","85,166",240,"2,679",0,0,"4,610","124,658","4,610","121,492","1,290","3,166","11,850","2,517,229",100,"10,055","11,380","2,968,869",440,"3,176","10,640","376,171","11,840","118,216","11,850","133,124","5,240","11,158","8,520","185,596",450,"10,201",380,193,"5,440","697,187","11,240","1,346,892","2,300","133,872","12,440","930,095","16,450","51,193,480","16,450","15,574,040","1,220","29,882",60,589,"12,250","357,097","11,220","289,096","1,010",664,0,0,0,0,0,0,160,"3,274",500,591,"6,220","223,494",0,0,60,589,"16,400","17,917,176",0,0,0,0,0,0,0,0,0,0,0,0,0,0,0,0,0,0,"16,440","15,216,942","16,460","16,578,643","13,520","203,126","15,590","689,719","6,980","1,052,566","9,410","2,364,739","2,740","778,471","7,330","1,586,268"
DE,0,"507,390","250,700","170,960","70,870","473,250","16,510","243,710","307,450","5,930","908,120","11,940","5,170",20,"6,750","1,280","70,580","163,120","44,635,426","505,390","45,040,246","396,350","28,651,530","169,450","720,074","22,800","156,406","114,080","1,376,022","106,080","956,127","15,830","18,284","80,730","979,199","93,230","1,830,860","69,660","1,881,055","126,300","4,194,757","1,770","11,430","62,482","109,690","2,474,010","24,820","2,425,090","21,010","99,283","100,880","404,820","12,840","3,903","2,670","86,716","9,520","87,262","7,090","38,281","21,860","18,520","454,160","8,969,712","454,160","8,715,794","111,390","253,918","48,120","1,796,624","11,600","276,114","44,980","629,622",780,"2,406","41,380","174,551","47,320","365,199","47,410","366,203","4,850","5,828","38,610","513,174",780,"8,017","2,360","3,065","2,000","52,970","36,830","445,437","2,900","124,260","79,160","491,798","418,890","34,186,330","418,250","5,955,483",330,"5,732","12,940","22,185","190,850","406,423","39,450","48,945","20,930","12,914","21,150","22,364","30,930","6,122","118,100","248,125","4,500","20,002","12,030","11,556","57,260","212,453","19,890","163,744","21,450","182,515","478,540","6,533,872","69,440","185,959","17,750","6,355","25,660","66,719","16,820","69,272","9,220","43,611","61,530","163,853","52,100","100,189","16,010","13,667","6,940","9,670","373,120","5,549,059","398,190","5,892,901","19,250","30,039","21,600","75,500","139,820","693,853","350,990","1,322,998","340,780","1,049,389","13,490","273,607"
DE,1,"5,080","3,430","1,200",240,"3,420",810,"2,470","1,590",100,"7,010",80,50,0,20,0,290,"2,390","-215,825","3,090","-207,409",940,"43,484","1,200","6,216",150,848,850,"6,207",760,"4,280",60,147,"1,780","-51,837","1,130","8,431",290,"3,578",410,"6,272",130,40,224,0,0,650,"-84,917",600,"-12,593",630,"8,416",20,6,0,0,120,776,40,203,140,183,0,0,0,0,0,0,0,0,0,0,0,0,0,0,0,0,0,0,0,0,0,0,0,0,0,0,0,0,0,0,0,0,0,0,0,0,0,0,170,426,0,0,150,36,50,43,0,0,0,0,0,0,0,0,20,26,0,0,0,0,350,"1,036",460,"5,294",500,"5,184","2,250","16,374",270,428,170,49,60,150,30,123,20,105,190,312,150,369,170,154,280,478,130,382,560,"1,563",30,39,0,0,320,538,"2,140","15,336","2,040","12,935",130,"2,402"
DE,2,"46,240","38,380","3,490","3,630","40,630","3,060","18,610","25,060",320,"44,620","1,980","1,020",0,960,410,"4,670","10,730","238,565","46,230","243,772","29,750","182,764","7,620","5,818",490,735,"4,310","7,346","3,900","4,149",150,107,"9,850","23,150","3,360",-865,"2,450","9,689","5,150","24,899",80,470,"1,631",660,"1,273",560,"-3,262",640,-655,"8,160","5,207",90,23,20,148,320,941,110,400,450,430,"45,770","608,928","45,770","590,884","8,670","18,044",460,"11,727",340,"7,053",220,453,30,18,270,"1,042",380,"1,245",380,"1,290",30,32,230,"2,767",0,0,20,75,10,62,230,319,10,134,130,22,"1,020","1,996","1,220",346,0,0,470,173,340,50,170,11,0,0,20,2,30,11,50,22,0,0,10,3,"7,470","4,869","1,240","11,392","1,300","11,613","33,320","31,698","12,870","13,183","8,630","3,446","2,610","5,480","1,110","2,772",520,"1,485","11,060","11,640","3,660","2,714","1,190","1,060",570,583,"1,060",297,"8,880","5,290",10,4,10,0,"6,240","3,016","31,080","29,399","30,930","29,003",200,395
DE,3,"75,500","51,450","7,600","14,860","70,710","2,280","31,640","56,820",530,"109,570","2,900","1,420",0,"1,480",480,"16,420","18,910","1,307,497","75,500","1,326,390","56,410","959,933","12,110","15,256",950,"1,925","6,730","17,510","6,100","9,747",370,332,"14,440","103,357","5,360","2,914","5,720","43,394","12,750","140,680",140,"2,080","10,870","11,340","30,034","1,080",-445,"1,290",268,"13,710","18,893",410,107,40,363,610,"1,669",420,"1,335","1,260","1,238","74,430","1,257,949","74,430","1,226,383","15,060","31,567","1,060","27,334",730,"14,417",630,"1,147",60,65,640,"2,033",920,"2,855",930,"3,003",100,98,560,"6,663",20,139,20,3,10,109,640,"2,242",50,490,"4,490","2,753","40,710","197,031","40,530","19,883",0,0,"1,170",442,"13,920","4,229",720,42,670,162,"2,610","1,182","4,930",949,"5,440","1,684",150,82,200,88,"11,430","21,008","3,410","28,098","3,520","28,077","69,500","197,441","26,800","92,673","8,960","2,860","9,360","35,975","5,550","33,653","2,930","20,185","23,770","80,968","17,010","32,258","2,970","2,516","1,670","1,641","30,650","15,653","40,460","37,304",0,0,0,0,"8,300","8,989","64,170","168,964","63,860","167,832",460,"1,132"
DE,4,"115,210","68,540","16,860","25,720","108,760","2,960","47,720","82,090",860,"189,810","3,620","1,840",20,"1,760",370,"24,130","27,890","4,271,817","115,210","4,307,386","95,990","3,417,485","21,840","32,911","1,780","4,975","12,300","39,782","11,230","22,486","1,230","1,100","14,450","102,272","9,570","12,237","9,510","107,888","20,510","352,635",240,"3,280","17,918","21,010","198,275","2,290","11,315","2,290","1,288","17,460","35,569","1,750",475,110,"1,549","1,080","4,020","1,490","5,645","4,590","4,152","111,860","1,993,708","111,860","1,949,872","20,030","43,836","3,350","87,123","1,850","35,269","2,680","5,804",130,246,"2,270","7,067","3,150","11,929","3,170","12,441",450,627,"2,090","23,042",50,424,110,209,60,327,"2,200","12,213",190,"2,818","11,630","16,638","112,260","2,189,513","111,730","237,078",20,338,"4,160","2,918","51,350","56,222","3,350",243,"4,660","2,789","6,690","6,980","20,050","4,128","31,300","38,486",850,"1,325","1,200",932,"9,310","24,879","7,020","54,337","7,140","55,837","111,390","430,457","27,230","77,512",0,0,"13,630","25,114","9,030","31,954","4,570","20,443","24,610","69,224","23,900","50,357","4,250","3,552","2,440","3,009","84,960","180,857","89,880","207,557",30,31,0,0,"23,720","30,097","90,340","252,504","89,700","249,836",940,"2,668"
DE,5,"77,170","41,520","19,030","12,990","72,440","2,100","35,690","49,890",750,"131,950","1,780",620,0,"1,160",20,"11,870","24,950","4,752,810","77,170","4,786,335","62,680","3,513,110","22,810","43,615","2,150","6,702","13,660","54,303","12,550","32,208","2,540","2,280","9,630","83,147","10,510","21,837","9,860","152,157","20,050","498,555",220,"1,680","9,353","18,920","366,542","2,230","15,639","2,550","-2,466","14,860","33,525","2,140",601,120,"1,294","1,020","5,366","1,460","6,529","5,290","4,709","71,410","1,366,421","71,410","1,327,528","17,520","38,893","5,760","151,427","2,120","43,479","5,190","16,995",140,284,"4,590","14,109","5,620","28,265","5,640","28,589",740,"1,076","4,380","47,515",100,886,210,359,70,459,"4,030","25,273",310,"4,601","10,430","21,815","76,950","3,219,902","76,810","380,625",0,0,"2,730","3,973","30,430","59,771","4,300",486,"2,890","1,807","3,990","4,789","5,920","1,034","20,560","44,598",880,"2,472","1,830","1,680","6,180","18,919","3,710","31,479","3,820","34,235","75,650","437,122","2,280","2,163",0,0,0,0,"1,110",770,"1,180","1,393","1,900","1,709","5,700","11,095","2,360","2,031","1,020","1,878","70,560","320,855","72,020","342,181",20,18,0,0,"21,830","42,082","55,020","136,324","54,220","133,301","1,130","3,023"
DE,6,"52,690","22,160","21,830","6,630","49,570","1,420","27,590","29,840",650,"100,140",800,130,0,670,0,"5,600","20,740","4,569,735","52,690","4,598,088","41,380","3,116,817","21,560","49,374","2,430","8,478","13,630","66,999","12,600","40,818","3,380","3,206","7,110","73,958","10,640","32,052","9,500","191,083","17,590","581,502",200,"1,230","6,854","16,360","424,493","2,200","29,307","2,540",807,"10,730","28,353","1,900",563,150,"2,126",890,"5,611",870,"4,767","3,310","2,111","45,720","995,331","45,720","962,178","14,540","33,152","6,970","183,360","1,830","37,669","6,590","29,368",130,409,"5,960","18,392","6,890","44,865","6,900","44,940",790,"1,001","5,690","61,785",110,795,280,504,80,488,"4,930","31,093",340,"5,997","9,390","22,831","52,580","3,370,889","52,510","449,161",0,0,"1,610","3,455","21,680","50,375","4,670",665,"2,250","1,442","2,490","2,755",0,0,"14,770","37,610",700,"3,061","1,830","1,742","4,650","16,339","1,890","17,350","2,090","20,232","51,960","475,825",0,0,0,0,0,0,0,0,0,0,0,0,"1,150","2,107","1,510","1,217",490,938,"51,110","398,786","51,510","417,586",30,28,0,0,"19,100","48,769","33,400","106,145","32,490","101,624","1,290","4,521"
DE,7,"96,120","20,580","67,720","5,760","90,520","2,680","53,760","49,350","1,620","222,230",750,100,0,650,0,"6,730","41,270","13,335,670","96,120","13,424,592","76,190","8,809,814","52,230","167,901","7,380","32,323","37,170","261,593","34,750","169,202","6,640","7,514","15,410","249,284","29,890","168,311","22,470","721,995","36,840","1,701,441",470,"2,070","11,930","31,400","1,061,552","6,860","167,152","6,350","18,027","24,030","88,922","4,900","1,618",640,"10,442","2,430","20,681","2,070","13,230","6,830","5,697","78,520","2,027,988","78,520","1,959,905","27,410","68,082","17,600","560,583","3,590","87,370","17,060","127,602",190,728,"15,760","55,381","17,500","150,055","17,530","148,837","1,800","2,074","14,970","186,091",260,"2,483",810,"1,116",380,"2,468","13,630","108,651","1,010","23,410","24,720","84,364","96,020","10,665,285","95,940","1,578,821",20,129,"2,090","7,148","48,650","127,303","13,840","3,084","6,990","4,631","5,350","6,656",0,0,"32,940","89,750","1,320","7,994","4,820","4,779","10,810","47,594","2,160","15,794","2,490","22,055","95,360","1,591,709",0,0,0,0,0,0,0,0,0,0,0,0,480,"1,189","3,570","3,137",460,"1,143","95,330","1,451,518","95,510","1,508,030","1,410",846,440,114,"39,490","160,562","56,410","241,540","53,440","221,665","4,040","19,874"
DE,8,"33,790","3,950","28,530",930,"31,900","1,030","21,480","11,930",910,"88,220",50,0,0,50,0,860,"13,740","9,489,115","33,790","9,578,550","28,480","6,248,594","24,880","157,892","5,380","40,496","20,760","318,428","19,730","215,413","1,270","2,194","6,650","253,797","18,180","367,746","8,530","514,211","11,670","782,199",230,540,"3,358","8,700","338,256","5,940","435,605","3,370","33,267","8,780","89,435","1,550",484,910,"28,113","1,840","24,288",530,"4,733",0,0,"23,900","650,115","23,900","631,893","7,300","18,223","9,890","433,612","1,090","43,341","9,670","163,784",100,571,"9,090","45,778","9,850","95,959","9,860","95,959",820,773,"8,430","139,976",160,"1,803",660,682,630,"8,346","8,380","104,961",710,"37,279","14,560","114,274","33,770","8,292,845","33,760","1,573,099",60,723,490,"3,415","21,060","57,402","9,460","5,776","3,180","1,911",0,0,0,0,"12,980","35,921",530,"4,147","1,920","2,068","5,320","40,254",0,0,520,"4,657","33,570","1,538,647",0,0,0,0,0,0,0,0,0,0,0,0,50,100,0,0,0,0,"33,740","1,515,697","33,770","1,588,987","13,970","10,421","16,120","15,937","17,900","186,328","15,790","132,832","13,060","94,132","3,470","38,699"
DE,9,"3,930",480,"3,330",80,"3,730",130,"3,210",680,140,"10,250",0,0,0,0,0,20,"1,720","2,611,383","3,930","2,659,796","3,240","1,335,149","3,590","71,571","1,290","23,611","3,180","152,612","3,030","106,030",120,443,"1,000","96,938","3,110","234,214",990,"95,591","1,000","82,682",40,40,344,920,"37,721","1,840","468,469",830,"23,424","1,660","48,413",60,20,420,"20,753",730,"13,146",90,"1,120",0,0,"2,040","55,245","2,040","53,559",690,"1,686","1,890","127,812",60,"7,516","1,850","82,396",10,57,"1,750","14,271","1,890","18,717","1,890","18,818",100,106,"1,510","30,003",40,736,160,98,320,"8,510","1,710","39,566",140,"18,851","2,510","52,405","3,930","2,378,581","3,930","588,142",40,855,50,457,"2,230","10,390","1,910","6,609",240,140,0,0,0,0,30,28,50,602,170,184,"1,130","16,811",0,0,50,457,"3,910","585,859",0,0,0,0,0,0,0,0,0,0,0,0,0,0,0,0,0,0,"3,920","577,751","3,930","619,117","2,640","8,093","3,470","14,871","2,220","92,677","1,700","57,865",800,"19,302","1,030","38,563"
DE,10,"1,660",210,"1,390",30,"1,580",50,"1,530",190,50,"4,330",0,0,0,0,0,0,780,"4,274,659","1,660","4,322,746","1,300","1,024,380","1,620","169,520",790,"36,313","1,480","451,242","1,430","351,794",60,961,420,"45,133","1,500","983,983",340,"41,469",330,"23,892",30,0,0,370,"15,864","1,190","1,386,227",550,"37,916",860,"48,087",20,6,260,"21,928",490,"10,764",30,319,0,0,520,"14,027",520,"13,592",180,435,"1,150","213,646",0,0,"1,100","202,073",10,28,"1,050","16,478","1,140","11,309","1,140","12,326",30,41,760,"15,332",40,751,110,19,430,"32,201","1,080","121,119",150,"30,680","1,300","176,696","1,660","3,870,288","1,660","1,127,902",200,"3,687",20,168,"1,140","40,638","1,040","32,029",50,32,0,0,0,0,0,0,20,319,60,80,600,"20,744",0,0,20,168,"1,650","1,228,740",0,0,0,0,0,0,0,0,0,0,0,0,0,0,0,0,0,0,"1,660","1,087,263","1,660","1,165,286","1,110","10,559","1,550","44,578",700,"120,795",950,"182,089",240,"19,759",800,"162,330"
DC,0,"348,640","228,800","58,380","49,470","322,750","12,690","152,550","203,860","6,420","533,730","6,550","3,770",20,"2,760",770,"49,360","63,790","49,960,286","346,960","50,593,958","296,770","32,368,982","128,610","1,023,329","23,820","218,299","102,220","2,023,704","96,650","1,335,114","15,080","23,197","68,760","1,311,098","83,200","5,857,656","23,430","810,772","44,150","2,154,211",240,"10,180","69,560","29,990","697,838","16,920","3,370,229","18,310","413,477","80,710","633,672","6,670","1,890","6,080","276,993","8,290","89,482","4,680","19,791","17,890","13,775","275,660","4,638,616","275,660","4,572,166","32,400","66,448","68,960","3,186,983","12,090","264,309","64,430","1,788,200","3,690","9,400","57,040","408,725","68,620","604,148","68,700","601,687","7,370","6,742","54,530","883,390","1,400","19,443","2,780","2,563","3,580","247,781","54,790","1,110,727","2,730","56,473","76,810","342,052","301,910","42,466,193","300,930","9,175,990",430,"8,447","2,190","3,046","122,730","314,166","47,660","126,324","15,620","9,026","13,520","16,041","13,390","2,490","58,230","112,971","2,390","12,669","3,990","4,221","49,950","330,933","3,310","13,362","3,540","13,216","332,760","10,234,395","43,900","112,176","13,090","4,590","15,760","41,707","9,700","40,339","5,350","25,543","38,290","97,133","30,440","54,311","7,440","6,864","1,810","3,714","276,540","8,861,821","292,520","9,514,431","39,800","86,548","37,320","190,891","109,450","673,425","229,780","1,378,892","219,020","741,620","13,030","637,269"
DC,1,"4,010","3,160",440,230,"2,550",670,"1,800","1,270",100,"4,920",50,40,0,10,0,230,"1,570","-337,610","2,330","-333,424",740,"50,405",870,"11,847",120,"1,269",730,"8,792",640,"5,153",70,244,"1,410","-70,140",870,"83,554",110,"2,961",200,"4,746",10,50,405,10,65,500,"-170,459",570,"-18,534",630,"4,186",30,8,10,441,130,"1,120",30,141,160,206,0,0,0,0,0,0,0,0,0,0,0,0,0,0,0,0,0,0,0,0,0,0,0,0,0,0,0,0,0,0,0,0,0,0,0,0,0,0,40,232,10,178,20,6,20,95,0,0,0,0,0,0,0,0,0,0,0,0,0,0,330,"1,204",110,888,120,762,"1,730","15,205",200,210,150,41,30,93,20,76,0,0,120,160,110,262,140,131,90,156,30,137,480,"1,995",60,79,0,0,270,833,"1,610","14,020","1,520","10,117",120,"3,902"
DC,2,"24,890","20,530",690,"3,140","22,010","1,410","10,270","14,370",210,"27,790","1,500",810,0,690,320,"3,980","4,960","123,787","24,890","128,090","15,630","106,977","3,920","2,478",290,284,"2,630","4,521","2,380","2,865",190,202,"6,470","13,447","1,960",275,620,"2,485","1,800","8,902",20,420,"2,046",170,600,230,"-2,219",410,"-1,195","5,470","4,303",120,30,10,110,170,839,100,306,310,291,"24,460","335,130","24,460","327,911","3,760","7,219",420,"9,581",230,"4,221",170,503,160,107,260,"1,279",390,"1,541",390,"1,559",30,34,240,"3,309",0,0,0,0,20,50,200,330,0,0,180,15,880,"2,326",750,290,0,0,70,16,300,41,230,17,0,0,30,16,20,5,30,16,0,0,0,0,"4,990","3,597",220,"1,015",240,951,"18,460","22,074","10,470","10,650","6,940","2,733","2,150","4,399",890,"2,154",490,"1,365","8,680","9,110","2,890","1,946",880,832,120,178,680,248,"5,890","3,953",0,0,0,0,"3,870","1,921","16,490","20,025","16,290","19,415",230,609
DC,3,"40,060","27,070","1,390","10,810","36,960","1,610","17,260","31,520",320,"62,060","1,350",880,0,470,290,"11,680","6,070","692,958","40,060","708,223","31,160","551,577","4,630","5,193",370,715,"2,960","8,560","2,690","5,146",410,588,"11,390","72,477","2,440","3,092",950,"7,797","3,570","43,535",0,"1,690","11,218","2,250","5,880",420,"-1,998",720,"-1,095","10,480","15,265",380,101,40,304,330,"1,447",330,"1,110",940,909,"39,170","637,882","39,170","629,850","4,170","8,032",890,"20,843",540,"8,308",510,"1,101",280,314,530,"2,448",850,"3,417",850,"3,441",80,97,480,"5,794",20,202,20,28,20,33,570,"2,517",60,598,"3,430","2,072","22,470","110,765","22,110","11,076",0,0,110,19,"8,690","2,789",540,54,410,98,"2,000",976,"2,730",574,"3,390","1,044",30,17,30,10,"8,980","16,199",610,"2,816",530,"2,082","37,170","122,640","18,040","62,234","6,000","1,816","6,300","24,212","3,690","22,192","2,060","14,015","15,730","52,479","11,490","21,171","1,720","1,657",430,821,"15,620","8,287","22,860","24,884",10,3,10,5,"4,940","6,232","33,960","103,871","33,790","103,278",250,593
DC,4,"62,320","41,510","3,000","16,020","57,590","2,470","27,370","45,630",540,"95,740","2,040","1,310",0,730,150,"14,630","10,130","2,334,307","62,320","2,359,346","55,310","2,055,981","9,250","10,395",800,"2,531","5,850","18,931","5,400","11,778","1,400","1,728","10,850","44,233","4,760","10,231","1,600","18,261","6,480","143,605",20,"2,650","17,723","4,810","38,019",690,"-10,431","1,140","-3,949","11,400","25,039","1,200",326,130,"1,355",700,"3,558","1,060","3,685","3,140","2,799","59,010","973,491","59,010","961,867","6,050","11,624","3,310","87,299","1,790","28,071","2,660","6,932",490,991,"1,600","7,328","3,230","14,100","3,250","14,436",460,738,"1,440","16,955",40,406,60,97,40,177,"2,650","23,737",250,"3,134","7,170","10,966","61,580","1,269,484","61,280","137,350",10,140,700,500,"28,320","33,332","1,920",225,"3,120","1,903","5,130","6,703","9,040","1,649","17,440","22,156",280,355,170,128,"6,350","15,810","1,370","5,051","1,160","4,293","60,310","240,958","14,200","38,359",0,0,"7,280","13,003","4,640","15,661","2,290","9,695","12,930","34,789","12,700","25,171","2,330","2,127",720,"1,436","46,940","104,018","49,170","120,817",30,101,0,0,"12,730","18,920","49,150","138,742","48,810","136,908",460,"1,833"
DC,5,"55,520","41,430","3,280","8,840","51,650","1,880","21,210","36,460",680,"76,070","1,090",600,20,470,20,"8,550","9,030","3,447,681","55,520","3,480,030","50,110","3,035,970","14,510","15,978","1,400","3,548","10,000","28,049","9,280","17,272","2,500","3,149","8,140","57,319","7,310","19,408","1,980","27,926","6,330","213,200",20,"1,640","10,056","4,440","69,610",870,"-9,578","1,510","-9,690","14,190","32,349","1,450",399,230,"3,162",730,"4,527","1,500","5,234","7,110","6,149","49,920","795,436","49,920","785,590","5,070","9,846","5,600","160,716","2,470","41,113","5,000","19,049",470,977,"3,410","14,000","5,530","31,601","5,550","31,933",770,"1,067","3,230","37,172",70,708,100,210,60,400,"4,530","44,654",330,"4,379","7,820","14,040","55,330","2,482,281","55,230","303,091",0,0,600,852,"17,430","31,534","3,610",416,"2,120","1,348","3,790","5,344","1,620",262,"10,550","22,235",380,913,300,248,"4,850","15,047",580,"2,033",730,"2,412","54,520","347,094",990,723,0,0,0,0,470,256,520,468,850,595,"2,630","4,517","1,430","1,323",260,572,"52,400","271,557","52,930","288,179",30,49,0,0,"15,850","27,150","39,390","85,612","38,950","82,873",580,"2,739"
DC,6,"40,230","31,360","3,150","4,050","37,520","1,210","14,890","22,020",750,"51,920",300,80,0,210,0,"3,980","6,620","3,491,471","40,230","3,513,309","36,190","3,025,311","15,450","20,272","1,850","4,214","11,600","39,779","10,880","25,850","3,060","3,780","5,970","49,167","8,480","15,788","2,120","37,561","5,250","227,462",20,820,"5,187","3,640","75,938",910,"3,549","1,820","-7,095","9,670","21,838","1,060",299,210,"3,074",600,"3,891",530,"1,892","4,460","1,989","33,260","526,851","33,260","520,057","3,380","6,793","6,970","194,312","1,960","31,565","6,540","36,613",340,855,"5,230","20,685","6,920","51,474","6,940","51,457",870,830,"5,000","57,113",110,"1,327",180,312,80,412,"5,380","47,305",320,"4,666","7,800","13,671","40,150","2,759,727","40,110","407,407",0,0,270,504,"11,340","17,638","4,610",582,"1,010",615,"1,510","1,645",0,0,"5,410","12,181",350,"1,182",360,325,"3,670","13,338",230,808,310,"1,078","39,750","433,937",0,0,0,0,0,0,0,0,0,0,0,0,360,622,480,376,100,251,"39,710","389,768","39,830","404,711",50,27,10,4,"16,060","31,585","23,920","60,288","23,420","57,458",630,"2,830"
DC,7,"70,930","48,870","13,300","4,930","66,400","1,940","28,940","36,370","1,930","99,930",190,50,0,140,0,"5,110","13,480","9,850,931","70,930","9,921,127","63,320","8,189,278","39,080","87,396","6,420","22,120","31,340","192,639","29,630","128,403","6,000","7,963","12,180","215,033","24,570","99,133","6,830","180,450","10,990","640,718",40,"1,360","9,473","7,670","218,143","3,150","40,360","5,570","6,663","13,360","70,196","1,680",496,920,"18,815","1,630","13,599",790,"4,713","1,760","1,432","46,610","817,914","46,610","805,535","5,650","12,379","24,320","730,184","3,490","74,639","23,370","227,269",810,"2,107","20,890","99,706","24,270","229,371","24,290","225,334","2,780","2,158","20,140","268,390",530,"5,550",880,897,480,"2,669","18,420","142,427",690,"10,273","21,680","52,329","70,830","8,268,047","70,770","1,431,835",30,511,300,748,"24,940","39,407","14,350","3,773","2,150","1,230","1,050","1,357",0,0,"10,180","23,614",640,"3,405","1,240","1,246","8,250","44,457",200,751,340,"1,209","70,370","1,497,610",0,0,0,0,0,0,0,0,0,0,0,0,210,493,470,418,100,300,"70,570","1,392,428","70,670","1,440,955","4,080","1,009","1,310",316,"29,820","99,137","40,720","154,127","38,830","137,605","2,430","16,522"
DC,8,"39,740","12,940","24,580","1,180","37,620","1,190","21,850","14,220","1,480","85,970",30,0,0,30,0,"1,150","8,860","11,892,240","39,740","12,032,009","35,240","9,135,769","30,740","155,836","8,050","54,925","27,490","413,880","26,400","279,931","1,080","2,559","9,360","431,300","23,650","309,005","6,940","328,913","7,480","639,001",80,"1,250","10,477","5,350","211,658","5,130","295,362","4,280","27,153","10,520","139,769",720,218,"2,070","64,695","1,990","23,410",290,"2,171",0,0,"20,430","479,869","20,430","471,214","3,580","8,655","19,300","770,473","1,450","58,581","18,470","425,844",750,"2,083","17,580","140,173","19,290","191,391","19,290","190,331","1,910","1,321","17,060","336,928",360,"5,650",980,724,"1,080","8,964","15,680","157,755",480,"11,705","21,100","87,053","39,720","10,555,912","39,700","2,166,827",80,"1,054",90,327,"23,750","56,649","15,530","10,820","5,080","2,754",0,0,0,0,"11,210","31,696",550,"4,176","1,470","1,749","8,190","75,675",0,0,100,355,"39,540","2,221,086",0,0,0,0,0,0,0,0,0,0,0,0,60,129,0,0,0,0,"39,680","2,110,178","39,730","2,242,739","26,330","22,983","25,980","21,666","20,820","197,853","18,730","172,647","15,170","112,310","4,360","60,337"
DC,9,"7,580","1,410","5,860",180,"7,250",220,"5,840","1,560",310,"19,800",0,0,0,0,0,50,"2,000","5,053,560","7,580","5,168,668","6,530","3,256,399","6,870","94,070","2,710","38,047","6,460","263,218","6,270","179,513",200,963,"2,040","222,820","6,060","283,203","1,610","132,121","1,450","157,369",20,260,"2,504","1,140","53,927","2,610","641,879","1,260","9,211","2,940","115,108",40,13,"1,230","67,590",990,"15,757",40,399,0,0,"2,240","57,616","2,240","56,131",580,"1,485","5,340","286,832",130,"11,420","5,040","283,162",270,791,"4,960","60,789","5,330","53,211","5,340","53,406",360,355,"4,710","106,181",160,"3,574",360,228,810,"11,155","4,700","93,904",260,"6,938","5,040","34,071","7,580","4,675,723","7,580","1,198,386",80,"1,054",20,74,"5,210","18,888","4,370","13,296","1,310",770,0,0,0,0,40,29,110,"1,130",340,409,"2,510","46,893",0,0,20,74,"7,540","1,269,217",0,0,0,0,0,0,0,0,0,0,0,0,0,0,0,0,0,0,"7,570","1,179,498","7,580","1,279,365","6,350","21,983","6,810","22,400","3,990","123,376","3,560","110,573","1,700","33,804","2,100","76,769"
DC,10,"3,370",500,"2,700",90,"3,220",100,"3,130",450,120,"9,520",0,0,0,0,0,0,"1,080","13,410,961","3,370","13,616,580","2,540","2,961,315","3,290","619,864","1,820","90,646","3,160","1,045,335","3,080","679,203",180,"2,021",950,"275,442","3,100","5,033,967",670,"72,297",610,"75,673",20,50,471,520,"23,998","2,410","2,583,764","1,020","412,008","2,050","205,619",0,0,"1,220","117,447","1,030","21,334",20,140,0,0,560,"14,427",560,"14,011",170,415,"2,810","926,743",30,"6,391","2,670","787,727",120,"1,175","2,580","62,317","2,810","28,042","2,810","29,790",110,142,"2,230","51,548",100,"2,026",200,67,990,"223,921","2,670","598,098",360,"14,780","2,600","127,835","3,370","12,341,928","3,370","3,519,496",210,"5,510",0,0,"2,730","113,793","2,500","97,141",440,308,0,0,0,0,0,0,70,"1,491",80,106,"1,830","98,713",0,0,0,0,"3,360","4,064,574",0,0,0,0,0,0,0,0,0,0,0,0,0,0,0,0,0,0,"3,360","3,405,702","3,370","3,706,833","2,850","40,314","3,190","146,500","1,120","166,418","2,240","518,987",540,"47,852","1,870","471,135"
FL,0,"11,218,030","5,684,260","3,548,530","1,665,940","10,442,150","403,670","6,226,620","6,872,670","169,840","19,851,180","178,580","84,240","3,120","91,220","14,840","1,624,870","3,280,910","1,100,280,840","11,155,480","1,110,373,680","8,474,170","617,749,724","3,322,280","33,484,407","455,840","8,043,995","2,227,020","56,437,914","2,008,700","37,940,771","24,810","77,041","2,868,720","23,114,422","2,036,090","116,963,308","1,210,020","36,699,826","2,058,430","67,146,639","34,370","102,650","443,887","1,944,890","41,098,568","986,970","102,845,267","532,660","2,216,558","2,696,420","10,092,840","201,650","60,884","41,310","1,342,873","263,550","2,151,923","190,220","1,036,096","355,590","270,771","10,117,910","196,858,408","10,117,910","192,086,904","2,139,950","4,771,505","904,390","52,557,660","297,750","6,785,459","99,520","4,138,855","680,140","1,673,497","726,990","7,306,759","865,380","6,102,622","867,110","6,451,149","164,430","217,813","631,340","9,708,371","16,290","230,376","27,730","95,128","71,150","5,868,737","674,870","17,336,957","93,000","5,527,644","1,923,720","20,531,307","8,809,370","863,704,787","9,039,180","174,985,962","15,860","300,526","1,174,540","1,327,658","4,210,790","10,105,618","745,280","2,244,330","428,100","265,965","514,740","512,813","734,160","159,011","2,505,640","4,664,203","198,070","865,982","177,070","151,091","1,812,810","5,601,214","1,735,500","12,801,254","1,879,300","14,561,923","10,334,160","196,964,129","2,145,320","5,687,835","703,930","268,677","771,500","2,231,783","471,430","2,171,242","198,460","1,016,133","1,764,530","4,566,786","1,341,200","2,573,793","465,820","409,356","324,460","277,254","7,761,860","164,880,602","8,689,020","176,622,571","395,170","951,139","512,960","4,503,207","3,058,990","22,169,744","7,708,060","42,021,417","7,445,650","27,270,916","320,770","14,750,502"
FL,1,"194,510","127,130","51,330","8,270","139,550","27,540","112,250","54,620","4,320","274,900","1,910","1,150",0,760,20,"6,980","90,380","-16,245,845","132,100","-16,022,508","35,230","1,731,653","51,100","631,241","5,990","93,721","34,940","421,785","31,080","222,403",320,"2,088","70,520","-1,824,007","50,600","1,116,981","9,740","174,023","13,330","207,810","2,540",730,"4,633",440,"2,138","39,680","-6,472,092","22,390","-537,952","25,460","223,337",730,206,210,"5,252","6,170","35,310","1,210","7,104","3,480","3,747",0,0,0,0,0,0,0,0,0,0,0,0,0,0,0,0,0,0,0,0,0,0,0,0,0,0,0,0,0,0,0,0,0,0,0,0,0,0,"22,610","60,631",320,"11,550","21,890","3,593","5,560","3,271",490,262,20,7,"1,100",141,300,84,"2,470",698,220,65,180,50,"15,320","42,684","44,680","421,037","48,250","439,775","78,650","663,580","12,560","17,916","8,340","2,409","2,130","5,990","1,430","6,229",650,"3,289","8,320","12,541","6,230","15,473","6,910","6,486","14,540","17,249","17,630","57,360","34,370","108,124","1,220","1,994",10,29,"23,310","25,725","72,970","580,529","68,610","422,694","5,440","157,835"
FL,2,"1,077,130","876,720","114,600","63,210","961,420","60,860","572,650","541,640","9,260","1,139,340","34,750","17,000",130,"17,630","4,780","98,080","312,590","5,530,063","1,077,000","5,726,734","579,740","4,235,689","197,260","197,042","11,990","27,727","104,320","203,863","91,000","108,007",580,662,"373,540","714,403","91,000","-5,097","59,550","257,909","107,750","501,876","1,520","6,430","22,976","13,510","30,894","29,460","-141,682","22,710","-26,640","284,690","196,671","2,440",652,270,"1,643","15,250","32,539","3,010","11,618","7,860","6,846","1,065,170","15,549,249","1,065,170","15,043,896","241,620","505,353","11,640","295,663","8,060","142,101",510,"2,828","8,190","8,001","7,180","42,828","10,260","45,442","10,310","46,547","1,400","1,486","6,050","76,269",160,"1,824",190,308,400,"2,340","5,320","7,948",590,"13,266","2,750",682,"16,510","34,656","117,220","18,113",30,272,"104,530","14,277","27,340","3,477","3,440",160,290,45,"7,180",651,"2,700",279,"8,410","1,656",690,177,430,117,"268,770","196,385","219,460","1,577,121","234,360","1,674,959","778,160","794,365","422,010","311,742","350,960","141,119","48,960","109,174","15,760","42,364","6,330","19,084","291,650","232,517","57,120","44,465","45,020","40,966","40,520","26,607","94,570","14,639","331,220","215,577",90,69,0,0,"225,310","110,688","647,490","688,684","642,300","669,907","6,310","18,777"
FL,3,"2,131,070","1,350,170","248,080","487,270","1,979,450","79,280","1,215,500","1,611,100","17,900","3,319,180","42,320","21,230",290,"20,810","5,700","468,190","466,970","36,620,085","2,131,070","37,537,830","1,495,130","27,506,971","299,260","477,136","20,080","60,850","160,180","503,403","137,640","264,294","1,030","1,275","809,120","4,487,723","145,040","108,143","115,590","960,143","229,630","2,374,038","2,630","25,140","104,946","212,330","554,072","83,150","289,925","44,760","65,292","640,060","917,745","12,070","3,344",910,"6,684","27,840","62,348","15,790","56,891","24,370","20,806","2,100,000","36,303,699","2,100,000","35,587,138","343,620","716,561","30,770","811,809","19,560","351,259","1,390","6,680","22,340","31,345","18,320","101,269","27,230","124,901","27,350","134,807","4,620","6,150","15,640","190,926",380,"4,129",430,"1,062",710,"4,746","15,990","56,858","2,770","55,530","189,290","121,257","1,075,480","5,012,749","1,194,230","539,223",40,316,"265,790","45,153","486,000","147,958","16,990","1,214","21,250","5,297","95,980","41,491","127,520","29,152","220,620","60,420","7,960","4,390","4,030","1,630","577,910","1,095,165","562,020","4,048,448","589,320","4,226,464","1,934,140","6,489,106","982,310","3,315,232","344,630","125,149","364,410","1,415,709","198,180","1,242,576","75,090","531,799","829,700","2,608,089","566,680","1,069,268","126,170","114,262","118,800","76,570","809,210","391,271","1,272,520","1,505,672",300,326,30,3,"288,220","387,162","1,750,590","5,362,258","1,741,690","5,327,971","11,830","34,287"
FL,4,"2,705,390","1,551,890","466,700","595,620","2,555,290","81,070","1,409,500","1,955,030","27,790","4,504,140","51,020","27,130",880,"23,010","4,020","563,240","588,960","99,030,681","2,705,390","100,180,701","2,273,800","83,439,257","461,250","851,291","33,780","144,966","266,150","1,048,057","227,060","585,820","2,190","2,315","610,260","1,764,620","232,730","363,454","166,640","1,993,641","355,790","5,863,770","3,770","28,670","115,679","393,420","3,417,809","124,610","1,130,784","63,450","-31,036","491,750","1,150,020","35,740","10,145","1,840","18,178","34,250","116,303","46,710","185,997","80,610","63,770","2,600,640","47,111,482","2,600,640","46,267,962","390,350","843,520","104,450","2,990,634","60,510","1,113,663","5,260","18,397","76,490","163,008","57,740","298,485","93,050","459,494","93,520","549,065","22,040","36,515","50,910","587,057","1,540","16,507","2,040","9,259","1,680","10,359","66,390","377,005","14,320","293,465","353,140","606,179","2,619,510","48,741,812","2,615,450","5,473,775",130,"1,449","437,030","280,890","1,274,830","1,403,215","62,300","8,582","118,920","74,155","192,220","209,302","455,860","103,892","743,150","828,204","53,290","97,562","23,820","17,536","308,110","849,510","598,480","4,416,027","614,920","4,787,387","2,569,810","10,420,663","674,580","1,989,989",0,0,"356,000","700,910","226,360","856,721","92,220","432,358","592,070","1,673,946","553,280","1,136,542","143,070","124,391","107,700","91,971","1,953,760","4,070,568","2,109,000","4,967,645",660,"1,115",70,18,"567,780","907,964","2,105,910","6,343,743","2,090,060","6,273,085","21,170","70,658"
FL,5,"1,616,950","842,440","444,890","260,720","1,525,040","46,390","832,770","1,056,590","22,480","2,812,590","26,340","11,980",550,"13,820",330,"244,380","458,680","99,301,127","1,616,950","100,193,169","1,339,690","77,280,511","438,300","994,375","40,090","209,888","265,720","1,401,812","234,910","829,652","2,800","2,789","301,150","1,563,109","231,340","629,198","162,630","2,606,022","320,250","7,923,934","3,720","13,540","57,791","328,470","6,011,196","100,910","1,491,075","62,760","-54,797","349,220","892,042","48,560","14,078","1,950","23,745","26,310","131,462","38,540","178,432","91,430","71,063","1,497,310","28,947,964","1,497,310","28,278,803","307,640","669,161","119,510","3,717,888","58,940","1,173,267","6,880","29,559","90,530","196,916","84,020","445,183","111,770","621,431","112,100","709,661","26,920","39,355","75,880","887,752","2,190","22,634","3,180","15,559","2,290","16,376","82,030","543,082","13,390","319,538","257,440","697,057","1,610,980","66,108,055","1,606,730","7,984,885",150,"1,387","178,090","311,711","676,120","1,406,580","79,370","16,321","69,170","42,305","91,230","112,750","147,770","25,604","449,520","926,970","49,960","171,229","29,770","24,805","163,220","503,942","188,300","1,462,029","209,200","1,827,638","1,559,930","9,214,961","53,880","52,956",0,0,0,0,"29,710","23,352","24,170","29,603","42,790","39,693","117,880","222,443","59,190","52,404","27,370","36,448","1,461,310","6,578,362","1,497,840","7,135,244",620,901,50,37,"462,310","1,090,574","1,146,100","3,149,941","1,127,330","3,061,762","24,360","88,180"
FL,6,"991,640","398,910","440,750","118,780","931,390","29,370","537,920","568,340","17,140","1,938,430","11,490","3,440",400,"7,660",0,"109,040","350,730","85,845,277","991,640","86,522,746","787,400","60,976,005","374,740","1,088,493","41,380","230,032","243,030","1,594,112","218,200","962,442","3,120","3,378","183,550","1,447,864","210,280","840,804","150,570","3,170,314","267,010","8,837,839","3,610","8,740","38,980","267,830","6,561,386","83,520","1,657,433","57,170","-24,439","220,230","677,469","26,050","7,954","2,070","29,994","20,530","128,269","21,410","117,953","54,370","31,898","885,600","19,280,103","885,600","18,741,147","239,790","538,956","105,990","3,447,111","44,460","928,976","7,600","35,836","81,370","175,409","84,310","476,638","101,420","618,275","101,640","670,400","22,820","28,744","75,760","928,141","1,890","20,637","3,180","14,008","2,630","19,553","76,060","565,794","9,980","270,169","202,830","678,544","989,130","62,531,491","987,380","8,364,855",220,"3,308","75,410","206,592","420,950","1,091,820","79,020","21,076","47,800","30,166","48,510","55,122",0,0,"296,240","730,170","31,440","157,026","26,310","22,533","108,420","377,709","70,100","537,130","84,920","771,849","962,550","8,789,210",0,0,0,0,0,0,0,0,0,0,0,0,"25,200","48,736","31,810","25,974","9,200","14,935","951,470","7,273,046","961,660","7,700,453",920,"1,364",130,67,"360,860","1,131,651","626,260","2,197,166","606,680","2,092,115","24,690","105,051"
FL,7,"1,654,530","397,510","1,116,510","104,350","1,553,460","50,920","932,150","833,200","38,270","3,762,970","9,950","2,160",770,"7,010",0,"116,940","649,850","228,173,416","1,654,530","229,999,300","1,296,950","150,970,064","851,570","3,666,718","122,920","925,228","607,770","6,212,167","555,180","3,899,202","7,750","10,082","326,090","4,023,606","541,010","4,605,626","341,300","11,529,344","531,130","24,957,821","8,790","14,140","67,724","491,630","15,599,775","214,930","6,294,052","132,430","348,446","425,190","1,825,884","59,370","19,387","8,350","158,134","52,210","442,374","42,880","274,639","93,470","72,641","1,410,050","35,033,393","1,410,050","33,985,823","433,500","1,047,571","244,390","9,167,044","77,740","1,899,090","23,330","160,924","188,740","437,789","211,980","1,463,892","237,430","1,696,160","237,760","1,760,962","49,960","52,301","189,500","2,729,321","3,960","49,627","8,580","34,442","10,010","104,535","185,640","1,786,772","20,840","720,053","473,960","2,245,376","1,652,030","181,853,378","1,650,150","27,137,346","1,210","14,610","71,580","312,010","821,480","2,315,800","223,780","100,426","112,290","74,821","78,530","93,356",0,0,"563,110","1,503,076","41,990","297,290","60,170","53,450","208,900","881,881","52,460","339,462","77,680","662,691","1,619,000","27,088,459",0,0,0,0,0,0,0,0,0,0,0,0,"13,050","32,877","53,670","44,873","6,340","13,474","1,630,320","24,821,565","1,636,730","25,861,907","27,140","8,587","9,260","3,798","695,020","3,455,134","952,620","4,614,511","890,810","4,090,242","77,690","524,269"
FL,8,"653,190","107,860","512,800","22,510","614,230","21,570","443,090","220,260","23,610","1,620,950",780,170,110,500,0,"17,130","269,060","189,337,847","653,190","191,275,622","517,140","112,601,712","471,600","4,760,500","108,170","1,678,740","387,590","9,651,218","363,450","6,305,094","4,360","8,408","145,090","4,821,497","372,970","10,973,104","159,170","10,752,276","192,840","13,195,858","5,100","4,680","26,704","182,710","6,735,151","187,430","14,393,812","78,000","696,375","179,550","1,937,775","15,500","4,770","13,570","428,488","46,650","596,298","15,230","142,444",0,0,"470,350","12,312,608","470,350","11,943,028","150,290","369,580","182,820","8,887,284","26,000","926,180","25,080","358,177","141,810","414,583","167,840","1,811,938","180,270","1,557,926","180,430","1,577,205","28,200","29,028","146,590","2,737,711","3,310","52,378","6,940","16,954","18,860","338,227","149,910","2,292,864","14,930","822,835","312,160","3,237,863","652,480","164,995,353","652,150","31,713,267","2,140","26,534","17,160","127,584","385,200","1,195,987","180,910","249,473","50,350","33,605",0,0,0,0,"221,500","612,186","10,580","107,194","27,200","25,818","110,200","726,269",0,0,"17,540","145,016","641,430","31,164,070",0,0,0,0,0,0,0,0,0,0,0,0,"1,770","3,989",0,0,0,0,"650,680","30,517,295","652,240","32,027,046","252,080","200,912","332,230","451,119","341,410","4,699,641","308,530","3,742,431","240,480","2,368,224","81,490","1,374,207"
FL,9,"120,680","19,520","95,770","3,380","113,700","4,160","102,490","22,650","5,670","302,350",20,0,0,20,0,800,"55,510","81,928,683","120,680","82,930,647","93,620","38,162,834","107,280","3,103,749","37,350","1,191,743","93,860","6,406,977","89,300","4,172,869","1,210","8,697","30,050","2,472,894","95,460","9,359,953","28,960","2,985,073","26,400","2,018,026","1,420",450,"3,222","33,260","1,309,807","66,980","14,219,241","25,030","426,233","45,710","1,001,964",950,283,"6,610","305,560","18,220","304,539","3,380","37,673",0,0,"63,100","1,653,728","63,100","1,596,879","23,220","56,849","57,580","4,428,265","2,070","168,458","11,490","338,074","42,920","136,551","53,050","952,311","56,920","530,201","56,950","535,673","5,390","8,199","43,020","940,306","1,460","29,966","1,980","2,563","13,580","428,956","49,830","1,486,943","6,710","762,553","76,270","1,806,730","120,450","74,076,539","120,440","18,228,445","2,310","39,321","2,260","19,017","65,070","369,107","55,300","250,732","6,370","4,375",0,0,0,0,620,823,"1,330","18,804","3,820","3,774","29,000","309,871",0,0,"2,280","19,236","118,530","18,402,860",0,0,0,0,0,0,0,0,0,0,0,0,0,0,0,0,0,0,"120,210","17,859,465","120,550","19,010,869","69,400","213,759","104,000","588,858","64,390","3,102,975","55,440","2,424,573","26,220","899,239","33,530","1,525,334"
FL,10,"72,950","12,130","57,100","1,830","68,640","2,520","68,300","9,240","3,390","176,330",0,0,0,0,0,90,"38,180","290,759,506","72,950","292,029,439","55,460","60,845,028","69,930","17,713,862","34,090","3,481,100","63,480","28,994,520","60,880","20,590,988","1,470","37,347","19,350","3,642,713","65,680","88,971,142","15,890","2,271,081","14,310","1,265,667","1,270",140,"1,232","21,290","876,340","56,280","69,982,719","23,960","1,355,076","34,560","1,269,933",220,65,"5,550","365,195","16,140","302,481","2,060","23,345",0,0,"25,700","666,182","25,700","642,228","9,930","23,954","47,240","18,811,962",420,"82,465","17,980","3,188,380","27,760","109,895","42,560","1,714,215","47,040","448,792","47,050","466,829","3,080","16,035","28,000","630,888","1,400","32,674","1,210",973,"21,000","4,943,645","43,700","10,219,691","9,480","2,270,235","55,890","11,137,619","72,820","260,350,754","72,830","75,465,422","9,330","201,779",810,"6,831","48,260","2,168,403","43,680","1,596,084","1,630","1,189",0,0,0,0,0,0,610,"12,245","1,340","1,378","22,970","617,798",0,0,820,"6,908","71,980","83,936,855",0,0,0,0,0,0,0,0,0,0,0,0,0,0,0,0,0,0,"72,700","73,297,031","72,900","78,090,034","42,760","522,112","67,180","3,459,278","30,370","7,258,230","42,160","12,917,581","11,480","2,065,677","34,260","10,851,904"
GA,0,"4,881,840","2,336,670","1,553,850","850,230","4,556,920","150,150","2,484,140","3,061,520","59,520","9,227,760","59,290","29,920",330,"29,040","5,750","921,640","1,136,120","411,153,143","4,858,430","414,865,317","3,958,740","290,552,215","1,325,460","6,008,745","148,610","1,115,357","850,440","12,982,936","781,330","9,269,006","157,060","205,875","1,275,900","5,903,731","737,010","19,922,544","395,340","10,065,782","839,980","25,691,981","47,280","70,730","299,598","673,970","13,385,739","289,660","28,807,031","206,360","650,856","1,167,920","3,712,174","131,620","39,876","20,410","626,414","89,210","706,340","71,560","382,238","188,240","149,894","4,239,670","82,485,839","4,239,670","80,900,471","710,130","1,585,368","571,450","21,848,551","172,320","3,105,078","489,190","5,623,247","58,970","122,967","448,040","2,521,240","555,230","4,231,290","556,340","4,367,601","185,450","167,920","418,140","5,221,873","7,940","83,550","20,950","32,835","24,170","551,538","462,650","7,635,400","25,330","824,251","732,560","5,651,824","3,833,710","311,846,638","3,890,050","57,224,950","3,400","54,832","289,590","303,098","1,908,630","3,691,301","271,270","266,802","213,510","129,982","255,950","258,991","378,440","82,895","1,272,060","2,501,439","36,450","122,548","66,200","59,076","741,190","2,271,001","454,020","2,672,897","501,970","3,053,135","4,550,880","63,829,105","1,005,420","3,074,881","238,980","88,288","374,950","1,088,736","255,510","1,185,203","135,980","712,654","889,050","2,593,827","725,880","1,441,981","237,310","209,380","90,490","86,189","3,279,070","53,533,666","3,692,760","57,250,710","206,630","375,466","206,080","799,626","1,336,890","7,744,466","3,378,640","14,154,374","3,313,550","11,869,937","80,710","2,284,435"
GA,1,"70,520","46,120","17,650","3,760","50,900","8,080","36,390","23,620","1,160","100,570",520,330,0,190,10,"6,000","26,750","-3,983,342","47,140","-3,937,863","15,330","669,789","16,020","79,878","1,510","9,886","10,140","69,825","9,120","40,379",630,"1,101","30,230","-1,011,702","13,960","177,489","3,010","49,671","5,270","82,652","3,260",530,"3,697",160,510,"10,370","-1,365,282","6,790","-101,939","9,030","45,479",430,123,90,"1,732","1,810","9,912",470,"2,602","1,620","1,867",0,0,0,0,0,0,0,0,0,0,0,0,0,0,0,0,0,0,0,0,0,0,0,0,0,0,0,0,0,0,0,0,0,0,0,0,0,0,"6,330","5,497",70,"3,611","6,170","1,150","1,610","1,109",90,3,0,0,340,52,150,37,820,228,30,8,30,11,"5,080","13,813","13,400","105,981","14,530","109,429","32,190","199,588","4,110","6,577","2,560",764,790,"2,232",510,"2,267",250,"1,313","2,840","4,740","2,460","6,338","3,740","3,502","4,750","6,089","4,900","4,387","11,060","20,842",340,400,0,0,"7,180","9,013","30,380","187,602","29,600","167,371","1,030","20,231"
GA,2,"472,140","387,990","38,040","37,690","413,890","29,650","213,220","261,140","3,180","473,530","10,630","5,280",0,"5,360","1,800","67,080","94,800","2,457,855","472,100","2,549,041","302,510","2,240,596","68,580","57,571","3,650","6,671","35,580","58,735","31,790","34,708","1,400","1,256","146,580","21,955","29,720","1,202","17,560","76,226","40,060","200,735","1,980","3,190","14,392","4,440","10,386","6,510","-50,979","7,450","-10,579","105,130","91,186","1,480",399,110,621,"4,600","10,515","1,280","4,575","4,580","4,460","467,180","6,338,469","467,180","6,183,971","73,680","154,498","4,890","103,843","3,260","51,514","1,750","4,070","2,060","1,647","2,680","11,767","4,440","15,131","4,460","15,711","1,150",935,"2,420","28,021",50,545,90,75,120,414,"2,520","4,691",150,"1,914","1,410",256,"9,370","19,665","29,690","6,314",10,53,"22,860","4,422","8,920","1,468","1,600",70,130,24,"1,940",318,"1,060",115,"3,290",830,70,18,130,42,"96,870","66,879","54,970","317,158","59,700","338,577","338,350","397,828","160,670","156,297","116,200","48,528","29,250","65,460","10,650","28,598","4,560","13,711","130,920","131,076","36,280","27,698","22,580","20,313","11,460","8,668","23,010","4,847","119,670","74,129",50,280,0,0,"80,110","39,899","305,540","363,255","304,350","359,723","1,480","3,532"
GA,3,"944,000","554,200","92,170","278,830","894,410","25,150","487,350","756,250","5,820","1,601,970","14,290","7,590",50,"6,640","2,250","281,230","158,820","16,265,011","944,000","16,607,079","713,240","13,318,687","106,770","136,054","5,940","11,512","51,270","139,505","45,200","78,980","4,780","4,743","354,380","1,342,054","45,190","40,914","36,740","300,431","100,710","1,063,845","3,850","14,590","69,697","77,750","198,661","15,450","4,889","15,050",471,"271,130","342,068","7,950","2,193",350,"2,331","9,740","21,166","5,900","20,918","13,340","13,044","928,530","16,161,342","928,530","15,916,809","116,970","244,533","15,400","361,422","10,050","156,085","8,330","15,014","5,110","5,340","8,700","34,012","14,580","51,898","14,710","60,745","4,390","4,062","7,960","82,263",160,"1,311",240,461,220,"1,013","10,180","48,499",690,"9,169","73,350","46,926","464,830","2,119,101","499,410","226,398",20,309,"71,670","16,149","227,410","70,032","5,340",277,"11,520","3,128","44,520","18,604","66,080","14,008","107,390","32,306","1,340",696,"1,400",606,"241,130","455,425","160,850","889,824","173,670","943,684","875,510","3,374,070","467,870","1,833,893","120,220","38,996","178,720","694,190","112,540","701,080","56,390","399,628","421,670","1,522,679","311,480","600,179","66,820","61,402","32,100","22,587","316,720","156,371","529,580","624,061",160,179,0,0,"105,900","141,017","808,750","2,884,813","806,840","2,877,633","2,620","7,180"
GA,4,"1,154,260","620,000","189,490","304,370","1,079,040","28,700","550,990","838,480","8,730","2,063,880","18,260","10,430",150,"7,680","1,570","298,910","210,070","42,271,309","1,154,260","42,687,032","1,001,020","37,327,486","171,640","247,882","10,370","27,353","87,130","305,026","76,810","181,682","18,520","19,275","265,840","-53,477","73,410","125,171","55,510","647,929","157,260","2,620,266","6,020","21,620","86,124","143,890","1,235,116","28,200","157,699","24,240","-33,085","201,440","415,723","20,200","5,728",750,"6,410","11,980","38,287","16,300","65,437","38,740","33,211","1,082,280","19,832,174","1,082,280","19,533,992","137,810","298,182","71,950","1,902,305","47,310","670,302","45,050","92,454","12,710","21,450","32,490","115,882","59,740","245,299","59,960","293,509","21,970","33,080","29,330","273,396",630,"5,113",960,"2,597",630,"2,635","55,840","539,658","5,900","104,307","124,220","208,299","1,122,060","20,487,074","1,120,030","2,245,491",40,249,"103,260","60,080","579,130","628,688","19,030","1,743","59,730","38,572","87,440","92,868","234,250","55,293","366,900","414,565","9,360","13,351","8,990","6,808","117,360","335,941","150,450","894,752","155,230","962,165","1,108,540","4,716,482","343,480","1,048,646",0,0,"166,190","326,854","117,340","441,836","59,950","279,956","309,600","912,374","292,160","641,547","64,120","56,209","29,320","27,643","789,160","1,616,806","862,360","1,980,643",340,858,30,8,"233,010","352,359","911,250","3,081,391","907,690","3,064,145","4,890","17,246"
GA,5,"695,620","350,120","194,520","119,120","649,510","21,350","335,430","443,560","7,440","1,275,910","8,810","4,200",60,"4,550",110,"127,220","168,870","42,741,128","695,620","43,084,151","600,710","35,187,154","171,100","283,452","12,720","38,638","94,480","430,621","85,060","273,945","29,220","33,080","139,280","241,232","77,640","189,709","54,080","840,271","134,740","3,405,295","5,720","10,900","43,025","118,330","2,110,557","26,800","340,583","25,680","-47,689","156,500","343,023","28,180","8,122",860,"9,563","9,010","42,787","14,710","67,068","45,680","37,461","613,620","12,001,518","613,620","11,765,138","108,310","236,380","81,980","2,263,066","42,150","789,592","70,730","215,600","9,140","18,526","53,700","195,128","81,090","424,996","81,300","452,495","27,610","26,853","51,020","478,473",970,"7,950","1,760","4,233",890,"4,705","58,190","477,709","2,760","45,066","93,120","239,455","693,610","28,290,652","692,100","3,358,108",60,398,"42,100","66,008","294,680","607,891","25,830","3,237","31,150","19,239","45,530","57,031","76,910","13,442","216,990","469,831","9,210","23,591","11,190","9,728","67,340","207,807","44,490","294,014","50,890","364,238","675,950","3,848,747","29,300","29,468",0,0,0,0,"14,480","11,422","14,820","18,046","24,020","22,958","65,070","129,092","28,850","25,714","8,160","12,019","622,350","2,750,217","640,720","2,986,020",310,396,20,8,"207,400","457,683","485,670","1,311,982","481,230","1,292,430","5,900","19,552"
GA,6,"437,970","170,520","199,000","52,170","414,510","10,870","226,480","247,760","6,110","897,500","3,630","1,220",30,"2,380",0,"59,790","131,000","37,929,070","437,970","38,194,230","369,790","29,226,471","154,900","333,113","13,500","44,620","92,610","540,288","84,460","358,972","30,960","37,603","89,850","382,463","75,430","262,597","49,990","994,236","110,540","3,668,819","5,500","6,610","26,381","96,950","2,302,079","24,870","403,633","24,630","-30,528","105,150","265,160","18,580","5,615",900,"11,879","7,200","42,603","8,480","46,197","29,720","17,869","367,370","8,102,136","367,370","7,912,191","84,160","189,945","70,590","2,005,747","23,480","397,363","62,090","267,443","7,170","15,679","58,250","224,555","70,030","486,351","70,180","500,296","26,350","22,675","55,370","544,031","1,020","8,185","2,150","4,588",930,"5,752","56,610","508,363","2,160","35,034","76,800","237,331","437,260","27,606,921","436,600","3,645,997",60,686,"18,380","44,797","186,500","479,004","27,370","4,451","21,620","13,468","26,480","30,449",0,0,"145,940","381,737","6,210","23,798","9,500","8,514","47,730","162,144","16,830","103,170","20,980","152,323","428,080","3,752,158",0,0,0,0,0,0,0,0,0,0,0,0,"12,940","23,469","17,020","13,840","2,680","4,807","422,170","3,166,993","426,560","3,355,126",500,537,30,10,"169,090","488,377","267,380","876,345","262,700","854,725","6,000","21,619"
GA,7,"745,870","165,590","518,790","44,010","708,630","17,900","398,720","373,690","14,650","1,803,060","2,900",780,50,"2,070",0,"69,450","237,990","103,159,160","745,870","103,875,692","636,480","76,638,766","367,600","1,084,553","41,580","178,681","251,730","2,526,209","232,790","1,868,124","59,070","80,760","162,510","1,407,698","210,000","1,427,871","114,780","3,515,746","211,940","9,560,889","12,870","9,990","41,199","170,190","5,241,178","71,750","1,981,767","56,670","118,984","209,250","716,532","42,290","13,891","4,080","72,398","17,990","143,921","17,990","112,639","54,570","41,982","574,070","14,524,453","574,070","14,175,676","143,270","348,777","171,800","5,660,204","36,230","716,304","157,190","1,100,723","12,780","31,552","152,570","696,358","170,900","1,494,985","171,190","1,513,042","61,020","44,742","143,810","1,663,308","2,490","23,079","6,710","11,268","4,020","29,290","141,660","1,585,776","5,300","115,995","187,180","811,884","745,300","82,185,861","744,660","12,152,367",280,"2,563","19,680","75,033","383,560","1,063,809","84,150","21,495","54,400","34,204","49,710","59,669",0,0,"296,490","823,245","7,910","42,426","22,000","20,484","95,840","390,535","13,030","67,998","21,410","144,297","734,930","11,914,394",0,0,0,0,0,0,0,0,0,0,0,0,"4,800","12,084","34,180","28,400","2,020","4,376","739,800","11,088,558","741,530","11,559,149","14,360","4,498","3,950","1,062","333,100","1,509,319","410,690","1,836,383","395,220","1,714,915","19,860","121,468"
GA,8,"295,600","35,650","247,100","8,810","282,590","6,970","180,320","104,760","9,860","818,430",260,90,0,170,0,"11,530","86,520","85,038,313","295,600","85,776,402","262,130","61,143,057","208,790","1,241,409","38,360","277,271","173,560","2,895,987","164,180","2,062,191","10,660","20,116","70,120","1,883,191","157,900","3,131,948","52,030","2,793,341","69,100","4,370,124","5,820","3,070","13,788","52,000","1,884,187","68,250","5,406,550","31,260","280,018","82,770","738,089","11,680","3,565","7,430","209,659","16,200","205,505","5,120","47,463",0,0,"182,380","4,874,735","182,380","4,776,284","39,950","98,451","113,220","4,814,257","9,220","276,635","105,820","1,591,766","6,800","19,725","102,740","720,112","112,880","1,100,856","112,970","1,110,610","34,390","26,109","96,520","1,522,588","1,710","20,169","6,190","7,733","7,600","75,449","98,900","1,634,402","4,300","163,398","131,820","1,248,341","295,470","74,108,674","295,400","14,173,951",610,"8,099","4,800","30,104","188,560","533,607","75,140","48,643","29,850","18,129",0,0,0,0,"133,840","378,207","2,000","15,341","10,950","10,727","50,970","332,173",0,0,"4,890","33,025","292,160","13,640,911",0,0,0,0,0,0,0,0,0,0,0,0,700,"1,574",0,0,0,0,"295,160","13,640,346","295,440","14,284,004","143,000","113,693","143,990","135,364","164,620","1,926,273","129,970","1,244,278","112,010","931,969","21,870","312,309"
GA,9,"46,120","4,490","40,080","1,060","44,400","1,070","37,050","9,400","1,820","135,910",0,0,0,0,0,380,"14,310","30,879,362","46,120","31,276,147","40,670","18,352,735","41,100","672,297","12,510","164,139","36,640","1,489,914","35,240","1,025,404","1,180","3,778","11,830","783,183","36,130","2,374,643","8,330","593,291","7,570","533,548","1,380",210,"1,048","7,090","275,251","22,790","5,556,344","8,670","168,753","17,660","396,785",680,200,"3,570","166,911","6,140","106,504",890,"10,341",0,0,"18,970","510,569","18,970","499,482","4,510","11,087","27,160","1,710,046",550,"36,696","24,920","849,872","2,120","6,038","24,430","282,499","27,110","268,481","27,130","272,675","6,000","5,787","22,010","426,655",530,"9,018","1,850","1,088","4,700","79,580","25,000","778,124","1,920","106,043","29,190","619,242","46,110","28,040,373","46,100","6,972,314",480,"7,584",510,"4,015","25,190","83,171","20,940","47,275","4,170","2,627",0,0,0,0,400,490,220,"1,862","1,580","1,703","11,970","142,430",0,0,520,"4,047","45,610","6,813,545",0,0,0,0,0,0,0,0,0,0,0,0,0,0,0,0,0,0,"46,070","6,889,150","46,110","7,300,923","33,600","108,530","39,880","145,965","27,240","1,122,123","18,630","609,684","10,510","259,045","9,300","350,638"
GA,10,"19,740","2,000","17,020",400,"19,030",410,"18,200","2,860",760,"57,010",0,0,0,0,0,40,"7,000","54,395,277","19,740","54,753,406","16,880","16,447,474","18,950","1,872,536","8,480","356,586","17,310","4,526,826","16,700","3,344,621",650,"4,163","5,280","907,134","17,630","12,191,000","3,320","254,640","2,790","185,808",870,40,247,"3,190","127,814","14,680","16,371,827","5,920","306,450","9,850","358,129",140,40,"2,290","144,910","4,540","85,140",430,"4,998",0,0,"5,270","140,443","5,270","136,928","1,470","3,515","14,470","3,027,661",70,"10,587","13,310","1,486,305","1,090","3,010","12,480","240,927","14,450","143,293","14,460","148,518","2,570","3,677","9,710","203,138",380,"8,180","1,000",792,"5,070","352,700","13,760","2,058,178","2,150","243,325","15,470","2,240,090","19,730","48,988,317","19,720","14,438,513","1,790","31,280",160,"1,340","13,070","222,522","11,790","139,608",940,591,0,0,0,0,0,0,90,"1,457",420,453,"6,900","163,854",0,0,160,"1,350","19,550","15,171,382",0,0,0,0,0,0,0,0,0,0,0,0,0,0,0,0,0,0,"19,710","14,215,991","19,740","15,065,813","13,980","146,095","18,190","517,209","9,240","1,698,403","10,380","1,758,641","3,400","347,981","7,770","1,410,660"
HI,0,"695,470","363,600","239,430","72,790","627,760","36,980","358,150","382,090","7,520","1,242,230","11,390","5,840",40,"5,510","1,090","76,390","219,770","58,643,406","690,320","59,257,237","536,580","38,270,169","256,300","988,610","29,650","198,391","161,800","1,586,982","149,170","1,029,615","28,070","45,391","118,110","1,922,965","134,660","2,938,443","77,700","1,885,936","148,990","5,442,946","5,360","25,040","181,762","127,600","2,748,308","35,240","2,594,186","60,460","453,467","138,460","613,831","14,710","4,369","4,980","132,415","17,500","138,970","12,490","65,853","22,360","15,699","601,960","11,707,648","601,960","11,384,641","145,600","323,010","79,490","3,097,297","14,150","389,086","66,290","1,160,105","10,360","15,501","66,950","272,938","78,120","622,377","78,240","622,999","16,470","13,860","63,910","1,164,772","1,690","24,523","8,260","6,325","3,650","81,096","57,140","579,027","5,390","199,267","113,640","755,575","566,800","44,744,204","564,910","7,589,238",640,"11,492","7,180","12,235","249,330","621,127","52,200","55,527","19,890","11,639","26,150","27,851","47,340","10,642","156,390","357,362","12,350","91,004","3,520","2,809","86,230","347,932","12,850","90,755","14,090","98,846","640,940","8,423,969","84,460","200,670","26,400","9,277","27,650","68,930","18,470","71,340","11,940","51,125","70,450","171,941","58,910","117,147","20,350","17,326","5,450","8,036","509,280","6,968,115","542,310","7,503,839","20,670","29,235","27,010","122,172","191,500","955,437","464,900","1,856,030","440,440","1,349,856","30,730","506,174"
HI,1,"14,010","9,480","3,350",650,"8,390","3,070","7,070","2,830",220,"19,450",60,20,0,40,0,310,"7,430","-643,619","8,860","-604,375","2,050","86,260","3,820","27,041",340,"1,788","2,440","15,360","2,130","6,840",170,370,"4,680","-193,476","3,430","38,291",650,"9,665","1,030","13,690",500,240,"2,109",30,148,"1,760","-226,115","2,390","-26,956","1,830","39,244",50,13,20,648,540,"3,580",80,407,260,273,0,0,0,0,0,0,0,0,0,0,0,0,0,0,0,0,0,0,0,0,0,0,0,0,0,0,0,0,0,0,0,0,0,0,0,0,0,0,180,"1,140",30,"1,062",140,44,60,49,0,0,0,0,0,0,0,0,30,35,0,0,0,0,"1,140","3,557",610,"5,393",650,"5,307","4,660","30,561",800,"1,069",560,179,120,302,80,374,40,214,480,738,410,"1,016",280,250,380,478,130,"1,091","1,410","5,173",60,64,0,0,830,"2,115","4,240","27,458","3,880","20,323",480,"7,135"
HI,2,"69,700","56,660","7,470","4,110","61,470","4,410","31,350","30,050",430,"72,140","4,900","2,440",0,"2,470",380,"5,340","25,070","323,299","69,700","334,056","37,910","227,373","17,020","11,344",900,"1,339","7,920","12,762","6,980","7,558",430,314,"11,990","38,597","6,180",343,"4,050","16,416","9,520","46,187",500,810,"3,371",720,"2,076","1,020","-6,051","2,420","-2,660","10,970","10,757",130,31,40,200,930,"3,295",240,913,560,457,"68,470","973,338","68,470","930,234","20,900","43,105","1,230","35,174",840,"17,451",350,"2,108",640,436,720,"2,417","1,110","3,698","1,110","3,668",110,72,610,"9,941",10,185,80,33,30,88,550,689,80,"1,977",230,55,"1,760","3,731","1,710",479,0,0,370,77,390,41,220,9,0,0,30,10,30,8,60,14,10,4,0,0,"9,920","8,036","1,210","9,213","1,280","9,236","44,950","44,283","18,750","17,215","13,330","5,117","3,290","6,656","1,330","3,274",800,"2,168","14,400","14,026","4,250","3,062","1,560","1,371",570,599,"1,560",439,"11,850","8,683",10,14,10,0,"7,860","4,135","40,310","39,699","39,800","38,088",690,"1,611"
HI,3,"89,540","64,250","11,630","11,380","81,040","4,450","42,130","60,490",640,"124,480","2,020","1,070",0,950,380,"14,830","24,290","1,543,924","89,540","1,572,788","63,620","1,078,395","18,510","24,722","1,260","2,878","9,940","26,560","8,890","15,170",620,647,"17,570","162,088","8,110","8,498","6,350","49,475","14,480","165,870",620,"2,630","17,412","11,730","29,318","1,770","-2,855","4,170","10,080","17,690","28,864",500,132,120,989,"1,550","6,337",780,"3,033","1,410","1,028","87,460","1,473,099","87,460","1,433,597","18,950","39,502","2,090","61,042","1,300","27,623",810,"3,521",930,761,"1,300","4,248","1,920","6,864","1,920","6,898",270,194,"1,140","17,552",30,315,120,37,50,270,"1,050","2,885",150,"4,263","6,250","4,258","48,300","243,422","47,640","24,071",0,0,710,215,"15,200","4,762","1,050",62,280,66,"3,090","1,363","6,420","1,490","4,800","1,633",220,83,40,17,"14,940","28,932","2,540","19,204","2,630","18,630","80,010","202,391","29,140","86,412","12,510","3,981","8,850","33,736","4,990","29,755","2,800","18,941","24,000","73,656","15,110","28,180","3,270","2,794","1,340","1,526","37,540","19,309","48,790","49,078",0,0,0,0,"11,620","14,827","72,580","167,835","71,650","164,356","1,260","3,479"
HI,4,"153,770","98,930","24,950","24,020","141,400","6,530","68,440","106,000","1,270","245,200","2,460","1,470",30,970,300,"26,260","33,250","5,762,485","153,770","5,818,315","130,580","4,728,801","32,760","44,436","2,500","7,156","18,300","53,475","16,610","31,299","1,960","2,416","19,420","219,297","14,630","18,371","9,170","100,350","21,010","380,503",720,"6,030","44,057","22,710","196,061","2,860","3,418","6,440","13,191","23,940","55,830","1,690",454,260,"2,652","2,330","11,045","2,800","11,099","4,960","3,306","148,350","2,595,840","148,350","2,547,095","22,980","48,746","5,410","162,616","2,350","55,339","3,230","11,986","1,620","1,588","3,610","11,464","5,100","21,582","5,120","21,929","1,060",848,"3,250","51,912",120,"1,691",290,227,100,534,"3,180","15,434",450,"13,080","16,950","27,870","149,420","3,010,243","148,530","324,267",10,233,"1,900","1,079","62,780","62,846","4,720",503,"2,440","1,383","7,200","7,209","28,950","6,910","34,650","44,665",990,"1,281",220,154,"14,200","41,773","4,180","30,016","4,200","29,136","148,170","575,514","31,600","91,660",0,0,"15,400","28,236","10,170","36,427","6,040","26,997","27,850","79,827","26,380","57,618","4,470","3,586","1,900","2,760","118,740","261,422","125,010","305,595",40,84,0,0,"31,340","40,925","120,650","310,046","118,940","302,839","2,300","7,206"
HI,5,"113,880","64,420","29,210","15,890","104,010","5,320","55,610","71,560","1,150","196,570","1,140",580,0,560,30,"14,810","31,720","7,011,450","113,880","7,069,491","96,040","5,508,736","36,990","56,750","3,220","9,116","21,570","70,821","19,780","42,255","4,300","6,150","15,070","177,408","16,800","31,536","10,410","140,334","22,110","591,361",620,"5,200","40,565","21,940","385,846","3,030","32,688","7,520","14,345","21,680","58,041","3,060",857,350,"4,446","1,960","11,916","2,880","13,091","5,760","4,071","105,000","1,985,685","105,000","1,939,951","21,490","45,734","8,890","264,496","2,400","63,463","6,700","31,918","1,620","2,040","6,810","19,304","8,610","48,331","8,630","48,414","2,050","1,677","6,460","99,723",240,"3,070",550,555,150,669,"5,550","28,614",570,"17,351","16,240","38,106","113,330","4,742,250","113,090","558,156",0,0,"1,610","2,265","43,210","85,210","6,570","1,008","2,670","1,499","4,760","5,549","11,940","2,234","29,820","67,722","1,570","4,521",380,296,"10,360","35,329","2,320","15,601","2,430","16,973","111,690","661,456","4,170","4,314",0,0,0,0,"1,910","1,510","2,260","2,805","3,720","3,694","9,080","19,062","2,920","2,456",790,"1,500","102,890","472,946","105,210","511,301",30,22,0,0,"30,950","58,707","82,440","207,692","80,200","196,978","2,910","10,715"
HI,6,"74,340","32,270","32,050","7,860","67,420","3,770","40,980","39,480",870,"145,570",440,150,10,280,0,"6,620","26,440","6,449,577","74,340","6,500,143","60,220","4,679,427","32,810","64,447","3,520","11,973","20,280","88,455","18,640","54,618","5,540","8,302","11,860","155,947","15,940","46,387","10,390","180,204","20,110","709,811",530,"3,590","26,063","19,470","454,340","2,980","41,577","7,710","22,881","15,340","50,566","2,320",683,370,"5,260","1,650","11,670","1,780","9,834","3,310","1,944","63,720","1,378,590","63,720","1,338,995","17,850","39,596","10,620","319,486","2,120","57,938","8,710","53,201","1,550","2,181","8,770","24,563","10,440","73,378","10,460","73,210","2,500","1,868","8,410","128,438",290,"3,504",870,725,230,"1,472","7,180","35,179",650,"17,716","14,460","40,379","74,090","4,721,981","73,980","625,792",10,127,970,"2,141","29,810","76,691","6,660","1,103","2,460","1,494","3,280","3,840",0,0,"21,790","58,474","1,570","7,454",420,326,"8,040","30,678","1,090","6,702","1,250","8,538","73,130","662,881",0,0,0,0,0,0,0,0,0,0,0,0,"2,040","4,066","2,200","1,847",280,635,"71,190","549,103","71,960","582,960",30,25,0,0,"27,280","71,397","46,760","149,888","44,410","138,642","2,980","11,246"
HI,7,"131,140","30,580","90,600","7,570","119,070","6,820","78,140","58,460","1,870","312,400",340,120,0,220,0,"7,390","50,460","18,094,971","131,140","18,235,804","106,520","12,428,112","75,690","218,932","9,600","37,412","50,590","322,733","47,070","204,500","12,580","20,295","25,080","479,075","41,360","249,397","24,720","668,958","43,780","2,208,516","1,100","5,540","39,647","36,830","1,136,108","9,390","247,878","18,990","132,189","32,110","140,833","5,480","1,736","1,410","25,150","4,020","33,774","3,090","19,268","6,110","4,620","100,750","2,544,548","100,750","2,465,424","32,540","79,124","30,390","1,060,149","3,880","111,239","27,030","256,595","2,780","5,124","26,730","87,950","30,150","267,224","30,190","266,260","6,950","5,821","26,240","470,897",590,"7,569","3,170","2,744",840,"6,842","22,490","145,320","1,860","44,753","35,570","147,203","130,880","14,355,159","130,770","2,119,663",50,401,"1,150","4,070","68,030","217,136","18,310","5,120","8,070","4,831","7,800","9,880",0,0,"49,220","139,876","4,970","40,005","1,480","1,180","17,270","86,157",900,"4,626","1,300","8,425","129,800","2,097,088",0,0,0,0,0,0,0,0,0,0,0,0,"1,470","3,736","5,660","5,022",190,538,"128,370","1,902,527","129,110","1,999,968","1,610",468,600,248,"57,270","246,979","73,430","339,252","65,950","285,877","9,470","53,375"
HI,8,"41,940","5,780","34,570","1,130","38,310","2,280","28,330","12,120",870,"108,520",20,0,0,20,0,820,"17,660","11,726,380","41,940","11,877,117","34,070","6,939,933","32,140","206,724","6,240","48,314","25,130","399,794","23,730","264,706","2,250","5,400","10,280","541,283","22,590","615,996","10,250","567,451","15,060","1,152,700",570,920,"7,682","12,020","457,728","8,630","688,998","8,310","140,724","11,890","150,737","1,430",445,"1,740","58,115","3,190","37,458",710,"6,562",0,0,"25,290","679,490","25,290","655,517","9,570","23,973","16,650","732,397","1,170","47,602","15,480","319,231","1,020","2,768","15,170","76,605","16,600","159,991","16,620","160,538","3,090","2,808","14,540","312,748",310,"4,967","2,470","1,582","1,270","14,437","13,480","141,865","1,150","42,359","19,370","199,300","41,900","10,122,152","41,880","1,907,868",120,"1,631",300,"1,997","25,850","101,546","11,460","10,391","3,570","2,132",0,0,0,0,"16,010","44,918","2,520","28,989",850,710,"8,210","77,472",0,0,310,"2,254","41,480","1,915,478",0,0,0,0,0,0,0,0,0,0,0,0,170,407,0,0,0,0,"41,740","1,806,322","41,860","1,927,041","14,690","10,539","20,050","24,536","21,260","258,728","20,490","241,584","14,180","130,400","7,680","111,184"
HI,9,"5,180",870,"4,100",130,"4,830",240,"4,290",870,160,"13,190",0,0,0,0,0,20,"2,360","3,457,928","5,180","3,509,312","4,100","1,558,995","4,670","89,717","1,320","22,598","3,980","177,891","3,760","118,947",150,558,"1,550","193,201","3,940","483,307","1,280","104,623","1,430","130,107",110,70,724,"1,470","58,669","2,420","587,625","1,640","49,220","2,090","51,384",60,18,480,"24,716",860,"12,359",100,"1,187",0,0,"2,310","60,689","2,310","58,234",990,"2,455","2,870","184,500",70,"6,141","2,710","163,395",150,471,"2,640","21,923","2,860","28,186","2,870","28,546",340,304,"2,370","54,121",90,"1,910",510,308,520,"11,929","2,440","50,393",270,"20,978","3,140","78,047","5,170","3,141,171","5,170","762,659",110,"1,584",40,278,"2,740","20,208","2,150","7,908",330,192,0,0,0,0,20,25,370,"5,843",110,107,"1,490","21,430",0,0,40,278,"5,100","808,091",0,0,0,0,0,0,0,0,0,0,0,0,0,0,0,0,0,0,"5,160","742,451","5,180","801,114","3,110","9,123","4,540","26,439","2,430","115,498","2,720","119,976","1,130","33,619","1,850","86,357"
HI,10,"1,960",360,"1,500",50,"1,820",100,"1,820",230,60,"4,730",0,0,0,0,0,0,"1,090","4,917,011","1,960","4,944,586","1,480","1,034,137","1,890","244,497",750,"55,817","1,650","419,131","1,580","283,722",80,939,610,"149,545","1,690","1,446,317",440,"48,460",470,"44,201",70,20,132,690,"28,014","1,390","1,227,023",880,"100,453",940,"27,575",0,0,170,"10,239",460,"7,536",40,459,0,0,630,"16,369",630,"15,594",320,775,"1,330","277,437",20,"2,290","1,280","318,150",50,132,"1,190","24,464","1,330","13,123","1,330","13,536",100,268,880,"19,440",30,"1,312",200,114,460,"44,855","1,210","158,648",210,"36,790","1,440","220,357","1,960","4,404,095","1,950","1,265,143",300,"6,454",10,69,"1,260","52,638","1,080","29,423",70,42,0,0,0,0,0,0,140,"2,824",20,19,650,"14,568",0,0,10,69,"1,940","1,426,226",0,0,0,0,0,0,0,0,0,0,0,0,0,0,0,0,0,0,"1,950","1,212,505","1,960","1,312,926","1,090","8,896","1,800","70,949",660,"142,126","1,300","252,600",320,"38,734","1,110","213,866"
ID,0,"884,660","404,250","385,380","82,720","834,750","24,350","430,280","509,480","13,000","1,759,890","20,370","6,010",240,"14,130","1,110","104,480","250,250","76,110,217","880,740","76,878,842","701,440","47,349,587","302,790","1,582,707","33,760","233,264","172,130","2,023,037","156,510","1,292,697","17,160","37,115","154,470","1,928,295","165,830","5,745,604","99,430","2,397,871","174,240","5,406,641","18,980","27,520","121,985","158,510","3,074,139","74,630","6,762,113","59,580","625,738","199,080","768,625","17,340","5,127","3,740","97,161","27,970","209,735","16,150","91,794","41,340","26,752","797,310","16,430,728","797,310","16,038,849","169,810","391,881","73,310","3,255,898","17,330","355,054","60,170","790,469","11,890","26,061","64,480","263,005","72,860","547,305","72,950","549,683","13,250","8,510","57,510","890,199","1,330","12,088","4,520","5,776","3,940","107,057","57,480","1,199,323","3,030","133,200","158,810","1,601,617","725,880","57,032,915","723,280","9,783,884",800,"13,025","26,210","44,182","340,080","900,503","57,080","118,343","26,660","15,886","40,540","40,580","60,320","12,439","225,240","607,502","8,260","42,391","12,600","11,136","116,610","405,492","44,750","303,203","46,290","332,188","816,190","10,316,595","111,810","277,778","30,770","10,790","36,140","90,108","25,930","97,912","18,980","78,966","95,310","235,246","89,780","189,719","32,960","28,177","14,830","22,665","638,790","8,883,382","685,450","9,532,165","22,620","34,555","32,350","161,087","255,190","1,520,725","588,440","2,274,595","570,570","1,743,781","23,340","530,814"
ID,1,"14,010","7,740","5,400",570,"10,040","2,100","8,620","3,490",270,"23,460",130,30,0,100,0,350,"7,660","-1,071,035","10,100","-1,061,078","2,950","121,354","5,040","36,338",500,"2,616","2,730","16,399","2,420","8,540",140,889,"4,860","-159,437","4,180","141,180",990,"12,195","1,520","20,807","1,580",110,781,20,96,"2,810","-519,055","2,140","-12,286","2,060","9,957",50,15,10,209,620,"3,497",90,554,240,214,0,0,0,0,0,0,0,0,0,0,0,0,0,0,0,0,0,0,0,0,0,0,0,0,0,0,0,0,0,0,0,0,0,0,0,0,0,0,200,299,20,100,180,68,50,46,0,0,0,0,0,0,0,0,20,31,0,0,10,3,"1,230","3,147","1,100","10,572","1,120","10,119","5,370","34,636",880,"1,631",460,146,160,418,130,495,130,572,650,"1,164",710,"2,121",400,345,630,928,160,253,"1,600","3,735",70,86,0,0,890,"1,578","5,010","32,447","4,760","27,599",330,"4,848"
ID,2,"78,750","62,300","10,600","4,990","71,820","3,340","31,040","40,010",570,"81,260","4,700","1,230",20,"3,460",300,"6,370","24,410","406,697","78,750","416,554","49,780","307,528","18,780","17,377","1,230","2,286","8,600","15,553","7,530","7,751",200,138,"13,080","34,068","7,820","2,374","5,490","23,155","9,830","47,667",850,710,"2,232",980,"1,651","1,800","-12,773","2,360",485,"11,630","9,857",110,27,20,108,"1,100","3,241",190,660,660,456,"77,860","1,123,224","77,860","1,078,741","20,490","44,484",880,"24,383",700,"14,252",210,817,520,472,560,"1,782",820,"2,652",820,"2,829",100,66,450,"6,079",10,122,30,46,20,70,450,730,20,209,220,35,"1,820","3,043","2,020",581,0,0,660,282,470,61,240,9,0,0,50,19,30,9,60,24,0,0,0,0,"10,310","7,509","2,650","19,666","2,680","19,333","55,270","50,382","20,850","20,504","14,170","5,548","3,860","7,721","1,850","4,520",970,"2,714","17,500","17,482","5,190","3,874","3,040","2,600","1,030","1,167","1,880",520,"12,770","8,347",0,0,0,0,"7,940","3,826","51,310","45,831","50,980","44,751",430,"1,081"
ID,3,"130,840","93,060","19,890","16,000","122,860","3,660","53,480","91,630","1,150","176,910","4,650","1,400",30,"3,220",380,"21,520","32,370","2,270,074","130,840","2,301,059","99,470","1,669,776","26,270","42,107","2,000","4,164","12,860","36,596","11,450","18,561",380,340,"22,100","173,746","12,030","14,512","10,330","83,669","19,680","215,518","1,530","3,170","11,768","17,980","43,012","3,560",-158,"4,410","11,591","22,650","30,985",580,142,70,432,"1,900","5,930",770,"2,698","2,150","1,331","129,030","2,206,279","129,030","2,148,984","26,130","57,295","1,810","50,608","1,380","26,090",520,"2,040","1,070","1,164","1,230","3,620","1,720","5,829","1,730","5,942",250,144,980,"12,202",20,173,80,62,40,182,"1,090","4,583",60,815,"8,150","5,300","70,780","355,569","70,240","35,768",10,189,"1,760",818,"20,720","6,516","1,420",53,580,132,"6,360","2,965","7,270","1,493","5,550","1,685",160,81,200,81,"18,690","32,834","6,970","47,191","6,930","45,865","116,100","267,710","38,030","114,482","16,130","5,096","11,380","43,492","6,500","38,692","4,020","27,202","32,100","98,473","19,910","37,610","7,520","6,377","3,060","3,038","56,540","29,253","71,210","63,102",10,19,0,0,"16,580","17,058","105,710","221,358","105,120","219,318",840,"2,040"
ID,4,"208,510","124,660","48,020","31,790","197,800","5,090","87,220","140,900","2,120","351,460","5,900","2,110",60,"3,720",360,"35,330","45,520","7,730,056","208,510","7,798,679","175,230","6,197,211","43,470","77,970","3,530","10,320","21,340","74,242","19,140","38,763","1,180","1,056","27,860","278,764","19,820","51,345","15,570","182,993","31,070","542,128","2,680","8,160","32,542","34,850","299,353","7,450","52,490","7,130","18,760","35,770","68,623","2,390",645,190,"1,873","3,420","12,093","2,980","11,255","8,030","4,784","203,810","3,758,580","203,810","3,684,366","32,640","74,214","4,700","133,919","2,740","52,857","2,430","7,240","2,000","2,667","3,490","10,334","4,610","17,818","4,630","18,025",880,532,"2,950","38,540",90,824,220,360,110,505,"3,060","20,046",170,"2,530","25,720","39,566","201,350","3,827,426","199,820","413,624",0,0,"7,900","5,401","84,660","85,122","5,860",430,"4,520","2,486","11,650","11,520","33,470","7,491","48,190","59,933","1,130","1,653","1,360",966,"21,570","57,680","15,160","96,807","14,850","97,352","197,820","723,233","44,020","132,363",0,0,"20,730","38,477","14,080","51,353","9,210","42,532","38,450","111,241","38,410","87,140","7,820","6,589","4,960","6,401","156,820","328,502","168,020","389,336",30,31,0,0,"49,010","59,701","156,360","392,535","155,080","386,559","1,890","5,975"
ID,5,"139,930","62,780","58,060","16,450","133,280","3,120","66,770","86,980","1,910","287,310","2,810",840,50,"1,920",70,"19,400","38,630","8,616,049","139,930","8,690,756","115,940","6,528,706","42,940","90,272","3,950","14,401","22,410","94,735","20,240","50,738","2,260","1,881","21,840","230,251","20,910","75,274","14,960","223,953","29,370","755,616","2,570","5,550","24,411","29,880","537,375","7,890","89,808","7,700","24,742","31,660","74,707","3,180",890,230,"2,496","3,270","14,763","3,230","14,948","9,000","5,776","132,490","2,781,516","132,490","2,720,206","27,030","61,310","7,440","211,500","3,060","61,862","5,400","18,200","1,850","3,056","6,140","17,304","7,370","34,734","7,390","34,842","1,440",807,"5,480","72,265",130,"1,351",350,676,160,913,"4,880","35,152",270,"4,284","24,590","61,662","139,590","5,568,935","139,090","643,869",20,262,"6,230","8,123","63,390","132,763","7,680",728,"3,840","2,153","6,870","7,890","19,560","3,446","44,620","110,068","1,720","5,034","2,170","1,804","16,160","49,260","9,240","65,875","9,500","70,317","135,660","718,515","8,020","8,798",0,0,0,0,"3,380","2,852","4,650","5,946","6,610","6,886","17,530","41,068","4,220","3,648","2,800","4,755","120,490","511,106","125,940","564,981",30,41,0,0,"42,730","86,041","96,520","237,967","94,940","231,051","2,190","6,915"
ID,6,"95,810","26,280","61,710","6,650","91,290","2,190","50,310","52,790","1,590","234,460","1,240",230,30,980,0,"9,940","30,140","8,314,210","95,810","8,385,492","78,460","6,020,186","38,010","93,878","3,690","12,715","20,570","104,728","18,620","58,288","2,880","2,719","17,550","209,176","19,110","92,331","13,280","253,951","24,630","827,287","2,340","3,890","18,156","23,750","573,510","7,750","142,384","7,350","31,059","25,030","71,282","2,720",815,270,"3,793","2,940","15,831","2,410","13,291","7,100","4,087","87,450","2,117,335","87,450","2,068,053","20,950","49,283","8,360","248,187","2,660","52,591","6,810","29,394","1,410","3,079","7,330","20,571","8,310","48,599","8,320","48,821","1,780",995,"6,640","89,299",140,"1,380",450,711,180,"1,264","5,830","48,516",280,"5,561","21,220","72,619","95,690","5,879,457","95,460","735,777",0,0,"4,100","7,853","46,400","141,821","7,180",979,"4,070","2,449","5,340","6,150",0,0,"36,690","120,363","1,670","7,506","2,100","1,919","12,700","43,759","5,170","36,241","5,240","41,853","93,470","726,976",0,0,0,0,0,0,0,0,0,0,0,0,"5,800","12,119","3,280","2,811","1,310","3,055","89,090","593,955","91,120","642,610",60,52,0,0,"36,550","98,412","58,920","180,900","57,220","172,991","2,260","7,909"
ID,7,"159,150","21,680","131,300","5,100","152,130","3,600","89,840","76,970","3,470","439,070",870,160,40,680,0,"10,420","51,580","21,677,262","159,150","21,867,092","132,040","15,212,614","83,090","292,392","9,880","46,814","50,430","361,311","46,240","211,634","7,320","8,127","33,080","467,922","47,710","449,382","27,280","854,106","44,760","2,082,852","4,810","5,010","26,284","38,580","1,184,339","20,820","698,724","16,660","140,935","49,780","189,830","6,950","2,189",970,"15,583","6,850","51,774","4,820","30,910","14,160","10,104","132,550","3,520,013","132,550","3,437,708","33,260","82,305","26,590","938,883","5,380","105,942","23,840","162,684","2,580","7,011","24,490","79,383","26,540","214,447","26,570","214,736","5,470","3,313","22,510","329,689",480,"3,421","1,560","2,308",790,"5,965","21,320","255,047",870,"21,665","47,350","256,315","159,040","16,965,728","158,840","2,381,629",50,412,"4,410","14,629","89,440","298,530","19,020","3,815","10,300","6,612","10,260","12,036",0,0,"69,530","243,979","2,700","18,311","4,840","4,386","23,680","100,117","4,460","26,851","4,970","39,531","156,190","2,261,735",0,0,0,0,0,0,0,0,0,0,0,0,"2,130","5,491","6,680","5,807","1,060","3,321","156,310","2,083,099","157,210","2,200,527","1,010",333,280,181,"70,320","313,815","88,350","369,234","83,410","329,073","6,610","40,162"
ID,8,"47,390","4,620","41,560",980,"45,630","1,030","33,740","15,110","1,540","136,600",70,10,10,50,0,"1,140","15,840","13,485,953","47,390","13,661,758","39,350","7,911,489","35,620","298,337","6,230","55,613","25,660","418,656","23,830","267,037","2,040","5,129","11,420","367,785","26,130","983,606","9,570","580,342","11,670","787,469","2,020",860,"5,222","10,210","352,525","15,600","1,589,359","8,400","180,230","15,570","175,805","1,250",375,"1,350","40,537","5,310","62,742","1,310","13,194",0,0,"29,940","811,473","29,940","791,767","7,970","19,706","17,450","807,481","1,330","35,331","15,720","227,335","1,660","5,857","15,970","77,279","17,430","165,149","17,440","165,445","2,780","1,865","14,340","255,625",330,"2,725","1,330","1,249","1,300","16,583","15,270","296,406",780,"32,598","24,300","391,713","47,360","11,478,072","47,350","2,120,425",140,"2,077",890,"6,127","29,630","99,810","11,360","7,611","3,020","1,829",0,0,0,0,"20,470","71,151",720,"7,121","1,630","1,681","9,340","69,499",0,0,910,"6,937","46,310","2,025,339",0,0,0,0,0,0,0,0,0,0,0,0,110,296,0,0,0,0,"47,270","2,020,615","47,340","2,141,744","16,370","11,829","22,830","28,250","25,760","365,706","21,470","242,031","16,980","158,209","5,560","83,822"
ID,9,"7,030",770,"6,080",130,"6,770",170,"6,210","1,200",280,"20,390",0,0,0,0,0,30,"2,680","4,728,593","7,030","4,796,491","5,680","1,896,936","6,450","152,168","1,660","25,487","5,000","216,310","4,680","135,913",420,"2,799","1,840","113,097","5,340","706,627","1,400","114,144","1,230","90,696",380,70,589,"1,530","54,823","4,330","1,260,042","2,120","94,365","3,230","67,898",90,24,440,"20,795","1,610","24,702",250,"2,998",0,0,"3,170","85,069","3,170","82,639","1,000","2,430","3,860","282,289",80,"6,129","3,330","106,559",500,"1,829","3,410","25,732","3,850","36,906","3,850","37,173",400,438,"2,840","58,800",80,"1,176",330,241,670,"14,581","3,500","144,356",300,"20,160","4,760","188,377","7,020","4,173,924","7,020","989,207",110,"1,830",80,668,"3,460","14,965","2,780","6,966",270,180,0,0,0,0,130,268,90,"1,478",220,242,"1,900","21,067",0,0,80,668,"6,850","960,314",0,0,0,0,0,0,0,0,0,0,0,0,0,0,0,0,0,0,"7,010","974,243","7,030","1,041,778","3,510","10,150","6,230","33,761","3,920","213,378","3,080","127,521","1,510","51,590","1,880","75,931"
ID,10,"3,230",360,"2,770",60,"3,150",60,"3,070",420,110,"8,980",0,0,0,0,0,0,"1,430","9,952,358","3,230","10,022,039","2,550","1,483,787","3,120","481,868","1,090","58,848","2,550","684,507","2,360","495,472",340,"14,037",850,"212,923","2,790","3,228,973",570,"69,363",490,"36,601",240,0,0,730,"27,455","2,610","3,461,292","1,320","135,857","1,690","69,681",20,5,200,"11,335",940,"15,162",110,"1,286",0,0,"1,020","27,239","1,020","26,385",350,854,"2,210","558,648",0,0,"1,910","236,200",300,926,"1,860","27,000","2,210","21,171","2,210","21,870",150,350,"1,320","27,700",50,916,180,123,670,"66,994","2,090","394,487",280,"45,378","2,510","586,030","3,230","8,780,761","3,230","2,462,705",460,"8,155",20,213,"1,880","120,869","1,560","97,752",70,45,0,0,0,0,0,0,70,"1,207",50,54,"1,040","20,620",0,0,20,213,"3,160","2,547,755",0,0,0,0,0,0,0,0,0,0,0,0,0,0,0,0,0,0,"3,220","2,341,836","3,230","2,476,005","1,540","12,014","3,010","98,895","1,500","361,210","1,720","424,771",570,"122,640","1,360","302,131"
IL,0,"6,100,250","3,108,550","2,032,270","823,640","5,715,700","202,980","3,373,190","3,829,860","83,160","11,065,390","86,870","34,740",170,"51,960","7,350","746,530","1,636,370","605,528,892","6,078,430","611,245,920","4,946,470","402,992,658","2,120,040","13,568,397","283,740","2,095,414","1,442,280","20,993,401","1,343,890","14,486,144","90,050","68,877","1,052,220","12,283,812","1,216,160","40,579,659","690,920","17,891,700","1,178,060","40,332,222","60,790","191,590","1,494,211","972,980","19,312,482","399,410","35,405,804","336,290","1,074,175","1,334,400","5,717,028","158,060","47,605","38,000","1,321,218","131,700","1,271,094","91,570","535,650","281,780","224,053","5,513,710","107,463,297","5,513,710","105,058,798","1,072,150","2,404,501","517,440","22,199,014","135,420","3,280,649","416,350","6,705,547","87,490","167,989","446,220","4,689,872","513,170","4,431,342","513,730","4,455,571","68,030","82,167","386,240","4,615,548","6,740","72,681","9,390","11,192","28,320","1,501,931","392,980","7,189,010","29,860","1,026,082","1,062,600","7,974,985","5,005,550","479,506,746","4,995,100","91,376,106","4,420","81,399","127,920","182,177","2,320,680","5,383,108","517,120","914,858","231,240","141,115","293,720","321,386","349,240","70,994","1,461,350","3,217,563","38,080","204,575","122,330","94,868","779,510","2,887,950","192,250","1,368,778","210,000","1,527,257","5,748,280","102,354,110","826,140","2,272,907","223,220","79,928","293,960","794,146","198,390","855,999","110,570","542,834","713,080","1,924,388","599,080","1,160,895","237,020","212,645","64,430","73,624","4,477,800","85,993,008","4,812,260","91,227,101","311,050","641,330","321,980","1,371,817","1,583,210","8,919,190","4,303,230","19,852,178","4,159,520","13,883,950","179,220","5,968,229"
IL,1,"68,990","46,170","17,490","3,090","49,230","9,920","40,510","22,100","1,250","96,750",650,320,0,330,20,"3,000","32,080","-4,516,747","47,170","-4,416,534","14,330","666,316","20,480","119,068","2,330","17,961","14,200","102,444","12,820","56,098",380,828,"22,240","-524,739","18,950","314,042","4,320","67,268","6,730","90,464","3,260",630,"5,966",100,508,"12,080","-1,850,370","11,810","-230,920","10,010","100,213",310,88,100,"3,912","2,420","17,986",440,"2,675","1,640","1,880",0,0,0,0,0,0,0,0,0,0,0,0,0,0,0,0,0,0,0,0,0,0,0,0,0,0,0,0,0,0,0,0,0,0,0,0,0,0,"1,880","3,301",110,"2,595","1,700",377,550,426,90,10,0,0,80,29,60,38,250,172,0,0,20,7,"5,990","17,043","5,580","54,163","5,930","52,941","30,780","225,245","4,750","7,433","3,040",945,860,"2,470",520,"2,438",320,"1,580","3,200","5,276","2,660","7,135","2,920","2,850","3,340","4,530","1,440","2,875","8,490","23,431",500,645,0,0,"4,650","10,181","28,830","211,787","27,360","174,659","1,980","37,128"
IL,2,"568,760","481,630","43,890","35,350","510,940","32,240","278,670","305,160","3,810","494,520","20,050","7,660",0,"12,380","2,610","47,230","135,810","2,922,533","568,760","2,997,078","375,740","2,329,999","114,760","81,590","6,710","9,226","66,910","102,947","60,480","59,835","1,260",703,"113,030","208,107","53,040","2,383","32,350","129,727","61,110","281,722","2,050","4,730","24,064","5,720","10,942","9,440","-53,527","13,780","-25,468","97,140","74,545","1,090",285,130,769,"4,980","17,139","1,460","5,374","5,750","5,399","562,030","7,100,327","562,030","6,871,805","109,940","228,522","6,660","163,559","4,810","93,461","2,120","5,387","3,420","2,750","4,240","31,487","6,210","32,479","6,230","32,939",450,611,"3,150","28,329",50,414,50,39,130,611,"3,090","4,626",210,"2,217","2,880",335,"18,860","34,881","19,080","4,881",0,0,"6,220","1,451","5,140",521,"3,110",145,30,7,460,101,260,45,530,156,20,11,70,27,"87,590","63,649","16,370","123,466","17,160","124,694","413,720","381,020","151,570","142,097","110,170","44,155","26,380","57,074","10,180","26,714","4,830","14,154","120,810","118,830","34,160","25,395","18,920","17,314","6,800","5,335","17,190","4,362","107,550","69,886",60,58,0,0,"73,500","36,522","377,450","347,358","374,550","339,642","3,610","7,716"
IL,3,"911,620","604,380","95,370","196,760","852,690","31,500","471,930","698,010","6,330","1,336,400","21,850","9,510",30,"12,300","2,800","185,160","199,550","15,705,072","911,620","15,969,296","675,760","11,721,751","156,900","188,052","10,440","18,472","85,380","223,512","77,590","128,642","3,230","2,014","227,340","1,498,301","70,710","60,712","63,690","496,341","126,320","1,311,248","3,610","23,450","159,221","108,860","276,139","23,790","39,845","24,420","-38,942","206,840","264,224","6,010","1,632",390,"2,840","9,710","33,996","5,280","19,879","16,600","15,197","896,940","15,253,258","896,940","14,928,256","154,340","325,003","14,660","392,889","10,340","208,501","6,330","14,091","6,690","6,979","9,980","69,633","14,140","78,507","14,160","79,247","1,390","2,146","7,230","64,202",130,989,130,128,280,"1,149","8,360","28,458",590,"7,017","64,410","39,215","475,770","2,275,113","473,650","228,683",20,210,"15,070","4,228","166,500","50,156","10,400",559,"5,850","1,380","41,340","19,079","52,680","10,876","61,460","16,977",800,406,"1,650",639,"178,600","328,872","40,100","289,672","41,160","287,789","837,750","2,543,640","342,430","1,220,694","110,010","34,828","119,880","462,202","73,850","453,733","38,680","269,931","299,190","1,021,261","212,470","404,225","50,970","46,207","18,050","15,368","352,420","178,528","500,940","514,489",130,147,20,2,"101,260","121,043","772,720","2,147,591","768,030","2,129,907","6,280","17,684"
IL,4,"1,331,160","802,400","198,870","295,030","1,254,380","40,310","696,440","984,420","11,140","2,194,530","23,670","11,260",110,"12,300","1,790","238,640","278,280","49,486,809","1,331,160","49,916,973","1,137,450","41,049,459","261,810","350,830","18,990","44,015","141,110","446,656","128,670","268,556","11,010","5,767","192,770","1,176,958","115,350","197,370","93,250","1,057,381","193,270","3,191,625","6,330","47,040","365,827","192,030","1,701,966","43,910","338,683","42,290","-120,298","219,730","430,164","20,830","5,770","1,100","10,488","16,200","70,390","17,830","77,521","57,040","48,266","1,290,590","22,950,744","1,290,590","22,542,041","188,670","408,703","40,550","1,114,512","24,030","483,103","25,990","61,701","12,080","17,276","28,100","189,460","39,730","241,133","39,800","247,451","6,090","10,472","22,520","197,300",400,"3,328",450,631,560,"3,211","27,090","143,997","1,930","27,575","153,010","232,563","1,296,560","25,388,582","1,290,090","2,748,630",60,370,"45,050","31,136","588,640","617,662","36,790","2,693","46,820","28,373","90,450","99,226","218,410","46,189","356,710","420,850","6,050","9,590","11,930","7,758","124,300","318,315","71,610","482,355","72,410","501,700","1,285,740","5,101,353","299,780","876,125",0,0,"146,840","272,400","100,230","363,169","52,720","240,556","267,560","758,570","264,210","559,561","59,650","51,762","22,810","24,873","990,820","2,130,969","1,053,450","2,470,100",240,273,10,3,"252,980","319,268","1,065,580","2,944,433","1,056,710","2,909,204","12,230","35,229"
IL,5,"924,540","526,300","221,290","145,450","873,220","25,970","497,520","631,700","10,710","1,570,930","11,250","4,040",0,"7,210",130,"120,680","243,740","56,998,322","924,540","57,437,368","790,740","45,294,668","276,080","438,935","24,650","65,594","161,830","631,650","148,870","393,105","19,130","8,964","118,570","920,799","130,740","286,735","92,640","1,391,534","182,720","4,599,707","7,050","33,500","276,484","167,000","2,998,052","37,950","463,993","45,370","-124,077","194,800","439,046","25,140","7,117","1,330","15,647","13,750","79,175","19,120","96,737","73,410","60,623","861,190","16,193,164","861,190","15,844,671","160,660","348,493","63,340","1,706,481","26,510","554,906","47,850","154,551","13,120","23,162","51,370","339,735","62,630","458,989","62,700","463,012","10,080","15,051","44,470","378,246",800,"6,233",950,"1,615",710,"3,709","43,540","251,457","2,640","41,881","134,720","293,793","921,740","38,882,939","919,830","4,608,733",60,548,"27,710","42,136","355,460","668,302","51,120","5,070","28,500","17,672","52,030","64,909","77,840","13,846","243,150","520,282","7,380","22,092","18,360","13,562","79,910","218,938","32,090","236,572","36,070","274,226","907,210","5,455,960","27,610","26,558",0,0,0,0,"13,600","9,945","14,010","16,613","22,330","20,451","65,670","124,955","30,720","27,701","8,000","12,446","848,500","3,940,432","866,620","4,188,387",260,383,10,4,"236,510","424,029","684,630","1,684,237","673,670","1,640,107","14,660","44,130"
IL,6,"624,440","283,680","250,960","71,480","589,290","17,470","356,840","381,600","9,130","1,196,270","4,690",980,20,"3,690",0,"59,620","198,610","54,149,939","624,440","54,508,748","524,080","40,672,874","254,030","495,514","26,780","79,426","159,840","783,357","147,960","506,167","20,300","9,574","85,720","809,524","129,520","364,136","86,170","1,679,195","158,140","5,438,530","7,280","25,190","200,463","139,740","3,281,727","32,950","510,023","41,720","-48,227","136,840","358,809","20,190","5,948","1,570","19,920","11,480","80,540","11,900","71,362","44,560","26,211","553,060","11,739,001","553,060","11,447,202","130,320","291,800","71,380","1,922,409","21,820","486,511","56,860","241,812","12,540","23,995","61,840","418,110","70,800","583,596","70,890","584,791","11,000","13,015","54,720","467,728",890,"7,411","1,150","1,716",950,"5,502","50,060","308,762","3,110","54,956","118,440","298,694","623,130","40,238,617","622,260","5,395,953",70,697,"13,830","30,820","253,630","586,154","55,140","6,952","21,580","13,439","33,240","39,458",0,0,"180,980","468,281","6,110","26,961","18,540","14,033","60,090","184,431","14,600","102,639","16,800","132,069","616,120","5,852,217",0,0,0,0,0,0,0,0,0,0,0,0,"14,010","24,857","21,020","18,157","3,140","5,800","606,290","4,809,800","611,190","5,021,802",350,299,30,19,"205,830","488,047","416,460","1,307,521","405,000","1,254,808","14,730","52,714"
IL,7,"1,124,270","291,140","749,790","63,070","1,065,680","29,990","664,460","618,930","22,070","2,650,120","4,320",860,0,"3,450",0,"77,740","379,620","156,259,052","1,124,270","157,375,201","950,400","112,402,337","613,690","1,741,016","83,500","331,153","441,360","4,628,416","412,620","3,586,644","27,270","16,054","181,280","2,517,536","360,340","1,901,496","204,460","6,082,382","323,620","16,081,787","19,460","43,090","338,440","262,660","7,639,151","96,610","2,192,644","90,550","320,194","300,170","1,116,149","59,730","19,027","7,560","129,562","29,970","273,312","26,770","175,909","82,780","66,477","965,560","23,982,744","965,560","23,393,665","243,070","589,079","158,700","4,963,563","36,780","973,682","131,290","860,092","24,500","50,341","142,240","1,139,782","157,890","1,440,772","158,050","1,439,186","22,290","21,792","124,790","1,277,077","1,960","17,726","3,010","3,544","3,850","26,837","120,020","1,011,336","8,400","208,515","308,500","1,106,537","1,123,210","126,243,371","1,122,160","18,854,840",390,"4,099","15,050","51,256","586,890","1,574,430","166,610","34,278","71,880","45,803","76,120","98,584",0,0,"419,610","1,201,600","11,980","83,870","46,610","36,825","136,040","536,646","11,890","79,911","17,070","128,593","1,114,510","19,453,515",0,0,0,0,0,0,0,0,0,0,0,0,"5,230","13,207","52,820","48,654","2,300","5,272","1,115,440","17,280,414","1,117,790","17,919,935","17,780","4,666","5,060","1,404","431,540","1,672,701","689,890","3,179,767","653,040","2,919,069","47,330","260,698"
IL,8,"447,940","62,250","369,760","11,320","426,090","12,710","285,020","169,200","14,550","1,233,040",410,110,0,300,0,"13,970","137,320","128,317,099","447,940","129,652,846","392,500","90,744,103","330,880","1,957,797","72,910","494,902","286,360","4,791,153","272,480","3,421,398","5,380","6,899","87,660","3,044,700","254,320","3,954,015","94,290","5,171,607","110,160","8,040,419","9,540","12,550","109,763","81,950","2,797,634","90,090","6,188,241","45,460","556,752","126,490","1,335,747","23,250","7,294","13,780","411,922","26,210","367,530","7,210","67,910",0,0,"339,270","9,032,253","339,270","8,845,969","74,390","186,284","108,680","4,542,996","10,400","413,307","96,190","1,393,559","11,600","32,360","99,560","1,280,506","108,370","1,063,620","108,460","1,065,322","13,510","12,156","88,400","1,396,879","1,470","18,253","2,530","2,806","7,650","86,983","91,490","1,266,069","6,720","283,128","210,950","1,658,339","447,770","113,173,033","447,640","21,760,580",800,"10,856","3,000","18,369","298,890","850,045","137,400","78,683","47,490","28,760",0,0,0,0,"197,900","588,389","4,880","49,853","21,660","18,718","76,500","567,765",0,0,"3,110","22,820","444,630","21,744,550",0,0,0,0,0,0,0,0,0,0,0,0,660,"1,560",0,0,0,0,"447,270","20,910,535","447,730","21,925,958","215,590","171,967","227,920","212,035","228,490","2,344,753","218,050","2,099,792","180,050","1,459,290","46,200","640,502"
IL,9,"68,110","7,300","58,750","1,470","65,070","2,010","54,070","14,390","2,890","202,480",0,0,0,0,0,440,"20,670","45,643,960","68,110","46,385,936","60,070","28,467,215","61,860","1,031,850","22,100","295,714","57,400","2,325,330","55,350","1,566,603","1,100","4,987","16,200","1,294,924","55,410","3,034,192","13,950","1,113,655","11,370","872,258","1,580","1,200","11,688","10,250","410,001","30,610","6,579,585","11,730","261,355","26,670","741,976","1,290",374,"6,870","340,205","9,380","169,668","1,070","12,401",0,0,"34,960","941,487","34,960","921,198","8,160","20,289","33,150","1,877,011",620,"51,338","30,510","996,084","2,530","7,847","30,580","609,613","33,110","329,780","33,120","332,186","2,510","3,351","27,130","527,864",600,"9,983",730,580,"5,940","98,733","29,950","703,403","2,610","150,289","45,230","733,577","68,090","42,095,934","68,090","10,594,613",670,"11,032",240,"1,922","42,290","130,250","35,830","76,221","7,300","4,463",0,0,0,0,760,856,660,"8,229","2,720","2,555","18,900","253,742",0,0,240,"1,932","67,570","10,825,154",0,0,0,0,0,0,0,0,0,0,0,0,0,0,0,0,0,0,"68,050","10,464,363","68,100","11,130,461","52,760","176,020","60,320","210,728","36,710","1,368,209","31,070","1,038,931","15,990","373,274","17,290","665,657"
IL,10,"30,430","3,310","26,100",620,"29,130",880,"27,730","4,360","1,290","90,350",0,0,0,0,0,60,"10,690","100,562,853","30,430","101,419,008","25,420","29,643,936","29,540","7,163,745","15,330","738,951","27,880","6,957,936","27,050","4,499,096",980,"13,087","7,400","1,337,702","27,790","30,464,578","5,800","702,610","4,610","424,462",620,220,"2,295","4,680","196,362","21,980","20,996,687","9,160","523,806","15,720","856,155",240,70,"5,160","385,953","7,610","161,358",500,"5,882",0,0,"10,110","270,319","10,110","263,991","2,590","6,328","20,320","5,515,594",120,"15,840","19,220","2,978,270","1,030","3,279","18,320","611,546","20,310","202,466","20,310","211,437",710,"3,573","13,830","277,923",440,"8,344",390,133,"8,250","1,275,196","19,390","3,470,902","3,660","250,504","24,470","3,611,932","30,420","91,174,276","30,420","27,175,892","2,250","50,992",60,482,"22,680","905,162","20,650","710,247","1,800","1,218",0,0,0,0,0,0,210,"3,563",750,744,"11,600","398,549",0,0,60,493,"30,260","30,771,456",0,0,0,0,0,0,0,0,0,0,0,0,0,0,0,0,0,0,"30,390","26,270,730","30,430","27,962,652","23,390","286,872","28,610","947,622","11,760","2,134,437","18,560","4,890,761","5,120","683,990","14,910","4,206,771"
IN,0,"3,241,920","1,579,950","1,171,010","414,130","3,075,460","84,040","1,590,360","2,118,990","34,030","6,053,470","54,770","27,750",60,"26,960","4,510","481,190","911,990","255,864,821","3,226,940","257,938,231","2,631,650","177,812,901","973,480","3,201,531","116,580","771,590","584,570","5,565,445","539,440","3,800,910","43,610","34,663","484,130","5,979,045","499,630","10,660,066","373,830","8,318,550","669,300","14,537,882","47,580","47,470","212,381","556,220","10,422,413","163,300","18,563,505","143,360","1,008,752","653,010","2,073,410","67,530","20,262","11,470","331,963","63,570","521,020","40,540","207,489","160,590","121,849","3,028,140","60,014,894","3,028,140","58,559,031","643,900","1,455,865","176,060","7,624,595","48,360","1,204,202","163,360","2,208,474","11,090","26,691","144,540","694,819","175,110","1,352,025","175,290","1,363,547","83,010","49,683","122,960","1,472,899","1,720","17,587","3,410","4,737","7,150","178,573","134,610","2,774,685","14,570","600,568","470,480","4,148,651","2,569,010","190,223,871","2,565,910","32,482,857","1,680","28,745","69,600","96,041","1,194,560","2,564,410","189,910","149,047","110,610","65,501","121,390","132,812","235,840","46,614","813,920","1,912,536","11,540","42,616","59,950","48,723","364,530","1,188,847","106,860","576,183","116,610","658,948","3,032,710","36,962,021","476,760","1,291,177","118,060","41,755","170,260","442,639","116,820","478,521","71,620","328,264","424,600","1,136,767","357,110","700,834","96,010","84,988","32,110","36,209","2,271,470","29,918,453","2,428,720","31,751,216","86,940","141,214","98,630","331,959","712,990","3,580,531","2,377,520","8,733,933","2,323,310","7,092,071","73,920","1,641,861"
IN,1,"37,670","24,800","10,460","1,370","25,130","6,660","20,080","11,030",450,"54,220",410,230,0,180,0,"1,510","19,560","-1,492,661","22,700","-1,470,919","6,420","267,405","9,450","45,927","1,070","5,556","5,820","35,551","5,250","23,358",210,473,"11,580","-261,387","8,360","104,712","2,230","28,783","3,670","39,595","2,770",130,962,60,149,"4,960","-705,488","4,190","-62,626","4,460","21,742",120,34,40,"1,028","1,100","7,187",170,989,770,850,0,0,0,0,0,0,0,0,0,0,0,0,0,0,0,0,0,0,0,0,0,0,0,0,0,0,0,0,0,0,0,0,0,0,0,0,0,0,960,"1,621",30,"1,323",890,247,200,195,20,1,0,0,20,5,20,12,100,77,0,0,10,3,"2,480","6,211","2,760","22,650","2,940","22,211","15,860","98,902","1,790","2,579","1,150",321,320,837,190,829,140,592,"1,220","1,900","1,250","3,511","1,000",921,"1,580","2,147",800,"1,426","3,830","8,547",150,157,0,0,"2,260","3,442","15,040","93,731","14,540","81,973",780,"11,758"
IN,2,"364,740","301,510","34,740","23,990","333,980","17,380","155,500","196,430","1,850","342,980","16,770","7,800",0,"8,980","1,830","33,360","115,480","1,843,866","364,730","1,876,388","233,430","1,317,317","73,430","44,771","4,370","6,295","34,680","48,852","31,060","26,672",700,310,"49,860","107,776","27,580","1,294","27,400","103,337","64,450","301,252","1,960","1,430","6,590","3,720","6,707","3,570","-25,612","6,760","1,808","42,740","32,522",470,120,50,282,"2,550","7,488",630,"2,324","2,700","2,272","362,450","4,860,004","362,450","4,647,072","101,290","212,932","2,260","58,131","1,710","42,489","1,000","2,316",940,779,"1,090","3,700","2,100","5,827","2,100","5,886",530,267,750,"6,714",10,92,10,0,40,80,870,"1,530",80,"1,084",940,131,"7,070","12,490","8,360","2,263",10,94,"3,440","1,099","2,150",277,980,44,20,4,160,44,150,21,410,132,20,3,60,20,"37,450","25,257","9,820","58,168","10,290","59,296","252,530","230,038","90,710","96,004","58,660","22,961","19,510","40,369","8,380","20,842","4,150","11,833","80,120","85,777","25,920","18,020","7,280","6,526","3,220","2,677","7,490","1,987","48,120","28,323",10,22,0,0,"29,270","13,230","238,920","214,849","237,930","211,228","1,370","3,621"
IN,3,"511,180","339,250","64,130","97,930","485,910","12,500","229,990","396,290","2,880","749,880","14,090","7,250",20,"6,820","1,680","110,230","139,090","8,757,513","511,180","8,865,766","375,090","6,268,809","91,680","96,251","6,900","11,749","45,120","106,915","40,820","58,548","1,390",828,"92,390","693,000","37,020","29,896","45,560","343,843","100,060","1,050,206","3,420","6,100","33,973","84,360","206,644","6,910","-16,128","11,200","19,923","88,300","108,253","2,370",625,140,912,"4,580","14,005","2,440","8,280","7,940","6,505","506,010","8,751,430","506,010","8,497,342","116,780","254,088","5,150","145,453","3,970","93,833","3,040","5,801","1,790","1,877","2,720","8,590","5,000","15,209","5,010","15,823","1,530",820,"1,850","16,278",30,299,50,63,80,252,"2,890","13,898",340,"4,457","28,560","17,066","258,250","1,244,709","257,940","125,963",0,0,"8,150","3,300","86,070","25,461","4,660",185,"2,910",741,"15,010","6,849","32,050","6,066","34,710","10,864",300,145,"1,250",477,"73,730","130,767","23,560","127,471","24,350","129,057","471,960","1,359,641","181,360","644,912","58,250","18,473","62,670","241,934","39,020","237,137","21,420","147,368","162,320","563,557","113,870","214,822","17,940","15,830","8,300","6,674","198,360","100,505","262,440","235,427",40,43,10,1,"45,680","48,374","441,720","1,171,664","439,850","1,165,080","2,950","6,583"
IN,4,"761,630","451,710","128,470","156,420","729,230","15,390","338,950","571,970","5,490","1,272,220","13,900","8,130",40,"5,740",910,"160,430","170,120","28,386,188","761,630","28,575,479","651,510","23,461,238","140,660","166,515","11,610","26,781","71,480","201,286","65,030","117,757","4,390","2,233","87,200","664,699","58,430","95,862","61,280","677,503","127,670","1,946,124","6,760","12,380","55,993","129,990","1,169,320","13,740","40,526","17,840","38,542","110,760","189,291","8,730","2,379",410,"3,440","7,940","29,444","8,370","29,892","31,120","23,517","746,260","13,424,288","746,260","13,145,993","123,470","278,296","15,360","470,799","9,740","219,907","12,860","31,619","2,200","3,901","8,000","24,642","15,190","57,467","15,220","62,878","5,430","4,151","6,270","56,076",130,"1,002",170,344,150,913,"10,530","96,646","1,990","30,493","74,400","104,272","739,290","14,493,213","735,980","1,570,684",20,347,"25,040","16,705","330,230","350,481","18,640","1,027","22,060","13,076","33,050","34,700","142,930","29,958","205,990","261,176","2,330","3,096","7,880","5,255","58,090","148,708","39,430","202,481","40,010","213,396","742,590","2,955,736","181,730","526,230",0,0,"87,760","159,499","59,760","212,576","34,220","154,155","162,970","467,959","154,230","334,124","21,080","17,915","11,460","12,335","567,560","1,220,203","599,620","1,381,904",110,165,0,0,"132,100","152,631","623,120","1,723,855","619,070","1,709,320","6,220","14,535"
IN,5,"510,390","256,590","157,900","76,400","488,990","10,000","247,890","358,970","5,040","945,720","6,000","3,210",10,"2,780",90,"84,550","137,300","31,362,627","510,390","31,556,704","441,030","25,046,134","138,590","194,605","13,510","41,271","76,080","267,736","69,680","160,777","6,870","3,490","61,410","585,351","62,850","160,539","56,960","865,432","105,950","2,184,537","6,940","8,730","37,782","103,120","1,925,977","15,260","137,890","19,390","51,183","101,720","194,077","12,160","3,428",450,"5,008","7,250","35,660","8,340","35,536","35,930","27,337","489,350","9,643,232","489,350","9,428,501","95,130","214,731","21,030","656,340","9,950","229,673","19,300","64,091","1,550","3,580","14,530","43,157","20,910","107,145","20,940","110,722","9,130","6,011","12,620","120,039",240,"2,047",320,697,190,872,"14,420","147,359","2,200","44,512","70,750","145,484","509,050","20,948,272","508,180","2,455,995",30,822,"14,300","20,644","211,280","418,504","24,570","1,946","14,700","8,326","20,100","24,412","60,680","10,557","150,880","353,509","2,530","6,072","10,470","8,181","43,830","120,338","16,920","94,355","18,690","112,044","503,270","2,968,647","21,150","21,452",0,0,0,0,"9,470","7,137","11,680","14,316","17,970","17,574","46,580","99,030","12,210","10,816","4,420","6,297","459,350","2,037,491","471,440","2,175,032",100,130,0,0,"116,790","203,905","391,890","993,577","386,700","974,642","7,580","18,935"
IN,6,"328,280","107,260","180,820","31,700","314,320","6,450","174,180","208,330","3,930","725,530","2,010",680,0,"1,330",0,"40,420","102,580","28,461,151","328,280","28,632,965","283,220","21,892,603","119,780","204,826","13,180","43,714","69,700","306,148","64,030","192,474","8,070","4,463","47,610","554,087","57,900","215,851","48,530","989,300","82,460","2,071,487","6,130","7,230","28,768","78,900","1,964,061","15,240","204,803","18,080","61,860","76,630","171,814","9,140","2,757",560,"6,881","6,180","35,579","5,800","29,735","25,560","16,722","306,810","7,055,472","306,810","6,893,492","70,250","161,980","21,460","663,843","7,350","181,078","20,260","89,227","1,070","2,990","17,410","54,798","21,370","141,026","21,390","141,925","10,610","5,637","15,320","148,011",190,"1,454",360,609,260,"1,622","14,790","150,576","1,650","37,482","61,270","161,980","327,710","20,594,658","327,310","2,643,946",20,179,"7,590","15,939","145,940","386,495","23,730","2,419","13,790","8,157","14,910","17,734",0,0,"114,310","335,701","1,900","6,963","9,950","8,178","36,000","109,603","8,040","41,938","9,150","56,339","324,760","2,888,662",0,0,0,0,0,0,0,0,0,0,0,0,"11,740","22,380","9,450","8,116","1,800","3,211","314,790","2,257,452","318,650","2,385,594",110,193,0,0,"99,230","229,945","228,150","729,263","223,000","707,012","7,240","22,251"
IN,7,"544,590","81,300","434,040","22,290","522,070","11,170","299,320","312,280","8,870","1,434,790","1,460",420,0,"1,050",0,"45,550","168,830","74,363,014","544,590","74,866,115","479,030","56,725,468","262,560","609,390","33,650","145,348","170,210","1,223,936","157,970","869,759","17,570","11,723","93,100","1,511,204","143,890","1,039,184","94,630","3,048,647","143,870","4,737,713","13,150","10,060","40,911","121,470","3,861,964","46,570","1,247,224","40,300","267,631","165,720","503,101","27,970","8,934","2,650","43,466","15,060","122,797","11,410","66,913","56,590","44,646","488,180","12,784,860","488,180","12,521,435","108,360","263,425","56,410","1,934,102","12,620","331,880","54,410","384,789","1,780","6,018","50,290","184,479","56,240","489,132","56,300","488,584","30,900","15,586","44,250","481,332",550,"4,554","1,160","1,993","1,170","8,523","42,920","515,694","3,850","100,451","140,430","595,920","544,240","59,059,610","543,850","8,416,371",120,"1,464","8,170","26,557","300,330","880,782","62,460","10,879","41,440","25,889","38,130","49,068",0,0,"236,410","732,711","3,200","15,331","22,020","18,812","73,410","289,646","6,340","29,120","9,150","54,161","540,170","8,595,022",0,0,0,0,0,0,0,0,0,0,0,0,"3,310","8,389","27,060","24,864","1,330","2,868","539,960","7,535,589","541,270","7,885,032","4,590","1,526","1,340",415,"196,210","755,314","347,240","1,453,679","332,490","1,349,992","20,570","103,687"
IN,8,"153,020","14,530","133,880","3,430","146,530","3,690","98,140","57,960","4,310","439,240",130,40,0,90,0,"5,000","47,800","43,024,986","153,020","43,500,285","135,360","29,326,376","109,050","609,042","21,800","177,902","86,840","1,336,186","82,010","963,639","3,460","5,169","32,850","1,244,952","79,060","1,741,294","31,090","1,808,302","36,120","1,887,411","5,090","1,330","6,880","28,940","1,063,047","37,680","3,390,895","18,040","302,569","47,560","475,299","6,200","1,878","4,460","132,255","11,870","150,110","2,670","25,571",0,0,"114,750","3,108,723","114,750","3,047,756","24,780","60,968","38,270","1,715,605","2,870","94,940","36,990","545,694","1,170","4,780","35,440","200,587","38,200","375,946","38,230","376,537","19,130","12,081","30,640","446,366",360,"3,850",940,908,"2,200","26,560","33,050","622,838","2,780","142,477","71,940","851,690","152,970","37,350,900","152,930","7,007,219",350,"4,783","1,810","10,305","100,240","293,394","39,600","24,039","13,980","8,255",0,0,0,0,"70,850","217,911","1,000","7,430","7,160","6,685","29,730","221,359",0,0,"1,840","11,197","151,490","6,992,420",0,0,0,0,0,0,0,0,0,0,0,0,210,558,0,0,0,0,"152,780","6,713,826","152,920","7,085,989","62,030","45,388","69,930","66,882","76,700","859,637","75,890","752,613","62,920","528,234","16,840","224,379"
IN,9,"20,910","2,060","18,290",420,"20,090",560,"17,520","4,410",820,"61,560",0,0,0,0,0,120,"7,360","14,090,422","20,910","14,311,324","18,280","7,367,193","19,040","310,728","6,260","95,965","16,370","616,229","15,640","425,532",590,"2,290","5,480","449,436","16,070","1,220,914","4,320","316,266","3,570","221,456",950,70,443,"3,820","150,013","11,770","3,165,170","4,510","141,560","9,560","220,902",290,83,"1,810","86,863","4,030","66,476",460,"5,268",0,0,"10,880","293,953","10,880","287,055","2,810","6,898","10,030","681,512",120,"8,270","9,600","320,579",400,"1,874","9,410","85,715","10,020","99,605","10,020","100,206","3,880","3,056","7,520","130,528",120,"2,436",250,100,"1,380","25,894","9,290","322,928",830,"90,460","14,280","425,726","20,910","12,690,234","20,900","3,134,908",230,"4,435",150,911,"11,700","44,224","9,640","23,110","1,360",810,0,0,0,0,270,455,170,"1,759",890,867,"6,340","74,635",0,0,150,911,"20,650","3,191,285",0,0,0,0,0,0,0,0,0,0,0,0,0,0,0,0,0,0,"20,880","3,090,684","20,910","3,283,034","13,870","42,935","18,470","67,876","10,790","474,102","10,030","374,509","5,150","151,571","5,930","222,938"
IN,10,"9,520",950,"8,280",180,"9,200",240,"8,790","1,320",380,"27,330",0,0,0,0,0,10,"3,870","27,067,715","9,520","27,224,124","8,280","6,140,358","9,250","919,476","4,240","217,009","8,260","1,422,606","7,950","962,394",370,"3,684","2,660","429,927","8,470","6,050,520","1,830","137,137","1,470","98,101",440,10,79,"1,830","74,531","7,600","11,124,225","3,060","186,302","5,560","156,409",80,24,920,"51,828","3,020","52,274",250,"2,981",0,0,"3,430","92,932","3,430","90,385","1,040","2,547","6,090","1,298,810",30,"2,132","5,890","764,358",200,892,"5,640","89,151","6,090","60,668","6,090","60,986","1,880","2,074","3,740","67,555",100,"1,853",140,23,"1,670","113,857","5,860","903,216",860,"149,152","7,920","1,846,382","9,520","23,829,785","9,520","7,123,887",880,"15,298",60,334,"6,420","164,597","5,600","85,397",360,243,0,0,0,0,0,0,90,"1,817",270,245,"3,480","62,323",0,0,60,336,"9,440","7,681,668",0,0,0,0,0,0,0,0,0,0,0,0,0,0,0,0,0,0,"9,510","6,959,290","9,520","7,282,334","5,940","50,655","8,890","196,785","3,960","839,951","5,510","1,226,193","1,670","213,019","4,430","1,013,174"
IA,0,"1,482,000","710,070","591,690","154,570","1,422,360","25,970","886,500","910,670","14,930","2,816,200","23,810","16,650",30,"7,120","3,920","171,220","441,450","127,628,718","1,475,850","129,005,412","1,204,750","83,362,591","637,400","2,251,649","68,740","411,531","343,370","2,810,922","317,880","1,925,356","32,640","38,516","222,220","2,785,473","299,780","6,831,048","207,970","4,490,257","324,080","7,839,905","76,160","47,150","221,535","295,000","5,904,941","104,980","8,537,912","112,470","1,739,449","350,730","1,376,694","36,720","11,044","8,080","202,937","50,250","425,451","23,380","126,220","93,900","66,606","1,374,810","27,974,227","1,374,810","27,279,752","300,850","694,476","87,330","3,951,451","30,210","889,429","66,630","882,287","19,340","28,748","72,410","437,183","86,610","657,156","86,750","662,117","55,270","37,177","53,830","583,043","1,110","9,307","2,290","1,558","3,720","73,938","66,050","1,379,706","7,530","350,310","277,150","2,354,884","1,241,660","96,065,582","1,236,910","16,073,194",860,"11,269","33,250","48,379","575,170","1,296,276","113,250","45,283","73,030","44,207","67,950","73,897","106,090","21,757","367,400","945,755","8,030","44,787","28,710","21,472","191,540","709,480","55,040","382,056","58,820","420,610","1,396,810","17,385,193","177,990","458,645","46,840","16,558","60,140","150,487","42,130","164,308","28,890","127,290","155,590","404,856","136,260","276,064","52,490","46,169","17,750","20,658","1,112,930","14,776,918","1,179,580","15,804,761","41,120","62,581","55,340","175,521","397,560","2,156,992","1,036,590","3,707,455","1,001,020","2,952,817","47,000","754,638"
IA,1,"19,840","12,530","6,290",590,"14,020","1,520","12,810","5,650",220,"30,690",180,160,0,20,0,410,"9,090","-1,161,960","13,700","-1,140,136","4,600","176,921","7,770","29,692",630,"4,844","3,950","17,262","3,540","11,013",170,275,"6,210","-142,392","5,400","92,593","1,720","21,135","2,550","30,812","4,990",130,691,30,123,"3,140","-450,083","3,500","-7,381","3,560","21,824",90,24,30,490,"1,200","8,316",110,562,460,372,0,0,0,0,0,0,0,0,0,0,0,0,0,0,0,0,0,0,0,0,0,0,0,0,0,0,0,0,0,0,0,0,0,0,0,0,0,0,330,396,0,0,320,105,90,87,0,0,0,0,10,3,0,0,50,23,0,0,0,0,"2,180","5,712","1,600","15,993","1,700","15,612","9,410","45,394","1,190","1,967",710,237,190,482,150,621,130,627,720,"1,334",770,"2,325",550,509,900,"1,262",250,308,"2,680","6,469",80,141,0,0,"1,520","3,420","8,660","42,296","8,310","36,930",510,"5,366"
IA,2,"117,940","98,360","10,210","8,110","109,580","4,090","56,440","67,590",660,"108,790","4,790","3,430",0,"1,370","1,430","10,590","29,510","645,610","117,930","664,506","83,010","518,789","30,680","20,191","1,590","2,186","13,420","19,947","12,100","10,619",470,407,"17,980","42,901","11,360","4,488","8,050","33,790","13,980","64,162","2,860",970,"3,596","1,000","1,793","1,880","-13,054","3,260","7,179","17,460","18,896",150,39,30,163,"1,790","7,133",280,997,"1,260",957,"116,670","1,534,920","116,670","1,484,198","23,930","50,722","1,250","40,973","1,050","31,722",290,"1,160",800,609,660,"2,940","1,170","4,116","1,180","4,156",430,211,370,"3,169",0,0,20,3,20,141,610,947,40,742,550,114,"3,710","6,076","3,780",934,20,319,"1,050",354,860,97,480,23,0,0,70,15,70,14,100,37,0,0,20,4,"15,140","10,961","3,690","30,008","3,840","30,138","90,990","83,790","33,510","34,005","22,350","8,889","6,540","13,233","2,940","7,171","1,690","4,712","29,150","30,125","8,950","6,293","3,780","3,342","1,420","1,268","3,480",838,"19,800","12,215",0,0,0,0,"12,260","6,121","85,200","77,651","84,700","75,890",720,"1,761"
IA,3,"208,080","150,180","23,670","31,160","199,160","3,850","107,700","153,230","1,250","275,920","6,490","4,700",0,"1,790","1,460","37,130","54,630","3,596,563","208,080","3,652,668","158,380","2,642,432","53,580","57,766","3,280","6,470","23,560","54,156","21,280","28,032","1,100",865,"32,330","226,645","20,070","26,222","20,510","154,645","37,150","360,746","5,200","4,730","19,692","32,660","75,528","3,950","4,071","7,280","32,839","35,270","56,105","1,080",281,100,687,"3,240","14,026","1,220","4,147","4,430","3,218","204,860","3,434,578","204,860","3,339,758","44,140","94,820","3,210","106,286","2,770","80,123",850,"2,409","2,130","1,794","1,790","6,831","3,100","10,392","3,120","10,498","1,270",564,910,"6,750",20,144,30,12,50,188,"1,830","6,374",140,"2,125","13,510","8,165","114,360","554,067","113,200","55,474",0,0,"2,870","1,182","37,250","11,370","2,650",93,"1,330",341,"9,530","4,428","14,150","2,861","10,980","3,337",170,87,430,159,"27,610","47,184","9,730","70,557","9,940","70,503","188,720","479,880","63,620","209,331","23,780","7,432","20,250","77,754","12,140","73,360","7,450","50,785","55,590","186,393","36,910","70,348","9,950","8,593","3,790","3,338","88,210","44,104","110,430","92,965",20,8,0,0,"23,950","23,583","173,790","410,106","172,750","406,681","1,550","3,425"
IA,4,"339,760","214,220","58,300","58,740","327,930","5,020","181,600","242,970","2,280","544,360","7,740","5,700",30,"2,020",910,"60,270","82,400","12,735,277","339,760","12,855,639","285,600","10,209,019","95,770","121,898","6,350","13,499","42,730","118,043","38,910","66,218","3,310","2,745","38,060","322,801","35,930","80,386","34,130","364,766","60,680","880,169","9,730","13,230","59,966","63,870","558,957","8,360","30,706","13,700","82,330","58,870","120,362","4,280","1,165",290,"2,754","6,070","29,907","4,590","17,918","19,160","13,387","332,230","5,921,490","332,230","5,787,804","59,070","133,687","7,530","244,016","5,590","153,377","3,420","8,474","3,770","4,066","4,850","20,315","7,350","30,776","7,370","31,649","3,780","1,932","2,860","22,963",70,624,100,120,100,288,"4,920","26,474",480,"7,956","38,880","55,194","328,980","6,585,388","326,460","712,195",0,0,"11,370","7,602","139,180","142,094","10,960",629,"10,810","6,177","17,000","17,627","63,440","13,686","76,930","99,188","1,050","1,661","3,110","1,941","29,920","74,731","19,990","129,967","20,150","133,460","326,220","1,269,607","70,340","203,900",0,0,"33,170","59,018","22,840","80,149","14,340","64,732","62,480","179,551","59,770","132,776","10,690","8,848","6,440","6,880","260,120","570,102","275,140","651,168",40,49,10,5,"68,210","79,137","267,130","696,276","264,300","687,191","4,030","9,085"
IA,5,"248,720","133,520","75,220","33,060","240,550","3,540","149,190","166,150","2,300","444,440","2,910","1,900",0,"1,020",130,"32,070","73,240","15,293,995","248,720","15,426,758","209,500","11,672,416","98,460","152,783","8,170","21,410","47,280","161,735","43,440","94,336","6,090","5,207","30,240","315,027","39,890","120,026","33,590","473,168","55,300","1,130,709","9,900","10,010","50,196","56,010","1,027,086","9,950","83,379","15,250","129,642","56,370","132,763","5,760","1,622",410,"4,184","6,040","33,992","5,070","24,300","20,840","14,711","237,610","4,642,899","237,610","4,529,314","50,220","113,585","11,110","339,596","5,940","166,114","7,230","21,532","3,650","4,633","8,460","34,974","10,990","59,280","11,010","60,147","6,570","3,330","6,010","51,779",120,897,180,136,140,709,"7,210","45,444",770,"14,190","41,160","91,090","247,680","10,246,708","246,990","1,197,562",20,51,"7,490","10,175","98,130","189,789","15,350","1,154","8,670","5,079","10,450","12,602","28,430","5,196","65,300","154,623","1,530","4,683","4,930","3,443","25,200","72,110","10,310","71,821","10,800","79,364","243,010","1,413,268","9,340","9,442",0,0,0,0,"4,050","3,007","5,280","6,434","7,650","7,453","21,140","46,188","6,280","5,491","2,950","4,073","224,590","1,007,774","231,340","1,088,608",40,56,0,0,"65,060","122,624","182,480","445,229","178,640","432,842","5,270","12,387"
IA,6,"162,180","53,200","93,460","12,700","156,960","2,310","107,110","94,680","1,820","358,360",920,470,0,460,0,"14,220","57,860","14,079,172","162,180","14,205,163","134,940","10,097,739","83,700","163,999","8,280","24,487","43,180","187,652","39,860","114,300","6,900","6,500","25,030","296,394","36,890","153,263","29,110","537,991","45,690","1,175,779","9,440","7,120","34,413","45,180","1,105,000","10,700","129,259","15,190","157,912","43,380","125,991","4,880","1,478",520,"5,770","5,390","35,914","3,560","20,234","14,260","9,015","150,350","3,517,357","150,350","3,425,016","39,570","92,341","11,830","354,122","4,840","140,385","8,970","35,480","2,720","3,786","9,860","43,357","11,770","79,266","11,780","79,437","7,610","3,865","7,520","62,927",160,"1,111",250,190,160,831,"7,990","53,759",800,"15,291","37,860","113,027","161,730","10,103,320","161,360","1,282,964",10,49,"4,370","8,416","71,850","193,213","14,740","1,520","10,220","6,475","8,470","10,179",0,0,"53,020","160,971","1,270","5,847","4,820","3,601","21,640","70,087","5,150","35,776","5,690","43,008","159,140","1,344,886",0,0,0,0,0,0,0,0,0,0,0,0,"6,470","12,238","5,430","4,769","1,290","1,998","154,320","1,089,750","157,030","1,169,144",50,49,0,0,"56,790","147,590","104,750","320,934","100,750","306,431","5,280","14,503"
IA,7,"289,160","39,250","239,130","8,560","280,670","4,020","197,810","150,620","4,070","776,210",700,290,0,410,0,"15,170","100,110","39,515,430","289,160","39,899,723","246,360","28,064,654","185,700","499,880","22,080","83,679","107,130","682,583","99,740","460,144","11,940","15,060","51,230","782,379","92,220","700,662","58,610","1,692,577","84,370","2,928,279","22,490","9,710","45,999","73,940","2,321,809","33,240","780,997","34,480","548,215","99,450","384,293","16,630","5,293","2,490","40,399","13,340","116,072","7,040","42,793","33,490","24,946","261,540","6,966,055","261,540","6,803,191","65,600","162,864","27,620","965,279","8,070","241,712","23,510","152,919","3,910","7,025","24,290","124,128","27,510","232,575","27,550","232,950","18,910","11,415","18,940","187,891",360,"2,547",750,631,630,"4,357","21,180","223,952","2,500","70,696","90,370","456,036","288,900","31,133,098","288,550","4,370,131",80,703,"4,860","14,816","164,360","511,631","39,460","6,046","32,300","20,678","22,410","29,043",0,0,"123,970","406,234","2,910","20,674","11,690","9,081","46,400","205,272","4,570","27,934","5,750","41,677","285,010","4,254,058",0,0,0,0,0,0,0,0,0,0,0,0,"2,150","5,543","15,820","14,617",960,"1,839","285,800","3,858,499","286,900","4,092,515","1,740",538,540,180,"118,260","526,821","170,100","680,858","159,200","614,968","14,540","65,890"
IA,8,"81,450","7,290","72,380","1,420","79,050","1,360","60,430","26,880","1,870","235,030",70,30,0,40,0,"1,320","28,530","22,945,776","81,450","23,286,782","69,750","14,138,530","67,480","437,122","13,300","106,004","50,020","688,086","47,390","489,149","2,210","4,596","17,110","593,609","45,800","1,093,575","18,770","967,487","21,310","1,080,002","9,320","1,180","6,394","18,830","679,536","24,120","1,969,236","15,140","494,340","28,560","341,006","3,600","1,069","3,050","93,083","9,060","115,605","1,290","12,540",0,0,"63,860","1,747,498","63,860","1,707,023","15,930","40,475","17,590","825,104","1,840","68,207","15,890","235,351","1,650","4,754","15,920","117,268","17,550","169,802","17,570","170,343","12,190","10,327","12,680","172,653",250,"2,319",640,346,"1,190","12,938","15,530","294,483","1,840","103,608","43,610","611,798","81,440","19,761,439","81,400","3,665,682",180,"1,513",840,"5,166","54,380","171,295","22,330","9,494","8,810","4,951",0,0,0,0,"36,890","121,099",890,"8,564","3,260","2,826","18,460","158,368",0,0,870,"6,307","79,790","3,502,724",0,0,0,0,0,0,0,0,0,0,0,0,110,353,0,0,0,0,"81,300","3,494,388","81,400","3,734,132","30,250","21,921","40,980","42,800","44,090","592,162","37,090","353,066","29,020","228,087","10,280","124,979"
IA,9,"10,560","1,050","9,280",180,"10,280",190,"9,320","2,230",340,"30,400",0,0,0,0,0,50,"4,170","7,062,917","10,560","7,179,695","8,900","3,265,596","10,040","189,365","3,170","54,307","8,340","298,684","8,010","218,520",290,"1,305","2,750","193,292","8,380","710,462","2,540","168,696","2,180","130,954","1,600",80,512,"2,450","93,509","6,280","1,572,414","3,060","140,339","5,260","116,778",210,59,850,"39,780","2,600","39,784",170,"1,982",0,0,"6,090","166,025","6,090","161,338","1,860","4,687","4,460","333,081",90,"6,415","4,020","140,974",430,"1,280","4,120","45,830","4,460","43,999","4,460","44,170","2,930","3,219","3,110","49,726",70,779,200,77,700,"12,256","4,170","151,008",560,"68,664","7,560","232,793","10,550","6,331,451","10,550","1,534,520",140,"2,050",70,461,"6,080","22,043","4,780","6,041",730,407,0,0,0,0,160,243,140,"1,936",350,314,"3,450","42,770",0,0,70,439,"10,270","1,527,973",0,0,0,0,0,0,0,0,0,0,0,0,0,0,0,0,0,0,"10,540","1,512,477","10,550","1,616,747","6,350","19,122","9,710","39,429","5,590","279,875","4,930","187,635","2,570","82,786","2,890","104,849"
IA,10,"4,310",470,"3,750",60,"4,180",90,"4,090",670,130,"12,000",0,0,0,0,0,0,"1,920","12,915,938","4,310","12,974,614","3,720","2,576,495","4,240","578,953","1,890","94,645","3,750","582,774","3,620","433,025",150,"1,556","1,270","154,817","3,860","3,849,371",930,"76,002",850,"58,293",640,10,76,"1,050","41,600","3,360","4,430,987","1,610","154,034","2,570","58,676",50,14,310,"15,627","1,520","24,702",70,747,0,0,"1,590","43,405","1,590","42,110",530,"1,295","2,720","742,994",20,"1,374","2,460","283,988",260,801,"2,460","41,540","2,720","26,950","2,720","28,767","1,590","2,314","1,440","25,185",50,886,120,43,740,"42,230","2,630","577,265",390,"67,038","3,640","786,667","4,310","11,344,035","4,310","3,253,336",410,"6,584",20,102,"2,990","54,657","2,510","20,283",160,99,0,0,0,0,0,0,80,"1,335",110,103,"1,560","22,285",0,0,20,102,"4,250","3,463,613",0,0,0,0,0,0,0,0,0,0,0,0,0,0,0,0,0,0,"4,310","3,198,678","4,310","3,340,798","2,550","20,697","4,090","93,107","1,840","375,659","2,460","493,404",800,"81,011","1,930","412,393"
KS,0,"1,366,100","653,440","528,920","150,180","1,299,350","32,610","707,880","819,410","15,680","2,595,450","31,300","17,980","1,510","11,810","3,020","171,530","403,710","117,215,303","1,361,050","118,431,491","1,102,370","77,991,800","510,740","2,130,687","63,890","457,727","293,340","2,998,480","271,050","1,932,155","22,490","29,450","216,780","3,153,966","267,690","5,600,807","176,670","4,231,549","279,250","6,978,206","50,550","21,280","94,319","249,670","5,037,822","87,750","8,583,273","99,640","775,679","305,370","1,216,188","35,220","10,594","7,790","215,435","44,870","375,126","20,070","105,768","68,270","46,462","1,257,720","25,232,740","1,257,720","24,611,574","274,000","621,168","90,440","4,082,796","27,720","728,195","72,610","1,131,671","16,570","38,546","76,540","508,590","89,860","735,215","89,950","736,750","59,950","44,881","59,250","696,711",960,"9,952","1,840","2,441","4,940","133,431","70,200","1,482,634","7,290","290,101","242,430","2,030,158","1,110,120","88,711,143","1,111,230","15,532,976","1,000","17,286","44,840","54,713","525,370","1,146,552","102,850","47,162","52,140","31,258","68,400","64,942","95,620","19,165","343,040","852,319","5,410","27,895","18,850","15,011","177,510","693,412","72,200","500,068","76,720","553,380","1,267,520","17,141,346","176,100","463,674","44,290","15,688","60,060","151,061","42,130","165,658","29,620","131,265","154,320","407,033","138,230","281,999","47,850","39,731","18,140","20,526","987,780","14,386,433","1,052,920","15,423,461","45,010","77,967","53,590","194,151","361,570","1,976,602","940,900","3,657,999","909,240","2,777,982","41,000","880,017"
KS,1,"17,920","10,830","6,020",650,"13,460","2,120","11,560","4,890",240,"27,550",210,130,0,80,0,490,"9,820","-1,081,657","12,870","-1,065,399","3,950","153,332","7,140","29,645",690,"3,674","3,780","21,178","3,410","11,770",120,257,"5,880","-152,365","5,550","111,751","1,640","22,281","2,360","27,944","3,750",50,300,30,102,"2,870","-411,654","3,530","-17,134","2,970","16,258",90,25,30,749,"1,040","6,935",110,607,380,338,0,0,0,0,0,0,0,0,0,0,0,0,0,0,0,0,0,0,0,0,0,0,0,0,0,0,0,0,0,0,0,0,0,0,0,0,0,0,900,443,20,242,860,150,230,63,20,1,0,0,30,4,30,5,120,38,10,1,10,3,"1,820","4,947","2,290","23,066","2,410","23,044","7,600","49,402",950,"1,532",550,163,170,426,110,444,120,498,630,"1,021",680,"2,015",560,515,950,"1,382",690,380,"2,690","5,810",80,86,0,0,"1,660","2,564","7,090","46,109","6,700","38,607",520,"7,502"
KS,2,"137,240","114,500","12,630","8,450","126,950","5,450","60,890","68,810",750,"126,870","8,260","4,890",90,"3,280","1,140","10,970","42,000","696,142","137,230","712,044","88,900","525,481","34,680","21,654","2,010","2,981","14,600","21,684","13,110","11,614",330,223,"18,920","44,768","12,590","5,989","9,910","39,741","17,850","82,623","2,370",610,"2,295","1,470","2,573","1,720","-11,603","4,540","6,200","17,800","15,902",160,43,30,121,"1,840","6,364",220,698,950,723,"135,930","1,809,864","135,930","1,734,792","35,820","75,072","1,300","38,495","1,080","29,461",340,798,790,797,680,"3,011","1,220","4,387","1,220","4,408",480,206,400,"3,397",0,0,0,0,30,91,610,910,30,155,530,67,"3,390","6,102","5,350","1,160",0,0,"2,880",556,"1,520",134,590,21,10,4,190,26,120,8,380,67,0,0,20,5,"15,600","11,038","7,740","54,958","8,030","56,421","92,350","80,499","32,250","33,266","21,330","8,476","6,350","12,931","2,880","7,133","1,690","4,725","28,100","29,438","8,960","6,390","3,990","3,460","1,860","1,551","4,580","1,027","20,810","12,482",0,0,0,0,"13,110","6,430","86,720","74,387","86,080","73,053",810,"1,335"
KS,3,"202,260","141,990","24,300","32,000","192,130","4,680","92,770","146,800","1,300","279,880","7,560","4,630",190,"2,740","1,120","37,190","52,680","3,493,271","202,260","3,542,699","152,600","2,557,567","44,590","48,550","3,460","5,863","20,660","50,943","18,730","27,163",730,528,"33,270","268,539","18,490","26,190","18,370","143,532","33,950","345,511","3,980","2,820","13,242","30,640","75,906","3,340","-8,542","7,850","25,622","34,970","49,428","1,210",312,80,583,"3,630","13,385","1,010","3,228","3,340","2,248","199,270","3,372,202","199,270","3,280,529","42,740","91,673","2,990","93,420","2,570","66,520",850,"2,320","1,890","2,156","1,740","7,305","2,860","11,222","2,870","11,273","1,370",632,900,"6,692",20,156,20,2,50,76,"1,750","6,658",130,"1,922","12,810","7,686","108,800","533,032","110,110","54,149",0,0,"7,660","1,875","36,390","10,833","2,390",93,920,235,"9,390","4,180","12,430","2,454","12,450","3,682",100,46,280,101,"28,520","50,859","18,800","128,146","19,250","130,692","182,570","465,522","62,270","210,221","22,400","7,049","19,840","76,229","12,280","74,007","7,760","52,935","54,300","184,964","37,720","72,031","9,360","7,671","4,960","4,080","85,490","43,317","108,260","95,779",20,19,0,0,"24,020","24,855","166,940","394,133","165,910","390,680","1,510","3,453"
KS,4,"316,760","190,330","57,010","58,020","303,240","6,220","144,760","223,410","2,380","526,020","8,590","5,300",450,"2,840",700,"59,450","72,210","11,781,432","316,760","11,883,337","269,430","9,613,831","72,670","87,362","6,020","13,477","34,890","101,804","31,780","56,015","1,980","1,582","36,690","340,473","30,820","69,629","27,360","306,639","50,580","779,209","6,930","6,170","27,553","54,500","492,794","7,000","22,479","12,490","37,847","51,110","101,905","4,620","1,263",240,"1,885","5,770","26,971","3,980","14,972","13,160","8,405","309,900","5,568,948","309,900","5,455,037","51,160","113,911","6,860","210,048","4,940","117,666","3,420","9,340","3,140","4,818","4,350","18,819","6,730","31,065","6,740","31,999","3,770","2,216","2,740","22,826",50,422,80,309,150,"1,075","4,580","28,502",370,"6,489","35,810","50,262","307,270","6,006,370","305,440","651,843",20,48,"15,900","9,989","135,210","138,744","9,510",593,"7,520","4,334","17,800","17,080","57,240","12,231","79,480","101,477",840,"1,238","1,840","1,210","28,240","74,660","24,830","164,545","25,210","172,669","305,150","1,171,805","71,040","208,760",0,0,"33,700","61,475","22,720","80,881","14,620","66,404","63,270","183,678","61,880","138,314","10,530","8,363","6,270","6,792","237,910","513,105","252,740","592,847",60,59,10,3,"66,810","79,849","246,370","657,409","244,100","649,777","3,280","7,632"
KS,5,"216,760","106,920","71,340","29,240","207,370","4,350","111,250","141,070","2,280","405,900","4,020","2,100",290,"1,630",70,"30,760","63,350","13,334,464","216,760","13,445,170","183,240","10,289,425","73,240","110,106","7,440","20,387","38,350","140,355","35,200","81,192","3,680","3,057","28,350","305,209","33,810","118,760","27,760","426,175","46,390","997,541","6,850","3,990","17,153","47,830","896,516","7,820","47,829","13,500","44,599","48,050","110,706","6,460","1,832",380,"4,558","5,340","30,006","4,370","19,539","15,550","10,629","207,000","4,119,629","207,000","4,022,291","43,820","97,339","9,760","293,907","5,180","126,526","6,830","22,872","2,740","5,052","7,380","33,236","9,670","57,225","9,690","58,087","6,050","3,266","5,460","47,834",120,960,140,465,140,"1,258","6,570","47,135",630,"11,562","35,620","76,923","216,040","8,863,167","215,430","1,036,013",20,220,"8,110","11,966","90,100","177,891","12,990","1,055","6,360","3,632","11,350","11,820","25,810","4,467","62,450","149,913","1,070","3,127","2,830","2,143","22,440","67,309","10,170","73,469","10,830","84,011","211,990","1,205,717","9,580","9,895",0,0,0,0,"4,150","3,193","5,440","6,703","8,030","7,932","21,260","46,822","6,000","4,875","2,500","3,644","193,430","858,122","199,650","932,497",60,71,0,0,"59,530","115,976","156,370","387,088","153,420","376,085","4,200","11,003"
KS,6,"137,500","44,680","77,950","11,430","131,570","2,790","77,100","79,460","1,780","308,510","1,390",550,190,640,0,"14,500","46,700","11,927,811","137,500","12,026,384","115,460","8,810,662","61,150","110,212","7,080","22,363","34,260","156,242","31,550","94,038","4,440","3,832","22,200","273,863","30,420","131,734","22,400","454,569","36,410","984,398","6,130","2,630","11,163","35,110","870,391","7,920","97,916","12,350","50,578","35,560","98,573","4,980","1,521",410,"4,792","4,380","29,343","2,910","15,590","10,640","6,456","126,600","2,942,223","126,600","2,870,627","31,000","71,596","10,890","325,156","4,310","107,880","8,880","38,033","1,900","4,248","9,160","42,174","10,840","79,281","10,850","79,057","7,360","3,767","7,080","61,626",110,996,160,321,200,"1,255","7,690","59,120",740,"14,718","30,910","86,341","137,190","8,580,973","136,890","1,095,856",20,328,"4,200","9,065","62,820","169,297","12,490","1,292","6,920","4,307","8,630","8,990",0,0,"47,740","145,221",950,"4,291","2,860","2,237","18,010","61,775","4,580","32,629","5,120","41,426","135,010","1,148,486",0,0,0,0,0,0,0,0,0,0,0,0,"5,730","11,101","4,820","3,978",930,"1,665","130,790","926,559","132,970","995,601",70,65,0,0,"47,990","126,940","89,070","277,526","85,980","264,415","4,060","13,111"
KS,7,"242,000","35,660","195,070","8,480","232,450","4,910","141,180","124,970","4,150","642,890","1,170",350,270,550,0,"16,220","83,820","33,272,131","242,000","33,574,723","206,390","24,026,518","140,580","352,353","18,880","77,658","86,310","573,219","80,050","366,306","8,430","8,494","47,120","807,338","77,870","603,073","47,940","1,527,167","69,190","2,524,590","13,690","4,060","17,812","60,100","1,938,967","25,140","599,170","27,880","197,909","80,240","302,592","14,540","4,659","1,860","31,233","10,910","93,655","5,860","35,440","24,260","17,663","213,430","5,631,525","213,430","5,500,084","53,410","131,441","28,570","996,335","7,620","200,861","25,490","178,218","2,940","8,609","25,430","133,569","28,500","255,999","28,530","255,565","20,150","12,734","20,500","216,021",280,"2,421",610,658,790,"4,846","22,090","251,259","2,260","64,589","74,140","335,037","241,810","26,314,440","241,510","3,743,078",100,"1,417","4,350","15,214","136,170","408,424","33,780","5,956","21,280","13,519","21,020","22,842",0,0,"103,600","334,290","1,800","12,413","7,540","6,241","39,080","176,101","3,800","23,255","4,940","38,221","238,590","3,692,763",0,0,0,0,0,0,0,0,0,0,0,0,"1,880","4,962","12,590","10,869",660,"1,412","239,370","3,334,654","240,180","3,532,999","1,880",606,630,236,"98,440","433,234","142,980","585,124","133,990","524,262","11,790","60,862"
KS,8,"79,430","7,060","70,250","1,630","76,480","1,740","54,040","27,140","2,220","229,640",110,40,20,50,0,"1,890","26,980","22,503,048","79,430","22,810,797","68,700","14,750,608","61,500","351,857","12,780","102,002","47,320","703,198","44,600","477,006","2,180","4,674","19,190","765,846","44,780","985,644","17,800","1,025,011","19,820","1,071,140","5,410",910,"4,470","16,720","626,396","21,690","1,799,209","12,830","208,737","26,460","307,749","2,960",880,"3,120","91,971","7,940","101,701","1,280","12,108",0,0,"58,480","1,594,739","58,480","1,559,713","14,050","35,027","20,960","961,246","1,900","66,780","18,730","293,585","2,170","9,157","19,360","148,377","20,940","205,614","20,950","205,685","14,850","13,212","15,940","228,976",220,"2,297",560,549,"1,450","14,764","18,330","351,744","1,840","89,167","40,850","486,337","79,410","19,461,780","79,380","3,642,330",200,"2,391",810,"5,177","52,980","155,433","22,650","11,038","8,060","4,594",0,0,0,0,"36,650","117,351",510,"4,832","2,980","2,620","17,970","152,542",0,0,840,"6,175","78,250","3,584,885",0,0,0,0,0,0,0,0,0,0,0,0,130,364,0,0,0,0,"79,310","3,486,897","79,380","3,718,477","32,030","23,877","38,290","38,155","41,880","510,749","37,320","368,299","29,630","240,876","9,530","127,422"
KS,9,"11,280",990,"10,020",200,"10,900",240,"9,710","2,220",400,"33,830",0,0,0,0,0,60,"4,050","7,597,910","11,280","7,726,750","9,570","3,948,551","10,370","185,731","3,330","55,064","8,830","365,683","8,420","248,087",390,"2,553","3,470","282,566","8,910","659,007","2,460","193,036","1,910","119,178",990,50,261,"2,230","89,967","6,330","1,574,350","2,850","81,415","5,340","128,840",170,48,"1,120","51,800","2,400","39,226",220,"2,477",0,0,"5,560","151,318","5,560","147,403","1,540","3,915","5,720","406,218",110,"10,486","5,000","173,687",710,"2,605","5,340","61,237","5,720","56,761","5,720","56,897","3,830","4,934","4,240","74,307",80,"1,282",180,115,980,"19,151","5,310","188,569",680,"55,446","7,690","203,020","11,270","6,838,968","11,270","1,682,101",160,"3,096",70,544,"6,470","21,844","5,370","9,264",850,500,0,0,0,0,180,280,90,"1,097",380,352,"3,850","50,696",0,0,70,544,"11,100","1,704,906",0,0,0,0,0,0,0,0,0,0,0,0,0,0,0,0,0,0,"11,260","1,660,258","11,280","1,778,694","7,610","23,904","10,010","40,169","6,060","269,712","5,180","190,819","2,610","72,340","2,990","118,479"
KS,10,"4,950",480,"4,340",90,"4,800",110,"4,620",630,180,"14,360",0,0,0,0,0,0,"2,110","13,690,751","4,950","13,774,986","4,130","3,315,825","4,820","833,217","2,200","154,258","4,350","864,174","4,210","558,964",220,"4,250","1,710","217,729","4,450","2,889,030","1,020","93,398",810,"46,072",470,10,70,"1,030","44,210","3,930","4,874,119","1,830","139,906","2,880","84,235",40,11,530,"27,743","1,620","27,540",90,"1,109",0,0,"1,570","42,292","1,570","41,098",480,"1,194","3,390","757,971",20,"2,015","3,080","412,818",300,"1,104","3,120","60,862","3,390","33,661","3,390","33,779","2,090","3,914","1,980","35,032",80,"1,418",90,22,"1,150","90,915","3,270","548,737",610,"46,053","4,070","784,485","4,950","12,106,311","4,950","3,626,003",470,"9,544",20,177,"3,470","63,889","3,070","17,849",220,133,0,0,0,0,0,0,40,850,100,99,"1,980","43,485",0,0,20,177,"4,900","4,037,361",0,0,0,0,0,0,0,0,0,0,0,0,0,0,0,0,0,0,"4,950","3,562,114","4,950","3,758,275","3,220","29,280","4,660","115,588","2,080","406,293","2,860","677,105",820,"147,887","2,300","529,218"
KY,0,"1,980,840","923,870","736,060","271,220","1,889,410","44,590","1,067,380","1,282,850","16,910","3,763,450","35,910","21,360",50,"14,500","4,790","314,340","511,930","146,109,901","1,972,910","147,363,329","1,621,280","101,590,399","537,110","1,841,065","56,930","415,140","308,410","3,490,993","284,360","2,347,144","30,210","28,017","330,230","3,978,133","268,870","5,563,939","194,350","4,516,608","408,140","11,346,095","68,520","38,100","164,428","333,430","5,854,835","98,760","8,979,449","90,570","496,242","402,020","1,253,428","44,510","13,602","7,030","189,085","36,350","294,758","22,710","117,785","85,870","61,213","1,849,000","37,028,867","1,849,000","36,239,420","349,310","789,450","105,930","4,102,613","23,680","561,048","92,710","1,322,963","11,300","18,815","88,380","424,020","105,040","839,139","105,150","839,528","58,590","42,753","77,660","913,160","1,160","12,098","2,150","2,829","4,150","105,420","81,950","1,401,971","7,120","258,565","266,620","2,140,277","1,563,520","106,768,426","1,560,030","17,712,135","1,070","17,344","27,730","38,739","725,640","1,460,209","93,140","52,267","57,440","34,111","83,300","86,329","156,890","32,267","505,260","1,116,384","6,770","29,776","27,030","23,939","243,960","775,069","41,310","242,992","44,950","276,184","1,868,220","20,291,475","357,230","976,803","93,400","33,485","127,800","341,648","84,730","357,106","51,300","244,564","317,730","850,914","253,930","493,364","62,360","52,034","13,430","13,862","1,362,390","16,251,930","1,480,360","17,422,585","46,980","75,946","54,200","207,247","459,410","2,180,442","1,451,050","5,009,125","1,417,140","4,175,132","43,050","833,990"
KY,1,"25,880","15,050","8,770","1,250","19,330","2,640","16,780","7,330",250,"40,250",260,190,0,70,10,970,"12,410","-1,156,635","17,960","-1,130,951","4,990","196,352","7,090","29,616",680,"5,880","3,770","24,269","3,400","15,598",170,337,"9,590","-212,623","5,280","68,127","1,730","23,138","3,150","46,185","4,820",170,"1,248",50,180,"3,660","-365,084","3,430","-26,812","3,350","25,684",70,21,30,453,900,"5,157",120,763,410,435,0,0,0,0,0,0,0,0,0,0,0,0,0,0,0,0,0,0,0,0,0,0,0,0,0,0,0,0,0,0,0,0,0,0,0,0,0,0,560,"1,211",40,964,500,166,100,64,10,0,0,0,10,7,0,0,50,38,0,0,10,5,"2,110","4,641","1,430","11,571","1,520","11,518","11,250","58,437","1,800","3,332",890,276,470,"1,117",280,"1,142",150,796,"1,280","2,630","1,080","2,724",810,739,830,989,480,"1,147","3,260","8,359",100,99,0,0,"2,070","4,287","10,520","54,316","10,030","45,806",670,"8,510"
KY,2,"206,550","163,900","20,380","19,220","192,530","7,620","95,840","122,740","1,020","211,470","6,580","3,970",0,"2,610","1,710","25,600","43,620","1,099,579","206,550","1,121,142","150,040","894,075","29,680","21,451","1,690","2,727","14,550","22,378","13,120","13,125",460,282,"36,260","93,138","12,310","5,617","9,320","41,576","20,290","102,875","3,720","1,330","4,950","1,850","3,774","2,490","-13,606","4,300","1,570","30,760","21,563",270,70,30,259,"1,540","4,994",350,"1,354","1,320","1,076","205,290","2,791,211","205,290","2,716,927","34,930","74,283","1,240","27,799",860,"17,737",470,"1,701",540,383,590,"1,962","1,110","3,348","1,110","3,439",390,189,470,"4,930",0,0,0,0,30,67,570,913,40,539,500,95,"3,740","7,265","4,170","1,323",0,0,"1,550",625,980,160,460,20,10,4,80,26,70,20,200,74,0,0,30,12,"28,280","20,540","3,590","24,085","3,760","24,615","160,360","153,492","71,910","78,291","45,750","18,192","15,780","32,476","6,870","17,449","3,510","10,174","62,840","68,587","20,980","14,687","5,260","4,570","1,380","1,028","3,790","1,163","34,020","22,483",0,0,0,0,"20,420","9,960","149,650","140,897","148,930","138,455",920,"2,441"
KY,3,"343,860","216,460","47,550","72,640","329,240","7,120","168,030","265,630","1,820","533,300","9,120","5,530",0,"3,590","1,700","81,520","76,140","5,911,077","343,860","5,991,508","262,680","4,456,269","48,670","56,577","2,940","5,972","22,060","55,093","19,980","32,633",960,699,"70,470","541,814","19,140","29,264","20,910","169,302","52,180","574,897","6,760","5,070","21,900","42,800","103,470","5,010","3,883","7,630","14,088","65,050","80,431","1,560",421,100,665,"2,710","10,149","1,560","5,715","4,280","3,294","341,000","5,966,909","341,000","5,837,702","60,300","129,208","2,850","74,587","2,060","43,755","1,310","3,507","1,210","1,077","1,600","5,119","2,710","8,830","2,720","8,886","1,100",609,"1,200","11,217",30,243,30,16,50,154,"1,670","7,279",180,"2,891","18,080","11,035","171,730","817,016","170,920","82,034",0,0,"3,210","1,461","55,770","16,226","2,050",85,"1,230",305,"10,030","4,529","21,050","4,037","23,560","6,907",180,87,490,194,"56,840","103,892","8,090","49,075","8,360","49,831","319,270","947,567","140,750","489,708","46,750","15,017","48,570","187,506","29,260","176,534","16,170","110,652","125,270","420,762","85,840","161,184","11,740","9,933","3,500","2,495","131,510","65,809","181,870","172,353",40,42,0,0,"33,780","35,522","296,830","810,068","295,450","804,680","1,950","5,388"
KY,4,"493,950","275,240","98,690","102,800","474,790","9,130","243,810","364,110","2,890","860,420","11,710","7,530",30,"4,150","1,280","107,060","104,390","18,249,870","493,950","18,372,800","423,100","15,103,214","83,290","107,042","5,340","13,744","38,590","108,831","35,000","67,281","2,830","1,772","59,870","474,190","32,420","73,016","32,220","364,687","83,210","1,456,792","10,890","10,450","42,612","81,140","666,652","9,020","47,957","11,950","10,600","72,470","122,930","7,630","2,130",230,"1,881","4,500","19,439","4,960","18,041","17,910","12,482","485,590","8,938,472","485,590","8,773,371","74,360","165,102","8,360","232,745","4,650","103,565","5,670","17,191","2,210","2,599","5,230","16,023","8,150","34,667","8,180","35,735","3,770","2,609","4,380","41,868",80,917,110,236,110,496,"5,390","37,125",600,"10,485","46,160","66,399","478,490","9,072,211","476,070","976,834",10,67,"9,750","6,577","221,000","229,079","8,580",487,"9,860","5,674","23,820","24,636","94,900","21,283","142,120","171,269","1,280","1,861","3,570","2,601","40,540","102,539","15,400","86,041","15,740","89,824","479,190","1,904,538","128,530","390,598",0,0,"62,990","120,549","41,570","156,528","23,970","113,521","116,170","346,813","108,870","238,740","14,320","11,747","4,880","4,963","357,590","747,755","381,440","859,344",60,104,0,0,"88,660","104,781","400,550","1,148,099","397,860","1,138,769","3,720","9,330"
KY,5,"306,090","142,010","108,170","43,970","293,820","5,610","165,790","207,600","2,600","585,850","5,060","2,860",20,"2,180",90,"50,050","83,130","18,826,137","306,090","18,941,635","260,750","14,723,483","80,050","128,057","6,500","19,899","41,520","146,148","37,900","93,552","5,400","3,119","40,240","392,449","34,570","108,844","30,850","465,619","71,080","1,780,755","10,060","7,370","31,518","64,770","1,114,893","9,530","94,163","12,140","10,554","59,790","115,498","7,780","2,279",330,"4,091","4,010","20,779","4,560","20,035","19,100","13,501","293,050","5,954,107","293,050","5,824,580","58,110","129,528","13,040","345,488","4,730","105,520","10,590","44,385","2,120","3,033","10,280","32,566","12,910","75,394","12,930","75,340","7,070","4,227","9,180","84,945",130,"1,012",200,420,120,592,"8,710","62,068",830,"14,553","40,960","89,604","305,490","12,451,300","304,850","1,446,152",20,83,"5,820","8,116","130,330","260,185","11,880",952,"7,670","4,318","14,110","16,359","40,870","6,927","95,580","220,252","1,500","4,239","4,740","4,034","28,530","79,079","7,170","41,912","7,750","48,676","300,670","1,712,545","14,250","14,874",0,0,0,0,"6,760","5,453","7,490","9,421","12,170","12,122","28,950","59,610","7,980","6,614","1,810","2,427","274,520","1,185,968","282,390","1,277,648",80,105,0,0,"77,220","141,861","227,840","574,131","224,680","562,037","4,260","12,093"
KY,6,"195,850","57,640","115,910","17,490","187,890","3,750","115,950","118,790","1,950","441,370","1,740",750,0,990,0,"23,670","61,210","16,967,846","195,850","17,070,662","166,180","12,701,343","68,740","135,481","6,560","22,867","37,870","172,929","34,810","114,179","6,690","3,853","30,420","346,931","31,720","147,030","26,580","532,989","56,090","1,758,777","8,850","5,200","22,483","49,130","1,125,818","9,380","137,167","11,280","17,425","45,280","102,816","7,170","2,278",350,"4,147","3,570","22,143","3,250","17,012","13,990","8,752","181,590","4,290,927","181,590","4,193,113","42,320","97,814","14,260","380,852","3,570","84,089","12,530","65,890","1,540","2,460","12,190","40,027","14,180","102,962","14,200","102,436","8,410","4,769","10,900","98,932",150,"1,097",280,538,180,"1,029","9,990","76,074",880,"16,409","34,320","95,544","195,610","12,207,180","195,290","1,543,236",20,117,"3,070","6,488","87,840","233,729","11,620","1,351","7,810","4,587","11,210","12,506",0,0,"71,330","202,405","1,180","4,971","4,530","4,007","22,020","68,878","3,250","18,596","3,680","24,497","193,090","1,643,995",0,0,0,0,0,0,0,0,0,0,0,0,"6,310","11,417","6,510","5,181",650,"1,207","188,460","1,309,508","190,540","1,391,276",70,69,0,0,"64,300","159,515","130,970","409,299","127,790","395,600","4,080","13,699"
KY,7,"307,990","43,370","249,190","11,660","295,380","6,190","188,260","165,450","3,920","808,660","1,350",520,0,830,0,"23,200","96,580","41,822,750","307,990","42,105,291","266,770","30,902,985","145,270","381,890","16,850","76,085","90,820","613,669","84,110","429,429","10,690","8,687","57,490","905,011","77,790","686,365","51,430","1,597,536","95,920","4,005,670","16,740","7,320","32,908","72,360","2,088,045","26,880","720,702","24,340","116,767","91,040","282,541","16,840","5,450","1,670","26,610","8,500","68,715","6,060","36,008","28,860","21,673","273,470","7,217,049","273,470","7,064,205","62,740","152,844","34,520","1,109,546","6,130","145,498","32,010","254,995","2,250","4,794","30,660","119,474","34,380","304,386","34,410","303,089","21,180","13,810","27,580","299,764",350,"2,882",690,946,730,"6,027","27,260","298,065","2,160","52,247","75,740","331,435","307,830","33,168,447","307,580","4,689,016",110,867,"3,110","10,622","167,740","486,100","30,870","5,315","22,660","14,226","24,050","28,266",0,0,"135,100","403,160","1,880","10,931","9,890","9,255","42,550","174,482","2,390","11,712","3,400","22,043","304,920","4,693,612",0,0,0,0,0,0,0,0,0,0,0,0,"1,770","4,674","15,730","13,250",390,753,"305,520","4,202,916","306,210","4,417,789","2,640",772,780,240,"120,560","490,225","186,720","757,634","177,470","693,372","11,950","64,261"
KY,8,"83,860","8,360","72,910","1,880","80,260","2,100","57,970","28,360","1,990","234,920",100,30,0,70,0,"2,210","27,740","23,695,359","83,860","23,977,205","72,600","15,486,735","58,950","347,690","11,270","95,451","46,070","751,597","43,430","555,355","2,410","4,157","20,400","846,694","42,400","1,070,901","17,690","1,019,591","23,030","1,398,325","5,090","1,130","6,404","17,700","613,344","22,360","2,046,560","10,990","155,145","26,140","281,846","2,950",885,"2,750","80,107","6,920","85,348","1,480","14,314",0,0,"61,130","1,657,067","61,130","1,622,079","14,220","34,988","22,730","983,508","1,570","51,505","21,640","357,537","1,010","3,153","20,280","120,201","22,690","221,307","22,700","222,034","12,740","11,316","17,930","261,458",270,"2,910",590,469,"1,260","14,860","20,030","365,716","1,480","63,135","39,160","487,378","83,840","20,569,739","83,800","3,861,691",190,"2,177",640,"4,066","52,660","148,611","19,920","9,824","7,330","4,420",0,0,0,0,"37,180","112,056",570,"5,238","3,260","3,292","17,430","140,919",0,0,650,"4,554","82,880","3,828,046",0,0,0,0,0,0,0,0,0,0,0,0,130,328,0,0,0,0,"83,740","3,713,080","83,820","3,942,382","33,230","25,257","38,400","39,672","43,830","521,924","39,790","397,942","31,450","257,864","10,150","140,078"
KY,9,"12,010","1,270","10,390",240,"11,570",300,"10,410","2,310",340,"34,060",0,0,0,0,0,70,"4,560","8,063,977","12,010","8,185,110","10,200","4,119,071","10,770","189,293","3,170","50,697","9,110","404,086","8,720","305,426",400,"2,083","3,830","333,614","9,070","777,988","2,630","203,127","2,330","162,537","1,000",70,405,"2,510","93,254","6,710","1,691,857","2,750","74,202","5,520","121,133",190,56,"1,080","46,931","2,340","36,002",270,"3,315",0,0,"6,190","167,528","6,190","163,214","1,760","4,314","5,820","374,574",90,"8,180","5,530","204,550",280,940,"5,020","47,312","5,810","57,447","5,810","57,517","2,710","3,348","4,260","77,889",90,"1,620",180,113,790,"16,311","5,360","173,922",490,"38,981","7,870","227,428","12,000","7,295,274","12,000","1,787,190",160,"2,913",60,439,"6,190","18,472","5,120","7,246",720,468,0,0,0,0,150,223,130,"1,639",400,405,"3,880","45,469",0,0,60,447,"11,830","1,794,180",0,0,0,0,0,0,0,0,0,0,0,0,0,0,0,0,0,0,"11,990","1,768,718","12,000","1,886,681","7,870","24,500","10,570","43,808","6,390","291,958","5,570","194,113","2,740","76,038","3,260","118,075"
KY,10,"4,810",580,"4,090",90,"4,620",140,"4,540",540,130,"13,160",0,0,0,0,0,0,"2,140","12,629,941","4,810","12,728,927","3,980","3,006,872","4,600","443,968","1,940","121,818","4,060","1,191,993","3,890","720,566",200,"3,028","1,670","256,915","4,170","2,596,787","1,000","99,043",870,"59,282",600,0,0,"1,140","45,405","3,720","4,615,850","1,770","122,703","2,620","98,986",40,12,450,"23,941","1,380","22,032",110,"1,228",0,0,"1,700","45,597","1,700","44,229",570,"1,369","3,110","573,514",10,"1,199","2,960","373,207",140,376,"2,530","41,336","3,110","30,798","3,110","31,052","1,220","1,876","1,750","32,157",60,"1,417",70,91,890,"65,884","2,970","380,809",460,"59,325","3,820","831,359","4,800","11,179,994","4,800","3,323,448",530,"10,156",20,179,"3,030","67,583","2,630","26,987",140,109,0,0,0,0,0,0,60,810,120,134,"1,780","34,630",0,0,20,179,"4,750","3,555,063",0,0,0,0,0,0,0,0,0,0,0,0,0,0,0,0,0,0,"4,800","3,255,866","4,800","3,444,270","2,910","24,998","4,450","123,527","2,180","420,409","2,610","522,626",730,"62,511","2,110","460,115"
LA,0,"1,932,540","890,620","586,560","419,510","1,791,490","70,070","1,011,290","1,286,770","16,350","3,699,350","30,400","24,440","1,140","4,810","5,040","426,100","495,800","141,697,992","1,923,840","143,068,445","1,569,750","98,400,309","521,120","2,084,028","57,820","506,249","287,700","3,373,606","265,330","2,346,128","27,540","23,676","461,920","2,435,755","252,600","5,761,938","172,140","4,423,950","347,090","10,095,735","29,060","26,000","120,789","283,830","5,036,596","105,240","10,917,568","125,780","1,278,843","424,020","1,370,453","54,960","16,406","7,710","220,254","37,720","331,914","23,420","125,783","62,170","45,129","1,790,060","35,215,242","1,790,060","34,473,180","333,100","742,062","114,930","4,921,879","40,470","869,785","94,470","1,065,732","17,100","56,930","81,670","338,366","112,630","752,979","112,880","774,928","22,200","53,405","75,860","916,351","1,530","14,084","2,410","4,438","5,110","116,004","92,190","1,626,953","12,200","566,245","252,790","2,202,027","1,488,740","104,464,562","1,488,030","18,264,648","1,120","20,401","41,030","59,139","740,440","1,398,081","91,680","60,619","87,700","53,971","96,750","97,739","131,760","28,761","517,430","1,003,434","14,080","48,889","18,130","14,463","278,030","877,039","73,920","590,504","79,580","652,855","1,820,070","22,038,274","464,390","1,504,240","94,100","34,596","188,500","561,495","122,440","587,744","59,360","320,405","422,960","1,311,147","332,360","641,839","96,590","86,660","19,440","22,423","1,233,210","16,866,575","1,391,760","18,164,897","49,320","79,916","57,550","240,527","436,760","2,310,513","1,432,650","6,137,454","1,400,170","5,161,864","40,040","975,590"
LA,1,"27,480","17,600","7,660","1,450","18,880","3,360","15,660","8,600",320,"40,150",240,220,0,20,0,"1,600","11,770","-2,276,453","18,810","-2,236,285","5,570","254,768","7,600","35,699",800,"8,516","4,330","34,270","3,890","20,967",230,523,"11,590","-408,655","5,780","70,324","1,510","20,624","2,470","37,656","1,820",250,"1,698",60,254,"4,290","-388,725","4,140","-48,683","3,870","40,168",200,58,40,670,970,"6,657",160,912,470,487,0,0,0,0,0,0,0,0,0,0,0,0,0,0,0,0,0,0,0,0,0,0,0,0,0,0,0,0,0,0,0,0,0,0,0,0,0,0,720,"4,753",40,"4,171",640,199,170,"3,151",20,0,0,0,30,12,20,10,90,47,0,0,0,0,"2,430","8,306","2,330","27,578","2,500","27,923","12,870","84,563","1,670","2,647","1,020",314,350,"1,019",220,908,80,406,"1,110","1,804","1,020","2,722","1,440","1,347","1,210","1,711",580,"1,602","3,550","11,392",160,198,0,0,"2,030","5,240","12,070","78,342","11,480","66,091",750,"12,250"
LA,2,"184,740","147,900","15,280","19,480","161,580","12,060","84,320","106,140","1,090","197,730","5,070","4,230",60,780,"1,480","29,050","40,350","979,140","184,710","1,004,848","122,980","869,137","28,080","21,184","1,720","2,944","13,610","22,562","12,360","12,834",330,244,"48,820","6,220","11,750","3,691","7,860","37,516","15,900","82,890","1,150","1,970","8,962","1,620","3,043","2,610","-17,853","5,670","-1,144","37,160","25,708",660,181,40,252,"1,550","5,074",390,"1,433","1,400","1,144","183,400","2,559,459","183,400","2,492,721","31,750","66,738","1,310","28,251",880,"16,594",520,"1,179",540,600,570,"1,627","1,180","3,009","1,190","3,140",160,272,530,"5,248",0,0,10,14,30,74,610,"1,292",80,"1,561",470,95,"3,710","8,952","4,760","1,636",0,0,"2,100",738,"1,280",227,550,21,20,8,160,40,90,17,290,116,10,4,20,10,"34,320","23,129","6,470","55,279","7,030","58,594","138,200","162,856","68,880","75,308","45,410","18,793","15,480","34,386","5,640","15,016","2,350","7,113","58,910","65,222","18,630","13,940","9,110","8,212","2,010","1,615","4,140","1,409","40,170","25,365",20,16,0,0,"26,020","11,753","127,270","149,157","126,530","146,763",940,"2,394"
LA,3,"425,850","232,290","36,330","152,260","398,430","14,400","215,900","349,650","1,940","757,640","8,270","6,960",130,"1,180","2,030","145,680","77,200","7,398,717","425,850","7,520,793","329,960","6,168,345","46,790","55,808","2,840","8,032","20,180","53,954","18,170","30,893","1,120",848,"140,620","426,990","17,720","20,574","17,210","144,056","47,280","552,459","2,690","7,910","37,678","33,890","80,471","5,100","-13,108","10,910","10,740","103,790","122,076","3,720","1,039",130,736,"2,930","10,727","1,770","5,867","4,570","3,735","421,670","7,467,023","421,670","7,345,186","58,350","121,836","4,160","106,945","2,990","57,136","2,200","3,286","1,480","2,306","1,710","4,776","3,860","10,640","3,880","11,744",800,"1,965","1,490","13,524",60,499,30,79,60,376,"2,540","13,941",430,"7,654","25,470","15,492","205,450","913,167","206,120","92,488",0,0,"5,860","2,192","95,440","28,775","2,090",79,"7,320","1,869","18,340","7,729","23,260","4,952","47,480","13,502",740,397,410,165,"93,070","171,389","19,470","141,589","20,770","146,959","401,930","1,664,729","228,740","942,443","47,670","15,489","95,200","369,517","58,880","366,840","26,980","190,597","212,850","810,591","156,130","299,277","30,950","28,896","5,500","4,799","126,600","63,715","213,340","239,779",70,238,0,0,"33,930","36,912","379,600","1,461,182","378,290","1,456,070","1,780","5,112"
LA,4,"470,750","242,030","71,220","146,810","441,400","14,480","222,130","356,990","2,990","849,580","10,330","8,650",380,"1,310","1,480","136,550","103,670","17,051,748","470,750","17,184,664","404,510","14,728,064","78,500","106,074","5,190","18,061","35,290","123,951","31,790","78,515","3,680","2,247","91,120","-142,832","29,120","53,016","27,410","321,687","73,570","1,425,915","4,210","7,200","31,609","68,160","527,934","8,970","23,485","17,550","9,873","70,760","132,916","10,360","2,935",300,"3,154","4,530","20,415","4,900","17,822","13,920","10,141","456,760","8,427,393","456,760","8,271,708","72,060","155,685","13,980","410,418","9,850","187,724","9,530","16,769","3,660","8,414","6,230","14,501","13,460","47,410","13,520","52,700","4,000","12,009","5,630","47,492",190,"1,270",160,432,130,905,"10,630","88,040","1,430","27,679","43,860","66,807","457,260","8,209,506","455,170","882,329",20,235,"14,850","9,572","240,450","259,467","8,290",481,"23,540","15,109","33,730","35,841","83,300","19,502","162,630","179,138","4,390","6,560","2,730","1,971","40,370","105,904","26,420","205,451","26,960","212,897","456,500","1,982,363","154,460","473,765",0,0,"77,460","156,573","52,430","201,192","24,560","116,000","141,260","425,470","125,660","266,176","25,120","22,431","6,640","7,437","312,980","622,866","337,310","738,858",140,205,0,0,"81,010","107,162","386,120","1,348,878","383,730","1,333,096","3,180","15,782"
LA,5,"270,450","131,940","75,480","54,810","251,870","8,700","135,930","178,990","2,280","493,920","3,990","2,980",210,810,50,"53,830","77,260","16,590,751","270,450","16,707,659","230,450","13,236,846","75,680","119,857","6,100","23,385","36,930","161,727","33,730","107,526","4,610","2,818","47,070","124,521","30,770","86,836","26,450","420,240","58,540","1,587,493","3,650","3,090","14,583","52,590","865,455","9,360","80,284","17,320","14,455","55,630","116,908","12,230","3,527",370,"3,635","3,990","21,863","4,670","21,099","14,690","11,220","253,920","4,994,198","253,920","4,876,284","53,350","117,914","16,520","525,000","9,490","190,952","12,460","31,112","3,490","9,961","10,030","23,404","16,160","70,415","16,220","75,771","4,450","12,378","9,540","87,126",250,"1,679",270,680,150,"1,011","13,060","127,848","1,590","35,857","34,990","81,243","269,640","11,010,907","269,020","1,288,152",20,434,"7,870","11,877","114,900","231,210","11,130","1,028","11,330","6,945","16,030","20,249","25,100","4,280","86,990","183,276","3,640","10,481","3,430","2,800","25,110","73,962","10,510","88,851","10,900","99,183","264,540","1,532,619","10,650","10,077",0,0,0,0,"5,270","3,788","5,380","6,289","8,840","8,060","23,770","45,274","10,430","9,409","2,500","3,745","243,820","1,056,942","249,880","1,141,379",100,125,0,0,"73,720","150,451","195,880","539,064","193,240","526,190","3,470","12,875"
LA,6,"165,100","56,870","81,140","23,210","154,140","5,140","91,860","97,340","1,680","348,100","1,280",820,110,350,0,"25,240","55,680","14,306,068","165,100","14,400,119","139,440","10,799,901","62,330","126,167","6,040","25,066","32,820","175,213","30,130","116,015","4,180","2,865","31,490","177,640","27,850","107,312","22,880","488,537","43,780","1,461,354","3,160","2,090","9,822","40,040","896,747","9,500","107,951","15,120","30,669","35,630","94,051","6,100","1,874",350,"4,575","3,430","22,174","2,910","15,513","8,600","5,175","151,430","3,407,827","151,430","3,318,929","38,570","88,897","13,670","454,188","6,070","133,656","10,850","38,136","2,450","8,340","9,530","25,317","13,410","72,071","13,440","74,890","3,260","8,475","9,150","87,031",190,"1,397",220,474,200,"1,048","10,660","116,617","1,440","36,061","28,710","84,002","164,830","10,368,253","164,590","1,341,935",30,192,"4,080","9,076","72,120","183,476","10,790","1,257","8,570","5,349","9,050","10,454",0,0,"58,090","152,286","2,100","9,185","2,760","2,222","18,380","61,730","4,560","39,356","5,090","47,981","162,360","1,446,781",0,0,0,0,0,0,0,0,0,0,0,0,"4,870","8,722","5,950","4,893",900,"1,535","159,460","1,158,460","161,080","1,229,676",160,104,0,0,"57,440","161,588","107,270","375,783","104,590","359,568","3,420","16,215"
LA,7,"282,520","50,040","209,660","18,760","265,720","8,430","167,750","154,210","3,810","718,790","1,110",550,220,340,0,"30,600","91,690","38,919,889","282,520","39,196,048","245,970","29,229,111","142,130","383,471","16,610","90,925","83,490","721,751","77,490","522,975","10,160","8,522","61,620","667,121","72,270","493,822","47,000","1,591,621","78,330","3,255,618","8,010","3,000","13,960","63,990","1,834,961","28,200","677,944","32,550","204,059","79,020","276,159","17,480","5,530","1,700","28,258","8,490","72,407","6,100","37,672","18,520","13,227","249,970","6,398,225","249,970","6,253,825","59,910","144,400","32,550","1,197,127","8,940","211,074","28,190","159,400","3,700","16,153","26,080","84,552","32,020","235,842","32,080","239,251","6,340","13,501","24,840","275,366",430,"3,691",690,"1,504",780,"6,387","25,820","338,977","3,400","114,106","67,470","311,907","282,280","31,019,908","282,090","4,518,117",130,"1,135","4,540","17,230","151,630","441,264","29,440","7,743","25,970","17,533","19,410","23,414",0,0,"123,170","358,924","2,630","17,325","6,230","5,028","38,800","167,038","4,160","32,400","5,200","48,812","279,330","4,606,945",0,0,0,0,0,0,0,0,0,0,0,0,"1,990","5,075","13,600","11,472",670,"1,581","280,230","4,076,853","280,900","4,276,501","3,330","1,001",970,375,"109,660","495,238","172,170","816,788","164,180","746,289","10,140","70,499"
LA,8,"87,420","9,830","74,360","2,340","82,240","2,860","61,290","31,710","1,730","242,690",100,40,30,30,0,"3,440","30,330","24,600,044","87,420","24,915,209","75,740","15,952,363","63,120","403,280","12,200","134,827","46,490","778,920","43,780","554,085","2,840","3,553","23,290","881,256","42,830","924,148","17,910","1,096,065","23,710","1,448,411","3,320",460,"2,296","19,030","654,296","24,650","2,147,158","15,660","351,681","28,400","315,165","3,980","1,190","3,010","91,891","7,490","97,556","1,950","18,744",0,0,"64,490","1,734,783","64,490","1,695,219","16,270","39,565","22,930","1,075,649","2,110","63,818","21,390","265,226","1,340","7,892","19,570","101,396","22,770","216,987","22,790","217,311","2,760","3,915","18,070","271,983",260,"2,854",660,"1,087","1,600","17,954","19,750","352,882","2,420","139,852","39,080","495,836","87,370","21,298,823","87,350","4,031,609",260,"2,888",980,"7,198","54,200","162,186","20,680","19,626","9,670","6,307",0,0,0,0,"38,570","115,943",500,"3,985","2,240","1,953","18,660","154,664",0,0,"1,020","9,440","86,350","4,055,931",0,0,0,0,0,0,0,0,0,0,0,0,280,653,0,0,0,0,"87,210","3,869,424","87,310","4,115,695","33,940","24,866","40,260","43,312","44,190","544,205","42,890","473,176","34,450","310,177","9,980","162,999"
LA,9,"12,570","1,450","10,660",280,"11,850",450,"11,050","2,400",350,"35,320",0,0,0,0,0,90,"5,160","8,472,356","12,570","8,620,377","10,460","3,878,329","11,410","221,669","3,750","71,856","9,640","415,008","9,240","295,039",240,802,"4,260","384,433","9,530","725,361","2,750","210,401","2,530","180,868",650,30,181,"3,030","115,879","7,850","2,054,250","4,130","241,903","6,350","148,021",210,62,"1,210","55,418","2,740","47,449",400,"4,601",0,0,"6,380","171,508","6,380","166,333","2,100","5,176","6,190","437,157",120,"7,481","5,880","172,368",290,"1,048","5,100","44,305","6,170","60,831","6,170","61,234",340,625,"4,520","87,387",80,"1,335",250,136,"1,000","17,211","5,690","169,554",750,"90,194","8,160","242,168","12,560","7,623,950","12,550","1,893,463",140,"1,724",90,872,"6,610","24,855","5,430","10,742","1,020",667,0,0,0,0,140,202,50,565,250,244,"4,450","57,621",0,0,90,881,"12,390","1,954,711",0,0,0,0,0,0,0,0,0,0,0,0,0,0,0,0,0,0,"12,550","1,868,608","12,560","2,005,154","7,810","23,395","11,030","51,319","6,460","307,163","6,050","249,608","2,750","92,680","3,710","156,928"
LA,10,"5,660",670,"4,770",110,"5,380",190,"5,390",750,160,"15,440",0,0,0,0,0,10,"2,690","15,655,732","5,660","15,755,013","4,670","3,283,445","5,490","610,819","2,580","122,637","4,920","886,250","4,770","607,279",160,"1,254","2,040","319,061","4,990","3,276,854","1,160","93,203",990,"63,071",410,0,0,"1,430","57,556","4,710","6,246,182","2,750","465,290","3,430","99,281",40,10,580,"31,665","1,610","27,592",180,"2,120",0,0,"2,050","54,826","2,050","52,975",760,"1,851","3,610","687,144",10,"1,350","3,450","378,256",160,"2,216","2,850","38,488","3,610","35,774","3,610","38,887",90,265,"2,100","41,194",70,"1,359",110,32,"1,170","71,038","3,440","417,802",660,"113,281","4,580","904,477","5,660","14,011,096","5,660","4,210,166",480,"9,622",20,185,"3,650","63,470","3,270","19,642",260,184,0,0,0,0,0,0,20,387,70,70,"2,440","53,296",0,0,20,185,"5,610","4,546,776",0,0,0,0,0,0,0,0,0,0,0,0,0,0,0,0,0,0,"5,650","4,146,696","5,660","4,381,098","3,600","29,768","5,290","145,521","2,310","490,801","3,340","645,476",930,"124,940","2,670","520,536"
ME,0,"712,110","370,640","261,030","63,470","664,020","23,580","321,080","412,950","7,500","1,222,280","20,230","6,190",40,"14,010","1,020","93,050","238,210","57,601,288","707,770","58,293,043","554,280","37,338,522","303,130","951,336","28,610","182,580","150,480","1,724,037","138,430","1,169,064","10,080","9,792","121,650","2,009,620","128,420","3,316,949","95,800","2,193,665","147,730","4,091,408","4,180","17,710","104,391","140,660","2,561,571","41,150","3,482,373","42,870","269,135","170,740","691,755","16,020","4,775","4,820","116,038","24,400","165,976","15,700","88,012","44,650","35,535","659,030","13,104,864","659,030","12,726,556","166,630","378,308","41,880","1,620,531","11,390","318,231","37,160","648,224","3,910","5,313","36,400","253,586","41,530","349,388","41,580","348,984","21,610","15,523","31,310","415,034",680,"7,172","1,220","1,370","2,080","57,334","27,870","405,226","1,880","61,050","122,020","922,013","574,950","43,438,248","573,100","7,282,284",550,"7,427","22,720","40,664","237,750","509,724","54,290","37,734","25,520","16,062","23,860","24,875","39,770","8,201","139,410","315,114","5,700","30,025","21,270","25,335","94,210","365,349","33,970","247,269","36,820","278,844","658,220","7,759,268","80,560","179,484","27,290","9,326","27,480","67,066","17,190","66,049","8,600","37,041","66,070","150,365","50,410","93,923","16,410","13,927","12,910","17,248","526,660","6,772,561","558,810","7,297,228","20,110","30,527","26,450","94,464","191,700","1,085,193","483,950","1,531,091","468,750","1,222,409","20,400","308,682"
ME,1,"11,170","7,350","2,970",560,"6,960","2,750","5,430","2,430",140,"15,840",120,40,0,80,0,310,"6,000","-411,449","6,840","-400,210","1,820","63,099","3,240","10,184",280,"1,491","1,760","9,369","1,570","6,105",50,78,"3,950","-92,708","2,350","16,812",630,"6,983",770,"8,461",340,70,573,20,34,"1,320","-138,145","1,410","-20,611","1,540","11,239",30,10,10,148,410,"1,860",70,382,350,310,0,0,0,0,0,0,0,0,0,0,0,0,0,0,0,0,0,0,0,0,0,0,0,0,0,0,0,0,0,0,0,0,0,0,0,0,0,0,220,149,0,0,200,78,50,15,0,0,0,0,0,0,0,0,20,9,0,0,0,0,830,"1,860",890,"8,733",960,"8,522","3,790","15,886",560,602,400,111,80,217,50,187,20,86,360,391,250,587,250,223,620,849,180,134,"1,140","2,182",40,25,0,0,700,"1,078","3,510","14,764","3,340","12,363",230,"2,400"
ME,2,"75,990","61,100","9,500","4,440","68,770","3,710","27,850","36,670",420,"76,560","7,040","2,740",0,"4,290",450,"6,120","28,750","361,613","75,990","371,370","43,150","253,900","22,070","14,155",890,"1,191","8,240","13,655","7,340","7,462",170,156,"11,980","34,426","6,250",-317,"6,470","24,414","9,860","41,415",280,590,"2,393",770,"1,501",930,"-6,069","1,970",594,"10,910","9,757",80,20,30,221,"1,080","2,680",230,"1,009",800,715,"75,340","1,097,972","75,340","1,046,472","24,260","51,500",640,"17,839",480,"11,527",150,812,350,200,430,"2,139",590,"2,647",590,"2,670",210,116,310,"3,045",0,0,0,0,20,48,260,302,20,153,180,30,"1,180","2,481","1,660",586,20,154,760,313,440,68,260,14,0,0,30,8,40,11,50,20,10,5,30,9,"9,570","7,224","2,300","20,014","2,400","20,086","51,930","42,077","18,900","16,598","13,430","5,077","3,360","6,473","1,420","3,284",680,"1,763","15,190","13,693","4,080","2,682","1,170","1,009","1,270","1,180","1,500",518,"11,450","7,911",0,0,0,0,"7,300","3,728","47,800","37,862","47,490","37,009",420,853
ME,3,"99,310","71,680","13,830","11,800","92,260","3,260","39,340","69,020",650,"127,360","4,060","1,170",0,"2,890",320,"17,960","30,710","1,711,839","99,310","1,741,496","70,830","1,176,288","25,990","30,099","1,460","2,641","11,580","33,011","10,490","18,506",390,316,"19,210","152,420","9,400","11,377","10,610","83,143","17,690","189,398",510,"2,610","14,030","16,280","38,343","1,980",106,"3,270","5,967","19,440","29,657",400,103,100,528,"2,060","4,981",910,"3,645","2,390","2,008","98,090","1,668,408","98,090","1,614,225","25,030","54,183","1,220","35,394",890,"21,389",520,"1,628",580,415,800,"4,232","1,170","5,366","1,180","5,368",470,253,580,"5,971",20,234,40,50,30,158,580,"1,454",40,672,"7,400","5,174","53,800","265,779","53,340","26,839",0,0,"1,780",858,"13,900","4,202","1,300",70,460,134,"2,880","1,347","5,040","1,061","4,270","1,325",140,55,390,154,"15,790","29,540","5,680","45,696","5,750","44,734","89,250","203,615","28,930","79,414","13,450","4,138","8,700","33,210","4,710","28,101","2,070","13,965","23,350","67,173","13,740","25,321","2,670","2,233","3,270","3,086","44,340","22,637","55,400","52,935",0,0,0,0,"12,830","16,183","80,910","166,559","80,340","164,235",860,"2,325"
ME,4,"166,930","110,110","28,690","22,850","157,620","4,120","63,470","114,360","1,290","249,740","4,930","1,520",20,"3,390",220,"31,940","43,820","6,271,896","166,930","6,342,808","137,830","4,910,874","46,530","54,880","2,730","6,392","20,050","70,709","18,240","41,221","1,190",998,"22,140","258,573","16,030","37,195","15,500","170,539","27,930","510,341",680,"5,830","33,180","32,080","257,644","3,800","15,567","5,650","9,014","32,730","70,912","2,650",705,300,"2,766","3,730","11,427","3,260","13,777","10,360","8,321","163,610","2,880,921","163,610","2,810,661","31,600","70,260","3,320","96,775","1,950","46,297","2,340","6,512",820,700,"2,430","12,237","3,240","17,000","3,260","17,139","1,570",956,"1,890","19,553",50,557,70,48,70,235,"1,850","8,169",150,"3,231","20,230","34,236","161,880","3,287,532","160,520","357,857",0,0,"7,550","5,865","58,780","57,799","5,640",416,"4,010","2,414","6,820","6,946","23,110","5,038","31,690","39,658",680,809,"2,370","1,933","17,040","50,052","12,380","85,317","12,390","87,814","160,430","592,972","28,760","79,447",0,0,"15,330","27,166","9,260","33,076","4,170","19,204","24,460","66,499","22,880","46,459","3,830","3,063","4,480","5,710","134,190","300,058","140,850","352,451",20,27,10,5,"36,470","49,288","128,450","288,956","127,280","282,404","1,750","6,552"
ME,5,"118,910","66,750","34,700","13,190","112,170","2,960","51,050","75,610","1,210","197,680","2,440",550,20,"1,870",20,"18,370","37,560","7,300,328","118,910","7,378,161","99,730","5,516,160","47,800","66,337","3,230","8,993","21,190","94,837","19,370","57,306","2,430","1,944","16,560","232,131","16,990","60,874","14,820","215,344","25,160","644,301",600,"3,220","19,113","27,330","455,962","4,120","35,512","6,070","9,613","29,270","77,833","3,030",860,380,"4,786","3,270","14,458","3,470","17,182","10,930","8,874","113,380","2,188,033","113,380","2,128,820","26,350","59,213","5,530","150,793","2,130","52,220","4,790","16,347",620,760,"4,650","22,364","5,470","36,391","5,480","36,444","3,060","1,781","4,010","41,102",80,758,110,197,120,769,"3,080","13,699",230,"5,265","18,760","47,115","118,600","4,925,796","118,210","579,468",10,65,"5,190","8,341","42,620","74,782","7,490",756,"3,140","1,880","4,170","4,803","11,590","2,091","26,150","57,916",930,"2,157","3,500","3,770","12,460","43,039","6,440","46,806","7,010","53,203","116,300","671,565","3,410","3,423",0,0,0,0,"1,750","1,401","1,660","2,023","2,720","2,609","7,140","14,115","2,260","1,965","1,940","3,262","110,350","504,686","112,740","551,165",10,12,0,0,"33,500","66,360","84,990","185,623","83,490","179,706","2,170","5,917"
ME,6,"74,210","26,650","40,190","5,400","69,750","1,980","36,950","40,920",850,"148,880",990,120,0,880,0,"8,260","28,390","6,434,336","74,210","6,502,038","61,380","4,539,415","39,630","68,247","3,180","8,903","18,580","106,036","17,000","64,457","2,440","2,025","12,830","215,086","15,170","77,030","13,110","256,980","20,420","645,838",490,"1,970","12,229","21,440","480,396","4,070","60,537","5,470","11,728","20,580","67,702","2,380",717,420,"6,333","2,660","14,520","2,300","13,847","6,710","4,426","68,120","1,567,937","68,120","1,521,192","20,020","46,745","6,090","163,626","1,730","42,772","5,600","26,991",410,629,"5,500","27,057","6,050","48,784","6,050","48,439","3,670","1,992","4,830","48,743",110,962,150,180,120,544,"3,530","17,252",220,"4,394","16,230","51,576","74,090","4,656,509","73,920","600,711",0,0,"2,900","6,762","29,860","70,010","7,080","1,017","3,360","2,154","2,970","3,350",0,0,"20,020","54,156",820,"3,032","3,440","3,940","9,830","38,173","3,200","22,677","3,540","28,389","72,980","633,467",0,0,0,0,0,0,0,0,0,0,0,0,"1,660","3,026","1,680","1,414",750,"1,579","71,890","530,701","72,600","572,313",30,28,0,0,"27,360","73,140","46,620","133,004","45,110","126,386","2,100","6,618"
ME,7,"121,480","21,390","94,140","4,220","114,620","3,470","65,510","60,690","1,840","292,260",620,40,0,580,0,"9,110","45,460","16,599,287","121,480","16,778,113","102,750","11,664,864","80,250","195,104","8,500","35,789","42,230","366,555","39,080","238,724","2,800","2,937","24,230","532,260","36,280","373,110","24,410","770,344","34,970","1,405,048",880,"2,770","17,949","32,250","948,165","11,660","330,052","11,720","71,254","40,680","178,826","6,200","1,990","1,400","23,545","5,700","43,803","4,450","28,118","13,110","10,881","108,330","2,833,087","108,330","2,758,989","30,330","74,098","13,150","428,031","3,190","95,577","12,380","98,077",650,"1,331","11,960","68,934","13,080","121,364","13,100","120,752","7,460","5,152","10,440","128,448",190,"1,634",360,513,380,"3,087","8,820","62,165",550,"15,577","35,630","167,580","121,340","13,177,013","121,180","1,884,128",40,246,"3,490","12,672","63,910","173,939","17,830","4,407","10,330","6,813","6,990","8,421",0,0,"43,450","123,267","2,000","12,356","8,040","10,194","18,700","93,627","3,080","18,026","3,890","29,642","119,960","1,878,057",0,0,0,0,0,0,0,0,0,0,0,0,610,"1,621","4,560","4,020",580,"1,582","120,200","1,710,190","120,570","1,815,821","1,250",283,500,165,"50,210","223,234","71,010","281,791","66,710","253,041","5,890","28,750"
ME,8,"36,740","4,690","30,810",870,"34,850","1,110","25,000","12,080",900,"94,830",30,0,0,30,0,960,"14,280","10,449,572","36,740","10,604,506","30,750","6,428,866","30,640","183,191","5,940","47,271","21,080","430,618","19,820","299,841",520,992,"8,770","431,484","20,000","684,437","8,600","530,965","9,560","556,989",310,590,"4,489","8,780","315,174","9,080","829,822","5,320","81,995","12,140","154,934","1,160",345,"1,540","46,667","3,820","45,517",860,"8,068",0,0,"28,270","763,329","28,270","744,013","7,820","19,316","8,470","365,453",920,"41,016","8,060","165,371",360,957,"7,640","68,105","8,450","83,320","8,460","83,561","3,980","3,608","6,760","119,331",130,"1,576",350,287,670,"8,426","6,640","90,929",420,"17,569","18,490","214,643","36,710","9,109,330","36,700","1,708,470",100,"1,299",750,"4,982","23,590","75,142","10,930","9,038","3,690","2,328",0,0,0,0,"13,740","38,721",890,"8,573","3,010","4,531","7,780","66,982",0,0,770,"5,631","36,300","1,664,181",0,0,0,0,0,0,0,0,0,0,0,0,60,112,0,0,0,0,"36,660","1,633,328","36,720","1,741,511","14,330","10,851","19,170","21,828","19,320","253,209","17,350","171,620","13,540","112,430","4,770","59,190"
ME,9,"5,300",630,"4,500",100,"5,070",150,"4,530",950,160,"13,980",0,0,0,0,0,30,"2,220","3,531,289","5,300","3,587,104","4,380","1,696,539","4,980","91,985","1,570","22,442","4,030","212,371","3,840","153,392",60,198,"1,390","149,757","4,130","440,624","1,240","100,825",990,"69,559",50,50,435,"1,190","44,625","2,670","664,866","1,280","40,993","2,320","55,815",80,22,460,"21,180","1,050","16,219",120,"1,442",0,0,"3,040","82,316","3,040","80,084",920,"2,232","2,250","133,753",70,"5,258","2,150","105,127",100,266,"2,000","27,720","2,250","22,392","2,250","22,352",840,"1,023","1,730","34,312",70,"1,143",100,76,340,"7,003","1,980","55,958",120,"7,651","3,490","100,673","5,300","3,213,958","5,300","773,285",70,688,80,616,"3,180","17,128","2,510","6,492",440,281,0,0,0,0,40,42,170,"2,252",390,639,"1,510","19,872",0,0,80,646,"5,220","754,984",0,0,0,0,0,0,0,0,0,0,0,0,0,0,0,0,0,0,"5,300","756,157","5,300","810,426","3,270","9,923","4,820","22,557","2,990","137,559","2,300","79,881","1,140","28,772","1,380","51,109"
ME,10,"2,060",310,"1,690",50,"1,970",70,"1,960",220,50,"5,160",0,0,0,0,0,0,"1,040","5,352,577","2,060","5,387,657","1,650","1,088,517","2,000","237,154",830,"47,467","1,760","386,876","1,690","282,050",20,148,580,"96,191","1,820","1,615,807",430,"34,128",380,"20,058",50,0,0,520,"19,727","1,510","1,690,125",710,"58,588","1,130","35,080",10,3,190,"9,864",630,"10,511",50,542,0,0,840,"22,861",840,"22,100",320,761,"1,220","228,867",20,"2,175","1,180","227,359",30,55,990,"20,798","1,220","12,124","1,220","12,259",370,642,770,"14,529",20,308,60,19,340,"37,064","1,130","155,298",140,"6,538","1,620","300,986","2,060","4,799,850","2,060","1,350,791",300,"4,975",20,177,"1,440","36,639","1,250","15,524",90,58,0,0,0,0,0,0,50,786,100,165,700,"14,980",0,0,20,177,"2,040","1,302,464",0,0,0,0,0,0,0,0,0,0,0,0,0,0,0,0,0,0,"2,060","1,314,152","2,060","1,390,513","1,160","9,378","1,940","49,909","1,030","261,414","1,030","171,031",300,"26,063",840,"144,968"
MD,0,"3,100,200","1,587,980","951,150","444,850","2,816,860","148,730","1,549,100","1,810,720","40,810","5,553,170","45,580","22,170",140,"23,270","4,360","378,100","826,840","311,905,118","3,086,800","314,933,162","2,474,540","217,576,962","1,169,840","4,555,928","132,040","958,153","660,730","9,254,134","616,220","6,602,676","171,840","267,729","694,390","7,115,324","569,850","13,446,417","305,970","8,063,082","606,730","24,391,970","10,920","53,680","329,952","475,240","10,696,573","158,940","17,722,669","137,190","338,108","729,340","3,028,044","82,730","24,633","24,780","808,692","60,770","573,937","45,600","241,448","116,010","94,482","2,466,140","46,863,608","2,466,140","45,829,913","465,320","1,033,691","598,720","20,967,558","134,010","2,603,460","550,660","8,165,516","39,910","84,796","501,730","3,225,945","595,720","5,207,219","596,510","5,167,410","57,520","69,259","474,860","6,084,833","9,920","95,305","27,140","33,054","17,660","351,289","484,920","5,855,393","27,960","757,026","517,170","3,367,346","2,532,050","246,353,093","2,530,300","45,669,560","2,120","41,001","71,770","94,577","1,162,780","2,837,439","236,810","520,796","148,450","93,822","132,730","139,186","150,970","29,306","762,020","1,668,951","23,950","117,646","59,950","59,643","462,240","1,647,855","100,110","454,069","111,850","534,026","2,876,890","49,396,480","382,480","992,134","108,990","39,409","138,870","365,855","88,370","367,584","46,250","219,286","325,260","821,616","291,880","555,954","101,710","88,838","41,010","43,234","2,282,710","42,832,131","2,499,470","45,596,284","198,310","300,521","193,390","617,292","930,470","4,868,302","2,058,320","8,580,393","1,995,500","6,452,451","80,740","2,127,942"
MD,1,"35,180","23,810","7,720","1,870","23,200","5,620","17,720","10,610",590,"48,440",330,220,0,110,0,"1,740","15,340","-1,781,987","21,780","-1,743,621","6,690","358,494","8,730","56,950",980,"9,415","5,610","41,562","5,060","24,421",510,"1,356","13,120","-392,746","7,570","122,530","1,570","28,317","2,350","42,676",780,310,"2,435",80,401,"4,640","-736,188","3,810","-88,949","4,850","38,366",190,55,60,"1,248","1,000","7,170",220,"1,163",900,"1,114",0,0,0,0,0,0,0,0,0,0,0,0,0,0,0,0,0,0,0,0,0,0,0,0,0,0,0,0,0,0,0,0,0,0,0,0,0,0,"1,280","1,534",50,"1,229","1,180",192,630,154,20,1,0,0,30,8,20,14,100,56,10,3,0,0,"2,740","8,299","2,840","22,474","2,990","22,374","15,140","101,439","1,830","2,662","1,170",341,320,855,220,842,130,624,"1,230","1,865","1,170","3,106","1,420","1,335","1,570","1,808",690,"1,380","4,130","11,674",270,396,0,0,"2,420","4,459","14,230","94,088","13,610","76,578",840,"17,510"
MD,2,"321,770","276,920","17,790","20,910","266,820","29,390","152,540","148,940","2,090","296,030","8,160","4,450",0,"3,710","1,510","25,870","56,170","1,526,409","321,760","1,573,472","186,300","1,176,427","49,050","30,884","2,450","4,075","25,330","37,431","22,950","22,254","1,900","2,002","106,670","237,092","20,530",64,"10,740","45,601","22,530","109,159",470,"2,260","10,920","2,630","7,052","3,080","-22,948","3,890","-6,516","88,040","47,063",690,177,110,528,"2,220","7,339",810,"2,781","2,450","2,419","317,190","4,045,944","317,190","3,957,189","43,330","88,755","4,500","101,761","2,910","47,934","1,600","4,989","1,890","1,100","2,840","15,362","4,130","18,494","4,160","18,777",290,383,"2,520","28,937",40,375,110,73,100,410,"2,220","3,608",170,"1,155","1,250",210,"8,520","17,350","9,420","2,503",10,53,"3,320",744,"2,820",327,"1,260",66,20,7,240,61,130,20,390,129,0,0,30,14,"83,640","50,853","8,060","49,690","8,530","50,870","201,600","180,326","77,340","71,875","55,460","22,278","14,000","29,020","5,360","13,385","2,530","7,192","60,360","58,784","19,280","13,970","9,280","8,328","3,890","2,952","7,940","2,176","93,070","54,079",30,28,0,0,"74,890","35,122","180,560","161,096","179,430","157,639","1,440","3,457"
MD,3,"423,270","285,350","37,310","89,660","385,960","21,140","200,510","307,100","2,980","622,120","10,010","5,580",30,"4,410","1,630","81,940","80,680","7,235,845","423,270","7,388,152","306,670","5,363,728","67,410","72,367","3,730","7,967","31,150","80,533","28,290","47,174","5,070","6,482","125,800","951,391","27,070","22,910","20,660","161,280","49,960","559,756",790,"8,910","60,543","41,960","113,294","6,560","-8,162","7,170","-3,162","113,460","152,307","2,910",771,280,"2,169","3,970","13,776","3,040","10,819","6,780","6,568","410,880","6,855,134","410,880","6,732,981","59,320","122,152","12,360","287,545","7,580","118,045","7,060","16,049","3,880","3,095","7,870","39,123","11,900","54,075","11,950","54,867","1,060","1,694","6,790","72,780",150,"1,315",270,318,180,778,"7,830","32,339",600,"6,436","33,730","20,981","222,470","1,062,084","222,600","107,340",10,75,"7,190","1,914","79,010","24,440","3,840",237,"3,290",863,"18,420","8,505","25,120","5,048","30,610","9,237",370,182,580,230,"100,280","193,876","20,150","99,450","20,190","97,390","382,400","1,093,480","151,850","514,611","52,370","16,790","53,790","207,038","30,730","187,208","14,960","103,575","130,650","417,897","101,210","189,566","21,020","18,582","11,700","9,336","164,370","82,904","246,120","279,949",80,60,10,2,"64,620","84,056","342,930","895,851","341,280","889,259","2,380","6,592"
MD,4,"601,890","364,020","75,510","138,770","555,000","25,150","280,060","423,170","5,000","989,490","13,840","8,030",80,"5,730","1,130","113,340","122,520","22,365,280","601,890","22,593,219","511,110","18,803,067","119,400","136,618","6,710","18,787","52,600","163,498","47,920","97,423","19,320","25,409","111,280","552,139","44,970","63,401","32,730","359,902","84,670","1,575,608","1,300","14,950","95,938","80,840","729,869","12,060","45,535","12,020","-19,395","106,620","227,939","8,750","2,389",720,"7,277","6,610","28,022","8,990","34,955","21,560","19,441","556,890","9,760,354","556,890","9,596,760","77,790","163,593","44,970","1,118,657","22,810","342,035","36,460","106,744","6,640","9,007","27,340","128,256","44,280","234,334","44,400","238,538","5,370","9,027","24,880","252,222",580,"5,014","1,070","1,853",420,"1,881","34,210","245,511","2,640","29,477","69,330","107,921","586,920","11,477,028","584,640","1,250,787",20,328,"26,680","17,998","266,940","293,852","13,280","1,244","25,740","17,454","39,800","42,818","95,380","18,974","168,280","204,605","2,730","3,723","3,670","2,783","64,760","177,887","41,830","170,025","41,240","181,379","579,330","2,248,923","139,340","391,796",0,0,"70,770","128,942","46,090","162,027","22,480","100,827","123,210","334,575","126,370","263,050","25,710","21,931","16,160","15,908","444,150","956,939","477,510","1,144,731",190,261,10,3,"130,940","185,802","465,380","1,286,591","462,320","1,273,050","4,460","13,541"
MD,5,"445,030","258,170","83,640","78,660","409,060","18,270","214,330","289,110","4,800","735,090","7,220","3,000",20,"4,200",80,"63,310","117,820","27,480,378","445,030","27,703,050","378,880","22,221,670","141,100","184,854","9,280","26,987","63,980","231,508","58,800","141,726","36,860","50,436","74,640","358,428","53,040","102,151","36,310","517,007","87,710","2,451,207","1,240","8,400","49,921","76,350","1,378,439","12,250","96,641","14,330","-34,398","94,910","222,672","14,210","3,989",930,"11,331","6,010","33,372","9,710","43,122","30,970","27,069","369,130","6,762,649","369,130","6,616,267","69,060","146,382","75,890","1,994,362","27,220","436,501","69,020","300,177","5,640","10,374","56,100","254,679","75,380","530,747","75,550","530,922","8,590","12,766","53,130","515,903","1,200","9,694","2,080","3,700",590,"2,523","58,300","449,325","3,700","43,793","58,260","126,558","443,170","18,650,860","442,410","2,229,911",30,313,"16,330","24,442","168,210","331,426","19,180","2,231","18,820","12,481","27,220","32,586","30,310","5,250","119,600","255,676","4,270","10,600","6,750","6,047","40,830","121,999","16,360","72,568","20,130","95,288","436,010","2,583,123","12,120","11,190",0,0,0,0,"5,970","4,122","6,150","7,068","9,810","8,495","32,260","62,071","14,910","13,273","4,720","6,898","407,680","1,898,486","416,560","2,033,541",210,188,20,5,"124,620","248,843","318,790","793,982","315,060","773,563","5,280","20,419"
MD,6,"317,090","157,810","94,100","47,260","291,270","12,430","161,770","187,020","4,280","563,320","2,870",460,0,"2,400",0,"34,720","101,550","27,537,467","317,090","27,716,064","263,990","21,143,805","140,960","224,311","11,090","34,743","68,270","305,338","63,110","192,659","42,400","59,449","56,510","305,054","56,540","151,508","37,310","673,723","80,250","3,002,984","1,120","5,270","29,948","67,650","1,604,493","12,160","142,086","15,670","-25,786","67,900","178,597","11,440","3,289","1,050","13,894","5,170","33,738","5,510","30,140","19,060","10,844","227,390","4,636,163","227,390","4,514,054","55,290","122,108","89,700","2,454,012","23,030","394,455","84,800","503,503","4,200","9,127","73,940","349,288","89,370","762,704","89,510","752,146","9,150","11,582","70,520","700,892","1,360","11,196","3,040","4,648",810,"3,449","69,780","541,601","3,740","44,041","52,580","128,727","316,130","20,348,322","315,740","2,786,860",40,418,"7,820","17,441","122,500","282,036","22,510","3,318","13,700","9,036","15,520","16,893",0,0,"89,400","219,734","3,910","14,644","7,770","7,279","30,720","101,401","6,780","25,462","8,900","41,759","312,700","2,998,158",0,0,0,0,0,0,0,0,0,0,0,0,"7,100","13,202","8,980","7,277","1,740","3,465","307,810","2,504,825","310,230","2,621,576",470,349,20,28,"108,880","284,989","207,210","656,522","203,000","634,270","5,740","22,252"
MD,7,"624,880","186,830","353,560","58,020","576,520","23,890","325,240","332,140","11,310","1,373,810","2,850",370,10,"2,470",0,"47,910","218,400","87,558,352","624,880","88,140,144","528,970","65,720,149","374,460","895,291","40,190","160,926","211,650","1,466,353","197,390","992,920","54,600","86,868","125,470","1,265,955","177,070","846,540","99,730","2,720,770","184,630","9,462,631","2,940","9,850","56,328","142,150","4,382,520","40,100","803,266","43,150","75,788","153,430","581,792","29,990","9,478","5,160","89,525","13,790","115,986","13,300","81,920","34,290","27,027","405,830","9,954,636","405,830","9,685,036","111,780","269,600","219,040","6,976,792","39,470","835,270","208,950","2,043,452","8,980","26,240","191,970","1,069,649","218,570","2,095,822","218,780","2,059,715","20,920","22,100","184,150","2,198,303","3,630","30,101","9,650","13,804","3,470","20,005","178,950","1,672,724","9,050","145,905","150,260","488,123","623,910","70,172,625","623,390","10,847,240",220,"3,205","7,710","24,238","307,280","812,317","77,690","15,954","44,390","28,836","31,500","38,315",0,0,"223,760","605,426","8,400","48,825","24,220","24,445","74,270","304,567","4,080","14,400","8,300","37,152","620,120","10,997,270",0,0,0,0,0,0,0,0,0,0,0,0,"3,880","9,572","20,400","18,112","1,240","2,867","619,500","10,034,923","620,940","10,398,655","19,660","5,370","7,030","1,238","249,610","1,008,643","373,650","1,589,886","358,380","1,471,399","20,630","118,487"
MD,8,"284,340","30,920","240,550","8,680","264,820","11,150","158,690","104,010","8,050","787,960",310,60,0,250,0,"9,000","96,580","80,616,057","284,340","81,378,550","251,600","58,910,657","224,620","1,137,193","40,880","275,206","163,160","2,257,309","154,970","1,538,101","9,660","23,571","67,340","2,137,562","145,070","2,109,662","56,560","2,720,435","84,780","6,263,477","1,750","3,410","21,370","54,890","2,097,900","43,880","2,930,260","27,080","209,478","78,440","762,493","13,880","4,293","9,790","279,365","13,460","170,085","3,370","29,126",0,0,"162,450","4,402,621","162,450","4,294,879","43,430","107,741","121,890","4,989,856","10,360","376,167","114,580","2,462,938","6,790","21,013","113,280","934,949","121,730","1,208,675","121,800","1,206,495","10,910","10,078","108,240","1,815,432","2,130","21,908","8,330","7,527","5,740","52,119","105,730","1,318,864","5,330","189,069","120,050","809,189","284,190","70,423,679","284,090","13,439,748",420,"5,343","1,370","6,701","185,770","540,142","74,170","37,988","37,580","22,210",0,0,0,0,"129,600","373,721","3,720","31,791","15,020","16,454","49,170","354,624",0,0,"1,390","6,898","283,100","13,274,316",0,0,0,0,0,0,0,0,0,0,0,0,630,"1,417",0,0,0,0,"283,860","12,899,606","284,160","13,535,787","141,440","104,130","144,030","116,918","151,110","1,414,560","132,420","1,127,380","112,460","793,628","24,880","333,752"
MD,9,"33,480","2,960","29,370",730,"31,610","1,230","26,100","6,760","1,230","98,010",0,0,0,0,0,240,"12,400","22,263,897","33,480","22,654,949","29,270","13,335,188","31,170","521,284","10,430","151,064","27,090","1,059,351","26,170","712,467",990,"4,850","9,790","895,262","26,120","1,465,040","7,620","580,977","7,530","709,784",330,270,"2,193","6,280","274,715","14,620","3,373,985","6,180","93,403","14,210","391,052",560,162,"4,050","191,861","4,840","85,677",420,"4,897",0,0,"13,020","354,844","13,020","344,263","4,220","10,581","20,460","1,180,439",550,"43,978","18,880","989,360","1,430","3,825","19,220","246,586","20,440","203,513","20,450","205,118",980,945,"17,430","350,842",490,"8,280","1,780",844,"3,030","57,020","18,490","412,961","1,290","97,409","21,270","353,396","33,460","20,377,166","33,460","5,092,362",330,"5,075",130,675,"20,100","63,823","16,330","33,335","4,020","2,342",0,0,0,0,300,367,380,"5,009","1,520","1,897","10,350","140,402",0,0,130,675,"33,260","5,250,558",0,0,0,0,0,0,0,0,0,0,0,0,0,0,0,0,0,0,"33,440","5,028,539","33,470","5,372,956","25,750","81,767","29,780","105,124","18,130","649,437","15,200","514,327","7,690","178,357","8,700","335,970"
MD,10,"13,290","1,190","11,600",300,"12,600",440,"12,130","1,860",480,"38,890",0,0,0,0,0,30,"5,390","37,103,420","13,290","37,529,183","11,060","10,543,777","12,940","1,296,176","6,300","268,983","11,900","3,611,251","11,560","2,833,531",540,"7,306","3,770","805,187","11,860","8,562,611","2,740","255,070","2,330","214,688",190,40,356,"2,430","107,890","9,610","11,098,194","3,880","137,645","7,480","425,763",110,30,"2,630","211,494","3,690","78,772",210,"2,525",0,0,"3,370","91,263","3,370","88,484","1,110","2,779","9,920","1,864,134",70,"9,075","9,320","1,738,304",470,"1,015","9,160","188,053","9,910","98,855","9,910","100,832",260,684,"7,210","149,522",340,"7,422",820,287,"3,320","213,104","9,400","1,178,460","1,450","199,741","10,440","1,332,241","13,280","33,823,979","13,280","9,911,275",990,"24,962",40,232,"9,520","488,922","8,530","426,422",900,593,0,0,0,0,0,0,160,"2,869",400,494,"5,490","193,947",0,0,40,241,"13,230","10,668,887",0,0,0,0,0,0,0,0,0,0,0,0,0,0,0,0,0,0,"13,270","9,422,353","13,290","10,143,336","10,200","107,972","12,500","393,974","5,260","952,391","7,970","1,460,670","2,270","204,708","6,390","1,255,962"
MA,0,"3,595,730","1,962,380","1,167,700","376,860","3,358,690","129,100","2,026,550","2,003,900","55,290","6,132,760","56,810","26,690",90,"30,020","6,700","339,770","1,005,870","435,733,030","3,581,230","440,185,460","2,924,310","289,455,747","1,513,270","9,326,347","218,900","2,150,626","975,190","17,287,900","902,430","11,115,231","80,800","84,336","626,060","13,853,495","818,970","28,359,707","421,420","11,707,689","631,030","20,320,903","4,710","224,340","2,140,199","569,980","12,283,480","196,850","29,984,170","228,390","1,037,633","850,030","4,452,430","99,850","29,982","39,350","1,190,739","94,030","954,946","52,790","293,576","195,260","168,866","3,130,460","59,448,480","3,130,460","58,000,465","644,380","1,448,016","425,580","19,206,679","82,870","2,248,353","386,090","7,642,157","35,140","53,018","371,740","3,619,630","423,830","3,785,439","424,280","3,805,097","209,660","113,759","342,260","5,282,134","7,510","102,065","11,210","11,541","24,870","1,290,897","315,410","5,696,325","24,170","741,853","724,030","5,708,260","2,989,270","357,295,201","2,977,560","72,367,264","4,740","104,951","100,610","138,938","1,310,290","3,417,143","380,910","704,842","150,830","88,679","153,150","174,183","138,790","26,697","763,230","1,706,562","28,410","176,721","90,120","93,119","494,580","2,263,819","133,760","533,793","149,350","640,182","3,364,040","78,298,967","343,850","800,463","112,590","39,451","120,320","303,616","77,400","306,902","33,540","150,494","287,460","679,462","221,660","395,465","105,100","95,316","45,770","60,658","2,769,930","68,950,192","2,923,940","73,480,525","295,230","613,986","294,190","1,389,390","1,057,490","7,299,055","2,395,080","11,967,827","2,293,290","7,313,487","128,140","4,654,337"
MA,1,"39,580","27,440","8,500","2,210","25,990","7,490","21,580","9,960",700,"54,050",600,390,0,210,0,"1,060","18,630","-1,885,088","25,080","-1,795,458","6,540","331,244","11,570","74,625","1,390","14,417","7,880","62,946","7,020","35,097",330,622,"11,970","-297,719","10,490","137,727","2,170","28,656","2,800","31,785",350,510,"5,959",90,365,"4,910","-814,269","7,010","-171,501","5,470","89,630",150,42,80,"1,691","1,260","11,030",250,"1,460","1,220","1,466",0,0,0,0,0,0,0,0,0,0,0,0,0,0,0,0,0,0,0,0,0,0,0,0,0,0,0,0,0,0,0,0,0,0,0,0,0,0,520,"1,441",40,"1,112",440,173,170,265,10,0,10,4,20,8,10,8,70,68,10,18,0,0,"3,050","9,132","1,820","11,448","1,970","11,012","14,760","108,809","2,120","2,737","1,460",402,350,937,220,909,100,489,"1,390","1,953","1,170","2,940","1,330","1,304","1,030","1,536",400,"1,177","4,120","12,778",300,443,0,0,"2,240","4,496","13,760","100,383","12,830","75,894","1,250","24,489"
MA,2,"360,600","312,380","23,820","19,370","316,440","27,140","182,160","170,820","2,240","291,210","14,570","6,240",0,"8,340","2,300","22,150","85,360","1,769,446","360,600","1,810,921","232,040","1,334,044","80,400","56,279","4,600","7,121","41,650","63,210","37,110","35,326","1,410","1,017","68,420","195,272","30,230","-5,211","20,250","79,440","35,340","146,526",230,"4,400","20,072","3,450","6,727","2,970","-28,936","8,780","-11,552","58,850","41,475",590,147,110,671,"2,680","9,918",790,"2,801","3,910","3,870","355,320","4,336,654","355,320","4,192,327","70,020","144,327","5,240","141,847","3,860","81,448","1,670","4,547","2,850","1,692","3,520","25,336","4,990","26,599","5,010","26,587","1,960",809,"2,630","28,302",50,525,100,55,110,294,"2,550","2,895",130,777,"1,880",216,"12,170","22,793","10,440","3,141",20,191,"1,500",605,"2,790",401,"1,930",122,0,0,300,105,90,18,220,91,0,0,30,11,"52,710","35,064","5,790","28,189","6,190","28,145","249,310","191,684","77,050","69,128","55,110","21,683","13,380","26,489","5,870","13,873","2,700","7,083","62,860","58,557","17,010","11,560","8,320","7,715","2,590","2,776","9,600","2,742","64,200","38,848",20,11,0,0,"45,690","22,565","230,860","175,172","228,920","170,138","2,380","5,033"
MA,3,"444,980","330,890","41,520","63,610","414,520","16,260","238,950","307,770","3,380","547,850","13,140","6,710",20,"6,410","2,470","65,500","106,060","7,605,021","444,980","7,736,013","329,290","5,420,081","97,070","128,348","6,990","14,875","51,390","144,749","46,240","80,023","2,730","1,930","90,300","823,369","40,160","31,022","34,970","274,491","59,950","601,110",370,"21,100","142,445","55,150","143,606","6,680","-18,494","15,340",30,"93,010","130,992","2,860",757,390,"3,090","5,070","20,930","2,820","10,762","10,870","10,680","434,910","7,088,788","434,910","6,919,576","80,650","169,212","10,050","281,255","7,120","148,494","5,070","11,772","4,230","3,127","7,110","50,436","9,770","55,618","9,790","56,077","4,200","1,676","5,130","55,676",100,998,150,76,240,960,"5,720","13,682",420,"4,329","36,750","23,233","246,350","1,210,669","242,650","121,676",0,0,"5,130","1,906","71,750","23,096","6,740",457,"1,600",392,"19,160","9,508","22,640","4,771","23,170","7,103",480,231,810,308,"76,580","140,046","20,100","92,020","20,240","87,353","400,760","975,548","132,610","388,274","56,030","17,366","42,770","162,338","24,190","143,919","9,630","64,651","110,580","330,931","70,220","127,593","17,070","15,236","10,390","10,703","192,640","98,581","248,020","241,873",60,85,20,5,"58,300","78,217","365,400","810,030","362,360","797,523","4,240","12,507"
MA,4,"663,410","447,080","80,400","117,210","625,030","20,060","356,050","451,220","6,200","975,940","14,940","8,400",60,"6,490","1,780","101,080","147,360","24,928,146","663,410","25,197,454","556,490","19,872,483","162,680","233,459","12,000","32,991","82,070","282,080","74,270","159,493","8,530","5,848","96,040","1,106,580","64,140","101,108","50,250","583,606","91,750","1,578,038",520,"50,880","396,468","99,600","868,476","13,050","87,942","26,500","-59,776","130,540","269,308","11,500","3,105","1,230","12,111","10,390","45,424","9,540","39,564","39,440","37,319","638,490","10,907,120","638,490","10,690,834","100,990","216,286","24,900","699,275","13,200","284,990","18,940","45,891","5,140","5,579","17,700","116,657","24,540","150,590","24,610","153,955","11,280","6,857","14,580","165,439",320,"3,217",410,734,430,"1,676","15,720","61,860","1,590","25,233","87,600","139,816","647,460","13,309,847","643,280","1,458,549",20,490,"40,160","27,057","255,340","271,723","23,190","2,240","17,150","8,973","45,450","52,698","85,680","16,624","143,170","177,586","3,180","4,537","5,030","3,492","71,940","199,357","61,180","239,304","60,440","252,729","637,610","2,473,943","121,490","330,845",0,0,"63,820","113,852","41,280","144,200","16,390","72,793","104,370","280,952","99,570","192,569","25,070","21,824","20,320","23,156","526,170","1,186,826","554,050","1,394,792",140,154,0,0,"142,840","207,970","513,710","1,282,620","508,410","1,258,606","7,470","24,014"
MA,5,"545,460","355,250","93,790","76,570","515,650","15,280","292,750","350,130","6,670","822,580","7,960","3,660",0,"4,310",150,"65,930","143,390","33,706,607","545,460","34,009,450","465,490","26,590,307","187,980","309,466","16,030","48,088","100,990","390,619","92,060","224,565","16,110","8,938","70,730","941,784","78,070","161,034","53,750","814,206","96,100","2,529,341",500,"37,110","350,642","93,140","1,614,215","13,720","179,128","29,510","-58,347","131,850","302,843","16,590","4,639","1,620","19,483","9,910","57,614","11,560","52,039","57,200","52,508","502,410","8,892,897","502,410","8,687,280","94,930","205,618","43,040","1,153,612","14,680","321,006","37,760","126,776","4,670","6,225","35,120","215,139","42,810","311,679","42,880","314,740","21,550","11,783","31,590","350,333",720,"7,835",840,"1,247",580,"2,554","28,110","112,082","2,630","43,074","82,740","186,450","543,730","23,538,550","542,490","2,838,071",30,372,"26,800","39,291","182,810","324,880","33,410","4,203","14,450","8,197","31,420","39,451","30,360","5,276","114,860","238,244","4,110","11,085","9,250","8,017","51,650","167,536","27,180","101,055","31,710","134,908","534,650","3,339,161","10,580","9,479",0,0,0,0,"5,840","4,001","4,730","5,478","8,260","7,069","25,140","42,882","16,220","14,914","6,740","11,102","513,780","2,513,204","521,850","2,694,173",140,179,10,7,"146,550","282,630","396,740","921,860","390,420","891,394","8,710","30,466"
MA,6,"378,970","208,850","115,020","42,160","357,990","10,530","214,140","212,710","5,970","634,920","2,940",750,0,"2,190",0,"32,420","120,990","32,840,017","378,970","33,093,353","319,440","24,668,638","175,170","365,029","18,310","62,477","102,780","487,673","94,430","285,125","18,320","9,933","54,390","875,556","80,450","231,874","52,470","1,063,820","83,780","2,792,103",500,"26,270","271,499","83,410","1,935,503","14,000","230,846","27,240","-11,487","92,700","253,336","14,010","4,064","1,840","26,206","8,650","60,308","6,520","35,124","32,670","18,976","326,830","6,462,350","326,830","6,282,182","79,400","180,168","52,130","1,383,324","12,450","287,295","48,210","210,616","3,480","5,352","45,720","277,853","51,970","432,563","52,030","432,476","28,010","12,238","41,960","462,862",880,"9,201","1,180","1,398",680,"3,556","35,500","142,925","2,670","42,845","76,150","201,818","378,030","24,831,853","377,490","3,437,304",40,283,"12,280","25,066","135,920","277,165","37,250","5,728","11,220","6,609","17,920","20,763",0,0,"86,200","205,165","3,710","15,490","10,770","9,961","40,830","152,163","10,430","39,193","13,720","61,928","373,460","3,726,602",0,0,0,0,0,0,0,0,0,0,0,0,"4,960","8,865","10,360","8,974","2,550","5,388","371,110","3,160,139","373,310","3,326,593",220,217,30,15,"134,210","330,290","243,310","723,764","236,410","686,196","9,200","37,568"
MA,7,"700,180","219,060","421,230","43,590","662,010","19,770","414,890","353,960","14,480","1,524,160","2,390",480,20,"1,900",0,"41,750","243,810","98,269,106","700,180","99,117,762","601,080","72,597,809","421,180","1,261,005","57,270","253,360","274,600","1,965,206","254,250","1,196,997","24,840","18,067","125,700","2,862,296","225,710","1,313,906","123,160","3,952,961","174,190","7,533,923","1,200","54,850","591,722","161,200","4,888,917","45,940","1,229,044","58,280","288,024","192,150","848,656","34,970","11,378","8,230","146,802","22,670","205,817","15,500","97,741","49,960","44,047","572,960","13,797,273","572,960","13,425,481","152,780","371,792","127,220","3,957,220","22,480","637,060","120,640","851,210","6,010","11,572","115,340","811,218","126,940","1,190,663","127,070","1,184,206","65,080","29,118","106,920","1,448,682","2,200","24,109","3,410","4,189","3,160","20,384","92,240","504,721","6,690","132,455","201,540","775,312","699,220","79,781,612","698,520","12,289,380",370,"4,010","11,980","35,217","348,080","877,479","110,200","30,604","46,410","28,793","38,880","51,650",0,0,"231,450","615,214","9,250","63,185","34,590","35,451","97,690","477,738","7,250","22,584","12,730","54,157","693,490","12,564,090",0,0,0,0,0,0,0,0,0,0,0,0,"3,010","7,676","26,740","25,349","2,150","5,997","694,480","11,411,902","696,090","11,944,851","15,110","3,686","4,760","1,348","284,250","1,153,828","413,800","1,750,548","390,720","1,565,627","30,560","184,921"
MA,8,"368,850","52,010","302,380","10,180","351,150","10,170","230,190","131,400","12,010","1,004,590",260,60,0,200,0,"9,490","110,150","108,127,103","368,850","109,277,896","331,790","81,010,840","289,560","1,665,255","64,750","478,235","233,150","3,444,159","219,600","2,213,143","6,310","9,108","82,900","3,868,996","210,410","3,703,099","67,170","3,622,061","72,800","4,080,803",730,"25,640","314,872","60,170","2,251,994","55,430","3,850,349","36,050","462,893","106,800","1,150,793","17,780","5,437","14,570","407,428","20,350","284,907","4,740","41,930",0,0,"258,940","6,871,657","258,940","6,735,029","55,820","136,628","109,910","4,397,429","8,150","388,617","103,580","1,668,506","5,990","12,691","100,600","1,101,000","109,750","1,088,607","109,830","1,089,201","54,140","30,159","96,480","1,848,735","1,880","27,801","3,460","3,127","6,810","75,607","88,070","778,101","5,370","177,929","173,930","1,210,004","368,650","95,669,219","368,530","18,589,752","1,020","18,118","2,080","8,563","250,420","740,608","114,890","78,706","48,720","29,042",0,0,0,0,"163,650","462,661","5,930","58,569","24,650","29,326","70,820","541,998",0,0,"2,100","8,871","366,790","18,431,113",0,0,0,0,0,0,0,0,0,0,0,0,590,"1,380",0,0,0,0,"368,180","17,849,144","368,640","18,810,976","204,260","168,519","203,660","186,840","193,420","1,964,746","174,250","1,547,981","144,870","1,049,223","36,120","498,757"
MA,9,"66,250","6,640","57,440","1,410","63,530","1,730","50,940","12,410","2,580","196,250",0,0,0,0,0,350,"20,100","44,351,516","66,250","44,974,630","59,100","29,190,680","60,980","971,298","22,990","332,847","55,500","2,257,153","53,130","1,435,972","1,340","7,376","18,030","1,756,533","54,160","3,242,680","12,380","880,647","10,170","690,103",180,"3,010","39,061","9,540","393,764","22,860","4,590,264","11,380","195,047","25,050","623,114","1,190",350,"6,730","287,101","7,290","134,565",730,"8,029",0,0,"32,320","869,562","32,320","851,060","7,570","18,502","33,930","1,813,359",800,"72,526","31,880","1,161,863","1,980","4,691","30,510","522,630","33,910","338,119","33,920","339,635","15,500","11,894","29,210","629,694",770,"15,500","1,120",485,"5,230","97,868","29,500","534,826","1,980","117,144","42,240","538,373","66,220","41,138,335","66,210","10,328,344",810,"17,273",200,918,"42,440","163,556","34,720","89,942","9,150","5,311",0,0,0,0,450,430,"1,290","15,815","4,010","5,258","18,790","227,007",0,0,200,937,"65,870","10,321,966",0,0,0,0,0,0,0,0,0,0,0,0,0,0,0,0,0,0,"66,160","10,164,789","66,230","10,815,223","53,390","178,818","59,590","218,376","38,540","1,371,102","27,360","850,496","14,130","301,787","15,310","548,708"
MA,10,"27,450","2,790","23,610",560,"26,380",680,"24,890","3,520","1,060","81,200",0,0,0,0,0,40,"10,010","86,021,156","27,450","86,763,439","23,050","28,439,621","26,680","4,261,583","14,580","906,215","25,180","8,190,105","24,340","5,449,490",890,"21,497","7,580","1,720,828","25,140","19,442,468","4,850","407,801","4,140","337,171",110,570,"7,459","4,230","179,913","17,280","20,678,296","8,310","404,302","13,590","742,283",220,63,"4,550","286,156","5,740","124,433",360,"4,126",0,0,"8,280","222,179","8,280","216,696","2,240","5,483","19,170","5,379,358",140,"26,917","18,350","3,560,976",780,"2,089","16,130","499,361","19,160","191,001","19,160","208,220","7,940","9,225","13,750","292,411",590,"12,879",540,230,"7,630","1,087,998","18,020","3,545,233","2,710","198,067","21,200","2,633,038","27,440","77,792,323","27,440","23,299,606","2,400","63,102",40,142,"20,580","737,970","18,590","492,840","2,130","1,358",0,0,0,0,0,0,440,"7,791",970,"1,295","10,520","313,778",0,0,40,142,"27,340","26,166,051",0,0,0,0,0,0,0,0,0,0,0,0,0,0,0,0,0,0,"27,410","22,561,688","27,450","24,200,418","21,600","261,874","26,110","982,799","11,460","1,883,211","15,900","3,804,973","4,230","517,099","12,910","3,287,874"
MI,0,"4,872,330","2,504,510","1,718,020","549,290","4,576,990","145,820","2,622,810","3,002,110","65,350","8,762,940","89,680","54,730",80,"34,870","9,300","633,120","1,513,640","398,113,620","4,848,200","401,612,840","3,757,530","263,756,532","1,657,460","6,836,438","181,870","1,242,748","992,740","11,344,391","910,210","7,815,920","76,970","66,902","805,900","9,612,117","865,590","15,872,692","620,080","15,029,842","1,086,710","27,751,366","37,460","149,050","649,847","938,860","18,273,166","244,670","29,093,831","207,960","1,565,432","1,001,040","3,499,220","88,840","26,813","22,040","611,261","95,190","753,054","69,500","372,209","239,050","186,182","4,523,880","89,013,355","4,523,880","86,609,627","1,069,100","2,403,729","287,770","13,838,873","71,720","1,644,181","250,020","3,433,221","33,100","56,566","245,450","1,823,346","285,260","2,318,672","285,680","2,362,643","149,850","88,650","205,680","2,368,160","5,430","47,729","6,770","6,660","13,740","583,921","218,980","4,036,226","29,270","2,756,768","732,560","6,630,626","3,799,210","298,760,545","3,794,600","52,639,044","2,470","46,380","111,700","158,815","1,705,960","3,639,002","333,780","382,944","137,580","81,643","209,350","231,236","318,920","66,879","1,060,930","2,424,721","16,940","65,623","114,730","86,307","578,920","1,926,335","171,680","989,551","189,050","1,121,500","4,485,820","59,593,237","696,160","1,937,719","193,150","68,403","238,150","648,546","160,620","697,215","104,240","523,555","608,940","1,648,885","477,670","941,876","170,850","152,582","55,650","61,148","3,395,220","49,000,065","3,657,030","52,041,930","160,270","260,335","171,110","619,665","1,136,270","5,657,866","3,437,020","13,130,942","3,335,780","10,099,606","132,040","3,031,339"
MI,1,"60,600","41,160","15,270","2,690","40,040","10,860","31,970","16,210","1,060","84,810",530,340,0,190,20,"2,400","32,000","-2,354,181","36,480","-2,313,162","9,780","395,575","15,590","98,321","1,560","10,474","9,840","59,264","8,740","32,418",320,754,"17,430","-555,748","15,560","131,665","3,310","40,859","5,420","59,660","2,950",530,"3,871",110,324,"7,310","-1,024,121","6,380","-98,732","7,060","41,019",190,53,60,928,"1,620","9,796",280,"1,639","1,390","1,485",0,0,0,0,0,0,0,0,0,0,0,0,0,0,0,0,0,0,0,0,0,0,0,0,0,0,0,0,0,0,0,0,0,0,0,0,0,0,"1,650","2,044",30,"1,367","1,560",347,400,356,50,1,0,0,60,14,30,11,160,61,0,0,30,4,"3,800","8,885","4,950","38,440","5,190","37,066","23,270","135,242","3,190","4,688","2,070",582,550,"1,471",330,"1,431",240,"1,204","2,160","3,460","1,650","4,737","2,120","1,964","2,690","3,486","1,310","1,689","5,970","12,428",240,259,0,0,"3,430","4,382","21,970","127,112","20,770","100,182","1,710","26,930"
MI,2,"590,880","496,020","56,010","32,300","544,980","23,330","294,550","269,030","3,760","559,310","34,730","22,010",0,"12,730","3,670","46,000","212,830","2,715,941","590,870","2,776,032","334,830","1,945,677","149,790","75,840","5,940","7,174","56,730","77,818","50,210","41,476","1,630",902,"79,200","170,112","46,820","-11,207","38,440","148,269","88,650","409,801","2,040","4,900","27,049","5,740","10,672","5,760","-42,889","10,940","3,769","68,640","60,091",670,171,140,"1,060","4,090","12,230","1,190","4,299","4,650","3,920","587,060","8,008,422","587,060","7,644,090","177,340","364,332","3,770","89,179","2,890","56,329","1,210","2,429","1,900","1,328","2,140","10,799","3,480","12,823","3,490","13,152","1,180",583,"1,480","13,212",40,282,50,54,80,533,"1,750","2,735",140,"1,757","1,310",195,"10,620","19,363","13,560","3,806",0,0,"6,270","1,971","3,390",426,"1,440",63,20,10,280,63,270,48,480,162,30,11,140,47,"60,770","43,511","16,550","104,964","17,150","105,982","364,780","315,481","134,930","130,621","94,200","37,181","25,000","52,313","10,350","25,717","5,380","15,410","113,000","111,351","31,210","22,341","15,410","13,848","6,050","4,531","12,130","3,383","76,630","48,523",20,50,10,1,"45,730","21,296","339,880","288,114","337,630","282,179","3,010","5,936"
MI,3,"808,800","546,690","100,300","149,520","761,390","22,770","412,560","611,620","6,090","1,200,020","20,770","12,610",20,"8,140","3,490","171,570","221,680","13,918,131","808,800","14,122,177","575,500","9,643,464","154,900","165,290","9,720","16,654","76,790","178,777","69,040","96,915","2,820","1,765","182,770","1,230,492","66,120","39,650","69,120","535,203","160,110","1,801,634","3,550","22,050","124,916","137,680","341,988","12,720","-4,536","17,840","21,739","164,900","204,046","3,320",877,320,"2,339","8,000","23,807","4,490","15,814","14,310","12,036","800,070","13,768,457","800,070","13,378,362","182,780","390,094","8,710","234,804","6,610","136,235","3,960","7,230","3,960","3,378","5,480","26,272","8,380","34,181","8,410","35,999","3,330","1,716","3,690","30,661",90,478,120,111,150,822,"4,960","19,536",650,"9,121","52,500","31,664","415,670","2,002,411","414,920","202,700",10,683,"13,730","5,293","143,540","44,182","8,490",334,"3,350",864,"33,360","15,296","49,220","10,373","52,910","15,846",600,248,"2,840","1,099","141,850","255,648","38,390","221,527","39,290","220,474","742,050","2,177,656","296,210","1,060,830","96,880","30,640","98,350","378,799","61,820","377,997","39,160","273,394","261,570","890,539","178,630","341,489","39,370","34,986","15,490","12,745","311,940","158,520","434,260","420,132",80,98,0,0,"77,200","79,677","690,110","1,835,121","686,220","1,820,379","5,750","14,743"
MI,4,"1,093,580","677,370","195,340","191,420","1,035,110","27,490","540,490","788,710","10,060","1,770,190","21,390","14,180",50,"7,170","1,960","209,090","275,660","40,389,373","1,093,580","40,716,886","898,390","31,853,964","237,720","306,604","16,520","35,673","121,570","357,603","109,790","204,941","8,120","4,890","148,630","878,300","102,090","149,216","99,920","1,123,464","211,360","3,586,171","5,700","44,920","200,697","219,100","1,965,937","23,390","110,719","27,610","20,007","172,380","327,513","12,640","3,472",870,"8,436","13,050","48,286","15,030","57,767","49,460","38,493","1,070,020","19,219,039","1,070,020","18,764,896","202,810","454,144","23,540","661,870","14,380","293,674","16,220","34,888","6,370","7,681","15,900","76,027","23,100","112,532","23,160","130,117","11,600","7,827","11,540","97,477",380,"2,491",360,510,300,"1,817","15,740","98,086","2,030","32,472","116,020","165,024","1,057,350","20,505,841","1,051,590","2,221,683",30,563,"38,930","27,505","451,140","446,612","32,330","2,240","22,240","13,807","61,880","66,930","191,760","42,264","252,590","305,803","3,140","3,831","15,030","9,661","92,720","244,310","62,800","338,335","64,040","354,684","1,060,940","4,101,242","236,050","714,837",0,0,"114,240","215,963","76,210","282,654","45,610","216,219","210,790","622,189","194,580","425,829","39,280","33,423","19,620","20,942","832,500","1,775,084","881,030","2,037,912",170,180,10,4,"213,170","241,282","869,520","2,300,350","861,940","2,270,219","11,200","30,132"
MI,5,"709,390","378,750","216,500","89,760","670,600","18,080","376,860","473,240","8,970","1,247,330","7,970","4,420",10,"3,530",170,"96,960","216,290","43,693,400","709,390","44,027,422","585,650","32,906,911","226,610","361,176","19,570","53,074","125,640","469,976","114,200","277,563","13,040","7,228","94,120","827,679","105,530","240,843","93,750","1,438,446","171,260","4,041,038","5,110","25,970","103,759","169,470","3,219,437","22,340","191,772","27,050","23,979","147,540","334,022","14,730","4,181","1,150","13,243","11,160","55,074","14,720","68,898","55,660","43,942","674,640","13,209,745","674,640","12,864,864","153,050","344,881","34,750","954,504","14,480","298,906","28,680","84,524","5,410","8,161","27,910","133,245","34,390","213,480","34,480","226,241","19,550","11,978","22,720","197,284",670,"4,541",630,777,420,"2,968","23,940","168,695","2,980","53,094","102,660","212,889","707,790","29,353,786","706,340","3,452,873",30,248,"22,320","33,124","273,000","505,569","41,230","4,013","16,260","9,480","33,390","42,452","77,640","14,183","178,100","405,578","3,570","8,633","19,980","14,701","62,760","188,540","26,590","165,014","30,160","192,285","698,310","4,120,641","25,780","26,743",0,0,0,0,"11,920","9,416","13,860","17,328","21,420","21,346","54,190","112,350","19,870","17,836","7,300","10,980","649,220","2,947,304","664,640","3,159,196",150,133,10,4,"182,120","323,482","524,920","1,279,646","515,680","1,241,609","12,990","38,037"
MI,6,"474,750","178,100","241,860","42,540","448,310","12,680","270,890","283,840","7,520","977,430","2,360",720,0,"1,640",0,"45,560","165,730","41,161,530","474,750","41,449,784","389,860","29,728,556","196,630","386,944","19,700","60,518","116,440","530,552","106,520","323,491","15,240","8,670","71,440","821,245","98,810","316,081","82,330","1,692,199","135,620","4,015,700","4,520","19,120","71,194","131,760","3,355,807","21,610","244,386","24,940","38,406","108,810","288,254","12,310","3,668","1,330","17,362","9,140","55,079","9,460","52,404","37,120","23,981","436,310","9,836,446","436,310","9,572,261","114,880","264,186","38,440","1,055,644","11,090","240,673","34,040","129,041","3,950","6,934","33,340","166,733","38,160","282,523","38,220","286,863","23,050","11,525","28,180","247,358",710,"5,329",830,"1,096",550,"3,046","27,210","200,024","3,370","69,126","89,960","229,302","474,100","30,057,729","473,470","3,917,957",40,410,"12,120","26,289","197,400","478,055","41,050","5,519","16,240","9,640","23,670","29,396",0,0,"141,710","399,677","2,690","9,760","18,540","13,936","50,180","168,576","12,700","73,002","14,860","97,476","469,830","4,236,467",0,0,0,0,0,0,0,0,0,0,0,0,"13,060","23,913","14,820","13,031","2,740","4,657","459,640","3,439,902","464,130","3,633,066",220,195,20,4,"156,350","367,089","317,140","964,543","307,560","920,820","12,770","43,722"
MI,7,"820,010","152,860","621,850","33,810","777,440","21,770","478,200","450,070","16,980","2,043,990","1,820",430,0,"1,390",0,"54,000","283,800","112,767,563","820,010","113,596,149","689,350","81,065,599","436,950","1,207,070","53,780","216,920","290,470","2,663,560","267,770","1,971,489","28,180","20,278","142,170","2,406,359","248,310","1,540,946","165,810","5,544,703","240,040","9,437,519","9,400","26,590","96,842","212,050","6,963,237","65,140","1,609,945","54,680","269,635","231,930","828,586","35,020","11,391","5,660","93,713","21,330","174,836","18,960","117,302","76,460","62,325","728,200","18,820,395","728,200","18,362,589","186,330","457,806","91,810","2,997,303","17,730","439,585","85,050","508,041","6,030","12,614","83,430","493,208","91,270","813,246","91,390","815,193","53,430","27,646","71,470","737,398","1,720","12,502","2,320","2,317","2,280","16,514","70,070","696,927","9,070","273,502","213,930","822,373","819,560","90,140,692","818,990","13,035,696",210,"2,069","13,590","46,077","434,790","1,187,038","110,690","26,977","53,920","32,908","56,700","77,085",0,0,"318,330","950,584","4,740","23,567","41,460","32,574","103,610","443,185","9,700","48,269","15,100","93,762","814,230","13,454,353",0,0,0,0,0,0,0,0,0,0,0,0,"3,940","10,135","39,980","37,494","1,770","3,807","814,690","11,848,660","816,260","12,368,463","9,060","2,442","2,540",678,"305,790","1,141,493","512,540","2,209,631","484,680","2,010,404","36,820","199,227"
MI,8,"263,110","27,970","226,880","6,090","250,190","7,350","172,880","99,850","8,660","734,470",110,30,0,80,0,"7,320","86,100","74,339,641","263,110","75,127,947","229,810","51,070,576","191,940","1,180,970","37,510","293,852","153,440","2,532,479","143,930","1,785,227","6,110","8,538","56,700","2,344,691","140,670","2,617,320","56,690","3,581,877","65,180","3,740,693","3,380","4,670","19,887","53,100","2,016,559","56,490","4,518,632","26,650","404,903","76,070","788,306","9,310","2,812","8,030","235,922","16,840","210,523","4,330","41,503",0,0,"202,530","5,473,389","202,530","5,361,301","45,290","112,088","60,580","2,817,521","4,250","155,477","56,430","727,099","3,830","9,656","54,980","501,274","60,370","591,401","60,410","592,445","29,370","19,311","48,360","709,763","1,200","11,205","1,760","1,514","4,190","49,098","51,330","839,369","6,800","450,071","119,910","1,179,385","262,980","64,880,014","262,930","12,264,559",490,"5,061","2,850","15,981","171,530","496,768","71,960","58,509","22,910","13,283",0,0,0,0,"116,240","346,454","1,840","15,765","14,710","12,447","47,540","347,708",0,0,"2,900","17,480","261,590","12,445,102",0,0,0,0,0,0,0,0,0,0,0,0,430,"1,082",0,0,0,0,"262,700","11,767,791","262,940","12,372,808","115,410","85,474","122,910","117,504","127,830","1,259,524","134,580","1,313,140","109,780","898,031","30,720","415,109"
MI,9,"35,290","3,720","30,490",820,"33,760",980,"29,590","7,530","1,550","101,290",0,0,0,0,0,200,"12,870","23,646,431","35,290","23,983,159","30,670","13,035,715","32,000","606,336","10,480","167,881","28,020","1,174,693","26,730","797,985",920,"3,040","9,200","833,660","27,620","1,750,770","7,600","636,829","6,470","455,837",530,250,"1,270","6,650","265,866","17,880","4,308,118","6,930","215,504","15,080","336,728",520,152,"2,970","138,320","5,680","89,152",710,"8,526",0,0,"19,140","518,518","19,140","506,349","4,960","12,169","16,150","1,230,244",240,"16,176","14,940","427,086","1,130","3,003","14,020","206,232","16,100","159,243","16,110","160,639","5,730","4,886","12,240","223,695",340,"5,460",470,206,"2,590","57,181","14,540","426,308","2,060","334,723","23,420","588,864","35,240","21,313,558","35,240","5,301,203",390,"5,847",270,"1,697","19,880","92,212","16,820","57,652","2,220","1,371",0,0,0,0,410,556,240,"2,530","1,550","1,402","10,110","116,291",0,0,270,"1,760","34,990","5,471,233",0,0,0,0,0,0,0,0,0,0,0,0,0,0,0,0,0,0,"35,210","5,208,993","35,270","5,529,495","24,380","76,281","30,900","116,698","18,050","673,509","17,100","605,437","8,940","225,471","9,610","379,967"
MI,10,"15,920","1,870","13,520",340,"15,180",530,"14,820","2,020",710,"44,120",0,0,0,0,0,30,"6,700","47,835,791","15,920","48,126,446","13,680","12,110,495","15,320","2,447,887","7,100","380,528","13,820","3,299,669","13,280","2,284,415",600,"10,837","4,240","655,327","14,070","9,097,408","3,110","287,993","2,610","203,313",300,70,362,"3,220","133,339","12,040","19,181,805","4,950","666,222","8,640","290,655",120,36,"1,520","99,938","4,300","74,271",340,"4,057",0,0,"5,900","158,944","5,900","154,915","1,660","4,029","10,030","3,797,804",40,"7,126","9,490","1,512,883",510,"3,811","8,260","209,556","10,020","99,243","10,020","101,994","2,630","3,178","6,000","111,312",280,"5,441",230,75,"3,190","451,942","9,430","1,584,546","2,180","1,532,902","12,870","3,400,930","15,900","40,487,151","15,900","12,236,523","1,240","30,132",80,531,"10,900","387,784","9,710","227,636",420,280,0,0,0,0,0,0,90,"1,278",470,436,"5,590","109,681",0,0,80,531,"15,830","13,135,820",0,0,0,0,0,0,0,0,0,0,0,0,0,0,0,0,0,0,"15,880","11,848,739","15,920","12,459,907","10,540","95,223","14,710","384,772","6,610","1,546,132","9,260","2,207,848","2,580","330,312","7,470","1,877,536"
MN,0,"2,902,640","1,508,430","1,066,280","276,000","2,747,640","71,380","1,553,890","1,673,780","39,410","5,269,800","59,000","30,070",40,"28,890","7,230","266,820","831,570","275,565,397","2,894,990","278,390,325","2,352,570","187,289,475","1,191,410","4,259,774","160,140","997,431","728,580","7,684,171","665,620","5,302,463","65,130","68,981","445,170","6,516,589","623,090","12,485,696","396,850","9,858,472","569,910","15,113,480","63,650","127,600","897,626","518,130","10,862,651","184,480","18,485,050","159,460","1,791,869","689,110","2,824,928","61,140","18,113","19,940","519,271","82,120","719,281","47,450","252,540","197,080","148,018","2,624,020","51,618,259","2,624,020","50,345,462","556,240","1,272,800","250,420","10,005,603","58,240","1,473,251","227,040","4,203,685","21,200","41,457","219,130","1,394,436","249,250","2,106,539","249,470","2,110,489","128,770","69,522","192,050","2,480,156","3,730","38,465","16,140","8,879","12,330","312,577","187,220","2,961,116","16,010","604,423","546,750","4,574,130","2,412,330","214,187,404","2,399,210","38,096,386","1,810","30,950","36,000","62,601","1,076,960","2,541,030","254,050","166,994","136,340","77,076","127,630","142,537","153,910","30,973","672,320","1,740,904","10,460","66,503","65,260","52,064","362,030","1,355,975","53,090","248,939","55,440","269,868","2,702,100","40,237,589","289,600","697,914","87,990","30,132","88,810","216,239","65,080","246,355","47,720","205,188","245,510","594,603","210,790","435,300","93,990","83,998","25,380","47,362","2,199,220","35,555,362","2,319,480","37,719,352","131,890","222,101","139,960","433,339","855,860","4,436,723","1,914,560","6,869,336","1,852,040","5,200,796","81,170","1,668,540"
MN,1,"28,160","18,060","7,720","1,660","20,430","3,970","17,280","7,500",460,"42,650",300,210,0,90,10,700,"13,550","-1,612,040","20,500","-1,579,659","6,930","299,036","10,400","54,907","1,170","6,658","6,080","35,180","5,260","18,483",330,888,"9,430","-252,764","8,790","150,405","2,180","29,818","2,940","36,102","3,960",340,"2,849",40,108,"4,790","-802,085","4,040","-59,974","4,930","32,381",120,33,60,"1,008","1,360","10,253",170,961,910,955,0,0,0,0,0,0,0,0,0,0,0,0,0,0,0,0,0,0,0,0,0,0,0,0,0,0,0,0,0,0,0,0,0,0,0,0,0,0,150,996,40,690,100,51,50,115,0,0,10,6,0,0,0,0,30,43,0,0,0,0,"2,730","7,835",830,"6,252",840,"5,078","11,270","77,528","1,850","2,933","1,110",338,310,751,220,856,210,988,"1,200","2,132","1,250","3,801",810,756,720,"1,595",110,880,"3,300","9,788",170,203,0,0,"1,780","3,881","10,320","71,534","9,890","62,396",610,"9,138"
MN,2,"286,610","248,540","20,090","15,210","260,740","13,580","127,110","141,250","1,730","236,770","21,270","10,760",0,"10,510","3,170","17,240","79,080","1,412,962","286,610","1,444,590","189,380","1,177,162","67,470","41,272","4,120","5,761","31,210","45,614","27,320","23,626","1,650",859,"36,960","96,060","25,470","2,499","18,420","73,286","30,320","125,124","2,480","2,450","9,224","2,470","4,236","3,150","-25,701","4,720","2,188","35,590","31,628",250,63,50,404,"2,480","7,952",590,"1,973","3,260","2,586","284,120","3,548,222","284,120","3,412,623","65,510","135,599","2,470","68,195","1,950","44,977",740,"3,139","1,320",992,"1,400","6,466","2,280","8,860","2,290","8,927",660,308,"1,070","10,439",20,254,80,13,70,266,"1,260","1,878",90,"1,011","1,160",149,"8,530","14,617","6,590","1,684",0,0,550,230,"1,700",176,"1,060",55,0,0,120,50,50,17,80,39,0,0,20,7,"30,520","20,210","2,210","13,111","2,200","11,365","192,990","140,641","61,100","52,909","43,470","16,376","10,110","18,813","4,720","10,693","2,800","7,027","51,150","45,838","13,140","9,814","7,070","6,363","1,490","2,322","6,200","1,510","38,980","22,564",20,20,0,0,"25,600","11,678","180,140","129,669","179,240","127,511","1,160","2,158"
MN,3,"378,230","290,890","37,310","44,800","356,670","9,610","185,080","268,590","2,950","460,730","13,100","7,070",10,"6,010","2,400","52,970","96,730","6,483,449","378,230","6,579,449","284,450","4,683,083","93,330","94,688","7,490","13,453","46,030","116,015","40,690","60,245","2,830","1,706","63,110","499,916","38,570","39,358","38,880","314,453","61,050","586,071","4,570","12,650","69,380","57,380","140,292","6,860","-17,253","10,040","40,010","68,690","96,000","1,410",353,270,"1,751","4,490","15,956","2,430","8,755","10,320","8,452","372,570","6,064,582","372,570","5,897,420","78,240","167,162","5,640","161,001","4,400","99,011","2,320","6,661","2,870","2,553","3,530","15,418","5,430","21,669","5,450","21,890","1,960",816,"2,500","23,389",50,260,200,90,150,557,"3,460","11,802",250,"3,572","29,180","18,125","213,380","1,040,794","209,160","102,785",0,0,"1,590",891,"64,620","20,981","5,570",262,"1,770",458,"18,200","8,909","21,500","4,510","19,370","6,398",130,55,840,311,"53,930","93,352","6,280","33,777","5,760","28,252","337,360","758,514","102,020","308,422","43,400","13,418","29,200","111,035","18,070","107,427","11,360","76,542","85,370","265,308","54,550","103,725","17,590","15,486","4,330","7,193","165,110","81,805","205,780","177,830",40,23,10,1,"48,260","49,999","307,070","629,732","305,370","624,338","2,440","5,394"
MN,4,"596,920","401,580","88,230","93,120","567,520","12,190","296,240","405,830","5,560","923,820","13,930","7,910",30,"6,000","1,490","87,210","140,440","22,477,989","596,920","22,710,479","498,120","17,827,277","157,600","187,995","13,890","31,754","78,570","238,308","70,030","129,594","7,310","4,896","75,930","759,547","65,080","113,572","59,640","704,297","97,730","1,491,501","8,390","31,190","201,453","106,610","969,332","13,830","56,847","17,760","73,755","116,200","232,490","7,150","1,893",830,"7,827","9,220","37,837","9,370","37,603","40,290","31,512","581,660","10,097,998","581,660","9,871,022","101,130","226,976","15,260","436,701","9,360","215,896","10,620","28,178","4,210","5,268","10,710","44,914","15,010","71,332","15,060","72,088","6,240","3,003","8,330","81,097",190,"1,792",560,300,300,"1,686","9,910","49,156",910,"13,440","75,480","110,292","580,500","11,931,145","575,890","1,288,401",20,165,"9,870","7,496","230,010","239,292","21,540","1,465","15,050","8,623","35,290","38,996","91,360","18,829","124,680","165,243",950,"1,280","5,340","3,500","58,760","154,806","19,080","85,697","17,420","79,731","571,180","2,132,271","109,840","319,288",0,0,"49,190","85,640","36,050","123,239","24,600","110,409","96,000","270,454","94,300","212,150","21,010","17,725","9,560","15,159","470,370","1,049,111","497,210","1,213,510",110,190,10,4,"142,520","170,860","446,980","1,080,146","442,770","1,066,120","6,110","14,026"
MN,5,"475,680","288,230","111,110","62,490","453,490","9,210","246,330","302,480","5,780","789,900","6,330","2,950",0,"3,390",160,"52,570","130,690","29,303,642","475,680","29,563,678","402,370","22,726,202","172,340","237,084","17,510","46,630","92,130","318,605","82,950","184,741","13,610","9,407","58,820","647,352","75,670","177,829","59,590","927,098","95,020","2,103,762","8,530","23,670","177,793","95,730","1,801,340","15,880","150,547","20,810","116,731","114,480","260,036","9,360","2,582","1,050","11,061","9,460","49,009","10,590","48,447","49,430","38,116","445,740","8,278,479","445,740","8,079,656","88,080","198,823","29,930","780,380","11,310","254,544","26,640","93,564","3,000","5,471","24,760","99,574","29,760","185,776","29,810","186,546","14,450","6,411","21,390","209,909",500,"4,252","1,240",851,370,"1,781","18,730","94,519","1,630","27,454","74,900","156,210","474,240","20,129,859","473,040","2,378,428",30,548,"9,130","13,079","168,980","315,406","30,320","2,705","13,510","7,638","20,900","25,427","40,990","7,617","108,890","256,380","1,520","4,075","9,050","6,688","45,080","135,492","11,820","56,687","12,230","61,329","465,770","2,692,048","14,790","14,362",0,0,0,0,"6,030","4,140","8,760","10,222","11,790","10,871","33,990","75,410","11,710","10,321","4,560","9,432","437,560","2,063,023","448,410","2,212,635",90,178,0,0,"141,610","252,412","332,220","724,540","326,580","704,831","7,870","19,709"
MN,6,"309,790","133,320","139,940","29,310","295,110","6,090","175,530","171,980","4,490","612,200","2,200",670,0,"1,530",0,"23,060","105,930","26,863,091","309,790","27,095,335","256,310","19,458,986","148,490","252,582","17,830","55,827","86,380","376,780","78,350","224,383","16,010","11,003","45,900","598,167","71,480","252,337","53,590","1,088,230","80,080","2,312,019","7,880","18,160","137,114","80,120","2,014,556","16,680","223,093","20,170","149,506","80,340","232,244","8,020","2,325","1,240","14,718","8,450","51,848","7,050","39,769","28,730","17,234","272,380","5,991,295","272,380","5,826,912","70,440","164,384","37,410","965,612","9,890","229,679","35,290","171,339","1,950","4,340","32,920","135,405","37,310","290,466","37,340","290,076","20,060","8,173","29,240","278,052",510,"4,360","1,850","1,118",550,"3,012","24,620","125,094","1,860","33,561","66,960","181,859","309,080","19,743,740","308,500","2,601,102",30,166,"5,760","11,279","123,800","298,757","30,170","3,404","13,710","8,048","14,090","16,877",0,0,"85,310","248,922","1,530","6,561","9,600","7,329","36,540","125,677","6,660","28,971","7,120","35,140","304,820","2,692,027",0,0,0,0,0,0,0,0,0,0,0,0,"9,470","19,643","8,640","7,533","2,460","5,535","298,400","2,302,345","302,290","2,442,067",130,132,10,7,"117,510","287,939","191,280","532,753","185,180","509,598","8,130","23,155"
MN,7,"578,700","104,730","443,410","23,890","554,090","11,530","338,940","291,600","10,920","1,476,650","1,740",450,0,"1,280",0,"28,240","193,030","80,251,831","578,700","80,971,927","493,930","58,692,700","344,250","796,674","49,030","181,500","223,790","1,388,214","205,520","905,405","19,320","17,080","102,350","1,753,547","188,130","1,192,946","114,370","3,734,762","153,010","5,792,751","18,480","32,430","244,440","135,570","4,410,304","54,640","1,456,152","48,210","545,561","186,250","720,096","26,510","8,418","5,390","85,493","21,560","181,110","13,990","83,210","64,140","49,163","495,560","12,960,564","495,560","12,663,835","119,500","296,729","83,140","2,654,504","17,170","458,121","79,650","647,338","3,240","8,361","75,170","375,188","82,980","772,160","83,040","771,291","45,770","21,699","66,700","771,374","1,150","9,471","4,960","3,022","2,230","14,151","62,190","495,399","5,160","130,022","169,630","729,813","578,140","63,922,941","577,510","9,253,089",160,"1,385","7,350","21,053","317,980","932,677","84,310","15,008","59,310","34,874","39,040","52,278",0,0,"232,600","741,980","3,950","27,534","26,920","22,068","83,680","364,614","6,210","24,444","8,190","39,946","572,670","9,006,608",0,0,0,0,0,0,0,0,0,0,0,0,"3,740","9,864","27,160","25,814","2,270","6,126","573,340","8,320,413","575,090","8,732,570","5,980","1,621","1,630",392,"247,930","992,562","329,380","1,250,212","311,440","1,137,992","23,890","112,219"
MN,8,"208,180","19,060","183,280","4,630","200,580","4,300","132,880","75,890","6,080","607,310",140,50,0,90,0,"4,580","59,220","59,153,904","208,180","59,872,901","185,570","41,974,345","159,800","802,067","34,460","228,640","130,760","1,685,672","123,350","1,153,759","2,810","7,262","42,710","1,575,062","116,920","2,203,924","42,170","2,413,434","43,340","2,252,878","7,700","6,300","51,718","34,120","1,278,821","46,900","3,895,453","24,680","526,534","63,970","718,997","7,790","2,294","7,370","209,725","16,460","213,185","2,740","25,609",0,0,"153,730","4,184,049","153,730","4,110,687","29,410","73,363","54,450","2,347,010","3,910","147,191","51,270","1,023,236","3,060","9,473","50,280","396,795","54,390","537,327","54,400","537,976","29,770","19,448","45,900","765,507",850,"9,769","4,770","2,473","3,740","39,219","46,770","666,856","3,770","173,968","101,090","1,083,398","208,090","51,543,621","208,030","9,715,843",350,"4,938","1,480","7,449","144,010","451,610","60,000","31,524","29,060","15,259",0,0,0,0,"101,000","321,396","1,910","19,855","11,610","10,334","39,210","295,435",0,0,"1,500","7,952","206,020","9,441,170",0,0,0,0,0,0,0,0,0,0,0,0,360,893,0,0,0,0,"207,810","9,264,233","208,050","9,761,780","97,250","74,061","101,950","89,353","110,100","1,188,654","97,500","848,471","81,750","596,767","19,660","251,704"
MN,9,"28,980","2,870","25,270",670,"28,020",620,"23,920","6,830","1,070","86,730",0,0,0,0,0,230,"8,730","19,405,098","28,980","19,695,637","25,650","11,363,805","26,630","414,198","9,260","130,097","23,560","891,307","22,490","634,064",720,"4,726","7,030","508,338","22,780","1,401,956","5,910","386,957","4,620","279,770","1,180",370,"3,231","4,220","165,353","13,610","3,389,532","5,640","159,193","12,260","290,539",440,125,"2,440","112,477","5,140","86,100",380,"4,491",0,0,"14,360","387,844","14,360","380,424","2,980","7,421","14,620","913,826",220,"19,580","13,430","692,672","1,150","3,565","13,490","169,240","14,600","144,369","14,600","145,474","6,970","6,080","11,920","238,548",270,"4,388","1,680",667,"2,400","44,330","13,200","362,513","1,230","94,198","19,120","500,221","28,960","17,605,670","28,950","4,380,999",240,"4,188",140,868,"17,600","66,265","14,000","28,993","3,190","1,736",0,0,0,0,380,503,340,"4,801","1,490","1,433","7,710","86,856",0,0,140,868,"28,680","4,385,599",0,0,0,0,0,0,0,0,0,0,0,0,0,0,0,0,0,0,"28,940","4,314,734","28,980","4,566,305","20,430","67,868","25,710","86,873","15,650","599,376","13,220","408,009","7,690","173,603","6,460","234,406"
MN,10,"11,400","1,160","9,930",240,"10,980",280,"10,580","1,830",390,"33,050",0,0,0,0,0,20,"4,170","31,825,471","11,400","32,035,988","9,860","9,086,879","11,110","1,378,307","5,390","297,111","10,060","2,588,476","9,660","1,968,163",550,"11,154","2,940","331,364","10,210","6,950,870","2,110","186,137","1,810","133,502",480,60,424,"1,880","78,309","8,130","10,158,465","3,390","238,365","6,400","210,517",90,27,"1,250","74,807","3,520","66,031",140,"1,722",0,0,"3,900","105,226","3,900","102,883",950,"2,343","7,500","1,678,374",30,"4,252","7,090","1,537,558",400,"1,434","6,870","151,436","7,500","74,580","7,500","76,221","2,900","3,584","5,020","101,841",200,"3,919",800,345,"2,520","207,575","7,080","1,153,899","1,110","127,197","9,230","1,794,063","11,390","28,255,017","11,390","8,373,059",960,"18,870",40,205,"8,220","215,751","7,080","83,578",720,434,0,0,0,0,0,0,130,"2,342",390,394,"3,870","71,698",0,0,40,207,"11,340","8,911,183",0,0,0,0,0,0,0,0,0,0,0,0,0,0,0,0,0,0,"11,390","8,157,308","11,400","8,580,303","7,690","77,805","10,630","256,709","4,910","879,362","6,460","1,194,270","2,150","197,640","4,840","996,631"
MS,0,"1,229,590","539,190","380,860","279,770","1,158,670","33,430","679,070","825,210","8,770","2,400,590","16,560","13,330",50,"3,180","3,170","286,020","314,350","80,984,004","1,222,390","81,779,278","1,004,280","56,153,102","301,720","1,184,642","22,990","169,150","140,830","1,581,122","129,090","1,152,343","26,620","30,599","277,110","1,677,485","124,990","2,864,581","95,350","2,100,034","243,090","7,154,318","41,930","14,620","55,759","198,650","3,651,323","55,640","5,318,847","55,580","285,364","262,800","795,274","34,740","10,500","3,620","102,442","25,490","192,941","14,500","76,415","38,590","30,643","1,132,420","22,463,598","1,132,420","22,008,744","203,920","454,855","78,390","3,222,135","29,390","515,940","56,940","590,154","18,650","56,295","57,730","202,423","77,290","492,911","77,420","504,833","44,020","36,438","49,840","529,536",890,"8,294","1,490","9,307","2,900","53,519","67,020","1,288,381","7,410","305,526","140,230","1,161,822","948,460","56,774,971","965,670","9,383,019",540,"10,095","72,250","54,859","499,240","889,206","40,380","44,491","56,790","36,336","69,870","71,485","107,650","23,973","356,200","637,938","11,010","24,966","14,540","11,753","171,880","537,025","113,540","645,028","123,750","730,107","1,163,640","11,293,802","327,860","1,059,585","60,840","22,107","135,410","393,899","88,730","415,978","42,870","227,601","299,460","927,564","232,610","447,403","68,800","63,615","16,960","11,584","768,950","8,493,817","871,310","9,227,034","21,690","35,478","27,130","97,408","283,020","1,501,536","912,190","3,536,881","896,930","3,158,852","18,750","378,028"
MS,1,"18,730","11,840","5,420",840,"13,010","1,780","10,550","5,480",160,"27,220",180,160,0,20,0,"1,110","8,850","-883,846","11,550","-871,711","3,160","132,995","4,400","24,670",340,"3,017","2,180","14,827","1,970","9,178",140,301,"7,270","-244,086","3,080","112,947",900,"12,222","1,740","25,798","2,170",70,408,30,68,"2,260","-313,307","2,010","-12,118","2,340","12,135",80,24,30,455,700,"3,977",90,587,240,277,0,0,0,0,0,0,0,0,0,0,0,0,0,0,0,0,0,0,0,0,0,0,0,0,0,0,0,0,0,0,0,0,0,0,0,0,0,0,"1,730","2,985",20,"2,692","1,680",281,370,116,10,0,0,0,90,15,20,5,190,53,0,0,10,4,"1,470","3,899","3,160","28,029","3,400","29,350","9,060","41,782",980,"1,640",580,171,200,560,130,582,70,327,640,"1,123",610,"1,574",820,782,970,962,"1,410","2,868","3,070","7,250",70,98,0,0,"2,190","3,671","8,540","38,139","8,260","32,693",350,"5,446"
MS,2,"110,410","85,260","10,610","12,800","101,300","4,570","53,520","67,670",620,"122,440","2,700","2,150",10,540,750,"19,950","25,730","607,356","110,400","623,228","76,850","534,147","16,080","12,190",670,"1,245","6,310","10,005","5,680","5,949",230,186,"25,380","8,624","5,640","2,340","4,600","20,627","11,540","62,176","1,700",940,"3,845","1,020","2,521","1,380","-8,317","2,300",-872,"19,400","15,872",400,111,20,106,"1,480","5,069",250,912,760,735,"109,580","1,564,259","109,580","1,522,160","19,860","42,099",810,"17,727",580,"10,551",250,544,390,490,340,927,710,"1,862",720,"1,929",250,207,280,"2,943",0,0,0,0,10,90,410,895,40,803,300,95,"2,090","5,071","7,570","1,700",0,0,"5,940","1,195","2,430",424,300,11,40,6,540,96,240,20,"1,180",265,40,8,50,14,"17,570","13,170","13,200","80,537","14,320","86,720","88,250","103,252","44,370","50,843","28,130","11,618","10,670","23,736","3,940","10,574","1,640","4,915","38,420","44,608","12,580","9,173","5,880","5,440","2,190","1,275","5,620","1,277","23,540","14,993",10,29,0,0,"13,150","6,681","81,750","94,879","81,390","93,815",440,"1,063"
MS,3,"281,850","153,420","25,200","98,630","268,860","6,370","151,910","232,780","1,170","506,950","4,590","3,780",0,810,"1,330","96,150","50,930","4,902,326","281,850","4,987,611","223,010","4,038,267","28,120","34,093","1,130","3,069","9,960","26,401","8,870","15,678",780,667,"87,590","386,264","8,860","14,197","10,110","82,100","33,410","365,164","4,100","4,920","18,122","24,620","58,827","2,810",-746,"4,830","4,782","68,930","85,285","2,690",754,60,488,"2,670","8,837","1,300","4,382","2,880","2,936","279,250","4,945,124","279,250","4,867,679","36,990","77,446","2,590","62,066","1,920","33,199","1,010","2,013","1,240","2,154","1,210","2,948","2,440","6,914","2,450","7,255","1,000",847,"1,000","9,364",30,233,10,34,30,129,"1,690","8,794",210,"2,693","16,310","9,720","137,420","611,158","148,640","66,096",0,0,"22,660","5,387","74,620","22,727",950,34,"3,650",976,"13,500","5,430","19,430","4,082","39,640","11,533",670,375,530,217,"61,350","110,372","45,940","245,527","50,450","267,233","266,990","1,083,570","154,940","638,335","32,140","10,318","64,160","248,820","39,890","247,376","18,750","131,821","144,160","550,080","102,700","195,031","22,280","21,498","6,670","3,491","85,890","43,370","144,350","156,917",40,36,0,0,"23,200","24,392","251,420","950,576","250,740","948,074",890,"2,502"
MS,4,"329,040","155,010","52,980","110,800","312,750","7,600","166,990","249,630","1,690","617,040","5,730","4,740",40,940,"1,060","100,810","65,970","11,925,150","329,040","12,022,434","288,690","10,480,557","47,610","61,600","1,960","6,020","17,410","58,789","15,690","39,321","3,260","2,851","57,670","-57,618","14,750","34,876","15,500","170,779","52,310","892,472","6,430","4,410","14,456","48,300","396,599","5,110","14,059","7,590","2,565","47,950","97,284","8,770","2,506",130,924,"3,350","15,370","3,670","14,183","9,150","7,811","318,840","5,977,522","318,840","5,882,587","43,630","94,935","10,190","265,366","7,140","109,873","5,820","10,546","3,670","8,279","4,980","10,858","9,880","32,394","9,900","35,324","4,740","5,571","4,260","32,496",110,672,150,"1,210",80,363,"8,130","65,656","1,160","17,571","25,600","38,612","320,070","5,676,740","319,470","618,258",10,79,"27,840","14,507","181,170","204,180","3,560",215,"19,380","12,864","25,590","28,608","67,370","16,326","125,120","136,809","4,360","5,990","3,060","2,315","25,540","66,340","38,580","216,881","39,810","235,477","319,030","1,354,561","119,060","360,291",0,0,"60,390","120,783","40,510","154,186","18,170","85,322","109,190","325,045","94,400","198,928","19,330","18,122","5,640","4,058","211,000","414,078","228,980","488,585",90,157,0,0,"57,840","75,864","268,740","940,542","267,550","935,952","1,560","4,590"
MS,5,"172,320","74,000","56,350","35,220","162,460","4,600","93,870","112,110","1,220","335,040","2,070","1,580",0,490,40,"35,390","49,740","10,556,881","172,320","10,635,078","146,150","8,330,990","45,200","68,525","2,380","8,388","18,010","81,699","16,250","53,779","4,830","4,649","29,450","115,461","15,260","52,766","14,500","206,713","41,820","1,085,385","5,510","1,560","6,234","38,340","674,375","5,150","38,712","7,450","7,296","33,900","78,197","6,510","1,906",130,"1,250","2,800","16,770","2,860","13,155","8,220","6,616","159,940","3,268,511","159,940","3,195,655","33,250","72,856","12,370","355,547","7,340","119,135","8,150","21,275","3,630","10,087","7,910","17,646","12,160","51,864","12,190","54,871","6,530","6,550","7,100","56,140",160,"1,169",250,"2,508",90,477,"10,460","101,227","1,130","19,572","20,140","49,972","171,910","6,890,254","171,560","805,639",0,0,"8,230","12,425","79,600","166,531","4,670",433,"8,960","5,747","11,530","15,086","20,580","3,540","61,920","130,401","2,950","6,805","3,080","2,583","16,590","49,356","8,540","51,353","9,450","65,662","168,310","922,533","8,510","8,476",0,0,0,0,"4,270","3,260","4,250","5,216","7,050","6,708","17,820","34,332","7,780","7,146","1,090","1,223","152,830","639,109","157,560","695,988",70,162,0,0,"49,820","105,351","122,020","329,963","120,650","324,963","1,740","5,000"
MS,6,"104,170","30,510","58,450","12,390","98,190","2,750","61,710","59,960",880,"232,790",720,530,0,190,0,"15,610","35,440","9,019,956","104,170","9,084,206","86,810","6,671,843","38,430","71,830","2,450","7,969","16,810","90,792","15,310","62,127","4,100","4,443","19,600","144,817","14,150","63,889","12,850","236,701","31,810","1,065,041","4,980","1,030","4,957","28,600","673,287","5,010","63,019","6,690","9,902","23,940","64,250","4,530","1,452",170,"2,068","2,400","15,672","1,740","9,383","5,770","3,703","94,050","2,206,100","94,050","2,151,509","24,080","54,591","10,120","315,111","4,690","82,038","6,890","25,263","2,890","8,909","7,390","18,148","10,020","52,262","10,030","54,462","5,590","4,542","6,600","56,801",90,663,220,"2,318",120,634,"8,500","97,608",900,"20,157","16,350","52,799","104,030","6,449,418","103,890","820,442",10,270,"2,920","7,105","47,160","126,427","4,860",687,"6,810","4,464","6,460","7,534",0,0,"39,750","105,664","1,380","4,202","2,210","1,861","12,330","43,015","2,560","14,980","3,210","23,077","102,270","850,816",0,0,0,0,0,0,0,0,0,0,0,0,"3,410","5,802","4,300","3,527",290,372,"100,380","694,015","101,540","743,915",70,70,0,0,"38,440","111,697","65,500","216,476","64,110","210,558","1,710","5,918"
MS,7,"162,360","23,810","128,120","8,000","153,840","4,340","101,590","82,100","1,920","420,000",560,370,0,190,0,"15,410","57,490","22,062,994","162,360","22,229,106","137,040","15,693,236","83,280","225,666","6,920","32,632","42,730","395,548","39,410","301,603","10,150","11,994","35,130","457,845","37,190","316,035","26,150","743,453","55,110","2,547,643","11,370","1,440","6,621","44,390","1,354,035","15,480","394,750","15,200","77,708","47,330","166,112","9,990","3,213",830,"14,094","5,650","45,585","3,310","20,286","11,570","8,565","139,790","3,666,449","139,790","3,576,235","36,940","90,214","22,570","816,676","6,400","122,712","17,310","104,336","4,750","14,872","18,710","56,392","22,420","161,566","22,450","164,153","13,930","9,352","16,570","171,142",240,"1,784",420,"2,296",460,"3,220","19,610","289,527","1,980","61,101","36,960","183,878","162,260","17,398,701","162,140","2,470,716",70,747,"2,490","10,269","85,170","246,669","13,870","4,910","14,300","9,787","12,170","14,716",0,0,"70,720","202,024","1,360","5,641","4,280","3,617","23,720","106,354","1,570","7,721","2,600","18,598","160,030","2,427,782",0,0,0,0,0,0,0,0,0,0,0,0,990,"2,318","8,420","7,100",110,203,"161,240","2,224,049","161,610","2,350,817","1,520",525,530,236,"70,680","331,898","91,380","402,546","87,210","372,538","5,160","30,007"
MS,8,"42,400","4,490","36,560",910,"40,300","1,190","31,270","13,920",850,"115,960",20,20,0,0,0,"1,530","16,590","11,880,308","42,400","12,046,120","35,700","7,120,862","30,960","213,103","4,840","42,083","21,230","375,169","20,000","278,930","2,800","4,141","11,980","496,851","19,750","534,086","9,000","500,535","13,660","979,727","4,370",240,"1,050","11,230","407,133","12,680","1,166,559","6,840","108,918","14,590","165,812","1,640",497,"1,500","45,619","4,380","51,583","1,020","10,283",0,0,"27,860","752,156","27,860","732,067","8,130","20,089","14,540","699,597","1,290","35,714","12,700","161,176","1,720","6,592","12,760","56,705","14,490","135,141","14,500","135,713","9,120","6,504","10,830","144,259",150,"1,466",330,700,990,"9,332","13,280","296,627","1,270","74,515","18,950","282,087","42,380","10,147,704","42,370","1,894,993",120,"1,043",450,"3,253","24,660","72,388","8,740","10,165","3,290","2,250",0,0,0,0,"17,640","51,101",230,"1,406","1,160",997,"10,080","88,749",0,0,450,"3,544","41,600","1,838,529",0,0,0,0,0,0,0,0,0,0,0,0,100,245,0,0,0,0,"42,290","1,822,605","42,350","1,955,216","14,760","10,919","19,310","20,262","23,320","329,764","18,960","206,151","15,190","140,411","4,490","65,740"
MS,9,"5,720",570,"4,940",130,"5,500",150,"5,190","1,190",180,"16,040",0,0,0,0,0,60,"2,420","3,850,091","5,720","3,916,091","4,740","1,739,280","5,160","106,945","1,320","24,078","4,080","158,464","3,890","112,596",230,636,"2,000","186,389","4,120","345,585","1,260","93,156","1,200","93,244",820,10,66,"1,440","56,624","3,650","978,174","1,640","49,110","2,900","66,000",100,29,520,"24,362","1,320","19,272",190,"2,164",0,0,"2,400","64,529","2,400","62,537",790,"1,992","3,320","273,766",40,"2,718","3,050","88,556",260,"1,083","2,880","21,084","3,310","32,419","3,310","32,485","1,930","1,816","2,260","38,397",60,"1,141",80,219,580,"8,474","3,110","137,216",410,"53,577","3,620","123,245","5,710","3,388,794","5,710","832,011",80,"1,259",50,437,"2,580","9,910","2,110","3,951",280,192,0,0,0,0,50,88,30,539,130,114,"2,110","27,998",0,0,60,446,"5,570","810,840",0,0,0,0,0,0,0,0,0,0,0,0,0,0,0,0,0,0,"5,710","822,101","5,720","884,022","3,490","10,609","4,920","21,240","3,140","169,955","2,560","92,842","1,360","37,971","1,400","54,872"
MS,10,"2,590",280,"2,240",40,"2,480",70,"2,480",370,90,"7,120",0,0,0,0,0,0,"1,200","7,062,788","2,590","7,107,115","2,130","1,410,925","2,480","366,020",980,"40,649","2,110","369,428","2,040","273,182",100,731,"1,050","182,938","2,200","1,387,860",500,"33,748",480,"37,668",490,0,0,680,"27,854","2,110","2,985,944","1,030","38,073","1,520","44,327",30,8,240,"13,076",740,"10,806",80,"1,080",0,0,710,"18,948",710,"18,315",260,633,"1,880","416,279",0,0,"1,770","176,445",110,"3,829","1,560","17,715","1,880","18,489","1,880","18,641",930,"1,049",950,"17,994",60,"1,166",40,22,520,"30,800","1,820","290,831",310,"55,537","2,000","421,414","2,590","6,207,131","2,580","1,870,179",220,"4,005",0,0,"1,490","39,834","1,320","24,085",80,50,0,0,0,0,0,0,0,0,40,31,"1,130","27,772",0,0,0,0,"2,540","1,860,137",0,0,0,0,0,0,0,0,0,0,0,0,0,0,0,0,0,0,"2,580","1,830,345","2,590","1,929,331","1,570","12,873","2,370","55,670","1,250","342,263","1,340","264,767",460,"61,877","1,010","202,890"
MO,0,"2,870,290","1,393,880","1,051,060","352,500","2,708,000","77,210","1,437,910","1,758,750","32,210","5,341,960","62,470","31,810",770,"29,890","4,560","391,950","846,720","239,349,197","2,857,330","241,533,401","2,281,660","158,228,613","975,670","3,741,562","126,320","922,209","588,360","9,553,191","545,370","7,542,183","45,990","44,949","480,460","5,792,737","520,040","10,235,463","341,240","8,192,767","614,590","16,737,993","91,550","59,020","187,487","520,210","9,578,080","155,020","17,890,248","134,040","814,360","606,660","2,184,204","67,460","20,408","13,340","373,395","71,510","555,144","37,200","198,221","135,170","98,797","2,652,020","52,901,287","2,652,020","51,603,606","577,640","1,297,682","177,500","8,079,042","52,840","1,290,349","146,310","1,848,834","28,200","56,806","149,390","855,139","176,140","1,380,673","176,400","1,383,060","117,000","129,127","124,590","1,491,072","2,120","22,637","3,540","4,309","8,730","373,789","137,040","2,862,724","12,810","641,533","458,160","3,785,243","2,307,660","180,594,778","2,307,810","31,801,239","1,610","24,470","91,370","118,147","1,063,680","2,268,803","198,870","172,698","108,890","65,787","127,300","126,964","206,840","42,153","692,160","1,605,547","13,550","65,471","43,700","36,824","357,770","1,270,808","150,340","1,053,181","160,770","1,170,079","2,665,630","35,418,312","426,020","1,156,106","107,590","38,246","150,050","389,804","102,360","419,108","66,020","308,950","373,570","1,007,776","312,360","621,974","91,300","77,669","41,060","42,069","2,041,530","29,532,444","2,187,750","31,601,864","89,470","158,822","99,990","489,449","728,150","3,751,381","2,005,170","7,500,672","1,955,290","5,847,532","63,860","1,653,140"
MO,1,"40,710","25,120","12,950","1,480","29,200","5,560","24,240","11,410",500,"61,150",350,210,0,140,10,"1,300","20,900","-1,961,546","27,760","-1,934,207","7,520","311,235","12,860","50,818","1,240","8,366","7,020","42,173","6,330","26,135",240,409,"14,310","-403,969","10,260","143,751","2,820","35,118","4,910","62,016","6,750",210,"1,121",70,165,"5,550","-690,946","5,080","-55,589","5,770","27,339",180,52,50,797,"1,670","9,538",210,"1,203",720,784,0,0,0,0,0,0,0,0,0,0,0,0,0,0,0,0,0,0,0,0,0,0,0,0,0,0,0,0,0,0,0,0,0,0,0,0,0,0,"1,730","1,569",20,988,"1,650",399,400,168,60,2,0,0,60,14,30,8,190,78,10,4,20,4,"3,470","9,197","5,030","51,609","5,360","52,186","17,340","93,714","2,200","3,355","1,400",433,360,913,250,"1,118",190,892,"1,420","2,323","1,330","3,664","1,150","1,047","2,530","2,790","1,390","1,400","5,340","11,800",180,239,0,0,"3,230","5,209","16,200","87,032","15,590","71,539",830,"15,493"
MO,2,"290,740","238,060","28,240","20,320","268,600","11,500","127,770","144,600","1,670","294,610","23,120","11,280",70,"11,770","1,680","26,050","101,620","1,414,735","290,730","1,445,664","171,480","1,064,455","72,940","43,873","3,810","5,197","29,640","44,940","26,670","25,132","1,350",414,"43,810","89,770","24,700","11,060","19,220","77,865","41,710","194,683","4,980","2,120","7,733","2,860","6,172","3,390","-26,223","5,980","2,873","38,190","30,929",350,91,40,505,"3,260","9,720",470,"1,722","2,020","1,666","288,340","4,071,129","288,340","3,897,453","84,540","173,676","2,380","63,483","1,910","44,899",670,"2,190","1,250",943,"1,200","4,595","2,170","7,013","2,170","7,100",970,687,800,"7,511",20,153,30,11,60,281,"1,030","1,794",70,955,840,114,"5,810","10,760","9,240","2,402",20,129,"5,270","1,373","2,650",353,"1,010",45,30,9,240,47,200,29,670,188,20,5,60,20,"34,150","25,010","15,790","116,596","16,440","119,597","195,790","186,944","77,960","80,929","51,430","20,368","15,650","32,306","7,070","17,439","3,810","10,817","67,100","71,000","21,430","15,250","7,150","6,354","4,770","3,507","7,950","2,050","43,390","27,846",20,26,0,0,"26,480","12,865","182,660","171,854","181,690","169,502","1,320","2,352"
MO,3,"451,420","302,440","54,640","85,310","425,870","11,890","199,380","337,240","2,910","652,900","13,210","6,540",80,"6,600","1,700","95,320","114,700","7,800,974","451,420","7,910,252","338,420","5,764,211","84,690","96,421","6,550","12,157","43,220","108,861","39,300","61,440","1,330",987,"88,470","589,636","37,410","56,141","36,200","282,651","77,450","829,311","8,710","9,570","36,694","66,320","161,042","6,960","-7,544","10,660","19,881","82,480","109,278","2,450",650,180,"1,248","6,220","19,088","2,080","7,227","6,480","5,211","446,130","7,649,048","446,130","7,452,098","92,080","196,951","5,270","148,969","4,260","96,345","2,020","4,310","2,680","2,422","2,960","11,016","5,040","17,446","5,060","17,693","2,560","2,017","2,000","17,604",30,195,40,31,90,236,"3,030","12,566",280,"3,745","27,920","16,868","237,310","1,143,334","238,860","116,567",0,0,"13,680","4,388","78,760","22,969","4,860",197,"2,730",670,"16,440","7,497","27,610","5,453","29,680","8,589",400,179,770,305,"70,160","125,385","39,000","266,106","40,240","271,639","412,660","1,162,591","161,210","560,555","54,750","17,445","53,940","207,922","32,700","198,521","19,820","136,667","141,540","487,562","97,260","185,611","17,920","15,390","12,230","9,018","183,950","93,599","241,470","222,249",40,46,0,0,"48,320","51,412","381,370","990,797","379,520","984,965","2,530","5,833"
MO,4,"690,350","406,630","122,090","138,060","655,050","15,510","304,110","494,490","5,360","1,151,370","14,470","8,330",190,"5,960","1,090","139,440","155,520","25,590,205","690,350","25,793,996","585,660","20,988,319","142,580","180,502","11,670","28,617","73,320","212,735","67,100","124,694","4,040","3,119","90,130","670,177","62,910","142,836","53,680","604,154","114,880","1,901,260","14,830","17,130","53,407","118,470","1,012,211","13,370","47,108","17,470","24,180","111,040","203,791","12,930","3,573",470,"4,320","10,050","39,382","7,790","29,589","27,770","20,153","676,480","12,202,519","676,480","11,959,078","109,640","243,442","13,870","409,690","9,660","217,924","8,400","18,036","4,760","5,975","8,530","31,310","13,540","54,117","13,590","55,045","7,690","6,692","6,270","53,915",130,"1,206",170,309,230,"1,297","9,240","63,861",840,"13,961","74,240","104,554","669,600","12,973,878","665,490","1,408,572",20,134,"34,530","22,930","297,430","306,262","18,920","1,101","19,600","11,778","36,010","36,547","126,430","27,516","179,640","221,382","2,430","3,455","4,720","3,232","61,390","159,529","53,760","363,939","54,820","384,344","665,730","2,605,996","165,600","491,671",0,0,"80,100","148,663","53,570","195,186","31,930","147,822","147,890","431,578","139,180","305,856","21,620","17,804","13,820","13,820","512,470","1,102,317","544,630","1,273,170",130,201,0,0,"137,090","165,754","545,450","1,495,724","541,750","1,481,588","5,100","14,136"
MO,5,"444,740","223,740","143,270","59,850","422,290","9,910","219,850","289,160","4,750","813,260","6,670","3,510",130,"3,040",80,"63,540","129,880","27,348,646","444,740","27,555,865","373,660","21,051,641","140,080","213,754","14,230","41,710","78,420","290,586","72,170","175,809","7,340","5,871","62,370","608,161","66,660","220,191","51,460","772,504","103,000","2,483,844","13,160","10,170","29,698","98,570","1,737,695","14,490","125,942","17,840","22,491","94,410","207,219","11,080","3,238",660,"6,734","8,710","44,458","7,800","35,711","31,500","23,710","424,890","8,414,191","424,890","8,215,919","89,290","198,272","19,850","582,053","10,280","239,331","15,220","42,036","4,230","6,577","15,010","54,895","19,650","103,584","19,720","104,550","12,250","10,666","12,220","109,932",230,"1,896",320,530,270,"1,591","13,600","102,542","1,210","21,179","68,650","146,647","443,520","18,236,574","442,290","2,137,520",30,561,"17,540","26,488","179,150","348,668","25,310","1,978","13,960","8,144","21,100","23,870","52,580","9,147","123,200","287,649","2,840","8,198","6,940","5,641","44,750","133,663","21,090","154,044","22,600","178,209","434,990","2,486,408","19,060","19,596",0,0,0,0,"8,780","6,844","10,280","12,752","15,630","15,313","39,720","83,577","11,820","10,063","4,850","7,180","400,370","1,788,852","412,250","1,937,610",120,206,20,5,"123,540","236,161","319,380","780,752","314,910","763,689","6,170","17,062"
MO,6,"290,910","98,360","159,470","24,540","276,510","6,550","159,950","168,960","3,700","627,640","2,490","1,080",120,"1,300",0,"30,060","98,890","25,226,691","290,910","25,408,684","241,430","18,429,346","121,580","227,893","14,440","46,339","71,660","334,451","66,390","210,486","9,310","7,968","47,450","537,793","61,640","265,232","45,950","910,838","83,310","2,599,881","11,700","7,590","20,585","76,900","1,792,589","14,600","183,638","17,120","38,534","70,730","181,993","10,390","3,352",760,"8,501","7,120","44,014","5,360","29,224","21,910","13,382","269,150","6,181,341","269,150","6,025,492","67,770","155,849","21,760","632,275","8,370","191,143","18,590","71,549","2,930","5,732","18,340","69,472","21,620","145,016","21,670","144,808","14,540","12,015","15,300","140,191",250,"2,421",390,570,340,"1,773","15,530","123,125","1,370","27,854","59,370","156,582","290,440","18,268,999","289,830","2,349,895",20,213,"8,360","19,039","126,480","328,175","25,280","2,787","14,520","9,112","16,340","17,587",0,0,"94,620","276,124","2,330","10,421","6,910","5,784","35,100","115,542","8,850","59,821","9,970","78,325","285,930","2,468,360",0,0,0,0,0,0,0,0,0,0,0,0,"9,870","18,750","8,990","7,477","1,700","3,053","279,060","2,021,720","282,690","2,153,294",140,153,0,0,"102,540","265,749","187,390","576,057","182,720","555,515","6,170","20,543"
MO,7,"480,730","80,880","373,780","18,980","457,930","11,460","277,420","253,990","8,270","1,228,400","1,960",770,180,"1,010",0,"32,250","163,870","65,811,105","480,730","66,309,561","407,530","47,642,866","261,510","676,547","37,880","160,920","171,390","1,186,239","159,510","801,718","18,170","16,908","90,740","1,442,282","149,760","1,137,664","92,060","2,931,152","145,020","6,052,781","22,170","10,170","30,608","119,940","3,541,688","43,260","1,071,362","36,190","195,449","144,150","498,456","24,420","7,772","3,100","48,140","16,080","130,352","10,460","63,128","44,780","33,891","422,440","11,008,203","422,440","10,751,934","104,680","256,268","58,290","1,965,372","14,620","358,349","53,440","338,418","4,480","11,054","52,200","234,271","58,100","503,915","58,160","503,054","40,560","38,012","44,670","478,818",640,"5,652","1,250","1,863","1,480","10,173","45,020","487,942","4,070","118,824","134,170","540,001","480,370","52,308,337","479,830","7,503,012",140,"1,151","8,390","30,023","261,500","749,512","65,600","11,425","40,500","25,881","37,100","41,402",0,0,"196,300","601,621","4,030","27,323","16,530","14,533","68,850","292,359","6,830","41,066","9,360","70,423","474,820","7,466,192",0,0,0,0,0,0,0,0,0,0,0,0,"3,280","8,523","22,640","19,534","1,170","2,701","475,960","6,753,501","477,390","7,093,711","4,860","1,446","1,480",406,"192,320","805,399","287,200","1,164,328","273,770","1,073,785","17,610","90,543"
MO,8,"150,640","15,500","130,540","3,400","143,810","3,970","99,170","53,470","4,050","425,860",190,90,10,80,0,"3,870","49,880","42,660,430","150,640","43,162,240","130,520","28,759,789","111,660","632,982","25,120","207,031","89,180","1,392,569","84,290","984,082","3,520","5,369","34,410","1,346,633","82,310","1,840,771","33,310","1,988,445","38,790","2,246,865","7,250","1,930","7,142","31,030","1,088,780","35,790","2,951,283","16,880","265,537","45,650","501,810","5,310","1,571","4,960","146,697","11,880","149,176","2,480","23,801",0,0,"111,300","3,015,334","111,300","2,951,544","25,800","63,790","39,350","1,776,712","3,520","123,318","34,770","475,609","4,430","12,913","36,000","244,031","39,290","383,785","39,310","383,739","27,160","35,669","31,400","465,367",480,"5,263",930,805,"2,680","29,929","33,940","595,592","3,070","169,131","71,940","749,441","150,580","37,123,630","150,530","6,991,360",300,"4,039","1,700","11,456","98,960","285,249","42,070","20,192","15,550","9,003",0,0,0,0,"67,600","209,479","1,230","11,700","6,640","6,197","30,060","235,270",0,0,"1,740","13,295","148,720","6,853,015",0,0,0,0,0,0,0,0,0,0,0,0,300,743,0,0,0,0,"150,380","6,706,111","150,540","7,093,067","63,610","48,403","71,560","69,859","78,950","920,658","71,270","664,565","58,900","462,166","15,200","202,399"
MO,9,"20,830","2,100","18,180",390,"19,920",610,"17,450","4,160",700,"60,770",0,0,0,0,0,120,"7,610","13,922,543","20,830","14,145,714","17,800","7,507,530","18,850","319,077","6,780","113,347","16,430","717,813","15,770","513,442",450,"1,497","6,000","531,412","16,150","1,170,901","4,660","372,627","3,910","257,449","1,310",120,463,"4,150","160,395","10,690","2,641,217","4,090","129,653","9,170","223,171",310,91,"1,960","88,771","3,770","62,021",400,"4,725",0,0,"10,470","283,428","10,470","276,158","2,960","7,270","10,360","715,877",190,"14,626","8,320","259,140","2,010","6,199","9,460","100,776","10,350","102,509","10,360","103,132","7,070","13,001","7,920","142,866",190,"2,937",280,155,"1,640","36,325","9,540","308,601",980,"106,368","13,730","333,190","20,820","12,591,532","20,810","3,102,606",210,"2,185",210,"1,640","11,910","38,212","9,980","18,545","1,590",938,0,0,0,0,260,437,170,"2,364",850,852,"6,390","80,951",0,0,210,"1,650","20,550","3,079,198",0,0,0,0,0,0,0,0,0,0,0,0,0,0,0,0,0,0,"20,810","3,064,393","20,830","3,269,831","14,270","45,220","18,350","71,712","11,640","504,428","9,100","304,331","4,830","123,511","4,970","180,819"
MO,10,"9,210","1,050","7,900",170,"8,830",270,"8,570","1,280",310,"26,010",0,0,0,0,0,20,"3,850","31,535,414","9,210","31,735,632","7,630","6,709,221","8,910","1,299,695","4,620","298,525","8,080","5,222,824","7,840","4,619,245",250,"2,407","2,780","380,842","8,230","5,246,916","1,890","217,413","1,620","109,903",700,10,36,"1,900","77,343","6,910","11,594,411","2,740","171,351","5,080","200,218",60,18,"1,160","67,682","2,760","47,395",160,"1,891",0,0,"2,840","76,094","2,840","73,930",880,"2,164","6,380","1,784,611",40,"4,414","4,890","637,546","1,450","4,991","5,690","104,773","6,380","63,288","6,370","63,939","4,200","10,368","4,010","74,868",150,"2,914",150,35,"1,950","292,184","6,120","1,166,701",920,"179,516","7,320","1,737,846","9,210","27,937,734","9,210","8,187,736",860,"15,070",50,411,"6,450","189,235","5,800","116,426",400,252,0,0,0,0,0,0,80,"1,822",280,256,"3,450","93,902",0,0,50,411,"9,110","9,015,894",0,0,0,0,0,0,0,0,0,0,0,0,0,0,0,0,0,0,"9,200","7,998,501","9,210","8,519,286","6,100","62,882","8,580","347,467","4,040","783,746","5,150","1,265,232","1,630","161,272","3,960","1,103,960"
MT,0,"553,910","284,550","210,080","47,180","523,970","14,540","284,930","303,740","6,740","987,710","11,950","3,040",10,"8,900",690,"66,240","173,020","47,161,089","551,750","47,763,023","428,780","27,602,538","218,370","979,486","26,070","190,509","131,040","1,559,953","117,440","979,987","14,030","18,849","97,890","1,470,599","120,860","4,060,917","68,150","1,555,094","112,770","3,428,049","18,150","17,000","92,012","107,160","2,049,446","53,390","4,405,831","52,080","653,416","133,220","601,934","10,270","3,044","3,070","77,744","23,900","178,615","12,200","66,390","27,710","18,004","498,910","9,880,677","498,910","9,613,149","117,370","267,532","44,830","1,875,375","14,200","291,230","41,360","653,335",730,"1,889","39,620","210,629","44,010","355,594","44,060","354,993","21,970","10,949","32,650","470,298",880,"9,242","2,920","2,509","2,980","73,875","32,510","606,090","1,660","64,611","111,550","1,037,466","444,640","35,761,604","441,720","6,229,069",640,"19,568","19,080","33,868","187,370","412,606","44,820","30,205","17,450","10,010","19,940","19,725","28,960","6,003","113,310","287,919","3,440","20,863","9,240","7,753","78,190","294,256","30,680","214,374","33,390","238,725","505,370","6,728,670","65,070","151,193","21,510","7,509","20,610","51,681","13,950","53,278","8,990","38,727","54,350","128,877","44,630","88,691","13,910","11,941","11,310","16,208","401,480","5,816,462","428,610","6,288,023","12,880","22,845","21,700","125,613","157,870","978,441","364,170","1,399,884","346,400","987,783","22,740","412,098"
MT,1,"10,160","5,880","3,660",350,"7,580","1,310","6,940","2,510",160,"15,930",70,20,0,50,0,210,"5,610","-631,737","8,000","-601,430","2,310","76,213","4,390","18,029",410,"2,562","2,360","14,338","2,090","8,384",100,200,"3,790","-82,186","3,400","44,861",710,"10,406","1,140","15,101","1,890",90,670,20,28,"2,130","-198,931","2,020","-3,949","1,850","30,307",40,10,10,747,590,"3,233",80,437,260,198,0,0,0,0,0,0,0,0,0,0,0,0,0,0,0,0,0,0,0,0,0,0,0,0,0,0,0,0,0,0,0,0,0,0,0,0,0,0,230,190,10,67,210,68,80,46,10,0,0,0,0,0,0,0,40,26,0,0,0,0,"1,120","2,608","1,010","10,494","1,090","10,211","4,300","21,399",670,"1,057",420,130,110,284,80,340,60,303,440,696,370,"1,017",190,177,660,"1,116",160,144,"1,410","2,966",40,62,0,0,790,"1,256","3,930","19,672","3,680","15,233",360,"4,439"
MT,2,"57,980","47,740","6,160","3,350","52,810","2,680","25,570","26,850",330,"55,160","3,560",830,0,"2,740",250,"4,680","18,100","293,426","57,980","301,484","37,020","216,598","15,850","13,207",880,"1,251","8,200","17,900","6,340","6,558",210,201,"8,230","20,827","6,360","17,564","3,840","15,251","6,310","31,083",950,420,"1,671",500,"1,039","1,480","-29,991","2,400","3,401","7,670","8,058",60,14,20,122,920,"2,759",170,583,530,389,"57,200","779,632","57,200","747,702","15,150","31,931",770,"21,752",650,"14,380",350,"1,407",30,26,480,"1,830",640,"2,542",640,"2,537",250,95,340,"3,697",0,0,30,8,10,61,400,605,10,379,200,32,"1,520","2,832","1,540",423,0,0,530,174,420,55,230,8,0,0,50,9,30,14,70,23,0,0,10,2,"6,700","4,922","1,820","14,691","1,910","14,717","39,150","33,414","14,680","14,038","10,080","3,966","2,610","5,107","1,300","3,102",690,"1,864","12,380","12,182","3,590","2,545","1,250","1,086",820,835,"1,380",368,"8,470","5,447",0,0,10,2,"5,280","2,621","36,440","30,566","36,110","29,562",430,"1,003"
MT,3,"84,240","61,870","11,070","9,550","79,540","2,080","36,700","56,340",580,"108,130","2,910",780,10,"2,120",250,"14,410","23,000","1,453,023","84,240","1,475,542","62,070","1,027,972","20,670","29,232","1,570","3,070","11,900","51,345","9,360","17,023",430,418,"13,670","111,128","9,600","19,755","7,050","56,351","12,640","137,299","1,690","1,940","8,472","11,890","27,634","2,580",-667,"4,170","17,076","14,490","22,519",320,81,60,866,"1,720","5,069",720,"2,647","1,610","1,069","82,750","1,387,569","82,750","1,348,409","18,180","39,161","1,490","41,308","1,230","25,103",860,"2,027",50,63,"1,030","3,909","1,320","5,312","1,320","5,326",520,196,680,"6,941",20,209,60,24,50,154,870,"3,012",30,434,"6,150","4,012","46,160","232,840","45,350","23,064",0,0,"1,280",476,"11,950","3,680","1,290",57,310,73,"3,310","1,589","3,880",863,"3,380",990,60,23,170,66,"11,790","20,620","4,830","34,708","4,910","33,827","73,280","164,638","23,590","65,209","11,010","3,413","6,780","25,907","3,690","21,757","2,110","14,132","19,290","56,922","11,410","21,207","3,110","2,658","2,390","2,312","37,520","19,384","46,080","40,671",10,11,0,0,"10,610","11,533","66,550","135,285","65,850","132,762",970,"2,524"
MT,4,"127,480","82,870","23,340","17,270","121,870","2,550","53,930","83,750","1,170","196,680","2,960",910,0,"2,050",170,"22,730","30,540","4,726,964","127,480","4,780,900","105,620","3,688,112","32,430","49,897","2,650","6,401","17,130","65,056","15,330","32,348","1,370","1,480","17,740","208,476","15,360","52,681","10,290","114,561","19,650","347,372","2,770","4,770","22,683","22,860","192,064","5,030","26,152","6,380","27,789","24,790","53,936","1,680",452,160,"1,465","3,180","10,950","2,460","9,638","6,060","3,874","124,030","2,194,172","124,030","2,146,425","21,390","47,746","3,460","96,666","2,330","47,689","2,710","6,803",100,175,"2,590","10,256","3,250","15,289","3,250","15,340","1,440",564,"1,870","20,302",50,422,130,153,90,299,"2,190","11,250",90,"1,201","18,010","29,255","123,330","2,428,085","121,840","262,298",0,0,"5,910","4,129","45,390","43,573","4,880",357,"2,510","1,334","5,790","5,888","16,600","3,596","24,780","31,167",340,428,930,592,"14,440","40,335","10,990","71,097","11,020","71,653","121,210","443,427","22,910","67,490",0,0,"11,120","20,383","7,420","26,870","4,370","20,237","19,680","56,497","19,290","42,138","3,200","2,684","4,060","5,206","100,550","218,725","106,760","261,199",20,20,0,0,"31,020","39,852","94,460","221,342","93,010","216,254","2,040","5,088"
MT,5,"85,300","45,490","28,150","8,910","81,480","1,740","41,690","51,370","1,040","151,510","1,480",380,0,"1,100",20,"11,900","26,710","5,248,180","85,300","5,307,150","69,340","3,796,826","31,840","59,926","3,210","8,676","17,920","79,933","16,320","44,900","2,610","2,982","13,540","178,825","16,100","75,935","10,450","150,221","19,130","491,741","2,470","3,740","21,719","20,390","357,922","5,390","52,403","6,880","34,931","21,550","58,970","1,870",530,210,"2,046","3,000","13,433","2,650","12,617","6,460","4,168","79,850","1,581,273","79,850","1,539,677","18,610","41,596","5,450","147,241","2,650","51,258","5,020","17,168",100,238,"4,590","16,891","5,330","31,391","5,340","31,287","2,610","1,069","3,720","40,977",100,836,240,218,120,536,"3,450","19,979",140,"2,096","17,250","43,228","85,060","3,482,249","84,580","405,261",10,131,"4,380","6,237","32,380","59,614","6,370",608,"2,200","1,156","3,160","3,470","8,450","1,530","20,570","49,288",540,"1,565","1,560","1,194","10,730","35,788","5,940","42,109","6,290","45,918","82,630","466,470","3,220","3,399",0,0,0,0,"1,470","1,209","1,760","2,191","2,570","2,580","7,020","15,309","1,610","1,368","1,830","3,290","77,100","345,647","79,740","384,326",10,15,0,0,"26,420","55,167","58,470","136,279","56,630","129,092","2,460","7,187"
MT,6,"56,320","19,750","31,440","3,940","53,780","1,190","31,850","29,430",760,"119,810",550,90,0,460,0,"5,580","20,560","4,886,434","56,320","4,939,858","44,720","3,284,625","26,890","66,103","3,090","11,331","15,620","85,545","14,280","50,491","2,930","3,596","10,540","160,147","14,280","90,215","9,350","170,608","15,980","534,023","2,060","2,350","13,855","16,320","383,519","5,330","88,145","6,430","40,755","15,810","53,424","1,470",440,220,"2,868","2,570","14,066","1,800","9,819","4,280","2,488","50,250","1,167,931","50,250","1,134,176","14,420","33,755","6,070","167,191","2,260","41,977","5,800","27,098",70,165,"5,420","20,947","5,990","43,855","6,000","43,812","3,170","1,291","4,580","52,332",130,958,300,338,170,862,"3,990","24,858",150,"1,977","14,880","50,450","56,230","3,502,770","56,020","446,837",0,0,"2,650","5,597","23,820","60,597","5,960",800,"2,490","1,440","2,350","2,592",0,0,"16,660","51,074",540,"2,371","1,510","1,206","8,320","31,701","3,090","22,163","3,480","26,485","54,860","460,575",0,0,0,0,0,0,0,0,0,0,0,0,"2,090","4,101","1,300","1,101",860,"1,736","53,710","386,239","54,590","420,962",30,14,0,0,"22,090","63,683","34,000","102,099","32,190","93,171","2,370","8,927"
MT,7,"96,230","16,250","75,840","3,060","92,100","2,180","59,640","44,190","1,640","243,580",390,40,0,350,0,"6,110","34,710","13,150,795","96,230","13,299,058","78,460","8,677,689","56,590","185,892","7,530","33,305","35,770","286,268","33,030","179,715","5,240","7,327","20,830","372,983","33,230","392,734","18,520","542,390","29,030","1,313,982","4,150","3,170","19,101","26,210","782,107","15,130","477,814","14,360","156,762","32,450","148,263","4,090","1,292",880,"14,145","5,740","45,287","3,290","20,185","8,510","5,818","81,450","2,141,040","81,450","2,084,783","22,710","56,257","14,780","493,789","4,080","83,072","14,250","107,584",200,514,"13,640","60,672","14,690","131,936","14,710","131,360","8,020","3,814","11,670","163,405",280,"2,255",960,925,610,"3,959","10,750","99,471",440,"9,138","33,330","181,930","96,170","10,335,957","95,990","1,459,856",60,404,"3,180","10,704","51,420","150,012","14,760","3,215","7,320","4,393","5,280","6,177",0,0,"36,550","118,850","1,330","9,673","3,550","3,114","16,340","77,112","3,010","19,112","3,750","28,612","94,460","1,429,913",0,0,0,0,0,0,0,0,0,0,0,0,810,"2,220","3,240","2,867",690,"1,713","94,950","1,309,844","95,390","1,396,679",690,180,280,131,"42,540","200,606","53,370","230,191","48,280","193,662","6,590","36,529"
MT,8,"29,200","3,770","24,600",600,"28,030",700,"22,130","8,260",810,"78,020",20,0,0,20,0,600,"10,920","8,358,106","29,200","8,496,939","23,670","4,419,903","23,120","185,107","4,610","42,378","16,770","334,703","15,660","222,780",950,"1,761","7,500","288,710","16,860","700,396","6,530","388,159","7,690","480,989","1,630",470,"3,447","7,330","247,051","11,340","1,155,627","6,790","182,600","10,920","138,833",690,203,"1,020","30,041","4,200","52,190",850,"8,524",0,0,"20,240","545,309","20,240","530,651","5,910","14,659","8,960","400,402",950,"23,945","8,660","158,166",130,499,"8,320","51,392","8,930","87,066","8,930","87,018","4,410","2,603","7,110","129,063",200,"2,694",800,615,910,"9,375","7,350","125,028",410,"22,050","16,670","263,803","29,190","7,155,761","29,170","1,325,365",90,"1,003",830,"5,549","18,070","56,035","8,140","5,843","2,270","1,372",0,0,0,0,"11,200","36,390",520,"5,031","1,270","1,279","6,620","52,845",0,0,850,"6,358","28,600","1,289,322",0,0,0,0,0,0,0,0,0,0,0,0,60,154,0,0,0,0,"29,130","1,269,330","29,180","1,356,847","8,740","6,521","15,070","20,868","15,610","237,467","13,480","165,191","9,360","94,822","4,990","70,368"
MT,9,"4,760",620,"3,980",110,"4,600",100,"4,320",770,170,"13,090",0,0,0,0,0,20,"1,840","3,207,814","4,760","3,256,276","3,840","1,225,655","4,400","95,779","1,260","19,352","3,530","166,193","3,300","116,675",130,334,"1,340","96,214","3,690","498,719",960,"70,479",850,"54,371",330,40,394,"1,080","36,671","3,120","854,554","1,680","85,545","2,370","48,462",60,18,310,"14,283","1,220","18,953",120,"1,307",0,0,"2,350","62,748","2,350","60,987",730,"1,762","2,410","159,577",50,"3,062","2,330","93,186",30,151,"2,220","20,578","2,410","23,776","2,410","23,863","1,040",775,"1,840","36,590",60,966,280,144,510,"10,693","2,140","76,074",180,"6,807","3,320","128,725","4,750","2,857,543","4,750","677,476",100,"1,089",80,661,"2,470","10,169","2,010","4,479",290,191,0,0,0,0,60,111,90,"1,110",160,216,"1,330","14,851",0,0,80,664,"4,660","664,914",0,0,0,0,0,0,0,0,0,0,0,0,0,0,0,0,0,0,"4,750","667,307","4,750","714,197","2,290","6,472","4,240","24,217","2,530","139,993","2,200","87,861",930,"28,439","1,490","59,421"
MT,10,"2,250",330,"1,850",40,"2,190",40,"2,160",280,70,"5,820",0,0,0,0,0,0,"1,050","6,468,084","2,250","6,507,246","1,730","1,188,945","2,200","276,314",870,"62,183","1,850","458,672","1,730","301,113",50,550,710,"115,475","1,980","2,168,057",460,"36,668",350,"22,088",210,0,0,590,"21,411","1,870","1,980,725",960,"108,506","1,320","39,162",10,4,160,"11,161",760,"12,675",50,633,0,0,790,"21,003",790,"20,339",280,665,"1,460","347,449",10,744,"1,400","239,896",20,58,"1,330","24,154","1,460","14,427","1,460","14,450",520,542,850,"16,991",40,902,120,84,530,"47,936","1,360","245,813",210,"20,529","1,750","336,031","2,250","5,763,567","2,250","1,628,299",360,"16,874",20,273,"1,390","28,825","1,180","14,838",70,51,0,0,0,0,0,0,40,662,80,84,800,"13,474",0,0,20,280,"2,220","1,754,598",0,0,0,0,0,0,0,0,0,0,0,0,0,0,0,0,0,0,"2,250","1,599,474","2,250","1,704,729","1,060","9,550","2,100","80,395",980,"226,263","1,270","271,398",360,"54,786","1,060","216,612"
NE,0,"951,450","466,000","364,100","103,350","910,010","20,790","505,750","583,150","10,890","1,805,540","15,070","9,110",30,"5,940","1,890","110,120","261,680","83,230,070","948,450","84,097,008","789,860","54,866,800","374,450","1,530,590","42,230","299,152","212,680","2,208,000","197,390","1,559,337","17,010","21,852","146,760","1,710,469","194,630","4,519,817","118,570","2,632,360","166,470","4,311,667","41,390","11,880","55,454","161,170","3,289,503","73,510","6,849,518","65,450","789,175","226,130","866,938","25,100","7,709","4,610","122,212","31,910","254,254","17,220","92,178","53,370","36,736","880,470","17,584,738","880,470","17,181,686","175,350","403,053","58,150","2,841,219","18,400","512,711","41,130","400,107","16,180","35,638","47,060","348,716","57,790","466,607","57,850","466,062","31,590","27,052","37,430","425,490",650,"6,302","1,410","1,325","2,780","77,771","44,650","1,160,858","3,930","181,951","178,450","1,719,896","785,590","62,994,866","783,080","10,913,970",760,"8,703","32,770","55,492","370,870","893,134","72,180","27,518","48,740","29,496","47,630","45,576","65,390","13,295","242,740","629,617","2,960","14,056","15,230","12,262","125,680","453,218","54,060","468,687","57,910","520,328","887,950","11,531,279","115,180","296,516","29,450","10,447","38,300","94,725","27,260","104,378","20,170","86,966","99,880","258,735","90,370","185,328","31,870","26,436","16,230","19,838","702,020","10,020,835","746,380","10,716,021","27,470","43,839","36,940","150,058","263,560","1,584,818","650,990","2,376,967","629,910","1,825,681","28,170","551,282"
NE,1,"12,820","7,540","4,520",470,"9,990","1,210","9,000","3,980",130,"20,450",110,70,0,30,0,280,"6,720","-869,340","9,820","-858,329","3,270","124,649","5,860","22,574",490,"2,195","2,890","11,380","2,610","6,944",90,210,"4,050","-104,946","4,230","97,206","1,210","15,297","1,430","18,182","3,520",30,210,20,48,"2,320","-413,841","2,380","-8,837","2,410","11,011",70,19,20,424,740,"4,041",70,331,280,233,0,0,0,0,0,0,0,0,0,0,0,0,0,0,0,0,0,0,0,0,0,0,0,0,0,0,0,0,0,0,0,0,0,0,0,0,0,0,440,205,0,0,420,103,140,43,20,0,0,0,20,5,10,1,70,33,0,0,0,0,"1,510","3,998","1,820","22,766","1,960","22,778","5,810","28,910",860,"1,636",470,160,140,386,140,571,110,519,590,"1,109",570,"1,723",310,277,"1,020","1,606",320,162,"1,980","4,538",60,85,0,0,"1,110","2,003","5,390","26,347","5,170","22,833",320,"3,513"
NE,2,"88,090","74,500","7,490","5,280","81,360","3,600","40,140","49,460",450,"75,480","2,840","1,640",0,"1,210",570,"6,640","21,500","469,455","88,090","479,438","62,430","377,782","23,140","16,144","1,260","1,829","9,770","13,544","8,810","7,205",250,219,"12,600","30,777","8,480","7,042","6,420","26,947","8,720","37,631","1,790",380,"1,524",780,"1,359","1,440","-7,799","2,360","3,774","12,000","9,983",100,26,0,0,"1,090","3,700",170,556,670,482,"87,270","1,102,817","87,270","1,064,004","18,130","38,813",820,"26,064",700,"20,278",200,580,530,441,380,"1,966",770,"2,762",760,"2,741",230,145,250,"2,087",10,61,0,0,10,70,400,651,20,203,390,73,"2,570","5,820","2,840","1,208",0,0,"1,020",293,740,88,370,14,0,0,60,7,60,10,130,42,0,0,20,3,"10,550","7,365","3,360","29,378","3,530","30,320","63,900","53,064","21,160","21,986","14,000","5,618","4,090","8,345","1,860","4,630","1,210","3,393","18,350","19,443","5,880","4,162","2,270","1,966","1,170",943,"2,530","1,121","13,650","8,245",0,0,0,0,"8,830","4,757","60,010","49,063","59,700","48,293",430,769
NE,3,"135,900","99,360","14,630","19,780","129,670","2,990","64,680","101,050",910,"176,900","3,380","1,990",0,"1,390",620,"22,320","31,870","2,339,913","135,900","2,372,756","106,060","1,768,690","32,780","36,936","2,260","3,996","14,840","33,541","13,500","17,743",530,496,"21,820","172,989","13,370","27,971","12,700","102,493","18,190","168,662","3,160","1,660","7,816","18,090","43,367","2,780","-6,283","4,660","20,311","23,690","32,843",690,185,60,422,"2,240","7,281",920,"3,023","2,410","1,764","134,130","2,225,188","134,130","2,169,187","25,890","56,001","1,770","54,984","1,460","40,037",580,"1,875","1,070",935,820,"3,796","1,700","5,740","1,700","5,766",570,319,490,"3,970",0,0,20,5,30,100,970,"3,976",100,"1,084","9,430","5,779","75,260","368,244","74,660","37,043",0,0,"2,810",855,"23,800","7,245","1,810",58,970,243,"6,160","2,860","8,450","1,688","7,320","2,227",80,39,260,98,"19,250","33,451","9,380","76,602","9,620","76,897","123,090","300,923","40,040","132,251","14,980","4,669","12,530","48,172","7,550","45,482","4,990","33,929","34,620","116,312","23,510","44,940","5,930","4,864","3,440","2,854","58,820","29,798","73,730","64,266",10,33,0,0,"16,630","17,317","112,240","253,675","111,610","251,643",920,"2,032"
NE,4,"220,770","140,020","34,750","40,060","212,330","4,170","101,930","158,780","1,830","356,520","4,830","3,230",30,"1,570",630,"38,520","45,750","8,280,259","220,770","8,355,799","192,080","6,955,961","53,300","68,223","3,980","9,546","25,070","65,992","22,940","36,060","1,510","1,429","25,320","229,942","22,460","66,157","18,150","206,650","28,510","398,973","5,470","3,590","16,939","32,930","288,353","5,830","12,201","7,780","39,280","38,380","75,540","2,820",775,160,"1,538","3,960","14,847","3,720","14,104","10,770","7,206","216,190","3,808,002","216,190","3,737,200","31,690","70,802","4,570","140,379","3,160","81,357","2,640","6,105","1,760","2,125","2,590","12,723","4,490","19,561","4,500","19,657","1,970","1,248","1,750","14,957",40,273,50,71,60,203,"2,890","17,839",360,"5,780","25,750","37,862","214,850","4,329,132","213,260","470,479",20,138,"10,480","6,896","92,130","96,154","6,830",331,"7,290","4,169","12,550","12,105","39,170","8,358","52,650","68,624",600,"1,059","1,560","1,045","20,350","52,308","18,660","144,801","18,990","149,144","212,300","811,745","46,610","134,044",0,0,"21,540","37,822","15,030","51,681","10,040","44,540","41,090","116,769","40,390","91,050","7,190","5,680","5,620","5,870","169,170","374,326","179,080","430,257",40,69,0,0,"47,570","56,978","170,490","437,531","169,100","432,410","2,090","5,121"
NE,5,"154,240","81,520","45,690","22,260","148,450","2,900","79,980","103,300","1,670","283,420","2,240","1,380",0,860,60,"20,820","41,070","9,466,723","154,240","9,550,866","133,760","7,554,084","53,490","83,784","4,780","13,142","27,390","89,528","25,160","52,185","3,180","3,408","19,260","194,606","24,460","101,468","17,440","256,519","26,860","558,590","5,480","2,390","11,021","29,460","536,022","6,840","49,093","8,660","55,474","35,270","84,143","4,070","1,157",240,"2,969","3,830","18,588","3,520","16,695","11,700","7,916","147,160","2,866,366","147,160","2,804,580","27,540","61,786","7,070","213,391","3,630","96,682","5,450","17,003","1,520","2,157","5,020","24,555","7,010","41,358","7,030","41,398","3,670","2,222","3,850","33,907",60,315,100,157,110,492,"4,650","31,046",530,"9,205","25,620","59,357","153,670","6,341,453","153,140","743,379",10,146,"7,150","9,929","63,510","124,910","9,100",671,"5,860","3,416","7,510","7,770","17,710","3,238","43,960","104,518",660,"2,039","2,530","1,925","16,110","47,619","10,220","92,963","10,540","100,408","150,390","856,950","6,510","6,599",0,0,0,0,"2,690","2,014","3,820","4,585","5,230","5,102","14,610","32,621","3,820","3,117","2,760","4,135","138,070","618,469","142,550","671,161",30,70,0,0,"42,100","81,639","111,470","266,081","109,410","258,984","2,900","7,097"
NE,6,"97,310","32,400","54,490","8,400","93,810","1,670","56,090","56,440","1,260","218,120",920,480,0,450,0,"9,420","32,580","8,442,281","97,310","8,521,248","82,410","6,259,882","45,830","88,453","4,900","14,614","25,360","101,756","23,450","61,923","3,920","4,425","15,800","182,877","22,690","112,034","15,550","292,731","22,840","623,564","4,830","1,480","6,777","24,340","595,054","7,240","99,577","8,210","65,032","26,780","78,967","3,250","1,005",290,"3,671","3,330","19,789","2,560","14,613","8,110","4,917","89,540","2,079,117","89,540","2,027,881","22,010","51,237","7,770","224,304","2,940","77,396","6,590","28,308","1,110","1,952","6,340","32,646","7,730","58,568","7,740","58,338","4,550","2,899","5,100","42,658",100,633,150,177,120,525,"5,360","36,870",400,"7,636","23,410","72,911","97,090","6,071,012","96,860","775,817",10,60,"4,290","8,437","44,730","119,964","9,030",850,"6,280","3,999","5,870","6,002",0,0,"33,780","103,561",390,"1,639","2,450","1,937","13,620","45,249","5,310","54,103","5,700","61,207","95,130","799,695",0,0,0,0,0,0,0,0,0,0,0,0,"4,040","7,410","3,190","2,589","1,270","2,405","92,670","655,852","94,290","706,143",50,31,0,0,"35,340","96,685","61,630","188,635","59,490","180,046","2,940","8,588"
NE,7,"176,950","24,810","144,530","5,980","171,140","3,020","106,020","90,180","3,000","482,610",700,310,0,390,0,"10,980","59,010","24,298,200","176,950","24,528,050","153,250","17,744,536","106,590","288,022","12,960","50,855","65,740","363,718","61,300","237,012","6,040","7,948","32,910","449,415","59,090","500,279","32,990","943,878","45,040","1,672,134","11,110","2,010","9,310","41,470","1,304,259","22,680","567,483","19,300","245,023","62,280","229,850","11,330","3,700","1,240","21,159","8,070","65,291","5,050","30,508","19,430","14,218","158,580","4,203,638","158,580","4,109,415","38,130","94,223","18,380","631,074","5,200","146,772","15,470","106,560","2,810","6,002","15,940","96,972","18,340","164,916","18,360","164,549","11,170","8,488","13,140","135,295",200,"1,730",490,576,470,"2,741","14,260","153,309","1,060","26,028","56,710","285,419","176,810","19,181,800","176,560","2,714,802",80,659,"5,130","17,337","102,700","318,297","24,850","3,501","20,900","13,329","15,460","16,827",0,0,"79,230","265,068",850,"5,104","6,010","5,037","28,630","119,143","5,300","48,074","6,050","64,652","173,710","2,589,813",0,0,0,0,0,0,0,0,0,0,0,0,"1,300","3,226","9,150","7,943",950,"2,025","175,160","2,396,505","175,780","2,532,189","1,210",365,370,101,"75,890","345,723","100,660","398,309","94,330","356,132","8,520","42,177"
NE,8,"54,430","4,810","48,350",970,"52,640","1,040","38,150","17,640","1,300","159,750",50,20,0,40,0,"1,110","18,670","15,383,215","54,430","15,601,449","47,290","9,692,677","43,070","275,977","8,030","58,847","32,720","433,342","31,070","302,404","1,250","2,504","12,010","343,555","30,860","789,342","11,750","605,804","12,920","702,797","4,760",320,"1,767","11,580","423,662","17,070","1,453,838","9,040","236,628","19,540","218,234","2,580",784,"1,840","56,933","5,860","74,239","1,010","9,844",0,0,"42,220","1,153,199","42,220","1,127,393","10,220","25,806","12,220","551,164","1,230","42,525","8,130","127,211","4,010","11,191","10,910","97,321","12,200","119,034","12,210","118,977","6,860","7,475","9,220","131,444",140,"1,307",380,273,830,"8,979","10,830","209,025",890,"37,394","29,050","407,373","54,420","13,271,867","54,400","2,469,870",160,"1,390","1,300","9,875","36,540","112,398","14,810","5,725","6,640","3,856",0,0,0,0,"25,490","85,319",290,"2,648","2,100","1,903","12,020","94,573",0,0,"1,350","13,152","53,010","2,313,853",0,0,0,0,0,0,0,0,0,0,0,0,70,196,0,0,0,0,"54,360","2,357,471","54,400","2,505,809","19,590","14,300","26,560","28,521","30,500","432,210","23,810","234,362","18,640","148,238","6,620","86,124"
NE,9,"7,650",690,"6,800",110,"7,420",140,"6,660","1,750",240,"22,900",0,0,0,0,0,20,"3,040","5,150,065","7,650","5,228,456","6,560","2,449,542","7,180","147,252","2,170","36,624","6,050","234,703","5,790","171,952",170,811,"2,070","118,861","6,050","543,858","1,720","126,847","1,400","84,881",900,20,90,"1,690","65,573","4,650","1,127,300","1,920","79,040","3,830","78,391",160,48,580,"24,888","1,730","28,460",150,"1,748",0,0,"4,160","113,748","4,160","110,369","1,330","3,379","3,490","247,516",70,"6,108","1,460","53,812","1,980","6,337","3,180","41,059","3,490","34,320","3,490","34,299","1,780","2,654","2,520","41,588",60,"1,050",150,59,550,"11,108","3,280","127,584",280,"24,117","5,420","164,294","7,650","4,625,725","7,650","1,116,947",100,"1,028",140,"1,514","4,360","14,620","3,470","3,840",650,381,0,0,0,0,120,225,70,965,230,231,"2,440","26,931",0,0,140,"1,517","7,400","1,092,996",0,0,0,0,0,0,0,0,0,0,0,0,0,0,0,0,0,0,"7,640","1,102,326","7,650","1,175,218","4,610","13,790","6,930","30,037","4,130","219,568","3,500","134,349","1,870","56,623","1,990","77,726"
NE,10,"3,280",350,"2,850",50,"3,190",50,"3,100",580,90,"9,380",0,0,0,0,0,0,"1,490","10,269,299","3,280","10,317,275","2,760","1,938,997","3,210","503,225","1,400","107,504","2,860","860,496","2,770","665,909",80,402,930,"92,393","2,940","2,274,460",650,"55,194",570,"46,253",380,0,0,800,"31,806","2,650","3,967,949","1,150","53,450","1,950","47,976",30,10,200,"10,208","1,060","18,018",60,756,0,0,"1,210","32,663","1,210","31,657",400,"1,006","2,070","752,343",20,"1,556",610,"58,653","1,400","4,498","1,900","37,678","2,070","20,348","2,070","20,337",800,"1,602","1,130","19,584",50,933,70,7,610,"53,553","2,010","580,558",290,"70,504","2,680","686,828","3,270","8,799,813","3,280","2,584,220",370,"5,282",30,253,"2,230","99,415","1,900","12,528",160,103,0,0,0,0,0,0,30,563,80,83,"1,200","22,581",0,0,30,253,"3,210","2,683,330",0,0,0,0,0,0,0,0,0,0,0,0,0,0,0,0,0,0,"3,270","2,484,805","3,280","2,618,195","1,870","15,096","3,090","91,399","1,480","327,938","1,790","388,615",600,"70,479","1,430","318,135"
NV,0,"1,564,590","820,100","474,800","235,750","1,466,310","46,520","810,520","982,950","21,970","2,809,470","17,110","7,380",60,"9,680","1,300","224,350","395,300","149,462,479","1,556,080","150,571,043","1,258,520","88,434,991","427,720","3,827,945","47,630","735,811","250,800","5,615,468","227,130","3,589,927","5,880","11,678","295,700","3,174,143","245,660","14,514,389","126,290","3,646,613","284,360","10,176,892","3,590","49,990","323,680","233,000","4,430,377","87,960","13,278,166","80,040","798,327","302,500","1,108,564","27,600","8,542","5,420","164,910","28,320","226,102","22,380","118,049","48,360","32,603","1,400,950","26,973,214","1,400,950","26,423,235","250,080","549,981","138,530","8,691,574","33,080","622,572","17,840","703,928","104,960","292,848","114,790","680,939","135,090","850,180","135,350","885,233","79,470","78,198","104,460","1,655,542","2,880","34,632","7,310","14,082","8,430","579,988","103,320","1,989,870","32,840","2,902,481","220,530","2,767,921","1,295,200","115,810,148","1,293,830","22,477,185","1,720","38,773","31,520","54,367","581,860","1,489,823","82,430","223,277","48,330","30,803","69,660","70,783","101,460","20,013","376,180","779,776","32,470","169,855","19,420","16,164","192,400","680,810","49,300","302,965","54,370","351,013","1,463,970","25,182,364","246,850","652,805","68,880","24,657","89,580","237,761","57,240","242,500","31,160","147,885","213,010","556,068","182,990","358,300","57,640","49,721","16,350","19,598","1,124,550","20,987,381","1,217,010","22,434,390","47,330","95,873","59,350","564,971","404,230","2,859,480","1,103,300","5,540,920","1,074,970","3,758,170","34,920","1,782,752"
NV,1,"24,980","17,380","5,730","1,100","16,860","3,360","13,260","6,860",650,"34,250",160,100,0,60,0,840,"10,990","-2,951,587","16,470","-2,926,418","4,420","213,688","6,870","72,725",710,"12,131","4,350","56,322","3,810","27,743",80,290,"8,850","-284,467","6,850","163,038","1,120","21,289","1,770","30,042",430,220,"2,012",50,205,"4,450","-748,540","3,150","-103,040","3,170","25,169",110,34,40,"2,687",730,"4,332",140,838,480,512,0,0,0,0,0,0,0,0,0,0,0,0,0,0,0,0,0,0,0,0,0,0,0,0,0,0,0,0,0,0,0,0,0,0,0,0,0,0,430,"2,336",50,"2,046",360,164,100,183,0,0,0,0,0,0,10,3,50,33,0,0,0,0,"1,890","5,541","1,840","15,084","1,950","14,911","10,350","84,951","1,420","1,943",960,284,250,716,140,639,60,304,910,"1,381",780,"1,986",850,790,"1,040","1,280",350,"2,154","2,730","8,730",170,204,0,0,"1,490","3,757","9,660","79,900","9,070","61,908",700,"17,992"
NV,2,"123,730","100,770","11,800","9,110","111,140","5,530","55,660","67,610","1,150","133,820","3,450","1,360",10,"2,080",420,"12,850","34,420","648,165","123,730","666,352","74,650","525,150","22,680","21,771","1,330","3,053","10,940","20,143","9,520","10,303",130,148,"30,060","47,027","10,160","-4,760","6,030","26,044","14,170","66,327",160,"1,550","7,099","1,640","3,297","2,230","-20,845","3,100",-772,"23,520","18,187",270,71,40,342,"1,170","3,406",350,"1,224","1,060",864,"122,140","1,770,832","122,140","1,713,526","27,550","57,307","1,560","35,420","1,010","13,827",100,422,"1,110","1,388","1,010","4,029","1,410","5,365","1,410","5,566",560,351,930,"12,520",20,195,50,65,60,239,750,"1,015",180,"1,712",310,85,"1,840","4,299","2,560",930,0,0,"1,090",480,630,127,260,18,0,0,70,18,60,14,130,55,30,22,20,8,"21,660","16,201","4,610","31,671","4,830","32,255","91,160","100,414","44,600","39,245","33,550","13,461","7,210","15,499","2,620","6,816","1,210","3,468","35,410","32,743","9,270","6,904","4,580","4,077","1,830","1,527","2,270",804,"24,970","17,721",10,22,0,0,"16,740","8,623","81,600","91,238","81,040","88,493",720,"2,745"
NV,3,"253,880","173,480","23,830","52,070","238,210","7,140","127,540","193,590","2,040","380,850","3,820","1,770",0,"2,050",430,"56,630","48,470","4,436,600","253,880","4,513,224","192,160","3,467,827","32,880","50,374","2,170","7,176","15,820","47,430","13,860","23,599",220,325,"69,990","394,310","15,860","9,037","11,480","97,944","28,660","307,746",260,"7,810","50,242","24,350","62,904","4,620","-18,086","5,770","12,821","57,380","76,624","1,130",311,120,"1,033","2,260","6,867","1,590","5,224","3,130","2,439","249,870","4,188,016","249,870","4,112,732","36,200","75,285","3,980","99,318","2,400","35,469",240,"1,474","2,970","4,452","2,540","9,211","3,680","14,413","3,690","15,065","1,660","1,256","2,260","29,202",70,756,120,144,90,467,"2,290","7,105",760,"10,626","19,840","13,484","141,870","696,655","141,500","70,318",0,0,"3,030","1,385","51,700","16,436","1,780",125,"1,310",336,"11,290","5,422","17,150","3,474","21,330","6,454",600,284,410,186,"51,100","96,528","11,080","70,375","11,270","69,779","232,140","732,359","99,520","340,176","34,360","10,912","35,080","135,410","20,100","124,010","9,990","69,844","86,060","281,440","60,950","115,718","13,500","11,897","4,880","4,252","103,620","53,885","145,780","156,441",50,47,0,0,"29,040","36,142","214,170","611,286","213,190","607,189","1,310","4,097"
NV,4,"399,600","244,000","55,670","90,110","379,480","9,420","194,750","290,920","3,650","660,890","5,230","2,760",30,"2,440",410,"78,650","70,420","14,807,183","399,600","14,917,685","349,980","12,765,532","57,670","93,575","3,710","15,012","27,580","94,345","24,390","50,133",510,479,"58,900","287,578","28,140","34,429","16,780","202,065","47,950","827,527",380,"14,480","100,251","46,530","394,504","7,810","28,686","9,140","11,729","54,780","110,502","3,370",947,240,"2,453","3,420","12,936","5,150","19,597","10,490","6,786","386,780","6,806,501","386,780","6,708,181","46,140","98,320","12,800","343,685","6,080","95,706",890,"3,860","9,700","20,591","8,330","27,194","12,020","52,325","12,080","59,183","6,440","5,996","7,750","99,220",240,"2,982",460,"1,173",220,"1,531","8,690","40,376","2,500","42,273","38,220","64,829","390,460","7,633,810","389,110","828,694",20,149,"10,800","8,100","179,910","200,690","6,990",960,"12,890","8,261","24,920","26,612","64,230","13,123","112,300","137,510","5,930","9,521","2,430","1,910","33,770","92,490","17,390","103,164","17,360","108,314","384,050","1,497,883","92,910","263,431",0,0,"47,040","86,136","30,320","108,044","15,560","69,250","83,350","233,835","82,520","173,489","17,410","14,704","5,470","6,666","294,890","628,004","311,860","727,951",100,569,20,5,"78,330","109,184","317,070","876,557","315,120","867,734","2,480","8,824"
NV,5,"246,330","134,400","62,530","42,200","233,210","6,340","122,200","164,300","3,020","436,620","2,590","1,020",20,"1,550",40,"36,130","60,270","15,126,763","246,330","15,227,096","211,250","12,186,222","58,530","113,269","4,440","21,419","29,730","123,042","26,620","67,491",740,866,"34,490","265,698","29,060","62,797","16,990","268,925","46,430","1,237,272",350,"8,610","57,578","41,650","709,175","7,460","39,651","9,630","16,418","43,540","100,333","5,800","1,678",310,"3,754","2,900","14,223","4,510","20,088","12,110","8,384","228,800","4,357,781","228,800","4,273,344","39,540","84,436","17,510","501,284","6,310","108,370","1,290","5,384","13,550","30,048","13,100","44,733","16,850","79,261","16,910","86,751","10,170","8,388","12,320","160,596",340,"3,981",720,"1,890",270,"1,739","12,280","64,049","3,660","73,493","30,120","79,666","245,740","10,203,064","245,320","1,206,866",20,96,"6,990","11,601","99,730","214,032","9,060","1,596","8,040","5,055","12,710","14,934","20,010","3,399","71,870","158,290","6,760","21,113","2,980","2,484","20,570","66,937","7,710","46,528","8,720","57,387","239,810","1,387,927","8,400","8,010",0,0,0,0,"4,060","2,991","4,340","5,019","7,280","6,669","21,260","42,343","7,850","6,876","1,830","2,974","220,010","992,842","225,120","1,067,448",90,89,0,0,"66,370","142,417","178,920","460,132","176,810","448,133","2,750","11,999"
NV,6,"157,370","65,960","67,700","19,890","148,570","4,340","83,200","93,350","2,410","315,570","1,030",250,0,780,0,"17,150","47,290","13,635,805","157,370","13,718,488","130,840","10,281,799","53,090","123,744","4,710","25,561","28,970","157,415","26,080","92,362",750,924,"23,710","241,195","27,250","79,782","16,160","329,187","39,120","1,434,178",380,"6,140","38,335","33,880","754,838","7,280","100,711","9,500","17,711","30,180","82,683","4,230","1,259",300,"4,678","2,480","14,682","2,750","14,659","7,780","4,056","139,510","3,010,274","139,510","2,942,312","30,570","67,962","17,850","545,798","5,180","94,734","1,520","7,849","13,820","32,430","14,550","51,012","17,360","89,815","17,400","94,861","10,960","8,688","13,660","183,577",360,"3,844",860,"2,015",320,"2,444","12,620","73,306","3,900","90,858","24,870","80,979","157,100","10,007,871","156,900","1,329,382",20,120,"3,850","9,339","66,380","185,658","9,430","2,039","5,950","3,761","7,490","8,294",0,0,"50,270","132,715","5,490","26,125","3,040","2,495","14,630","54,528","3,750","21,499","4,440","30,270","154,090","1,403,165",0,0,0,0,0,0,0,0,0,0,0,0,"5,290","10,433","4,790","3,933",750,"1,580","149,720","1,143,723","151,410","1,206,230",130,110,20,4,"54,330","153,105","102,510","347,107","100,300","334,714","2,780","12,393"
NV,7,"253,300","63,970","167,740","17,410","239,470","6,990","139,920","132,800","5,180","592,130",770,110,0,670,0,"19,560","83,270","34,760,786","253,300","34,988,067","210,010","24,762,270","118,210","415,667","13,190","83,825","73,280","668,994","66,800","435,589","2,050","3,530","44,990","628,288","68,010","451,409","36,870","1,150,761","76,420","3,930,948",890,"9,190","53,906","59,850","1,661,552","20,770","564,189","21,570","121,464","58,730","227,281","9,840","3,289","1,260","23,401","6,200","47,165","5,590","34,512","13,310","9,562","209,910","5,183,044","209,910","5,060,371","51,820","122,673","43,380","1,642,060","9,360","189,204","4,950","37,087","33,670","91,291","37,800","163,441","42,650","268,531","42,730","276,475","27,670","25,181","35,180","536,936",860,"8,357","2,420","4,898","1,300","13,937","32,800","250,032","10,780","361,987","57,510","269,745","253,010","27,674,244","252,860","4,125,750",130,"1,930","4,160","15,604","125,920","412,102","25,910","8,995","14,290","9,452","13,180","15,503",0,0,"92,870","266,227","10,040","73,327","7,160","6,043","28,900","133,225","2,930","14,644","4,520","29,853","249,140","4,121,423",0,0,0,0,0,0,0,0,0,0,0,0,"2,720","6,975","8,660","7,444",550,"1,319","248,770","3,713,650","249,960","3,871,787","3,310","1,037",970,313,"103,620","476,570","148,800","716,191","142,260","654,981","8,340","61,210"
NV,8,"83,380","15,490","63,730","3,090","78,640","2,620","54,960","29,800","2,780","203,340",60,20,0,50,0,"2,450","30,500","23,745,722","83,380","23,980,291","68,180","14,452,311","57,920","526,273","10,650","135,473","43,260","921,523","40,210","582,993","1,020","2,420","18,750","711,918","42,810","1,166,425","16,610","1,015,619","25,550","1,984,954",480,"1,810","12,675","19,630","641,070","19,760","1,462,741","11,580","191,327","22,290","234,569","2,700",907,"1,860","60,168","5,390","62,884","1,700","15,379",0,0,"54,990","1,429,103","54,990","1,392,487","15,170","36,616","28,380","1,656,037","2,540","69,794","4,830","74,275","21,570","73,412","25,670","171,315","28,100","222,835","28,120","225,295","16,740","18,912","23,250","433,252",630,"7,367","1,910","3,101","2,390","47,718","22,740","289,589","7,500","578,498","35,280","382,475","83,250","20,285,540","83,220","3,905,011",240,"4,825","1,050","6,323","45,800","161,527","19,090","22,394","5,190","3,467",0,0,0,0,"27,260","78,352","3,050","31,182","2,900","2,573","14,000","106,779",0,0,"1,090","6,857","81,750","3,850,084",0,0,0,0,0,0,0,0,0,0,0,0,200,452,0,0,0,0,"83,050","3,743,485","83,220","3,944,173","30,980","23,671","39,340","49,065","43,390","590,181","39,640","483,900","32,650","330,512","8,500","153,388"
NV,9,"13,530","2,770","10,040",490,"12,750",460,"11,250","2,610",650,"32,500",0,0,0,0,0,70,"5,640","9,181,639","13,530","9,288,703","10,620","4,080,847","11,840","361,139","3,420","95,243","9,840","585,425","9,250","352,663",220,663,"3,600","326,405","10,200","967,859","2,760","275,618","2,870","238,351",130,150,"1,196","3,240","118,497","7,270","1,686,233","3,430","126,142","5,070","107,064",120,35,710,"34,362","2,070","31,216",360,"3,790",0,0,"6,210","159,367","6,210","154,350","2,080","5,017","7,320","769,371",170,"12,822","1,740","69,291","5,280","18,759","6,680","76,931","7,290","64,647","7,290","65,674","3,400","5,101","5,570","121,354",200,"3,626",490,488,"1,490","50,215","6,090","157,104","1,880","357,297","8,120","213,150","13,480","8,048,125","13,480","2,004,977",260,"5,174",130,"1,026","6,590","39,260","5,400","20,517",520,368,0,0,0,0,100,140,420,"5,298",360,331,"3,280","38,996",0,0,130,"1,042","13,170","1,993,545",0,0,0,0,0,0,0,0,0,0,0,0,0,0,0,0,0,0,"13,450","1,965,721","13,500","2,095,916","7,710","22,626","11,340","64,077","7,350","376,753","6,090","265,047","3,090","101,430","3,480","163,618"
NV,10,"8,490","1,880","6,030",290,"7,990",330,"7,780","1,110",460,"19,500",0,0,0,0,0,20,"4,040","36,071,403","8,490","36,197,555","6,400","5,699,345","8,040","2,049,408","3,300","336,918","7,040","2,940,829","6,600","1,947,051",160,"2,033","2,360","556,191","7,320","11,584,373","1,490","259,161","1,410","119,547",150,40,386,"2,190","84,335","6,300","10,183,426","3,180","404,527","3,850","126,152",40,11,540,"32,032","1,700","28,391",250,"2,738",0,0,"2,730","68,296","2,730","65,932","1,010","2,365","5,760","3,098,601",30,"2,646","2,290","504,286","3,290","20,477","5,110","133,073","5,730","52,988","5,730","56,363","1,870","4,325","3,550","78,885",160,"3,524",290,308,"2,300","461,698","5,060","1,107,294","1,670","1,385,737","6,260","1,663,508","8,460","31,256,540","8,460","9,002,921",990,"24,433",50,345,"5,120","259,808","4,510","166,633",140,103,0,0,0,0,0,0,170,"2,983",130,134,"2,610","69,585",0,0,50,345,"8,310","10,010,613",0,0,0,0,0,0,0,0,0,0,0,0,0,0,0,0,0,0,"8,430","8,743,113","8,470","9,337,993","4,770","47,498","7,670","451,507","3,580","962,748","4,850","1,609,562","1,440","263,076","3,860","1,346,486"
NH,0,"732,250","376,050","277,900","58,610","684,550","22,030","313,710","431,230","10,050","1,264,420","14,990","3,530",230,"11,220",570,"76,630","236,830","79,611,092","729,500","80,495,177","591,600","52,090,026","312,510","1,456,663","39,910","360,576","193,110","2,659,795","176,670","1,688,744","6,130","6,048","115,050","3,441,483","160,860","5,892,864","103,050","2,822,428","151,270","4,546,952","1,960","16,080","118,494","148,090","3,217,495","34,680","3,455,058","38,690","308,791","171,790","884,085","18,440","5,491","7,890","223,745","23,260","181,787","14,150","78,682","48,160","42,422","666,770","13,263,617","666,770","12,904,256","158,060","359,365","57,650","2,494,355","15,140","444,721","28,520","336,428","1,160","3,475","51,930","569,746","55,740","472,480","55,850","473,429","30,670","21,198","44,400","629,540","1,000","12,114","1,940","2,162","3,070","104,773","39,470","702,543","2,490","121,406","137,030","1,001,370","623,310","64,096,982","621,630","11,888,694",820,"15,826","18,870","26,519","260,560","641,413","71,930","86,466","28,350","17,395","27,080","30,872","30,920","6,160","151,390","362,924","6,590","49,040","20,370","21,448","93,100","506,004","26,930","120,582","30,270","137,786","694,380","12,858,189","57,960","122,119","20,810","7,275","19,980","48,022","11,790","44,440","5,400","22,384","47,430","103,249","36,090","65,732","18,950","17,163","10,760","14,002","585,460","11,247,283","608,940","12,064,811","42,710","77,149","44,200","188,295","198,720","1,318,407","509,420","2,086,723","488,240","1,465,228","26,940","621,495"
NH,1,"7,740","5,110","2,040",290,"5,260","1,360","3,970","2,010",110,"10,730",90,30,0,60,0,240,"4,140","-512,033","4,990","-506,121","1,330","60,216","2,330","10,214",270,"4,597","1,540","12,100","1,370","7,248",30,31,"2,840","-78,260","2,080","18,638",470,"6,334",540,"7,650",150,50,388,30,140,960,"-184,684","1,110","-20,798","1,180","5,912",40,11,20,324,350,"2,087",50,242,260,309,0,0,0,0,0,0,0,0,0,0,0,0,0,0,0,0,0,0,0,0,0,0,0,0,0,0,0,0,0,0,0,0,0,0,0,0,0,0,230,221,10,180,210,58,60,23,10,1,0,0,0,0,0,0,20,9,10,2,0,0,670,"1,841",740,"4,946",780,"4,601","3,230","23,736",440,481,310,77,70,165,50,190,20,49,270,291,190,462,220,209,450,636,190,198,940,"2,701",40,77,0,0,560,832,"2,990","21,706","2,750","17,829",320,"3,877"
NH,2,"61,050","52,050","5,310","2,680","54,290","3,400","19,870","31,890",360,"49,590","3,220",850,10,"2,350",230,"3,640","18,080","316,804","61,050","324,494","40,780","241,669","15,580","10,974",980,"1,346","8,120","13,138","7,150","6,851",70,55,"8,710","22,465","6,030","1,096","4,730","19,062","7,330","32,310",90,290,"1,339","1,000","2,014",600,"-6,221","1,320",-934,"8,090","7,690",80,20,30,260,850,"2,548",180,646,780,809,"60,260","766,671","60,260","735,391","14,880","31,280",780,"21,977",630,"13,766",160,403,30,18,520,"4,297",620,"3,969",630,"3,987",250,120,370,"3,408",0,0,20,16,20,62,360,443,20,119,230,27,"1,600","3,102","1,890",543,0,0,730,245,490,73,290,12,0,0,60,17,40,12,70,30,0,0,10,6,"7,000","5,158","1,960","11,088","2,040","11,027","46,170","36,732","13,550","11,179","10,140","3,970","2,160","4,259",870,"1,981",380,970,"11,060","9,379","2,510","1,679","1,220","1,094",970,873,"1,690",470,"9,000","5,822",0,0,0,0,"5,680","2,781","43,180","33,667","42,770","32,399",550,"1,267"
NH,3,"83,850","64,250","9,410","8,220","77,630","2,620","30,330","58,650",610,"96,650","3,350",840,30,"2,480",180,"11,010","25,650","1,437,981","83,850","1,462,305","61,150","1,007,261","21,450","26,374","1,570","3,299","11,480","32,968","10,260","17,884",150,69,"13,470","110,905","8,830","8,649","9,340","73,336","14,590","149,624",160,"1,130","6,194","15,850","42,173","1,220",186,"2,350","3,411","14,530","24,324",410,104,100,899,"1,790","5,436",690,"2,718","2,360","2,312","82,200","1,349,759","82,200","1,305,898","20,550","43,861","1,630","49,459","1,290","30,032",410,461,70,64,"1,180","9,572","1,370","9,113","1,370","9,087",690,356,840,"7,792",20,218,30,4,30,180,870,"1,758",40,366,"5,860","3,772","46,810","232,772","46,300","23,712",10,396,"1,670",682,"11,570","3,643","1,330",67,370,108,"2,880","1,416","4,110",920,"3,060",965,80,43,220,88,"11,310","21,312","5,030","25,618","5,050","24,305","75,970","163,710","20,930","54,147","10,350","3,228","6,210","23,769","3,130","18,827","1,240","8,323","16,860","46,481","9,410","17,225","2,640","2,344","2,710","2,705","38,690","20,070","46,490","41,642",10,5,0,0,"9,540","11,953","69,810","133,470","69,020","130,366","1,100","3,104"
NH,4,"144,070","100,750","20,020","18,110","135,800","3,390","50,790","99,780","1,330","201,000","3,950","1,090",50,"2,810",140,"22,710","37,040","5,449,863","144,070","5,512,995","119,600","4,312,672","37,890","51,805","2,830","7,511","19,680","67,912","17,740","37,932",400,176,"17,020","229,759","15,310","28,022","14,050","167,768","22,810","368,162",240,"3,310","19,001","27,490","252,877","2,310","2,244","3,990","2,040","27,650","63,132","2,370",631,360,"3,825","3,200","11,578","2,630","10,599","10,050","9,394","140,130","2,389,286","140,130","2,331,282","26,160","58,004","3,910","113,837","2,400","56,978","1,140","2,183",140,227,"3,020","24,015","3,470","23,532","3,490","23,485","1,970","1,034","2,330","23,064",80,797,80,89,70,372,"2,220","7,153",120,"1,708","16,780","27,456","140,130","2,947,003","139,120","321,662",0,0,"6,800","4,775","47,890","47,445","5,640",441,"3,170","1,858","7,300","8,217","18,420","3,721","23,740","30,765",440,579,"1,320","1,025","13,400","42,202","10,770","45,040","10,840","46,297","138,870","524,386","20,730","54,120",0,0,"11,530","19,829","6,500","22,542","2,690","11,750","17,430","45,444","16,340","31,427","4,190","3,631","4,060","5,081","119,960","274,217","124,560","318,486",30,38,0,0,"29,050","40,310","113,370","245,417","111,770","238,952","2,220","6,465"
NH,5,"118,800","74,110","26,190","13,390","112,410","2,660","46,370","79,450","1,430","181,610","2,230",480,30,"1,720",10,"16,630","35,310","7,328,569","118,800","7,400,771","100,470","5,666,685","41,790","64,852","3,620","11,126","22,750","92,975","20,600","53,222",870,428,"14,000","239,519","17,560","43,604","14,120","221,334","23,280","538,083",220,"2,550","18,589","25,160","468,545","2,540","21,971","4,760","5,075","27,890","72,202","2,970",832,440,"5,211","2,820","13,463","2,900","13,413","12,090","11,090","112,230","2,047,102","112,230","1,994,391","23,740","52,712","6,550","180,196","2,650","66,426","2,480","5,917",160,348,"5,650","43,681","6,200","44,923","6,220","44,722","3,640","2,003","4,790","50,272",150,"1,392",180,227,110,614,"3,760","12,859",230,"3,604","17,320","41,567","118,460","5,073,649","118,150","604,039",0,0,"4,080","5,823","38,720","66,816","7,910",833,"2,950","1,689","4,850","5,946","8,350","1,507","22,940","49,845",770,"2,265","2,310","2,102","10,960","42,720","4,520","19,385","5,350","23,615","116,570","727,528","2,320","2,192",0,0,0,0,"1,240",900,"1,080","1,292","1,810","1,654","5,360","9,894","2,710","2,472","1,440","2,413","112,100","537,223","113,930","583,298",20,15,20,11,"29,150","58,280","89,160","201,342","87,430","193,787","2,330","7,555"
NH,6,"80,890","36,740","34,460","7,070","76,310","1,940","36,430","47,830","1,150","147,930","1,070",120,30,910,0,"8,580","29,520","7,016,125","80,890","7,081,895","67,100","5,086,235","37,810","74,318","3,930","12,710","21,840","115,262","19,890","68,269","1,090",697,"11,850","234,708","17,280","62,405","13,340","274,552","20,410","609,255",220,"2,150","16,876","22,010","542,651","2,690","25,083","4,550","9,224","20,140","65,770","2,310",671,490,"6,706","2,390","14,314","1,870","10,776","7,140","4,758","73,350","1,569,200","73,350","1,523,003","20,210","46,198","7,530","205,866","2,210","59,974","3,380","11,045",130,234,"6,810","54,174","7,300","57,436","7,310","56,998","4,390","2,227","5,950","64,362",140,"1,497",220,351,110,"1,044","4,460","18,466",230,"3,040","16,340","47,130","80,690","5,201,173","80,540","694,984",10,143,"2,160","4,571","30,520","66,883","8,240","1,240","2,810","1,716","3,180","3,769",0,0,"19,510","50,404",860,"3,987","2,750","2,725","9,470","42,160","2,220","8,360","2,660","12,020","79,710","768,220",0,0,0,0,0,0,0,0,0,0,0,0,"1,410","2,801","1,920","1,677",640,"1,256","78,770","628,101","79,410","674,150",40,50,0,0,"26,320","68,394","54,270","161,118","52,350","151,617","2,490","9,502"
NH,7,"159,640","34,160","115,760","6,990","150,650","4,360","77,980","85,900","2,730","373,290","1,000",120,60,820,0,"11,920","59,430","22,293,532","159,640","22,515,514","135,600","16,149,608","94,540","252,416","11,770","54,256","59,060","444,057","54,130","274,163","2,250","1,876","28,950","804,958","48,790","344,785","30,910","1,010,413","44,250","1,764,262",510,"4,920","40,331","41,250","1,328,783","9,120","194,751","11,110","72,881","48,310","221,982","7,650","2,452","2,090","37,194","5,620","45,127","4,520","27,486","15,480","13,750","141,070","3,593,508","141,070","3,500,050","38,620","93,459","18,560","601,645","4,340","141,049","9,440","42,880",340,621,"17,150","155,776","18,240","156,770","18,260","156,555","10,820","6,825","15,170","201,442",310,"3,357",660,852,500,"5,051","12,500","79,319",720,"13,740","43,630","184,692","159,430","17,922,007","159,250","2,647,104",60,450,"2,590","7,545","81,970","222,490","23,580","5,524","11,960","7,656","8,820","11,507",0,0,"55,730","156,384","2,700","21,661","8,580","9,115","23,390","139,608","1,700","6,145","2,910","13,007","158,210","2,746,965",0,0,0,0,0,0,0,0,0,0,0,0,790,"2,041","6,070","5,736",490,"1,038","157,990","2,424,614","158,430","2,578,431","2,310",583,730,220,"59,950","252,614","99,220","416,381","93,550","373,653","7,370","42,729"
NH,8,"63,870","7,260","54,410","1,570","60,480","1,890","37,770","23,540","1,830","171,240",80,0,10,70,0,"1,850","22,330","18,227,814","63,870","18,473,389","55,480","12,744,735","49,520","281,950","10,280","84,798","38,310","642,901","35,690","415,293",980,"1,519","14,570","954,484","34,670","816,460","13,330","795,479","15,590","888,181",290,"1,560","14,479","12,700","475,457","9,460","600,464","6,530","82,043","18,590","245,575","2,450",722,"2,960","92,868","4,130","51,162","1,110","10,284",0,0,"50,730","1,365,423","50,730","1,336,378","11,940","29,046","13,130","552,274","1,490","66,492","7,350","57,357",220,568,"12,440","158,636","13,020","122,643","13,030","123,014","6,920","5,938","10,940","198,231",200,"2,817",530,547,850,"11,823","10,320","125,467",610,"23,095","28,450","243,761","63,850","16,067,640","63,810","3,053,585",150,"2,156",570,"2,454","41,620","124,449","18,370","11,972","6,410","3,935",0,0,0,0,"26,250","74,454","1,420","16,025","4,490","5,425","12,870","131,475",0,0,580,"2,548","63,410","3,086,994",0,0,0,0,0,0,0,0,0,0,0,0,90,203,0,0,0,0,"63,740","2,929,136","63,820","3,129,966","31,150","23,851","32,170","32,298","32,080","340,355","31,550","290,818","25,960","199,610","6,800","91,208"
NH,9,"8,670","1,110","7,260",200,"8,240",280,"6,900","1,650",350,"23,030",0,0,0,0,0,50,"3,580","5,789,741","8,670","5,886,224","7,180","3,294,337","8,030","161,900","2,880","56,632","7,040","349,716","6,710","230,648",200,471,"2,530","360,632","7,000","607,266","2,000","172,636","1,780","122,827",60,110,"1,016","1,790","71,411","3,370","578,778","1,760","53,814","3,580","96,483",140,42,920,"42,383","1,290","20,890",140,"1,575",0,0,"5,200","139,725","5,200","136,137","1,470","3,587","3,470","211,862",110,"8,015","2,390","40,300",50,150,"3,280","62,744","3,440","33,567","3,440","33,725","1,380","1,661","2,730","54,779",70,"1,116",140,45,620,"18,769","3,040","77,667",220,"16,411","5,530","96,851","8,660","5,343,085","8,660","1,316,070",130,"1,645",50,268,"5,160","21,978","4,290","10,760",570,350,0,0,0,0,70,68,230,"3,026",570,796,"2,670","38,344",0,0,50,268,"8,590","1,331,425",0,0,0,0,0,0,0,0,0,0,0,0,0,0,0,0,0,0,"8,660","1,294,093","8,660","1,390,888","6,440","20,719","7,830","35,112","4,800","194,340","3,820","131,172","1,960","49,390","2,180","81,781"
NH,10,"3,690",510,"3,040",90,"3,480",140,"3,290",550,150,"9,350",0,0,0,0,0,0,"1,760","12,262,696","3,690","12,343,711","2,920","3,526,608","3,580","521,860","1,790","124,301","3,300","888,766","3,140","577,234",100,726,"1,110","562,313","3,330","3,961,939",770,"81,514",710,"66,598",30,30,281,820,"33,444","2,400","2,222,486","1,230","102,035","1,830","81,015",20,6,490,"34,075",830,"15,182",80,943,0,0,"1,600","42,943","1,600","41,726",500,"1,218","2,090","557,239",20,"1,989","1,770","175,882",20,"1,245","1,880","56,851","2,080","20,527","2,080","21,856",630,"1,034","1,290","26,190",40,920,90,31,760,"66,858","1,950","379,411",290,"59,323","2,890","356,114","3,690","11,306,551","3,690","3,226,774",450,"10,856",20,98,"2,550","87,613","2,280","55,616",120,83,0,0,0,0,0,0,100,"1,452",120,166,"1,370","41,184",0,0,20,98,"3,660","3,448,493",0,0,0,0,0,0,0,0,0,0,0,0,0,0,0,0,0,0,"3,680","3,139,161","3,690","3,339,427","2,650","31,811","3,460","120,654","1,610","348,548","2,050","451,632",690,"77,625","1,580","374,007"
NJ,0,"4,654,080","2,328,600","1,562,830","636,200","4,349,050","171,980","3,049,080","2,652,950","80,150","8,461,380","51,860","24,380",140,"27,330","4,430","458,170","1,260,600","520,625,213","4,635,810","526,497,240","3,765,340","366,315,600","1,702,930","10,921,064","247,260","2,328,138","1,240,400","15,340,459","1,159,130","10,002,858","83,380","159,349","894,620","15,892,501","1,041,190","23,609,064","482,190","13,018,842","822,400","26,564,272","8,380","229,700","2,113,908","745,270","17,580,045","286,910","30,592,090","256,710","141,045","1,121,230","5,872,027","151,340","46,620","44,510","1,556,358","96,490","1,123,553","75,370","469,623","211,760","194,295","3,996,160","77,608,672","3,996,160","75,899,611","765,060","1,709,060","602,190","25,684,223","186,050","3,514,288","473,360","10,436,597","116,470","179,410","527,290","6,661,385","598,920","5,398,117","599,610","5,536,360","56,300","82,577","462,450","6,348,597","9,260","112,866","15,280","23,255","33,560","954,799","473,480","5,668,782","34,100","3,480,254","836,800","6,137,648","3,822,550","422,774,379","3,810,140","84,331,216","4,140","64,480","129,730","225,105","1,773,310","4,266,358","421,180","728,372","216,240","139,341","226,530","264,468","194,480","39,073","1,133,580","2,424,393","31,220","153,120","104,140","85,859","678,760","3,026,499","189,830","1,244,274","211,030","1,432,156","4,331,760","90,636,219","558,790","1,454,424","163,580","59,100","203,820","547,675","129,790","552,983","61,600","294,663","469,020","1,193,705","403,180","779,593","182,470","165,313","65,690","96,433","3,456,900","80,064,862","3,743,150","85,265,827","377,490","776,126","349,840","1,132,180","1,368,690","8,936,179","3,104,060","14,113,891","2,986,250","9,951,666","147,350","4,162,221"
NJ,1,"55,560","37,180","13,360","2,970","39,120","7,830","34,390","15,410","1,190","79,010",620,460,0,170,20,"1,650","23,780","-5,949,627","37,300","-5,890,829","10,530","543,220","15,790","175,351","2,000","23,221","12,500","95,700","11,270","55,075",260,944,"17,750","-470,256","16,530","285,064","2,850","44,787","4,230","57,359",430,650,"7,360",130,522,"9,200","-1,902,456","8,780","-241,162","8,130","58,798",230,68,130,"3,994","1,480","13,923",350,"2,195","1,560","1,978",0,0,0,0,0,0,0,0,0,0,0,0,0,0,0,0,0,0,0,0,0,0,0,0,0,0,0,0,0,0,0,0,0,0,0,0,0,0,970,"2,661",90,"1,933",830,411,300,643,30,4,0,0,40,32,20,22,150,140,10,5,10,5,"5,060","18,813","4,600","44,856","4,920","42,595","23,450","195,382","3,450","5,156","2,200",614,640,"1,753",370,"1,617",240,"1,172","2,270","3,510","2,180","6,690","2,410","2,376","2,850","5,692",750,"2,018","6,680","23,723",500,843,0,0,"3,560","8,677","21,840","180,082","20,270","132,751","2,120","47,330"
NJ,2,"458,710","393,230","31,800","26,560","401,390","36,690","274,070","198,470","3,270","400,510","10,460","5,050",0,"5,410","1,480","26,640","101,980","2,298,612","458,700","2,369,074","279,070","1,677,249","83,940","68,818","5,440","9,223","54,240","82,465","49,070","48,370","1,140",764,"117,440","383,986","42,000","-3,795","19,550","77,292","38,760","177,305",320,"5,000","29,422","4,520","9,169","6,060","-26,911","9,980","-17,687","105,580","70,462",900,236,120,889,"2,980","11,275",960,"3,798","4,990","5,340","449,400","5,677,350","449,400","5,515,343","78,760","162,007","9,230","227,135","7,390","115,040","1,730","5,946","5,780","4,187","6,670","62,700","8,730","58,244","8,730","58,301",420,"1,006","4,630","43,879",70,632,70,47,240,786,"4,460","5,521",210,"1,679","2,700",757,"17,650","34,911","15,190","4,882",0,0,"3,000","1,499","3,780",531,"2,620",120,20,4,310,122,130,36,390,173,10,6,40,18,"98,390","68,746","13,430","103,566","14,280","105,114","299,460","254,850","106,540","92,700","80,750","32,909","17,060","36,379","6,170","15,963","2,560","7,447","79,400","72,986","22,420","17,024","13,360","12,213","6,120","6,033","14,130","4,352","114,580","74,252",50,40,0,0,"89,260","45,506","266,700","225,680","264,190","215,739","3,070","9,941"
NJ,3,"640,560","433,110","68,180","126,340","598,210","23,980","404,340","454,990","5,160","908,100","12,060","6,010",40,"6,010","1,710","105,380","138,560","11,016,230","640,560","11,250,934","467,640","7,865,133","107,960","158,347","7,810","20,544","64,640","171,297","58,580","98,260","2,780","2,051","163,720","1,490,078","52,550","38,875","37,440","286,636","76,430","797,963",460,"32,520","238,812","72,360","193,266","12,300","-4,300","18,930","-11,869","161,030","234,704","4,440","1,219",400,"3,940","5,780","23,298","3,960","15,696","14,290","14,768","621,960","10,479,885","621,960","10,274,197","99,050","205,687","18,560","483,691","14,160","219,376","5,090","11,606","11,450","9,587","14,240","132,036","18,100","125,851","18,150","130,400","1,220","2,917","9,900","95,584",140,"1,143",200,248,390,"1,428","11,230","27,677",660,"6,801","48,060","29,455","336,760","1,622,129","333,430","164,558",10,235,"9,110","4,144","107,790","34,973","6,860",413,"3,840","1,027","28,200","13,590","29,240","6,115","41,900","12,941",510,254,"1,050",400,"137,850","266,725","35,480","248,443","36,250","244,370","579,210","1,635,428","227,470","748,388","80,630","25,577","82,120","314,242","45,840","278,712","18,870","129,856","194,100","604,603","140,050","259,229","33,140","29,559","17,990","18,291","252,660","129,586","364,840","400,637",70,96,20,177,"84,970","111,497","526,600","1,343,671","522,920","1,329,086","5,020","14,584"
NJ,4,"916,180","549,470","136,640","203,050","865,780","27,610","578,730","645,640","8,550","1,497,680","15,000","7,950",110,"6,940","1,140","146,020","196,140","33,934,668","916,180","34,345,614","781,250","27,923,289","178,870","301,892","13,820","47,830","105,040","330,497","95,540","194,734","10,000","6,208","144,040","1,249,252","84,050","104,452","56,890","642,787","118,350","1,942,630",730,"56,580","498,887","130,470","1,219,766","22,060","132,357","31,640","-104,993","170,630","410,946","14,890","4,196","1,210","13,511","10,200","50,467","13,180","60,727","43,630","43,880","868,040","15,431,392","868,040","15,168,824","122,910","262,569","48,110","1,310,377","30,990","500,940","24,800","50,757","20,700","23,101","34,390","309,759","47,470","321,618","47,570","364,311","5,460","11,882","26,620","267,217",540,"4,732",640,"1,307","1,030","4,769","32,820","132,355","2,370","31,991","107,590","165,810","890,150","17,203,085","885,610","1,876,081",40,329,"47,000","35,534","392,870","423,786","24,440","2,454","33,370","21,809","69,140","79,139","122,520","25,442","242,340","280,180","4,300","6,185","6,860","4,678","97,150","280,675","72,310","452,767","72,700","474,693","879,470","3,505,012","203,680","591,117",0,0,"104,000","195,301","68,400","250,101","31,280","145,715","179,340","500,071","178,850","368,945","47,330","41,575","23,540","31,014","680,730","1,452,295","728,040","1,745,341",210,778,20,8,"185,690","270,402","720,910","2,023,904","714,470","1,991,825","8,890","32,079"
NJ,5,"664,070","380,750","140,220","117,060","627,960","18,930","420,880","431,530","8,730","1,099,830","7,780","3,490",0,"4,300",90,"80,040","175,910","41,024,909","664,070","41,430,022","568,350","32,729,635","200,410","392,370","18,410","71,528","125,170","464,096","115,160","280,588","19,140","14,037","93,670","981,627","98,270","181,846","59,730","883,646","120,330","2,900,052",790,"33,580","329,361","120,640","2,329,041","20,990","206,571","32,760","-136,677","154,810","405,113","26,330","7,592","1,640","20,934","9,500","61,420","14,320","74,468","58,530","57,538","593,310","11,002,358","593,310","10,769,684","107,830","232,674","70,750","1,926,803","34,280","570,353","49,820","147,143","19,010","25,361","57,280","492,497","70,230","550,107","70,350","582,983","8,360","14,333","48,780","477,238",980,"9,024","1,370","2,835","1,200","5,493","51,190","235,068","2,960","42,640","93,310","210,314","661,630","27,964,691","660,230","3,344,608",50,313,"31,130","51,960","250,960","477,207","34,720","4,469","25,410","16,284","45,130","59,722","42,570","7,458","173,600","350,260","5,980","16,713","12,050","9,409","62,160","211,824","33,870","217,631","38,720","262,931","649,950","3,959,653","17,660","17,063",0,0,0,0,"9,010","6,590","8,650","10,473","13,910","12,535","43,640","88,063","27,870","25,723","8,380","16,560","611,860","2,867,401","625,200","3,096,488",240,296,10,91,"180,000","366,446","481,420","1,222,047","473,680","1,184,956","10,440","37,091"
NJ,6,"463,500","223,580","154,130","67,990","437,440","13,630","308,490","266,720","7,990","836,620","3,080",850,0,"2,230",0,"40,080","150,980","40,216,516","463,500","40,551,843","387,290","30,246,897","190,070","464,985","21,000","92,557","127,670","581,374","118,090","361,610","19,850","17,135","69,690","874,566","100,310","259,179","59,950","1,154,419","110,020","3,519,347",880,"23,400","230,185","109,850","2,826,761","20,850","293,301","30,500","-90,349","107,660","335,327","20,550","6,068","1,900","27,801","8,290","66,021","9,060","55,381","32,440","20,345","384,860","7,896,121","384,860","7,690,562","92,520","205,559","78,640","2,178,720","29,650","516,565","60,830","255,401","16,220","23,537","68,350","601,773","78,320","684,721","78,400","704,271","8,610","12,308","60,090","594,322","1,110","9,986","1,830","3,236","1,250","6,123","59,370","291,141","3,350","51,880","83,270","220,284","462,210","29,968,570","461,510","4,085,250",90,562,"15,590","37,584","182,390","406,541","38,670","6,703","18,640","11,989","27,050","33,471",0,0,"129,270","301,585","5,080","21,027","13,460","10,757","47,270","185,683","15,420","96,945","18,570","130,424","456,320","4,425,969",0,0,0,0,0,0,0,0,0,0,0,0,"9,550","21,623","17,790","15,508","3,480","8,810","450,340","3,678,710","454,220","3,882,779",370,256,40,17,"161,670","429,365","300,070","963,746","291,520","917,674","11,150","46,071"
NJ,7,"880,310","244,080","538,800","73,340","831,570","26,300","605,030","453,740","21,180","1,998,510","2,620",530,0,"2,090",0,"48,220","306,280","123,592,362","880,310","124,719,172","752,030","91,517,088","480,660","1,698,624","67,450","353,743","357,960","2,373,025","335,560","1,546,149","23,840","26,885","159,070","3,011,563","292,350","1,370,488","148,170","4,395,605","238,310","10,231,767","2,410","52,280","512,785","216,080","7,313,118","66,740","1,539,259","65,030","79,214","237,720","1,126,810","53,660","17,649","9,090","173,018","22,530","230,960","24,060","164,726","56,320","50,446","699,750","17,040,962","699,750","16,594,088","184,860","446,874","180,560","5,810,332","52,470","1,062,002","153,290","1,119,023","25,510","44,374","162,550","1,675,338","180,010","1,711,261","180,250","1,730,420","18,280","22,985","145,330","1,778,645","2,800","29,156","4,930","8,325","5,180","32,921","144,340","952,330","9,340","215,120","228,910","858,082","879,210","99,922,739","878,390","15,339,647",430,"2,931","18,360","64,515","453,570","1,199,352","123,620","34,189","62,790","42,055","56,660","78,392",0,0,"327,410","860,492","9,870","59,672","40,820","33,762","114,200","591,423","14,730","80,066","20,680","138,253","872,050","15,619,656",0,0,0,0,0,0,0,0,0,0,0,0,"5,570","15,532","40,580","38,359","3,330","10,033","872,180","14,140,295","874,750","14,806,318","21,750","5,805","6,420","1,711","354,830","1,501,835","522,620","2,284,202","494,460","2,054,933","36,550","229,268"
NJ,8,"461,890","57,360","380,960","16,080","438,890","14,000","329,210","166,550","18,450","1,295,090",240,50,0,190,0,"9,720","134,310","135,262,843","461,890","136,805,973","418,040","103,000,821","341,360","2,217,375","71,070","569,262","295,860","3,685,524","281,900","2,462,316","4,310","13,073","101,430","4,542,088","260,820","3,488,770","78,840","4,122,019","99,390","5,725,505","1,670","22,680","234,307","76,610","3,063,694","78,080","5,238,341","39,000","253,700","132,340","1,543,130","28,200","8,955","17,320","537,865","21,580","340,489","7,690","71,435",0,0,"326,760","8,678,402","326,760","8,511,840","68,010","166,561","135,130","5,627,871","16,130","462,160","121,470","2,325,542","13,140","32,485","126,120","1,899,253","134,910","1,337,942","135,000","1,344,264","11,260","12,175","116,910","2,052,868","2,210","29,754","4,420","5,778","9,680","96,138","114,710","1,181,096","8,310","434,308","199,560","1,464,296","461,730","119,515,295","461,620","23,329,573",910,"10,729","4,230","25,689","311,340","918,013","130,830","97,459","59,290","38,281",0,0,0,0,"217,730","617,503","4,550","36,814","25,640","22,811","83,670","718,728",0,0,"4,400","29,986","459,240","23,076,537",0,0,0,0,0,0,0,0,0,0,0,0,910,"2,487",0,0,0,0,"461,160","22,411,560","461,610","23,631,240","259,190","220,059","242,360","204,101","244,740","2,475,751","215,240","1,872,729","182,050","1,301,322","40,630","571,407"
NJ,9,"81,250","6,930","71,000","2,040","77,890","2,200","64,970","15,360","4,050","247,880",0,0,0,0,0,380,"22,180","54,361,330","81,250","55,213,909","73,580","37,451,464","73,070","1,218,778","24,780","356,972","68,350","2,177,824","65,910","1,457,295","1,080","19,520","19,870","2,108,042","65,430","2,884,294","13,510","950,675","12,080","842,920",400,"2,530","27,438","10,220","433,569","30,130","6,053,102","11,950","115,566","28,610","852,579","1,790",534,"7,900","402,924","8,120","172,924","1,200","14,259",0,0,"41,380","1,114,568","41,380","1,094,004","8,420","20,564","39,860","2,382,093",850,"53,301","36,340","1,897,845","3,380","10,402","37,720","827,039","39,830","396,442","39,840","398,495","2,150","2,948","34,450","710,107",850,"16,110","1,250","1,015","6,730","120,460","35,380","666,578","3,170","406,898","49,280","640,593","81,200","50,237,518","81,200","12,790,419",590,"8,384",390,"2,731","48,160","171,868","39,310","116,657","10,660","6,459",0,0,0,0,790,"1,119",700,"8,243","3,440","3,242","21,370","313,179",0,0,390,"2,751","80,780","12,689,749",0,0,0,0,0,0,0,0,0,0,0,0,0,0,0,0,0,0,"81,120","12,618,551","81,210","13,407,223","68,580","235,395","71,190","217,263","49,270","1,680,156","31,490","927,404","17,350","344,226","16,390","583,178"
NJ,10,"32,050","2,920","27,740",770,"30,810",820,"28,980","4,540","1,570","98,150",0,0,0,0,0,40,"10,480","84,867,370","32,050","85,701,528","27,560","33,360,804","30,820","4,224,524","15,490","783,258","28,970","5,378,657","28,060","3,498,461",990,"58,732","7,950","1,721,555","28,880","14,999,891","5,280","460,976","4,500","369,424",280,470,"5,351","4,400","191,139","20,510","19,062,826","8,140","295,302","14,710","834,158",350,103,"4,790","371,482","6,040","152,776",580,"6,938",0,0,"10,700","287,634","10,700","281,069","2,700","6,565","21,350","5,737,201",130,"14,551","20,000","4,623,334","1,270","6,376","19,990","660,990","21,320","211,931","21,330","222,915",530,"2,023","15,730","328,737",570,"12,329",560,464,"7,860","686,681","19,980","2,177,016","3,730","2,288,937","24,120","2,548,057","32,010","76,305,441","32,010","23,393,537","1,930","39,064",120,"1,038","22,150","633,444","20,100","465,904","2,230","1,433",0,0,0,0,0,0,220,"4,201",770,777,"11,640","370,703",0,0,120,"1,039","31,830","25,273,983",0,0,0,0,0,0,0,0,0,0,0,0,0,0,0,0,0,0,"31,970","22,760,094","32,020","24,197,826","26,520","312,558","29,790","708,812","14,700","2,046,544","17,170","3,070,426","5,340","479,154","13,090","2,591,272"
NM,0,"980,620","506,620","299,010","158,940","912,610","34,830","430,630","612,080","9,370","1,768,930","31,370","11,090",500,"19,780","2,440","151,370","293,710","68,194,101","971,180","68,748,946","756,080","44,820,218","305,380","984,224","31,980","230,858","146,440","1,663,631","133,460","1,050,488","25,660","30,138","147,640","1,825,217","131,390","2,854,116","88,510","2,129,724","202,530","6,865,559","12,790","21,330","142,675","167,630","3,233,958","42,500","3,270,432","56,050","768,152","177,510","554,845","22,880","6,916","3,060","75,307","16,850","122,992","12,390","61,903","31,140","20,216","903,160","17,590,550","903,160","17,149,658","199,320","440,891","58,270","2,396,017","19,260","411,640","49,000","499,836","7,820","18,222","47,310","213,851","57,640","415,735","57,760","420,379","10,910","9,026","41,380","519,731",910,"9,392","2,380","3,276","2,620","52,509","41,370","659,564","6,020","315,739","122,830","854,256","759,730","49,765,865","757,970","8,222,507",560,"10,118","16,800","24,489","344,820","669,578","49,630","25,928","16,310","8,601","39,090","31,979","64,520","13,372","229,340","466,910","14,750","70,698","12,910","11,465","109,110","356,401","28,330","177,607","29,590","194,297","897,730","9,322,165","181,190","480,897","48,200","16,549","65,780","173,007","42,460","175,685","24,750","115,657","160,600","426,096","126,570","240,930","27,690","19,860","9,060","13,278","652,860","7,552,927","705,830","8,090,132","20,010","25,335","26,750","110,844","242,270","1,131,475","678,030","2,340,998","661,100","1,955,757","21,430","385,242"
NM,1,"19,150","13,270","4,410","1,050","10,190","5,290","7,800","4,190",250,"26,520",210,90,0,120,0,600,"10,380","-703,985","9,720","-688,837","2,280","90,343","4,290","15,907",380,"1,900","2,150","12,133","1,900","6,569",210,353,"5,410","-119,354","3,070","77,371",720,"8,755","1,220","19,557","1,160",110,977,20,63,"1,950","-239,604","2,030",802,"1,710","15,148",70,19,20,201,360,"2,021",80,478,290,283,0,0,0,0,0,0,0,0,0,0,0,0,0,0,0,0,0,0,0,0,0,0,0,0,0,0,0,0,0,0,0,0,0,0,0,0,0,0,210,381,20,347,180,61,50,37,0,0,0,0,0,0,0,0,20,24,0,0,10,3,950,"2,357",760,"6,944",820,"6,933","5,740","28,104",710,895,480,145,120,318,60,210,50,222,460,596,400,"1,096",490,408,400,602,170,344,"1,300","3,057",50,41,0,0,780,"1,525","5,410","26,535","5,160","21,209",320,"5,326"
NM,2,"114,360","89,960","11,850","11,300","104,600","4,700","45,110","58,600",690,"135,970","11,740","4,010",20,"7,710","1,000","12,640","41,300","518,943","114,350","529,886","63,200","377,316","27,730","16,368","1,130","1,839","8,020","14,230","6,890","7,330",580,387,"18,800","51,069","6,610","-1,332","5,470","21,885","12,790","62,813",870,"1,360","5,818","1,040","2,303","1,300","-6,980","2,940","2,821","15,900","10,943",230,59,30,257,720,"2,063",190,625,720,519,"113,390","1,725,978","113,390","1,657,120","33,650","68,858",960,"23,829",730,"15,586",250,809,470,386,490,"1,603",850,"2,478",850,"2,557",130,111,390,"4,232",0,0,30,51,30,117,390,530,40,316,180,35,"1,270","2,677","1,610",486,0,0,600,198,420,74,170,9,0,0,30,10,40,13,100,37,10,6,0,0,"14,500","10,499","2,090","15,602","2,180","15,922","74,740","75,052","38,060","38,711","24,600","9,143","8,030","16,063","3,500","8,403","1,940","5,103","32,930","33,903","10,450","7,120","2,640","2,041",730,591,"1,420",411,"16,750","11,231",0,0,0,0,"10,170","4,964","69,030","68,747","68,670","67,656",470,"1,091"
NM,3,"172,990","113,690","19,720","37,280","162,420","5,390","71,140","133,830",990,"266,620","6,470","2,540",70,"3,870",840,"37,890","39,590","3,008,437","172,990","3,045,119","132,980","2,268,158","28,760","32,606","1,700","3,679","10,550","32,054","9,340","16,561",800,613,"29,880","261,928","9,480","9,262","8,500","67,802","23,790","291,386","1,410","5,160","30,931","18,360","42,554","2,330","-4,607","4,600","12,606","29,480","36,682","1,100",290,70,481,"1,180","3,808",830,"2,587","1,950","1,215","171,190","2,944,971","171,190","2,881,269","30,380","63,702","1,790","46,049","1,350","25,251",710,"1,226",850,845,"1,040","3,434","1,680","5,182","1,690","5,301",240,182,840,"8,609",40,359,60,95,40,110,920,"3,268",180,"3,063","8,630","5,266","91,570","448,294","90,990","44,775",0,0,"1,390",548,"29,790","8,811","1,090",50,420,87,"5,890","2,417","9,410","1,935","13,670","4,012",330,161,290,119,"25,360","45,859","5,100","34,281","5,120","33,924","158,690","453,821","68,470","233,046","23,120","7,261","24,000","92,048","13,870","83,200","7,470","50,537","60,460","204,921","41,170","76,783","6,080","4,431","1,970","2,046","69,500","35,965","91,010","83,135",20,25,0,0,"18,490","18,181","146,310","388,548","145,710","386,141",830,"2,407"
NM,4,"251,270","143,780","41,060","61,480","238,310","6,650","100,540","185,090","1,750","434,840","7,330","2,910",190,"4,230",560,"53,310","52,830","9,175,392","251,270","9,235,097","214,640","7,545,059","47,300","56,130","2,830","8,223","17,800","61,796","15,950","33,330","2,030","1,649","26,860","253,410","15,780","28,670","12,620","142,824","37,860","760,592","2,140","6,690","47,444","38,020","309,352","3,940","9,901","6,940","12,259","32,730","59,705","3,330",913,170,"1,483","2,070","7,745","2,820","10,065","6,800","4,074","246,270","4,466,113","246,270","4,387,108","36,580","79,005","5,000","139,312","3,300","65,543","3,140","5,974","1,550","2,184","3,100","9,652","4,860","16,832","4,890","17,246",970,862,"2,600","26,350",80,881,140,375,90,482,"2,840","15,828",550,"12,102","21,730","33,253","244,600","4,562,586","243,440","490,776",0,0,"5,880","3,767","115,870","122,179","4,570",335,"3,450","1,570","13,380","11,204","41,930","9,197","77,600","94,063","2,860","4,230","1,720","1,205","19,490","51,641","10,880","65,298","10,670","66,157","242,920","928,985","67,670","201,901",0,0,"33,630","64,578","22,080","81,667","11,970","55,656","61,340","181,372","57,370","120,874","7,950","5,510","3,380","4,321","180,130","368,597","190,600","424,311",40,53,0,0,"51,180","59,084","197,500","562,774","196,330","558,290","1,660","4,484"
NM,5,"143,380","72,050","41,620","26,320","134,820","4,100","62,020","93,820","1,330","265,350","3,340","1,110",110,"2,120",40,"22,900","41,850","8,804,049","143,380","8,861,248","118,070","6,713,878","44,120","66,865","3,380","10,003","18,640","81,474","16,800","45,706","3,470","3,119","17,600","175,686","16,140","46,199","12,490","184,050","33,300","959,838","1,520","3,130","23,231","31,020","538,599","4,000","30,298","7,340","17,536","27,810","57,199","5,960","1,707",230,"2,652","1,940","8,596","2,700","11,258","7,860","5,305","136,290","2,686,049","136,290","2,622,690","29,140","63,359","7,080","201,970","3,560","70,803","5,550","14,891","1,340","2,630","5,300","17,387","7,000","33,345","7,020","33,895","1,590","1,524","4,730","49,839",120,"1,058",240,486,110,518,"4,440","27,063",780,"18,121","17,910","41,041","143,070","5,882,822","142,780","688,442",10,57,"4,020","5,443","61,390","126,765","6,250",722,"2,460","1,212","7,430","7,077","13,140","2,227","44,810","101,573","3,400","10,696","2,320","1,928","12,170","37,832","5,180","31,804","5,370","35,523","140,240","780,904","6,280","6,344",0,0,0,0,"2,950","2,205","3,330","4,139","5,420","5,304","13,140","26,270","3,780","2,795","1,420","2,467","127,860","561,676","130,950","604,576",40,34,0,0,"41,880","81,029","100,970","255,931","99,390","249,753","2,120","6,178"
NM,6,"89,320","35,040","41,280","11,380","83,580","2,780","42,500","50,880","1,000","182,950","1,310",250,60,"1,000",0,"10,680","31,500","7,729,200","89,320","7,777,938","71,820","5,517,421","36,880","72,695","3,490","12,929","17,560","92,773","15,970","52,677","4,100","3,923","12,810","149,653","15,270","58,000","11,440","214,575","26,640","981,540","1,360","1,850","12,549","24,190","563,422","3,890","48,374","6,830","25,455","18,610","48,738","3,360","1,016",230,"2,949","1,720","9,537","1,620","8,246","4,970","2,634","81,550","1,801,266","81,550","1,751,692","21,880","49,573","7,780","227,313","3,040","60,909","6,610","24,323","1,050","2,626","6,280","21,471","7,720","45,800","7,740","46,150","1,710","1,228","5,660","59,819",110,999,270,377,120,568,"5,100","36,943",850,"21,385","15,010","41,867","89,200","5,661,534","89,080","742,648",20,369,"2,060","4,017","38,410","100,644","6,240",825,"1,870",964,"4,440","3,946",0,0,"28,680","78,558","2,540","12,265","2,150","1,892","8,880","31,987","2,390","13,872","2,520","16,655","87,760","769,119",0,0,0,0,0,0,0,0,0,0,0,0,"2,780","5,549","2,370","1,620",640,"1,544","85,540","642,004","86,430","679,079",40,40,0,0,"33,330","88,622","55,710","177,053","54,040","168,677","2,160","8,376"
NM,7,"140,990","31,910","98,530","8,820","132,220","4,420","70,370","70,110","2,120","333,640",900,170,60,680,0,"11,890","54,000","19,278,068","140,990","19,412,183","113,740","13,168,519","77,660","220,485","9,970","50,376","43,790","349,297","40,340","210,565","10,170","11,236","24,770","404,339","38,460","303,226","25,240","745,010","49,430","2,455,495","2,830","2,490","17,462","40,370","1,233,008","11,260","285,846","15,500","104,808","36,030","134,115","7,330","2,442",900,"16,049","4,240","31,216","3,120","18,488","8,560","6,186","120,670","3,054,693","120,670","2,967,124","36,040","87,569","20,320","684,544","5,600","119,155","18,540","113,012","1,600","5,780","17,690","70,617","20,230","164,618","20,260","165,106","4,290","3,444","15,840","187,984",280,"2,346",860,"1,168",570,"4,444","14,770","148,200","1,940","56,063","35,170","141,028","140,890","15,401,655","140,760","2,264,769",60,487,"2,130","6,973","70,970","204,401","17,390","3,836","5,580","3,246","7,920","7,325",0,0,"50,250","148,000","4,180","29,261","4,590","4,359","17,610","81,386","1,930","9,806","2,370","15,291","139,210","2,232,364",0,0,0,0,0,0,0,0,0,0,0,0,"1,200","3,059","4,370","3,055",520,"1,707","139,180","2,060,368","139,680","2,156,720","1,440",388,420,144,"60,800","268,728","79,760","339,578","74,810","303,949","6,350","35,630"
NM,8,"42,330","5,790","35,060","1,150","39,950","1,310","25,160","14,410","1,010","106,140",80,20,0,60,0,"1,440","18,710","11,809,183","42,330","11,931,260","34,120","6,958,336","32,280","215,122","6,840","62,886","22,790","423,534","21,370","269,200","3,620","5,373","9,560","394,289","21,330","588,164","10,410","600,121","15,750","1,180,543","1,140",510,"4,060","12,440","460,296","9,600","775,144","7,370","169,845","12,130","122,077","1,460",456,"1,000","29,804","3,170","35,420",830,"7,927",0,0,"30,490","822,652","30,490","797,180","10,280","25,472","11,840","556,413","1,600","48,496","11,040","142,805",690,"2,614","10,480","60,136","11,810","113,170","11,810","113,752","1,760","1,400","9,110","141,028",200,"2,262",600,640,870,"11,514","9,770","173,099","1,170","64,628","19,430","198,879","42,300","10,232,211","42,280","1,928,156",120,"1,476",490,"3,125","24,250","70,596","10,780","6,707","2,290","1,367",0,0,0,0,"14,170","40,578","1,250","11,715","1,680","1,788","7,960","62,940",0,0,500,"3,523","41,730","1,896,604",0,0,0,0,0,0,0,0,0,0,0,0,80,179,0,0,0,0,"42,230","1,857,559","42,290","1,963,611","14,710","10,097","20,210","23,353","22,240","278,052","19,950","205,694","15,610","130,884","5,230","74,810"
NM,9,"4,770",730,"3,890",120,"4,530",150,"4,030",890,150,"11,940",0,0,0,0,0,40,"2,390","3,201,822","4,770","3,243,579","3,670","1,329,542","4,360","94,166","1,420","27,308","3,480","183,702","3,310","121,289",460,"1,323","1,370","138,797","3,520","374,102","1,170","107,738","1,300","116,620",210,30,203,"1,500","58,476","2,610","642,972","1,570","110,829","2,060","41,757",30,10,290,"13,717",890,"13,278",110,"1,348",0,0,"2,530","67,925","2,530","65,391","1,020","2,534","2,230","175,840",80,"5,897","2,010","62,628",180,565,"1,930","16,577","2,230","21,749","2,230","21,947",160,217,"1,540","28,881",50,780,140,44,400,"6,873","1,950","73,979",290,"37,285","3,130","93,092","4,760","2,865,427","4,760","698,877",100,"2,057",40,298,"2,430","10,709","2,070","5,526",200,128,0,0,0,0,40,65,120,"1,423",130,141,"1,480","16,791",0,0,40,310,"4,670","696,896",0,0,0,0,0,0,0,0,0,0,0,0,0,0,0,0,0,0,"4,760","688,168","4,770","737,731","2,630","7,459","4,190","23,496","2,510","134,976","2,220","91,346","1,030","31,392","1,370","59,954"
NM,10,"2,070",400,"1,600",50,"1,990",60,"1,960",270,80,"4,960",0,0,0,0,0,0,"1,150","5,372,992","2,070","5,401,473","1,560","851,646","2,010","193,880",850,"51,715","1,670","412,638","1,600","287,261",240,"2,162",580,"115,400","1,740","1,370,454",460,"36,964",450,"37,175",150,0,0,680,"25,885","1,620","1,729,088",940,"311,191","1,050","28,481",10,4,120,"7,714",560,"9,308",80,881,0,0,800,"20,903",800,"20,084",350,819,"1,280","340,747",0,0,"1,140","134,168",100,592,"1,010","12,974","1,280","12,561","1,280","14,425",60,58,670,"12,989",30,707,60,40,390,"27,883","1,200","180,654",220,"102,776","1,640","299,795","2,070","4,708,659","2,070","1,363,197",230,"5,325",10,59,"1,230","25,362","1,070","7,918",40,27,0,0,0,0,0,0,70,941,30,30,710,"15,109",0,0,10,59,"2,040","1,460,316",0,0,0,0,0,0,0,0,0,0,0,0,0,0,0,0,0,0,"2,070","1,337,835","2,070","1,426,681","1,060","7,198","1,930","63,851",880,"196,314","1,170","224,792",350,"37,806",920,"186,986"
NY,0,"9,789,330","5,251,880","2,818,850","1,434,210","9,327,000","216,600","6,300,050","5,793,900","144,200","17,049,110","188,670","129,280",270,"59,110","28,350","1,061,200","2,579,520","1,051,865,224","9,736,680","1,062,730,311","7,784,050","691,313,358","3,794,530","33,449,796","504,160","6,157,554","2,261,890","41,967,754","2,110,850","27,359,020","126,220","400,743","1,852,260","31,775,176","1,950,080","78,753,550","921,250","23,415,138","1,742,380","59,715,270","27,060","365,590","2,359,681","1,489,310","33,159,281","614,260","58,772,249","537,070","-167,875","2,321,430","10,865,087","291,110","90,023","86,360","3,185,856","161,440","1,913,198","170,110","997,429","403,910","333,142","8,696,560","164,367,148","8,696,560","160,805,121","1,624,210","3,562,028","953,790","47,004,432","188,370","4,350,828","781,740","30,888,911","155,340","257,245","793,520","10,676,979","948,390","8,622,120","949,610","8,823,281","47,880","100,107","726,510","10,706,628","17,970","228,900","22,820","38,981","76,110","4,836,497","755,630","16,365,149","59,020","1,586,809","1,634,680","11,212,567","7,820,960","856,239,113","7,781,670","178,945,963","10,020","206,548","91,140","118,267","3,417,680","9,064,133","789,590","2,711,492","329,110","206,235","439,600","493,727","425,180","86,167","2,122,120","4,310,977","51,330","293,257","167,250","145,845","1,466,830","6,047,878","135,280","519,604","149,320","574,163","9,061,960","199,769,469","1,477,510","3,836,113","487,350","179,257","503,500","1,396,979","321,770","1,419,003","164,890","840,873","1,216,230","3,139,386","960,650","1,858,820","339,630","302,671","56,380","78,248","7,003,730","169,881,879","7,728,330","182,121,961","608,390","1,572,920","606,920","3,900,766","2,770,530","16,530,839","6,609,810","33,801,102","6,372,180","20,697,257","288,370","13,103,846"
NY,1,"138,530","98,980","28,340","6,520","90,430","15,970","90,390","35,220","2,760","191,370","1,270","1,010",0,260,30,"3,290","52,680","-13,027,362","85,900","-12,809,892","24,830","1,177,064","41,630","620,596","5,040","62,257","28,880","428,485","26,130","237,096",720,"9,672","36,560","-921,257","38,850","1,672,413","6,270","102,480","10,030","146,224","2,400","1,300","12,588",230,"1,305","24,720","-5,974,002","23,190","-678,797","17,730","217,470",480,137,260,"8,420","2,730","27,498",780,"4,537","3,140","3,653",0,0,0,0,0,0,0,0,0,0,0,0,0,0,0,0,0,0,0,0,0,0,0,0,0,0,0,0,0,0,0,0,0,0,0,0,0,0,710,"15,755",220,"13,039",380,153,310,"1,878",30,11,0,0,50,36,30,28,160,270,10,24,0,0,"11,440","40,624","1,730","11,304","1,920","9,531","53,210","432,667","9,590","15,950","5,960","1,775","1,730","4,835","1,070","4,849",840,"4,491","6,610","11,641","5,550","15,877","5,120","4,917","1,350","2,948",520,"13,877","14,040","64,342","1,080","2,022",10,767,"7,440","23,271","49,330","390,801","45,460","262,874","4,820","127,928"
NY,2,"1,026,600","854,820","85,000","67,430","930,510","56,860","635,300","468,560","7,630","1,015,350","46,270","34,420",0,"11,850","10,190","69,030","265,900","5,068,568","1,026,580","5,228,978","558,930","3,420,495","215,030","142,011","12,320","26,366","106,320","171,192","95,560","98,845","2,330","1,809","296,330","1,206,708","87,100","-3,887","43,730","172,926","100,640","472,437","1,580","12,870","66,994","8,780","23,196","16,570","-101,986","25,640","-63,970","272,000","160,410","2,060",557,380,"3,007","4,330","17,330","2,650","10,294","9,830","9,470","1,014,390","13,849,731","1,014,390","13,424,441","208,080","425,291","12,050","280,882","7,560","120,573","3,250","14,137","6,910","4,806","7,850","75,538","11,360","67,111","11,380","67,567",380,955,"6,480","77,638",120,"1,196",120,169,440,"2,133","5,460","7,055",320,"2,235","4,420","1,476","29,170","59,830","22,120","6,615",20,256,"1,290",451,"6,180",696,"4,530",264,30,12,430,157,110,30,410,194,0,0,10,6,"257,220","192,793","4,620","22,394","4,990","21,150","690,200","612,154","309,610","269,488","237,150","98,514","46,500","100,141","17,730","46,406","8,230","24,427","215,750","204,215","61,320","47,507","27,520","24,836","2,680","3,512","20,670","5,922","284,020","202,153",60,51,0,0,"225,150","118,155","585,990","527,173","580,260","509,556","6,830","17,618"
NY,3,"1,535,130","1,000,970","205,130","298,480","1,467,760","33,120","988,580","1,109,000","12,270","2,394,550","46,640","32,680",60,"13,900","11,260","271,800","338,080","26,301,324","1,535,130","26,834,649","1,090,240","18,043,740","271,940","335,394","19,030","56,031","139,650","366,794","126,310","208,192","4,800","5,421","412,610","4,498,946","122,090","85,815","82,910","633,646","191,170","2,151,012","2,700","63,690","415,746","157,680","399,394","34,860","-38,733","50,540","-85,846","417,180","533,325","10,120","2,848","1,090","8,955","7,700","34,245","11,130","44,491","27,630","25,653","1,507,720","26,015,149","1,507,720","25,511,103","245,380","504,046","27,270","662,325","15,090","255,696","10,110","32,625","14,570","11,735","18,610","166,796","26,470","160,137","26,540","162,639",950,"2,607","15,040","183,947",280,"2,826",320,447,710,"3,312","13,720","37,200","1,270","13,918","129,160","84,553","771,300","3,687,893","757,580","365,715",30,238,"3,560","1,537","252,260","82,919","15,440","1,058","6,320","1,737","60,470","29,095","66,760","14,014","108,830","35,202",770,339,"2,160",800,"369,830","721,118","14,320","65,143","14,390","57,260","1,379,440","4,079,687","642,180","2,065,737","244,240","78,968","216,050","830,757","123,260","750,631","58,640","405,381","538,800","1,666,716","370,160","693,960","67,370","59,306","8,700","12,052","565,890","282,799","868,090","1,014,033",170,232,30,5,"226,330","303,340","1,237,370","3,361,424","1,228,670","3,327,371","11,240","34,054"
NY,4,"2,035,270","1,197,990","337,590","442,670","1,962,800","33,520","1,237,800","1,471,920","18,840","3,412,720","54,410","39,270",190,"14,950","6,440","342,180","429,450","75,358,471","2,035,270","76,149,345","1,741,660","61,910,756","453,680","616,524","32,660","119,100","221,810","698,132","202,490","412,096","14,890","15,442","304,980","3,376,775","190,030","260,557","119,110","1,309,468","271,450","4,759,312","4,240","108,180","717,072","284,320","2,543,121","55,520","169,976","77,720","-319,237","377,120","790,874","31,890","9,141","3,140","32,487","15,200","76,375","36,600","166,525","87,830","77,942","1,969,550","35,363,868","1,969,550","34,770,240","280,500","593,628","65,640","1,766,614","28,310","520,542","39,050","123,895","23,220","24,959","47,900","422,194","64,610","446,931","64,750","472,592","3,550","9,431","40,860","521,205",890,"9,083",910,"2,289","1,530","7,730","40,710","177,155","3,450","50,386","248,050","391,174","1,973,870","38,115,857","1,961,290","4,093,621",90,"1,077","26,020","14,613","868,840","910,467","54,390","5,684","53,250","31,651","141,010","160,741","264,850","55,592","547,850","632,511","5,890","7,675","13,280","8,903","222,260","618,552","52,030","198,399","52,370","187,343","1,948,650","7,786,285","476,280","1,445,792",0,0,"239,230","461,246","159,010","601,607","78,050","382,939","422,510","1,226,647","404,510","855,257","87,850","76,442","24,850","29,611","1,508,580","3,183,156","1,616,690","3,828,353",440,774,40,11,"400,390","575,843","1,613,770","4,520,938","1,599,650","4,450,159","18,880","70,779"
NY,5,"1,472,590","847,150","291,090","277,290","1,421,300","22,110","893,490","989,150","17,450","2,408,230","25,800","16,700",10,"9,090",420,"189,080","369,650","90,887,517","1,472,590","91,617,630","1,283,760","74,015,475","497,720","773,811","40,990","162,481","252,690","909,463","232,780","550,446","27,240","26,575","185,780","1,927,339","207,860","421,854","119,010","1,714,508","261,790","6,555,703","3,720","58,610","376,226","251,030","4,726,571","50,700","313,525","72,430","-358,993","307,690","730,113","41,750","12,067","3,900","50,440","15,580","96,535","36,810","186,152","114,980","99,150","1,371,250","25,136,151","1,371,250","24,638,739","233,170","497,412","101,320","2,761,080","32,300","634,137","76,150","335,158","22,530","30,035","79,800","661,788","100,540","801,057","100,740","830,851","6,370","14,281","71,270","830,114","1,710","16,512","1,790","4,908","2,070","11,563","70,370","349,069","5,260","82,158","193,910","424,992","1,469,330","62,676,691","1,466,010","7,431,125",110,"1,019","26,830","28,921","547,260","1,019,552","74,800","10,594","46,220","28,384","93,460","120,140","93,430","16,503","382,600","785,055","8,850","23,231","21,470","16,955","123,710","381,111","36,440","124,860","37,470","139,708","1,444,160","8,795,942","39,840","39,146",0,0,0,0,"20,700","15,510","19,140","23,635","32,560","30,167","91,650","178,454","54,350","49,173","11,820","16,403","1,366,450","6,411,575","1,391,430","6,829,754",460,699,40,21,"383,680","706,102","1,083,190","2,658,311","1,067,440","2,573,036","20,490","85,275"
NY,6,"975,430","486,690","298,910","149,660","939,600","14,410","624,960","571,100","14,580","1,709,580","8,070","3,300",10,"4,760",0,"85,310","295,600","84,529,929","975,430","85,108,756","830,540","64,829,497","460,650","889,823","46,110","197,230","249,830","1,086,093","231,840","672,804","28,160","27,336","134,570","1,628,015","202,870","560,253","114,600","2,130,563","231,990","7,741,249","3,300","36,320","228,346","217,080","5,476,180","47,620","451,904","63,060","-244,110","212,990","578,827","40,390","11,889","4,290","64,202","13,800","100,678","21,010","126,359","65,700","37,550","856,640","17,101,633","856,640","16,688,316","187,830","413,316","118,780","3,234,437","29,280","585,827","95,540","559,285","21,150","31,706","97,860","806,270","118,140","1,036,294","118,340","1,050,600","7,010","13,540","89,050","986,751","1,990","18,314","2,380","5,728","2,500","16,646","88,870","476,389","5,770","92,461","169,940","424,701","973,810","63,837,474","972,440","8,726,924",180,"1,848","14,360","22,184","366,370","785,623","80,990","14,328","32,960","20,658","50,150","58,812",0,0,"258,110","613,354","7,790","32,495","23,850","19,779","90,970","320,487","15,190","56,925","17,670","72,864","962,200","9,428,011",0,0,0,0,0,0,0,0,0,0,0,0,"17,080","37,307","31,340","26,299","4,280","7,180","952,310","7,941,302","958,780","8,302,547",740,742,80,28,"340,670","830,906","630,990","1,940,459","614,530","1,847,206","20,880","93,252"
NY,7,"1,689,140","570,600","902,820","159,390","1,628,800","24,950","1,139,750","872,230","35,110","3,567,760","5,710","1,740",0,"3,960",0,"87,620","552,810","234,086,438","1,689,140","235,852,870","1,449,020","173,465,485","1,078,870","3,101,906","139,170","743,787","646,300","4,221,951","606,140","2,743,242","36,790","45,675","278,600","4,996,142","536,740","2,743,429","267,160","7,369,253","469,810","22,447,173","6,210","61,440","382,381","402,130","13,158,661","140,740","2,622,524","125,190","97,825","427,430","1,766,432","107,400","34,273","17,550","336,414","37,320","349,225","44,880","304,675","94,800","79,724","1,385,470","32,070,850","1,385,470","31,262,062","339,270","808,788","303,660","9,480,958","54,670","1,289,405","259,570","2,605,843","41,180","72,386","256,810","2,503,885","302,730","2,890,888","303,100","2,902,859","16,110","28,849","239,630","3,109,122","5,050","49,308","7,800","15,326","10,270","81,326","247,490","1,711,255","15,370","319,061","432,440","1,540,292","1,687,390","191,072,297","1,685,840","29,852,073",960,"10,199","15,380","37,293","802,960","1,988,203","236,420","67,527","97,370","63,039","94,050","124,746",0,0,"553,880","1,460,466","18,030","119,485","67,180","59,417","198,790","937,211","10,940","40,579","17,160","72,461","1,673,770","30,394,490",0,0,0,0,0,0,0,0,0,0,0,0,"8,940","26,341","66,080","61,698","2,710","6,542","1,675,000","27,863,870","1,679,330","28,948,944","52,800","12,927","17,230","3,932","694,480","2,761,948","988,670","4,155,755","935,870","3,707,431","66,460","448,324"
NY,8,"716,560","162,830","511,540","27,180","692,230","11,990","518,210","241,790","25,640","1,793,680",490,150,0,330,0,"12,370","214,500","207,028,428","716,560","209,371,538","633,020","150,219,433","585,800","3,925,646","126,840","1,222,605","443,490","6,484,354","422,540","4,325,535","7,550","24,741","153,240","6,876,188","395,990","6,200,873","132,430","6,612,768","174,330","12,661,432","2,130","20,380","139,097","137,100","5,468,980","138,950","8,590,825","58,050","449,057","209,180","2,343,110","53,450","18,040","29,410","943,240","36,070","527,323","13,070","118,615",0,0,"509,200","12,713,043","509,200","12,439,231","111,410","273,812","207,350","8,732,172","19,020","731,029","187,150","4,674,534","19,310","44,874","182,130","2,708,817","206,950","2,047,992","207,120","2,066,263","9,660","15,649","171,750","3,038,880","4,140","55,596","6,390","7,518","19,110","269,903","180,480","2,145,858","11,480","402,264","322,380","2,286,549","716,140","183,336,501","715,760","36,663,698","1,860","26,339","2,970","11,510","443,100","1,247,246","209,230","189,962","73,060","47,913",0,0,0,0,"269,340","782,325","8,120","79,861","33,900","33,741","129,120","1,082,566",0,0,"3,000","12,208","711,530","36,408,651",0,0,0,0,0,0,0,0,0,0,0,0,"1,450","4,117",0,0,0,0,"714,680","35,416,452","715,940","37,308,282","390,710","324,755","407,420","348,543","390,320","4,151,439","323,440","3,172,165","261,600","2,000,091","73,740","1,172,074"
NY,9,"128,400","22,000","100,260","3,730","124,400","2,280","105,260","24,510","6,350","348,030",20,0,0,20,0,460,"37,600","86,985,377","128,400","88,384,673","112,890","56,646,454","119,160","2,503,557","43,980","827,107","107,000","4,218,198","103,120","2,803,499","1,730","32,636","32,050","3,578,953","102,910","5,448,690","23,810","1,873,850","21,080","1,789,567",410,"2,220","16,672","20,210","883,599","54,180","9,703,398","19,550","231,637","46,520","1,399,296","2,920",879,"13,760","717,108","14,270","290,874","2,100","23,292",0,0,"62,840","1,612,172","62,840","1,577,885","13,870","34,287","65,560","3,984,854","1,770","147,356","61,190","3,998,870","4,180","12,171","57,780","1,341,861","65,480","652,225","65,510","669,365","2,460","5,806","54,010","1,137,546","1,940","37,550","1,940","1,817","14,640","338,729","58,950","1,416,228","5,290","227,797","80,240","1,022,425","128,320","80,388,820","128,290","20,755,039","1,540","26,375",280,"1,251","77,290","310,669","65,170","205,910","13,990","8,869",0,0,0,0,930,"1,600","1,290","17,454","4,130","4,721","35,780","531,951",0,0,280,"1,269","127,530","21,020,670",0,0,0,0,0,0,0,0,0,0,0,0,0,0,0,0,0,0,"128,140","20,444,408","128,350","21,798,625","103,790","363,504","114,530","404,502","73,210","2,697,568","54,530","1,859,593","26,960","609,897","31,140","1,249,695"
NY,10,"71,680","9,850","58,180","1,870","69,180","1,400","66,320","10,430","3,560","207,840",0,0,0,0,0,60,"23,250","254,646,534","71,680","256,991,764","59,160","87,584,959","70,050","20,540,528","38,010","2,740,590","65,940","23,383,092","63,950","15,307,265","2,030","211,436","17,560","4,607,367","65,650","61,363,553","12,220","1,495,676","10,080","991,161",380,600,"4,559","10,760","478,274","50,400","43,034,818","21,700","804,559","33,600","2,345,230",640,192,"12,600","1,021,583","14,440","393,115","1,100","12,489",0,0,"19,510","504,551","19,510","493,104","4,710","11,448","52,160","16,101,110",370,"66,263","49,730","18,544,564","2,290","24,573","44,780","1,989,830","52,100","519,485","52,120","600,545","1,380","8,989","38,420","821,425","1,850","38,515","1,180",779,"24,850","4,105,155","49,590","10,044,940","10,810","396,529","54,140","5,036,405","71,630","233,063,750","71,620","71,035,398","5,000","126,158",90,354,"53,100","2,716,880","48,580","2,216,154","5,910","3,972",0,0,0,0,0,0,580,"12,693","1,270","1,523","27,710","1,221,465",0,0,90,369,"71,270","80,810,912",0,0,0,0,0,0,0,0,0,0,0,0,0,0,0,0,0,0,"71,490","68,318,518","71,660","73,824,928","58,140","867,214","67,560","3,142,957","28,850","4,362,267","42,540","11,214,483","11,750","1,409,636","33,890","9,804,847"
NC,0,"4,923,710","2,306,990","1,757,700","726,230","4,614,480","158,630","2,349,670","2,966,740","60,530","9,237,900","81,130","35,860","4,390","40,880","5,540","766,940","1,306,150","417,875,131","4,901,830","421,808,084","3,962,440","289,890,640","1,606,590","6,095,971","190,040","1,212,834","989,210","11,234,084","917,320","7,649,621","106,870","101,162","957,670","11,015,164","858,200","19,202,972","530,040","12,993,853","971,260","27,198,192","37,620","47,550","193,255","824,580","16,633,679","271,270","24,269,769","246,630","1,372,367","1,115,950","3,932,953","115,370","34,533","24,960","720,513","112,790","828,988","76,770","400,778","210,410","162,282","4,466,990","88,957,053","4,466,990","87,007,671","861,400","1,949,383","394,330","15,797,090","108,180","2,517,546","344,580","4,071,864","42,890","82,048","335,680","1,668,973","391,810","3,017,439","392,390","3,044,752","239,920","144,854","299,790","4,114,796","5,760","67,138","17,250","23,090","19,940","425,719","315,320","5,175,606","13,240","403,314","805,880","5,496,527","3,973,210","316,406,098","3,996,320","55,960,378","3,190","51,509","241,430","305,430","1,917,960","3,800,326","358,940","308,734","200,770","118,945","220,000","219,867","384,850","81,113","1,244,930","2,594,771","32,910","134,630","70,590","71,368","682,470","2,250,622","421,190","3,124,933","451,240","3,471,528","4,616,340","60,715,557","823,180","2,296,962","202,500","72,881","311,340","839,910","201,850","864,305","107,490","519,864","720,460","1,960,776","604,160","1,170,648","177,490","148,462","90,460","92,260","3,487,340","52,160,239","3,805,850","55,706,642","203,020","344,177","215,240","688,786","1,380,300","7,335,488","3,371,380","12,204,573","3,287,000","10,140,243","107,980","2,064,329"
NC,1,"62,240","39,860","17,150","3,070","43,730","9,130","33,290","17,070",940,"89,640",680,420,0,260,10,"2,880","27,450","-2,260,956","40,370","-2,167,755","11,260","474,890","15,530","62,213","1,550","8,081","9,720","57,640","8,790","33,031",550,"1,144","24,150","-611,133","13,410","147,534","3,320","44,082","5,280","67,722","2,720",220,"1,435",120,312,"8,330","-997,302","6,670","-80,509","8,090","93,201",340,97,80,"1,705","2,010","10,407",400,"2,170","1,330","1,451",0,0,0,0,0,0,0,0,0,0,0,0,0,0,0,0,0,0,0,0,0,0,0,0,0,0,0,0,0,0,0,0,0,0,0,0,0,0,"4,770","3,018",50,"1,842","4,590",966,"1,070",349,120,4,0,0,170,30,80,16,520,172,30,9,50,13,"4,570","10,874","12,310","125,899","13,120","129,343","26,120","142,516","3,330","4,542","2,170",622,600,"1,534",370,"1,531",190,854,"2,150","3,160","1,970","5,336","2,330","2,122","4,250","5,383","3,840","2,669","9,140","15,187",260,301,0,0,"6,180","6,931","24,420","134,125","23,580","116,390","1,160","17,735"
NC,2,"452,770","361,400","44,150","39,870","401,530","28,060","191,700","243,550","2,960","470,670","15,260","7,250",120,"7,890","1,840","52,300","112,520","2,353,750","452,760","2,417,648","288,460","1,816,497","84,190","60,877","4,830","7,183","42,650","69,814","38,350","40,356","1,290",987,"107,700","234,329","34,890","-1,144","26,670","110,699","49,670","228,903","2,030","2,260","8,326","5,090","10,598","5,780","-34,668","9,160","-1,833","85,340","63,898",990,262,120,653,"5,610","13,909","1,200","4,012","3,920","3,557","448,580","6,264,639","448,580","6,073,132","90,510","191,508","4,130","101,658","3,160","63,870","1,320","3,218","1,970","1,547","2,330","8,682","3,790","12,080","3,800","12,274","1,580",755,"1,830","19,404",40,426,70,94,100,226,"2,130","3,638",110,"1,086","1,440",241,"9,970","20,041","22,480","5,661",10,164,"15,490","3,718","6,130",963,"1,920",98,70,11,890,151,640,72,"1,970",546,40,14,120,30,"78,260","55,841","45,750","350,518","48,440","368,576","329,690","326,589","144,950","151,235","96,500","39,043","31,240","66,452","12,010","30,662","5,200","15,077","120,780","129,995","39,790","28,540","14,210","12,232","9,460","6,829","18,650","4,700","98,370","62,157",20,17,0,0,"63,950","32,469","300,930","296,637","299,440","291,949","1,930","4,688"
NC,3,"819,410","511,800","96,110","194,710","770,410","25,270","375,880","613,690","5,440","1,276,200","19,980","9,420",400,"10,160","2,080","194,460","184,930","14,138,406","819,410","14,395,723","606,410","10,340,625","130,990","148,403","8,310","15,542","62,760","170,178","56,550","98,382","3,090","2,348","208,210","1,652,250","53,240","46,968","54,680","432,302","119,350","1,252,219","3,440","9,540","38,108","100,620","249,661","12,810","-13,324","18,080","36,131","192,720","257,317","5,410","1,459",340,"2,438","10,290","24,948","5,020","17,756","11,960","10,104","809,120","14,065,207","809,120","13,759,706","143,750","305,501","10,250","275,788","7,980","159,410","4,310","8,769","4,820","4,592","6,330","22,190","9,850","32,681","9,890","34,267","4,790","2,346","4,770","46,396",90,692,240,421,220,"1,018","6,640","28,733",280,"3,923","57,370","35,610","412,490","1,947,194","426,140","202,777",0,0,"40,470","10,846","160,170","45,929","7,530",358,"6,630","1,610","28,910","12,178","55,030","11,065","67,950","19,478",950,462,"1,350",564,"168,090","314,995","117,080","836,560","122,050","867,332","750,590","2,310,827","334,640","1,199,588","103,830","33,216","122,540","473,273","72,370","443,644","35,900","249,455","295,270","1,009,299","211,870","400,710","36,380","31,099","25,700","18,714","309,850","156,850","451,850","479,508",90,83,0,0,"98,930","120,420","686,890","1,949,351","684,220","1,939,566","3,780","9,784"
NC,4,"1,201,100","663,370","211,110","283,720","1,135,180","32,600","524,600","851,010","9,230","2,067,500","24,480","11,480","1,810","11,190","1,470","268,320","249,180","44,348,831","1,201,100","44,753,983","1,027,540","36,821,439","220,910","279,577","14,790","37,271","107,110","346,659","96,950","206,717","10,050","6,901","182,420","1,403,259","88,550","138,539","79,470","901,479","183,580","2,970,021","5,240","13,740","54,851","182,890","1,599,520","24,010","127,834","29,210","27,621","204,760","405,152","21,910","6,119",940,"8,556","14,760","48,633","16,560","62,788","44,070","35,068","1,170,550","21,359,297","1,170,550","20,985,009","169,760","374,288","30,510","855,705","20,090","391,729","20,760","40,089","8,220","11,206","19,690","64,155","29,950","113,276","30,050","120,780","16,670","9,524","16,140","159,772",380,"3,268",970,"2,707",580,"3,974","22,740","153,812","1,070","15,794","132,310","203,212","1,166,410","22,093,334","1,161,900","2,414,192",30,239,"86,450","54,441","564,180","584,801","28,960","2,238","45,440","28,063","68,240","67,233","240,800","54,619","352,540","411,253","7,140","10,197","8,800","7,271","117,610","326,678","145,380","1,036,288","148,610","1,092,460","1,158,560","4,492,494","310,280","911,318",0,0,"156,970","298,651","102,130","376,691","51,180","235,976","277,460","794,505","267,160","572,389","45,470","36,922","31,100","30,195","864,010","1,829,392","929,520","2,178,331",220,315,20,4,"253,740","346,001","936,250","2,654,021","931,000","2,634,095","7,560","19,926"
NC,5,"748,220","370,850","229,670","116,080","706,970","20,210","341,040","472,850","7,940","1,367,580","11,820","4,820",920,"6,070",130,"121,340","197,770","45,951,311","748,220","46,318,091","638,450","36,249,746","223,550","337,903","17,830","51,760","116,770","474,296","107,060","292,779","16,720","11,457","114,350","1,062,883","96,460","243,582","75,750","1,147,486","157,530","3,658,751","4,920","6,690","26,756","148,720","2,741,119","24,630","244,986","31,300","23,613","168,370","366,780","25,330","7,259","1,150","12,618","12,540","56,195","16,100","70,337","51,680","40,807","704,030","13,882,820","704,030","13,589,726","132,180","293,094","44,180","1,266,814","21,670","446,908","35,830","98,067","7,140","11,925","34,070","111,058","43,760","215,084","43,860","220,857","26,620","14,373","29,910","306,438",640,"5,538","1,500","3,921",850,"5,491","33,400","257,099","1,270","19,892","111,040","253,303","746,160","30,605,297","744,530","3,616,380",30,491,"43,920","64,607","314,590","613,705","39,200","4,340","26,870","15,899","40,080","46,040","88,300","15,341","221,040","489,684","7,570","20,660","11,490","11,377","76,040","234,102","56,020","437,187","59,590","499,009","731,690","4,082,522","29,990","30,279",0,0,0,0,"14,960","11,777","15,030","18,502","24,810","23,817","65,790","129,466","24,530","20,535","11,670","15,913","674,230","3,002,675","693,480","3,263,316",190,856,10,3,"223,410","454,228","522,070","1,264,661","515,140","1,237,759","9,460","26,902"
NC,6,"467,100","168,050","240,780","44,320","441,160","12,630","231,400","257,020","6,530","974,400","4,720","1,420",520,"2,790",0,"55,410","148,240","40,474,971","467,100","40,772,701","390,850","30,131,554","191,740","358,816","18,610","60,791","110,470","563,740","101,820","356,756","18,780","13,737","79,570","867,184","92,220","332,035","66,790","1,335,081","125,770","3,765,502","4,420","4,570","18,333","116,420","2,883,198","23,740","349,682","29,770","37,334","112,670","297,730","14,620","4,504","1,270","15,801","10,510","58,025","10,050","52,923","33,270","20,487","421,140","9,529,887","421,140","9,302,070","99,160","227,817","45,960","1,342,240","16,320","363,698","40,000","149,164","5,220","9,596","38,710","133,558","45,720","282,758","45,810","284,817","29,100","14,888","34,670","372,653",650,"6,378","1,560","2,796",840,"4,938","34,720","285,995","1,220","20,070","92,260","253,569","466,230","29,377,323","465,480","3,828,229",40,338,"21,610","47,448","202,220","501,260","40,180","5,905","22,290","13,406","26,350","28,793",0,0,"150,180","405,296","5,360","22,696","10,250","10,569","54,880","190,115","23,860","191,497","26,890","237,634","459,170","3,939,306",0,0,0,0,0,0,0,0,0,0,0,0,"12,670","22,460","16,670","13,376","4,660","7,960","451,070","3,326,969","455,640","3,543,431",270,308,20,7,"179,340","478,097","286,230","865,095","278,820","834,151","9,660","30,944"
NC,7,"803,940","153,870","599,880","35,870","762,820","21,250","415,630","393,960","15,400","1,961,060","3,900",990,580,"2,330",0,"62,170","270,190","110,812,148","803,940","111,653,667","677,570","80,282,253","449,030","1,212,944","56,220","235,306","295,500","2,251,360","275,240","1,508,321","43,410","36,263","155,340","2,318,692","251,620","1,733,359","148,640","4,671,085","244,110","10,061,350","9,570","7,620","31,800","201,180","6,519,562","71,270","1,820,566","69,880","289,889","231,000","841,519","37,630","12,095","5,450","88,329","25,020","193,620","21,030","128,338","64,190","50,808","676,360","17,441,241","676,360","17,017,856","171,910","423,385","127,580","4,306,503","29,670","742,207","118,180","739,064","8,440","18,948","114,390","456,651","127,210","1,070,925","127,370","1,069,602","83,840","44,370","103,850","1,303,790","1,780","18,213","5,170","6,998","3,490","24,830","100,860","1,070,431","3,270","69,516","222,770","861,279","803,150","88,233,256","802,340","12,862,206",250,"2,226","23,100","82,399","427,230","1,143,140","116,770","28,381","61,790","38,006","55,370","65,442",0,0,"311,970","873,497","8,270","50,541","24,740","26,120","109,330","463,951","20,780","146,984","26,550","227,051","794,770","12,600,948",0,0,0,0,0,0,0,0,0,0,0,0,"4,350","10,423","37,890","32,176","3,620","7,266","797,300","11,719,066","799,110","12,265,408","11,300","3,234","3,560","1,007","353,610","1,503,575","448,110","1,811,862","425,220","1,656,224","29,890","155,638"
NC,8,"307,130","32,160","264,450","7,410","293,270","7,930","184,880","106,530","9,700","851,060",290,50,40,190,0,"9,710","94,910","88,280,880","307,130","89,149,241","268,340","62,415,285","233,240","1,322,314","47,030","330,257","192,500","2,956,594","182,660","2,031,221","10,690","16,469","69,220","2,371,178","176,400","3,644,354","62,440","3,464,458","75,410","4,492,132","3,930","2,680","12,301","58,880","2,211,416","66,820","5,120,389","38,010","430,570","86,120","868,361","8,550","2,567","9,420","265,296","20,270","240,085","5,180","47,910",0,0,"210,740","5,698,866","210,740","5,581,250","47,500","117,616","96,390","4,116,570","8,760","310,022","91,190","1,256,282","4,840","15,457","88,320","518,967","96,220","940,833","96,290","944,526","58,850","39,838","81,410","1,362,642","1,410","18,234","5,240","5,001","6,260","62,257","82,170","1,302,285","3,170","107,002","146,040","1,266,790","307,020","77,209,151","306,910","14,665,017",580,"8,069","5,130","35,236","204,540","577,134","91,640","59,293","32,750","18,971",0,0,0,0,"138,340","394,325","3,020","23,731","11,740","13,066","55,330","382,962",0,0,"5,320","44,296","304,500","14,259,125",0,0,0,0,0,0,0,0,0,0,0,0,570,"1,324",0,0,0,0,"306,660","14,087,939","306,930","14,800,738","146,230","114,872","156,010","149,450","167,150","1,841,269","138,980","1,265,048","116,460","902,595","27,930","362,453"
NC,9,"44,590","3,890","39,440",880,"42,860","1,110","35,460","8,740","1,730","130,770",0,0,0,0,0,310,"14,340","29,794,970","44,590","30,229,286","39,040","17,628,487","40,720","641,345","13,210","174,389","36,470","1,449,965","35,140","1,007,598","1,530","5,368","11,780","888,310","35,930","2,500,395","9,060","637,188","7,700","510,144",800,200,"1,093","7,430","290,576","21,530","4,900,587","9,210","240,873","18,050","434,316",510,147,"4,200","196,798","7,350","108,049",870,"10,080",0,0,"21,020","569,280","21,020","556,983","5,020","12,297","23,560","1,417,326",460,"32,446","21,910","679,412","1,580","4,961","21,470","197,079","23,550","233,132","23,560","235,442","12,830","11,732","19,210","382,052",490,"8,288","1,680",878,"3,840","57,939","21,430","625,850","1,410","63,920","29,040","597,186","44,570","27,221,136","44,570","6,724,189",450,"8,015",500,"4,252","26,090","84,503","21,950","47,987","4,120","2,462",0,0,0,0,420,520,370,"3,850","1,660","1,884","12,350","141,071",0,0,510,"4,308","44,210","6,634,865",0,0,0,0,0,0,0,0,0,0,0,0,0,0,0,0,0,0,"44,550","6,639,687","44,580","7,053,535","32,520","104,983","39,480","152,008","25,780","1,027,158","18,600","587,617","10,210","244,564","9,810","343,053"
NC,10,"17,210","1,740","14,980",310,"16,560",420,"15,800","2,340",650,"49,010",0,0,0,0,0,40,"6,620","43,980,820","17,210","44,285,499","14,520","13,729,864","16,700","1,671,579","7,650","292,254","15,260","2,893,838","14,780","2,074,460",750,"6,488","4,940","828,212","15,480","10,417,350","3,230","249,993","2,860","191,448",550,30,252,"3,230","127,717","12,360","12,751,019","5,350","368,678","8,830","304,679",80,24,"2,000","128,319","4,450","75,117",380,"4,464",0,0,"5,450","145,816","5,450","141,939","1,610","3,877","11,770","2,114,486",70,"7,256","11,070","1,097,799",660,"3,816","10,370","156,633","11,760","116,670","11,760","122,187","5,640","7,028","8,000","161,649",290,"6,101",810,274,"3,770","265,046","11,230","1,447,763","1,450","102,111","13,620","2,025,337","17,200","39,699,366","17,210","11,638,709","1,750","30,125",170,"1,517","11,740","248,542","10,670","160,130",810,517,0,0,0,0,0,0,150,"2,470",400,474,"6,030","130,033",0,0,170,"1,519","17,060","11,926,365",0,0,0,0,0,0,0,0,0,0,0,0,0,0,0,0,0,0,"17,190","11,390,292","17,210","12,045,031","11,910","119,208","16,130","386,307","8,210","1,525,340","8,920","1,376,156","2,930","282,950","6,800","1,093,206"
ND,0,"371,320","187,530","140,580","35,960","354,390","7,680","203,970","217,120","5,000","691,030","5,940","1,460",0,"4,480",480,"46,470","101,790","36,474,607","370,400","36,930,084","308,480","21,948,827","153,960","686,477","18,070","150,116","81,990","729,909","72,790","444,293","4,890","8,723","56,630","804,083","78,190","2,462,110","42,590","956,207","64,600","1,622,930","24,740","8,490","50,105","66,180","1,336,626","29,800","3,662,835","50,080","1,644,340","96,330","455,477","8,640","2,660","2,230","77,551","16,350","149,065","6,100","33,550","27,320","20,755","348,740","6,938,882","348,740","6,779,252","69,580","159,629","17,880","1,263,553","5,760","207,054","11,060","136,885","6,370","9,002","13,100","89,914","17,620","111,741","17,640","113,642","2,020","2,127","10,360","144,356",450,"3,022",750,621,940,"34,064","12,710","628,120","1,990","131,630","74,560","960,780","316,130","28,064,897","314,700","5,023,512",380,"5,335","10,020","19,556","139,190","337,659","27,970","23,357","19,700","12,188","17,520","18,387","22,630","4,636","88,490","247,735",630,"2,676","5,460","4,086","52,680","244,048","16,210","121,643","17,730","137,577","348,550","5,268,754","39,420","96,685","11,220","3,943","13,280","32,901","9,040","34,673","5,890","25,168","34,270","85,537","29,260","58,240","12,800","11,377","5,470","8,046","287,820","4,685,850","302,270","5,046,380","11,080","16,353","17,830","80,049","107,920","872,262","252,030","1,083,336","241,430","767,246","14,020","316,090"
ND,1,"4,680","2,680","1,680",180,"3,750",430,"3,510","1,410",60,"7,870",50,20,0,20,0,110,"2,140","-395,431","3,760","-388,943","1,510","61,190","2,120","7,114",150,"1,286","1,000","4,494",860,"2,554",30,292,"1,430","-37,015","1,650","31,411",320,"3,567",450,"5,885","1,820",30,243,0,0,800,"-101,171","1,190","8,976","1,120","6,488",30,8,10,148,320,"2,321",20,121,170,123,0,0,0,0,0,0,0,0,0,0,0,0,0,0,0,0,0,0,0,0,0,0,0,0,0,0,0,0,0,0,0,0,0,0,0,0,0,0,110,73,0,0,100,29,30,30,0,0,0,0,0,0,0,0,20,12,0,0,0,0,720,"1,679",550,"6,068",590,"5,904","2,380","15,457",420,938,200,68,70,198,70,287,80,385,270,622,250,729,130,120,350,568,80,43,880,"1,885",30,128,0,0,470,908,"2,130","14,466","2,050","12,431",120,"2,035"
ND,2,"28,500","24,150","2,020","1,950","26,100","1,170","12,420","16,250",180,"25,660","1,240",430,0,810,250,"2,770","6,590","154,583","28,500","158,935","20,920","128,597","7,250","4,866",380,769,"3,040","3,982","2,660","2,026",40,17,"3,710","7,564","2,720","3,218","1,640","6,906","2,460","11,219",790,120,432,210,412,460,"-1,128","1,340","4,576","3,770","4,352",30,9,0,0,420,"1,647",50,163,380,325,"28,260","362,250","28,260","350,812","5,430","11,437",220,"8,759",180,"7,551",40,56,140,76,90,371,200,479,200,479,0,0,60,551,0,0,0,0,0,0,70,123,0,0,130,20,"1,010","1,648",900,212,0,0,210,60,240,27,140,5,0,0,30,5,10,3,30,13,0,0,0,0,"3,170","2,374",900,"7,094",930,"6,976","22,080","19,489","8,160","8,229","5,410","2,128","1,560","3,070",740,"1,806",460,"1,225","7,260","7,420","2,200","1,576",960,874,400,406,820,185,"4,240","2,644",0,0,0,0,"2,500","1,319","20,880","18,155","20,750","17,780",160,375
ND,3,"48,750","36,980","4,410","6,490","46,140","1,040","22,740","35,170",340,"60,450","1,410",370,0,"1,030",150,"8,950","11,440","843,249","48,750","857,404","38,550","662,281","12,340","12,742",740,"1,696","5,030","11,458","4,270","5,396",80,35,"7,030","34,845","4,770","12,047","3,960","29,792","6,380","58,362","1,640",630,"3,009","6,440","14,373",900,617,"3,400","27,817","8,120","14,155",210,56,10,225,890,"3,610",290,884,"1,320",957,"48,190","783,652","48,190","763,783","9,330","19,869",560,"20,307",470,"16,523",100,250,390,259,200,819,520,"1,170",520,"1,234",50,40,110,"1,116",0,0,0,0,0,0,260,"1,074",30,358,"3,290","2,029","28,200","140,071","27,800","13,974",0,0,730,257,"9,100","3,016",630,24,270,65,"2,910","1,438","3,160",683,"2,430",770,0,0,70,21,"6,020","9,975","2,450","17,619","2,510","17,491","43,950","107,960","13,930","43,487","5,610","1,747","4,280","16,373","2,590","15,533","1,460","9,834","11,980","39,040","7,760","14,696","2,940","2,659","1,060","1,000","21,570","10,958","26,230","21,404",0,0,0,0,"5,760","5,620","40,480","92,096","40,210","91,179",380,917
ND,4,"81,420","55,240","11,120","12,610","77,980","1,470","36,880","56,700",780,"121,540","1,620",380,0,"1,250",80,"15,370","17,200","3,051,784","81,420","3,084,765","70,280","2,532,077","20,700","25,646","1,540","4,424","9,090","25,638","7,910","12,387",250,151,"8,930","61,589","8,420","27,899","6,200","64,584","10,860","157,919","2,740","2,000","10,413","12,920","109,950","1,900","6,907","5,640","60,747","16,010","32,981","1,120",306,70,912,"1,690","7,462","1,180","4,320","6,160","4,662","80,010","1,371,227","80,010","1,343,789","12,290","27,438","1,410","51,233","1,050","34,690",410,688,910,807,650,"2,708","1,350","3,992","1,350","4,167",190,324,450,"4,765",20,80,30,40,30,236,810,"5,424",90,"1,844","9,360","14,503","79,440","1,631,406","78,770","177,121",20,164,"2,740","1,901","31,420","31,774","2,470",147,"2,380","1,347","5,070","5,703","14,000","2,956","15,870","21,055",120,154,450,269,"7,350","18,886","5,360","35,557","5,400","36,018","77,780","299,602","14,980","42,140",0,0,"7,370","13,260","4,810","16,459","2,800","12,421","13,230","37,004","12,640","27,125","3,230","2,821","1,860","2,256","64,770","145,346","67,980","165,597",10,7,0,0,"17,680","21,876","62,760","155,524","62,010","152,934","1,080","2,590"
ND,5,"60,690","36,410","14,720","7,780","58,250","1,030","31,250","39,340",840,"100,840",880,150,0,730,0,"9,100","16,050","3,737,282","60,690","3,774,155","51,960","2,921,911","21,850","31,433","1,930","6,188","10,680","53,806","9,180","17,536",410,270,"7,260","68,101","9,580","36,681","6,530","89,190","10,570","220,453","2,690","2,000","12,660","11,850","211,102","2,290","21,472","6,230","79,777","15,480","36,873","1,370",393,100,902,"1,730","9,548","1,240","5,752","6,500","5,138","58,830","1,091,393","58,830","1,066,472","11,130","24,921","1,860","65,198","1,070","36,481",690,"1,167","1,100","1,180","1,070","5,105","1,820","6,754","1,820","7,148",270,325,830,"8,904",30,271,30,40,20,58,"1,080","8,680",150,"3,525","10,360","26,825","60,450","2,561,170","60,280","303,113",0,0,"2,210","3,128","21,110","40,638","3,470",252,"2,110","1,244","2,650","3,191","5,460",994,"13,960","33,635",120,309,790,561,"6,360","19,391","3,060","23,911","3,290","26,105","58,940","353,441","1,930","1,891",0,0,0,0,830,588,"1,100","1,303","1,530","1,451","4,400","9,613","1,430","1,300",890,"1,427","55,760","262,474","57,190","283,905",20,15,0,0,"16,680","34,173","43,760","103,124","42,550","99,356","1,620","3,768"
ND,6,"39,120","15,400","19,490","3,470","37,580",700,"23,110","21,860",580,"81,540",420,50,0,360,0,"4,290","12,890","3,397,388","39,120","3,430,923","32,960","2,476,806","18,430","35,832","1,950","7,012","9,470","37,024","8,380","20,854",610,405,"6,050","78,545","8,800","44,343","5,750","103,418","8,990","236,361","2,490","1,390","8,746","9,950","236,577","2,540","31,495","6,080","95,041","11,050","33,535",980,300,100,"1,763","1,550","10,093",820,"4,353","3,800","2,502","37,260","824,064","37,260","802,980","9,080","21,084","1,860","67,486",900,"33,393",910,"1,687",900,"1,085","1,250","6,219","1,830","8,089","1,840","8,432",280,329,970,"10,539",30,106,60,79,20,159,"1,120","10,082",180,"4,696","9,090","30,712","38,990","2,479,727","38,900","323,452",10,47,"1,310","2,506","15,930","42,581","3,310",328,"2,350","1,519","1,830","2,096",0,0,"11,820","37,056",100,363,820,594,"5,580","20,208","1,750","15,161","1,860","16,810","38,170","339,969",0,0,0,0,0,0,0,0,0,0,0,0,"1,440","2,962","1,030",894,470,"1,148","37,440","280,870","38,050","303,207",30,25,0,0,"14,280","41,886","24,700","77,968","23,620","73,766","1,430","4,202"
ND,7,"78,140","13,220","61,290","2,950","75,480","1,320","49,960","38,410","1,490","207,720",310,50,0,260,0,"5,390","24,500","10,797,859","78,140","10,917,953","67,590","7,779,815","46,170","113,457","5,580","27,376","25,750","147,114","23,010","82,504","1,900","1,599","14,960","247,786","24,150","219,934","12,470","370,328","18,480","628,914","7,010","2,050","12,706","17,700","526,813","9,340","246,352","15,280","347,950","27,880","120,094","3,860","1,267",640,"13,651","4,400","38,492","1,870","11,585","9,000","7,048","73,250","1,889,056","73,250","1,849,019","16,330","40,037","4,890","190,050","1,550","55,932","3,060","8,757","1,750","2,801","3,850","20,654","4,840","28,994","4,850","29,209",670,536,"3,160","41,114",100,619,170,139,140,753,"3,370","43,810",560,"18,429","24,570","148,845","78,050","8,572,073","77,960","1,232,039",50,223,"2,120","6,827","42,800","136,082","9,480","1,501","9,390","6,047","5,040","5,954",0,0,"33,520","116,646",200,"1,128","2,420","1,863","14,400","71,112","2,160","16,233","2,520","22,494","76,420","1,187,235",0,0,0,0,0,0,0,0,0,0,0,0,560,"1,488","3,060","2,709",450,"1,241","77,400","1,095,956","77,690","1,174,772",520,151,150,66,"33,680","176,342","44,270","186,335","41,170","164,542","4,170","21,793"
ND,8,"24,570","2,740","21,260",440,"23,820",460,"19,090","7,030",580,"70,330",20,0,0,20,0,470,"8,630","6,989,129","24,570","7,122,506","20,430","3,803,074","19,920","129,251","4,010","37,597","13,760","162,445","12,610","106,378","1,330","1,517","5,690","207,707","13,720","398,146","4,660","230,859","5,440","257,033","4,330",260,"1,804","5,680","188,099","8,030","723,091","8,150","456,616","9,900","133,377",960,297,940,"36,831","3,610","46,967",500,"5,080",0,0,"20,060","539,678","20,060","527,233","5,020","12,445","4,520","227,853",510,"19,859","3,570","23,544",930,"2,116","3,870","28,731","4,510","37,802","4,510","37,825",440,392,"3,220","50,183",150,776,250,234,280,"3,779","3,680","74,283",570,"40,040","13,720","253,957","24,560","5,971,147","24,550","1,114,369",110,907,550,"4,377","15,590","47,311","6,080","2,107","2,860","1,726",0,0,0,0,"10,770","38,471",70,431,790,658,"7,040","69,775",0,0,570,"5,308","23,610","1,042,256",0,0,0,0,0,0,0,0,0,0,0,0,20,51,0,0,0,0,"24,540","1,067,059","24,560","1,163,879","7,760","5,342","12,650","17,146","14,020","255,517","10,490","130,955","7,910","78,936","3,390","52,019"
ND,9,"3,730",480,"3,150",70,"3,630",60,"3,370",720,110,"10,380",0,0,0,0,0,10,"1,540","2,517,673","3,730","2,562,789","2,960","950,292","3,500","76,794","1,090","18,215","2,790","88,367","2,600","60,911",180,340,"1,000","67,205","2,890","249,917",730,"38,540",660,"34,815",860,20,92,940,"32,021","2,190","568,984","1,790","235,783","1,950","45,116",70,19,260,"14,801","1,050","17,093",80,952,0,0,"2,190","58,744","2,190","56,948",720,"1,796","1,540","119,106",40,"2,625","1,340","21,709",190,505,"1,300","12,999","1,540","14,561","1,540","14,610",80,77,"1,050","18,023",60,577,120,48,210,"5,185","1,370","54,804",210,"23,632","2,640","112,840","3,720","2,229,154","3,720","545,727",60,643,40,393,"1,940","5,231","1,520","1,559",270,183,0,0,0,0,60,77,20,291,110,96,"1,360","18,129",0,0,40,393,"3,570","527,653",0,0,0,0,0,0,0,0,0,0,0,0,0,0,0,0,0,0,"3,720","540,496","3,730","583,415","1,880","5,534","3,420","18,406","2,040","131,563","1,670","74,354",870,"27,478",960,"46,876"
ND,10,"1,720",230,"1,450",30,"1,680",20,"1,640",210,50,"4,700",0,0,0,0,0,0,810,"5,381,091","1,720","5,409,597","1,340","632,784","1,680","249,342",690,"45,553","1,380","195,581","1,300","133,747",90,"4,097",580,"67,756","1,490","1,438,514",330,"19,023",300,"11,969",360,0,0,490,"17,279","1,370","2,166,216",990,"327,057","1,060","28,506",20,5,100,"8,318",680,"11,832",30,340,0,0,700,"18,818",700,"18,216",240,602,"1,020","513,561",0,0,940,"79,027",80,173,820,"12,308","1,020","9,900","1,020","10,538",30,104,520,"9,161",50,593,100,41,240,"23,894",970,"429,840",200,"39,106","1,410","371,049","1,720","4,478,501","1,720","1,313,432",130,"3,351",10,78,"1,040","30,969",880,"17,434",80,57,0,0,0,0,0,0,0,0,20,24,680,"12,519",0,0,10,78,"1,670","1,375,692",0,0,0,0,0,0,0,0,0,0,0,0,0,0,0,0,0,0,"1,720","1,282,463","1,720","1,345,672",830,"5,151","1,620","44,431",820,"203,058",890,"230,359",290,"48,844",710,"181,515"
OH,0,"5,678,870","2,786,170","1,839,520","700,510","5,377,060","147,110","2,752,490","3,628,280","63,290","10,168,370","106,740","54,500",170,"52,070","10,640","806,470","1,620,300","457,084,572","5,658,050","461,110,706","4,590,860","311,626,647","1,689,020","6,656,368","212,780","1,273,319","1,152,940","12,371,002","1,070,560","8,742,813","93,450","137,332","895,310","12,573,926","956,190","16,905,294","675,710","15,718,488","1,207,120","34,169,560","66,650","115,330","677,215","974,810","16,929,505","262,270","27,521,040","289,330","2,397,453","1,156,220","4,026,134","115,960","34,538","27,220","756,624","102,510","857,740","70,210","354,745","285,950","233,955","5,325,030","102,871,241","5,325,030","100,359,399","1,124,710","2,511,840","296,030","12,237,666","80,020","2,132,205","250,820","3,363,752","39,750","68,130","243,520","1,737,098","293,280","2,324,484","293,590","2,303,803","31,560","26,275","207,950","2,352,923","3,650","36,546","5,690","7,485","13,400","371,845","219,420","4,095,909","22,310","918,508","874,950","6,607,838","4,636,340","344,173,631","4,626,230","59,525,546","2,880","54,439","105,790","144,999","2,046,790","4,132,238","391,540","213,427","150,690","89,841","231,760","254,501","383,250","76,174","1,320,920","3,024,220","19,190","83,991","103,940","84,258","662,850","2,308,184","168,680","964,986","181,880","1,084,394","5,363,690","67,083,256","816,310","2,259,198","212,910","75,088","286,090","761,570","196,500","838,048","120,810","584,493","721,520","1,967,618","580,320","1,129,937","189,630","170,586","50,830","61,993","4,148,980","55,393,330","4,422,760","58,953,915","190,480","304,313","197,640","659,526","1,377,050","6,488,253","4,098,740","14,507,071","3,986,130","11,475,923","141,730","3,031,147"
OH,1,"57,670","38,840","14,100","2,540","39,230","8,080","30,000","16,440",840,"80,430",680,480,0,200,0,"2,380","26,110","-2,169,743","36,870","-2,106,550","10,120","431,190","13,750","70,425","1,500","10,735","9,480","59,626","8,570","36,955",430,"1,216","21,000","-577,484","12,490","113,974","3,150","41,252","5,140","64,320","3,470",370,"2,960",110,493,"7,220","-1,110,070","7,870","-96,382","7,410","63,193",220,59,90,"1,676","1,680","10,993",310,"1,708","1,360","1,472",0,0,0,0,0,0,0,0,0,0,0,0,0,0,0,0,0,0,0,0,0,0,0,0,0,0,0,0,0,0,0,0,0,0,0,0,0,0,"1,430","2,429",50,"1,054","1,300",342,280,183,30,2,0,0,40,14,30,12,120,93,0,0,10,2,"4,110","10,549","4,260","35,962","4,470","35,084","24,200","148,744","2,980","4,403","1,870",535,550,"1,427",350,"1,421",210,"1,020","1,980","3,195","1,960","5,400","2,320","2,179","2,320","3,035","1,200","2,246","6,200","14,230",270,274,0,0,"3,600","5,446","22,810","139,839","21,620","117,254","1,630","22,585"
OH,2,"535,150","445,720","40,850","40,230","488,400","23,630","211,320","302,350","3,070","490,180","20,200","10,440",0,"9,760","3,880","54,320","127,770","2,810,892","535,130","2,864,733","376,090","2,188,652","88,050","61,325","5,320","6,953","52,830","74,904","47,780","41,541","1,190",676,"86,450","183,940","41,140",881,"32,420","131,097","63,100","287,328","2,760","2,780","14,221","5,320","11,618","5,300","-37,681","12,050",916,"72,650","53,841",720,181,120,658,"3,690","11,705","1,080","3,601","4,820","4,328","531,620","6,864,153","531,620","6,644,116","105,080","220,037","3,470","85,712","2,540","59,918","1,060","2,076","1,670","1,267","1,680","9,116","3,070","10,765","3,070","10,889",250,242,"1,180","9,917",30,206,20,6,70,225,"1,470","2,335",110,"1,357","1,880",304,"14,040","27,375","14,700","4,203",0,0,"4,820","1,571","3,750",453,"1,970",84,20,7,260,70,240,40,560,207,10,6,70,23,"65,130","45,161","14,770","92,653","15,430","94,184","399,420","360,054","157,190","161,710","104,490","41,272","31,880","66,115","13,720","34,390","7,110","19,933","135,870","142,528","41,980","29,091","16,470","14,834","5,060","4,146","13,360","3,752","82,860","50,528",20,60,0,0,"51,150","23,493","373,510","332,859","371,010","326,787","3,080","6,072"
OH,3,"902,390","600,010","93,820","183,920","856,130","21,220","378,820","696,740","5,510","1,314,890","27,300","14,440",40,"12,820","4,150","198,700","224,150","15,599,815","902,390","15,805,824","675,830","11,372,602","142,980","156,196","9,690","15,328","80,060","183,734","72,880","104,796","2,610","1,628","181,220","1,306,127","63,480","50,340","73,590","573,292","155,540","1,688,339","4,960","14,850","87,421","127,960","330,125","11,010","-16,017","22,720","40,963","167,690","206,009","4,140","1,085",340,"2,191","7,510","25,178","4,500","14,764","15,220","13,189","894,280","15,206,596","894,280","14,818,765","182,890","387,831","8,070","226,187","6,290","149,894","2,940","6,030","4,120","3,722","4,340","22,688","7,570","27,404","7,580","27,610",650,"1,133","3,030","24,589",50,350,80,74,110,383,"4,250","16,059",430,"5,913","56,360","33,961","478,800","2,312,651","476,290","233,751",10,824,"12,680","4,818","157,770","46,236","9,160",354,"3,930",907,"32,940","14,638","55,710","11,052","61,050","18,038",450,195,"2,040",804,"143,040","255,125","37,730","211,618","38,960","213,422","833,600","2,436,570","332,480","1,197,886","106,540","33,281","111,930","432,622","72,480","443,601","41,530","288,383","295,720","1,034,948","206,330","394,879","40,670","36,243","13,400","11,372","365,330","187,523","485,910","448,534",90,93,0,0,"89,430","92,364","775,150","2,078,116","770,820","2,063,723","5,870","14,394"
OH,4,"1,381,050","822,290","204,720","254,940","1,319,450","28,440","599,220","1,006,890","9,900","2,196,420","33,640","19,150",90,"14,400","2,400","275,180","336,460","51,425,937","1,381,050","51,793,391","1,156,650","41,454,021","252,590","321,298","18,870","38,462","143,610","398,071","131,150","234,152","8,450","5,168","163,620","1,261,767","112,390","177,374","114,570","1,268,204","250,280","4,544,984","9,540","32,250","187,316","234,240","1,991,492","21,890","71,861","38,940","62,987","204,890","367,454","17,020","4,648",940,"7,960","13,180","53,564","15,990","58,840","60,650","49,373","1,358,250","23,863,876","1,358,250","23,338,040","241,520","525,836","22,770","663,210","15,290","365,228","13,930","29,600","7,530","8,600","13,740","63,587","22,140","93,129","22,190","95,130","2,880","2,925","10,350","84,538",210,"1,524",230,523,260,"1,439","14,380","87,474","1,510","23,871","138,330","197,907","1,344,780","26,876,620","1,338,450","2,914,909",50,418,"39,490","26,640","562,980","578,570","37,070","2,127","27,820","15,579","67,130","72,379","239,140","49,625","334,740","422,457","3,300","4,293","13,070","8,877","107,530","276,929","63,090","339,681","64,300","356,719","1,339,850","5,151,750","292,800","864,293",0,0,"141,740","261,406","95,710","347,801","55,350","255,086","262,100","762,183","245,260","528,002","43,720","37,583","18,030","21,172","1,066,480","2,336,340","1,119,500","2,634,797",250,335,20,7,"266,850","301,440","1,100,460","2,812,478","1,091,980","2,781,314","11,680","31,164"
OH,5,"948,700","478,890","243,060","121,340","906,280","20,100","472,220","640,080","9,790","1,616,100","15,360","7,230",20,"8,120",200,"137,230","282,650","58,320,761","948,700","58,698,268","794,620","44,859,531","264,020","415,535","24,630","57,988","163,230","569,285","150,190","352,150","16,110","9,928","113,470","1,191,063","128,640","292,231","111,820","1,682,122","220,480","5,892,529","10,100","23,050","135,762","190,450","3,211,565","24,390","219,194","41,790","82,424","186,120","377,507","22,280","6,331","1,260","14,121","11,890","60,567","15,350","68,136","68,960","56,638","912,370","17,179,030","912,370","16,750,623","196,740","428,406","36,320","1,024,160","16,810","413,026","28,550","89,139","6,950","9,951","27,560","122,979","35,910","204,093","35,970","203,125","4,730","4,256","22,990","198,790",480,"3,691",570,993,370,"1,609","23,720","163,899","2,180","38,263","132,060","267,448","946,410","39,912,818","944,600","4,714,317",40,449,"21,240","30,863","352,360","664,510","51,610","3,785","17,950","10,251","38,190","46,909","88,140","15,445","241,390","553,680","4,180","10,714","19,020","14,770","78,650","226,217","26,020","160,811","28,400","184,728","932,810","5,520,442","30,860","30,906",0,0,0,0,"14,250","10,835","16,610","20,071","25,860","24,764","64,830","132,633","23,010","20,678","7,040","12,013","875,040","4,049,812","892,930","4,306,825",190,252,0,0,"242,000","413,314","702,700","1,619,940","692,160","1,580,139","14,080","39,801"
OH,6,"587,030","204,570","272,730","51,980","558,840","13,520","318,670","350,570","7,730","1,186,920","5,410","1,680",20,"3,710",0,"62,290","198,760","50,839,696","587,030","51,166,993","489,500","37,401,678","219,080","437,163","24,310","66,745","146,030","661,698","135,200","426,836","19,210","13,099","85,570","1,114,113","117,080","408,576","92,910","1,866,633","163,090","5,411,406","9,000","15,290","87,704","140,640","3,139,746","23,960","295,468","38,180","115,053","133,050","327,297","17,390","5,155","1,550","19,214","9,980","62,431","9,460","50,368","43,800","30,482","546,530","11,906,196","546,530","11,592,789","137,590","313,407","40,490","1,109,036","12,710","323,653","35,150","144,939","4,850","7,844","33,870","159,446","40,260","286,472","40,310","280,936","4,980","3,683","29,420","251,859",540,"4,303",720,"1,170",500,"2,955","27,240","197,576","2,500","45,738","113,870","289,089","586,160","37,558,700","585,400","4,962,599",60,590,"11,180","23,566","244,520","591,354","50,590","5,460","16,270","9,623","27,500","33,242",0,0,"179,710","503,615","3,320","13,355","17,390","13,996","63,180","204,546","12,610","73,199","13,740","93,003","579,270","5,297,788",0,0,0,0,0,0,0,0,0,0,0,0,"15,190","27,725","17,340","15,336","2,970","5,821","568,330","4,371,246","573,810","4,608,367",420,204,20,8,"196,780","467,367","388,000","1,148,826","377,090","1,102,464","14,090","46,362"
OH,7,"929,850","160,040","682,150","37,920","887,020","22,620","515,110","505,450","16,280","2,326,460","3,900","1,020",0,"2,880",0,"68,210","311,260","126,466,789","929,850","127,417,930","795,480","92,387,435","454,410","1,279,007","63,540","236,889","336,350","2,584,222","313,830","1,831,704","33,450","29,436","163,900","3,133,502","277,470","1,865,250","174,420","5,560,389","268,370","11,293,601","18,300","22,450","132,500","211,350","5,985,559","72,930","1,783,166","79,120","546,235","272,350","951,141","42,620","13,656","6,980","118,242","24,090","199,415","18,700","109,788","91,150","78,473","834,700","21,195,953","834,700","20,700,647","203,770","495,306","95,140","3,088,677","20,870","582,303","86,680","575,124","7,760","15,874","83,200","464,228","94,760","826,231","94,850","811,392","11,270","7,955","73,030","743,237","1,150","9,628","1,990","2,995","2,010","15,109","70,660","738,727","6,860","184,062","253,970","1,013,333","929,240","101,186,282","928,530","14,685,724",230,"3,869","12,250","40,203","502,720","1,397,259","127,280","21,140","55,780","35,389","65,700","87,249",0,0,"376,430","1,135,308","5,600","34,693","37,570","32,040","126,760","556,396","10,200","51,062","13,690","88,551","920,590","14,887,796",0,0,0,0,0,0,0,0,0,0,0,0,"4,430","11,301","46,110","43,733","2,030","4,434","922,640","13,288,470","924,670","13,948,197","26,010","6,495","10,300","2,285","355,830","1,412,007","571,520","2,328,304","541,140","2,121,134","39,080","207,170"
OH,8,"279,500","29,830","238,410","6,500","266,580","7,850","177,510","99,770","8,030","790,450",260,70,0,200,0,"7,890","91,640","79,492,606","279,500","80,464,545","242,850","53,596,999","200,970","1,233,650","44,200","328,125","172,890","2,835,075","164,160","2,017,576","8,750","18,553","63,330","2,938,362","155,820","3,116,070","60,780","3,597,711","70,900","4,265,266","6,710","4,000","26,943","54,080","1,841,578","62,860","5,100,059","34,680","739,870","85,160","971,939","10,810","3,199","10,350","311,271","19,380","248,371","3,900","36,593",0,0,"217,710","5,857,615","217,710","5,735,043","49,630","122,572","61,790","2,751,449","5,190","207,908","56,680","837,999","4,830","13,358","54,890","481,041","61,630","599,300","61,670","595,628","5,740","4,231","48,490","697,765",740,"8,469","1,450","1,419","3,990","47,628","51,870","934,859","5,050","250,665","137,210","1,394,072","279,400","69,496,536","279,320","13,173,445",500,"6,011","2,570","15,083","186,430","527,037","82,450","39,539","25,560","15,942",0,0,0,0,"126,410","390,069","1,940","16,364","12,740","11,741","55,990","460,652",0,0,"2,630","16,745","276,900","13,171,903",0,0,0,0,0,0,0,0,0,0,0,0,350,906,0,0,0,0,"279,110","12,646,408","279,340","13,405,926","123,320","96,212","135,100","136,745","142,810","1,577,000","135,880","1,316,389","108,570","862,689","33,080","453,700"
OH,9,"40,440","4,130","34,980",840,"38,780","1,150","33,770","7,950","1,530","118,430",0,0,0,0,0,230,"14,360","27,159,266","40,440","27,568,973","35,090","15,056,778","36,600","663,595","12,720","177,601","33,110","1,438,919","31,900","1,011,976","1,850","11,503","11,480","1,058,622","32,220","2,029,944","8,690","674,521","7,320","515,840","1,200",240,"1,891","7,290","279,811","20,220","4,911,374","8,440","364,841","17,600","409,707",610,178,"3,700","173,101","6,510","105,659",640,"7,501",0,0,"22,940","619,518","22,940","605,536","5,680","13,981","17,500","1,183,530",270,"23,294","16,070","536,046","1,390","4,123","15,350","213,755","17,480","173,042","17,480","173,281",810,"1,228","13,160","228,892",250,"4,058",420,246,"2,800","51,952","15,820","542,786","1,840","156,128","27,320","652,601","40,420","24,706,324","40,420","6,145,212",410,"7,235",210,"1,548","23,860","73,394","20,430","36,767","2,770","1,750",0,0,0,0,490,753,300,"2,980","1,570","1,546","12,200","144,201",0,0,220,"1,573","40,060","6,273,917",0,0,0,0,0,0,0,0,0,0,0,0,0,0,0,0,0,0,"40,410","6,071,818","40,440","6,461,065","28,370","90,262","36,100","140,387","21,390","850,438","18,900","648,546","9,190","232,001","11,130","416,544"
OH,10,"17,100","1,850","14,700",320,"16,350",510,"15,840","2,040",600,"48,100",0,0,0,0,0,40,"7,150","47,138,553","17,100","47,436,599","14,620","12,877,761","16,590","2,018,174","8,000","334,493","15,350","3,565,468","14,920","2,685,127","1,390","46,125","5,280","963,914","15,470","8,850,654","3,350","323,267","2,920","205,947",610,60,497,"3,380","137,518","12,480","16,303,686","5,550","540,546","9,310","298,046",160,46,"1,890","108,190","4,590","79,857",290,"3,446",0,0,"6,620","178,304","6,620","173,840","1,820","4,464","10,480","2,105,705",50,"6,981","9,780","1,142,799",670,"3,391","8,880","200,258","10,480","104,048","10,480","105,812",260,622,"6,310","113,336",220,"4,317",210,59,"3,300","250,545","10,010","1,412,194","1,830","212,511","13,950","2,759,123","17,090","42,096,325","17,090","12,688,957","1,520","33,989",50,365,"12,120","253,242","10,950","104,169",580,393,0,0,0,0,0,0,100,"1,391",450,459,"6,250","128,408",0,0,50,385,"17,000","13,834,292",0,0,0,0,0,0,0,0,0,0,0,0,0,0,0,0,0,0,"17,090","12,435,715","17,100","13,075,446","11,540","110,126","16,100","380,094","7,220","1,345,384","9,810","2,081,774","2,560","288,418","8,010","1,793,355"
OK,0,"1,702,930","765,800","649,860","243,910","1,608,480","44,690","855,710","1,108,180","16,910","3,365,900","35,380","19,280",380,"15,730","4,420","289,470","456,430","131,614,398","1,694,860","132,719,959","1,369,260","87,719,661","539,630","2,187,321","51,270","473,247","251,260","2,972,308","230,930","2,039,571","34,340","37,540","319,920","3,130,628","235,830","6,490,654","160,280","3,975,074","319,310","8,768,852","75,620","27,160","135,624","282,780","5,376,278","105,410","9,607,978","154,110","2,140,820","362,770","1,105,561","43,320","13,373","4,390","111,027","37,290","277,363","19,830","103,140","63,530","43,619","1,561,450","31,551,029","1,561,450","30,871,431","302,550","679,598","113,080","6,332,884","32,100","711,983","93,360","1,056,100","17,570","36,902","88,290","422,494","111,940","807,502","112,090","809,290","19,770","18,029","72,970","832,097","1,240","13,522","2,590","3,839","5,170","251,012","88,700","2,531,609","21,110","1,173,730","239,660","2,035,021","1,347,160","95,973,436","1,349,150","16,556,485","1,120","28,445","54,850","77,840","643,470","1,394,845","75,250","70,625","46,960","26,982","76,120","74,537","137,740","28,602","456,900","1,013,332","9,890","51,039","15,450","12,641","234,100","719,509","106,670","796,407","113,620","878,355","1,588,190","18,952,308","320,100","913,574","73,790","26,392","112,080","297,999","79,860","332,093","54,370","257,089","283,470","787,879","248,790","503,560","59,490","48,912","25,870","24,898","1,150,740","15,161,643","1,266,780","16,282,552","39,650","67,000","51,890","240,820","429,320","2,261,329","1,204,860","4,879,086","1,174,260","3,848,765","38,670","1,030,321"
OK,1,"28,340","15,980","10,260","1,210","20,740","3,720","17,410","9,180",350,"44,870",270,200,0,70,0,"1,080","13,910","-1,743,993","20,280","-1,669,077","5,570","250,670","9,400","50,246",810,"8,493","4,300","36,365","3,870","20,711",270,506,"10,780","-436,552","6,310","107,823","1,820","27,079","3,220","47,922","6,090",160,"1,031",60,370,"4,850","-615,298","5,530","15,200","3,980","74,916",170,47,30,595,"1,050","5,775",130,821,540,537,0,0,0,0,0,0,0,0,0,0,0,0,0,0,0,0,0,0,0,0,0,0,0,0,0,0,0,0,0,0,0,0,0,0,0,0,0,0,"1,010",953,40,454,960,271,240,105,20,2,0,0,40,8,20,10,130,64,10,1,0,0,"2,490","6,328","3,840","41,243","4,040","41,437","12,210","70,357","1,560","2,776",880,280,310,834,210,880,160,782,"1,040","1,854","1,190","3,335",940,847,"1,650","2,065",810,847,"3,690","8,086",130,166,0,0,"2,180","3,693","11,450","65,904","10,840","50,418",770,"15,486"
OK,2,"168,000","128,220","19,470","17,370","155,250","6,260","71,920","100,160","1,010","193,490","8,750","4,570",20,"4,170","1,520","22,440","45,440","875,576","168,000","899,584","108,730","676,954","35,230","27,463","1,660","2,572","12,350","19,688","10,930","11,251",440,356,"33,560","84,208","11,030","8,755","8,610","39,250","16,810","88,735","4,040","1,410","6,072","1,760","3,879","2,630","-12,608","8,170","12,539","28,550","24,008",330,88,30,220,"1,760","5,385",280,"1,049","1,130",850,"166,640","2,444,517","166,640","2,365,525","37,320","78,992","1,340","30,813",970,"19,412",420,976,660,775,610,"1,992","1,210","3,342","1,210","3,364",180,171,480,"4,633",10,144,20,36,30,161,630,"1,193",130,"1,726",460,101,"3,170","6,094","5,450","1,590",0,0,"2,970",914,"1,380",281,370,12,20,5,170,38,110,18,520,186,10,4,30,8,"26,350","19,348","11,890","87,231","12,430","90,111","123,320","134,139","58,730","66,034","36,000","14,188","13,400","27,418","6,000","14,914","3,340","9,514","50,860","57,644","18,620","13,168","5,180","4,423","2,980","2,119","4,610","1,309","31,950","21,302",10,8,0,0,"19,290","9,841","113,960","122,591","113,230","120,130",900,"2,462"
OK,3,"296,410","182,940","41,490","65,730","281,160","7,240","135,240","233,620","1,810","482,490","8,730","4,860",50,"3,830","1,570","74,030","62,310","5,140,383","296,410","5,215,851","224,630","3,848,569","50,030","61,171","2,780","6,646","18,180","47,914","16,390","27,166","1,030",800,"65,260","565,290","17,040","29,556","16,580","140,201","38,350","427,655","7,190","5,680","28,484","33,750","83,406","5,430","-6,010","13,740","44,535","62,060","75,468","1,760",480,80,367,"3,280","10,227","1,250","3,940","3,510","2,629","293,090","5,150,084","293,090","5,045,690","49,010","104,394","3,300","89,749","2,390","49,092","1,200","2,600","1,760","1,972","1,720","5,312","3,130","9,190","3,140","9,383",540,503,"1,180","11,165",30,212,40,79,50,418,"1,910","9,498",540,"9,528","17,680","10,888","149,340","718,273","151,040","73,410",0,0,"7,120","2,369","53,090","15,603","1,780",68,"1,030",226,"10,370","4,601","18,160","3,443","24,000","7,020",200,97,270,95,"55,120","102,595","27,030","186,967","27,960","191,553","272,140","848,419","121,780","446,679","36,920","11,924","41,660","160,348","26,510","159,960","16,690","114,446","108,410","381,213","79,600","151,689","11,970","9,841","7,100","4,957","112,580","57,808","160,420","162,775",40,51,0,0,"33,340","35,959","250,360","720,915","249,170","716,463","1,620","4,453"
OK,4,"431,110","229,240","92,460","94,890","411,590","8,690","194,500","322,520","3,040","792,310","10,870","6,620",110,"4,150","1,210","101,230","87,170","15,848,630","431,110","15,962,447","369,290","13,230,555","82,590","109,867","4,540","14,190","30,450","90,273","27,550","53,625","2,920","2,442","59,880","496,745","27,850","74,989","24,990","298,287","61,960","1,064,638","11,580","7,940","40,148","65,260","550,091","9,830","47,891","21,240","73,188","66,120","113,817","7,500","2,101",190,"1,455","4,770","19,191","4,100","14,609","12,470","8,219","422,230","7,874,357","422,230","7,740,076","61,080","134,281","8,880","256,799","5,690","115,185","5,030","10,474","3,400","4,906","5,140","14,700","8,650","29,228","8,680","29,897","1,930","1,615","3,850","33,218",90,688,120,181,130,484,"6,030","45,283","1,480","30,679","44,370","66,303","416,920","7,708,549","415,160","834,540",20,360,"18,970","11,768","203,540","214,137","7,010",402,"8,570","4,185","22,070","21,121","83,620","19,094","136,080","164,533","1,680","2,552","1,890","1,279","41,760","110,716","36,150","262,545","36,940","273,224","415,940","1,678,966","122,670","381,623",0,0,"56,710","109,399","40,130","150,508","25,830","121,717","110,180","333,859","107,650","245,283","14,200","11,285","8,650","8,058","300,000","620,402","325,690","738,949",100,197,20,7,"85,210","106,038","341,660","1,043,891","339,320","1,033,633","3,240","10,258"
OK,5,"258,100","112,540","98,320","37,490","245,430","5,620","128,670","174,290","2,500","525,770","4,280","2,270",60,"1,960",110,"44,910","70,290","15,852,849","258,100","15,957,501","219,420","12,535,782","78,620","128,651","5,680","21,659","31,960","122,310","29,160","73,728","4,790","4,063","39,630","315,876","28,970","111,680","24,120","373,245","53,070","1,275,771","10,270","4,370","21,409","52,970","937,755","10,110","95,615","20,940","85,216","51,800","104,652","8,170","2,402",230,"2,619","4,160","20,798","3,910","17,221","13,670","9,343","245,680","5,072,640","245,680","4,966,580","47,990","106,060","12,410","378,510","6,210","130,123","8,930","24,151","3,170","5,728","8,540","26,020","12,230","53,898","12,260","54,635","2,660","2,193","6,910","60,922",130,"1,208",260,434,170,"1,020","8,780","78,938","2,230","50,517","36,190","85,088","257,400","10,332,027","256,760","1,204,668",20,123,"11,390","16,059","116,770","249,569","9,280",814,"6,740","3,609","13,420","14,923","35,840","6,037","88,780","212,277","2,160","6,862","2,650","2,121","27,050","77,470","15,440","123,563","16,270","138,470","252,180","1,401,909","15,370","16,462",0,0,0,0,"7,010","5,831","8,360","10,630","12,970","13,309","31,590","68,020","8,110","6,687","3,390","4,196","223,900","955,101","232,570","1,043,010",70,64,0,0,"71,920","143,955","185,240","500,247","182,400","487,652","3,760","12,595"
OK,6,"163,290","47,840","96,630","14,580","154,880","3,860","88,590","98,250","1,900","378,720","1,320",480,50,790,0,"21,250","52,070","14,151,496","163,290","14,242,601","137,210","10,647,891","66,390","125,725","5,470","21,753","29,550","142,532","27,010","90,213","5,610","4,979","29,330","274,215","26,750","139,009","21,030","432,177","42,400","1,272,017","9,160","2,820","13,509","40,450","963,708","9,770","138,086","18,580","97,162","38,470","91,105","6,400","2,073",240,"2,980","3,680","21,862","2,810","14,633","10,270","6,176","150,410","3,534,712","150,410","3,453,547","35,390","81,165","12,880","417,756","5,060","111,422","10,400","37,533","2,280","4,661","9,760","31,721","12,760","70,882","12,790","71,112","2,700","2,385","8,080","73,919",120,988,280,486,200,987,"9,390","93,627","2,460","64,888","29,560","89,665","163,020","10,119,228","162,700","1,288,198",30,223,"6,180","13,761","75,020","216,232","9,200","1,046","6,670","3,904","9,990","10,965",0,0,"61,820","184,202","1,890","9,297","2,590","2,133","20,200","63,963","7,020","57,122","7,810","71,026","160,190","1,338,474",0,0,0,0,0,0,0,0,0,0,0,0,"7,320","14,255","6,040","4,902","1,310","1,915","154,800","1,071,966","157,250","1,146,561",120,95,0,0,"57,730","158,529","105,070","347,494","102,260","332,114","3,670","15,380"
OK,7,"263,390","39,030","210,010","10,640","250,100","6,440","151,190","139,450","4,010","689,460","1,080",270,80,720,0,"22,150","89,240","35,943,824","263,390","36,189,414","224,700","26,203,571","144,030","387,887","14,850","77,753","72,690","505,729","67,180","331,337","14,520","15,179","55,430","667,574","66,920","612,149","43,340","1,396,109","78,180","3,063,121","18,890","3,940","20,535","65,680","2,007,770","28,200","739,836","40,790","387,207","79,140","245,590","15,910","5,242","1,060","15,706","8,660","66,543","5,470","32,285","21,940","15,865","226,070","5,924,883","226,070","5,789,567","55,720","135,316","37,320","1,442,659","9,420","209,626","33,330","195,740","3,630","9,923","31,000","118,116","37,090","287,302","37,130","287,015","7,380","6,430","26,590","275,381",380,"2,848",890,"1,438",880,"5,840","29,450","391,872","7,120","268,080","65,370","301,555","263,150","28,282,828","262,870","4,030,538",120,"1,398","6,000","22,531","139,320","429,171","24,550","4,495","17,650","11,153","20,060","22,881",0,0,"112,960","346,006","3,050","22,627","5,670","4,824","38,980","154,773","5,290","37,736","6,850","60,368","259,500","3,974,133",0,0,0,0,0,0,0,0,0,0,0,0,"2,590","7,289","13,060","10,927",780,"1,588","260,020","3,601,369","261,030","3,789,811","2,280",727,820,300,"110,020","499,312","152,770","674,603","144,760","606,647","10,300","67,956"
OK,8,"77,660","8,090","67,080","1,710","73,570","2,290","53,440","27,330","1,780","213,140",80,20,20,40,0,"2,310","28,750","22,012,020","77,660","22,239,595","65,990","13,641,271","58,090","394,420","10,230","106,168","39,350","628,743","36,970","434,826","4,000","6,159","20,580","674,601","38,160","1,005,895","16,320","1,008,936","22,130","1,307,027","6,600",790,"4,161","18,670","667,453","23,390","1,847,716","18,320","531,263","24,870","227,575","2,890",884,"1,610","45,092","6,650","77,758","1,480","14,238",0,0,"50,970","1,379,515","50,970","1,345,768","13,740","33,747","26,690","1,462,000","2,230","65,473","24,710","308,347","1,830","5,810","22,940","126,808","26,610","252,974","26,620","253,058","3,660","3,629","19,590","260,017",290,"3,234",690,967,"1,610","17,063","22,960","477,159","5,090","383,651","35,130","446,088","77,570","18,728,489","77,560","3,524,735",230,"2,951","1,120","8,637","45,670","135,526","16,050","8,346","5,630","3,481",0,0,0,0,"32,490","98,863",720,"6,979","2,060","1,900","16,640","114,104",0,0,"1,160","10,609","76,350","3,474,513",0,0,0,0,0,0,0,0,0,0,0,0,230,521,0,0,0,0,"77,440","3,389,209","77,560","3,580,394","27,220","20,061","36,350","41,118","41,490","546,546","35,930","423,830","28,680","270,871","8,900","152,958"
OK,9,"11,380","1,270","9,720",230,"10,780",400,"9,820","2,570",350,"31,720",0,0,0,0,0,60,"4,730","7,671,779","11,380","7,754,979","9,430","3,609,527","10,240","214,937","3,070","66,871","8,150","376,740","7,770","266,404",510,"1,501","3,570","232,386","8,290","704,816","2,420","187,528","2,280","163,850","1,150",50,275,"2,830","106,749","6,900","1,536,344","4,160","318,796","5,000","83,200",160,48,610,"23,467","2,010","29,731",250,"2,816",0,0,"4,840","130,176","4,840","125,991","1,700","4,185","6,530","599,953",120,"8,938","5,950","167,370",540,"1,912","5,530","50,644","6,530","63,898","6,520","63,776",500,600,"4,360","75,338",110,"2,222",190,171,990,"14,797","5,970","257,694","1,170","176,974","6,900","191,468","11,350","6,751,612","11,350","1,659,637",170,"3,903",120,"1,123","5,350","18,013","4,340","5,485",550,345,0,0,0,0,120,181,110,"1,412",220,219,"3,520","34,180",0,0,120,"1,150","11,190","1,702,025",0,0,0,0,0,0,0,0,0,0,0,0,0,0,0,0,0,0,"11,350","1,641,624","11,370","1,749,563","6,730","20,092","9,860","49,714","5,910","284,675","5,410","231,237","2,720","84,849","3,130","146,387"
OK,10,"5,250",640,"4,420",70,"5,000",180,"4,940",810,160,"13,960",0,0,0,0,0,10,"2,530","15,861,834","5,250","15,927,064","4,300","3,074,871","5,030","686,954","2,180","147,142","4,280","1,002,014","4,110","730,310",250,"1,555","1,910","256,285","4,520","3,695,982","1,040","72,262",920,"58,116",650,0,0,"1,360","55,097","4,300","5,836,406","2,650","575,714","2,780","65,230",30,8,320,"18,526","1,270","20,093",130,"1,528",0,0,"1,510","40,145","1,510","38,687",610,"1,458","3,740","1,654,645",20,"2,712","3,400","308,909",300,"1,215","3,040","47,181","3,740","36,788","3,740","37,050",220,503,"1,930","37,504",90,"1,978",90,47,"1,130","210,242","3,590","1,176,345",900,"187,687","4,020","843,865","5,240","13,326,336","5,250","3,938,216",500,"19,033",40,407,"3,090","116,208","2,660","49,955",110,74,0,0,0,0,0,0,60,"1,208",70,62,"2,000","36,032",0,0,40,407,"5,170","4,329,373",0,0,0,0,0,0,0,0,0,0,0,0,0,0,0,0,0,0,"5,240","3,822,008","5,250","4,042,101","2,950","25,539","4,850","149,681","2,220","472,781","3,020","748,374",890,"145,988","2,410","602,386"
OR,0,"2,067,600","1,081,750","739,600","201,260","1,933,420","61,770","864,890","1,163,190","30,580","3,669,450","34,520","14,660",40,"19,820","2,830","247,600","585,600","181,808,743","2,057,830","183,763,344","1,621,740","120,896,955","879,880","2,972,583","98,880","570,283","462,980","4,999,607","423,160","3,266,364","67,400","92,980","325,170","5,316,022","417,710","8,929,487","259,160","6,331,204","386,170","12,747,728","29,910","97,900","674,974","374,130","7,693,364","127,120","11,005,945","135,880","1,413,264","442,370","1,954,601","37,630","10,997","14,110","347,639","63,700","490,737","39,120","206,275","101,960","67,178","1,788,490","35,082,366","1,788,490","34,208,413","382,810","873,953","248,610","9,252,334","62,880","1,395,228","233,400","4,106,692","2,110","6,486","222,450","1,434,727","245,340","2,157,395","245,730","2,150,649","25,120","21,073","198,670","2,825,196","5,780","51,586","18,200","14,666","9,700","186,814","172,360","2,182,763","11,400","407,297","369,070","2,770,961","1,702,830","138,699,973","1,696,110","23,960,363","1,530","24,342","47,900","80,602","723,830","1,609,190","166,640","148,632","55,500","30,811","75,830","75,482","113,440","22,425","444,650","1,041,129","16,320","95,213","29,980","32,781","257,810","1,002,285","77,080","519,465","84,050","566,619","1,917,300","25,352,327","230,580","517,519","80,610","27,938","73,610","182,794","48,130","183,959","28,230","122,828","193,250","441,233","158,490","307,208","54,250","45,408","31,610","48,198","1,549,810","22,351,185","1,640,910","23,885,625","81,510","116,605","96,020","312,617","628,390","3,228,138","1,341,430","4,635,753","1,293,160","3,566,844","64,180","1,068,908"
OR,1,"30,450","19,460","8,520","1,580","20,500","4,750","15,800","7,790",620,"44,920",240,140,0,110,0,980,"14,410","-1,347,516","20,680","-1,263,405","5,760","255,075","10,800","47,360","1,020","5,743","5,790","33,124","5,110","17,911",340,799,"10,540","-248,390","8,310","86,855","2,030","28,688","2,640","36,229","2,250",350,"2,976",60,296,"4,770","-622,183","4,730","-75,685","4,660","84,111",90,25,50,924,"1,360","8,322",240,"1,266",860,853,0,0,0,0,0,0,0,0,0,0,0,0,0,0,0,0,0,0,0,0,0,0,0,0,0,0,0,0,0,0,0,0,0,0,0,0,0,0,530,957,30,584,470,153,160,98,20,2,0,0,20,7,10,6,70,46,10,15,0,0,"2,470","6,377","2,180","20,725","2,310","19,518","11,850","71,481","1,710","2,239","1,120",315,300,730,180,708,110,486,"1,150","1,649","1,050","2,850",930,821,"1,450","2,583",410,859,"3,310","8,158",140,169,0,0,"1,950","3,621","11,030","66,880","10,500","57,806",740,"9,074"
OR,2,"193,320","159,390","18,800","12,230","174,770","8,640","64,690","100,450","1,600","187,420","7,460","3,480",0,"3,970","1,070","16,980","52,040","985,140","193,320","1,013,621","124,870","773,646","48,070","37,945","3,360","5,811","22,800","42,710","20,010","22,329","1,050","1,122","31,750","86,406","19,660","-1,668","12,930","55,794","20,220","100,124","1,340","2,950","12,191","2,260","4,265","3,040","-18,212","5,610","3,564","29,390","28,481",280,67,90,710,"2,410","7,084",680,"2,352","2,230","1,653","189,650","2,562,204","189,650","2,473,087","42,250","89,117","3,650","89,280","2,610","48,710","1,950","7,480",100,89,"2,320","12,196","3,150","15,562","3,170","15,601",180,325,"1,820","20,481",40,284,170,79,80,348,"1,720","2,331",100,915,690,115,"4,510","9,711","4,850","1,506",0,0,"1,500",512,"1,310",163,740,36,0,0,100,29,80,18,160,60,0,0,20,9,"25,950","18,884","5,300","44,075","5,550","42,953","136,130","116,520","54,550","47,436","39,280","15,127","9,230","17,684","4,080","9,453","1,960","5,172","44,720","39,878","11,740","8,476","5,040","4,306","2,900","3,367","4,380","1,344","31,750","21,169",20,21,0,0,"20,010","9,906","124,910","105,175","124,050","102,436","1,150","2,739"
OR,3,"288,410","210,460","36,310","36,310","267,670","8,970","103,000","201,130","2,540","384,090","8,430","3,760",10,"4,650","1,050","49,840","74,730","4,992,599","288,410","5,070,276","210,600","3,527,971","67,930","89,364","5,360","11,294","32,190","102,692","28,370","51,441","2,320","2,446","49,810","443,342","29,120","31,283","26,710","217,262","43,600","468,696","2,270","11,690","68,174","41,230","101,895","5,900","-7,987","9,730","32,574","51,740","77,677","1,200",286,300,"2,237","4,370","13,648","2,410","8,410","5,770","4,019","281,070","4,713,324","281,070","4,587,095","58,600","126,228","7,330","199,380","5,290","101,073","4,750","13,636",160,277,"5,260","27,394","6,650","33,595","6,690","33,790",480,584,"4,020","44,649",110,943,360,235,190,"1,019","4,240","12,859",290,"3,760","20,360","12,747","158,800","802,803","156,650","79,968",0,0,"3,270","1,348","45,550","13,655","3,820",178,880,208,"11,860","5,532","16,880","3,354","13,290","4,014",300,128,370,144,"42,870","77,618","12,370","91,392","12,460","87,110","254,380","573,357","84,900","230,881","40,200","12,496","24,400","92,573","13,270","78,547","7,020","47,265","69,690","197,109","42,360","78,640","11,120","9,231","7,060","7,778","127,450","66,320","159,470","146,275",40,71,0,0,"37,410","41,070","230,560","467,416","228,930","461,085","2,370","6,331"
OR,4,"463,100","305,080","75,750","69,930","435,400","12,560","163,270","307,230","4,580","719,710","10,180","4,920",30,"5,230",650,"80,720","99,910","17,297,473","463,100","17,464,756","387,090","13,837,227","113,540","155,531","9,060","23,278","50,830","198,225","45,450","103,056","7,640","8,907","56,070","681,721","45,350","89,968","38,010","443,942","64,670","1,109,632","3,340","25,120","157,391","75,050","660,047","10,790","54,088","14,740","49,024","75,800","167,283","4,050","1,015",830,"8,497","8,050","29,307","8,030","31,358","19,920","12,488","444,320","7,774,702","444,320","7,620,273","69,450","154,429","18,780","496,286","10,190","185,315","15,780","66,854",300,551,"14,770","70,911","18,010","108,021","18,100","108,246","1,840","1,743","12,290","137,781",430,"4,091","1,010",847,360,"1,765","11,410","48,309",730,"9,470","54,780","85,919","449,390","9,021,966","445,900","977,322",30,225,"14,350","10,467","171,760","169,383","15,010","1,167","6,930","3,496","22,470","22,974","66,760","13,805","96,760","121,924","1,710","2,474","2,470","1,960","44,560","127,205","27,050","175,568","26,930","174,700","441,970","1,564,639","79,490","226,940",0,0,"39,680","71,807","25,790","91,516","14,010","63,617","69,430","194,577","70,840","151,037","13,300","10,820","11,010","15,146","366,290","807,941","384,620","941,749",90,89,20,5,"115,150","140,343","340,810","760,738","337,350","747,050","5,070","13,687"
OR,5,"325,900","185,770","89,260","40,340","307,340","8,270","128,510","199,390","4,210","559,230","4,910","1,830",0,"3,080",60,"46,470","88,280","20,048,535","325,900","20,232,227","269,760","15,338,104","123,650","188,654","10,550","32,000","55,080","248,782","49,730","135,045","15,720","17,914","41,350","597,403","48,270","142,018","37,240","574,310","61,630","1,557,723","3,340","17,650","122,727","66,080","1,201,061","11,670","127,753","16,360","65,247","70,010","183,692","6,450","1,740",970,"11,319","7,670","36,321","8,440","37,929","25,010","16,679","293,110","5,617,781","293,110","5,487,901","58,320","129,881","32,790","833,877","11,330","207,006","30,750","183,645",330,799,"28,270","127,636","32,260","238,622","32,330","237,288","3,520","2,812","25,230","276,270",900,"8,642","1,770","1,910",440,"1,907","19,270","84,142","1,220","16,375","51,220","124,335","324,790","13,499,989","323,790","1,588,921",20,185,"11,240","16,356","120,210","225,636","19,710","2,189","6,120","3,245","13,340","15,103","29,710","5,242","79,200","181,505","2,770","8,567","4,050","4,211","32,160","112,740","14,950","99,409","16,180","108,673","317,440","1,762,382","9,930","10,023",0,0,0,0,"4,810","3,735","5,130","6,288","8,270","8,020","23,850","47,936","7,080","6,004","5,000","9,262","297,730","1,363,285","304,680","1,485,813",80,80,0,0,"103,410","200,316","220,920","473,164","216,400","456,738","6,250","16,426"
OR,6,"218,400","93,220","100,470","19,120","206,070","5,450","98,330","115,940","3,450","430,550","1,790",320,0,"1,470",0,"22,490","72,250","18,958,452","218,400","19,125,311","175,390","13,631,565","114,790","201,889","10,960","36,282","53,920","278,778","48,970","157,139","17,370","20,184","32,460","527,505","46,810","172,764","33,950","684,892","53,700","1,847,489","3,370","12,470","87,108","55,780","1,344,307","11,570","185,791","16,240","78,081","51,760","166,859","6,150","1,739","1,020","14,778","6,660","39,089","5,430","29,509","16,140","8,646","179,400","3,991,160","179,400","3,884,732","46,250","106,428","39,000","1,035,339","10,260","193,863","37,590","282,840",310,818,"35,110","162,519","38,680","337,700","38,730","335,001","4,210","3,378","32,020","358,597",910,"7,657","2,390","2,169",630,"3,187","24,450","113,216","1,420","21,210","45,560","135,454","217,850","13,812,107","217,400","1,822,639",20,124,"6,640","13,234","87,130","213,090","20,080","2,804","5,870","3,283","8,730","9,470",0,0,"61,090","169,653","2,910","13,958","4,460","4,703","25,240","98,962","7,770","48,689","8,710","57,783","214,280","1,862,423",0,0,0,0,0,0,0,0,0,0,0,0,"5,790","11,106","4,860","3,982","2,300","5,102","210,310","1,609,550","212,470","1,718,433",110,93,10,2,"87,610","227,991","129,850","367,731","125,310","347,343","6,110","20,388"
OR,7,"386,310","88,460","274,340","17,560","366,690","9,370","188,220","180,790","8,050","909,560","1,430",190,0,"1,240",0,"26,450","132,810","53,351,259","386,310","53,840,371","312,500","37,360,171","262,020","651,554","30,100","126,570","140,100","1,004,220","128,960","600,835","18,670","25,896","68,060","1,419,054","123,100","897,729","74,340","2,286,080","105,170","5,184,017","8,720","21,310","163,951","100,640","3,151,925","35,210","1,072,746","40,520","368,383","108,670","489,112","14,780","4,697","3,910","68,196","16,010","127,982","11,050","67,847","32,040","22,840","299,610","7,690,663","299,610","7,486,867","82,350","203,796","86,700","2,794,293","18,650","403,535","84,460","1,030,791",510,"1,648","79,660","444,476","86,360","828,059","86,440","823,278","9,570","7,147","72,390","1,012,938","2,080","16,298","6,310","5,576","2,220","13,568","61,690","442,356","3,820","76,526","112,340","502,070","385,890","42,376,062","385,420","6,235,191",150,"1,819","8,350","26,157","195,620","544,239","56,340","13,295","21,360","12,544","19,320","22,367",0,0,"136,540","398,747","5,940","42,741","12,200","13,846","52,850","262,408","7,470","39,607","9,750","61,797","381,440","6,093,975",0,0,0,0,0,0,0,0,0,0,0,0,"2,570","6,478","11,910","10,244","1,890","4,960","381,860","5,690,953","383,030","5,987,054","5,030","1,353","1,760",495,"175,980","745,220","209,070","838,782","194,890","740,572","19,280","98,210"
OR,8,"137,800","17,170","115,790","3,640","131,920","3,260","83,090","46,030","4,620","367,700",90,20,0,70,0,"3,580","42,680","39,131,297","137,800","39,616,674","115,960","25,945,396","116,280","644,499","21,160","148,801","83,170","1,209,840","78,390","790,512","3,550","8,069","29,450","1,226,137","77,910","1,982,505","28,960","1,627,414","30,790","2,155,975","4,110","5,900","55,727","28,280","1,043,232","31,240","2,834,483","21,340","455,562","40,170","485,377","4,430","1,372","5,100","148,961","11,860","145,176","2,400","22,414",0,0,"90,880","2,450,282","90,880","2,393,859","22,500","56,423","46,920","1,987,017","4,300","149,870","45,280","1,217,884",320,"1,829","44,360","386,243","46,810","462,620","46,840","463,143","4,610","3,784","40,480","755,104","1,010","9,061","4,580","3,088","3,160","33,651","37,700","460,878","2,650","109,817","67,760","714,993","137,730","33,983,185","137,680","6,429,305",310,"4,905","1,880","10,911","88,050","271,589","39,230","30,516","12,550","7,020",0,0,0,0,"57,390","164,963","2,270","22,010","5,580","6,842","25,470","206,055",0,0,"1,940","12,613","136,180","6,263,737",0,0,0,0,0,0,0,0,0,0,0,0,290,685,0,0,0,0,"137,510","6,157,716","137,680","6,509,598","60,730","46,013","72,440","72,628","74,310","869,043","63,040","606,994","50,420","403,712","16,130","203,282"
OR,9,"17,580","1,990","15,040",400,"17,000",370,"14,180","3,490",690,"49,280",0,0,0,0,0,100,"5,870","11,686,918","17,580","11,852,317","14,680","6,203,157","16,620","300,610","4,810","70,330","13,750","565,512","13,070","382,421",500,"2,558","4,150","335,537","13,680","1,240,865","3,730","288,281","2,800","209,816",710,400,"3,996","3,390","130,625","8,460","2,120,661","4,400","167,600","7,060","165,399",160,47,"1,340","62,632","3,400","52,139",320,"3,592",0,0,"8,310","224,501","8,310","218,618","2,360","5,883","9,270","587,138",220,"18,830","8,860","530,192",60,289,"8,790","118,259","9,260","91,936","9,260","92,857",580,950,"7,630","160,807",210,"3,180","1,150",481,"1,460","29,497","8,040","216,273",660,"63,550","11,510","300,362","17,570","10,577,653","17,570","2,585,966",230,"4,045",160,"1,134","9,930","48,393","8,090","27,358","1,520",842,0,0,0,0,150,217,330,"4,020",670,861,"4,380","52,522",0,0,170,"1,138","17,380","2,555,352",0,0,0,0,0,0,0,0,0,0,0,0,0,0,0,0,0,0,"17,560","2,537,573","17,580","2,702,651","11,460","35,932","15,870","69,521","9,710","419,080","7,780","263,611","4,100","104,283","4,470","159,329"
OR,10,"6,320",770,"5,320",150,"6,070",140,"5,790",960,230,"16,990",0,0,0,0,0,0,"2,630","16,704,586","6,320","16,811,196","5,140","4,024,643","6,180","655,177","2,510","110,174","5,360","1,315,724","5,090","1,005,675",240,"5,085","1,520","247,307","5,510","4,287,168","1,260","124,541",970,"78,027",450,70,733,"1,380","55,711","4,470","5,258,805","2,220","268,914","3,120","106,610",30,9,500,"29,385","1,910","31,669",130,"1,598",0,0,"2,160","57,749","2,160","55,981",720,"1,768","4,170","1,229,724",30,"87,026","3,990","773,370",30,186,"3,910","85,093","4,160","41,280","4,160","41,445",120,350,"2,790","58,569",90,"1,430",460,281,"1,160","101,872","3,850","802,399",500,"105,674","4,870","894,966","6,310","14,616,497","6,320","4,238,588",740,"12,455",50,330,"4,110","122,944","3,590","71,087",270,173,0,0,0,0,0,0,90,"1,300",170,205,"1,870","39,514",0,0,50,334,"6,250","4,488,461",0,0,0,0,0,0,0,0,0,0,0,0,0,0,0,0,0,0,"6,310","4,115,644","6,320","4,364,725","3,820","32,784","5,920","169,966","2,840","571,548","3,460","685,262","1,220","145,819","2,620","539,442"
PA,0,"6,301,140","3,206,770","2,202,830","734,100","5,888,750","215,310","3,251,840","3,863,190","72,470","11,232,180","133,610","78,630",180,"54,800","14,930","765,880","1,919,810","572,502,807","6,270,570","577,609,033","5,001,970","381,757,493","2,279,020","11,711,543","290,520","2,450,267","1,498,360","16,865,053","1,389,970","11,028,888","51,650","40,407","927,580","15,868,204","1,204,550","28,350,761","860,610","19,852,416","1,387,770","36,404,517","42,720","238,670","1,444,700","1,197,110","24,427,447","317,160","31,076,140","370,120","3,044,754","1,328,190","5,106,226","147,550","44,375","37,150","1,056,541","138,450","1,182,068","95,330","510,658","380,820","350,921","5,790,020","113,490,873","5,790,020","110,475,741","1,332,290","3,015,134","436,590","21,002,724","115,260","3,165,447","363,530","5,402,203","62,890","88,833","357,630","2,843,164","432,570","3,541,254","433,080","3,609,368","50,250","63,738","311,480","3,939,687","5,920","65,699","12,970","15,025","20,150","712,976","328,640","5,677,759","32,680","3,773,511","1,010,720","7,670,184","5,064,160","441,820,021","5,047,500","80,429,894","4,060","75,396","149,480","233,765","2,250,710","4,885,692","486,490","513,238","225,830","135,229","265,570","313,029","371,440","74,384","1,409,250","3,189,691","35,820","171,435","146,770","129,682","699,820","2,713,157","234,070","1,526,515","253,070","1,725,044","5,896,590","89,595,221","818,020","2,115,127","233,150","81,946","287,230","749,845","193,870","801,659","103,770","481,678","716,710","1,852,645","560,410","1,073,252","205,050","189,812","73,390","91,913","4,560,200","75,544,224","4,833,720","80,196,271","266,590","490,287","287,120","1,117,860","1,471,720","8,237,310","4,540,240","17,440,280","4,390,720","13,158,050","195,170","4,282,230"
PA,1,"74,380","51,620","17,290","3,220","49,760","11,490","39,880","21,540","1,050","101,960","1,150",840,0,310,20,"2,690","34,370","-3,039,421","43,820","-2,972,337","12,730","573,196","18,600","84,615","2,270","20,053","13,810","92,227","12,450","49,628",210,437,"22,200","-546,897","17,710","137,900","4,050","47,150","5,910","61,063","3,010",510,"4,087",130,430,"8,890","-1,064,167","10,140","-107,246","8,980","67,084",200,55,90,"1,445","2,160","14,113",380,"2,098","2,120","2,498",0,0,0,0,0,0,0,0,0,0,0,0,0,0,0,0,0,0,0,0,0,0,0,0,0,0,0,0,0,0,0,0,0,0,0,0,0,0,"1,220","2,886",70,"2,125","1,100",481,310,272,30,2,0,0,50,28,30,19,150,126,0,0,20,10,"4,890","11,998","5,660","51,385","6,010","51,014","32,100","181,479","3,800","5,135","2,480",682,680,"1,735",380,"1,502",260,"1,216","2,500","3,714","2,410","6,287","2,740","2,664","2,990","4,252","1,000","2,614","6,840","16,815",290,346,0,0,"3,840","6,144","30,370","170,655","28,820","139,975","2,210","30,680"
PA,2,"693,360","584,270","59,760","40,580","623,600","39,250","317,100","336,840","3,670","604,120","33,920","19,020",10,"14,890","5,090","51,430","201,630","3,417,609","693,350","3,487,608","447,810","2,512,583","160,750","103,212","9,070","13,043","92,770","122,769","83,530","67,113",710,384,"93,290","227,424","64,910","-6,079","57,210","211,634","103,920","430,360","2,080","7,560","32,250","6,580","13,115","7,160","-35,742","18,130","10,002","85,840","69,999",800,200,120,588,"5,290","16,063","1,350","4,734","7,790","7,746","687,820","8,757,222","687,820","8,398,418","171,290","358,804","5,480","148,462","4,240","104,686","1,870","4,972","2,560","1,737","2,790","16,257","4,920","19,312","4,920","19,665",350,395,"1,960","18,665",40,236,60,15,90,257,"2,290","3,218",150,"1,294","2,420",275,"19,910","35,081","18,160","5,934",10,242,"4,830","2,115","4,510",593,"2,670",118,40,16,310,111,210,51,450,213,30,16,120,44,"74,130","50,951","18,020","137,107","18,790","138,808","482,410","423,675","167,620","160,560","116,430","45,493","31,260","64,138","13,450","32,978","6,480","17,950","142,120","141,105","40,530","28,387","16,150","14,763","6,820","6,399","16,910","5,344","96,610","58,033",20,18,0,0,"62,910","28,945","451,900","394,374","448,520","387,094","4,350","7,280"
PA,3,"911,170","619,920","114,800","158,970","852,750","29,090","430,040","670,920","5,630","1,298,410","34,360","20,850",30,"13,480","5,660","171,790","263,440","15,626,947","911,170","15,857,880","652,670","10,888,513","193,690","222,896","13,970","28,638","108,050","264,737","97,880","144,657","1,650",821,"164,910","1,271,764","79,740","63,350","99,600","744,669","179,500","1,787,043","3,760","36,310","208,758","153,470","374,261","14,750","3,566","28,680","52,693","165,180","230,933","4,450","1,162",450,"2,726","10,290","32,859","5,400","19,165","22,100","22,549","899,380","15,460,237","899,380","14,994,170","216,800","466,067","11,740","348,805","8,970","222,678","5,170","10,466","5,140","3,912","6,620","37,792","11,060","47,621","11,080","50,453",980,"1,785","4,600","43,140",80,630,150,122,200,772,"6,510","22,078",630,"7,611","56,080","34,057","469,180","2,256,504","464,770","227,656",10,165,"12,840","6,493","152,640","46,668","10,450",490,"8,220","1,981","30,940","14,675","52,570","10,776","55,250","17,173",820,417,"2,490",957,"131,970","240,562","45,380","316,907","46,060","316,084","836,070","2,340,003","317,270","1,051,083","114,240","35,771","107,460","412,535","64,860","392,494","30,720","210,284","277,720","913,406","184,550","345,097","35,150","31,666","18,620","17,187","356,980","180,990","466,540","428,110",80,98,10,2,"87,440","96,338","779,380","2,006,070","773,730","1,987,350","8,210","18,720"
PA,4,"1,384,230","854,610","220,190","265,510","1,307,560","38,580","635,950","1,002,400","10,360","2,215,570","37,220","24,890",110,"12,220","3,860","257,740","340,780","51,613,291","1,384,230","52,082,853","1,156,700","41,299,962","307,700","401,486","23,590","62,844","171,240","498,508","156,350","284,099","4,950","2,040","159,420","1,429,595","128,150","205,160","132,320","1,461,906","246,050","3,816,144","6,940","66,670","408,592","255,910","2,285,459","27,590","161,241","46,460","71,614","230,620","469,562","16,210","4,394","1,330","11,872","18,090","70,553","20,040","79,575","84,960","83,695","1,349,990","24,029,008","1,349,990","23,484,275","244,780","544,733","34,210","1,009,429","21,540","493,881","22,450","57,479","9,680","10,819","19,830","106,665","33,330","167,650","33,400","192,948","5,190","12,876","15,240","138,784",350,"2,914",480,632,430,"2,013","22,530","137,346","2,450","37,296","144,100","208,809","1,342,820","26,595,303","1,335,100","2,886,928",30,445,"53,380","39,557","566,730","592,875","40,980","2,607","46,410","27,021","74,260","85,395","231,410","48,142","329,640","404,302","7,050","10,437","16,550","11,424","108,680","294,804","88,000","542,257","88,070","568,085","1,343,150","5,375,762","300,190","870,488",0,0,"147,830","271,437","101,000","364,470","51,360","234,582","270,040","772,250","248,450","525,837","47,440","42,370","26,620","30,071","1,053,240","2,294,053","1,106,620","2,610,248",220,742,20,8,"240,150","291,995","1,129,530","3,051,826","1,118,430","3,008,438","16,180","43,387"
PA,5,"977,820","547,580","254,120","136,750","923,080","27,290","487,790","660,340","10,110","1,645,400","16,440","9,290",10,"7,140",300,"133,700","288,790","60,227,352","977,820","60,702,949","821,060","46,284,325","315,080","492,459","28,820","91,001","185,080","660,776","170,070","389,613","8,440","3,192","112,360","1,321,195","140,180","334,454","123,840","1,830,608","219,110","4,894,391","6,500","41,930","261,071","215,720","4,028,566","28,290","309,393","49,070","103,536","212,070","475,597","23,640","6,655","1,780","19,814","16,150","82,002","20,360","93,702","94,420","90,888","926,300","17,612,249","926,300","17,167,125","199,600","445,125","51,510","1,480,017","22,170","539,825","39,920","140,606","9,870","12,363","37,880","193,803","50,850","323,683","50,940","342,781","7,710","14,883","32,580","302,519",710,"6,057","1,030","1,834",580,"2,524","34,610","229,270","3,200","54,089","137,730","287,970","974,900","40,937,806","972,910","4,845,432",50,318,"34,840","52,729","358,860","671,488","55,220","4,982","26,790","15,982","48,190","63,511","87,210","15,396","235,810","520,834","7,570","21,110","23,580","19,466","78,980","250,036","41,130","271,250","45,400","316,232","962,230","5,871,277","29,140","27,861",0,0,0,0,"14,180","10,215","14,960","17,646","24,340","22,170","64,210","125,711","28,550","27,087","10,370","16,480","901,760","4,173,949","918,980","4,454,358",160,189,10,5,"227,840","405,777","745,660","1,815,360","732,310","1,762,452","18,670","52,908"
PA,6,"647,810","264,450","297,830","64,990","609,660","19,260","356,630","391,540","8,230","1,269,970","5,780","2,240",20,"3,530",0,"63,620","227,320","56,190,462","647,810","56,576,266","536,070","40,912,093","276,430","541,169","30,020","107,239","173,280","786,582","160,110","481,807","10,210","4,012","85,640","1,230,113","133,500","457,769","110,100","2,118,894","181,200","5,211,389","5,320","29,090","172,816","175,550","4,382,436","27,740","330,904","45,830","142,690","148,730","385,804","19,810","5,777","1,950","24,911","13,230","83,860","13,250","71,689","56,250","40,447","590,160","12,946,698","590,160","12,590,038","155,960","356,660","57,650","1,630,426","17,900","461,660","47,200","215,722","9,110","12,048","47,560","252,253","57,230","430,884","57,310","437,974","7,910","10,112","42,140","388,668",730,"6,180","1,400","2,094",740,"4,590","39,930","265,250","3,420","63,493","121,540","308,373","646,410","41,352,334","645,490","5,463,488",60,509,"18,410","40,106","256,890","603,926","55,850","6,567","21,120","12,797","32,520","41,326",0,0,"181,910","485,340","5,550","23,440","22,980","19,896","62,950","223,318","19,690","119,219","22,080","155,473","640,170","6,031,728",0,0,0,0,0,0,0,0,0,0,0,0,"14,330","26,757","20,780","18,963","4,300","8,558","628,310","4,859,562","633,320","5,114,617",230,361,20,14,"199,510","467,516","445,780","1,376,417","432,050","1,313,438","18,580","62,979"
PA,7,"1,120,820","229,670","818,750","52,460","1,057,040","34,230","649,290","617,850","18,800","2,718,470","4,380","1,390",0,"2,990",0,"73,550","397,590","154,512,752","1,120,820","155,674,565","946,150","111,610,964","620,700","1,722,039","83,670","396,503","426,510","2,872,123","397,250","1,833,704","18,060","10,751","181,430","3,776,518","343,830","2,192,742","227,510","6,896,730","335,230","13,204,257","9,900","45,960","281,231","292,450","9,525,022","82,020","1,971,633","101,720","736,700","324,800","1,161,813","61,410","19,728","8,680","144,096","32,410","274,148","26,600","161,730","113,170","103,098","985,740","25,225,051","985,740","24,585,383","261,350","639,668","135,080","4,422,749","30,390","896,487","116,850","797,551","16,370","25,076","117,940","736,604","134,510","1,180,560","134,680","1,183,305","16,830","14,859","104,210","1,155,192","1,750","15,393","3,960","5,428","3,050","22,979","101,450","884,619","9,500","257,676","298,340","1,127,312","1,119,660","123,778,370","1,118,690","18,148,583",360,"3,603","19,680","65,069","585,740","1,584,334","154,870","29,081","73,980","47,018","79,310","107,983",0,0,"423,790","1,221,640","10,250","67,903","54,660","50,842","139,530","646,653","16,200","88,390","22,110","147,904","1,112,020","18,811,560",0,0,0,0,0,0,0,0,0,0,0,0,"5,350","13,808","54,240","52,299","3,680","8,966","1,111,250","16,564,261","1,113,590","17,317,222","14,320","5,437","4,800","1,347","401,930","1,543,798","715,800","2,965,393","675,550","2,682,507","53,880","282,887"
PA,8,"405,170","45,730","345,470","9,760","382,880","13,440","262,370","147,450","11,540","1,130,200",360,120,0,240,0,"10,950","133,410","116,054,874","405,170","117,265,934","353,840","81,360,001","306,100","1,796,060","66,340","582,496","254,380","3,814,975","241,580","2,557,166","5,790","6,878","84,970","4,090,400","225,170","4,021,180","87,470","4,936,020","100,790","5,811,189","4,010","9,840","69,186","81,350","3,154,753","77,120","5,780,297","49,630","1,012,944","115,260","1,211,060","19,690","6,015","14,030","399,659","25,930","341,523","6,430","59,846",0,0,"308,410","8,318,095","308,410","8,141,649","71,240","176,446","96,760","4,296,867","9,360","391,345","88,360","1,259,494","7,840","16,865","86,690","822,141","96,540","934,511","96,630","936,602","9,400","6,432","78,020","1,255,583","1,310","16,151","3,880","3,740","5,860","71,154","80,910","1,129,008","7,980","487,969","190,020","1,639,924","404,990","101,810,990","404,860","19,444,528",790,"10,457","3,900","23,604","270,630","756,953","119,380","63,172","42,810","26,341",0,0,0,0,"181,610","539,216","3,700","35,712","22,670","23,037","72,770","580,731",0,0,"4,030","27,786","402,610","19,476,497",0,0,0,0,0,0,0,0,0,0,0,0,580,"1,368",0,0,0,0,"404,500","18,687,575","404,880","19,689,514","188,220","147,667","204,180","193,315","202,600","2,039,833","201,360","1,791,133","163,960","1,206,088","46,490","585,045"
PA,9,"61,070","6,060","53,080","1,330","58,230","1,920","49,670","11,270","2,190","177,130",0,0,0,0,0,360,"21,800","40,814,233","61,070","41,378,081","53,410","24,358,425","55,600","905,201","20,300","352,343","50,630","2,136,273","48,840","1,439,434",970,"3,052","16,210","1,655,695","48,730","2,790,513","13,280","1,044,057","11,470","771,857",770,650,"5,366","11,050","456,031","26,280","5,840,007","12,420","442,260","23,990","563,848","1,120",325,"5,640","250,329","8,750","150,179","1,090","12,693",0,0,"33,200","899,641","33,200","878,428","8,640","21,214","27,870","1,889,981",590,"43,296","26,090","837,773","1,710","4,358","24,690","354,866","27,850","275,683","27,850","278,138","1,460","1,531","22,150","425,490",560,"10,317","1,330",817,"4,060","87,061","25,110","630,238","2,650","410,244","40,300","778,813","61,020","37,254,193","61,020","9,304,257",600,"11,196",390,"2,730","36,650","112,560","30,950","60,324","5,430","3,383",0,0,0,0,650,847,600,"7,711","2,930","3,143","16,980","207,691",0,0,400,"2,744","60,680","9,412,603",0,0,0,0,0,0,0,0,0,0,0,0,0,0,0,0,0,0,"60,990","9,191,697","61,050","9,765,178","45,240","146,660","54,410","199,806","34,080","1,224,932","26,690","849,461","13,440","311,318","15,550","538,143"
PA,10,"25,310","2,860","21,550",530,"24,190",760,"23,120","3,050",900,"70,950",0,0,0,0,0,60,"10,710","77,084,708","25,310","77,555,234","21,520","21,957,431","24,390","5,442,406","12,480","796,107","22,620","5,616,083","21,910","3,781,667",660,"8,840","7,160","1,412,397","22,630","18,153,772","5,260","560,748","4,580","416,824",430,160,"1,343","4,900","207,374","17,340","17,779,008","8,050","579,561","12,710","470,526",220,64,"3,080","201,101","6,150","116,768",450,"5,426",0,0,"9,020","242,672","9,020","236,255","2,630","6,417","16,290","5,775,988",80,"11,589","15,620","2,078,140",620,"1,655","13,640","322,783","16,270","161,350","16,280","167,502",430,865,"10,590","211,646",390,"7,821",680,343,"5,140","521,626","15,300","2,376,732","2,710","2,453,839","20,170","3,284,651","25,280","67,799,440","25,280","20,100,202","2,080","46,336",120,881,"17,750","516,023","16,090","345,895","1,040",690,0,0,0,0,0,0,250,"4,689",760,863,"8,940","206,413",0,0,120,914,"25,160","21,670,637",0,0,0,0,0,0,0,0,0,0,0,0,0,0,0,0,0,0,"25,270","19,584,179","25,300","20,742,176","17,810","188,769","23,670","723,363","11,440","2,132,032","13,770","3,019,591","3,930","359,390","11,050","2,660,201"
RI,0,"570,860","316,610","166,370","69,520","537,660","16,540","335,450","347,630","7,310","945,050","15,960","10,500",10,"5,450","2,530","64,520","158,930","49,856,383","567,680","50,337,496","465,580","33,945,900","192,270","893,971","23,600","173,206","119,020","1,339,859","110,340","871,849","15,030","11,320","93,730","1,535,371","98,600","2,695,898","64,230","1,490,892","103,930","3,050,498",790,"39,400","236,194","95,820","1,996,483","28,850","2,621,582","37,290","85,899","127,930","481,113","15,420","4,698","4,240","109,695","12,940","113,822","9,010","48,494","30,600","25,315","517,920","9,751,345","517,920","9,517,934","105,170","233,414","46,010","1,659,568","8,640","226,418","41,650","553,699","3,810","6,135","40,280","291,885","45,730","387,398","45,810","392,170","6,960","6,598","37,210","476,023",780,"8,856","1,410","2,066","2,030","69,985","32,970","382,347","2,930","98,428","93,250","630,474","467,000","38,724,054","465,730","6,878,673",420,"6,654","17,270","24,474","198,860","430,112","41,590","35,194","18,660","11,292","24,830","27,581","30,400","5,961","122,060","254,901","6,650","39,981","13,760","12,301","74,010","256,887","22,770","95,453","25,660","117,894","536,350","7,583,656","69,900","173,459","20,590","7,109","25,730","66,364","16,480","67,158","7,090","32,828","59,560","148,349","46,590","84,537","17,940","15,961","6,470","7,199","422,890","6,448,561","451,200","6,863,961","23,190","35,374","24,650","93,850","148,750","766,352","401,090","1,472,263","388,970","1,125,130","15,680","347,133"
RI,1,"6,920","5,320","1,180",260,"4,040","1,000","3,980","1,590",110,"8,700",260,230,0,30,0,190,"2,900","-258,584","3,740","-255,410",980,"39,424","1,540","6,221",190,"1,366","1,030","6,533",920,"3,718",40,35,"1,840","-36,184","1,400","12,901",340,"4,318",430,"4,463",40,80,709,10,45,770,"-108,726","1,120","-16,860",790,"3,174",20,7,10,195,180,"1,104",30,163,190,221,0,0,0,0,0,0,0,0,0,0,0,0,0,0,0,0,0,0,0,0,0,0,0,0,0,0,0,0,0,0,0,0,0,0,0,0,0,0,80,121,0,0,70,32,20,6,0,0,0,0,0,0,0,0,0,0,0,0,10,5,450,"1,131",310,"2,200",330,"2,171","2,770","12,918",360,390,250,66,60,138,40,134,10,52,230,285,150,342,160,147,180,232,60,114,590,"1,353",30,55,0,0,340,542,"2,610","12,094","2,480","9,514",170,"2,580"
RI,2,"58,800","51,240","3,820","2,950","52,620","3,680","31,360","29,870",340,"48,100","3,660","2,230",10,"1,420",910,"3,870","14,380","292,641","58,800","298,744","38,280","214,479","10,920","8,087",580,979,"5,430","7,940","4,890","4,455",210,106,"11,090","35,358","4,070",90,"3,440","13,358","6,000","25,462",40,"1,260","4,438",550,"1,140",600,"-7,716","1,700","-1,247","9,970","6,103",70,17,10,55,440,"1,310",120,430,610,578,"58,260","719,636","58,260","695,170","11,870","24,466",530,"13,890",390,"7,827",150,787,280,179,330,"2,116",490,"2,292",490,"2,334",50,36,290,"2,976",0,0,10,9,0,0,220,251,10,73,170,20,"1,350","2,465","1,320",370,20,249,310,131,290,42,180,9,0,0,20,3,20,6,40,20,0,0,0,0,"9,150","5,933","1,100","6,047","1,170","6,263","42,440","32,343","13,890","12,296","10,180","3,913","2,360","4,873",910,"2,293",440,"1,217","11,180","10,352","2,920","2,068","1,210","1,072",440,339,"1,230",328,"10,750","6,400",0,0,0,0,"7,650","3,582","39,250","29,499","38,970","28,860",370,639
RI,3,"82,990","60,890","6,850","13,640","78,060","2,370","45,290","61,160",570,"107,020","3,910","2,690",0,"1,220",950,"14,050","18,660","1,426,288","82,990","1,446,987","62,870","1,035,586","14,630","18,939",940,"1,759","7,440","18,456","6,750","10,242",520,293,"16,620","156,381","5,750","4,591","6,290","47,996","11,110","111,449",60,"5,810","26,463","10,390","26,764","1,270",-450,"3,190","-3,779","16,760","20,699",360,96,50,390,820,"2,689",500,"1,719","1,720","1,576","81,910","1,336,940","81,910","1,306,502","14,570","30,439","1,090","30,769",720,"16,724",500,"1,276",490,376,740,"4,480","1,050","5,184","1,060","5,358",120,136,610,"6,553",20,205,20,28,30,184,580,"1,329",40,500,"6,500","4,038","46,640","227,223","46,240","22,844",0,0,"1,100",427,"14,190","4,476",880,42,340,84,"3,300","1,589","4,680",962,"5,440","1,633",120,61,160,61,"14,280","25,347","4,080","18,598","4,120","18,408","76,400","198,969","27,440","87,923","10,160","3,130","9,640","36,864","5,460","33,069","2,180","14,860","23,480","73,960","15,630","28,723","3,240","2,862","1,830","1,337","36,020","18,368","47,130","44,262",10,8,0,0,"9,460","11,159","70,230","165,625","69,820","164,260",590,"1,365"
RI,4,"126,270","82,930","14,750","24,800","120,960","2,610","68,830","90,120","1,020","190,520","4,890","3,630",0,"1,260",630,"21,250","26,270","4,725,813","126,270","4,766,413","109,050","3,908,707","24,610","36,160","1,730","3,681","12,490","39,307","11,330","22,774","1,550",927,"16,380","169,436","9,820","16,871","8,990","99,803","16,780","263,212",100,"11,060","59,377","18,610","167,716","2,380","10,545","5,970","-22,473","21,800","40,600","1,700",465,190,"1,672","1,580","6,395","1,780","6,835","6,740","5,927","123,000","2,109,493","123,000","2,070,861","17,950","38,632","3,270","86,975","1,470","32,171","2,440","5,818",730,787,"2,390","13,101","3,220","17,783","3,230","19,373",500,544,"2,090","22,776",50,520,80,125,60,313,"1,900","8,578",160,"2,773","14,450","22,198","123,610","2,524,137","123,000","276,300",0,0,"7,350","4,674","50,490","54,656","3,350",226,"3,390","1,983","7,910","8,773","19,260","3,875","29,690","37,056",870,"1,363","1,110",737,"12,010","30,079","10,600","39,905","10,580","43,882","122,270","473,568","26,050","70,908",0,0,"13,680","24,489","8,850","30,803","3,520","15,616","22,940","62,247","21,090","40,992","4,700","4,027","2,700","2,574","98,720","221,644","103,710","253,567",20,13,0,0,"26,130","33,577","99,080","252,899","98,260","249,321","1,180","3,578"
RI,5,"92,460","56,900","17,710","13,930","88,310","1,950","52,450","61,950","1,070","144,530","2,030","1,250",0,780,50,"12,270","24,520","5,694,081","92,460","5,738,765","79,730","4,543,771","27,930","48,362","2,290","6,172","15,030","53,356","13,810","32,189","3,300","1,939","11,160","140,749","11,730","25,510","9,370","134,842","16,930","403,810",100,"6,820","45,086","17,220","315,018","2,610","23,198","5,980","-17,276","20,370","44,684","2,360",671,260,"2,745","1,520","7,871","2,020","9,108","8,480","7,274","86,120","1,557,802","86,120","1,522,569","16,400","35,233","6,340","158,341","1,730","38,676","5,720","17,712",560,788,"5,440","27,601","6,300","42,936","6,320","44,794","1,080","1,141","4,990","51,511",130,"1,154",200,459,80,410,"4,020","16,148",300,"5,029","12,630","28,218","92,220","3,957,720","92,060","474,922",0,0,"4,150","6,176","32,400","61,281","4,760",446,"2,480","1,473","4,770","5,937","6,440","1,118","21,240","44,556","1,310","4,384","2,110","1,651","8,210","25,053","3,900","17,433","4,840","23,329","90,900","558,013","2,170","1,942",0,0,0,0,"1,230",859,940,"1,083","1,750","1,505","4,990","8,736","2,690","2,427",760,"1,334","86,330","413,641","87,710","441,446",20,28,0,0,"23,980","45,126","68,170","160,819","67,200","156,705","1,370","4,114"
RI,6,"60,550","29,130","21,280","7,100","57,660","1,350","37,240","35,920",920,"107,800",700,300,0,400,0,"5,790","20,090","5,241,758","60,550","5,278,863","51,110","3,944,014","24,980","54,801","2,430","6,682","14,620","63,345","13,530","38,154","3,960","2,571","8,540","127,555","11,640","36,544","8,570","157,311","14,550","457,274",90,"4,570","30,377","14,700","355,077","2,630","35,859","4,990","-6,034","14,710","37,105","2,800",821,270,"3,539","1,320","7,998","1,160","6,367","4,630","2,724","52,920","1,091,453","52,920","1,061,845","13,300","29,608","7,630","190,981","1,370","35,640","7,210","29,620",370,668,"6,850","34,900","7,590","60,312","7,610","61,244","1,250","1,046","6,370","64,634",140,"1,499",180,249,90,460,"5,020","19,961",390,"7,094","11,230","29,466","60,410","3,934,600","60,360","536,855",10,168,"1,920","4,250","23,240","53,425","5,020",678,"1,870","1,129","2,850","3,396",0,0,"15,690","37,954","1,230","6,224","2,240","1,880","6,450","21,777","1,660","6,893","2,140","10,988","59,760","579,993",0,0,0,0,0,0,0,0,0,0,0,0,"1,120","2,075","1,820","1,586",310,702,"58,860","483,430","59,300","508,062",30,100,0,0,"20,260","51,110","40,120","122,073","39,070","117,285","1,410","4,788"
RI,7,"101,150","24,730","66,560","5,750","96,200","2,450","65,520","53,550","2,020","229,370",480,160,0,320,0,"6,230","36,280","13,995,857","101,150","14,110,228","87,060","10,306,414","55,430","173,537","7,100","30,473","36,470","242,395","33,960","155,278","4,670","3,935","17,870","361,482","29,810","194,622","18,350","521,641","27,840","1,159,892",210,"7,870","54,663","25,390","791,261","7,760","197,810","8,880","27,000","29,180","114,371","5,960","1,952","1,160","19,612","3,190","27,347","2,610","16,363","8,230","7,015","85,780","2,134,563","85,780","2,078,791","23,130","55,772","15,370","452,273","2,230","61,382","14,680","98,721",600,"1,328","14,140","85,904","15,310","142,528","15,330","142,793","2,430","1,912","13,150","155,873",210,"2,058",480,831,370,"2,580","11,170","63,008","1,000","23,495","27,330","105,772","101,060","11,306,192","100,990","1,702,132",40,169,"1,920","6,377","51,560","139,912","13,860","2,948","6,700","4,232","6,000","7,883",0,0,"35,870","94,920","2,240","17,269","5,560","5,200","14,010","60,895","1,110","4,377","2,030","10,379","100,370","1,729,419",0,0,0,0,0,0,0,0,0,0,0,0,630,"1,486","4,120","3,840",250,681,"100,020","1,562,220","100,310","1,633,113","2,740",770,"1,340",336,"39,570","159,351","61,390","252,792","58,180","228,744","4,280","24,048"
RI,8,"35,060","4,620","28,680",920,"33,440",940,"24,840","12,420","1,020","91,540",40,10,0,30,0,850,"12,820","9,898,504","35,060","10,021,224","30,800","6,794,411","26,000","175,570","5,810","45,402","20,920","319,794","19,760","214,263",640,832,"8,300","371,359","18,840","449,463","7,390","390,129","8,970","531,790",120,"1,780","13,797","7,510","280,866","7,130","538,412","3,850","46,535","11,240","122,720","2,040",633,"1,520","43,873","2,560","34,663",660,"6,083",0,0,"26,610","712,027","26,610","695,269","6,910","16,759","8,440","349,322",660,"28,963","7,880","141,461",530,"1,315","7,550","70,144","8,430","83,135","8,430","82,871","1,190","1,188","7,190","121,759",140,"1,603",300,305,590,"7,271","7,010","73,333",670,"32,499","16,330","144,810","35,040","8,693,828","35,020","1,660,004",80,739,400,"2,184","22,510","66,490","10,010","5,893","3,510","2,165",0,0,0,0,"14,090","38,744",760,"8,724","2,280","2,408","7,270","54,144",0,0,410,"2,251","34,830","1,653,950",0,0,0,0,0,0,0,0,0,0,0,0,50,115,0,0,0,0,"34,990","1,593,514","35,030","1,684,059","15,660","11,861","17,200","17,769","17,990","193,235","16,990","159,580","13,690","104,457","4,060","55,123"
RI,9,"4,770",600,"3,960",130,"4,590",120,"4,140",860,160,"12,630",0,0,0,0,0,20,"2,050","3,191,742","4,770","3,244,226","4,120","1,745,354","4,400","94,936","1,620","28,612","3,900","184,569","3,750","121,721",90,275,"1,380","123,644","3,820","318,764","1,090","81,547",970,"68,122",20,130,"1,029","1,010","40,811","2,280","487,349",980,"21,175","2,090","52,484",100,30,540,"23,358",810,"13,836",90,"1,056",0,0,"2,600","69,998","2,600","68,126",780,"1,873","2,170","125,179",50,"3,745","1,980","77,870",180,487,"1,900","27,532","2,170","21,534","2,170","21,634",230,369,"1,780","34,741",60,922,100,42,370,"9,039","1,940","40,778",180,"14,137","3,120","66,503","4,760","2,930,268","4,760","724,677",60,841,40,223,"2,820","11,712","2,350","4,837",310,188,0,0,0,0,20,18,100,"1,260",240,292,"1,470","16,858",0,0,40,223,"4,730","733,783",0,0,0,0,0,0,0,0,0,0,0,0,0,0,0,0,0,0,"4,760","712,965","4,760","760,862","3,380","10,345","4,310","18,879","2,580","105,004","2,160","75,982","1,020","24,501","1,330","51,481"
RI,10,"1,900",260,"1,570",40,"1,810",60,"1,810",200,70,"4,850",0,0,0,0,0,0,960,"5,648,283","1,900","5,687,456","1,590","1,413,740","1,840","277,358",920,"48,080","1,700","404,164","1,640","269,055",50,407,540,"85,591","1,710","1,636,542",410,"39,947",360,"25,024",20,30,255,450,"17,785","1,420","1,445,301",630,"58,858","1,020","39,173",20,6,240,"14,256",520,"10,609",30,370,0,0,730,"19,433",730,"18,801",270,632,"1,180","251,838",10,"1,290","1,090","180,434",80,207,960,"26,107","1,180","11,694","1,180","11,769",110,226,750,"15,200",40,895,50,18,450,"49,728","1,110","158,961",180,"12,828","1,490","229,449","1,900","5,147,621","1,900","1,480,448",210,"4,488",0,0,"1,330","38,112","1,190","20,115",60,38,0,0,0,0,0,0,20,696,60,67,690,"15,670",0,0,0,0,"1,880","1,610,700",0,0,0,0,0,0,0,0,0,0,0,0,0,0,0,0,0,0,"1,900","1,442,337","1,900","1,530,837","1,290","12,194","1,800","56,866",800,"163,666","1,090","240,900",280,"41,483",920,"199,417"
SC,0,"2,487,890","1,160,220","861,200","381,770","2,343,210","72,260","1,238,600","1,501,480","25,650","4,607,210","46,010","33,090",840,"12,090","6,270","403,730","705,670","200,410,557","2,477,490","202,258,061","1,977,190","129,585,741","731,980","3,047,266","90,680","705,302","458,190","5,548,499","420,710","3,718,523","63,010","93,959","479,020","4,916,171","400,490","10,878,214","284,020","7,407,486","538,560","15,760,727","21,220","30,370","127,020","464,870","9,599,792","132,290","13,863,120","107,410","642,275","535,980","1,847,504","54,600","16,303","10,230","285,940","49,510","398,607","34,250","176,409","107,040","87,969","2,267,040","44,847,537","2,267,040","43,769,167","474,190","1,078,371","189,060","7,698,982","52,510","1,138,225","160,400","2,094,606","24,070","44,156","159,930","674,539","186,990","1,415,246","187,220","1,421,227","125,680","120,936","143,200","1,958,841","2,580","30,972","7,090","9,337","10,610","231,281","152,740","2,646,391","7,580","245,173","373,790","2,897,803","1,979,430","149,709,039","1,991,820","26,182,046","1,730","27,191","119,340","152,054","930,650","1,790,946","161,070","104,649","102,710","62,668","101,230","109,019","192,850","40,734","612,680","1,261,209","16,220","64,379","33,030","31,716","326,280","1,088,055","213,660","1,453,621","230,540","1,629,601","2,320,320","28,560,421","441,160","1,255,989","106,400","38,193","166,760","454,607","109,510","474,948","58,490","288,239","390,250","1,083,507","316,460","612,935","86,630","75,791","40,000","41,418","1,727,290","24,391,108","1,888,680","26,109,165","73,660","124,436","88,610","368,196","720,690","3,834,646","1,673,150","6,210,208","1,632,230","4,955,538","51,690","1,254,671"
SC,1,"31,730","19,920","9,030","1,500","23,070","4,080","17,510","9,230",460,"46,180",490,410,0,80,0,"1,780","14,360","-1,370,117","21,330","-1,346,888","5,970","250,875","8,090","34,944",860,"4,923","5,030","32,011","4,610","18,429",320,687,"13,370","-363,557","6,890","70,127","1,690","23,697","2,780","39,970","1,200",150,946,80,327,"4,320","-516,951","3,300","-53,305","4,140","23,229",170,47,50,"1,190",990,"5,722",200,"1,088",760,856,0,0,0,0,0,0,0,0,0,0,0,0,0,0,0,0,0,0,0,0,0,0,0,0,0,0,0,0,0,0,0,0,0,0,0,0,0,0,"2,520",929,30,308,"2,440",505,500,194,60,5,0,0,100,21,40,10,220,72,20,8,30,9,"2,270","5,638","6,160","58,764","6,580","60,308","13,240","65,270","1,560","2,173","1,020",296,280,733,170,688,90,456,"1,030","1,568",950,"2,577","1,200","1,134","1,960","2,636","2,090",735,"4,770","7,222",140,134,0,0,"3,230","3,504","12,440","61,487","12,010","53,297",560,"8,190"
SC,2,"246,930","198,880","23,000","20,910","219,660","15,670","108,550","136,510","1,420","246,210","8,800","6,610",20,"2,170","2,080","29,670","57,240","1,284,361","246,930","1,314,029","164,440","1,048,719","39,570","29,684","2,430","4,038","20,000","32,756","17,860","18,449",560,514,"55,030","70,255","16,640","-2,436","12,490","54,103","24,980","119,828",820,"1,420","5,721","2,850","5,980","2,840","-17,074","4,010","-2,515","41,850","29,668",460,121,70,415,"2,290","6,169",520,"1,803","2,120","1,980","244,940","3,332,666","244,940","3,236,788","45,330","95,879","1,970","46,174","1,490","26,838",630,"1,707",940,773,"1,100","3,521","1,810","5,514","1,820","5,873",880,580,910,"10,123",20,379,40,6,50,179,"1,060","1,855",40,332,600,124,"4,320","8,871","11,220","2,868",0,0,"8,150","2,000","3,000",505,760,31,60,16,460,70,370,46,"1,010",292,30,17,70,21,"38,260","26,651","24,850","173,854","26,440","182,932","177,450","173,161","76,020","80,610","50,530","20,557","16,270","35,165","6,390","16,634","2,830","8,254","64,900","70,305","20,640","14,787","7,280","6,392","4,260","3,448","9,290","2,364","48,840","29,839",20,25,10,6,"31,550","15,428","164,230","158,625","163,520","156,851",900,"1,775"
SC,3,"436,260","270,840","48,780","106,550","412,490","12,150","197,020","335,800","2,590","683,330","11,880","9,020",100,"2,770","2,420","111,630","98,250","7,540,176","436,260","7,658,889","329,830","5,726,199","61,490","71,305","4,120","8,542","30,990","86,700","27,660","48,878","1,400","1,509","110,050","677,170","26,170","18,038","27,500","224,168","63,750","669,807","1,590","6,610","27,632","54,380","140,526","5,950","3,360","7,930","10,271","96,090","118,713","2,810",764,150,"1,028","4,020","11,210","2,220","6,894","6,630","6,183","431,500","7,484,169","431,500","7,324,045","75,780","160,125","4,740","124,565","3,510","67,725","1,970","4,249","2,190","2,013","2,920","8,414","4,550","14,273","4,560","14,922","2,410","1,635","2,320","24,384",50,454,100,139,110,657,"2,950","13,070",190,"2,353","27,250","16,611","221,630","1,046,833","228,560","109,307",10,97,"20,740","6,003","84,780","24,802","3,460",162,"3,940",981,"13,860","5,927","29,980","6,167","36,870","10,925",500,275,680,280,"83,600","155,594","62,460","399,000","65,470","415,997","401,240","1,259,259","183,850","674,058","54,840","17,340","67,110","259,664","41,090","252,004","20,800","145,049","164,020","573,750","115,950","220,016","19,170","17,032","11,240","8,794","165,570","84,506","239,160","244,096",50,78,0,0,"51,870","56,442","367,060","1,070,559","365,840","1,066,163","1,720","4,396"
SC,4,"619,710","335,880","103,480","151,430","589,340","13,970","275,520","433,970","4,150","1,061,470","15,480","11,760",340,"3,380","1,680","141,820","136,300","22,807,060","619,710","22,987,625","527,680","18,894,169","104,580","136,607","7,420","18,814","53,570","173,056","47,860","100,543","5,190","5,710","92,280","477,460","44,040","70,161","42,730","501,042","104,040","1,701,393","2,610","8,960","34,262","102,440","911,732","11,300","68,421","12,700","6,302","96,550","180,565","9,200","2,579",370,"3,620","5,980","20,896","7,650","26,926","23,390","19,736","603,430","10,989,878","603,430","10,781,667","94,270","208,211","16,270","454,953","10,290","195,399","10,020","20,683","4,710","6,116","10,220","29,141","15,350","56,977","15,400","59,130","8,980","6,963","8,490","87,046",210,"1,799",350,744,230,"1,121","11,990","92,024",840,"14,581","61,280","93,753","601,910","11,351,023","599,570","1,239,955",20,116,"42,740","27,564","285,740","300,850","13,780",968,"25,660","15,691","31,860","33,736","121,480","27,410","183,160","212,920","3,670","5,211","4,670","3,597","53,910","149,819","72,890","471,709","75,020","502,573","596,290","2,239,350","164,550","484,087",0,0,"83,100","159,045","54,340","199,840","27,110","125,201","147,900","426,191","137,200","292,434","22,140","18,922","13,520","12,816","445,820","939,106","477,950","1,101,553",90,134,0,0,"147,140","190,273","466,510","1,324,882","463,990","1,314,883","3,530","9,999"
SC,5,"374,080","177,240","114,740","60,270","355,860","8,450","182,400","230,390","3,490","684,950","5,940","3,940",170,"1,830",90,"60,360","107,290","22,976,899","374,080","23,149,813","312,460","17,636,332","103,330","166,246","9,130","31,835","57,590","237,487","52,100","142,698","9,590","11,796","55,760","446,897","47,320","117,835","41,780","658,364","88,570","2,122,620","2,580","4,140","16,509","83,520","1,557,794","11,930","137,922","13,560","12,109","78,980","172,914","11,540","3,310",470,"5,208","5,170","24,469","7,110","31,028","24,740","20,585","351,720","6,971,359","351,720","6,805,190","74,520","166,168","22,360","638,039","10,500","214,328","17,230","52,249","4,410","6,971","17,530","49,331","22,100","108,806","22,150","110,056","14,440","10,975","15,500","164,488",310,"3,022",620,"1,318",350,"1,861","16,520","131,520",750,"10,776","52,730","120,253","373,090","15,272,326","372,270","1,800,822",30,189,"20,330","30,603","154,780","307,391","18,720","1,831","14,920","8,856","18,410","23,230","40,980","7,101","112,180","246,022","4,110","11,445","5,790","5,408","35,590","112,012","25,730","191,004","27,720","220,882","364,670","1,960,787","15,190","15,061",0,0,0,0,"7,530","5,782","7,660","9,279","12,400","11,693","32,530","64,403","11,800","10,442","5,170","6,862","337,350","1,493,432","347,030","1,620,224",90,132,0,0,"123,350","253,552","249,430","589,523","246,190","577,018","4,340","12,505"
SC,6,"229,960","76,890","121,560","22,360","218,780","5,280","123,550","123,700","2,790","486,220","1,920",830,90,"1,010",0,"26,340","81,510","19,919,821","229,960","20,060,417","186,610","14,124,733","88,940","181,898","9,430","34,275","53,490","285,397","49,040","176,455","11,390","14,815","38,590","404,626","44,960","165,265","37,270","761,344","71,080","2,213,788","2,570","2,750","11,880","66,040","1,655,439","11,480","176,726","12,470","18,129","53,500","140,596","7,260","2,189",540,"6,891","4,350","24,239","4,370","23,016","16,140","11,013","207,110","4,750,532","207,110","4,620,314","56,460","130,218","22,850","662,183","7,960","165,808","19,210","80,633","3,220","5,589","19,530","56,323","22,700","140,101","22,740","140,225","15,670","10,992","17,630","190,371",290,"2,554",710,"1,233",430,"2,922","17,290","148,003",680,"10,473","44,090","123,267","229,600","14,394,738","229,200","1,863,520",30,249,"10,280","22,390","99,130","249,914","19,040","2,625","11,910","7,334","11,690","14,165",0,0,"75,140","204,167","2,690","11,321","5,010","4,829","26,070","91,817","11,350","89,307","12,880","111,003","225,490","1,867,568",0,0,0,0,0,0,0,0,0,0,0,0,"6,670","12,176","7,590","6,420","2,200","3,536","221,610","1,613,612","224,140","1,719,502",140,135,10,3,"93,710","260,643","135,530","403,834","131,940","387,913","4,680","15,921"
SC,7,"390,410","64,370","302,910","15,600","372,150","8,810","221,610","184,070","6,310","967,810","1,400",490,120,790,0,"28,140","148,580","53,612,230","390,410","54,025,658","318,150","36,481,748","204,910","592,146","27,720","129,333","138,230","1,127,106","127,680","740,540","26,720","39,833","75,170","1,158,430","119,390","919,591","82,540","2,685,319","136,740","5,899,918","6,170","4,720","21,348","115,450","3,804,318","35,450","993,148","30,220","136,222","112,760","413,428","18,580","5,918","2,380","39,299","11,470","91,794","9,080","54,955","33,260","27,616","329,970","8,649,400","329,970","8,405,763","98,100","243,637","60,430","2,060,514","14,430","320,287","54,890","385,246","4,980","11,006","54,440","179,528","60,220","502,766","60,280","501,565","43,190","35,547","49,660","622,772",680,"6,220","2,180","3,294","1,870","13,475","49,130","551,971","1,860","40,205","106,140","436,460","390,140","42,476,495","389,770","6,107,931",140,"1,917","11,500","41,396","204,090","556,002","54,390","13,201","31,930","20,768","24,870","31,870",0,0,"150,400","431,362","3,900","24,099","11,280","11,446","53,030","233,409","10,220","69,983","13,180","110,082","385,180","5,865,409",0,0,0,0,0,0,0,0,0,0,0,0,"2,300","6,019","17,450","15,449","1,660","3,326","387,000","5,551,929","388,060","5,828,834","4,450","1,405","1,630",579,"181,760","808,454","207,700","829,987","196,270","750,568","14,790","79,419"
SC,8,"131,330","13,560","113,670","2,670","125,430","3,250","88,150","42,870","3,510","354,890",100,40,0,60,0,"3,850","50,430","37,435,945","131,330","37,862,488","109,380","23,560,074","95,740","628,122","20,490","189,526","77,200","1,433,244","72,740","981,775","6,450","13,294","30,890","1,216,906","72,530","1,891,707","31,870","1,975,018","40,830","2,555,529","2,650","1,480","7,601","33,720","1,271,921","32,290","2,685,480","16,150","214,713","39,410","426,543","4,300","1,292","3,900","112,410","9,770","120,348","2,430","22,826",0,0,"87,580","2,377,935","87,580","2,312,828","26,060","65,107","43,750","1,936,154","4,050","128,253","40,900","629,909","2,540","7,967","39,540","196,425","43,560","422,173","43,590","422,647","29,830","34,791","36,410","611,791",600,"8,283","2,130","2,158","3,480","37,159","38,190","647,307","1,780","75,642","62,700","662,192","131,280","32,464,136","131,230","6,098,420",240,"2,788","2,810","18,727","82,520","228,435","37,070","25,917","12,680","7,977",0,0,0,0,"53,540","155,231","1,080","8,711","4,640","5,068","25,180","188,947",0,0,"2,900","22,907","129,620","5,883,547",0,0,0,0,0,0,0,0,0,0,0,0,220,523,0,0,0,0,"131,110","5,869,984","131,250","6,197,302","51,370","39,146","62,620","69,862","73,250","912,540","57,710","580,378","46,650","392,915","13,420","187,463"
SC,9,"19,070","1,810","16,730",340,"18,330",420,"16,360","3,790",670,"53,400",0,0,0,0,0,130,"7,840","12,762,489","19,070","12,952,039","15,870","6,418,397","17,190","315,674","5,500","96,063","14,830","695,023","14,180","476,231",940,"3,289","5,380","451,705","15,010","1,393,704","4,400","361,664","4,230","302,386",620,110,912,"4,380","171,208","10,350","2,506,624","4,220","98,917","8,280","189,550",240,70,"1,500","67,526","3,340","55,511",460,"5,272",0,0,"8,270","224,280","8,270","217,496","2,760","6,784","10,810","689,467",230,"15,809","10,060","344,274",710,"2,169","9,620","76,037","10,790","106,380","10,790","107,017","6,930","11,467","8,470","167,469",250,"4,835",660,328,"2,120","38,388","10,010","327,372",710,"27,659","12,440","322,848","19,060","11,526,752","19,060","2,797,548",240,"4,139",250,"2,026","10,630","39,560","8,880","19,665","1,320",839,0,0,0,0,170,218,160,"1,974",660,787,"5,460","62,404",0,0,250,"2,069","18,830","2,744,025",0,0,0,0,0,0,0,0,0,0,0,0,0,0,0,0,0,0,"19,050","2,757,988","19,070","2,939,177","12,130","36,780","16,570","76,157","10,830","492,347","8,170","286,705","4,360","120,318","4,470","166,387"
SC,10,"8,410",830,"7,300",150,"8,100",170,"7,920","1,160",260,"22,760",0,0,0,0,0,10,"3,880","23,441,693","8,410","23,593,991","6,800","5,444,495","8,130","890,640","3,590","187,953","7,270","1,445,719","6,990","1,014,525",460,"2,512","2,510","376,279","7,540","6,234,222","1,740","162,767","1,570","135,488",420,30,209,"2,000","80,547","6,380","7,825,464","2,850","201,432","4,430","152,298",50,13,820,"48,353","2,140","38,249",220,"2,601",0,0,"2,510","67,318","2,510","65,076",920,"2,242","5,900","1,086,933",40,"3,778","5,500","575,656",380,"1,552","5,040","75,819","5,890","58,256","5,890","59,792","3,360","7,986","3,820","80,397",160,"3,426",300,117,"1,970","135,519","5,610","733,269",730,"63,152","6,570","1,122,295","8,410","21,167,865","8,410","6,160,746","1,000","17,388",100,840,"5,500","83,293","4,910","40,244",290,206,0,0,0,0,0,0,70,"1,318",210,271,"2,910","61,764",0,0,100,848,"8,310","6,502,045",0,0,0,0,0,0,0,0,0,0,0,0,0,0,0,0,0,0,"8,400","6,077,452","8,410","6,421,416","5,180","46,467","7,770","221,589","4,010","841,463","4,360","904,228","1,460","135,612","3,290","768,616"
SD,0,"444,890","218,090","174,240","43,520","424,120","9,690","239,580","264,780","5,920","832,540","5,690","3,480",10,"2,200",790,"51,050","135,260","40,386,036","443,490","40,925,829","359,440","23,597,143","181,580","814,633","22,280","169,864","104,120","1,181,165","92,230","730,671","1,100","3,759","70,000","1,018,375","98,000","2,568,065","56,000","1,176,411","89,390","2,468,756","29,950","5,730","30,772","86,590","1,717,571","40,150","4,639,624","41,560","845,784","115,120","539,793","10,250","3,122","2,490","67,638","20,890","186,490","8,510","47,426","30,720","23,641","416,890","8,370,499","416,890","8,155,837","93,130","214,663","21,040","1,300,047","7,840","241,830","2,810","67,075","16,500","38,942","16,070","112,842","20,460","131,068","20,490","132,265","3,660","3,216","12,190","174,655",260,"2,823","1,160","1,055","1,330","30,127","15,930","627,135","1,630","86,841","92,280","1,072,880","367,750","30,655,599","366,180","5,479,353",460,"7,320","15,760","26,510","168,930","396,994","35,590","15,518","23,360","14,914","21,670","22,161","30,390","5,992","103,330","276,338","1,110","4,994","6,930","5,481","64,760","276,718","27,960","273,297","29,560","298,371","414,420","5,810,329","52,720","129,907","14,210","4,941","17,110","41,392","12,230","45,354","9,180","38,222","45,900","115,448","40,440","82,623","15,180","13,839","7,790","9,852","329,100","5,082,359","349,340","5,485,098","11,220","20,107","18,730","83,915","122,800","928,592","305,950","1,239,536","292,460","892,791","17,090","346,746"
SD,1,"6,940","3,940","2,610",210,"5,570",640,"5,050","2,150",90,"11,340",20,20,0,0,0,140,"3,610","-525,266","5,530","-499,120","2,050","72,269","3,150","11,143",260,"1,391","1,530","7,140","1,330","4,109",20,32,"2,230","-41,247","2,510","62,909",530,"7,778",770,"9,565","2,390",30,201,0,0,"1,400","-174,332","1,390","5,435","1,630","26,146",40,12,10,247,550,"3,512",30,98,190,174,0,0,0,0,0,0,0,0,0,0,0,0,0,0,0,0,0,0,0,0,0,0,0,0,0,0,0,0,0,0,0,0,0,0,0,0,0,0,220,76,0,0,210,42,60,17,0,0,0,0,0,0,0,0,30,12,0,0,10,3,"1,090","3,078",990,"13,050","1,020","12,925","3,400","17,966",580,"1,058",330,111,80,226,80,288,90,434,350,665,330,985,170,154,430,673,160,58,"1,330","3,376",30,69,0,0,750,"1,683","3,040","16,254","2,890","14,354",200,"1,900"
SD,2,"40,610","33,940","3,420","2,730","36,880","1,930","17,960","23,120",280,"37,260","1,210",770,0,440,310,"3,810","9,960","215,260","40,610","221,166","29,490","176,625","10,060","7,522",580,"1,092","4,320","6,927","3,710","3,203",30,24,"5,210","11,095","3,890","4,674","2,650","10,939","3,860","17,352","1,260",130,544,370,812,690,"-3,970","1,100","4,375","5,260","5,906",40,10,0,0,670,"2,388",90,306,410,321,"40,330","518,641","40,330","501,001","8,310","17,640",270,"8,788",230,"7,023",20,32,220,189,120,767,250,735,250,742,30,25,70,699,10,111,0,0,0,0,130,231,0,0,170,34,"1,080","1,693","1,330",323,0,0,560,143,310,37,130,5,0,0,40,6,40,7,50,14,0,0,0,0,"4,580","3,419","1,910","20,273","1,980","20,573","31,420","27,747","11,010","11,690","6,840","2,647","2,180","4,261","1,150","2,647",830,"2,135","9,810","10,551","3,280","2,223","1,070",970,530,474,"1,200",286,"6,050","3,815",0,0,0,0,"3,680","1,902","29,710","25,816","29,440","25,251",330,565
SD,3,"61,780","46,000","6,780","7,860","58,690","1,320","29,490","44,330",500,"77,940","1,420",890,0,530,280,"10,080","15,880","1,064,276","61,780","1,081,328","47,780","801,063","15,440","19,558","1,130","2,783","7,510","27,974","6,160","8,433",50,29,"8,550","59,543","6,670","18,514","5,480","42,142","9,120","87,825","2,380",590,"2,642","8,760","20,654","1,480","-1,998","2,660","17,607","10,250","17,052",280,75,20,176,"1,420","5,398",420,"1,469","1,590","1,297","61,030","1,008,099","61,030","980,344","12,870","27,755",740,"25,572",640,"19,613",40,218,600,646,320,"1,296",670,"2,011",670,"2,033",70,48,190,"1,718",0,0,20,2,20,60,350,"1,367",30,427,"4,570","3,240","34,630","170,127","34,350","17,123",20,157,"1,630",478,"10,970","3,390",850,28,420,108,"2,970","1,411","3,860",785,"3,170",971,30,21,80,30,"7,810","13,044","5,250","49,356","5,370","49,792","55,350","132,983","17,310","53,937","7,030","2,183","5,160","19,773","3,060","18,164","2,060","13,818","14,810","48,839","9,580","18,183","2,990","2,666","1,570","1,350","26,990","13,734","32,750","27,171",0,0,10,2,"7,480","7,708","50,920","113,400","50,350","112,221",730,"1,179"
SD,4,"102,530","65,440","16,420","17,570","98,460","1,810","46,450","72,840",960,"162,450","1,590","1,040",10,540,190,"18,490","23,760","3,844,270","102,530","3,884,759","87,370","3,133,356","25,730","36,780","2,120","5,776","12,520","52,579","10,700","18,806",90,63,"11,440","94,725","11,490","44,683","8,570","89,915","15,340","233,772","3,960","1,710","8,316","17,450","148,713","3,060","9,880","4,590","40,382","20,000","40,489","1,410",387,80,594,"2,380","10,926","1,650","6,375","7,220","5,594","100,580","1,773,050","100,580","1,735,373","16,830","37,677","1,950","65,329","1,490","44,785",90,301,"1,480","1,850",960,"3,950","1,740","5,969","1,750","6,094",370,286,680,"6,846",10,136,30,45,20,127,"1,070","5,644",80,"1,399","12,380","19,209","99,470","2,005,539","98,420","217,228",0,0,"4,810","3,180","41,400","43,005","3,430",226,"3,280","1,962","5,510","5,823","18,500","3,790","22,460","29,753",150,194,690,456,"9,680","25,179","9,230","80,979","9,350","82,744","97,890","385,643","20,950","60,336",0,0,"9,690","17,132","6,800","23,421","4,460","19,783","18,650","53,203","17,990","40,167","3,370","2,938","2,740","3,103","78,620","174,223","83,240","201,185",20,26,0,0,"20,930","26,448","80,210","210,449","79,190","207,479","1,360","2,971"
SD,5,"72,500","39,180","21,890","9,120","69,750","1,190","37,400","47,250",840,"129,620",810,460,0,350,20,"9,690","21,930","4,449,360","72,500","4,495,596","60,570","3,335,330","26,750","46,833","2,560","8,001","14,290","85,406","12,220","26,291",110,121,"9,770","102,713","12,720","64,695","8,550","114,702","15,280","345,555","3,740","1,240","7,008","16,270","287,615","3,530","15,547","5,430","55,690","18,660","46,236","1,740",500,120,"1,306","2,330","13,215","1,690","7,888","6,810","5,290","69,930","1,359,951","69,930","1,325,665","15,220","34,286","2,580","87,106","1,610","48,672",210,"1,074","2,030","3,194","1,600","6,787","2,450","10,296","2,450","10,640",520,412,"1,190","12,877",30,342,60,43,40,156,"1,610","12,237",130,"2,138","13,850","35,899","72,230","2,973,489","71,870","346,649",10,56,"3,340","4,522","28,200","54,557","4,690",390,"2,780","1,654","3,240","3,626","7,990","1,410","18,150","44,070",210,525,"1,130",828,"8,730","25,919","5,130","50,809","5,230","54,086","70,150","410,603","2,880","2,886",0,0,0,0,"1,150",834,"1,730","2,052","2,280","2,190","6,490","15,161","1,760","1,610","1,380","2,024","65,140","292,092","67,520","320,545",20,16,0,0,"19,730","40,903","52,400","130,230","50,810","125,391","2,010","4,839"
SD,6,"46,600","14,690","27,690","3,360","44,790",790,"26,910","26,210",680,"104,720",360,170,0,200,0,"4,160","17,340","4,050,213","46,600","4,096,669","38,140","2,799,947","22,910","50,640","2,570","9,299","12,620","57,634","11,330","31,185",140,245,"8,310","110,609","11,810","72,635","7,620","130,393","12,950","378,527","3,500",800,"4,595","13,380","314,781","3,840","51,136","5,250","70,287","14,350","46,456","1,460",459,140,"1,825","2,250","15,047","1,230","6,854","4,660","3,212","44,300","1,037,994","44,300","1,009,210","12,350","28,784","2,300","79,682","1,180","36,974",210,826,"1,840","3,245","1,670","7,741","2,240","11,122","2,250","11,294",500,434,"1,280","14,773",20,133,80,205,40,314,"1,560","13,468",130,"2,494","12,420","41,527","46,480","2,893,803","46,310","364,721",10,44,"2,010","4,017","21,010","57,514","4,630",504,"3,530","2,343","2,710","3,012",0,0,"15,150","48,054",160,540,"1,160",885,"7,530","27,225","2,700","30,267","2,860","33,779","45,330","377,239",0,0,0,0,0,0,0,0,0,0,0,0,"2,080","4,066","1,460","1,334",650,"1,048","44,120","307,208","45,130","337,031",30,26,0,0,"17,170","50,193","29,230","89,553","27,880","84,408","1,760","5,145"
SD,7,"83,620","11,460","69,280","2,180","80,720","1,400","51,880","40,930","1,620","225,010",280,130,0,150,0,"4,360","30,590","11,389,374","83,620","11,525,349","69,400","7,627,148","51,700","160,949","6,910","31,472","31,700","212,124","28,540","115,612",380,456,"16,770","299,681","29,400","329,899","15,890","428,275","24,570","983,086","7,940","1,060","6,288","22,430","672,075","12,290","309,766","12,580","226,111","31,390","135,975","4,410","1,418",620,"9,727","5,320","47,644","2,610","16,318","9,840","7,753","77,970","2,060,159","77,970","2,008,618","20,830","51,541","5,650","219,593","2,130","64,166",770,"4,603","4,480","10,271","4,580","24,925","5,590","35,628","5,590","35,965","1,170",904,"3,590","48,325",70,460,280,314,210,"1,290","4,400","55,262",440,"13,641","29,570","168,922","83,560","8,941,706","83,400","1,245,668",50,618,"2,540","8,451","47,320","149,523","12,060","2,183","10,470","7,058","7,200","8,283",0,0,"34,630","119,791",360,"1,561","2,810","2,305","16,080","77,916","2,750","28,563","3,050","36,557","81,690","1,188,394",0,0,0,0,0,0,0,0,0,0,0,0,660,"1,732","4,370","4,167",500,"1,180","82,610","1,096,145","83,030","1,181,657",480,184,200,92,"36,350","185,883","46,990","189,793","43,180","166,842","4,930","22,951"
SD,8,"24,210","2,700","20,930",400,"23,370",480,"18,810","6,920",700,"67,330",0,0,0,0,0,300,"9,570","6,924,886","24,210","7,060,870","19,670","3,610,491","20,010","162,551","4,080","40,151","14,690","225,882","13,570","146,402",200,358,"5,970","226,287","14,420","502,194","5,400","259,291","6,360","350,917","3,720",160,"1,178","6,360","214,832","9,450","886,797","6,180","215,031","10,030","135,984",790,240,"1,050","31,906","3,960","53,699",610,"5,967",0,0,"19,480","524,788","19,480","510,662","5,600","14,126","4,730","232,049",520,"17,196",770,"9,388","3,780","12,036","4,240","32,764","4,710","39,119","4,710","39,188",750,743,"3,390","55,331",70,920,400,290,380,"3,900","4,130","87,758",440,"25,546","14,580","246,318","24,200","5,922,925","24,190","1,097,012",90,"1,203",580,"4,756","15,800","53,772","6,810","3,331","2,510","1,545",0,0,0,0,"9,630","33,586",150,"1,461",860,783,"6,950","65,833",0,0,620,"6,994","23,300","1,021,216",0,0,0,0,0,0,0,0,0,0,0,0,40,106,0,0,0,0,"24,150","1,043,240","24,190","1,135,617","7,490","5,606","12,850","16,687","13,590","239,462","10,520","121,514","7,520","72,462","3,760","49,052"
SD,9,"4,030",460,"3,470",70,"3,900",80,"3,650",760,160,"11,230",0,0,0,0,0,10,"1,690","2,733,704","4,030","2,784,573","3,290","1,028,272","3,800","92,818","1,220","22,883","3,170","144,984","3,000","100,117",50,143,"1,100","75,627","3,230","344,924",880,"50,092",780,"43,365",740,0,0,"1,020","37,028","2,690","707,034","1,450","83,159","2,220","50,869",60,17,320,"15,207","1,190","19,862",120,"1,399",0,0,"2,390","64,253","2,390","62,248",790,"2,006","1,640","122,750",40,"3,401",320,"8,561","1,290","4,650","1,510","16,733","1,640","14,976","1,640","14,971",160,163,"1,130","21,597",30,409,160,70,280,"5,538","1,520","61,534",180,"15,114","2,970","107,137","4,030","2,439,669","4,020","583,522",70,597,60,701,"2,420","10,270","1,830","2,829",270,184,0,0,0,0,50,87,30,336,140,146,"1,460","19,215",0,0,60,701,"3,870","559,830",0,0,0,0,0,0,0,0,0,0,0,0,0,0,0,0,0,0,"4,020","573,251","4,030","618,517","2,050","5,950","3,720","19,079","2,170","133,737","1,830","72,963",860,"28,263","1,140","44,700"
SD,10,"2,080",290,"1,740",30,"2,000",50,"1,990",280,90,"5,640",0,0,0,0,0,0,950,"6,239,959","2,080","6,274,639","1,690","1,012,642","2,040","225,839",850,"47,016","1,780","360,515","1,680","276,513",40,"2,288",650,"79,342","1,870","1,122,938",430,"42,884",370,"18,792",330,0,0,550,"21,061","1,720","2,839,764",930,"127,707","1,330","34,680",10,4,130,"6,650",810,"14,799",60,752,0,0,890,"23,564",890,"22,716",340,848,"1,190","459,178",0,0,380,"42,072",790,"2,861","1,080","17,879","1,190","11,212","1,190","11,338",100,201,670,"12,489",20,312,130,86,360,"18,742","1,140","389,634",200,"26,082","1,760","450,594","2,080","5,306,648","2,080","1,607,031",210,"4,645",20,220,"1,430","24,909","1,180","6,022",100,60,0,0,0,0,0,0,20,356,50,45,840,"15,890",0,0,20,220,"2,030","1,688,708",0,0,0,0,0,0,0,0,0,0,0,0,0,0,0,0,0,0,"2,080","1,582,122","2,080","1,656,184","1,100","8,230","1,960","48,055",960,"240,673","1,110","269,564",350,"56,120",880,"213,444"
TN,0,"3,259,560","1,536,940","1,184,690","450,800","3,078,550","86,880","1,550,860","2,113,040","36,910","6,137,610","46,410","31,720",110,"14,590","5,580","518,440","846,270","283,155,415","3,244,330","286,408,329","2,625,020","185,283,185","1,032,540","5,462,708","96,570","863,452","542,690","7,197,065","495,980","4,796,431","8,500","13,217","684,340","13,555,311","481,190","20,907,131","311,890","7,572,454","615,930","17,103,537","62,430","44,160","162,160","535,800","10,464,243","142,940","15,204,338","158,420","1,440,782","758,900","3,252,914","71,150","21,538","21,990","702,105","83,590","603,213","41,030","216,592","135,710","100,670","3,014,730","60,078,584","3,014,730","58,804,073","566,060","1,274,510","200,280","9,963,806","54,070","1,209,855","22,850","515,341","143,560","486,688","165,340","835,335","193,240","1,175,967","193,620","1,200,084","36,590","31,727","142,990","2,248,215","2,860","40,055","6,150","10,739","12,350","469,481","163,600","4,230,674","12,300","542,863","504,920","4,208,124","2,628,910","215,309,588","2,644,170","39,384,825","2,450","39,675","118,390","134,918","1,200,130","2,467,261","179,300","208,528","118,060","73,003","135,760","143,601","244,320","50,085","809,840","1,732,463","12,360","39,098","41,950","38,024","506,170","2,416,926","197,700","1,293,835","212,650","1,438,575","3,060,380","44,707,848","554,780","1,572,664","139,720","50,206","204,440","561,480","133,700","581,304","76,920","379,673","485,310","1,330,544","405,110","793,108","113,870","99,560","44,360","46,500","2,310,250","36,917,568","2,533,040","40,495,547","117,520","263,529","124,060","688,638","831,320","5,383,700","2,324,960","9,481,927","2,268,170","7,311,419","69,820","2,170,509"
TN,1,"44,220","27,440","13,540","1,730","31,940","5,350","24,690","12,930",690,"65,540",450,370,0,80,0,"1,850","19,490","-2,135,872","29,000","-2,097,186","7,400","323,965","12,430","63,647","1,010","6,884","6,570","48,981","5,880","29,234",70,290,"18,140","-667,474","9,210","155,656","2,410","36,042","4,010","58,074","4,050",180,"1,084",110,238,"5,620","-890,156","4,840","-86,115","6,140","38,686",180,55,80,"1,767","1,800","9,456",220,"1,223",890,982,0,0,0,0,0,0,0,0,0,0,0,0,0,0,0,0,0,0,0,0,0,0,0,0,0,0,0,0,0,0,0,0,0,0,0,0,0,0,"3,440","1,669",50,918,"3,310",598,560,129,50,4,0,0,120,20,20,8,260,65,10,5,30,8,"3,850","13,371","7,440","69,558","7,910","70,834","18,710","122,728","2,150","2,767","1,480",415,340,902,210,887,120,563,"1,250","1,798","1,310","3,514","1,510","1,398","2,570","3,237","2,940","1,540","7,330","16,569",290,361,0,0,"5,000","7,766","17,380","113,729","16,360","91,582","1,320","22,147"
TN,2,"294,290","232,690","32,140","24,450","266,250","14,520","123,210","173,500","2,010","311,010","7,880","5,240",0,"2,640","1,690","35,870","74,240","1,553,088","294,280","1,595,511","189,430","1,214,168","58,460","45,487","2,510","4,831","23,900","38,917","21,190","21,509",190,231,"68,190","134,869","20,090","4,616","16,100","68,194","33,420","159,074","3,170","2,280","7,837","3,350","6,997","3,090","-26,715","5,860","2,522","56,700","42,423",520,138,90,640,"4,040","11,512",600,"1,847","2,270","1,984","292,170","4,141,239","292,170","4,013,454","59,830","127,785","2,030","51,906","1,550","31,042",140,784,"1,350","1,796","1,100","3,680","1,780","5,511","1,790","5,614",320,281,920,"11,171",30,413,30,54,60,440,"1,020","1,849",80,930,960,166,"6,060","12,728","14,880","3,649",0,0,"10,550","2,367","3,680",558,"1,170",53,50,9,570,111,370,39,"1,150",284,30,15,80,27,"52,400","38,810","26,290","185,207","27,810","192,962","221,970","228,602","98,750","100,498","67,120","26,912","19,840","42,256","8,040","20,448","3,750","10,882","82,570","85,306","25,770","18,578","9,720","8,804","5,490","4,373","12,630","3,093","65,730","43,010",20,34,0,0,"41,270","21,310","203,380","206,710","201,980","202,316","1,710","4,394"
TN,3,"561,050","354,020","66,740","128,420","531,150","14,350","261,520","441,300","3,730","881,230","11,270","7,740",20,"3,510","2,060","136,920","118,290","9,705,099","561,050","9,878,797","419,780","7,393,049","88,880","110,702","4,330","10,385","35,150","92,361","31,260","50,742",380,"1,079","156,800","957,125","30,480","36,756","32,950","267,618","76,580","806,564","5,510","9,160","36,242","66,000","164,677","6,160","-8,983","11,390","28,614","133,000","173,698","2,950",801,230,"1,541","7,410","22,017","2,400","8,242","7,380","6,005","555,780","9,629,795","555,780","9,431,901","92,680","197,893","5,190","140,813","3,940","76,686",330,"1,032","3,620","5,914","2,960","9,034","4,700","15,518","4,720","16,268",910,"1,056","2,390","26,531",40,388,90,92,90,379,"3,180","15,434",270,"4,077","39,510","25,667","288,070","1,366,751","296,060","141,603",10,78,"23,400","6,317","107,270","31,888","3,880",189,"4,350","1,121","20,980","9,215","34,990","7,113","46,490","13,548",450,218,930,385,"119,040","226,265","58,810","369,526","61,760","382,783","518,270","1,677,441","233,910","856,424","71,130","22,879","84,270","326,619","50,740","312,428","27,770","194,497","207,280","715,028","148,360","282,717","28,660","26,201","13,610","10,662","215,400","109,716","317,050","341,688",70,67,0,0,"62,990","79,733","478,360","1,413,880","476,210","1,405,892","2,890","7,988"
TN,4,"800,780","453,680","145,760","172,170","763,290","16,980","346,290","595,570","6,020","1,364,380","15,580","11,610",50,"3,910","1,700","176,380","164,080","29,597,914","800,780","29,862,143","686,130","24,811,727","151,830","209,932","7,440","20,495","61,720","199,869","54,980","118,263",720,878,"128,520","870,759","51,480","102,572","48,470","555,046","120,130","1,943,242","8,920","12,590","43,549","122,180","1,049,886","11,280","63,770","18,410","29,134","130,990","264,229","10,740","2,993",620,"5,833","11,160","42,167","8,390","30,874","27,960","20,907","783,160","14,245,437","783,160","13,994,411","113,640","251,026","17,540","504,582","11,410","219,925","1,170","2,955","11,140","24,196","9,720","27,819","15,210","55,406","15,320","59,462","3,980","4,705","8,170","87,980",180,"1,920",270,748,220,"1,430","12,860","108,983","1,410","21,368","85,380","141,649","777,560","14,803,691","774,680","1,611,185",30,271,"41,640","26,713","353,530","369,923","14,670","1,035","26,340","16,538","40,790","44,545","146,290","32,357","224,550","264,553","3,360","4,674","5,570","4,288","81,000","239,465","66,100","414,930","67,440","439,286","772,040","3,106,276","198,680","590,829",0,0,"99,990","191,703","64,410","239,121","34,280","160,005","176,730","511,274","171,050","370,380","27,590","23,934","14,980","15,567","585,190","1,241,263","629,010","1,497,207",150,257,20,3,"154,530","230,230","639,470","1,834,982","635,330","1,816,499","5,660","18,484"
TN,5,"510,320","249,950","166,890","72,640","486,760","10,840","229,140","348,030","4,980","944,690","7,090","4,760",10,"2,320",120,"83,930","131,690","31,365,502","510,320","31,623,784","436,810","24,949,619","148,970","248,336","9,360","29,416","67,480","283,467","60,840","178,199",970,968,"80,220","926,394","56,230","174,259","45,650","688,330","102,800","2,367,787","8,310","6,670","22,744","99,590","1,805,207","11,780","97,357","19,770","48,098","111,640","258,282","14,940","4,310",830,"9,387","9,230","45,137","8,370","36,243","33,030","24,976","487,610","9,685,375","487,610","9,487,272","89,630","198,103","22,660","686,982","11,420","239,160","1,790","5,479","15,320","37,420","15,910","45,676","21,030","86,434","21,110","91,255","4,970","4,943","14,130","159,793",280,"2,494",470,"1,446",290,"2,038","17,090","165,905","1,230","24,056","72,820","188,783","509,150","20,835,148","508,000","2,445,459",40,242,"19,160","28,926","208,070","410,425","19,780","2,007","16,760","9,965","24,160","30,170","62,660","10,568","150,810","338,427","3,140","7,659","7,340","6,554","56,620","201,447","22,690","152,927","24,630","180,214","498,280","2,901,951","21,290","22,146",0,0,0,0,"10,290","8,420","11,000","13,726","17,480","17,138","45,960","93,211","14,270","12,377","4,820","7,255","460,110","2,035,033","474,620","2,255,856",150,170,0,0,"135,910","305,762","372,630","945,900","367,930","924,200","6,050","21,700"
TN,6,"316,960","105,500","176,000","26,920","301,790","7,010","155,740","192,340","4,060","686,220","2,290","1,120",20,"1,150",0,"37,940","97,630","27,464,056","316,960","27,686,371","267,760","20,712,285","126,780","258,887","9,240","34,665","61,360","298,205","55,730","183,907","1,040","1,075","56,630","879,873","51,970","220,276","39,660","777,278","81,330","2,410,678","7,610","4,630","16,276","76,310","1,852,811","11,170","160,517","18,600","64,583","78,630","222,315","10,200","3,164",920,"12,624","7,560","43,736","5,360","27,148","21,930","13,439","295,710","6,779,375","295,710","6,628,525","66,520","150,850","21,240","665,905","8,050","175,989","2,040","8,909","14,700","38,323","16,900","51,966","20,370","94,319","20,420","97,504","4,580","3,942","14,930","181,508",260,"2,627",540,"1,378",380,"2,919","16,240","173,963","1,180","29,427","59,500","195,542","316,530","19,836,866","316,050","2,554,988",40,299,"8,970","20,667","133,790","348,910","19,760","2,692","14,470","8,843","16,240","19,154",0,0,"106,810","298,315","1,810","6,364","6,530","6,001","42,630","179,326","9,120","60,383","10,670","80,600","310,790","2,732,064",0,0,0,0,0,0,0,0,0,0,0,0,"9,640","17,090","10,000","8,207","1,720","3,025","305,960","2,206,078","309,720","2,404,663",210,272,10,4,"109,060","325,643","206,910","646,650","202,290","623,619","5,850","23,031"
TN,7,"517,050","89,650","399,570","19,830","492,380","12,110","265,500","278,390","9,000","1,295,040","1,740",810,0,930,0,"40,160","167,190","70,720,057","517,050","71,399,685","438,970","51,591,107","278,040","803,282","27,250","124,854","157,800","1,155,533","144,880","757,825","2,930","3,458","110,340","2,720,136","137,650","1,148,478","83,990","2,589,557","145,990","6,038,335","16,000","6,850","26,125","123,710","3,912,894","35,060","827,794","43,310","324,009","160,190","679,628","25,820","8,335","4,510","85,065","18,500","138,839","11,340","68,079","42,250","32,377","461,040","11,873,704","461,040","11,609,835","108,990","263,869","55,990","2,040,664","13,550","322,035","6,400","41,016","39,920","124,271","48,990","182,332","54,940","314,547","55,010","318,323","11,580","8,050","43,520","637,819",730,"8,100","1,800","3,875","1,600","13,638","45,640","636,858","2,980","97,989","136,970","680,152","516,710","56,139,113","516,280","8,080,516",160,"1,316","8,980","33,219","264,110","733,038","56,690","12,374","38,280","25,069","32,910","40,386",0,0,"206,490","601,183","2,530","11,549","14,520","13,713","86,750","518,077","7,250","41,304","10,000","73,949","509,110","8,212,840",0,0,0,0,0,0,0,0,0,0,0,0,"2,730","6,942","22,120","18,639","1,170","2,381","513,420","7,347,480","514,770","7,922,795","6,120","2,080","1,810",593,"209,570","1,014,377","305,900","1,284,154","292,000","1,174,444","17,430","109,710"
TN,8,"173,850","19,530","148,760","3,870","165,600","4,600","109,380","62,900","4,960","473,910",110,60,0,50,0,"5,220","58,130","49,800,401","173,850","50,627,183","146,170","32,452,220","129,110","876,999","22,640","191,919","96,250","1,523,057","90,280","1,012,662","1,570","2,211","49,780","3,556,539","91,010","2,471,372","34,810","1,976,964","44,590","2,809,996","6,500","1,660","7,597","36,690","1,356,715","35,700","2,712,390","24,580","419,898","59,720","826,782","5,400","1,626","8,730","279,516","15,110","164,490","3,280","30,529",0,0,"122,730","3,283,381","122,730","3,210,078","29,950","73,303","51,120","2,368,933","3,840","121,070","6,310","73,819","38,940","166,466","47,250","254,203","50,780","384,786","50,810","387,999","8,210","5,851","41,640","768,000",770,"11,843","1,990","2,510","3,640","43,318","44,780","916,128","2,590","116,321","81,830","970,165","173,800","43,180,182","173,750","8,175,087",350,"6,269","2,070","13,756","106,220","296,202","43,650","29,011","15,550","9,968",0,0,0,0,"72,970","215,671",850,"6,042","5,910","5,964","45,590","531,278",0,0,"2,120","15,605","170,870","8,242,314",0,0,0,0,0,0,0,0,0,0,0,0,300,676,0,0,0,0,"173,600","7,878,885","173,770","8,606,435","79,340","62,848","85,430","91,634","91,510","1,234,314","81,630","843,205","67,030","576,288","17,260","266,917"
TN,9,"27,470","2,910","23,760",510,"26,330",750,"22,780","5,940",990,"78,300",0,0,0,0,0,160,"9,920","18,459,634","27,470","18,847,716","22,200","9,769,928","24,950","519,628","7,170","113,656","20,910","854,384","19,890","559,621",330,"1,028","10,180","1,689,162","21,100","1,889,455","5,490","430,783","4,970","351,319","1,420",110,601,"5,180","203,173","13,330","2,572,051","6,710","238,532","13,700","388,082",320,92,"3,720","173,674","5,070","69,457",680,"7,916",0,0,"12,480","332,988","12,480","324,363","3,550","8,625","14,990","1,028,700",260,"16,254","2,180","50,649","11,850","56,203","13,920","117,841","14,940","131,858","14,940","132,953","1,480","1,353","11,490","245,463",310,"6,445",620,433,"2,700","52,724","13,710","490,324","1,150","81,800","17,360","373,083","27,450","16,727,038","27,450","4,118,989",320,"5,651",230,"1,726","14,230","55,124","11,910","31,799","1,780","1,150",0,0,0,0,300,417,120,"1,422",810,836,"11,400","205,380",0,0,230,"1,713","26,940","4,178,359",0,0,0,0,0,0,0,0,0,0,0,0,0,0,0,0,0,0,"27,440","4,063,864","27,460","4,455,099","21,000","69,343","24,170","106,232","15,280","721,251","12,010","427,985","6,580","176,915","6,210","251,070"
TN,10,"13,590","1,590","11,550",260,"13,060",370,"12,610","2,150",470,"37,310",0,0,0,0,0,30,"5,620","46,625,536","13,590","46,984,325","10,360","12,065,117","13,100","2,325,808","5,640","326,347","11,540","2,702,291","11,050","1,884,469",290,"1,999","5,550","2,487,928","11,990","14,703,691","2,370","182,642","2,130","158,468",930,30,105,"2,700","111,645","9,770","9,696,313","4,950","371,507","8,180","358,789",80,24,"2,260","132,058","3,720","56,402",390,"4,491",0,0,"4,070","107,290","4,070","104,234","1,280","3,056","9,520","2,475,321",50,"7,694","2,480","330,698","6,740","32,099","8,590","142,784","9,500","87,588","9,500","90,706",580,"1,546","5,810","129,950",250,"5,825",350,203,"3,370","352,595","9,080","1,721,230","1,420","166,895","10,580","1,632,917","13,580","42,408,071","13,580","12,251,680","1,460","24,631",80,629,"8,680","221,064","7,730","129,364",480,340,0,0,0,0,0,0,60,"1,150",240,248,"6,880","263,507",0,0,80,629,"13,400","13,305,273",0,0,0,0,0,0,0,0,0,0,0,0,0,0,0,0,0,0,"13,580","12,030,616","13,590","12,952,225","10,170","128,097","12,630","490,172","6,210","1,443,314","7,300","1,764,732","2,470","319,664","5,440","1,445,068"
TX,0,"13,671,450","6,487,000","4,763,560","2,146,450","12,714,450","515,990","6,572,680","8,978,480","182,560","26,812,710","221,800","150,730","1,540","69,530","35,130","2,374,890","3,010,300","1,269,661,033","13,601,710","1,280,135,049","11,235,120","878,533,335","3,597,540","22,884,285","458,620","4,915,492","2,252,530","36,605,984","2,060,180","23,940,368","20,590","36,115","3,336,180","28,916,907","2,061,860","82,835,115","1,045,800","30,994,409","2,071,620","62,378,988","242,980","318,380","2,052,897","1,646,650","33,055,286","728,370","82,556,051","834,970","16,100,278","3,226,910","10,474,016","400,820","123,151","54,130","1,758,572","238,580","1,934,036","165,750","889,145","501,500","363,356","12,400,180","244,824,723","12,400,180","240,565,048","1,913,870","4,259,678","1,067,830","53,274,431","307,490","7,128,974","73,880","1,533,745","821,820","2,319,147","856,390","8,727,759","1,026,250","7,825,479","1,028,950","8,111,464","247,190","327,053","765,930","10,912,768","17,330","237,074","34,470","143,047","65,510","2,860,799","828,590","19,434,149","76,800","4,339,097","2,051,190","17,465,830","10,928,270","985,348,079","11,036,150","189,962,722","12,790","237,358","668,510","733,601","5,556,240","13,204,062","784,810","1,835,458","531,370","340,140","714,100","736,690","934,720","197,817","3,789,410","7,895,375","217,890","1,050,537","171,020","144,918","2,120,530","7,512,692","1,179,750","8,496,502","1,277,290","9,502,123","12,850,900","216,491,569","2,649,180","8,087,978","638,820","232,555","923,560","2,652,787","677,300","3,093,089","409,500","2,109,547","2,310,640","6,737,330","2,035,100","4,187,936","630,730","549,769","206,850","191,964","9,263,060","176,758,969","10,405,860","190,070,311","641,670","1,245,276","633,290","3,635,481","3,358,420","22,428,275","9,883,160","48,318,343","9,654,660","36,529,709","280,430","11,788,633"
TX,1,"201,940","127,770","59,690","8,300","140,720","30,380","107,950","60,800","3,650","299,310","2,380","1,880",0,500,30,"9,290","84,880","-13,350,951","132,250","-13,144,480","38,000","2,003,184","50,530","580,955","5,760","78,149","30,420","289,027","26,910","162,066",190,773,"82,380","-2,806,515","42,510","1,125,278","9,520","173,651","14,200","242,957","15,870","1,590","13,354",370,"1,884","30,100","-5,273,914","25,150","-252,867","25,760","206,471","1,200",348,260,"5,924","5,850","35,462","1,080","6,171","4,260","4,479",0,0,0,0,0,0,0,0,0,0,0,0,0,0,0,0,0,0,0,0,0,0,0,0,0,0,0,0,0,0,0,0,0,0,0,0,0,0,"12,960","12,329",260,"7,798","12,390","2,438","3,700","1,403",220,6,20,9,710,150,170,63,"1,490",534,90,37,80,21,"15,750","48,703","32,600","311,524","34,910","322,210","86,650","650,951","10,400","16,666","6,490","1,878","1,830","5,095","1,280","5,722",800,"3,971","6,740","11,327","7,580","21,363","9,870","9,189","10,290","13,046","9,660","10,926","28,470","69,066","1,460","1,825",0,0,"17,740","28,687","81,240","609,916","77,240","452,946","5,000","156,971"
TX,2,"1,211,720","983,500","123,440","88,050","1,074,260","74,600","521,780","669,410","8,570","1,249,320","41,590","28,860",100,"12,630","9,820","125,120","265,550","6,279,855","1,211,690","6,457,915","768,380","5,350,273","184,000","149,878","11,220","21,155","87,720","147,403","77,010","79,743",600,660,"348,300","530,383","75,460","16,890","46,400","211,069","92,270","456,484","10,880","10,660","48,883","11,540","22,470","15,100","-164,460","32,680","14,571","272,640","178,060","3,640",951,290,"1,922","11,890","33,570","2,580","9,122","9,860","8,303","1,201,530","16,608,536","1,201,530","16,171,702","206,850","436,834","9,820","231,569","6,930","121,321",400,"1,698","6,650","7,971","5,470","36,546","8,460","39,102","8,500","39,911","1,620","1,798","4,480","50,895",130,"1,071",140,146,290,"1,721","4,850","8,634",440,"5,836","3,550",757,"23,460","50,305","63,130","14,730",20,212,"44,910","9,283","17,820","3,120","3,670",191,150,29,"3,500",599,"1,630",183,"6,100","1,698",300,102,210,70,"255,080","187,704","130,920","928,724","141,040","994,530","893,160","919,619","414,220","386,145","304,830","123,387","69,330","152,168","26,930","71,340","13,130","39,250","324,440","318,604","92,440","70,667","53,760","47,548","22,550","16,337","50,080","11,617","304,730","204,826",160,168,0,0,"210,670","111,349","792,360","824,610","787,210","807,674","6,120","16,935"
TX,3,"2,529,800","1,545,680","304,050","643,500","2,357,910","94,660","1,255,470","2,018,580","15,530","4,312,330","59,110","43,050",250,"15,810","14,050","631,090","415,970","43,952,543","2,529,800","44,853,872","1,921,270","35,745,471","269,030","341,630","17,210","47,320","118,970","343,298","104,590","182,211",980,"1,573","870,750","4,630,418","110,790","133,191","87,330","747,799","225,930","2,462,081","22,240","57,400","337,903","176,630","441,954","31,000","-119,562","56,970","117,042","703,140","901,329","21,720","5,969",630,"4,346","20,810","57,221","11,080","39,213","30,310","24,182","2,502,250","43,587,215","2,502,250","42,950,899","303,480","636,316","27,180","706,545","18,380","335,323","1,160","3,425","19,210","33,121","14,630","92,282","23,930","116,531","24,070","122,413","5,540","7,654","12,160","132,371",300,"3,081",410,"2,246",690,"6,558","15,970","75,159","1,570","25,093","190,260","122,980","1,289,230","5,994,732","1,357,080","632,943",50,"1,091","146,430","35,359","591,410","189,373","13,750",906,"19,880","5,337","120,540","53,560","155,200","33,216","295,410","90,575","5,780","3,141","3,240","1,419","634,560","1,241,753","390,360","2,652,240","418,190","2,827,620","2,364,850","8,604,955","1,189,820","4,623,598","327,500","107,290","421,960","1,638,583","281,700","1,755,627","158,670","1,122,098","1,060,420","3,794,506","799,600","1,564,074","156,330","138,126","66,150","44,868","880,970","443,573","1,438,120","1,708,676",440,645,30,3,"283,490","383,650","2,178,880","7,270,341","2,171,360","7,237,111","9,810","33,229"
TX,4,"3,208,760","1,739,220","623,290","769,210","3,020,120","102,630","1,464,190","2,451,550","24,840","5,923,620","71,880","52,630",570,"18,680","10,210","768,800","545,200","117,568,151","3,208,760","118,697,407","2,801,440","104,104,387","440,510","623,280","30,400","105,289","206,770","719,618","183,660","407,826","1,780","1,859","679,920","1,643,621","185,990","369,524","137,270","1,670,838","371,950","6,391,486","32,630","89,570","602,152","346,600","2,851,109","55,850","122,309","91,220","113,206","558,080","1,129,256","54,470","15,459","1,640","14,993","28,150","106,242","34,320","132,335","98,760","71,285","3,111,120","57,438,805","3,111,120","56,666,901","358,060","771,905","97,310","2,845,860","60,910","1,186,705","3,980","11,968","68,530","163,230","50,340","302,180","85,620","453,987","86,180","501,281","26,640","42,524","43,250","443,442","1,110","10,939","1,680","10,552","1,780","23,214","68,190","521,738","6,860","137,462","355,810","589,287","3,109,010","57,104,439","3,103,550","6,239,590",110,"1,268","236,110","135,133","1,609,380","1,766,635","51,640","6,456","119,370","76,231","232,210","245,411","573,300","130,092","1,048,320","1,198,804","45,120","75,540","21,290","15,980","357,080","1,081,172","397,650","2,889,524","405,990","3,053,822","3,099,620","13,425,228","938,270","2,962,267",0,0,"430,440","856,941","322,030","1,224,195","185,800","881,132","839,820","2,535,449","835,070","1,906,029","171,480","146,481","71,390","63,236","2,165,550","4,472,962","2,387,840","5,621,179",960,"1,493",50,15,"563,140","904,831","2,620,530","8,691,160","2,606,990","8,616,983","18,000","74,177"
TX,5,"2,011,720","1,009,280","605,530","335,970","1,890,170","63,350","904,440","1,416,820","22,180","3,846,520","29,340","18,180",280,"10,890","1,030","383,100","432,940","123,605,926","2,011,720","124,535,928","1,772,090","104,740,797","448,290","753,840","38,820","147,362","235,390","968,333","211,610","560,786","2,440","2,565","365,530","1,629,939","206,580","566,577","139,940","2,247,746","329,380","8,142,429","27,260","52,450","346,418","283,380","4,908,186","55,750","393,395","97,740","86,107","455,160","930,002","107,320","31,007","2,100","25,039","24,080","118,804","33,220","146,406","128,770","95,982","1,881,230","36,891,571","1,881,230","36,274,947","283,330","616,624","130,320","4,091,788","65,720","1,393,880","6,200","22,519","94,640","232,292","85,620","522,582","120,660","728,284","121,210","787,318","38,140","57,363","77,800","792,622","1,910","19,681","3,080","18,421","2,110","28,578","95,140","858,732","8,170","186,210","259,960","676,973","2,004,710","82,085,981","2,001,110","9,735,402",180,"1,702","113,670","164,249","895,740","1,987,024","72,370","12,742","75,330","48,028","130,650","161,213","204,420","34,263","665,370","1,482,478","54,340","176,737","28,480","23,977","199,440","675,513","135,120","1,065,234","146,750","1,239,235","1,966,520","11,762,064","96,470","99,302",0,0,0,0,"45,370","36,205","51,110","63,096","79,220","77,444","221,680","456,947","85,340","75,457","22,880","30,541","1,752,930","7,748,430","1,814,680","8,502,455","1,110","1,584",50,21,"486,760","1,106,075","1,517,540","4,344,539","1,501,970","4,260,856","20,290","83,683"
TX,6,"1,235,620","474,570","584,690","145,590","1,156,600","40,570","591,390","772,110","18,400","2,646,130","9,570","3,920",160,"5,490",0,"186,020","327,670","107,024,321","1,235,620","107,721,008","1,069,600","85,871,598","394,640","819,893","40,350","173,577","227,730","1,130,346","206,250","665,979","2,530","2,692","237,190","1,704,174","200,080","735,564","130,580","2,765,622","267,650","8,426,254","24,970","33,700","218,084","229,360","5,366,140","53,960","621,922","94,050","159,704","277,730","696,687","45,280","14,177","2,360","30,795","20,350","119,855","19,920","104,317","76,700","43,974","1,116,240","24,517,167","1,116,240","24,024,393","218,110","492,774","119,290","3,938,801","47,670","1,100,983","6,620","26,617","89,270","217,996","90,160","584,046","113,630","755,223","114,070","797,553","33,330","45,414","82,930","895,978","2,020","23,371","3,360","22,263","2,400","33,206","87,860","879,592","7,130","181,002","207,550","649,988","1,232,810","77,989,300","1,231,080","10,300,880",210,"1,569","52,640","118,447","563,660","1,634,343","75,390","17,844","55,390","36,438","75,790","88,844",0,0,"441,500","1,215,715","38,810","194,689","24,350","20,910","139,010","529,044","53,550","403,103","62,330","532,732","1,212,050","11,173,852",0,0,0,0,0,0,0,0,0,0,0,0,"51,380","99,297","50,390","42,354","8,140","13,256","1,169,180","8,666,629","1,186,460","9,273,468","1,570","1,092",110,36,"395,540","1,157,003","835,360","3,035,321","818,780","2,923,646","21,020","111,675"
TX,7,"2,156,120","474,780","1,519,000","127,270","2,024,880","70,090","1,045,550","1,198,070","47,200","5,399,950","7,320","2,080",170,"5,070",0,"233,040","612,160","298,758,539","2,156,120","300,762,635","1,882,890","232,398,579","987,850","2,872,474","124,280","659,692","657,990","4,836,347","603,010","3,096,760","6,450","7,833","464,140","5,747,476","584,660","3,840,361","305,060","10,433,088","537,290","22,054,621","62,610","53,390","348,002","416,170","12,731,150","175,070","3,853,974","228,750","1,287,483","599,190","2,004,096","130,500","44,137","10,480","185,537","52,200","403,917","44,560","268,610","152,840","115,151","1,846,420","46,083,248","1,846,420","45,149,693","389,950","933,556","309,580","11,421,270","82,900","2,089,541","19,780","112,013","239,900","627,410","265,270","2,062,866","302,170","2,336,884","302,840","2,408,392","80,140","92,079","245,740","3,171,216","5,040","62,007","10,360","53,779","8,990","98,208","238,440","2,960,627","18,800","570,238","515,480","2,245,719","2,153,880","239,082,851","2,152,320","35,574,679","1,210","10,353","50,300","185,904","1,170,510","3,747,791","236,680","96,194","157,990","107,276","150,710","186,913",0,0,"914,140","2,683,745","57,010","420,671","58,460","50,820","290,210","1,361,340","39,550","246,153","55,710","438,288","2,126,100","36,107,829",0,0,0,0,0,0,0,0,0,0,0,0,"24,590","63,168","103,560","90,614","5,450","10,680","2,121,850","31,827,034","2,130,940","33,445,289","36,030","11,164","8,140","2,757","828,880","3,829,209","1,319,520","6,416,624","1,267,390","5,934,024","66,200","482,600"
TX,8,"902,260","108,380","761,150","24,190","848,840","31,280","510,540","349,890","33,090","2,525,100",600,140,10,440,0,"37,140","252,950","260,627,984","902,260","262,808,152","801,610","190,693,905","628,100","3,902,033","120,640","1,086,844","514,460","7,383,535","482,170","4,747,819","3,510","6,150","224,170","8,018,528","482,110","9,315,854","152,930","9,447,469","199,060","11,646,286","32,600","17,850","124,403","146,130","5,312,884","193,060","12,168,620","140,710","2,713,556","249,140","2,180,168","34,410","10,425","19,900","582,190","45,540","547,021","14,360","129,841",0,0,"645,430","17,146,807","645,430","16,833,785","129,740","313,022","256,790","11,816,745","23,320","772,803","19,160","218,655","208,890","688,518","236,440","2,671,203","254,670","2,289,074","254,910","2,316,282","50,950","54,317","214,270","3,652,081","4,220","62,995","10,280","30,344","18,740","244,262","212,190","3,847,329","17,230","863,873","381,600","3,436,460","901,850","228,282,123","901,600","43,937,942","2,500","29,057","10,510","70,083","582,570","1,926,873","227,420","277,504","88,880","57,624",0,0,0,0,"415,680","1,220,100","14,080","143,299","29,480","26,564","165,130","1,244,200",0,0,"10,800","80,707","891,290","43,553,386",0,0,0,0,0,0,0,0,0,0,0,0,"2,750","6,391",0,0,0,0,"899,840","42,011,070","901,230","44,271,938","447,990","352,802","435,900","435,201","461,510","5,458,521","436,380","4,625,744","375,680","3,331,228","73,640","1,294,516"
TX,9,"144,090","15,410","124,250","3,020","135,650","5,620","109,170","30,880","6,200","417,280",10,0,0,10,0,"1,150","45,390","96,559,988","144,090","97,652,647","124,020","57,107,195","128,080","2,348,495","39,490","676,027","112,900","4,462,793","107,410","2,872,160","1,090","4,287","41,640","3,649,413","112,240","7,981,879","25,320","2,127,764","23,690","1,706,209","7,930","1,440","10,886","23,260","897,247","68,340","13,137,761","38,500","2,304,613","53,200","1,092,659","1,950",581,"9,660","446,137","16,700","270,852","2,850","32,368",0,0,"72,540","1,935,217","72,540","1,893,420","17,320","41,798","71,540","4,865,846","1,430","97,573","7,330","158,611","59,550","217,164","66,690","1,157,798","71,280","673,003","71,310","681,930","8,130","12,139","56,420","1,143,210","1,370","26,234","3,300","3,709","13,110","267,907","63,100","2,018,256","7,290","607,576","85,690","1,575,127","144,000","88,210,693","143,990","22,039,539","1,810","32,339","1,150","9,435","76,890","403,740","63,580","282,598","11,770","7,388",0,0,0,0,"1,400","1,726","1,750","23,817","4,270","4,044","39,050","481,294",0,0,"1,160","9,642","142,100","22,084,056",0,0,0,0,0,0,0,0,0,0,0,0,0,0,0,0,0,0,"143,780","21,635,800","144,020","23,059,754","105,110","337,396","124,700","542,866","80,690","3,421,069","62,340","2,363,453","35,250","986,032","31,160","1,377,421"
TX,10,"69,410","8,420","58,450","1,350","65,300","2,810","62,210","10,380","2,910","193,170",0,0,0,0,0,150,"27,600","228,634,677","69,410","229,789,965","55,820","60,517,946","66,510","10,491,807","30,440","1,920,077","60,190","16,325,284","57,550","11,165,018","1,020","7,723","22,150","4,169,470","61,450","58,749,997","11,460","1,169,363","10,220","850,181","6,000",320,"2,812","13,210","522,262","50,150","57,816,006","29,220","9,556,863","32,870","1,155,288",340,97,"6,790","461,689","13,010","241,092","1,780","20,762",0,0,"23,410","616,157","23,410","599,308","7,020","16,849","46,000","13,356,007",240,"30,845","9,250","978,239","35,180","131,445","41,790","1,298,256","45,840","433,391","45,860","456,384","2,700","13,765","28,880","630,953","1,240","27,695","1,870","1,587","17,410","2,157,145","42,850","8,264,082","9,310","1,761,807","51,280","8,168,539","69,330","206,547,655","69,330","61,474,688","6,440","151,969",400,"3,270","44,550","1,543,760","40,070","1,141,017","2,600","1,780",0,0,0,0,0,0,620,"12,504","1,160","1,113","25,220","661,969",0,0,410,"3,337","68,550","68,209,629",0,0,0,0,0,0,0,0,0,0,0,0,0,0,0,0,0,0,"69,220","59,930,928","69,370","63,913,660","46,840","537,107","64,320","2,654,582","30,000","6,027,881","39,010","10,136,635","12,790","1,979,209","29,190","8,157,426"
UT,0,"1,542,530","729,230","646,550","137,060","1,455,320","48,870","736,870","943,970","27,390","3,145,810","23,220","17,480",30,"5,710","3,340","163,600","316,470","145,830,546","1,536,610","146,937,981","1,312,310","100,340,604","513,510","2,950,476","44,960","407,670","272,010","3,325,088","245,700","2,016,622","51,740","48,954","269,570","2,331,506","259,000","9,925,266","123,300","3,097,571","231,000","7,311,317","13,840","31,940","196,792","196,070","4,124,927","146,660","12,481,707","85,240","470,945","337,350","1,107,435","28,210","8,188","4,500","140,213","31,390","258,312","22,780","125,471","64,950","38,420","1,317,570","26,092,813","1,317,570","25,632,687","198,450","460,125","205,520","9,676,489","29,470","482,528","188,980","2,294,276","14,770","37,057","185,120","815,567","204,860","1,709,629","205,040","1,715,846","42,800","27,463","168,620","2,466,595","2,990","28,896","9,470","12,256","9,030","276,794","172,390","4,423,377","6,270","259,482","259,000","2,644,285","1,282,150","110,639,538","1,283,920","19,897,404","1,520","36,020","70,270","117,734","633,400","1,762,849","87,240","98,438","34,670","20,959","103,250","101,926","103,790","20,465","426,390","1,268,511","15,760","85,937","22,590","19,601","190,630","571,475","119,360","909,145","129,520","1,030,443","1,445,400","20,934,450","167,940","411,993","49,250","17,356","52,980","133,088","36,760","139,932","28,960","121,619","144,300","351,574","145,160","309,563","83,040","70,688","32,970","36,665","1,137,070","18,134,555","1,213,130","19,236,335","55,510","100,071","64,860","346,419","442,110","2,702,827","1,044,020","4,339,637","1,020,310","3,233,029","30,200","1,106,609"
UT,1,"19,390","10,950","7,020",790,"13,930","2,740","11,680","6,300",480,"33,710",180,160,0,20,0,570,"7,540","-1,641,505","13,460","-1,618,820","4,950","280,854","6,540","59,497",590,"5,401","3,440","33,077","2,980","16,643",340,987,"6,540","-202,511","5,320","138,727","1,030","21,681","1,580","27,685",870,140,"1,110",30,71,"5,450","-1,005,263","2,570","-55,229","2,950","22,685",60,17,20,219,660,"4,246",130,795,440,413,0,0,0,0,0,0,0,0,0,0,0,0,0,0,0,0,0,0,0,0,0,0,0,0,0,0,0,0,0,0,0,0,0,0,0,0,0,0,930,"1,073",30,881,880,228,310,149,20,1,0,0,50,7,30,11,200,111,0,0,0,0,"1,650","5,113","3,440","35,114","3,670","35,140","8,940","74,426","1,340","2,872",660,200,220,607,190,760,270,"1,305","1,030","2,209","1,520","4,901",920,838,"1,580","2,479",660,924,"2,730","7,072",200,279,0,0,"1,430","2,516","8,420","69,801","8,040","53,758",500,"16,043"
UT,2,"138,410","117,790","11,670","7,040","122,230","9,870","55,320","77,050","1,120","121,400","4,440","3,420",0,"1,020","1,130","9,650","21,840","715,042","138,410","727,788","101,400","605,468","24,440","21,725","1,110","2,328","10,610","15,945","9,300","8,281",390,361,"25,070","56,058","9,560","5,084","4,820","21,380","9,260","46,285",490,820,"3,684","1,200","2,260","3,440","-36,720","2,570","-1,359","20,260","12,746",160,38,20,192,910,"2,263",240,811,950,600,"137,150","1,729,427","137,150","1,690,777","17,850","38,650","1,240","28,052",770,"11,684",460,"2,039",570,470,760,"3,077","1,140","4,352","1,150","4,474",160,83,680,"9,925",10,85,40,19,40,168,680,"1,374",40,297,650,156,"3,040","5,728","4,730","1,368",0,0,"2,340",574,"1,320",217,410,19,0,0,270,44,80,14,370,112,20,4,20,8,"18,290","12,056","9,350","66,130","9,850","68,515","99,770","82,275","32,460","30,834","23,020","9,107","5,450","11,161","2,470","6,087","1,530","4,479","27,430","26,449","7,970","6,369","8,060","7,044","2,780","2,077","3,930","1,151","22,930","13,581",0,0,0,0,"14,880","6,952","93,300","75,592","92,790","71,640",610,"3,952"
UT,3,"223,610","169,040","25,220","25,230","210,550","7,180","92,710","169,520","1,990","283,630","5,770","4,480",10,"1,280","1,190","33,050","34,210","3,857,643","223,610","3,901,031","184,710","3,127,537","36,650","49,968","1,880","3,894","16,160","37,682","14,200","18,847",940,810,"38,980","271,271","15,010","23,681","10,630","86,559","21,940","229,784",990,"3,730","19,932","19,370","51,184","6,970","-13,532","4,970","3,784","38,050","43,388",820,199,50,364,"1,940","4,805","1,110","3,511","3,450","2,161","220,550","3,589,301","220,550","3,530,081","27,240","59,220","3,050","79,482","1,840","28,262","1,450","4,748","1,300","1,409","2,180","8,154","2,950","11,991","2,960","12,019",490,335,"1,860","26,274",40,434,90,73,110,548,"2,000","9,949",100,"1,156","14,330","9,029","128,450","644,870","129,760","65,791",0,0,"6,530","1,765","43,210","14,641","1,880",93,530,142,"17,810","8,280","14,100","2,760","10,120","3,111",210,98,270,106,"31,470","52,371","23,750","166,070","24,520","169,561","204,490","441,323","59,160","176,814","25,570","8,049","17,270","66,218","9,850","58,937","6,470","43,611","50,110","151,842","32,690","62,096","20,230","17,334","8,070","5,749","99,830","51,151","124,440","105,044",20,16,10,1,"26,990","27,757","186,920","363,533","186,140","359,616","1,010","3,917"
UT,4,"336,980","213,130","65,560","49,320","320,800","8,780","146,200","236,740","3,830","548,260","7,070","5,690",0,"1,380",890,"52,240","53,400","12,513,900","336,980","12,600,606","296,690","10,693,858","62,670","101,441","3,430","8,254","27,930","77,656","24,810","40,248","3,520","3,009","45,400","336,344","25,830","45,652","17,510","200,238","38,750","659,836","1,810","8,650","50,015","38,930","345,981","13,800","67,679","8,970","2,759","52,840","86,706","2,030",524,150,"1,417","3,400","10,656","3,840","13,373","10,970","6,157","327,380","5,822,165","327,380","5,736,022","38,300","86,143","9,600","261,620","4,320","68,193","6,860","18,810","2,370","3,295","7,510","25,566","9,460","43,624","9,500","43,865","2,090","1,401","6,740","92,068",200,"2,301",330,559,190,"1,069","6,400","47,609",300,"4,409","37,280","56,570","327,370","6,412,136","326,220","704,455",20,225,"21,630","14,379","142,150","143,995","7,170",517,"4,640","2,579","29,630","30,100","57,620","12,232","74,810","93,802","1,840","2,712","1,630","1,091","31,490","75,389","39,050","275,225","39,890","287,455","323,400","1,158,762","63,590","189,283",0,0,"30,050","55,102","19,650","70,410","13,900","63,772","56,070","161,302","58,140","131,128","20,540","17,416","10,920","10,649","258,650","560,460","275,390","641,173",80,100,0,0,"79,320","93,024","253,550","609,024","252,230","601,268","1,820","7,757"
UT,5,"236,940","115,640","85,780","28,760","226,150","5,760","110,170","155,370","3,760","471,090","3,510","2,510",20,980,130,"30,570","49,320","14,624,147","236,940","14,719,440","206,970","12,038,313","68,300","126,185","4,260","12,679","31,430","99,690","28,030","52,167","7,500","5,411","34,800","241,655","28,640","72,668","17,790","262,941","38,560","995,586","1,820","6,160","40,940","35,930","649,872","14,310","164,855","10,720","4,037","50,290","95,293","4,770","1,290",190,"2,234","3,220","13,538","4,420","19,242","14,390","8,470","218,730","4,418,851","218,730","4,343,383","33,180","75,467","18,210","493,358","5,440","86,068","16,010","53,962","1,970","3,654","15,690","51,870","18,100","101,071","18,140","101,234","4,440","2,569","14,440","190,108",320,"3,416",630,"1,304",270,"1,892","12,660","101,289",500,"7,791","34,490","84,061","236,440","9,637,033","235,950","1,140,308",10,74,"15,030","21,027","105,460","227,231","9,410",967,"4,460","2,548","18,170","21,354","31,950","5,448","74,080","182,596","2,990","8,745","3,010","2,408","22,970","58,548","20,700","174,872","22,350","193,535","231,000","1,254,169","11,400","12,190",0,0,0,0,"4,600","3,738","6,800","8,452","9,660","9,772","27,680","65,826","10,800","9,281","5,020","6,964","206,440","913,077","214,250","979,030",80,72,0,0,"69,990","133,959","166,020","406,676","164,350","397,594","2,220","9,082"
UT,6,"166,230","51,390","98,550","13,000","158,750","4,010","82,830","98,690","3,290","410,060","1,240",720,0,520,0,"16,250","41,090","14,428,702","166,230","14,520,326","143,970","11,468,152","64,360","139,092","4,340","12,352","31,180","114,870","27,930","61,791","9,270","6,580","29,030","210,212","28,320","91,172","16,760","309,981","33,600","1,126,715","1,800","4,400","28,491","30,560","748,013","14,660","242,641","11,130","14,126","41,290","91,624","4,510","1,260",220,"2,763","3,020","15,777","3,200","16,386","11,110","5,640","143,350","3,383,206","143,350","3,319,933","26,690","63,273","22,880","655,824","4,970","79,097","21,250","92,466","1,450","3,503","20,350","65,344","22,810","152,398","22,840","152,170","5,660","3,223","18,730","247,548",320,"2,974",870,"1,478",320,"2,241","17,250","160,997",540,"8,968","32,260","99,740","166,070","10,293,410","165,850","1,322,068",20,508,"9,430","18,395","83,140","265,055","9,870","1,404","4,710","2,777","12,620","14,236",0,0,"66,590","224,942","2,990","13,494","3,550","2,977","19,320","51,717","11,690","105,132","12,730","123,166","162,880","1,295,886",0,0,0,0,0,0,0,0,0,0,0,0,"11,700","24,774","7,300","6,034","2,580","4,406","153,160","1,057,013","156,880","1,116,833",100,89,0,0,"59,860","154,793","105,830","330,963","104,180","319,823","2,250","11,140"
UT,7,"301,730","41,580","246,560","10,470","288,600","7,530","156,920","157,890","7,890","895,630",960,470,0,490,0,"18,680","77,160","41,562,869","301,730","41,839,373","267,340","32,725,080","157,520","464,145","13,110","54,231","85,370","442,396","77,450","251,627","24,500","19,185","61,180","533,733","79,290","544,773","37,090","1,108,630","65,810","2,878,318","4,130","6,730","43,224","52,610","1,678,447","42,640","1,190,971","26,380","127,152","90,630","276,504","12,480","3,837",990,"16,626","7,880","60,880","7,190","44,317","23,630","14,979","218,050","5,740,376","218,050","5,630,585","44,020","109,792","83,670","2,995,374","9,930","155,589","80,230","566,092","3,170","10,395","77,910","281,683","83,550","743,779","83,600","743,610","19,370","11,589","72,840","1,001,006","1,100","7,999","3,860","5,077","1,690","12,176","72,050","1,034,514","1,690","35,030","79,800","383,286","301,610","32,447,787","301,350","4,638,440",110,"2,075","11,470","38,738","181,160","686,965","28,670","6,457","14,210","9,110","24,710","27,905",0,0,"149,520","569,150","5,780","39,724","9,880","8,789","41,000","128,846","11,400","86,602","13,490","127,191","297,450","4,321,437",0,0,0,0,0,0,0,0,0,0,0,0,"5,160","13,560","15,190","12,741","2,020","4,341","295,510","3,951,475","297,410","4,106,860","2,640",857,780,274,"128,900","536,590","172,010","740,970","166,460","686,970","7,410","54,000"
UT,8,"97,900","7,970","87,200","2,080","93,780","2,480","62,540","37,780","3,940","313,340",60,30,0,20,0,"2,480","25,160","27,797,383","97,900","28,066,739","88,050","19,449,821","73,150","517,029","10,500","77,823","50,050","662,348","46,230","411,925","4,300","7,209","23,070","520,385","50,240","1,273,413","14,540","828,734","18,670","1,142,450","1,400","1,220","8,544","14,170","522,502","31,200","2,803,178","12,630","139,214","31,370","269,356","3,240",977,"1,700","52,784","6,780","87,023","2,120","20,484",0,0,"46,520","1,253,780","46,520","1,229,820","9,680","23,959","51,380","2,484,774","2,090","47,339","48,630","681,849","2,620","9,741","47,270","234,369","51,350","500,811","51,360","501,313","9,150","6,425","42,630","684,553",740,"7,229","2,760","2,814","2,930","32,752","46,840","1,145,189","1,630","61,735","45,750","613,811","97,850","23,449,282","97,810","4,389,422",250,"5,018","2,560","18,941","65,590","262,064","21,040","16,777","5,480","3,413",0,0,0,0,"50,240","193,808","1,580","15,648","3,700","3,630","18,260","99,771",0,0,"2,620","22,174","96,500","4,247,475",0,0,0,0,0,0,0,0,0,0,0,0,310,909,0,0,0,0,"97,610","4,127,358","97,770","4,322,476","39,750","29,546","45,080","45,819","50,120","614,525","47,410","526,878","40,750","379,433","8,310","147,445"
UT,9,"14,130","1,120","12,630",250,"13,620",320,"11,790","3,430",700,"46,130",0,0,0,0,0,90,"4,210","9,472,981","14,130","9,577,252","12,250","4,854,149","12,900","299,632","3,140","57,128","10,030","423,064","9,350","259,812",670,"2,555","3,660","187,251","10,540","1,043,294","2,240","162,317","1,980","141,815",300,80,610,"2,110","80,301","8,430","2,201,707","3,030","76,741","6,030","104,271",130,38,680,"31,215","2,070","32,814",370,"4,398",0,0,"4,330","115,980","4,330","113,265","1,120","2,715","9,800","789,493",100,"5,632","8,940","267,355",830,"2,917","8,740","70,649","9,800","95,863","9,800","95,986",990,"1,076","7,340","145,281",160,"2,481",610,616,"1,570","34,904","9,090","465,941",650,"37,960","9,010","289,023","14,120","8,281,622","14,120","1,999,955",190,"4,264",290,"2,621","6,800","34,519","5,220","14,445",530,314,0,0,0,0,480,879,240,"3,507",420,464,"3,790","34,540",0,0,290,"2,640","13,880","1,982,228",0,0,0,0,0,0,0,0,0,0,0,0,0,0,0,0,0,0,"14,100","1,965,436","14,130","2,088,221","8,570","26,558","12,360","57,662","7,490","362,727","6,540","248,274","3,900","113,319","3,120","134,955"
UT,10,"7,210",630,"6,370",120,"6,900",200,"6,710","1,210",390,"22,560",0,0,0,0,0,10,"2,550","22,499,384","7,210","22,604,246","5,970","5,097,372","6,980","1,171,762","2,600","173,580","5,810","1,418,360","5,440","895,281",330,"2,847","1,840","177,108","6,240","6,686,802",890,"95,110",860,"62,843",220,30,242,"1,170","46,296","5,760","6,866,191","2,280","159,720","3,650","104,862",30,8,490,"32,399","1,510","26,310",180,"2,154",0,0,"1,520","39,727","1,520","38,821",380,906,"5,690","1,888,512",20,664,"5,160","606,955",500,"1,673","4,730","74,855","5,690","55,740","5,690","61,175",450,762,"3,360","69,832",100,"1,977",290,316,"1,940","191,044","5,430","1,456,515",820,"102,136","5,440","1,108,609","7,200","19,467,670","7,200","5,634,524",900,"22,975",110,"1,066","4,260","128,013","3,550","57,758",120,76,0,0,0,0,0,0,120,"2,005",120,128,"2,380","53,124",0,0,110,"1,066","7,080","6,076,469",0,0,0,0,0,0,0,0,0,0,0,0,0,0,0,0,0,0,"7,190","5,506,510","7,210","5,856,045","4,090","42,554","6,640","242,663","3,140","769,984","4,020","967,926","1,460","249,608","2,960","718,318"
VT,0,"335,140","180,590","119,240","27,630","315,380","8,780","152,960","188,550","3,740","564,750","12,600","5,460",0,"7,140","1,160","35,810","114,550","28,073,381","333,310","28,463,566","259,950","17,844,265","140,200","489,094","18,200","122,382","86,540","1,146,133","80,220","783,981","4,140","3,737","60,630","1,122,641","72,350","1,708,218","49,490","1,100,669","67,790","1,759,925","3,870","10,340","55,810","67,190","1,366,675","21,040","1,630,758","22,780","142,983","86,860","390,185","8,320","2,472","3,170","72,721","12,670","96,102","9,200","52,193","22,630","18,569","310,380","6,098,392","310,380","5,917,549","80,300","180,842","19,250","794,637","5,620","166,925","16,940","328,582","1,800","2,068","16,330","151,474","18,910","159,920","18,920","160,609","2,280","1,972","13,370","167,038",360,"3,791",510,551,"1,170","23,201","12,960","244,247",860,"24,916","66,230","443,808","269,150","21,447,455","267,340","3,618,864",260,"4,235","11,880","22,753","113,270","248,784","32,370","21,349","11,740","6,720","10,800","11,941","17,110","3,514","64,260","148,451","3,290","17,561","9,310","10,970","48,950","195,516","18,190","135,910","19,120","152,934","308,800","3,994,469","33,920","71,068","12,440","4,223","11,090","26,537","7,020","26,012","3,370","14,294","27,280","58,732","20,310","36,973","7,350","6,587","6,340","10,554","247,610","3,370,081","263,130","3,653,884","10,110","15,223","13,660","57,199","87,180","455,282","228,820","788,394","218,230","587,170","14,370","201,223"
VT,1,"5,510","3,690","1,430",230,"3,720","1,020","2,940","1,130",80,"7,670",80,40,0,40,0,110,"3,170","-207,487","3,670","-204,036",920,"28,874","1,790","6,278",190,"1,088","1,180","6,463","1,060","3,986",20,31,"1,890","-40,355","1,550","7,853",400,"3,741",460,"4,327",400,40,421,0,0,690,"-63,852",910,"-8,754",820,"3,451",20,6,0,0,210,"1,219",50,268,170,166,0,0,0,0,0,0,0,0,0,0,0,0,0,0,0,0,0,0,0,0,0,0,0,0,0,0,0,0,0,0,0,0,0,0,0,0,0,0,80,162,0,0,70,33,30,15,0,0,0,0,0,0,0,0,10,7,0,0,0,0,470,935,290,"2,975",330,"2,893","1,940","7,811",280,363,200,55,40,91,40,131,20,86,160,246,130,334,90,87,210,419,50,147,580,"1,177",10,11,0,0,340,526,"1,770","7,151","1,640","6,122",170,"1,029"
VT,2,"38,150","31,710","4,150","1,800","34,620","1,760","13,900","17,090",190,"35,910","5,030","2,110",0,"2,920",500,"2,110","15,030","179,607","38,150","185,207","21,590","123,612","10,750","7,068",600,643,"5,170","8,308","4,630","4,602",90,49,"5,530","17,188","3,830","1,562","3,620","13,085","5,370","22,845",290,300,"1,097",350,735,540,"-4,501","1,190",847,"5,310","5,600",40,8,30,361,500,"1,380",140,520,530,470,"37,820","528,964","37,820","502,183","12,790","26,781",330,"9,304",250,"5,875",110,304,170,101,200,"1,315",300,"1,368",300,"1,347",30,63,160,"1,549",10,92,20,3,0,0,160,167,0,0,150,14,870,"1,814",840,420,0,0,220,95,260,34,170,8,0,0,30,11,10,4,20,9,0,0,0,0,"4,480","3,407",730,"5,979",770,"5,981","25,490","20,440","8,440","6,962","6,170","2,317","1,370","2,544",590,"1,344",300,756,"6,700","5,676","1,630","1,078",550,493,390,478,760,386,"5,500","3,964",0,0,0,0,"3,450","1,727","23,520","18,188","23,300","17,626",320,562
VT,3,"44,530","33,340","5,900","4,510","41,650","1,110","17,830","29,600",330,"55,140","2,620","1,180",0,"1,440",410,"6,280","14,770","760,304","44,530","775,666","31,180","497,883","12,550","15,521",980,"1,748","7,080","21,992","6,460","12,758",160,131,"8,610","77,534","5,560","7,397","5,590","42,007","8,130","81,333",430,"1,330","5,988","8,010","18,843","1,010",580,"1,920","4,898","9,430","15,362",220,53,70,482,"1,030","2,763",530,"2,204","1,350","1,173","43,960","738,419","43,960","712,597","12,040","25,822",570,"17,255",430,"11,126",240,547,270,165,360,"2,090",550,"2,395",550,"2,397",50,28,240,"2,095",0,0,0,0,20,32,290,888,30,512,"3,730","2,499","23,850","118,455","23,230","11,711",0,0,620,280,"6,060","1,819",830,46,120,33,"1,170",544,"2,300",500,"1,740",578,100,42,140,56,"7,480","13,396","2,310","18,427","2,350","17,861","39,620","88,287","12,160","31,304","6,080","1,851","3,440","13,100","1,830","10,836",820,"5,516","9,550","26,124","5,340","9,715","1,040",908,"1,320","1,444","19,410","9,892","24,720","23,653",0,0,0,0,"5,750","6,768","35,820","71,273","35,360","69,983",670,"1,291"
VT,4,"73,560","50,340","11,510","9,480","69,850","1,510","28,490","48,550",630,"106,630","2,840","1,470",0,"1,370",220,"11,930","18,910","2,781,580","73,560","2,818,328","61,170","2,172,997","20,390","27,204","1,700","4,320","11,220","42,382","10,250","24,810",480,305,"10,290","134,222","8,820","23,047","7,420","79,711","11,260","178,692",630,"3,370","16,676","14,040","123,719","1,920","9,852","2,910","5,289","15,780","36,748","1,080",284,200,"1,860","1,810","5,882","1,930","8,486","5,100","4,350","72,190","1,251,081","72,190","1,220,657","13,730","30,424","1,380","42,365",780,"22,823",930,"1,991",360,398,960,"6,005","1,320","7,139","1,330","7,402",150,139,700,"7,094",30,197,20,17,40,164,750,"3,260",50,"1,022","10,210","17,080","71,390","1,484,823","70,610","161,653",20,398,"4,040","2,924","24,950","24,431","3,380",266,"1,190",602,"2,750","2,921","9,940","2,100","12,910","17,021",380,446,820,682,"8,380","24,394","6,810","51,361","6,870","52,574","70,780","267,343","11,670","31,112",0,0,"6,250","10,802","3,820","13,154","1,600","7,156","9,800","25,687","9,090","17,911","1,400","1,178","2,340","3,151","59,920","137,222","62,970","162,377",10,12,0,0,"16,380","21,374","56,220","125,641","55,300","122,396","1,350","3,244"
VT,5,"56,480","34,070","14,090","6,240","53,870","1,060","24,340","35,890",610,"89,560","1,310",580,0,730,20,"7,690","17,130","3,468,581","56,480","3,511,483","47,720","2,633,199","21,400","33,227","2,050","6,750","12,100","59,316","11,090","36,135",920,591,"8,500","127,572","9,660","32,569","7,300","104,064","10,940","242,440",540,"2,050","11,488","12,610","231,311","2,040","18,267","3,190","6,221","15,130","42,902","1,690",465,250,"3,131","1,720","7,914","2,120","10,957","5,630","4,551","54,080","1,008,531","54,080","981,949","11,990","26,582","2,400","67,354","1,010","25,598","2,030","5,906",290,309,"1,930","12,285","2,330","15,405","2,330","16,088",370,304,"1,570","15,298",50,484,50,54,50,253,"1,310","6,756",100,"2,642","10,210","24,439","56,320","2,373,492","56,090","280,273",0,0,"2,950","4,613","19,670","33,971","4,460",537,"1,360",683,"1,930","2,280","4,850",910,"11,500","25,514",570,"1,412","1,370","1,458","6,610","22,586","4,110","28,484","4,070","31,570","55,400","334,401","1,380","1,327",0,0,0,0,740,547,640,780,"1,070",999,"3,010","5,606","1,010",906,"1,130","2,186","52,570","246,302","53,780","270,483",10,15,0,0,"15,090","28,425","41,110","91,852","40,080","87,889","1,530","3,963"
VT,6,"34,270","13,560","17,110","2,690","32,560",670,"17,210","18,900",430,"66,570",400,50,0,350,0,"3,310","13,240","2,971,690","34,270","3,008,874","28,250","2,076,823","17,050","33,428","2,030","6,987","10,270","66,002","9,510","41,358","1,000",686,"6,320","116,434","8,300","42,220","6,370","119,765","9,070","255,123",410,"1,160","6,720","10,010","245,684","1,980","21,869","2,840","7,658","10,070","37,184","1,200",347,280,"4,010","1,380","8,529","1,280","7,696","3,130","2,254","31,420","705,435","31,420","684,166","9,310","21,269","2,850","77,885",910,"23,856","2,570","10,750",210,243,"2,480","15,888","2,790","22,238","2,800","22,183",410,309,"2,080","19,504",50,370,60,42,60,298,"1,650","8,009",110,"3,174","8,590","26,023","34,180","2,165,461","34,080","281,851",0,0,"1,610","3,737","13,970","31,752","4,100",672,"1,400",775,"1,380","1,604",0,0,"8,920","23,665",480,"1,919","1,430","1,650","5,070","20,332","2,060","14,698","2,010","17,643","33,710","306,554",0,0,0,0,0,0,0,0,0,0,0,0,720,"1,368",840,726,480,"1,132","33,130","250,099","33,500","272,111",10,5,0,0,"12,060","31,439","22,080","65,324","21,000","60,546","1,490","4,778"
VT,7,"59,930","10,870","46,060","2,170","57,270","1,170","32,400","30,500",900,"144,020",310,30,0,280,0,"3,910","23,020","8,224,299","59,930","8,331,823","50,290","5,666,565","37,300","104,679","5,520","26,133","24,130","240,560","22,620","161,510","1,200","1,062","13,240","311,931","20,270","207,159","12,950","382,593","16,850","645,567",800,"1,740","10,691","16,510","531,410","6,100","145,393","5,950","41,865","21,720","107,524","3,370","1,104",980,"17,233","3,140","26,432","2,640","17,031","6,730","5,605","53,800","1,403,814","53,800","1,366,138","15,450","37,675","6,130","203,068","1,690","51,639","5,750","42,205",260,394,"5,430","41,964","6,040","56,074","6,040","55,865",790,566,"4,520","51,463",120,"1,077",150,139,230,"1,581","4,140","32,212",270,"8,093","20,190","91,657","59,820","6,530,001","59,720","933,995",20,107,"1,860","7,155","32,980","90,912","10,810","3,389","5,370","3,281","3,550","4,581",0,0,"21,770","61,094","1,180","7,321","3,730","4,548","10,680","55,279","1,890","13,986","2,200","19,700","59,330","960,528",0,0,0,0,0,0,0,0,0,0,0,0,350,881,"2,420","2,289",470,"1,744","59,100","843,083","59,380","903,627",630,158,230,80,"23,030","98,107","36,730","153,346","33,660","132,480","4,250","20,865"
VT,8,"19,010","2,490","15,920",430,"18,260",400,"12,590","6,330",450,"49,460",20,0,0,20,0,450,"7,670","5,397,017","19,010","5,488,815","15,820","3,246,924","15,450","100,650","3,790","34,070","12,280","293,384","11,630","208,804",210,292,"5,170","263,051","11,250","352,463","4,950","279,592","5,000","278,890",290,320,"2,520","4,800","181,383","4,700","388,981","2,840","44,567","6,850","91,798",660,191,"1,030","28,894","2,070","27,575",450,"4,276",0,0,"15,100","408,030","15,100","397,253","4,360","10,777","3,900","170,831",520,"23,160","3,680","72,924",180,327,"3,470","41,728","3,880","38,323","3,880","38,348",380,435,"2,930","48,418",70,846,140,239,360,"4,814","3,120","49,835",160,"4,695","10,560","111,202","19,000","4,707,327","18,990","878,404",50,696,450,"3,459","12,900","39,570","6,600","5,536","2,020","1,181",0,0,0,0,"7,370","20,544",480,"4,534","1,600","2,217","4,630","39,127",0,0,470,"4,255","18,850","897,154",0,0,0,0,0,0,0,0,0,0,0,0,30,80,0,0,0,0,"18,960","838,834","18,990","900,023","7,240","5,464","10,030","12,573","9,220","108,677","9,740","103,931","7,190","61,748","3,240","42,183"
VT,9,"2,650",330,"2,240",60,"2,570",50,"2,260",470,70,"7,070",0,0,0,0,0,20,"1,130","1,772,000","2,650","1,800,353","2,180","835,763","2,470","47,695",870,"16,724","2,160","136,422","2,070","99,012",30,61,790,"69,198","2,150","232,275",650,"51,280",500,"34,444",50,30,209,620,"23,975","1,320","320,414",690,"17,600","1,200","28,353",30,11,240,"10,071",510,"8,559",50,536,0,0,"1,570","42,424","1,570","41,247",490,"1,177","1,080","67,858",40,"2,848","1,030","54,900",50,102,970,"16,430","1,080","10,781","1,080","10,778",70,64,810,"15,297",30,495,40,55,210,"4,287",950,"30,803",60,"3,446","1,790","48,009","2,650","1,613,589","2,650","385,010",40,484,40,315,"1,650","7,695","1,340","2,888",230,132,0,0,0,0,20,19,70,"1,084",170,269,800,"8,921",0,0,40,315,"2,630","392,820",0,0,0,0,0,0,0,0,0,0,0,0,0,0,0,0,0,0,"2,650","377,316","2,650","405,150","1,590","4,799","2,390","13,192","1,380","58,768","1,270","45,477",560,"14,673",870,"30,804"
VT,10,"1,060",180,850,20,"1,020",20,990,110,40,"2,730",0,0,0,0,0,0,500,"2,725,790","1,060","2,747,053",830,"561,625","1,040","113,344",480,"23,919",950,"271,304",910,"191,006",20,529,290,"45,866",960,"801,673",230,"24,831",210,"16,264",30,0,0,240,"9,615",730,"793,755",340,"22,792",560,"21,263",10,3,100,"6,679",300,"5,849",20,219,0,0,440,"11,694",440,"11,359",150,335,620,"138,717",0,0,600,"139,055",20,29,530,"13,769",620,"6,197",620,"6,201",40,64,370,"6,320",10,230,20,2,210,"11,772",580,"112,317",70,"1,332",810,"122,885","1,060","2,452,493","1,060","685,385",150,"2,550",10,142,790,"18,585",700,"8,007",50,33,0,0,0,0,0,0,40,803,50,90,360,"7,139",0,0,10,142,"1,050","719,131",0,0,0,0,0,0,0,0,0,0,0,0,0,0,0,0,0,0,"1,060","666,800","1,060","711,319",620,"4,759","1,000","31,354",490,"99,471",570,"106,211",140,"13,707",490,"92,504"
VA,0,"4,168,070","2,042,480","1,503,720","492,370","3,876,810","146,710","1,862,910","2,513,040","60,500","7,720,780","66,820","29,700",370,"36,760","5,820","523,370","1,118,210","426,823,121","4,150,860","430,887,796","3,392,110","293,937,429","1,484,230","6,797,016","191,180","1,356,048","993,500","11,946,036","928,180","7,970,968","170,990","228,620","802,640","9,783,479","846,360","19,689,094","443,100","11,692,878","865,850","33,145,915","35,720","50,800","244,372","687,510","15,074,671","232,110","26,175,371","219,060","1,019,755","964,730","4,064,675","105,390","31,291","29,460","1,038,240","85,350","787,673","65,410","345,057","184,940","149,147","3,572,880","70,227,671","3,572,880","68,660,480","695,630","1,567,193","549,030","21,353,970","127,530","2,860,216","492,250","6,490,629","48,280","85,628","473,710","3,262,093","546,390","4,603,425","547,020","4,612,218","355,080","384,229","440,170","6,483,017","8,840","99,960","24,680","26,323","22,840","508,538","432,070","6,035,066","21,050","690,599","744,960","4,923,916","3,450,770","337,644,756","3,447,010","63,087,322","3,230","76,178","106,650","149,920","1,616,300","3,643,335","358,840","398,304","176,580","108,578","183,760","198,735","260,980","51,905","1,021,820","2,314,357","32,530","177,933","75,200","78,219","571,440","2,102,820","165,960","974,614","184,330","1,110,154","3,914,610","67,805,149","536,640","1,416,976","150,430","53,860","190,570","505,020","125,840","526,932","69,790","331,163","463,120","1,204,785","394,210","768,033","138,470","122,501","52,250","56,075","3,104,090","59,444,004","3,354,900","63,053,439","259,990","438,556","266,460","795,271","1,236,980","6,900,034","2,799,790","11,521,559","2,715,900","8,705,606","106,880","2,815,956"
VA,1,"45,990","30,430","11,420","2,160","30,770","7,080","22,680","14,560",770,"65,140",440,280,0,160,0,"2,040","19,800","-2,466,488","28,800","-2,404,892","9,180","462,519","11,340","77,046","1,120","13,003","7,800","99,557","7,010","73,860",560,"1,443","16,390","-470,821","10,370","101,920","2,240","38,832","3,500","61,956","2,330",240,"1,888",90,291,"6,300","-935,614","5,200","-118,842","6,410","61,596",220,65,70,"1,838","1,530","10,066",330,"1,729","1,190","1,342",0,0,0,0,0,0,0,0,0,0,0,0,0,0,0,0,0,0,0,0,0,0,0,0,0,0,0,0,0,0,0,0,0,0,0,0,0,0,"1,400","3,009",50,"2,382","1,300",358,430,648,40,2,0,0,50,21,30,13,160,88,0,0,10,5,"3,470","9,637","4,530","36,637","4,850","35,945","19,570","137,418","2,550","3,739","1,590",441,490,"1,238",290,"1,160",180,900,"1,720","2,719","1,550","4,062","1,970","1,878","2,580","3,378","1,030","2,361","5,420","14,724",350,392,0,0,"3,040","6,199","18,430","128,723","17,640","107,074","1,030","21,650"
VA,2,"379,880","318,310","28,930","25,520","329,890","29,790","160,620","198,400","2,640","360,620","11,100","5,340",10,"5,750","1,900","32,150","76,830","1,899,775","379,870","1,952,755","235,220","1,528,268","65,150","46,095","3,390","4,740","35,930","55,123","32,450","33,141","1,430","1,194","106,860","237,642","27,580",-145,"15,480","63,116","32,480","154,854","1,690","2,310","10,348","3,310","7,827","4,200","-30,993","6,200","-2,548","91,390","52,980",690,171,120,"1,253","3,030","9,194","1,000","3,379","3,630","3,470","375,850","4,943,720","375,850","4,817,083","60,720","126,637","3,950","95,700","2,740","51,238","1,380","3,857","1,650","1,011","2,300","11,815","3,600","14,779","3,620","14,962","1,660","1,266","1,990","23,462",60,488,90,30,80,245,"1,950","3,185",110,883,"1,590",394,"10,670","21,531","12,300","3,375",0,0,"4,610","1,249","3,400",445,"1,680",87,20,6,340,85,180,25,520,190,30,11,40,16,"85,150","54,332","14,350","91,728","15,220","93,536","261,220","237,872","103,230","97,753","73,350","29,462","18,750","39,165","7,560","19,016","3,570","10,111","83,730","82,707","25,360","18,215","11,470","10,422","5,360","4,415","10,670","2,932","98,310","58,912",40,115,0,0,"75,100","36,462","236,890","215,125","235,470","210,750","1,770","4,375"
VA,3,"587,370","397,140","63,000","112,300","547,670","20,830","244,830","442,760","4,190","851,580","15,710","7,960",40,"7,720","2,280","114,110","124,720","10,147,276","587,370","10,322,885","443,610","7,735,183","93,580","114,736","5,500","11,049","48,310","130,214","43,860","77,396","4,120","3,720","146,020","1,026,030","39,910","36,587","32,430","250,992","76,770","829,045","2,920","8,380","42,270","65,170","163,343","9,330","-13,508","11,860","15,074","135,160","175,609","3,730",980,270,"1,842","5,700","17,365","3,890","13,293","10,480","9,755","576,940","9,729,635","576,940","9,529,463","95,740","200,172","10,390","266,048","7,080","131,118","5,520","10,159","3,630","2,517","6,360","30,419","10,000","40,499","10,040","41,522","5,100","3,810","5,440","61,236",110,"1,011",200,103,180,965,"6,280","25,120",400,"4,504","42,540","26,538","314,170","1,528,725","314,350","154,951",20,310,"11,680","3,640","108,570","32,922","5,480",292,"3,800",962,"22,930","10,542","39,790","8,191","39,980","12,161",530,252,800,343,"115,610","217,272","36,860","221,616","38,080","222,205","535,490","1,501,143","211,720","713,711","75,490","23,957","71,720","276,623","42,640","260,984","21,880","152,146","183,260","600,657","129,970","247,215","26,010","23,358","14,500","11,750","237,830","122,031","331,910","344,454",110,114,20,416,"77,740","97,518","487,050","1,252,164","484,850","1,244,710","2,960","7,454"
VA,4,"864,890","520,430","137,920","171,720","814,010","25,200","349,560","628,230","7,400","1,419,710","20,320","10,210",120,"9,980","1,520","164,820","179,610","31,987,182","864,890","32,275,720","744,840","26,803,924","163,270","220,503","10,290","25,716","84,520","266,118","77,090","163,853","15,290","14,175","133,710","855,972","68,880","109,357","51,080","559,616","126,680","2,163,491","4,620","12,760","59,629","127,080","1,107,103","17,780","91,005","20,400","1,331","151,610","288,538","12,580","3,419",740,"6,867","9,390","36,206","13,060","48,575","36,290","31,324","828,520","14,722,154","828,520","14,460,294","121,440","261,860","36,340","980,873","21,770","397,704","27,530","55,085","6,890","7,875","22,370","95,335","35,700","157,964","35,800","163,987","20,920","17,364","19,920","218,674",410,"3,845",670,"1,076",440,"2,205","26,410","171,528","1,520","17,826","96,720","142,540","840,580","16,278,293","836,560","1,768,808",30,332,"37,780","25,698","381,330","392,022","20,840","1,890","28,350","17,405","52,390","56,061","160,050","33,229","224,970","269,696","4,310","6,424","5,650","4,514","85,440","226,558","62,320","348,244","63,700","366,250","834,590","3,223,646","198,140","580,635",0,0,"99,610","187,994","65,010","237,714","33,530","154,927","176,770","501,889","172,230","367,124","32,680","28,134","18,970","19,581","643,370","1,376,787","688,290","1,618,317",200,271,10,5,"178,520","237,650","678,030","1,838,662","673,980","1,821,418","5,760","17,244"
VA,5,"602,070","331,140","157,820","84,030","566,240","16,770","256,070","399,970","6,990","1,042,630","10,300","4,080",60,"6,170",130,"88,240","158,700","37,109,643","602,070","37,401,866","516,640","29,666,554","178,360","287,631","14,150","40,579","100,520","380,014","92,710","238,107","27,900","26,467","88,430","646,593","80,500","185,336","54,620","773,388","122,670","3,112,290","4,590","7,320","32,925","114,000","2,064,383","18,210","174,558","23,800","-5,015","136,480","292,223","21,210","5,954",990,"11,572","8,430","43,758","13,320","59,737","46,330","39,204","546,200","10,395,900","546,200","10,171,242","103,530","224,659","55,860","1,567,894","25,010","487,169","48,430","140,171","6,140","8,784","42,410","176,493","55,440","322,808","55,560","328,462","35,100","27,959","38,800","418,455",840,"7,419","1,450","2,557",630,"2,806","41,130","293,273","2,120","26,797","85,760","178,165","599,760","25,033,656","598,370","2,968,247",40,230,"23,460","34,383","234,940","460,145","30,250","3,697","19,930","12,201","34,410","42,168","60,920","10,447","161,040","356,230","6,040","17,481","9,000","8,773","56,360","163,041","26,600","164,954","30,810","195,921","590,360","3,430,685","21,000","21,138",0,0,0,0,"10,360","8,058","10,640","13,079","17,640","16,813","47,940","95,379","19,310","17,093","6,770","9,727","546,280","2,508,102","559,680","2,690,933",220,252,20,6,"168,230","321,115","431,400","1,055,106","426,260","1,031,877","7,140","23,230"
VA,6,"412,080","180,990","175,080","40,330","386,380","11,530","188,160","241,810","6,250","800,820","4,430","1,070",40,"3,320",0,"45,770","129,880","35,773,739","412,080","36,019,592","346,920","27,083,604","167,280","331,985","16,170","50,521","103,750","483,192","96,190","309,623","32,870","30,553","64,750","557,099","83,800","253,090","53,200","970,672","108,740","3,644,694","4,200","5,090","23,169","95,820","2,313,278","18,120","241,580","24,960","5,079","95,340","245,853","13,600","4,013","1,130","15,297","7,220","46,255","8,180","44,261","29,680","18,164","349,280","7,516,703","349,280","7,331,782","82,040","184,922","62,790","1,785,812","20,280","407,782","57,450","232,345","4,570","7,997","53,210","235,803","62,540","458,744","62,620","458,342","40,980","31,504","49,180","538,373",990,"8,960","1,980","2,471",840,"3,529","46,520","337,073","2,100","28,441","76,720","181,817","411,050","26,320,972","410,380","3,518,687",40,547,"12,150","25,885","167,180","410,995","34,040","5,191","16,760","10,727","22,370","25,724",0,0,"120,500","321,970","5,260","23,544","9,470","9,623","42,110","136,039","12,310","69,593","14,600","94,778","406,460","3,705,534",0,0,0,0,0,0,0,0,0,0,0,0,"11,110","20,892","13,170","11,112","2,510","4,303","397,640","3,107,694","401,530","3,264,801",320,268,30,4,"147,960","362,231","262,620","796,481","256,640","766,400","7,980","30,081"
VA,7,"818,340","213,780","538,460","45,350","768,800","22,280","382,220","431,190","16,890","1,902,410","4,110",700,80,"3,320",0,"63,210","278,030","114,540,074","818,340","115,337,777","693,750","83,942,650","450,490","1,273,745","58,080","229,756","313,840","2,186,267","293,690","1,460,552","66,100","68,362","145,510","1,901,415","262,350","1,448,431","140,490","3,925,006","256,850","12,572,340","9,600","9,590","45,237","195,340","6,118,982","59,010","1,304,850","68,250","221,469","215,220","797,703","37,110","11,824","5,680","102,098","19,070","162,060","19,390","117,443","57,350","45,888","628,370","15,689,495","628,370","15,289,743","164,100","399,752","189,960","6,195,647","38,060","889,807","177,910","1,233,609","10,550","23,038","170,940","932,648","189,560","1,732,641","189,750","1,720,488","125,730","112,621","160,300","2,114,687","3,110","29,656","8,090","10,094","4,100","21,669","147,130","1,305,908","5,920","101,755","219,270","691,054","817,330","91,999,537","816,590","13,896,013",290,"3,169","12,780","42,913","419,640","1,147,054","118,040","26,363","55,450","36,155","51,270","64,134",0,0,"299,670","852,944","10,710","73,648","28,420","30,115","98,150","399,910","8,990","41,842","14,130","84,648","811,760","13,871,408",0,0,0,0,0,0,0,0,0,0,0,0,"5,290","13,302","33,860","30,504","1,560","2,921","810,540","12,748,970","812,550","13,226,790","17,130","4,438","5,460","1,394","339,500","1,331,971","476,460","1,951,184","455,160","1,796,634","28,170","154,550"
VA,8,"388,790","43,680","331,250","9,500","367,450","11,270","204,720","142,400","12,540","1,075,080",420,60,20,340,0,"12,640","127,540","111,756,124","388,790","112,797,012","342,620","79,923,088","291,280","1,599,228","59,230","382,350","241,010","3,411,299","229,310","2,351,576","18,510","29,947","82,910","2,881,949","216,400","3,429,048","79,660","3,973,370","123,710","9,261,764","4,440","4,570","25,070","75,300","2,831,607","64,690","4,320,347","42,860","377,715","103,470","1,040,888","15,390","4,613","11,900","352,461","18,990","241,438","5,220","44,943",0,0,"241,470","6,519,487","241,470","6,368,119","60,850","151,368","147,320","6,110,871","11,870","434,445","135,290","2,067,302","11,390","26,228","136,630","1,162,166","147,170","1,454,202","147,250","1,454,414","98,920","130,211","130,150","2,379,973","2,360","30,127","8,860","8,303","7,750","68,946","124,150","1,559,902","5,330","165,439","175,770","1,165,512","388,590","97,977,077","388,440","18,724,182",670,"8,699","2,590","13,948","257,570","734,609","112,110","62,051","45,260","26,873",0,0,0,0,"174,490","500,426","4,830","45,657","18,950","21,340","64,040","461,274",0,0,"2,630","15,011","386,870","18,345,775",0,0,0,0,0,0,0,0,0,0,0,0,770,"1,844",0,0,0,0,"388,150","17,989,573","388,550","18,851,168","189,240","146,000","199,170","175,344","210,910","2,036,357","176,580","1,493,266","150,710","1,088,856","32,350","404,410"
VA,9,"49,620","4,640","43,420","1,090","47,370","1,420","36,900","10,660","2,070","146,970",0,0,0,0,0,360,"16,050","32,900,926","49,620","33,431,784","43,520","20,025,460","45,090","705,317","14,550","206,066","40,710","1,618,132","39,270","1,117,267","2,780","12,448","12,890","1,108,961","39,500","2,291,306","10,320","799,609","11,100","1,039,095",860,460,"3,135","8,160","331,958","21,170","4,837,454","9,670","184,457","19,490","530,858",730,214,"5,070","256,135","6,950","119,044",720,"8,003",0,0,"20,920","567,711","20,920","553,582","5,690","14,129","28,700","1,637,307",630,"48,869","25,980","936,525","2,600","5,946","26,860","345,905","28,680","285,323","28,680","287,363","18,420","35,792","24,490","515,003",610,"11,001","2,270","1,216","4,300","73,930","25,550","595,610","1,720","102,787","31,760","510,975","49,600","30,188,333","49,600","7,523,868",530,"12,894",240,"1,460","29,680","98,519","24,170","55,471","5,750","3,428",0,0,0,0,490,652,590,"6,935","2,300","2,804","13,690","184,083",0,0,250,"1,463","49,340","7,627,802",0,0,0,0,0,0,0,0,0,0,0,0,0,0,0,0,0,0,"49,580","7,425,349","49,610","7,914,285","37,960","120,947","43,840","159,753","28,100","1,009,324","21,260","702,402","11,690","268,495","11,210","433,908"
VA,10,"19,040","1,960","16,420",370,"18,240",520,"17,140","3,070",770,"55,830",0,0,0,0,0,30,"7,060","53,174,870","19,040","53,753,297","15,820","16,766,179","18,410","2,140,730","8,690","392,268","17,120","3,316,120","16,600","2,145,593","1,430","40,311","5,180","1,038,639","17,080","11,834,164","3,590","338,277","3,370","306,386",480,70,701,"3,250","135,899","13,310","16,185,692","5,860","341,035","10,160","578,427",130,38,"3,500","288,877","5,060","102,287",310,"3,694",0,0,"5,330","142,866","5,330","139,172","1,520","3,694","13,710","2,713,818",90,"12,084","12,770","1,811,576",870,"2,232","12,640","271,509","13,700","136,465","13,700","142,678","8,260","23,702","9,920","213,154",360,"7,453","1,080",473,"4,520","334,243","12,940","1,743,467","1,850","242,167","14,830","2,026,921","19,030","48,296,632","19,030","14,526,182","1,570","47,615",70,386,"13,560","365,976","12,210","243,260","1,260",821,0,0,0,0,0,0,220,"3,981",560,686,"7,420","250,674",0,0,70,397,"18,950","15,723,866",0,0,0,0,0,0,0,0,0,0,0,0,0,0,0,0,0,0,"19,010","14,160,205","19,040","15,069,055","14,430","165,759","17,920","458,349","7,880","1,461,207","11,070","2,088,446","3,520","369,392","8,530","1,719,054"
WA,0,"3,781,890","1,898,250","1,436,910","374,860","3,539,900","108,460","1,536,410","2,235,210","72,120","6,980,250","56,800","17,170",210,"39,420","3,390","406,380","1,012,570","434,342,159","3,765,130","437,556,944","3,043,180","304,323,522","1,512,680","7,422,376","206,700","1,630,935","976,220","14,545,104","901,960","9,606,391","10,430","18,295","551,140","9,735,429","885,750","22,530,570","427,330","12,192,335","695,710","23,509,478","21,300","209,770","1,819,470","633,500","14,063,008","227,260","21,700,398","234,490","2,235,559","746,220","3,214,785","73,930","22,434","22,000","586,416","95,470","818,989","60,540","333,553","148,830","97,714","3,289,800","65,314,772","3,289,800","63,814,443","661,130","1,500,334","445,460","19,684,922","87,850","2,240,861","40,320","692,421","353,410","1,204,851","400,860","3,478,652","438,670","3,504,175","439,300","3,558,356","165,930","136,374","363,050","6,364,017","10,580","139,812","29,460","40,671","23,460","747,424","314,980","4,975,821","32,530","1,586,124","723,720","5,338,873","3,241,970","350,523,785","3,231,340","67,624,954","4,350","88,134","90,080","151,576","1,430,740","3,562,164","381,430","611,975","114,220","68,253","144,230","148,240","169,890","34,654","873,250","2,113,462","23,200","136,945","59,010","70,875","420,170","1,752,915","119,180","598,626","135,280","703,372","3,565,360","71,110,050","371,450","877,766","116,540","40,113","120,640","296,658","82,350","316,007","51,920","224,992","314,460","746,436","275,010","546,051","103,200","87,188","44,690","69,832","2,972,800","64,062,635","3,113,300","67,623,149","289,740","552,002","290,770","1,012,355","1,105,410","7,647,832","2,541,700","10,988,928","2,446,430","8,038,760","119,330","2,950,166"
WA,1,"46,320","30,230","12,720","2,010","30,650","7,670","22,700","12,700","1,120","66,970",410,170,0,240,0,"1,340","21,950","-2,609,872","29,580","-2,565,229","8,780","461,016","14,320","93,832","1,710","12,022","9,220","79,269","8,200","44,474",60,162,"14,630","-468,701","12,710","302,701","2,420","39,918","3,420","51,048","1,660",460,"4,777",100,358,"7,430","-1,375,410","6,650","-256,931","6,200","44,643",160,47,70,"1,363","1,770","13,101",330,"2,121","1,110","1,114",0,0,0,0,0,0,0,0,0,0,0,0,0,0,0,0,0,0,0,0,0,0,0,0,0,0,0,0,0,0,0,0,0,0,0,0,0,0,970,"2,243",70,"1,546",830,285,350,178,30,2,0,0,30,11,20,15,110,81,0,0,0,0,"3,390","10,374","3,030","25,373","3,200","24,100","18,360","144,656","2,370","3,178","1,550",436,400,937,250,998,180,808,"1,630","2,336","1,620","4,560","1,520","1,402","1,820","3,128",680,"2,065","4,770","14,214",320,342,0,0,"2,600","5,302","17,330","135,607","16,220","108,022","1,430","27,585"
WA,2,"278,840","227,290","28,430","18,950","251,210","11,660","93,210","153,370","2,780","281,880","10,700","3,240",0,"7,460","1,240","22,230","76,900","1,407,498","278,830","1,444,523","174,220","1,095,234","71,430","57,921","4,940","8,791","36,010","65,295","31,760","34,448",160,154,"47,540","133,378","29,400","-4,574","16,580","69,667","30,410","144,642",860,"3,090","15,014","3,440","6,019","4,300","-32,689","6,880","-2,203","42,790","37,025",420,102,100,762,"2,830","8,663",820,"2,781","2,730","2,058","274,830","3,815,576","274,830","3,684,087","62,490","131,490","3,930","110,017","2,790","55,581",200,"1,130","2,990","3,675","2,650","17,137","3,600","18,749","3,620","18,850",790,528,"2,230","28,720",50,743,180,113,120,542,"1,780","2,566",170,"1,579","1,160",154,"7,490","15,749","7,960","2,510",0,0,"2,500",878,"2,290",320,"1,290",71,10,5,200,49,100,24,300,115,20,14,40,19,"38,140","27,886","7,980","53,624","8,300","52,890","203,100","190,067","81,000","70,712","57,460","21,783","14,350","26,828","6,040","13,865","3,160","8,237","66,570","60,057","17,790","12,893","8,070","7,133","3,940","3,805","6,990","2,190","47,350","31,348",20,24,0,0,"30,320","15,608","186,800","173,477","185,100","167,799","2,120","5,678"
WA,3,"443,720","323,260","53,550","59,290","409,870","13,790","161,650","321,930","4,460","595,690","11,640","3,630",30,"7,990","1,140","66,780","105,220","7,716,519","443,720","7,841,328","327,960","5,567,766","95,500","132,121","8,060","17,792","49,310","158,857","43,760","80,167",300,332,"76,180","668,176","43,100","38,747","32,970","269,406","63,940","714,413","1,380","16,000","105,418","59,100","150,144","8,610","-18,428","12,720","32,489","77,650","124,809","1,770",443,310,"2,205","5,330","17,558","2,920","10,588","7,630","5,459","434,290","7,249,271","434,290","7,073,121","83,140","176,150","9,380","277,436","6,600","136,345",440,"1,352","6,950","9,831","6,250","37,748","8,620","45,928","8,720","53,515","2,500","3,593","5,030","61,194",160,"1,864",360,223,240,"1,135","5,220","15,614",540,"6,841","30,700","19,014","248,650","1,245,917","245,230","124,398",10,119,"5,430","2,139","75,220","24,145","6,480",398,"1,500",325,"21,480","10,462","24,120","5,109","23,710","7,330",270,136,490,194,"64,360","120,791","19,560","110,991","19,310","104,725","397,830","975,757","132,090","387,796","57,530","17,894","39,330","149,018","22,630","135,384","12,600","85,501","110,850","330,356","71,120","133,647","20,290","17,810","11,450","11,616","193,450","100,258","242,370","224,589",60,63,0,0,"51,170","59,880","366,510","809,891","363,780","799,534","3,640","10,357"
WA,4,"748,280","486,780","121,570","121,970","704,400","19,020","271,160","530,520","8,280","1,182,880","15,810","5,560",80,"10,170",910,"120,950","157,140","28,036,339","748,280","28,290,981","622,970","22,445,908","165,050","253,606","14,390","42,454","83,780","325,838","75,310","172,331",730,810,"88,320","1,048,789","72,860","129,411","51,560","612,836","105,620","1,925,753","2,260","43,300","291,331","115,140","1,046,274","16,240","65,564","21,040","41,059","113,890","254,642","5,750","1,501",930,"8,783","10,510","40,300","11,140","43,803","26,630","17,356","722,080","12,668,752","722,080","12,425,896","110,880","242,857","26,140","794,027","14,740","330,217","1,680","6,170","19,350","36,022","18,640","108,730","24,530","144,718","24,650","153,167","8,600","13,410","15,540","196,405",550,"6,497","1,050","1,627",500,"2,909","16,230","74,376","1,660","26,603","86,090","135,482","725,680","14,588,594","720,430","1,583,464",20,246,"29,000","20,315","287,630","297,418","25,420","2,714","13,900","6,945","40,790","43,788","99,630","21,310","167,840","213,507","2,090","3,003","3,310","2,856","67,570","200,828","45,750","209,533","44,430","213,462","715,600","2,740,410","137,470","397,371",0,0,"66,560","119,875","44,750","159,059","26,160","118,437","119,910","338,845","123,930","269,205","24,240","20,071","15,930","22,795","581,900","1,286,048","611,660","1,497,985",160,191,30,7,"152,760","206,041","585,150","1,444,613","579,340","1,421,522","7,870","23,091"
WA,5,"584,830","344,050","146,580","78,590","552,850","13,740","219,480","394,300","8,190","996,310","9,670","3,170",40,"6,460",110,"81,390","150,220","36,125,268","584,830","36,397,207","488,510","28,177,614","180,560","316,294","18,450","62,207","98,340","446,899","89,200","241,887","1,250","1,534","66,580","919,262","84,250","216,876","56,030","883,250","106,590","2,750,338","2,300","35,550","281,136","108,090","2,023,220","17,810","191,517","24,350","59,116","108,920","271,939","8,370","2,334","1,110","13,122","10,250","51,512","12,710","57,672","37,150","25,072","544,240","10,201,822","544,240","9,978,434","101,190","223,389","40,550","1,203,298","15,710","370,260","3,200","14,597","31,190","66,414","33,270","191,022","39,330","247,020","39,410","252,827","14,260","12,679","29,290","380,256","1,100","13,449","2,030","5,141",690,"4,172","25,160","129,325","2,660","46,597","84,180","198,298","582,400","24,589,607","580,770","2,919,350",40,505,"20,780","30,546","215,480","415,279","35,750","5,383","11,770","6,769","25,950","29,867","46,020","8,196","145,380","336,867","3,360","10,104","5,860","6,327","48,830","176,624","21,990","109,862","25,630","132,309","570,990","3,428,564","18,510","18,709",0,0,0,0,"8,690","6,701","9,820","12,009","15,500","14,842","43,830","90,196","14,010","11,690","5,960","12,436","533,430","2,504,071","544,620","2,696,764",190,168,20,8,"150,560","309,721","431,420","1,027,661","424,120","995,294","9,640","32,367"
WA,6,"410,040","190,890","169,030","40,660","386,720","9,940","167,250","242,910","6,990","788,470","4,490",940,20,"3,530",0,"43,370","126,900","35,600,087","410,040","35,849,750","335,570","26,385,862","170,090","361,361","19,390","70,290","98,680","522,053","90,210","296,267","1,600","1,914","52,520","830,223","84,470","301,866","54,740","1,133,111","95,380","3,167,149","2,320","28,250","251,397","94,870","2,359,853","18,340","278,478","25,970","86,474","84,160","249,663","10,000","2,851","1,250","18,062","9,230","56,428","8,050","43,729","25,510","12,782","362,520","7,665,720","362,520","7,472,869","84,530","192,851","47,500","1,416,520","13,690","325,689","4,200","23,906","37,010","89,766","41,330","240,039","46,650","316,295","46,720","320,928","18,050","12,503","37,290","504,141","1,200","14,910","2,560","5,585",810,"4,443","30,620","172,952","3,370","66,675","77,810","220,694","408,960","26,332,397","408,170","3,534,898",60,622,"11,840","25,723","161,560","394,690","37,990","7,539","9,910","6,072","16,650","18,243",0,0,"113,420","319,363","3,390","15,476","6,980","7,963","38,730","157,616","11,130","49,392","13,530","69,655","402,660","3,777,408",0,0,0,0,0,0,0,0,0,0,0,0,"11,100","21,641","9,650","7,704","2,830","7,554","395,350","3,140,208","398,980","3,316,017",300,335,30,14,"140,110","359,452","268,040","814,174","260,200","775,987","9,990","38,187"
WA,7,"798,150","218,710","526,000","41,900","754,880","19,970","346,310","420,440","19,060","1,831,680","3,770",430,40,"3,300",0,"58,770","256,350","111,566,500","798,150","112,339,606","666,280","81,909,867","439,750","1,270,389","58,850","260,129","285,340","2,075,488","263,490","1,232,852","3,720","5,401","120,440","2,413,697","251,820","1,640,401","133,590","4,411,104","205,620","9,279,081","6,330","56,140","540,756","183,320","5,886,918","59,620","1,624,504","69,860","514,065","191,790","773,106","31,170","9,752","5,350","92,692","23,880","197,255","18,050","110,319","48,070","33,873","659,930","16,167,547","659,930","15,771,665","162,620","395,883","138,190","4,778,012","25,950","672,865","12,450","90,680","110,140","335,000","126,840","851,146","136,790","1,067,091","136,930","1,077,329","55,230","35,599","116,280","1,875,439","3,120","35,882","8,740","13,314","3,600","25,651","97,140","762,738","10,990","311,994","213,130","854,205","797,270","89,798,309","796,420","13,580,733",380,"5,304","15,110","48,298","394,700","1,092,187","116,510","37,636","35,750","23,088","39,120","45,820",0,0,"274,050","813,370","8,270","55,504","22,520","27,220","89,330","439,569","9,740","39,851","16,240","81,470","788,950","13,716,477",0,0,0,0,0,0,0,0,0,0,0,0,"4,940","12,420","25,430","21,378","2,770","8,498","790,170","12,488,546","792,190","12,994,698","13,940","3,532","3,150","1,085","322,830","1,309,649","472,220","2,007,574","447,290","1,814,990","32,170","192,583"
WA,8,"381,320","67,370","300,920","9,580","362,630","10,350","193,360","141,570","16,290","979,760",320,40,0,270,0,"11,090","96,100","111,273,945","381,320","112,117,286","338,590","83,007,417","291,710","1,587,252","53,930","367,790","238,620","3,114,846","225,880","1,985,263","1,930","3,366","67,080","2,492,337","229,010","4,491,964","64,540","3,652,564","73,490","4,626,988","3,120","22,790","274,494","58,290","2,158,780","61,560","4,848,238","46,470","755,435","92,730","843,341","15,340","5,115","8,250","236,121","20,330","249,873","5,230","47,472",0,0,"252,320","6,493,524","252,320","6,374,050","48,810","119,475","128,990","5,575,436","7,820","298,138","10,890","136,916","105,780","455,507","122,990","1,170,303","128,440","1,171,841","128,520","1,180,331","50,510","40,150","114,640","2,355,254","3,070","42,081","10,000","11,319","7,860","84,130","96,950","1,101,358","8,960","496,733","171,400","1,309,756","381,170","97,902,909","381,050","19,120,839",900,"15,169","3,970","19,877","237,990","710,763","112,000","112,447","31,510","19,358",0,0,0,0,"148,030","422,276","4,450","37,080","15,900","20,878","52,870","378,679",0,0,"4,030","21,181","378,180","18,778,817",0,0,0,0,0,0,0,0,0,0,0,0,700,"1,489",0,0,0,0,"380,600","18,410,076","381,030","19,219,590","205,710","169,652","206,150","192,272","202,300","2,110,376","177,280","1,633,965","150,990","1,176,963","32,300","457,002"
WA,9,"67,020","7,030","58,220","1,340","64,270","1,740","42,580","13,740","3,740","190,680",0,0,0,0,0,410,"14,500","44,630,153","67,020","44,980,649","60,390","30,621,114","61,640","876,304","17,320","216,444","56,130","1,835,306","54,090","1,212,759",440,"1,415","12,730","839,660","56,890","3,650,082","11,040","715,897","8,390","590,261",640,"3,590","46,900","7,690","295,398","20,640","4,529,107","13,220","348,023","18,920","350,496",800,243,"3,120","131,766","6,760","105,578",890,"10,309",0,0,"31,360","834,602","31,360","821,036","5,540","13,566","35,660","2,050,555",480,"37,652","3,940","98,299","28,870","148,792","34,440","491,915","35,600","344,765","35,620","347,137","12,450","12,069","31,550","712,811",880,"15,249","3,210","2,571","4,890","93,916","28,570","579,802","2,260","258,426","41,500","632,784","67,000","41,113,424","67,000","10,266,920",750,"16,739",470,"2,680","39,580","172,593","32,020","113,854","8,100","4,653",0,0,0,0,410,553,960,"9,385","3,090","4,273","11,380","122,891",0,0,480,"2,727","66,500","9,915,988",0,0,0,0,0,0,0,0,0,0,0,0,0,0,0,0,0,0,"66,910","10,094,165","66,990","10,633,077","52,430","177,470","59,460","216,404","41,480","1,491,873","25,010","749,701","15,050","335,346","11,590","414,354"
WA,10,"23,370","2,650","19,890",570,"22,420",610,"18,710","3,740","1,210","65,940",0,0,0,0,0,60,"7,300","60,595,722","23,370","60,860,843","19,910","24,651,724","22,630","2,473,296","9,670","573,016","20,810","5,921,253","20,070","4,305,943",250,"3,207","5,130","858,608","21,240","11,763,096","3,870","404,582","2,870","259,805",440,610,"8,247","3,460","136,044","12,700","11,589,517","7,340","658,032","9,170","265,121",150,46,"1,510","81,540","4,580","78,721",410,"4,759",0,0,"8,240","217,958","8,240","213,285","1,930","4,673","15,130","3,479,621",90,"14,114","3,340","319,371","11,130","59,844","14,460","370,612","15,110","147,768","15,110","154,272","3,530","5,843","11,190","249,797",460,"9,137","1,350",778,"4,760","530,526","13,310","2,137,090","1,930","370,676","17,740","1,968,486","23,350","54,936,879","23,350","16,489,599","2,130","47,884",140,835,"15,930","454,591","13,940","331,931","1,770","1,038",0,0,0,0,0,0,400,"6,243",820,"1,145","5,580","117,657",0,0,140,853,"23,190","17,441,906",0,0,0,0,0,0,0,0,0,0,0,0,0,0,0,0,0,0,"23,320","16,035,008","23,360","16,994,867","16,610","200,225","21,930","602,565","11,280","1,779,930","11,940","2,192,265","4,330","443,303","8,580","1,748,962"
WV,0,"777,490","366,390","299,280","92,370","729,120","23,240","340,070","522,300","5,270","1,448,960","20,090","14,950",20,"5,110","2,540","133,310","236,290","52,990,473","772,480","53,386,537","618,960","37,444,317","210,310","603,375","17,750","95,587","107,730","815,418","99,160","572,259","6,980","7,163","95,620","1,260,913","87,130","1,552,979","78,490","1,490,451","187,800","4,734,579","15,150","24,080","114,761","156,810","2,700,856","26,180","1,913,729","56,620","805,170","130,270","396,064","16,710","5,074","2,420","65,790","9,010","80,338","8,470","41,662","30,680","21,777","741,410","15,032,870","741,410","14,639,376","174,100","393,491","25,570","1,074,408","6,280","168,015","23,630","327,374","1,590","3,018","20,530","60,948","25,380","193,828","25,410","193,782","13,490","9,600","17,850","214,553",310,"2,629",620,"1,370",910,"18,448","18,380","331,351","1,920","143,664","80,440","490,273","604,930","38,067,674","604,180","6,019,212",250,"5,751","11,830","18,041","258,620","499,701","28,860","8,470","14,650","8,295","27,750","28,583","54,130","11,017","184,670","403,887","1,920","9,014","8,400","8,093","72,780","244,421","21,750","254,600","22,850","273,853","730,400","7,066,054","126,970","328,620","36,390","12,689","45,170","119,419","28,620","117,882","16,790","78,630","113,920","297,707","84,510","160,726","20,750","17,030","6,080","7,410","537,130","5,519,515","568,790","5,872,490","14,170","20,743","15,940","48,414","155,140","702,328","587,350","1,883,683","576,050","1,663,449","14,830","220,233"
WV,1,"10,510","6,760","2,870",570,"6,280","1,540","4,970","2,960",90,"15,150",150,130,0,20,0,450,"4,860","-392,958","5,510","-386,029","1,500","50,637","2,140","12,075",190,924,"1,220","6,950","1,100","3,518",40,94,"2,950","-95,372","1,700","9,793",500,"5,349","1,110","15,198",960,60,435,20,44,970,"-102,727","1,270","-7,972",970,"6,929",30,10,10,78,160,904,40,270,140,142,0,0,0,0,0,0,0,0,0,0,0,0,0,0,0,0,0,0,0,0,0,0,0,0,0,0,0,0,0,0,0,0,0,0,0,0,0,0,240,930,0,0,230,67,40,23,0,0,0,0,0,0,0,0,20,12,0,0,0,0,510,"1,385",720,"11,112",760,"11,397","4,310","19,663",550,"1,059",260,82,180,459,70,325,40,192,440,916,340,835,330,299,340,452,210,907,830,"2,503",30,11,0,0,510,"1,510","4,140","18,653","3,970","14,135",220,"4,518"
WV,2,"86,950","66,950","11,200","7,570","78,810","3,780","31,200","50,510",370,"96,010","4,790","3,600",0,"1,200",880,"9,930","26,950","445,278","86,940","452,058","58,260","325,614","15,730","10,458",640,"1,079","6,100","8,488","5,510","5,498",130,63,"10,120","24,655","4,540",447,"5,410","21,364","14,520","73,167",810,"1,090","3,376",820,"1,568",800,"-3,341","3,600","4,600","9,310","6,780",70,18,10,53,390,"1,116",120,435,520,416,"86,620","1,268,302","86,620","1,219,242","22,930","49,059",320,"8,058",220,"5,970",140,377,120,92,150,328,290,635,290,648,90,34,100,"1,124",0,0,10,4,0,0,110,159,10,131,120,19,"1,160","2,107","1,520",496,0,0,650,263,310,60,100,3,0,0,30,6,20,7,90,36,0,0,10,5,"8,120","5,586","2,010","25,178","2,100","26,042","64,330","60,617","27,290","29,187","17,160","6,718","5,910","11,782","2,800","6,701","1,410","3,987","24,560","26,443","7,760","5,198","1,820","1,520",620,538,"1,380",440,"10,260","6,284",0,0,0,0,"5,760","2,521","61,220","56,838","60,980","56,085",320,752
WV,3,"136,580","87,650","22,820","23,290","129,050","3,860","52,340","105,600",610,"206,500","5,540","4,220",0,"1,320","1,070","30,560","41,350","2,363,165","136,580","2,385,216","99,660","1,669,552","23,490","25,251","1,060","1,930","9,400","21,520","8,430","13,156",230,203,"16,890","134,318","6,950","6,072","10,750","77,167","30,810","365,103","1,490","3,970","15,615","24,170","56,073","1,440","2,558","6,240","17,934","17,540","22,051",440,119,30,220,680,"2,353",530,"1,757","1,750","1,339","135,930","2,423,533","135,930","2,347,488","34,890","76,045",650,"18,740",490,"12,905",330,752,250,232,320,609,610,"1,557",610,"1,575",230,123,250,"2,417",0,0,0,0,0,0,300,"1,273",30,467,"5,020","2,894","68,010","332,236","67,790","33,577",0,0,"1,450",692,"19,210","5,570",680,24,430,99,"3,480","1,553","6,950","1,328","8,340","2,463",60,24,170,63,"14,280","24,540","4,600","51,276","4,710","52,112","126,230","335,127","48,960","154,941","18,970","5,889","16,000","61,457","9,050","54,054","4,940","33,541","43,170","139,688","26,820","49,839","3,630","2,943","1,540","1,301","54,610","28,007","66,920","53,357",0,0,0,0,"11,300","9,587","118,490","291,187","117,990","289,361",700,"1,826"
WV,4,"191,540","107,270","43,390","34,220","182,350","4,430","74,260","145,660",980,"326,870","5,500","4,250",20,"1,220",530,"43,650","49,550","7,017,314","191,540","7,053,543","159,690","5,571,814","34,760","44,539","1,820","4,827","14,950","40,692","13,550","25,674",650,474,"16,440","131,269","11,130","20,309","14,090","146,149","38,810","701,311","2,290","6,290","27,715","41,050","344,279","2,400","9,292","8,590","27,655","23,290","36,229","2,570",713,70,627,"1,080","4,421","1,800","6,276","6,350","4,352","189,830","3,545,509","189,830","3,461,141","37,360","84,368","1,710","50,178","1,080","27,401","1,280","3,072",360,404,"1,060","2,497","1,670","5,636","1,680","5,681",810,537,740,"6,943",30,279,20,41,30,180,990,"7,504",120,"1,890","13,830","18,333","184,170","3,427,388","183,390","368,927",20,"1,107","4,050","2,651","77,600","76,222","3,030",162,"2,660","1,247","7,240","7,351","32,350","7,224","50,190","58,717",320,391,"1,110",812,"12,100","28,569","7,690","85,544","7,820","87,810","186,960","736,512","45,010","137,858",0,0,"23,080","45,721","14,200","54,706","7,740","37,431","41,150","125,855","36,760","78,660","4,320","3,492","2,040","2,271","143,160","292,705","149,830","324,210",30,33,0,0,"30,730","31,038","159,120","442,826","158,170","439,169","1,420","3,658"
WV,5,"117,890","53,260","45,600","14,560","111,680","2,930","52,650","83,010",770,"225,400","2,370","1,680",0,690,60,"21,830","36,630","7,265,332","117,890","7,302,649","98,250","5,504,469","31,700","52,172","2,140","5,744","15,350","52,695","14,100","34,007","1,010",745,"12,450","106,174","11,650","34,433","12,460","173,839","30,730","760,685","2,210","4,600","22,985","30,380","547,679","2,560","17,965","8,300","37,664","20,850","37,317","3,380",973,110,"1,125",970,"4,826","1,790","7,627","6,640","4,711","115,300","2,382,575","115,300","2,321,733","27,070","60,841","2,590","75,438","1,170","30,012","2,310","7,503",240,415,"1,920","4,072","2,570","11,745","2,570","11,804","1,360",780,"1,590","16,018",30,211,50,147,20,156,"1,610","13,598",190,"3,468","12,930","26,025","117,710","4,785,477","117,520","556,396",0,0,"2,350","3,063","47,240","92,866","4,050",301,"1,900",991,"4,780","5,549","14,810","2,458","34,830","80,132",360,934,"1,490","1,352","9,150","24,550","3,490","41,790","3,550","44,001","116,350","688,464","5,160","5,575",0,0,0,0,"2,500","2,096","2,660","3,479","4,610","4,805","10,020","20,201","2,730","2,254",870,"1,282","107,110","463,530","109,410","491,661",20,25,0,0,"26,580","45,410","91,040","240,789","89,840","234,859","1,700","5,930"
WV,6,"79,450","23,150","47,740","6,570","75,090","2,110","39,120","51,290",590,"177,040",990,630,0,360,0,"12,030","26,420","6,895,238","79,450","6,929,363","67,190","5,139,791","26,830","51,700","2,160","6,634","13,750","60,415","12,660","40,233","1,340","1,110","9,950","103,260","10,810","44,422","10,340","188,288","23,760","719,876","2,060","3,330","17,816","22,040","533,522","2,610","29,467","7,260","46,475","15,910","34,125","2,630",825,130,"1,599",840,"5,303","1,300","6,578","4,910","3,024","76,290","1,796,121","76,290","1,752,516","19,060","43,606","3,150","93,312","1,040","28,381","2,950","13,760",180,364,"2,570","5,538","3,140","18,916","3,140","18,846","1,700",961,"2,200","22,838",30,241,80,133,40,117,"2,050","18,301",210,"4,375","11,230","28,354","79,370","4,980,839","79,280","631,990",0,0,"1,250","2,621","33,300","88,298","4,000",381,"2,040","1,180","3,800","4,339",0,0,"27,780","77,938",320,"1,203","1,410","1,400","7,340","22,708","1,650","20,349","1,690","22,578","78,720","701,445",0,0,0,0,0,0,0,0,0,0,0,0,"2,210","4,177","2,300","1,886",370,704,"76,930","543,692","77,550","571,199",20,12,0,0,"22,850","53,223","56,440","182,507","55,250","176,795","1,620","5,712"
WV,7,"122,970","17,790","98,580","4,950","116,100","3,470","64,130","72,550","1,240","316,880",700,410,0,290,0,"13,730","39,020","16,583,210","122,970","16,677,450","107,250","12,495,943","53,380","139,017","5,300","23,111","30,400","200,559","28,170","141,139","2,900","2,587","18,950","295,611","25,020","187,491","18,580","523,391","38,500","1,515,891","3,870","4,310","23,704","30,670","941,644","7,260","168,378","14,470","167,312","32,150","94,240","6,530","2,098",560,"8,964","2,120","18,176","2,320","13,030","10,360","7,793","113,770","2,978,684","113,770","2,914,291","26,560","64,392","9,210","301,098","1,830","46,417","8,910","69,004",250,750,"8,000","19,226","9,180","77,927","9,190","77,568","5,320","3,453","7,040","76,907",100,661,250,817,180,"2,213","6,650","78,492",620,"17,958","23,600","95,182","122,920","13,210,159","122,850","1,878,161",30,819,"1,420","4,836","62,930","180,445","9,650","1,245","5,820","3,637","8,440","9,785",0,0,"52,180","152,753",640,"4,020","3,210","3,324","14,060","59,303","1,590","19,351","1,740","23,455","122,160","1,959,005",0,0,0,0,0,0,0,0,0,0,0,0,580,"1,751","5,630","4,636",320,862,"122,170","1,697,715","122,400","1,772,545",990,259,320,121,"41,680","161,766","81,120","345,430","77,870","321,426","4,300","24,004"
WV,8,"27,070","2,960","23,290",560,"25,470",970,"17,430","9,880",480,"72,840",50,20,0,30,0,"1,090","9,560","7,502,011","27,070","7,600,900","23,390","4,853,094","18,170","107,990","3,080","22,174","13,120","196,743","12,350","142,492",550,"1,059","6,300","308,330","11,920","289,117","5,360","288,679","8,510","510,960","1,180",430,"2,968","6,500","230,655","5,620","491,272","5,280","244,715","8,030","98,889",990,300,"1,070","31,888","1,860","26,282",450,"4,298",0,0,"21,250","573,446","21,250","560,225","5,440","13,221","5,820","264,306",440,"16,037","5,660","92,715",150,531,"4,880","16,947","5,810","56,573","5,820","56,642","3,050","2,592","4,500","62,826",80,719,140,216,300,"3,472","4,770","91,004",490,"33,342","10,840","130,493","27,050","6,534,487","27,050","1,234,147",60,897,390,"3,254","15,700","41,757","5,360","2,156","1,610","1,014",0,0,0,0,"11,220","31,817",200,"1,951",900,"1,017","5,560","51,437",0,0,430,"5,859","26,850","1,254,920",0,0,0,0,0,0,0,0,0,0,0,0,30,65,0,0,0,0,"27,040","1,192,390","27,060","1,272,811","10,100","7,336","11,620","12,887","13,440","156,713","13,570","135,890","10,960","88,729","3,180","47,161"
WV,9,"3,290",430,"2,760",70,"3,120",130,"2,800",690,100,"8,970",0,0,0,0,0,40,"1,350","2,204,033","3,290","2,241,368","2,720","1,110,755","2,940","47,902",860,"12,759","2,400","102,566","2,300","78,606",90,302,"1,100","116,151","2,370","161,226",730,"51,042",780,"55,741",200,20,147,870,"32,187","1,600","390,717","1,050","129,475","1,510","37,335",50,14,320,"14,286",600,"10,751",90,"1,003",0,0,"1,880","50,066","1,880","48,575",610,"1,490","1,410","98,717",10,892,"1,370","53,081",40,164,"1,150","6,599","1,410","13,975","1,410","14,030",670,749,"1,040","17,917",10,172,50,10,200,"3,538","1,260","44,062",130,"18,351","1,930","46,321","3,290","2,008,934","3,290","503,346",30,387,50,594,"1,560","3,889","1,330","1,786",170,111,0,0,0,0,20,19,20,230,80,92,"1,130","14,923",0,0,50,599,"3,260","522,360",0,0,0,0,0,0,0,0,0,0,0,0,0,0,0,0,0,0,"3,290","499,457","3,290","535,869","2,170","6,915","2,860","13,347","1,690","75,470","1,590","60,576",810,"22,070",900,"38,505"
WV,10,"1,240",160,"1,040",20,"1,190",40,"1,170",160,40,"3,290",0,0,0,0,0,0,580,"3,107,850","1,240","3,130,019","1,050","722,648","1,170","112,271",490,"16,405","1,030","124,790",990,"87,936",50,526,470,"136,517","1,040","799,669",270,"15,183",280,"16,647",90,0,0,320,"13,205",920,"910,148",560,"137,312",720,"22,169",10,4,120,"6,950",330,"6,206",30,388,0,0,550,"14,634",550,"14,165",200,469,700,"164,561",0,0,680,"87,110",20,66,480,"5,132",700,"6,864",700,"6,988",250,371,390,"7,563",20,346,10,2,150,"8,772",640,"76,958",120,"63,682",960,"142,652","1,240","2,786,047","1,240","811,242",120,"2,541",0,0,730,"10,571",670,"2,412",30,16,0,0,0,0,0,0,10,261,20,28,520,"11,420",0,0,0,0,"1,230","787,941",0,0,0,0,0,0,0,0,0,0,0,0,0,0,0,0,0,0,"1,240","800,672","1,240","842,051",830,"6,152","1,150","22,059",610,"165,090",630,"108,987",210,"20,820",480,"88,167"
WI,0,"2,944,630","1,520,520","1,109,830","277,870","2,793,650","67,090","1,530,580","1,747,140","32,750","5,293,840","46,150","18,600",60,"27,480","3,680","301,960","896,630","254,939,952","2,934,550","257,296,940","2,360,730","168,429,381","1,271,000","4,370,337","133,590","828,022","724,840","6,863,622","669,290","4,688,683","54,710","54,951","395,370","6,146,950","614,960","11,268,119","449,340","10,563,364","639,020","17,090,311","51,970","66,950","292,664","580,400","11,536,823","152,390","17,827,785","174,830","1,458,753","631,120","2,356,988","62,240","18,490","15,250","359,296","69,500","574,050","49,880","254,235","179,860","126,297","2,735,320","54,542,625","2,735,320","53,141,553","613,270","1,401,072","176,000","7,266,832","50,790","1,322,342","151,410","2,266,576","21,820","27,652","153,230","1,102,871","174,680","1,428,601","174,890","1,434,390","23,990","17,344","123,640","1,431,297","2,270","22,467","3,260","3,176","8,270","182,227","126,620","2,320,075","12,860","543,435","488,440","4,288,103","2,429,470","193,957,600","2,424,370","33,553,992","1,630","24,611","93,540","132,558","1,079,110","2,286,297","252,600","151,701","99,740","56,773","128,170","138,849","193,700","40,007","648,370","1,615,051","9,220","47,343","71,360","54,676","311,050","1,150,090","148,080","1,038,519","158,040","1,142,510","2,756,990","36,535,611","312,110","773,982","92,220","32,052","103,770","257,946","68,260","268,204","47,870","215,780","269,030","679,581","221,540","436,808","93,010","83,067","45,280","53,728","2,220,700","31,267,709","2,328,400","33,097,061","89,260","150,923","107,400","386,570","790,900","3,673,070","2,023,860","7,055,246","1,962,280","5,329,231","83,270","1,726,016"
WI,1,"33,270","21,870","9,380","1,340","24,170","4,560","20,520","8,780",430,"48,720",290,150,0,140,20,880,"17,440","-1,634,893","23,200","-1,596,525","7,080","259,307","11,770","43,742","1,100","5,951","6,690","32,513","5,980","18,624",180,296,"10,670","-243,146","9,760","140,792","2,570","33,750","3,360","36,968","4,600",140,"1,048",40,159,"4,500","-564,154","5,370","-80,506","5,020","38,368",110,30,40,647,"1,210","7,450",180,995,750,731,0,0,0,0,0,0,0,0,0,0,0,0,0,0,0,0,0,0,0,0,0,0,0,0,0,0,0,0,0,0,0,0,0,0,0,0,0,0,"1,190",820,20,556,"1,120",260,270,135,50,2,0,0,20,3,30,7,110,54,0,0,20,6,"2,870","6,864","4,020","38,694","4,220","37,930","14,270","76,021","2,200","3,131","1,430",436,370,933,240,970,170,793,"1,420","2,224","1,100","2,970",790,743,"1,930","2,736",950,685,"4,230","8,585",120,148,0,0,"2,440","3,550","13,240","70,911","12,680","60,225",850,"10,687"
WI,2,"279,370","238,050","23,960","15,150","255,680","11,920","122,150","141,030","1,370","249,970","14,720","4,960",10,"9,740","1,320","19,140","87,170","1,420,979","279,360","1,450,363","180,070","1,097,227","82,580","47,885","3,840","4,975","36,140","49,854","32,590","27,182",800,633,"32,410","82,015","28,940","7,112","23,550","96,046","34,780","151,059","2,850","1,390","5,295","2,490","3,964","3,310","-18,030","7,400","4,416","30,720","29,384",230,60,60,473,"2,530","7,241",640,"2,098","2,590","2,035","276,830","3,662,580","276,830","3,514,614","71,430","147,966","2,520","70,810","2,010","49,333",650,"1,837","1,480",903,"1,490","8,269","2,330","9,253","2,340","9,347",140,140,990,"9,000",20,237,20,13,60,221,"1,180","1,602",70,"1,016",860,108,"7,890","12,344","9,380","2,295",0,0,"4,350","1,191","2,830",270,"1,320",46,0,0,210,46,220,35,300,83,20,7,110,33,"25,680","18,628","12,060","99,524","12,440","100,309","193,870","159,791","64,140","62,391","43,940","17,060","11,960","24,117","5,130","12,591","3,110","8,623","54,920","54,927","15,840","11,164","6,580","5,868","3,890","3,134","8,360","2,028","36,120","21,507",10,15,0,0,"21,230","9,752","182,890","147,967","181,810","144,999","1,510","2,968"
WI,3,"410,440","303,730","47,860","54,620","386,660","10,090","189,060","294,390","2,450","528,690","10,670","4,370",0,"6,300","1,350","65,920","116,950","7,042,151","410,440","7,132,018","305,900","4,982,651","112,530","118,575","6,930","11,333","54,630","124,073","49,530","68,217","1,580","1,211","59,210","473,127","44,880","52,522","51,150","425,551","75,480","738,945","4,930","7,680","37,015","70,680","165,740","6,540","-26,964","13,160","27,812","64,850","89,867","1,700",433,250,"1,596","5,060","14,156","2,810","9,989","8,860","6,652","404,850","6,769,264","404,850","6,566,057","94,550","203,207","5,580","166,252","4,670","111,446","1,840","4,315","3,170","2,210","3,630","18,210","5,360","22,173","5,380","22,486",380,389,"2,130","17,055",40,342,40,34,110,545,"3,160","10,823",250,"3,438","24,370","13,571","222,690","1,084,545","222,040","109,559",10,106,"11,180","3,951","71,420","21,740","6,740",255,"1,490",392,"18,250","8,631","26,610","5,513","20,350","6,260",190,91,"1,380",521,"49,540","85,940","30,060","221,561","30,400","220,268","371,470","880,729","116,770","369,801","46,860","14,556","35,240","135,035","20,820","125,269","13,850","94,940","100,370","326,043","64,590","122,202","17,800","15,627","10,750","9,354","175,410","87,824","215,310","176,800",30,32,0,0,"44,750","40,835","342,410","744,042","340,280","737,325","3,310","6,717"
WI,4,"656,650","438,170","106,240","101,440","624,670","13,140","307,290","451,670","5,030","1,005,310","11,220","5,540",40,"5,640",890,"102,830","164,320","24,680,263","656,650","24,892,910","547,890","19,587,221","191,060","225,669","12,610","24,903","92,780","256,723","84,680","148,697","5,190","4,115","66,390","649,989","75,950","151,248","75,190","918,853","117,600","1,779,953","8,290","18,470","78,371","127,350","1,127,489","12,730","47,922","23,130","41,211","109,810","212,647","8,710","2,313",770,"6,672","9,150","30,363","11,120","42,415","37,290","26,282","643,320","11,303,890","643,320","11,038,429","117,260","265,461","13,320","392,167","8,930","214,852","8,020","17,488","4,700","4,139","9,400","47,549","13,050","63,209","13,080","64,738","1,670","1,562","6,430","54,551",160,"1,390",150,204,210,993,"8,230","42,154",740,"11,970","69,640","91,590","636,440","13,000,215","631,800","1,414,631",0,0,"32,040","22,278","255,650","248,156","25,790","1,487","12,180","6,808","34,800","36,239","116,060","24,898","131,100","171,251","1,160","1,456","7,540","4,722","49,570","132,500","53,230","345,222","53,340","356,699","631,790","2,329,116","115,000","324,773",0,0,"56,200","97,861","35,890","124,799","22,910","102,113","100,830","285,330","96,890","210,457","19,980","16,639","16,210","17,565","522,350","1,166,476","545,110","1,309,541",70,87,0,0,"143,370","155,938","504,240","1,172,937","499,510","1,156,785","7,120","16,152"
WI,5,"492,900","289,260","135,210","58,830","471,280","8,740","250,940","317,270","5,320","825,110","5,380","2,370",10,"3,000",100,"56,070","144,270","30,328,334","492,900","30,573,910","414,040","23,140,732","197,040","280,039","15,490","38,423","101,370","343,789","92,820","206,040","10,760","8,851","53,160","621,157","82,960","221,053","70,690","1,137,693","109,450","2,462,140","7,320","12,710","53,714","110,310","2,056,649","13,870","109,567","24,780","50,364","108,490","245,576","10,430","2,914",940,"9,873","8,430","38,472","11,640","53,667","43,900","31,506","470,350","8,962,780","470,350","8,739,113","98,710","223,667","22,550","612,203","9,920","239,492","18,690","55,926","3,430","3,927","18,520","92,173","22,300","140,324","22,360","141,166","3,540","2,724","14,820","129,543",310,"2,594",340,491,270,"1,376","13,730","76,988","1,190","20,118","72,640","136,796","491,490","20,649,518","490,220","2,435,977",20,126,"19,200","27,264","178,710","312,092","34,180","2,712","10,210","5,510","19,530","22,797","50,780","9,554","109,900","255,198","1,540","3,953","11,560","8,407","40,440","126,746","24,830","178,528","26,670","199,400","483,960","2,808,962","14,000","13,886",0,0,0,0,"6,170","4,575","7,830","9,311","11,490","11,057","31,940","67,830","10,700","9,463","6,870","9,959","456,530","2,123,885","466,000","2,265,667",70,107,20,14,"136,830","233,535","354,100","772,838","348,140","751,339","8,730","21,499"
WI,6,"318,990","121,310","168,350","24,910","305,620","5,500","180,640","179,590","4,040","654,920","2,090",660,0,"1,430",0,"24,470","113,540","27,667,532","318,990","27,880,137","263,140","19,710,840","163,990","292,424","15,260","40,692","90,670","390,867","83,450","243,854","13,200","11,827","43,140","588,440","74,670","288,472","61,110","1,268,984","90,340","2,662,693","6,270","9,340","40,097","89,810","2,227,552","14,300","167,417","22,710","71,591","77,420","212,605","7,970","2,377","1,050","12,159","6,890","40,066","7,290","39,636","26,900","15,848","293,120","6,671,139","293,120","6,492,917","76,910","178,222","25,880","698,424","8,320","204,049","23,300","94,455","2,320","3,130","22,700","115,704","25,740","195,805","25,770","196,026","4,210","2,969","18,900","164,726",330,"2,678",450,605,370,"1,779","16,480","98,573","1,600","29,687","64,840","157,110","318,430","20,152,982","317,810","2,607,721",20,96,"10,440","20,827","131,680","309,457","32,900","3,336","11,350","6,591","14,880","17,698",0,0,"90,380","261,845","1,360","5,436","11,800","8,790","33,870","118,591","12,490","85,965","13,550","103,071","314,770","2,737,562",0,0,0,0,0,0,0,0,0,0,0,0,"8,490","15,572","9,170","8,113","3,140","5,439","308,530","2,298,269","311,700","2,432,066",140,111,0,0,"116,210","265,281","201,740","566,319","195,530","542,164","8,540","24,155"
WI,7,"562,410","88,580","452,420","17,780","541,540","9,370","328,480","291,390","9,010","1,442,550","1,650",500,0,"1,150",0,"29,020","190,540","76,968,654","562,410","77,577,370","477,270","55,237,710","355,030","857,032","40,990","148,581","217,580","1,501,308","201,850","1,033,225","19,740","20,337","90,290","1,703,545","182,060","1,289,272","120,460","3,924,764","163,080","6,549,165","12,580","14,850","65,609","141,860","4,535,055","43,100","1,024,478","48,560","342,145","171,910","608,716","27,240","8,652","4,440","69,081","16,180","133,089","13,420","77,909","59,590","43,243","506,080","13,351,677","506,080","13,046,320","123,420","305,357","56,320","1,834,231","13,640","371,012","52,610","348,833","3,390","5,778","51,090","301,297","56,160","507,084","56,200","507,569","8,860","5,487","42,570","456,081",670,"5,456","1,050","1,048","1,410","10,748","40,820","368,047","4,240","113,411","154,430","573,757","562,010","61,217,649","561,460","8,699,970",140,"1,790","12,260","38,008","311,040","864,086","85,770","14,299","46,360","27,463","40,480","53,435",0,0,"224,950","698,042","3,280","20,235","28,950","23,208","71,520","317,337","11,390","69,025","14,400","102,823","557,810","8,623,100",0,0,0,0,0,0,0,0,0,0,0,0,"2,500","6,160","27,990","26,614","2,500","5,541","558,240","7,835,884","559,440","8,199,620","3,410","1,006",840,217,"228,780","850,810","332,390","1,260,327","314,850","1,148,478","24,340","111,850"
WI,8,"159,080","16,210","139,020","3,180","153,480","3,110","104,340","56,600","4,080","448,590",120,40,0,80,0,"3,500","50,660","44,879,178","159,080","45,413,513","137,970","29,746,766","127,130","760,474","25,830","188,043","98,750","1,544,973","93,210","1,082,306","2,740","4,720","32,380","1,404,237","89,810","2,068,375","37,430","2,229,889","39,070","2,315,216","4,110","2,240","10,792","31,940","1,185,503","35,700","3,081,492","21,120","404,469","47,680","534,335","5,430","1,591","5,220","145,966","12,280","164,046","2,300","21,635",0,0,"124,560","3,382,211","124,560","3,314,986","26,970","67,225","34,510","1,516,108","3,120","116,145","32,070","501,366","2,310","5,158","32,010","282,770","34,450","338,616","34,470","339,796","4,310","2,862","27,330","414,729",470,"4,638",870,652,"2,410","27,255","28,920","465,226","2,950","145,985","78,380","818,136","159,020","39,164,461","158,970","7,346,229",290,"3,357","2,620","16,282","107,270","307,230","48,610","24,561","16,100","8,788",0,0,0,0,"71,000","221,913","1,340","11,938","8,740","7,799","28,690","221,615",0,0,"2,710","19,465","157,760","7,269,847",0,0,0,0,0,0,0,0,0,0,0,0,180,453,0,0,0,0,"158,840","7,038,999","158,980","7,415,236","64,920","48,626","77,660","75,774","82,260","864,777","76,460","705,615","62,000","479,479","18,490","226,135"
WI,9,"21,750","2,170","19,040",440,"21,090",440,"18,070","5,030",720,"63,130",0,0,0,0,0,120,"7,620","14,544,149","21,750","14,760,510","18,980","7,844,046","20,280","382,167","6,850","102,877","17,560","743,287","16,820","528,045",310,"1,537","5,150","432,199","17,170","1,244,263","5,030","354,170","4,070","275,648",670,90,587,"3,960","154,660","10,870","2,695,393","5,040","220,054","9,430","216,361",330,95,"1,600","70,991","4,270","73,676",350,"4,270",0,0,"12,420","337,384","12,420","329,875","3,020","7,509","9,330","609,319",170,"13,368","8,610","330,707",690,"1,674","8,790","116,585","9,330","92,683","9,330","93,221",680,558,"7,020","123,993",150,"2,844",230,92,"1,490","29,918","8,430","257,324",930,"86,877","15,060","422,903","21,740","13,174,864","21,740","3,239,590",210,"2,513",260,"2,103","13,150","42,549","10,970","18,194","1,670",979,0,0,0,0,280,405,230,"2,728",960,910,"5,620","63,615",0,0,270,"2,109","21,590","3,310,016",0,0,0,0,0,0,0,0,0,0,0,0,0,0,0,0,0,0,"21,730","3,197,041","21,750","3,387,310","14,390","45,232","19,640","75,509","11,130","433,819","10,550","349,981","5,770","136,185","5,730","213,796"
WI,10,"9,770","1,160","8,370",180,"9,460",220,"9,090","1,390",300,"26,850",0,0,0,0,0,20,"4,120","29,043,605","9,770","29,212,734","8,390","6,822,881","9,600","1,362,330","4,680","262,244","8,670","1,876,235","8,370","1,332,493",200,"1,424","2,570","435,387","8,760","5,805,010","2,170","173,664","1,790","118,524",360,30,136,"1,950","80,052","7,470","11,310,664","3,560","377,197","5,790","169,129",90,25,870,"41,838","3,500","65,491",130,"1,621",0,0,"3,790","101,700","3,790","99,242","1,000","2,458","5,980","1,367,318",20,"2,645","5,630","911,649",340,733,"5,600","120,314","5,980","59,454","5,980","60,041",210,653,"3,450","61,619",130,"2,288",120,37,"1,940","109,392","5,680","999,338",900,"130,933","8,220","2,074,132","9,770","25,501,022","9,770","7,697,200",910,"16,067",60,394,"7,070","180,582","6,260","86,809",380,242,0,0,0,0,0,0,100,"1,499",310,280,"3,260","58,254",0,0,60,436,"9,710","8,340,467",0,0,0,0,0,0,0,0,0,0,0,0,0,0,0,0,0,0,"9,760","7,516,618","9,770","7,880,729","6,110","55,559","9,230","235,056","3,880","814,773","5,860","1,264,309","1,710","172,252","4,670","1,092,057"
WY,0,"282,340","136,100","113,460","26,510","266,960","6,810","136,570","167,960","3,850","528,490","6,580","5,010",10,"1,560",630,"36,490","86,110","31,253,448","281,120","31,521,908","222,830","15,644,813","112,730","1,429,881","13,900","233,089","61,720","2,267,690","56,680","1,580,737","1,050","4,225","48,740","685,178","58,240","4,626,432","33,660","920,648","60,530","1,888,364","9,200","6,260","31,753","55,560","1,131,584","26,260","2,158,519","24,570","434,281","63,500","268,460","6,900","2,145","1,280","34,039","9,830","87,108","4,930","26,208","11,200","7,503","261,990","5,293,613","261,990","5,159,161","59,150","134,452","15,470","1,370,669","4,810","127,328","2,910","127,314","11,120","20,847","13,080","119,792","15,210","94,280","15,240","94,895","8,940","10,284","10,330","160,726",300,"3,722",780,760,"1,710","162,825","11,550","753,008","1,540","64,144","51,840","589,048","232,620","24,724,545","231,940","4,761,556",460,"8,871","11,760","22,560","102,720","264,854","22,470","41,832","9,250","5,660","11,230","10,484","15,290","2,978","66,000","174,236","1,150","6,397","3,720","3,078","38,220","148,630","21,570","281,341","22,880","305,425","264,240","5,594,096","31,850","76,952","9,550","3,350","10,470","26,307","7,100","27,285","4,730","20,010","27,370","67,311","23,550","46,673","7,930","6,291","6,200","9,165","211,050","4,496,701","223,470","4,907,879","6,380","14,049","11,600","222,717","74,720","538,185","196,510","1,212,871","187,140","641,754","11,820","571,117"
WY,1,"4,870","2,950","1,650",140,"3,650",510,"3,140","1,310",80,"7,340",60,40,0,10,0,120,"2,560","-392,429","3,640","-387,887","1,090","48,099","2,060","15,768",230,"2,006","1,100","13,826",980,"8,675",0,0,"1,770","-50,029","1,580","36,019",330,"5,477",540,"8,169",880,20,115,0,0,"1,150","-214,331",870,"-1,836",760,"4,542",20,6,10,246,240,"1,601",30,197,70,71,0,0,0,0,0,0,0,0,0,0,0,0,0,0,0,0,0,0,0,0,0,0,0,0,0,0,0,0,0,0,0,0,0,0,0,0,0,0,180,243,0,0,170,58,40,14,0,0,0,0,0,0,0,0,20,10,0,0,0,0,460,"1,291",730,"12,550",790,"12,867","2,210","16,364",240,377,150,45,40,114,30,126,20,93,150,259,170,470,80,69,300,574,150,229,680,"1,691",30,58,0,0,390,816,"2,070","15,467","1,890","11,865",230,"3,602"
WY,2,"25,860","21,230","2,550","1,680","23,580","1,110","10,110","14,020",200,"24,540","1,320","1,000",0,320,240,"2,280","7,150","133,573","25,860","137,026","17,190","103,758","7,030","5,977",450,"1,071","3,040","5,410","2,720","3,020",30,33,"4,050","8,362","2,660","5,545","1,490","6,917","2,730","13,935",460,210,838,300,480,630,"-14,385",960,"1,058","3,690","3,453",30,9,10,99,340,"1,087",60,192,180,118,"25,650","343,220","25,650","330,792","5,890","12,427",210,"5,749",160,"3,405",10,34,160,93,120,619,190,618,190,625,80,65,100,"1,374",0,0,0,0,10,24,90,121,10,63,120,26,760,"1,609",940,300,0,0,370,126,220,30,120,5,0,0,30,8,20,4,40,12,0,0,0,0,"3,270","2,334","1,600","22,029","1,680","22,697","19,120","18,244","6,800","6,700","4,540","1,756","1,300","2,526",620,"1,480",350,938,"5,880","5,880","1,790","1,236",700,564,450,486,840,269,"4,250","2,890",0,0,0,0,"2,630","1,481","17,910","16,823","17,700","16,379",260,444
WY,3,"39,700","28,950","4,880","5,030","37,360",950,"16,050","28,570",310,"51,660","1,580","1,220",0,360,230,"6,950","10,540","685,760","39,700","694,765","30,060","500,061","9,750","13,037",740,"1,786","4,420","13,323","3,970","7,091",30,24,"6,370","47,947","4,100","7,474","3,040","25,526","6,220","69,457",790,830,"3,712","6,090","14,777","1,140","-1,136","1,710","5,198","6,550","9,005",160,39,20,150,620,"1,849",230,829,610,410,"39,190","655,085","39,190","637,138","8,400","17,947",510,"14,849",410,"9,725",40,121,390,303,300,"1,106",470,"1,509",470,"1,522",220,182,210,"2,247",0,0,20,3,20,68,250,994,30,268,"2,690","1,601","22,050","110,124","21,940","11,169",0,0,"1,020",365,"6,090","1,825",570,26,170,43,"1,590",720,"2,030",407,"1,940",594,20,8,60,24,"5,450","9,131","3,930","49,066","4,020","49,819","35,920","85,486","11,270","33,285","4,870","1,549","3,390","12,949","1,930","11,502","1,090","7,284","9,500","29,550","6,040","11,266","1,610","1,275","1,200","1,234","17,970","9,344","21,880","18,765",0,0,0,0,"4,690","4,901","32,890","71,534","32,560","70,498",440,"1,036"
WY,4,"60,280","37,660","11,340","9,360","57,430","1,190","24,380","42,070",620,"95,980","1,870","1,450",10,410,140,"11,260","14,650","2,230,257","60,280","2,251,029","50,070","1,756,193","15,600","22,647","1,230","4,018","7,390","26,754","6,700","14,965",70,83,"7,660","73,213","6,730","21,171","4,790","56,224","10,030","179,082","1,230","1,880","9,418","11,180","98,956","2,120","4,205","2,780","10,868","10,010","20,772",530,144,60,586,"1,090","4,054",960,"3,612","2,140","1,370","59,110","1,058,553","59,110","1,035,003","10,560","23,550","1,160","35,850",790,"18,300",100,395,860,886,780,"2,939","1,100","4,081","1,110","4,183",610,517,580,"6,891",20,172,40,66,40,173,700,"4,454",90,"1,610","7,340","10,935","58,430","1,134,242","57,850","122,977",20,209,"3,480","2,427","23,140","22,464","2,180",159,"1,250",637,"2,900","2,773","8,830","1,825","13,130","16,520",130,194,370,244,"6,090","15,746","6,810","80,614","6,900","82,023","58,010","224,676","11,760","34,783",0,0,"5,750","10,718","3,730","13,559","2,280","10,506","10,400","30,201","10,150","21,919","1,800","1,382","2,050","2,543","46,780","100,513","49,460","117,321",0,0,0,0,"12,580","15,679","46,970","122,730","46,290","119,514",950,"3,216"
WY,5,"43,340","22,260","14,560","5,160","41,360",820,"19,850","28,230",570,"79,310","1,020",750,0,270,20,"6,580","13,290","2,674,715","43,340","2,696,842","35,340","1,980,606","16,010","28,724","1,530","4,827","8,080","35,944","7,350","20,963",120,105,"6,370","66,097","7,290","29,705","5,010","77,824","9,960","255,853","1,140","1,310","6,943","10,130","185,702","2,460","13,219","3,030","13,366","9,640","22,127","1,310",365,70,777,"1,060","4,664",990,"4,382","2,520","1,684","41,750","830,268","41,750","808,981","9,540","21,287","1,580","51,441",880,"22,548",190,647,"1,160","1,419","1,190","4,424","1,540","6,171","1,540","6,208",890,639,960,"11,487",20,174,60,63,50,320,990,"8,003",120,"2,562","7,440","16,697","43,190","1,780,302","43,020","208,952",0,0,"2,500","3,518","17,010","32,743","2,880",272,"1,110",603,"1,850","1,919","4,410",742,"11,410","27,825",230,642,530,406,"4,870","14,638","3,940","52,434","3,990","54,921","42,290","249,474","1,780","1,807",0,0,0,0,790,618,990,"1,189","1,450","1,421","3,800","8,302",940,759,"1,110","1,735","39,040","176,208","40,260","192,419",10,15,0,0,"11,630","23,396","31,510","79,983","30,690","76,179","1,070","3,804"
WY,6,"31,070","10,770","17,040","2,530","29,600",610,"16,030","18,190",410,"67,850",380,280,0,110,0,"3,730","10,660","2,699,987","31,070","2,721,422","25,310","1,923,885","14,000","30,884","1,540","7,291","7,420","40,386","6,800","23,701",150,124,"5,510","65,696","6,750","39,566","4,600","91,835","8,480","279,453","1,080",790,"4,042","8,330","203,344","2,380","18,332","2,930","17,569","7,550","21,435",920,275,70,966,940,"5,218",710,"3,710","1,710","1,016","29,400","670,117","29,400","652,554","7,660","17,562","1,670","54,326",750,"19,035",240,"1,260","1,220","1,672","1,370","5,213","1,640","7,549","1,640","7,561","1,010",914,"1,130","13,989",30,240,70,91,50,514,"1,110","10,085",140,"2,753","6,750","19,425","31,010","1,957,847","30,940","252,650",0,0,"1,550","3,131","13,370","35,462","2,770",352,"1,270",767,"1,340","1,383",0,0,"10,030","31,225",190,796,610,504,"4,160","13,910","2,110","30,674","2,160","33,099","30,530","273,599",0,0,0,0,0,0,0,0,0,0,0,0,"1,170","2,312",740,586,520,980,"29,690","217,188","30,120","232,667",10,5,0,0,"10,530","28,510","20,450","68,918","19,640","64,845","1,050","4,073"
WY,7,"57,590","9,620","45,120","2,220","55,180","1,130","31,970","30,290","1,040","150,290",340,250,0,90,0,"5,150","19,170","7,888,421","57,590","7,954,633","48,430","5,584,213","32,150","94,881","3,970","22,222","18,350","144,462","16,930","91,795",380,418,"11,550","176,910","16,990","171,558","9,960","318,315","17,170","734,656","2,270","1,060","5,767","14,280","442,133","7,510","134,999","7,050","69,494","17,430","66,212","3,250","1,095",330,"5,103","2,440","20,569","1,460","8,409","3,960","2,834","53,000","1,367,040","53,000","1,335,562","12,980","31,478","4,590","173,793","1,360","36,967",750,"4,894","3,420","6,545","4,080","19,277","4,540","27,213","4,550","27,307","3,010","3,182","3,430","50,935",120,"1,103",230,258,210,"2,218","3,370","43,530",410,"11,428","16,260","77,101","57,550","6,271,471","57,460","898,976",30,143,"2,010","6,790","30,810","92,784","7,280","1,541","4,240","2,817","3,520","3,681",0,0,"23,620","79,014",400,"2,508","1,580","1,324","8,910","36,795","2,440","33,974","2,620","39,538","56,870","907,363",0,0,0,0,0,0,0,0,0,0,0,0,410,"1,103","2,070","1,656",580,"1,613","57,000","806,192","57,200","850,190",400,126,150,75,"22,610","102,314","34,810","157,658","32,460","137,873","3,100","19,785"
WY,8,"15,500","1,940","13,090",290,"14,840",380,"11,180","4,750",450,"41,250",20,20,0,0,0,420,"6,020","4,381,357","15,500","4,444,012","12,410","2,328,842","12,200","112,138","2,560","35,762","8,550","213,907","8,020","144,171",160,269,"4,130","164,871","8,600","330,207","3,540","222,472","4,560","287,007",970,140,806,"4,030","140,681","5,700","439,370","3,410","110,072","5,720","62,655",640,200,430,"11,986","1,900","25,855",360,"3,434",0,0,"12,040","321,367","12,040","312,852","3,450","8,516","3,460","174,246",440,"14,544",670,"9,744","2,590","6,374","3,190","26,185","3,450","26,584","3,460","26,695","2,160","2,692","2,590","46,163",70,944,220,164,420,"6,679","2,930","63,157",330,"15,042","8,220","117,569","15,490","3,769,133","15,490","699,723",50,739,570,"4,864","9,480","27,621","4,390","3,710","1,060",694,0,0,0,0,"5,790","19,009",150,"1,205",470,467,"3,630","27,233",0,0,630,"9,118","15,210","703,355",0,0,0,0,0,0,0,0,0,0,0,0,30,65,0,0,0,0,"15,470","672,102","15,490","719,056","4,190","2,933","7,640","11,396","7,910","120,423","7,540","102,325","5,240","55,292","2,780","47,034"
WY,9,"2,410",430,"1,890",60,"2,310",60,"2,200",340,90,"6,110",0,0,0,0,0,0,"1,120","1,634,199","2,410","1,659,969","1,770","497,149","2,240","76,642",760,"28,634","1,830","152,305","1,730","102,359",50,113,750,"60,786","1,960","269,032",540,"48,791",510,"33,344",220,10,112,700,"25,401","1,700","396,948",930,"56,447","1,230","25,770",40,12,160,"6,259",670,"11,317",90,986,0,0,"1,330","34,542","1,330","33,359",480,"1,184","1,080","90,103",30,"1,709",290,"9,740",750,"1,997",980,"16,618","1,080","9,256","1,080","9,390",510,809,720,"14,778",30,607,80,91,300,"9,908",960,"44,323",120,"7,243","1,670","54,618","2,400","1,456,504","2,400","344,425",70,868,80,"1,038","1,340","6,882","1,160","4,190",100,73,0,0,0,0,20,27,20,322,60,71,790,"8,591",0,0,80,"1,100","2,370","363,646",0,0,0,0,0,0,0,0,0,0,0,0,0,0,0,0,0,0,"2,400","337,544","2,400","364,842","1,000","2,503","2,170","15,322","1,170","66,169","1,230","63,546",420,"16,551",930,"46,994"
WY,10,"1,730",310,"1,330",40,"1,660",50,"1,660",200,80,"4,160",0,0,0,0,0,0,950,"9,317,608","1,730","9,350,097","1,160","922,007","1,700","1,029,183",890,"125,472","1,540","1,621,373","1,480","1,163,997",50,"3,056",570,"71,325","1,590","3,716,155",360,"67,267",340,"27,408",170,0,0,510,"20,110","1,480","1,381,298",910,"152,045",910,"32,489",0,0,130,"7,867",540,"10,894",40,457,0,0,520,"13,421",520,"12,920",200,501,"1,210","770,312",10,"1,095",620,"100,479",570,"1,558","1,080","43,411","1,210","11,299","1,210","11,404",460,"1,284",610,"12,862",20,482,60,24,610,"142,921","1,150","578,341",280,"23,175","1,350","291,076","1,730","8,243,313","1,730","2,222,141",290,"6,912",30,243,"1,220","45,029","1,120","31,577",40,26,0,0,0,0,0,0,20,722,30,38,600,"18,961",0,0,30,243,"1,720","2,751,889",0,0,0,0,0,0,0,0,0,0,0,0,0,0,0,0,0,0,"1,730","2,177,112","1,730","2,408,038",750,"8,409","1,640","195,924",590,"174,496","1,140","513,887",260,"72,758","1,000","441,129"
OA,0,"839,610","371,420","229,810","52,300","591,810","76,350","457,340","261,570","16,740","1,471,310","3,090",370,"2,650",80,20,"17,740","192,110","89,260,229","745,620","89,736,186","621,220","72,767,070","388,160","3,319,051","32,580","225,105","277,000","6,823,073","231,050","4,429,028","3,610","17,031","101,850","3,459,819","233,390","12,304,715","42,310","1,367,420","107,050","3,792,941","1,460","5,940","56,558","58,660","771,121","28,430","3,435,832","80,330","476,243","87,150","475,957","6,110","1,839","1,970","79,659","5,790","41,929","9,980","56,947","16,670","12,279","691,670","12,803,415","691,670","12,571,186","115,880","232,228","23,000","1,765,458","3,860","105,510","9,570","410,775","1,830","51,333","9,860","114,704","15,550","108,962","16,810","202,115","2,540","6,578","9,370","165,787","3,330","66,830",320,"1,012","3,990","448,985","13,300","682,698","2,140","91,305","87,380","286,011","495,800","77,820,683","485,900","18,878,636","12,910","44,926","1,610","2,872","367,750","11,654,272","270,700","11,346,967","14,210","9,558","12,720","11,499","40,990","10,146","104,840","232,961",770,"3,714",610,607,"43,640","209,038","2,260","12,560","2,770","15,552","417,620","9,193,572","9,500","21,345","1,480",550,"2,690","5,554","3,180","8,922","2,150","6,318","9,080","20,622","65,190","178,708","9,900","8,109",880,955,"309,450","7,224,623","354,770","8,139,045","17,480","57,891","75,240","609,472","154,420","1,328,096","339,070","2,346,751","311,260","1,242,527","32,280","1,104,224"
OA,1,"124,190","73,990","14,430","4,010","41,530","18,620","34,790","10,970","1,660","164,440",70,40,30,0,0,90,"22,420","-1,041,147","30,210","-1,002,287","75,210","3,936,030","12,950","25,842",980,"3,163","9,980","31,452","7,930","17,987",80,673,"11,750","141,017","14,090","15,611",520,"10,922","1,030","17,770",180,70,594,260,"2,056","1,800","-147,136","4,940","-67,941","8,770","38,860",640,156,50,426,420,"1,863",130,695,"3,270","2,844",0,0,0,0,0,0,0,0,0,0,0,0,0,0,0,0,0,0,0,0,0,0,0,0,0,0,0,0,0,0,0,0,0,0,0,0,0,0,340,"7,321",10,696,120,90,100,339,40,283,0,0,0,0,0,0,40,33,0,0,0,0,"4,100","17,543",250,"1,619",290,"1,789","23,650","75,285",40,60,20,8,10,23,0,0,10,29,40,58,250,747,880,802,100,101,260,"6,982","4,880","25,722",50,45,0,0,"3,720","12,218","22,820","61,456","21,780","50,311","1,110","11,145"
OA,2,"168,830","95,780","17,460","5,270","119,310","13,760","95,430","26,770","2,560","213,140",200,120,60,30,0,250,"32,930","508,011","168,810","528,463","120,430","5,826,650","95,830","74,642","3,410","4,437","49,340","79,151","36,550","43,597",240,344,"21,540","358,338","32,160","12,962","3,530","18,222","9,550","50,304",170,"1,040","4,752","2,550","11,552","1,930","6,334","9,700","22,945","10,550","20,452",400,100,50,494,560,"1,637",220,888,"1,380",812,"167,810","2,559,272","167,810","2,519,499","21,030","39,773",820,"15,193",300,"4,723",130,426,60,34,240,"1,483",390,"1,469",470,"4,239",30,57,220,"3,475",120,"1,971",0,0,50,237,190,180,30,321,250,28,"2,200","6,724","2,570","2,473",10,81,200,176,"1,010",585,780,439,0,0,30,18,0,0,150,84,0,0,0,0,"8,040","15,502",380,"2,189",460,"2,455","35,740","54,776",790,574,660,277,80,158,40,112,10,26,660,478,"1,650","1,519","1,200","1,087",170,143,"2,110","1,888","11,930","17,750",80,95,250,531,"8,960","10,476","34,020","46,740","31,940","41,244","2,210","5,496"
OA,3,"98,050","52,520","16,440","5,530","70,760","8,980","53,350","33,000","1,460","141,710",340,80,230,20,20,"1,200","30,310","1,652,369","98,050","1,678,118","65,270","2,869,790","41,010","106,849","2,680","6,220","29,320","143,385","23,140","81,187",180,529,"13,540","219,678","23,750","58,910","5,710","56,458","17,070","228,499",180,"1,120","11,159","8,330","42,530","2,110","6,720","9,580","56,298","9,330","25,749",330,93,70,"1,004",640,"2,173",830,"3,085","1,020",776,"96,940","1,622,930","96,940","1,580,353","22,120","42,576",990,"24,861",450,"8,157",190,590,70,56,290,"1,974",480,"2,016",640,"8,814",80,131,250,"3,568",120,"1,652",20,83,70,772,320,"1,233",50,552,"3,800","1,915","50,390","266,142","45,810","30,786",0,0,190,200,"27,180","14,836","20,010","11,957",80,29,810,350,"4,380","1,111","2,810","1,305",0,0,0,0,"6,230","16,261",470,"2,872",520,"3,112","45,640","98,576","1,400","3,165",800,265,300,"1,120",210,"1,214",80,566,"1,200","2,893","6,330","12,431","1,090",972,230,202,"26,530","15,951","32,460","34,170",120,36,"1,130",323,"13,980","15,136","42,420","79,268","40,060","71,641","2,650","7,627"
OA,4,"135,940","65,330","33,630","9,720","108,680","9,710","66,680","69,500","2,370","233,570","1,560",70,"1,490",0,0,"7,260","32,260","4,969,811","135,940","5,012,369","104,250","5,210,201","49,170","158,600","3,310","8,975","34,790","243,719","28,530","142,041",310,503,"13,640","287,971","28,990","118,297","7,200","117,084","23,270","574,541",240,"1,220","12,390","14,760","105,449","2,570","18,990","10,440","57,732","14,420","42,558",590,171,120,"1,617",800,"3,456","2,270","7,308","3,010","1,974","134,040","2,410,529","134,040","2,362,456","24,160","48,073","1,780","53,312",690,"14,693",440,"1,454",150,225,570,"3,977",960,"4,326","1,200","17,732",170,228,490,"7,239",210,"3,658",0,0,130,"1,399",740,"6,159",100,"2,055","11,530","12,398","131,070","2,514,179","126,600","290,950",0,0,360,361,"88,980","145,302","50,720","110,166","1,470",892,"3,510","2,833","26,110","6,919","20,410","24,006",110,173,50,33,"6,090","21,562",570,"3,038",610,"3,369","91,100","336,033","5,160","15,064",0,0,"2,300","4,253","1,860","6,546","1,000","4,265","5,000","14,744","18,800","51,659","2,310","1,685",220,287,"74,170","145,674","78,660","170,293",240,94,"1,720",438,"22,910","37,773","81,390","202,483","78,520","191,181","3,350","11,302"
OA,5,"83,720","29,120","30,630","7,610","66,740","6,330","46,420","39,710","1,740","176,680",490,30,450,10,0,"4,400","20,010","5,150,300","83,720","5,184,940","65,780","4,730,752","37,650","139,926","2,770","8,677","27,190","246,419","22,750","149,405",330,630,"9,250","230,121","22,650","136,197","5,510","123,228","15,210","533,028",130,750,"7,739","9,640","127,031","2,040","22,529","9,030","38,539","10,650","34,640",880,258,120,"2,028",560,"2,646","1,420","6,371","2,760","2,034","81,770","1,617,274","81,770","1,587,674","14,630","29,600","1,870","64,197",610,"15,563",540,"3,170",170,318,740,"5,222","1,140","5,948","1,330","20,628",250,325,680,"10,648",190,"3,253",30,103,130,"1,502",870,"10,179",120,"2,224","11,080","15,902","83,470","3,459,445","82,460","442,728",170,219,260,448,"61,660","260,380","41,990","202,148","2,270","1,443","3,120","2,879","10,500","2,116","22,110","50,744",170,447,80,66,"4,150","16,750",280,"1,499",350,"1,905","57,570","335,267","2,110","2,482",0,0,0,0,"1,060","1,050","1,040","1,432","2,180","2,449","14,710","42,601","1,710","1,275",90,117,"46,760","182,426","49,350","202,532",240,85,"1,450",559,"17,510","44,136","48,020","176,019","45,550","163,361","2,880","12,658"
OA,6,"53,570","16,150","22,860","4,930","43,390","4,200","31,590","24,050","1,210","118,180",220,10,210,0,0,"2,160","13,450","4,640,418","53,570","4,670,215","42,670","4,058,681","27,990","122,565","2,370","8,844","21,120","229,463","18,120","147,090",360,541,"6,360","187,635","17,750","146,315","4,240","119,712","10,520","441,279",100,460,"5,029","6,580","115,507","1,760","21,437","7,360","32,635","7,920","29,797","1,100",334,120,"2,447",390,"2,003",980,"5,507","2,140","1,440","51,790","1,071,674","51,790","1,051,781","9,510","19,893","1,730","62,762",490,"14,963",600,"3,101",160,351,720,"4,942","1,110","6,417","1,250","17,460",230,372,690,"10,407",180,"3,327",30,105,120,"1,784",920,"12,215",100,"2,370","9,320","15,888","53,460","3,493,703","53,120","503,834",510,254,170,351,"39,660","275,516","29,270","230,458","2,070","1,424","2,130","2,102",0,0,"15,030","40,321",120,516,60,62,"2,880","13,233",150,768,200,"1,101","38,060","316,730",0,0,0,0,0,0,0,0,0,0,0,0,"6,740","20,898","1,060",848,30,54,"34,560","228,333","36,260","245,465",390,178,"2,220",912,"13,940","47,921","29,320","118,196","27,370","106,729","2,320","11,468"
OA,7,"97,310","23,500","49,970","8,170","79,640","7,710","62,860","38,850","2,800","231,200",200,20,170,10,0,"2,220","23,210","13,595,143","97,310","13,668,838","80,760","11,328,857","60,860","342,654","6,440","25,875","48,990","680,899","43,040","440,424","1,040","2,171","13,230","534,493","41,900","539,331","8,640","354,251","19,770","1,021,467",220,780,"7,993","10,590","229,552","4,680","86,744","15,640","101,805","14,450","73,695","1,820",611,340,"7,999",850,"5,341","1,860","12,346","3,090","2,399","92,030","2,008,778","92,030","1,975,882","15,340","32,896","5,200","194,345",920,"28,049","2,320","18,136",520,"1,315","2,610","17,762","3,800","26,908","4,000","41,179",850,"1,169","2,500","39,353",600,"11,370",100,275,430,"9,677","3,160","51,293",390,"13,573","23,170","49,798","97,220","11,346,720","97,040","1,929,089","2,740","2,164",190,679,"78,480","1,068,681","61,320","973,523","4,370","3,081","3,120","3,317",0,0,"30,790","84,440",240,"1,363",240,225,"5,960","31,861",140,575,230,"1,224","70,550","1,007,255",0,0,0,0,0,0,0,0,0,0,0,0,"11,320","34,445","1,670","1,440",40,51,"66,760","860,448","72,090","908,996","2,490","1,088","12,820","8,466","33,810","166,830","49,070","261,713","44,280","214,191","5,760","47,522"
OA,8,"54,470","11,320","30,390","4,540","43,900","4,770","44,240","14,760","1,890","131,890",10,0,10,0,0,160,"12,350","16,351,154","54,470","16,420,445","46,910","12,945,051","41,560","423,954","5,990","38,365","36,590","938,441","32,850","616,337",610,"1,431","8,750","665,864","33,230","1,085,996","5,290","369,743","8,460","639,921",150,370,"5,100","4,580","104,534","5,260","270,996","8,500","89,426","6,980","69,291",330,110,430,"14,336",710,"6,675","1,310","11,286",0,0,"49,300","1,100,578","49,300","1,085,710","6,930","14,868","5,090","233,573",370,"15,117","2,360","37,687",430,"1,340","2,410","24,770","3,590","28,146","3,740","38,425",600,"1,066","2,330","44,305",840,"18,176",90,263,750,"23,604","3,140","77,516",380,"16,134","18,030","53,581","54,450","14,964,514","54,450","3,330,129","5,240","6,383",80,407,"48,620","2,137,458","44,640","2,099,173","3,010","1,986",0,0,0,0,"13,450","31,965",100,857,160,183,"3,980","29,561",0,0,90,429,"37,990","1,232,013",0,0,0,0,0,0,0,0,0,0,0,0,"5,380","14,378",0,0,0,0,"38,640","1,192,712","46,850","1,292,365","8,280","7,785","34,990","53,722","27,210","292,097","22,170","224,832","16,910","136,438","6,220","88,394"
OA,9,"14,280","2,330","8,500","1,390","11,090","1,390","13,120","2,500",650,"36,220",0,0,0,0,0,0,"3,010","9,786,758","14,280","9,827,343","12,320","7,182,823","12,410","266,246","2,270","24,713","11,460","637,323","10,460","420,974",220,"1,062","2,230","351,051","10,840","999,626","1,130","114,786","1,400","156,748",50,90,"1,136",830,"19,450","2,690","329,243","2,670","35,970","2,170","40,585",20,6,260,"12,832",330,"4,405",590,"5,592",0,0,"12,000","274,793","12,000","271,760","1,450","3,033","2,250","140,602",40,"4,245","1,080","33,332",120,390,940,"13,573","1,570","12,181","1,630","16,963",140,490,970,"19,770",480,"11,093",30,138,620,"20,704","1,470","56,602",280,"12,126","5,680","21,855","14,270","9,349,541","14,270","2,578,639","2,280","5,741",20,91,"13,240","1,764,781","13,150","1,760,080",670,478,0,0,0,0,60,63,20,190,30,38,"1,160","14,722",0,0,20,91,"9,890","849,348",0,0,0,0,0,0,0,0,0,0,0,0,20,30,0,0,0,0,"11,630","813,916","13,350","903,016","3,210","10,997","12,220","59,472","8,080","211,472","5,230","152,287","2,920","73,101","2,680","79,185"
OA,10,"9,260","1,390","5,510","1,130","6,770",880,"8,860","1,470",410,"24,290",0,0,0,0,0,0,"2,160","33,647,412","9,260","33,747,742","7,620","14,678,235","8,730","1,657,773","2,370","95,836","8,230","3,592,821","7,690","2,369,986",270,"9,147","1,550","483,651","8,030","9,191,470",560,"83,014",780,"129,384",50,40,666,530,"13,460","3,580","2,819,975","2,480","108,834","1,920","100,330",0,0,430,"36,476",530,"11,730",370,"3,869",0,0,"6,000","137,587","6,000","136,071",730,"1,516","3,250","976,613",0,0,"1,920","312,879",140,"47,304","1,350","41,001","2,510","21,551","2,570","36,675",190,"2,740","1,230","27,022",590,"12,330",30,45,"1,690","389,306","2,490","467,321",700,"41,950","4,540","114,646","9,260","32,419,715","9,260","9,762,687","1,940","29,388",10,69,"8,830","5,986,394","8,790","5,958,740",270,225,0,0,0,0,0,0,10,168,0,0,"1,060","32,043",0,0,10,77,"7,450","4,888,289",0,0,0,0,0,0,0,0,0,0,0,0,0,0,0,0,0,0,"8,030","3,776,293","8,940","4,338,736","2,380","37,488","8,440","485,049","4,310","490,037","4,620","1,023,757","1,920","194,330","3,110","829,427"
PR,0,"84,780","44,850","27,490","7,760","66,920","6,220","59,600","41,490","1,110","146,800","1,110","1,090",0,20,0,"2,600","32,070","4,903,844","81,710","5,069,121","48,410","2,848,778","12,530","307,601","1,980","56,299","10,000","456,875","7,790","182,089",150,485,"11,150","609,674","5,820","368,755","1,790","49,804","21,430","696,262",90,"1,720","13,742","19,830","348,970","1,980","301,246","2,100","15,938","12,610","165,277",190,59,50,"1,621",250,"1,887",210,891,"1,040",744,"75,590","1,471,538","75,590","1,423,144","22,070","48,394","3,360","116,248",480,"8,901",870,"33,066",210,"1,006",730,"6,104","1,410","9,170","2,060","16,370",240,509,800,"11,508",380,"3,878",40,168,370,"27,049","1,070","34,297",810,"14,305","4,560","65,745","60,640","3,772,013","60,660","725,209",680,"2,249",430,467,"36,170","211,493","27,820","191,621",260,157,590,551,"3,390",695,"8,750","11,277",370,"1,329",110,82,"10,110","64,437",710,"3,714",800,"4,287","57,380","707,262","1,660","5,517",400,163,590,"1,835",490,"2,470",190,"1,049","1,540","4,552","13,290","27,049",920,845,200,160,"39,600","513,755","46,640","611,548","2,070","5,548","1,440","20,471","25,190","125,980","46,120","218,545","44,090","139,713","2,300","78,831"
PR,1,"5,760","2,740","1,720","1,110","3,310",710,"3,990","2,230",150,"10,300",50,50,0,0,0,40,"2,360","-177,352","2,690","-115,277","1,750","77,184",490,"10,193",50,"1,135",420,"25,037",310,"6,449",0,0,950,"24,244",450,"26,485",30,599,220,"5,176",10,30,245,30,187,270,"-90,777",220,"-3,533","2,310","62,075",20,5,20,448,10,152,0,0,30,28,0,0,0,0,0,0,0,0,0,0,0,0,0,0,0,0,0,0,0,0,0,0,0,0,0,0,0,0,0,0,0,0,0,0,0,0,0,0,250,291,10,188,10,11,40,53,20,35,0,0,0,0,0,0,20,11,0,0,0,0,830,"6,651",30,246,40,274,"2,890","15,390",0,0,0,0,0,0,0,0,0,0,0,0,"1,460","2,768",270,257,0,0,230,239,"1,180","7,352",140,337,0,0,930,"2,803","2,610","10,796","2,480","6,034",160,"4,762"
PR,2,"13,280","9,000","2,910",620,"10,230","1,050","9,440","5,100",170,"19,340",220,220,0,0,0,220,"4,800","67,769","13,280","88,459","6,030","120,812","1,750","2,690",160,"1,330","1,600","7,656","1,180","2,064",30,52,"2,630","41,261",710,"2,629",180,884,"2,780","20,191",20,220,"1,060","1,600","8,739",140,65,300,"1,591","2,430","20,690",0,0,0,0,20,57,20,80,60,37,"12,860","225,267","12,860","218,018","3,480","7,249",390,"1,793",50,282,40,189,10,65,10,9,60,156,190,663,20,55,20,157,40,166,0,0,10,74,40,40,120,319,140,50,"2,530","8,015","2,590",774,0,0,50,12,650,163,440,108,0,0,0,0,100,10,150,35,0,0,0,0,"2,320","5,820",120,682,140,746,"6,340","10,046",310,346,200,90,70,148,30,71,10,37,280,311,"1,600","2,375",130,117,50,40,"2,210",611,"4,530","7,036",200,434,30,8,"3,570","3,177","5,730","6,155","5,530","5,568",220,587
PR,3,"17,350","10,750","4,250","1,440","13,800","1,130","12,080","8,150",140,"26,870",310,310,0,0,0,850,"7,410","295,703","17,350","307,926","8,740","197,992","1,650","6,666",210,"1,998","1,340","17,655",970,"4,044",10,90,"2,630","62,335",660,"2,717",310,"3,404","4,630","76,922",20,420,"3,532","4,840","54,554",170,"-3,676",340,"3,116","2,490","12,223",30,7,0,0,30,115,20,56,120,90,"16,940","312,392","16,940","300,219","5,770","12,173",400,"3,314",80,866,40,123,0,0,30,38,80,152,200,864,0,0,30,296,40,188,10,87,20,95,50,211,110,626,760,608,"10,490","76,471","10,420","7,552",0,0,90,20,"3,700","1,745","1,810","1,032",20,3,110,47,970,200,"1,030",431,10,16,0,0,"2,440","9,155",240,"1,144",260,"1,200","10,200","24,688",910,"3,808",200,73,340,"1,307",280,"1,708",100,719,850,"3,001","2,570","4,828",140,124,80,44,"8,080","5,807","9,700","15,627",150,358,20,20,"5,540","7,608","8,960","16,582","8,710","15,832",280,749
PR,4,"20,410","10,960","6,460","1,880","16,510","1,260","13,960","10,390",170,"34,390",340,320,0,20,0,760,"8,090","748,374","20,410","767,722","12,100","487,831","2,350","12,608",310,"3,864","1,770","26,326","1,330","7,632",20,74,"2,010","77,915",910,"4,770",390,"6,620","6,070","174,966",10,670,"5,711","6,390","107,870",200,"-1,221",290,"3,003","2,060","19,348",50,13,0,0,40,93,50,157,290,206,"19,830","387,225","19,830","372,804","6,430","14,421",570,"8,048",130,"2,193",90,467,40,228,80,246,180,732,310,"1,920",30,62,80,807,60,630,0,0,20,218,120,699,160,"1,282","1,080","1,767","19,670","398,400","19,510","42,308",0,0,160,102,"10,760","17,444","7,260","13,427",70,45,220,213,"1,860",407,"3,250","3,215",80,103,20,13,"1,840","11,136",240,"1,105",230,"1,196","14,720","49,557",400,"1,323",0,0,180,380,170,672,50,271,380,"1,207","3,060","6,453",150,133,60,52,"13,760","24,864","14,480","37,181",190,510,20,26,"7,390","13,967","11,430","26,157","11,040","24,933",440,"1,224"
PR,5,"12,590","5,820","4,610","1,380","10,470",770,"8,780","7,390",100,"23,700",140,140,0,0,0,380,"4,230","773,416","12,590","782,653","8,770","543,057","1,770","12,153",270,"3,754","1,270","22,555","1,000","7,480",20,28,"1,090","37,664",710,"3,928",280,"5,937","3,610","148,630",20,210,"1,759","3,210","69,558",160,"6,957",190,776,"1,300","9,237",40,12,10,280,30,153,50,197,300,218,"12,190","246,441","12,190","239,395","3,120","7,046",400,"8,146",100,"2,541",90,680,40,214,90,310,170,"1,071",250,"2,231",40,51,110,"1,147",30,260,0,0,20,181,120,821,80,850,740,"1,923","12,580","533,085","12,540","62,260",40,142,60,91,"9,260","37,846","7,970","34,415",40,25,130,140,460,78,"1,860","2,866",100,246,30,23,970,"6,127",60,370,70,456,"10,200","48,643",40,40,0,0,0,0,20,19,20,22,30,33,"2,280","5,169",110,97,20,24,"6,520","24,414","7,000","31,424",110,301,20,26,"3,310","9,499","7,910","26,575","7,670","25,363",260,"1,212"
PR,6,"6,740","2,850","2,830",700,"5,680",430,"4,850","4,040",70,"13,390",40,40,0,0,0,200,"2,180","581,949","6,740","586,840","5,000","420,287","1,170","9,903",190,"2,764",840,"18,440",670,"7,428",20,37,570,"18,858",490,"4,289",190,"4,670","1,830","93,417",0,80,587,"1,640","41,440",120,"2,582",120,803,660,"4,891",30,9,0,0,20,112,30,113,120,83,"6,400","133,977","6,400","130,720","1,430","3,257",330,"7,392",50,"1,285",110,"1,154",40,127,90,323,180,"1,234",250,"2,123",30,53,100,"1,130",40,387,10,47,20,456,100,"1,039",60,770,440,"1,461","6,730","445,579","6,720","59,804",230,171,20,34,"5,340","39,536","4,760","37,348",40,28,70,70,0,0,"1,000","1,728",70,285,20,14,500,"3,211",10,78,20,113,"5,550","38,371",0,0,0,0,0,0,0,0,0,0,0,0,"1,210","2,771",70,61,0,0,"3,300","20,281","3,580","24,101",80,155,20,29,"1,560","6,273","4,350","20,424","4,200","19,554",180,870
PR,7,"6,480","2,130","3,430",530,"5,350",530,"4,660","3,590",140,"13,970",20,20,0,0,0,150,"2,230","849,109","6,480","861,600","4,690","584,529","1,940","29,947",380,"11,414","1,510","61,412","1,230","29,951",20,79,760,"58,213",970,"30,567",270,"12,317","1,870","126,656",10,70,635,"1,650","49,763",290,"16,360",320,"1,728",830,"12,491",40,13,20,447,30,286,30,169,120,82,"5,870","131,832","5,870","128,487","1,440","3,345",600,"16,285",60,"1,135",230,"3,715",40,92,190,"1,011",330,"2,501",410,"4,148",60,96,230,"3,356",70,747,0,0,70,"1,632",260,"3,248",120,"1,811",720,"3,862","6,470","704,053","6,460","107,778",290,601,20,109,"4,990","61,425","4,320","58,444",60,39,70,81,0,0,"1,140","2,253",80,431,40,32,690,"6,179",20,89,20,202,"5,510","69,528",0,0,0,0,0,0,0,0,0,0,0,0,"1,020","2,491",60,56,0,0,"3,670","46,353","4,120","54,339",340,732,120,200,"1,870","13,060","4,030","27,993","3,760","25,395",310,"2,598"
PR,8,"1,630",450,960,80,"1,170",250,"1,310",540,90,"3,600",0,0,0,0,0,10,600,"469,769","1,630","479,289","1,060","260,875",900,"44,595",250,"12,752",800,"79,127",700,"33,241",10,42,360,"31,441",540,"35,844",100,"10,939",370,"41,122",0,20,213,390,"13,269",290,"14,351",170,"1,106",340,"9,520",0,0,0,0,20,232,20,119,0,0,"1,230","28,339","1,230","27,595",320,744,390,"16,256",20,599,150,"6,423",40,160,130,"1,136",220,"1,684",270,"2,665",40,50,130,"2,288",60,"1,063",10,34,90,"3,619",180,"4,142",90,"2,320",380,"4,120","1,620","423,331","1,620","84,624",60,259,10,88,"1,100","27,605",950,"26,438",30,17,0,0,0,0,300,738,30,248,0,0,350,"3,906",0,0,10,100,"1,470","65,219",0,0,0,0,0,0,0,0,0,0,0,0,90,194,0,0,0,0,"1,300","57,020","1,510","64,620",650,"1,149",730,"1,846",750,"17,676",820,"17,843",610,"8,972",240,"8,870"
PR,9,290,90,170,10,210,60,280,40,40,670,0,0,0,0,0,0,100,"203,305",290,"209,785",140,"59,518",250,"39,051",80,"8,053",230,"52,692",210,"18,634",10,83,60,"11,038",170,"25,393",20,"1,552",40,"6,581",0,0,0,60,"2,416",140,"26,626",60,"1,636",80,"6,480",0,0,10,446,20,173,0,0,0,0,180,"4,157",180,"4,043",50,114,110,"9,962",0,0,40,"1,440",0,0,40,924,60,545,70,639,20,142,50,798,20,437,0,0,40,"3,326",80,"3,497",30,"1,807",140,"2,768",290,"187,154",290,"47,642",20,103,0,0,170,"7,173",170,"7,057",0,0,0,0,0,0,0,0,0,0,0,0,70,"1,652",0,0,0,0,260,"43,224",0,0,0,0,0,0,0,0,0,0,0,0,0,0,0,0,0,0,280,"40,469",290,"45,729",120,573,240,"2,811",150,"11,115",130,"8,258",50,"1,805",90,"6,453"
PR,10,260,80,140,0,190,50,250,30,50,570,0,0,0,0,0,0,70,"1,091,802",260,"1,100,124",130,"96,693",240,"139,795",90,"9,235",220,"145,975",200,"65,166",0,0,80,"246,705",210,"232,133",20,"2,882",10,"2,601",0,0,0,30,"1,174",200,"329,979",80,"5,712",110,"8,322",0,0,0,0,30,514,0,0,0,0,90,"1,908",90,"1,863",20,45,170,"45,052",0,0,90,"18,875",20,120,70,"2,107",120,"1,095",130,"1,117",0,0,60,"1,529",0,0,0,0,90,"17,448",130,"20,600",40,"4,520",150,"49,186",260,"995,925",260,"312,176",40,785,0,0,160,"18,503",140,"13,317",0,0,0,0,0,0,0,0,0,0,0,0,90,"10,600",0,0,0,0,240,"342,596",0,0,0,0,0,0,0,0,0,0,0,0,0,0,0,0,0,0,260,"293,697",260,"324,139",100,999,240,"15,505",110,"40,802",150,"57,762",50,"6,257",120,"51,506"
