"GEOGRAPHY_CODE","GEOGRAPHY_NAME","C2021_RESTYPE_3_NAME","C2021_AGE_24_NAME","C_SEX_NAME","OBS_VALUE"
"E06000001","Hartlepool","Lives in a communal establishment","Total","All persons",863
"E06000001","Hartlepool","Lives in a communal establishment","Aged 2 years and under","All persons",0
"E06000001","Hartlepool","Lives in a communal establishment","Aged 3 to 4 years","All persons",0
"E06000001","Hartlepool","Lives in a communal establishment","Aged 5 to 7 years","All persons",0
"E06000001","Hartlepool","Lives in a communal establishment","Aged 8 to 9 years","All persons",3
"E06000001","Hartlepool","Lives in a communal establishment","Aged 10 to 14 years","All persons",6
"E06000001","Hartlepool","Lives in a communal establishment","Aged 15 years","All persons",3
"E06000001","Hartlepool","Lives in a communal establishment","Aged 16 to 17 years","All persons",1
"E06000001","Hartlepool","Lives in a communal establishment","Aged 18 to 19 years","All persons",21
"E06000001","Hartlepool","Lives in a communal establishment","Aged 20 to 24 years","All persons",43
"E06000001","Hartlepool","Lives in a communal establishment","Aged 25 to 29 years","All persons",12
"E06000001","Hartlepool","Lives in a communal establishment","Aged 30 to 34 years","All persons",4
"E06000001","Hartlepool","Lives in a communal establishment","Aged 35 to 39 years","All persons",7
"E06000001","Hartlepool","Lives in a communal establishment","Aged 40 to 44 years","All persons",12
"E06000001","Hartlepool","Lives in a communal establishment","Aged 45 to 49 years","All persons",8
"E06000001","Hartlepool","Lives in a communal establishment","Aged 50 to 54 years","All persons",20
"E06000001","Hartlepool","Lives in a communal establishment","Aged 55 to 59 years","All persons",27
"E06000001","Hartlepool","Lives in a communal establishment","Aged 60 to 64 years","All persons",33
"E06000001","Hartlepool","Lives in a communal establishment","Aged 65 years","All persons",9
"E06000001","Hartlepool","Lives in a communal establishment","Aged 66 to 69 years","All persons",36
"E06000001","Hartlepool","Lives in a communal establishment","Aged 70 to 74 years","All persons",58
"E06000001","Hartlepool","Lives in a communal establishment","Aged 75 to 79 years","All persons",75
"E06000001","Hartlepool","Lives in a communal establishment","Aged 80 to 84 years","All persons",141
"E06000001","Hartlepool","Lives in a communal establishment","Aged 85 years and over","All persons",344
"E06000002","Middlesbrough","Lives in a communal establishment","Total","All persons",2504
"E06000002","Middlesbrough","Lives in a communal establishment","Aged 2 years and under","All persons",5
"E06000002","Middlesbrough","Lives in a communal establishment","Aged 3 to 4 years","All persons",0
"E06000002","Middlesbrough","Lives in a communal establishment","Aged 5 to 7 years","All persons",0
"E06000002","Middlesbrough","Lives in a communal establishment","Aged 8 to 9 years","All persons",3
"E06000002","Middlesbrough","Lives in a communal establishment","Aged 10 to 14 years","All persons",4
"E06000002","Middlesbrough","Lives in a communal establishment","Aged 15 years","All persons",0
"E06000002","Middlesbrough","Lives in a communal establishment","Aged 16 to 17 years","All persons",6
"E06000002","Middlesbrough","Lives in a communal establishment","Aged 18 to 19 years","All persons",297
"E06000002","Middlesbrough","Lives in a communal establishment","Aged 20 to 24 years","All persons",534
"E06000002","Middlesbrough","Lives in a communal establishment","Aged 25 to 29 years","All persons",134
"E06000002","Middlesbrough","Lives in a communal establishment","Aged 30 to 34 years","All persons",102
"E06000002","Middlesbrough","Lives in a communal establishment","Aged 35 to 39 years","All persons",82
"E06000002","Middlesbrough","Lives in a communal establishment","Aged 40 to 44 years","All persons",60
"E06000002","Middlesbrough","Lives in a communal establishment","Aged 45 to 49 years","All persons",68
"E06000002","Middlesbrough","Lives in a communal establishment","Aged 50 to 54 years","All persons",86
"E06000002","Middlesbrough","Lives in a communal establishment","Aged 55 to 59 years","All persons",72
"E06000002","Middlesbrough","Lives in a communal establishment","Aged 60 to 64 years","All persons",86
"E06000002","Middlesbrough","Lives in a communal establishment","Aged 65 years","All persons",15
"E06000002","Middlesbrough","Lives in a communal establishment","Aged 66 to 69 years","All persons",56
"E06000002","Middlesbrough","Lives in a communal establishment","Aged 70 to 74 years","All persons",110
"E06000002","Middlesbrough","Lives in a communal establishment","Aged 75 to 79 years","All persons",134
"E06000002","Middlesbrough","Lives in a communal establishment","Aged 80 to 84 years","All persons",196
"E06000002","Middlesbrough","Lives in a communal establishment","Aged 85 years and over","All persons",454
"E06000003","Redcar and Cleveland","Lives in a communal establishment","Total","All persons",1234
"E06000003","Redcar and Cleveland","Lives in a communal establishment","Aged 2 years and under","All persons",0
"E06000003","Redcar and Cleveland","Lives in a communal establishment","Aged 3 to 4 years","All persons",0
"E06000003","Redcar and Cleveland","Lives in a communal establishment","Aged 5 to 7 years","All persons",0
"E06000003","Redcar and Cleveland","Lives in a communal establishment","Aged 8 to 9 years","All persons",0
"E06000003","Redcar and Cleveland","Lives in a communal establishment","Aged 10 to 14 years","All persons",4
"E06000003","Redcar and Cleveland","Lives in a communal establishment","Aged 15 years","All persons",4
"E06000003","Redcar and Cleveland","Lives in a communal establishment","Aged 16 to 17 years","All persons",3
"E06000003","Redcar and Cleveland","Lives in a communal establishment","Aged 18 to 19 years","All persons",1
"E06000003","Redcar and Cleveland","Lives in a communal establishment","Aged 20 to 24 years","All persons",8
"E06000003","Redcar and Cleveland","Lives in a communal establishment","Aged 25 to 29 years","All persons",19
"E06000003","Redcar and Cleveland","Lives in a communal establishment","Aged 30 to 34 years","All persons",16
"E06000003","Redcar and Cleveland","Lives in a communal establishment","Aged 35 to 39 years","All persons",18
"E06000003","Redcar and Cleveland","Lives in a communal establishment","Aged 40 to 44 years","All persons",19
"E06000003","Redcar and Cleveland","Lives in a communal establishment","Aged 45 to 49 years","All persons",45
"E06000003","Redcar and Cleveland","Lives in a communal establishment","Aged 50 to 54 years","All persons",54
"E06000003","Redcar and Cleveland","Lives in a communal establishment","Aged 55 to 59 years","All persons",58
"E06000003","Redcar and Cleveland","Lives in a communal establishment","Aged 60 to 64 years","All persons",70
"E06000003","Redcar and Cleveland","Lives in a communal establishment","Aged 65 years","All persons",19
"E06000003","Redcar and Cleveland","Lives in a communal establishment","Aged 66 to 69 years","All persons",53
"E06000003","Redcar and Cleveland","Lives in a communal establishment","Aged 70 to 74 years","All persons",82
"E06000003","Redcar and Cleveland","Lives in a communal establishment","Aged 75 to 79 years","All persons",133
"E06000003","Redcar and Cleveland","Lives in a communal establishment","Aged 80 to 84 years","All persons",179
"E06000003","Redcar and Cleveland","Lives in a communal establishment","Aged 85 years and over","All persons",449
"E06000004","Stockton-on-Tees","Lives in a communal establishment","Total","All persons",2813
"E06000004","Stockton-on-Tees","Lives in a communal establishment","Aged 2 years and under","All persons",1
"E06000004","Stockton-on-Tees","Lives in a communal establishment","Aged 3 to 4 years","All persons",1
"E06000004","Stockton-on-Tees","Lives in a communal establishment","Aged 5 to 7 years","All persons",0
"E06000004","Stockton-on-Tees","Lives in a communal establishment","Aged 8 to 9 years","All persons",3
"E06000004","Stockton-on-Tees","Lives in a communal establishment","Aged 10 to 14 years","All persons",9
"E06000004","Stockton-on-Tees","Lives in a communal establishment","Aged 15 years","All persons",3
"E06000004","Stockton-on-Tees","Lives in a communal establishment","Aged 16 to 17 years","All persons",21
"E06000004","Stockton-on-Tees","Lives in a communal establishment","Aged 18 to 19 years","All persons",20
"E06000004","Stockton-on-Tees","Lives in a communal establishment","Aged 20 to 24 years","All persons",142
"E06000004","Stockton-on-Tees","Lives in a communal establishment","Aged 25 to 29 years","All persons",255
"E06000004","Stockton-on-Tees","Lives in a communal establishment","Aged 30 to 34 years","All persons",275
"E06000004","Stockton-on-Tees","Lives in a communal establishment","Aged 35 to 39 years","All persons",227
"E06000004","Stockton-on-Tees","Lives in a communal establishment","Aged 40 to 44 years","All persons",214
"E06000004","Stockton-on-Tees","Lives in a communal establishment","Aged 45 to 49 years","All persons",123
"E06000004","Stockton-on-Tees","Lives in a communal establishment","Aged 50 to 54 years","All persons",131
"E06000004","Stockton-on-Tees","Lives in a communal establishment","Aged 55 to 59 years","All persons",76
"E06000004","Stockton-on-Tees","Lives in a communal establishment","Aged 60 to 64 years","All persons",104
"E06000004","Stockton-on-Tees","Lives in a communal establishment","Aged 65 years","All persons",22
"E06000004","Stockton-on-Tees","Lives in a communal establishment","Aged 66 to 69 years","All persons",82
"E06000004","Stockton-on-Tees","Lives in a communal establishment","Aged 70 to 74 years","All persons",102
"E06000004","Stockton-on-Tees","Lives in a communal establishment","Aged 75 to 79 years","All persons",151
"E06000004","Stockton-on-Tees","Lives in a communal establishment","Aged 80 to 84 years","All persons",231
"E06000004","Stockton-on-Tees","Lives in a communal establishment","Aged 85 years and over","All persons",620
"E06000005","Darlington","Lives in a communal establishment","Total","All persons",976
"E06000005","Darlington","Lives in a communal establishment","Aged 2 years and under","All persons",0
"E06000005","Darlington","Lives in a communal establishment","Aged 3 to 4 years","All persons",0
"E06000005","Darlington","Lives in a communal establishment","Aged 5 to 7 years","All persons",0
"E06000005","Darlington","Lives in a communal establishment","Aged 8 to 9 years","All persons",1
"E06000005","Darlington","Lives in a communal establishment","Aged 10 to 14 years","All persons",14
"E06000005","Darlington","Lives in a communal establishment","Aged 15 years","All persons",5
"E06000005","Darlington","Lives in a communal establishment","Aged 16 to 17 years","All persons",16
"E06000005","Darlington","Lives in a communal establishment","Aged 18 to 19 years","All persons",3
"E06000005","Darlington","Lives in a communal establishment","Aged 20 to 24 years","All persons",16
"E06000005","Darlington","Lives in a communal establishment","Aged 25 to 29 years","All persons",18
"E06000005","Darlington","Lives in a communal establishment","Aged 30 to 34 years","All persons",27
"E06000005","Darlington","Lives in a communal establishment","Aged 35 to 39 years","All persons",18
"E06000005","Darlington","Lives in a communal establishment","Aged 40 to 44 years","All persons",12
"E06000005","Darlington","Lives in a communal establishment","Aged 45 to 49 years","All persons",19
"E06000005","Darlington","Lives in a communal establishment","Aged 50 to 54 years","All persons",22
"E06000005","Darlington","Lives in a communal establishment","Aged 55 to 59 years","All persons",24
"E06000005","Darlington","Lives in a communal establishment","Aged 60 to 64 years","All persons",36
"E06000005","Darlington","Lives in a communal establishment","Aged 65 years","All persons",2
"E06000005","Darlington","Lives in a communal establishment","Aged 66 to 69 years","All persons",29
"E06000005","Darlington","Lives in a communal establishment","Aged 70 to 74 years","All persons",66
"E06000005","Darlington","Lives in a communal establishment","Aged 75 to 79 years","All persons",74
"E06000005","Darlington","Lives in a communal establishment","Aged 80 to 84 years","All persons",150
"E06000005","Darlington","Lives in a communal establishment","Aged 85 years and over","All persons",424
"E06000047","County Durham","Lives in a communal establishment","Total","All persons",13307
"E06000047","County Durham","Lives in a communal establishment","Aged 2 years and under","All persons",1
"E06000047","County Durham","Lives in a communal establishment","Aged 3 to 4 years","All persons",3
"E06000047","County Durham","Lives in a communal establishment","Aged 5 to 7 years","All persons",6
"E06000047","County Durham","Lives in a communal establishment","Aged 8 to 9 years","All persons",11
"E06000047","County Durham","Lives in a communal establishment","Aged 10 to 14 years","All persons",70
"E06000047","County Durham","Lives in a communal establishment","Aged 15 years","All persons",33
"E06000047","County Durham","Lives in a communal establishment","Aged 16 to 17 years","All persons",63
"E06000047","County Durham","Lives in a communal establishment","Aged 18 to 19 years","All persons",4432
"E06000047","County Durham","Lives in a communal establishment","Aged 20 to 24 years","All persons",2734
"E06000047","County Durham","Lives in a communal establishment","Aged 25 to 29 years","All persons",543
"E06000047","County Durham","Lives in a communal establishment","Aged 30 to 34 years","All persons",419
"E06000047","County Durham","Lives in a communal establishment","Aged 35 to 39 years","All persons",348
"E06000047","County Durham","Lives in a communal establishment","Aged 40 to 44 years","All persons",253
"E06000047","County Durham","Lives in a communal establishment","Aged 45 to 49 years","All persons",221
"E06000047","County Durham","Lives in a communal establishment","Aged 50 to 54 years","All persons",222
"E06000047","County Durham","Lives in a communal establishment","Aged 55 to 59 years","All persons",248
"E06000047","County Durham","Lives in a communal establishment","Aged 60 to 64 years","All persons",271
"E06000047","County Durham","Lives in a communal establishment","Aged 65 years","All persons",46
"E06000047","County Durham","Lives in a communal establishment","Aged 66 to 69 years","All persons",192
"E06000047","County Durham","Lives in a communal establishment","Aged 70 to 74 years","All persons",314
"E06000047","County Durham","Lives in a communal establishment","Aged 75 to 79 years","All persons",467
"E06000047","County Durham","Lives in a communal establishment","Aged 80 to 84 years","All persons",685
"E06000047","County Durham","Lives in a communal establishment","Aged 85 years and over","All persons",1725
"E06000057","Northumberland","Lives in a communal establishment","Total","All persons",4461
"E06000057","Northumberland","Lives in a communal establishment","Aged 2 years and under","All persons",2
"E06000057","Northumberland","Lives in a communal establishment","Aged 3 to 4 years","All persons",3
"E06000057","Northumberland","Lives in a communal establishment","Aged 5 to 7 years","All persons",3
"E06000057","Northumberland","Lives in a communal establishment","Aged 8 to 9 years","All persons",6
"E06000057","Northumberland","Lives in a communal establishment","Aged 10 to 14 years","All persons",47
"E06000057","Northumberland","Lives in a communal establishment","Aged 15 years","All persons",19
"E06000057","Northumberland","Lives in a communal establishment","Aged 16 to 17 years","All persons",19
"E06000057","Northumberland","Lives in a communal establishment","Aged 18 to 19 years","All persons",85
"E06000057","Northumberland","Lives in a communal establishment","Aged 20 to 24 years","All persons",203
"E06000057","Northumberland","Lives in a communal establishment","Aged 25 to 29 years","All persons",360
"E06000057","Northumberland","Lives in a communal establishment","Aged 30 to 34 years","All persons",331
"E06000057","Northumberland","Lives in a communal establishment","Aged 35 to 39 years","All persons",285
"E06000057","Northumberland","Lives in a communal establishment","Aged 40 to 44 years","All persons",223
"E06000057","Northumberland","Lives in a communal establishment","Aged 45 to 49 years","All persons",155
"E06000057","Northumberland","Lives in a communal establishment","Aged 50 to 54 years","All persons",166
"E06000057","Northumberland","Lives in a communal establishment","Aged 55 to 59 years","All persons",139
"E06000057","Northumberland","Lives in a communal establishment","Aged 60 to 64 years","All persons",165
"E06000057","Northumberland","Lives in a communal establishment","Aged 65 years","All persons",26
"E06000057","Northumberland","Lives in a communal establishment","Aged 66 to 69 years","All persons",116
"E06000057","Northumberland","Lives in a communal establishment","Aged 70 to 74 years","All persons",223
"E06000057","Northumberland","Lives in a communal establishment","Aged 75 to 79 years","All persons",311
"E06000057","Northumberland","Lives in a communal establishment","Aged 80 to 84 years","All persons",413
"E06000057","Northumberland","Lives in a communal establishment","Aged 85 years and over","All persons",1161
"E08000021","Newcastle upon Tyne","Lives in a communal establishment","Total","All persons",17240
"E08000021","Newcastle upon Tyne","Lives in a communal establishment","Aged 2 years and under","All persons",11
"E08000021","Newcastle upon Tyne","Lives in a communal establishment","Aged 3 to 4 years","All persons",7
"E08000021","Newcastle upon Tyne","Lives in a communal establishment","Aged 5 to 7 years","All persons",6
"E08000021","Newcastle upon Tyne","Lives in a communal establishment","Aged 8 to 9 years","All persons",3
"E08000021","Newcastle upon Tyne","Lives in a communal establishment","Aged 10 to 14 years","All persons",14
"E08000021","Newcastle upon Tyne","Lives in a communal establishment","Aged 15 years","All persons",18
"E08000021","Newcastle upon Tyne","Lives in a communal establishment","Aged 16 to 17 years","All persons",42
"E08000021","Newcastle upon Tyne","Lives in a communal establishment","Aged 18 to 19 years","All persons",7768
"E08000021","Newcastle upon Tyne","Lives in a communal establishment","Aged 20 to 24 years","All persons",5686
"E08000021","Newcastle upon Tyne","Lives in a communal establishment","Aged 25 to 29 years","All persons",969
"E08000021","Newcastle upon Tyne","Lives in a communal establishment","Aged 30 to 34 years","All persons",296
"E08000021","Newcastle upon Tyne","Lives in a communal establishment","Aged 35 to 39 years","All persons",164
"E08000021","Newcastle upon Tyne","Lives in a communal establishment","Aged 40 to 44 years","All persons",102
"E08000021","Newcastle upon Tyne","Lives in a communal establishment","Aged 45 to 49 years","All persons",80
"E08000021","Newcastle upon Tyne","Lives in a communal establishment","Aged 50 to 54 years","All persons",84
"E08000021","Newcastle upon Tyne","Lives in a communal establishment","Aged 55 to 59 years","All persons",87
"E08000021","Newcastle upon Tyne","Lives in a communal establishment","Aged 60 to 64 years","All persons",109
"E08000021","Newcastle upon Tyne","Lives in a communal establishment","Aged 65 years","All persons",25
"E08000021","Newcastle upon Tyne","Lives in a communal establishment","Aged 66 to 69 years","All persons",111
"E08000021","Newcastle upon Tyne","Lives in a communal establishment","Aged 70 to 74 years","All persons",178
"E08000021","Newcastle upon Tyne","Lives in a communal establishment","Aged 75 to 79 years","All persons",242
"E08000021","Newcastle upon Tyne","Lives in a communal establishment","Aged 80 to 84 years","All persons",307
"E08000021","Newcastle upon Tyne","Lives in a communal establishment","Aged 85 years and over","All persons",931
"E08000022","North Tyneside","Lives in a communal establishment","Total","All persons",1252
"E08000022","North Tyneside","Lives in a communal establishment","Aged 2 years and under","All persons",1
"E08000022","North Tyneside","Lives in a communal establishment","Aged 3 to 4 years","All persons",0
"E08000022","North Tyneside","Lives in a communal establishment","Aged 5 to 7 years","All persons",0
"E08000022","North Tyneside","Lives in a communal establishment","Aged 8 to 9 years","All persons",0
"E08000022","North Tyneside","Lives in a communal establishment","Aged 10 to 14 years","All persons",0
"E08000022","North Tyneside","Lives in a communal establishment","Aged 15 years","All persons",2
"E08000022","North Tyneside","Lives in a communal establishment","Aged 16 to 17 years","All persons",10
"E08000022","North Tyneside","Lives in a communal establishment","Aged 18 to 19 years","All persons",5
"E08000022","North Tyneside","Lives in a communal establishment","Aged 20 to 24 years","All persons",14
"E08000022","North Tyneside","Lives in a communal establishment","Aged 25 to 29 years","All persons",4
"E08000022","North Tyneside","Lives in a communal establishment","Aged 30 to 34 years","All persons",8
"E08000022","North Tyneside","Lives in a communal establishment","Aged 35 to 39 years","All persons",22
"E08000022","North Tyneside","Lives in a communal establishment","Aged 40 to 44 years","All persons",22
"E08000022","North Tyneside","Lives in a communal establishment","Aged 45 to 49 years","All persons",13
"E08000022","North Tyneside","Lives in a communal establishment","Aged 50 to 54 years","All persons",21
"E08000022","North Tyneside","Lives in a communal establishment","Aged 55 to 59 years","All persons",48
"E08000022","North Tyneside","Lives in a communal establishment","Aged 60 to 64 years","All persons",34
"E08000022","North Tyneside","Lives in a communal establishment","Aged 65 years","All persons",14
"E08000022","North Tyneside","Lives in a communal establishment","Aged 66 to 69 years","All persons",46
"E08000022","North Tyneside","Lives in a communal establishment","Aged 70 to 74 years","All persons",96
"E08000022","North Tyneside","Lives in a communal establishment","Aged 75 to 79 years","All persons",138
"E08000022","North Tyneside","Lives in a communal establishment","Aged 80 to 84 years","All persons",199
"E08000022","North Tyneside","Lives in a communal establishment","Aged 85 years and over","All persons",555
"E08000023","South Tyneside","Lives in a communal establishment","Total","All persons",1179
"E08000023","South Tyneside","Lives in a communal establishment","Aged 2 years and under","All persons",0
"E08000023","South Tyneside","Lives in a communal establishment","Aged 3 to 4 years","All persons",0
"E08000023","South Tyneside","Lives in a communal establishment","Aged 5 to 7 years","All persons",0
"E08000023","South Tyneside","Lives in a communal establishment","Aged 8 to 9 years","All persons",1
"E08000023","South Tyneside","Lives in a communal establishment","Aged 10 to 14 years","All persons",2
"E08000023","South Tyneside","Lives in a communal establishment","Aged 15 years","All persons",0
"E08000023","South Tyneside","Lives in a communal establishment","Aged 16 to 17 years","All persons",10
"E08000023","South Tyneside","Lives in a communal establishment","Aged 18 to 19 years","All persons",24
"E08000023","South Tyneside","Lives in a communal establishment","Aged 20 to 24 years","All persons",53
"E08000023","South Tyneside","Lives in a communal establishment","Aged 25 to 29 years","All persons",24
"E08000023","South Tyneside","Lives in a communal establishment","Aged 30 to 34 years","All persons",11
"E08000023","South Tyneside","Lives in a communal establishment","Aged 35 to 39 years","All persons",36
"E08000023","South Tyneside","Lives in a communal establishment","Aged 40 to 44 years","All persons",18
"E08000023","South Tyneside","Lives in a communal establishment","Aged 45 to 49 years","All persons",17
"E08000023","South Tyneside","Lives in a communal establishment","Aged 50 to 54 years","All persons",53
"E08000023","South Tyneside","Lives in a communal establishment","Aged 55 to 59 years","All persons",40
"E08000023","South Tyneside","Lives in a communal establishment","Aged 60 to 64 years","All persons",57
"E08000023","South Tyneside","Lives in a communal establishment","Aged 65 years","All persons",11
"E08000023","South Tyneside","Lives in a communal establishment","Aged 66 to 69 years","All persons",61
"E08000023","South Tyneside","Lives in a communal establishment","Aged 70 to 74 years","All persons",84
"E08000023","South Tyneside","Lives in a communal establishment","Aged 75 to 79 years","All persons",118
"E08000023","South Tyneside","Lives in a communal establishment","Aged 80 to 84 years","All persons",147
"E08000023","South Tyneside","Lives in a communal establishment","Aged 85 years and over","All persons",412
"E08000024","Sunderland","Lives in a communal establishment","Total","All persons",3786
"E08000024","Sunderland","Lives in a communal establishment","Aged 2 years and under","All persons",2
"E08000024","Sunderland","Lives in a communal establishment","Aged 3 to 4 years","All persons",2
"E08000024","Sunderland","Lives in a communal establishment","Aged 5 to 7 years","All persons",1
"E08000024","Sunderland","Lives in a communal establishment","Aged 8 to 9 years","All persons",2
"E08000024","Sunderland","Lives in a communal establishment","Aged 10 to 14 years","All persons",2
"E08000024","Sunderland","Lives in a communal establishment","Aged 15 years","All persons",11
"E08000024","Sunderland","Lives in a communal establishment","Aged 16 to 17 years","All persons",30
"E08000024","Sunderland","Lives in a communal establishment","Aged 18 to 19 years","All persons",490
"E08000024","Sunderland","Lives in a communal establishment","Aged 20 to 24 years","All persons",761
"E08000024","Sunderland","Lives in a communal establishment","Aged 25 to 29 years","All persons",273
"E08000024","Sunderland","Lives in a communal establishment","Aged 30 to 34 years","All persons",142
"E08000024","Sunderland","Lives in a communal establishment","Aged 35 to 39 years","All persons",107
"E08000024","Sunderland","Lives in a communal establishment","Aged 40 to 44 years","All persons",75
"E08000024","Sunderland","Lives in a communal establishment","Aged 45 to 49 years","All persons",56
"E08000024","Sunderland","Lives in a communal establishment","Aged 50 to 54 years","All persons",58
"E08000024","Sunderland","Lives in a communal establishment","Aged 55 to 59 years","All persons",72
"E08000024","Sunderland","Lives in a communal establishment","Aged 60 to 64 years","All persons",77
"E08000024","Sunderland","Lives in a communal establishment","Aged 65 years","All persons",21
"E08000024","Sunderland","Lives in a communal establishment","Aged 66 to 69 years","All persons",73
"E08000024","Sunderland","Lives in a communal establishment","Aged 70 to 74 years","All persons",144
"E08000024","Sunderland","Lives in a communal establishment","Aged 75 to 79 years","All persons",210
"E08000024","Sunderland","Lives in a communal establishment","Aged 80 to 84 years","All persons",359
"E08000024","Sunderland","Lives in a communal establishment","Aged 85 years and over","All persons",818
"E08000037","Gateshead","Lives in a communal establishment","Total","All persons",2551
"E08000037","Gateshead","Lives in a communal establishment","Aged 2 years and under","All persons",7
"E08000037","Gateshead","Lives in a communal establishment","Aged 3 to 4 years","All persons",0
"E08000037","Gateshead","Lives in a communal establishment","Aged 5 to 7 years","All persons",0
"E08000037","Gateshead","Lives in a communal establishment","Aged 8 to 9 years","All persons",0
"E08000037","Gateshead","Lives in a communal establishment","Aged 10 to 14 years","All persons",7
"E08000037","Gateshead","Lives in a communal establishment","Aged 15 years","All persons",4
"E08000037","Gateshead","Lives in a communal establishment","Aged 16 to 17 years","All persons",104
"E08000037","Gateshead","Lives in a communal establishment","Aged 18 to 19 years","All persons",502
"E08000037","Gateshead","Lives in a communal establishment","Aged 20 to 24 years","All persons",265
"E08000037","Gateshead","Lives in a communal establishment","Aged 25 to 29 years","All persons",30
"E08000037","Gateshead","Lives in a communal establishment","Aged 30 to 34 years","All persons",36
"E08000037","Gateshead","Lives in a communal establishment","Aged 35 to 39 years","All persons",27
"E08000037","Gateshead","Lives in a communal establishment","Aged 40 to 44 years","All persons",15
"E08000037","Gateshead","Lives in a communal establishment","Aged 45 to 49 years","All persons",52
"E08000037","Gateshead","Lives in a communal establishment","Aged 50 to 54 years","All persons",63
"E08000037","Gateshead","Lives in a communal establishment","Aged 55 to 59 years","All persons",58
"E08000037","Gateshead","Lives in a communal establishment","Aged 60 to 64 years","All persons",80
"E08000037","Gateshead","Lives in a communal establishment","Aged 65 years","All persons",20
"E08000037","Gateshead","Lives in a communal establishment","Aged 66 to 69 years","All persons",67
"E08000037","Gateshead","Lives in a communal establishment","Aged 70 to 74 years","All persons",123
"E08000037","Gateshead","Lives in a communal establishment","Aged 75 to 79 years","All persons",172
"E08000037","Gateshead","Lives in a communal establishment","Aged 80 to 84 years","All persons",246
"E08000037","Gateshead","Lives in a communal establishment","Aged 85 years and over","All persons",673
"E06000006","Halton","Lives in a communal establishment","Total","All persons",880
"E06000006","Halton","Lives in a communal establishment","Aged 2 years and under","All persons",0
"E06000006","Halton","Lives in a communal establishment","Aged 3 to 4 years","All persons",0
"E06000006","Halton","Lives in a communal establishment","Aged 5 to 7 years","All persons",0
"E06000006","Halton","Lives in a communal establishment","Aged 8 to 9 years","All persons",0
"E06000006","Halton","Lives in a communal establishment","Aged 10 to 14 years","All persons",12
"E06000006","Halton","Lives in a communal establishment","Aged 15 years","All persons",3
"E06000006","Halton","Lives in a communal establishment","Aged 16 to 17 years","All persons",4
"E06000006","Halton","Lives in a communal establishment","Aged 18 to 19 years","All persons",14
"E06000006","Halton","Lives in a communal establishment","Aged 20 to 24 years","All persons",60
"E06000006","Halton","Lives in a communal establishment","Aged 25 to 29 years","All persons",49
"E06000006","Halton","Lives in a communal establishment","Aged 30 to 34 years","All persons",27
"E06000006","Halton","Lives in a communal establishment","Aged 35 to 39 years","All persons",28
"E06000006","Halton","Lives in a communal establishment","Aged 40 to 44 years","All persons",22
"E06000006","Halton","Lives in a communal establishment","Aged 45 to 49 years","All persons",20
"E06000006","Halton","Lives in a communal establishment","Aged 50 to 54 years","All persons",25
"E06000006","Halton","Lives in a communal establishment","Aged 55 to 59 years","All persons",32
"E06000006","Halton","Lives in a communal establishment","Aged 60 to 64 years","All persons",41
"E06000006","Halton","Lives in a communal establishment","Aged 65 years","All persons",8
"E06000006","Halton","Lives in a communal establishment","Aged 66 to 69 years","All persons",29
"E06000006","Halton","Lives in a communal establishment","Aged 70 to 74 years","All persons",68
"E06000006","Halton","Lives in a communal establishment","Aged 75 to 79 years","All persons",71
"E06000006","Halton","Lives in a communal establishment","Aged 80 to 84 years","All persons",113
"E06000006","Halton","Lives in a communal establishment","Aged 85 years and over","All persons",254
"E06000007","Warrington","Lives in a communal establishment","Total","All persons",3122
"E06000007","Warrington","Lives in a communal establishment","Aged 2 years and under","All persons",1
"E06000007","Warrington","Lives in a communal establishment","Aged 3 to 4 years","All persons",1
"E06000007","Warrington","Lives in a communal establishment","Aged 5 to 7 years","All persons",0
"E06000007","Warrington","Lives in a communal establishment","Aged 8 to 9 years","All persons",1
"E06000007","Warrington","Lives in a communal establishment","Aged 10 to 14 years","All persons",6
"E06000007","Warrington","Lives in a communal establishment","Aged 15 years","All persons",2
"E06000007","Warrington","Lives in a communal establishment","Aged 16 to 17 years","All persons",6
"E06000007","Warrington","Lives in a communal establishment","Aged 18 to 19 years","All persons",36
"E06000007","Warrington","Lives in a communal establishment","Aged 20 to 24 years","All persons",267
"E06000007","Warrington","Lives in a communal establishment","Aged 25 to 29 years","All persons",277
"E06000007","Warrington","Lives in a communal establishment","Aged 30 to 34 years","All persons",259
"E06000007","Warrington","Lives in a communal establishment","Aged 35 to 39 years","All persons",231
"E06000007","Warrington","Lives in a communal establishment","Aged 40 to 44 years","All persons",164
"E06000007","Warrington","Lives in a communal establishment","Aged 45 to 49 years","All persons",142
"E06000007","Warrington","Lives in a communal establishment","Aged 50 to 54 years","All persons",120
"E06000007","Warrington","Lives in a communal establishment","Aged 55 to 59 years","All persons",98
"E06000007","Warrington","Lives in a communal establishment","Aged 60 to 64 years","All persons",76
"E06000007","Warrington","Lives in a communal establishment","Aged 65 years","All persons",30
"E06000007","Warrington","Lives in a communal establishment","Aged 66 to 69 years","All persons",74
"E06000007","Warrington","Lives in a communal establishment","Aged 70 to 74 years","All persons",128
"E06000007","Warrington","Lives in a communal establishment","Aged 75 to 79 years","All persons",201
"E06000007","Warrington","Lives in a communal establishment","Aged 80 to 84 years","All persons",312
"E06000007","Warrington","Lives in a communal establishment","Aged 85 years and over","All persons",690
"E06000008","Blackburn with Darwen","Lives in a communal establishment","Total","All persons",1497
"E06000008","Blackburn with Darwen","Lives in a communal establishment","Aged 2 years and under","All persons",12
"E06000008","Blackburn with Darwen","Lives in a communal establishment","Aged 3 to 4 years","All persons",3
"E06000008","Blackburn with Darwen","Lives in a communal establishment","Aged 5 to 7 years","All persons",0
"E06000008","Blackburn with Darwen","Lives in a communal establishment","Aged 8 to 9 years","All persons",2
"E06000008","Blackburn with Darwen","Lives in a communal establishment","Aged 10 to 14 years","All persons",9
"E06000008","Blackburn with Darwen","Lives in a communal establishment","Aged 15 years","All persons",71
"E06000008","Blackburn with Darwen","Lives in a communal establishment","Aged 16 to 17 years","All persons",59
"E06000008","Blackburn with Darwen","Lives in a communal establishment","Aged 18 to 19 years","All persons",75
"E06000008","Blackburn with Darwen","Lives in a communal establishment","Aged 20 to 24 years","All persons",109
"E06000008","Blackburn with Darwen","Lives in a communal establishment","Aged 25 to 29 years","All persons",54
"E06000008","Blackburn with Darwen","Lives in a communal establishment","Aged 30 to 34 years","All persons",50
"E06000008","Blackburn with Darwen","Lives in a communal establishment","Aged 35 to 39 years","All persons",42
"E06000008","Blackburn with Darwen","Lives in a communal establishment","Aged 40 to 44 years","All persons",57
"E06000008","Blackburn with Darwen","Lives in a communal establishment","Aged 45 to 49 years","All persons",62
"E06000008","Blackburn with Darwen","Lives in a communal establishment","Aged 50 to 54 years","All persons",47
"E06000008","Blackburn with Darwen","Lives in a communal establishment","Aged 55 to 59 years","All persons",52
"E06000008","Blackburn with Darwen","Lives in a communal establishment","Aged 60 to 64 years","All persons",57
"E06000008","Blackburn with Darwen","Lives in a communal establishment","Aged 65 years","All persons",13
"E06000008","Blackburn with Darwen","Lives in a communal establishment","Aged 66 to 69 years","All persons",35
"E06000008","Blackburn with Darwen","Lives in a communal establishment","Aged 70 to 74 years","All persons",83
"E06000008","Blackburn with Darwen","Lives in a communal establishment","Aged 75 to 79 years","All persons",119
"E06000008","Blackburn with Darwen","Lives in a communal establishment","Aged 80 to 84 years","All persons",141
"E06000008","Blackburn with Darwen","Lives in a communal establishment","Aged 85 years and over","All persons",345
"E06000009","Blackpool","Lives in a communal establishment","Total","All persons",3009
"E06000009","Blackpool","Lives in a communal establishment","Aged 2 years and under","All persons",10
"E06000009","Blackpool","Lives in a communal establishment","Aged 3 to 4 years","All persons",6
"E06000009","Blackpool","Lives in a communal establishment","Aged 5 to 7 years","All persons",13
"E06000009","Blackpool","Lives in a communal establishment","Aged 8 to 9 years","All persons",10
"E06000009","Blackpool","Lives in a communal establishment","Aged 10 to 14 years","All persons",47
"E06000009","Blackpool","Lives in a communal establishment","Aged 15 years","All persons",19
"E06000009","Blackpool","Lives in a communal establishment","Aged 16 to 17 years","All persons",33
"E06000009","Blackpool","Lives in a communal establishment","Aged 18 to 19 years","All persons",45
"E06000009","Blackpool","Lives in a communal establishment","Aged 20 to 24 years","All persons",93
"E06000009","Blackpool","Lives in a communal establishment","Aged 25 to 29 years","All persons",131
"E06000009","Blackpool","Lives in a communal establishment","Aged 30 to 34 years","All persons",86
"E06000009","Blackpool","Lives in a communal establishment","Aged 35 to 39 years","All persons",53
"E06000009","Blackpool","Lives in a communal establishment","Aged 40 to 44 years","All persons",95
"E06000009","Blackpool","Lives in a communal establishment","Aged 45 to 49 years","All persons",144
"E06000009","Blackpool","Lives in a communal establishment","Aged 50 to 54 years","All persons",240
"E06000009","Blackpool","Lives in a communal establishment","Aged 55 to 59 years","All persons",252
"E06000009","Blackpool","Lives in a communal establishment","Aged 60 to 64 years","All persons",240
"E06000009","Blackpool","Lives in a communal establishment","Aged 65 years","All persons",48
"E06000009","Blackpool","Lives in a communal establishment","Aged 66 to 69 years","All persons",122
"E06000009","Blackpool","Lives in a communal establishment","Aged 70 to 74 years","All persons",215
"E06000009","Blackpool","Lives in a communal establishment","Aged 75 to 79 years","All persons",257
"E06000009","Blackpool","Lives in a communal establishment","Aged 80 to 84 years","All persons",262
"E06000009","Blackpool","Lives in a communal establishment","Aged 85 years and over","All persons",588
"E06000049","Cheshire East","Lives in a communal establishment","Total","All persons",4406
"E06000049","Cheshire East","Lives in a communal establishment","Aged 2 years and under","All persons",2
"E06000049","Cheshire East","Lives in a communal establishment","Aged 3 to 4 years","All persons",0
"E06000049","Cheshire East","Lives in a communal establishment","Aged 5 to 7 years","All persons",5
"E06000049","Cheshire East","Lives in a communal establishment","Aged 8 to 9 years","All persons",3
"E06000049","Cheshire East","Lives in a communal establishment","Aged 10 to 14 years","All persons",30
"E06000049","Cheshire East","Lives in a communal establishment","Aged 15 years","All persons",13
"E06000049","Cheshire East","Lives in a communal establishment","Aged 16 to 17 years","All persons",161
"E06000049","Cheshire East","Lives in a communal establishment","Aged 18 to 19 years","All persons",231
"E06000049","Cheshire East","Lives in a communal establishment","Aged 20 to 24 years","All persons",347
"E06000049","Cheshire East","Lives in a communal establishment","Aged 25 to 29 years","All persons",249
"E06000049","Cheshire East","Lives in a communal establishment","Aged 30 to 34 years","All persons",174
"E06000049","Cheshire East","Lives in a communal establishment","Aged 35 to 39 years","All persons",136
"E06000049","Cheshire East","Lives in a communal establishment","Aged 40 to 44 years","All persons",77
"E06000049","Cheshire East","Lives in a communal establishment","Aged 45 to 49 years","All persons",62
"E06000049","Cheshire East","Lives in a communal establishment","Aged 50 to 54 years","All persons",78
"E06000049","Cheshire East","Lives in a communal establishment","Aged 55 to 59 years","All persons",83
"E06000049","Cheshire East","Lives in a communal establishment","Aged 60 to 64 years","All persons",85
"E06000049","Cheshire East","Lives in a communal establishment","Aged 65 years","All persons",14
"E06000049","Cheshire East","Lives in a communal establishment","Aged 66 to 69 years","All persons",89
"E06000049","Cheshire East","Lives in a communal establishment","Aged 70 to 74 years","All persons",185
"E06000049","Cheshire East","Lives in a communal establishment","Aged 75 to 79 years","All persons",332
"E06000049","Cheshire East","Lives in a communal establishment","Aged 80 to 84 years","All persons",494
"E06000049","Cheshire East","Lives in a communal establishment","Aged 85 years and over","All persons",1556
"E06000050","Cheshire West and Chester","Lives in a communal establishment","Total","All persons",5061
"E06000050","Cheshire West and Chester","Lives in a communal establishment","Aged 2 years and under","All persons",0
"E06000050","Cheshire West and Chester","Lives in a communal establishment","Aged 3 to 4 years","All persons",0
"E06000050","Cheshire West and Chester","Lives in a communal establishment","Aged 5 to 7 years","All persons",5
"E06000050","Cheshire West and Chester","Lives in a communal establishment","Aged 8 to 9 years","All persons",6
"E06000050","Cheshire West and Chester","Lives in a communal establishment","Aged 10 to 14 years","All persons",46
"E06000050","Cheshire West and Chester","Lives in a communal establishment","Aged 15 years","All persons",7
"E06000050","Cheshire West and Chester","Lives in a communal establishment","Aged 16 to 17 years","All persons",48
"E06000050","Cheshire West and Chester","Lives in a communal establishment","Aged 18 to 19 years","All persons",1035
"E06000050","Cheshire West and Chester","Lives in a communal establishment","Aged 20 to 24 years","All persons",986
"E06000050","Cheshire West and Chester","Lives in a communal establishment","Aged 25 to 29 years","All persons",405
"E06000050","Cheshire West and Chester","Lives in a communal establishment","Aged 30 to 34 years","All persons",149
"E06000050","Cheshire West and Chester","Lives in a communal establishment","Aged 35 to 39 years","All persons",157
"E06000050","Cheshire West and Chester","Lives in a communal establishment","Aged 40 to 44 years","All persons",58
"E06000050","Cheshire West and Chester","Lives in a communal establishment","Aged 45 to 49 years","All persons",40
"E06000050","Cheshire West and Chester","Lives in a communal establishment","Aged 50 to 54 years","All persons",45
"E06000050","Cheshire West and Chester","Lives in a communal establishment","Aged 55 to 59 years","All persons",57
"E06000050","Cheshire West and Chester","Lives in a communal establishment","Aged 60 to 64 years","All persons",83
"E06000050","Cheshire West and Chester","Lives in a communal establishment","Aged 65 years","All persons",20
"E06000050","Cheshire West and Chester","Lives in a communal establishment","Aged 66 to 69 years","All persons",56
"E06000050","Cheshire West and Chester","Lives in a communal establishment","Aged 70 to 74 years","All persons",161
"E06000050","Cheshire West and Chester","Lives in a communal establishment","Aged 75 to 79 years","All persons",228
"E06000050","Cheshire West and Chester","Lives in a communal establishment","Aged 80 to 84 years","All persons",333
"E06000050","Cheshire West and Chester","Lives in a communal establishment","Aged 85 years and over","All persons",1136
"E06000063","Cumberland","Lives in a communal establishment","Total","All persons",2859
"E06000063","Cumberland","Lives in a communal establishment","Aged 2 years and under","All persons",0
"E06000063","Cumberland","Lives in a communal establishment","Aged 3 to 4 years","All persons",1
"E06000063","Cumberland","Lives in a communal establishment","Aged 5 to 7 years","All persons",3
"E06000063","Cumberland","Lives in a communal establishment","Aged 8 to 9 years","All persons",4
"E06000063","Cumberland","Lives in a communal establishment","Aged 10 to 14 years","All persons",41
"E06000063","Cumberland","Lives in a communal establishment","Aged 15 years","All persons",11
"E06000063","Cumberland","Lives in a communal establishment","Aged 16 to 17 years","All persons",28
"E06000063","Cumberland","Lives in a communal establishment","Aged 18 to 19 years","All persons",210
"E06000063","Cumberland","Lives in a communal establishment","Aged 20 to 24 years","All persons",229
"E06000063","Cumberland","Lives in a communal establishment","Aged 25 to 29 years","All persons",84
"E06000063","Cumberland","Lives in a communal establishment","Aged 30 to 34 years","All persons",79
"E06000063","Cumberland","Lives in a communal establishment","Aged 35 to 39 years","All persons",59
"E06000063","Cumberland","Lives in a communal establishment","Aged 40 to 44 years","All persons",68
"E06000063","Cumberland","Lives in a communal establishment","Aged 45 to 49 years","All persons",76
"E06000063","Cumberland","Lives in a communal establishment","Aged 50 to 54 years","All persons",124
"E06000063","Cumberland","Lives in a communal establishment","Aged 55 to 59 years","All persons",114
"E06000063","Cumberland","Lives in a communal establishment","Aged 60 to 64 years","All persons",136
"E06000063","Cumberland","Lives in a communal establishment","Aged 65 years","All persons",23
"E06000063","Cumberland","Lives in a communal establishment","Aged 66 to 69 years","All persons",98
"E06000063","Cumberland","Lives in a communal establishment","Aged 70 to 74 years","All persons",164
"E06000063","Cumberland","Lives in a communal establishment","Aged 75 to 79 years","All persons",173
"E06000063","Cumberland","Lives in a communal establishment","Aged 80 to 84 years","All persons",274
"E06000063","Cumberland","Lives in a communal establishment","Aged 85 years and over","All persons",860
"E06000064","Westmorland and Furness","Lives in a communal establishment","Total","All persons",3462
"E06000064","Westmorland and Furness","Lives in a communal establishment","Aged 2 years and under","All persons",3
"E06000064","Westmorland and Furness","Lives in a communal establishment","Aged 3 to 4 years","All persons",2
"E06000064","Westmorland and Furness","Lives in a communal establishment","Aged 5 to 7 years","All persons",9
"E06000064","Westmorland and Furness","Lives in a communal establishment","Aged 8 to 9 years","All persons",22
"E06000064","Westmorland and Furness","Lives in a communal establishment","Aged 10 to 14 years","All persons",303
"E06000064","Westmorland and Furness","Lives in a communal establishment","Aged 15 years","All persons",145
"E06000064","Westmorland and Furness","Lives in a communal establishment","Aged 16 to 17 years","All persons",298
"E06000064","Westmorland and Furness","Lives in a communal establishment","Aged 18 to 19 years","All persons",159
"E06000064","Westmorland and Furness","Lives in a communal establishment","Aged 20 to 24 years","All persons",221
"E06000064","Westmorland and Furness","Lives in a communal establishment","Aged 25 to 29 years","All persons",145
"E06000064","Westmorland and Furness","Lives in a communal establishment","Aged 30 to 34 years","All persons",100
"E06000064","Westmorland and Furness","Lives in a communal establishment","Aged 35 to 39 years","All persons",84
"E06000064","Westmorland and Furness","Lives in a communal establishment","Aged 40 to 44 years","All persons",68
"E06000064","Westmorland and Furness","Lives in a communal establishment","Aged 45 to 49 years","All persons",76
"E06000064","Westmorland and Furness","Lives in a communal establishment","Aged 50 to 54 years","All persons",107
"E06000064","Westmorland and Furness","Lives in a communal establishment","Aged 55 to 59 years","All persons",152
"E06000064","Westmorland and Furness","Lives in a communal establishment","Aged 60 to 64 years","All persons",135
"E06000064","Westmorland and Furness","Lives in a communal establishment","Aged 65 years","All persons",27
"E06000064","Westmorland and Furness","Lives in a communal establishment","Aged 66 to 69 years","All persons",70
"E06000064","Westmorland and Furness","Lives in a communal establishment","Aged 70 to 74 years","All persons",121
"E06000064","Westmorland and Furness","Lives in a communal establishment","Aged 75 to 79 years","All persons",180
"E06000064","Westmorland and Furness","Lives in a communal establishment","Aged 80 to 84 years","All persons",252
"E06000064","Westmorland and Furness","Lives in a communal establishment","Aged 85 years and over","All persons",783
"E07000117","Burnley","Lives in a communal establishment","Total","All persons",897
"E07000117","Burnley","Lives in a communal establishment","Aged 2 years and under","All persons",0
"E07000117","Burnley","Lives in a communal establishment","Aged 3 to 4 years","All persons",0
"E07000117","Burnley","Lives in a communal establishment","Aged 5 to 7 years","All persons",0
"E07000117","Burnley","Lives in a communal establishment","Aged 8 to 9 years","All persons",0
"E07000117","Burnley","Lives in a communal establishment","Aged 10 to 14 years","All persons",4
"E07000117","Burnley","Lives in a communal establishment","Aged 15 years","All persons",1
"E07000117","Burnley","Lives in a communal establishment","Aged 16 to 17 years","All persons",12
"E07000117","Burnley","Lives in a communal establishment","Aged 18 to 19 years","All persons",37
"E07000117","Burnley","Lives in a communal establishment","Aged 20 to 24 years","All persons",21
"E07000117","Burnley","Lives in a communal establishment","Aged 25 to 29 years","All persons",4
"E07000117","Burnley","Lives in a communal establishment","Aged 30 to 34 years","All persons",6
"E07000117","Burnley","Lives in a communal establishment","Aged 35 to 39 years","All persons",9
"E07000117","Burnley","Lives in a communal establishment","Aged 40 to 44 years","All persons",9
"E07000117","Burnley","Lives in a communal establishment","Aged 45 to 49 years","All persons",16
"E07000117","Burnley","Lives in a communal establishment","Aged 50 to 54 years","All persons",20
"E07000117","Burnley","Lives in a communal establishment","Aged 55 to 59 years","All persons",42
"E07000117","Burnley","Lives in a communal establishment","Aged 60 to 64 years","All persons",45
"E07000117","Burnley","Lives in a communal establishment","Aged 65 years","All persons",10
"E07000117","Burnley","Lives in a communal establishment","Aged 66 to 69 years","All persons",43
"E07000117","Burnley","Lives in a communal establishment","Aged 70 to 74 years","All persons",76
"E07000117","Burnley","Lives in a communal establishment","Aged 75 to 79 years","All persons",109
"E07000117","Burnley","Lives in a communal establishment","Aged 80 to 84 years","All persons",127
"E07000117","Burnley","Lives in a communal establishment","Aged 85 years and over","All persons",306
"E07000118","Chorley","Lives in a communal establishment","Total","All persons",2696
"E07000118","Chorley","Lives in a communal establishment","Aged 2 years and under","All persons",2
"E07000118","Chorley","Lives in a communal establishment","Aged 3 to 4 years","All persons",0
"E07000118","Chorley","Lives in a communal establishment","Aged 5 to 7 years","All persons",0
"E07000118","Chorley","Lives in a communal establishment","Aged 8 to 9 years","All persons",0
"E07000118","Chorley","Lives in a communal establishment","Aged 10 to 14 years","All persons",1
"E07000118","Chorley","Lives in a communal establishment","Aged 15 years","All persons",3
"E07000118","Chorley","Lives in a communal establishment","Aged 16 to 17 years","All persons",4
"E07000118","Chorley","Lives in a communal establishment","Aged 18 to 19 years","All persons",9
"E07000118","Chorley","Lives in a communal establishment","Aged 20 to 24 years","All persons",117
"E07000118","Chorley","Lives in a communal establishment","Aged 25 to 29 years","All persons",274
"E07000118","Chorley","Lives in a communal establishment","Aged 30 to 34 years","All persons",324
"E07000118","Chorley","Lives in a communal establishment","Aged 35 to 39 years","All persons",292
"E07000118","Chorley","Lives in a communal establishment","Aged 40 to 44 years","All persons",210
"E07000118","Chorley","Lives in a communal establishment","Aged 45 to 49 years","All persons",160
"E07000118","Chorley","Lives in a communal establishment","Aged 50 to 54 years","All persons",170
"E07000118","Chorley","Lives in a communal establishment","Aged 55 to 59 years","All persons",124
"E07000118","Chorley","Lives in a communal establishment","Aged 60 to 64 years","All persons",105
"E07000118","Chorley","Lives in a communal establishment","Aged 65 years","All persons",18
"E07000118","Chorley","Lives in a communal establishment","Aged 66 to 69 years","All persons",81
"E07000118","Chorley","Lives in a communal establishment","Aged 70 to 74 years","All persons",119
"E07000118","Chorley","Lives in a communal establishment","Aged 75 to 79 years","All persons",139
"E07000118","Chorley","Lives in a communal establishment","Aged 80 to 84 years","All persons",170
"E07000118","Chorley","Lives in a communal establishment","Aged 85 years and over","All persons",374
"E07000119","Fylde","Lives in a communal establishment","Total","All persons",1592
"E07000119","Fylde","Lives in a communal establishment","Aged 2 years and under","All persons",0
"E07000119","Fylde","Lives in a communal establishment","Aged 3 to 4 years","All persons",0
"E07000119","Fylde","Lives in a communal establishment","Aged 5 to 7 years","All persons",0
"E07000119","Fylde","Lives in a communal establishment","Aged 8 to 9 years","All persons",1
"E07000119","Fylde","Lives in a communal establishment","Aged 10 to 14 years","All persons",11
"E07000119","Fylde","Lives in a communal establishment","Aged 15 years","All persons",8
"E07000119","Fylde","Lives in a communal establishment","Aged 16 to 17 years","All persons",30
"E07000119","Fylde","Lives in a communal establishment","Aged 18 to 19 years","All persons",36
"E07000119","Fylde","Lives in a communal establishment","Aged 20 to 24 years","All persons",29
"E07000119","Fylde","Lives in a communal establishment","Aged 25 to 29 years","All persons",113
"E07000119","Fylde","Lives in a communal establishment","Aged 30 to 34 years","All persons",104
"E07000119","Fylde","Lives in a communal establishment","Aged 35 to 39 years","All persons",103
"E07000119","Fylde","Lives in a communal establishment","Aged 40 to 44 years","All persons",74
"E07000119","Fylde","Lives in a communal establishment","Aged 45 to 49 years","All persons",61
"E07000119","Fylde","Lives in a communal establishment","Aged 50 to 54 years","All persons",42
"E07000119","Fylde","Lives in a communal establishment","Aged 55 to 59 years","All persons",55
"E07000119","Fylde","Lives in a communal establishment","Aged 60 to 64 years","All persons",46
"E07000119","Fylde","Lives in a communal establishment","Aged 65 years","All persons",8
"E07000119","Fylde","Lives in a communal establishment","Aged 66 to 69 years","All persons",36
"E07000119","Fylde","Lives in a communal establishment","Aged 70 to 74 years","All persons",74
"E07000119","Fylde","Lives in a communal establishment","Aged 75 to 79 years","All persons",103
"E07000119","Fylde","Lives in a communal establishment","Aged 80 to 84 years","All persons",151
"E07000119","Fylde","Lives in a communal establishment","Aged 85 years and over","All persons",507
"E07000120","Hyndburn","Lives in a communal establishment","Total","All persons",756
"E07000120","Hyndburn","Lives in a communal establishment","Aged 2 years and under","All persons",0
"E07000120","Hyndburn","Lives in a communal establishment","Aged 3 to 4 years","All persons",0
"E07000120","Hyndburn","Lives in a communal establishment","Aged 5 to 7 years","All persons",0
"E07000120","Hyndburn","Lives in a communal establishment","Aged 8 to 9 years","All persons",0
"E07000120","Hyndburn","Lives in a communal establishment","Aged 10 to 14 years","All persons",3
"E07000120","Hyndburn","Lives in a communal establishment","Aged 15 years","All persons",1
"E07000120","Hyndburn","Lives in a communal establishment","Aged 16 to 17 years","All persons",14
"E07000120","Hyndburn","Lives in a communal establishment","Aged 18 to 19 years","All persons",9
"E07000120","Hyndburn","Lives in a communal establishment","Aged 20 to 24 years","All persons",5
"E07000120","Hyndburn","Lives in a communal establishment","Aged 25 to 29 years","All persons",10
"E07000120","Hyndburn","Lives in a communal establishment","Aged 30 to 34 years","All persons",22
"E07000120","Hyndburn","Lives in a communal establishment","Aged 35 to 39 years","All persons",19
"E07000120","Hyndburn","Lives in a communal establishment","Aged 40 to 44 years","All persons",37
"E07000120","Hyndburn","Lives in a communal establishment","Aged 45 to 49 years","All persons",23
"E07000120","Hyndburn","Lives in a communal establishment","Aged 50 to 54 years","All persons",30
"E07000120","Hyndburn","Lives in a communal establishment","Aged 55 to 59 years","All persons",21
"E07000120","Hyndburn","Lives in a communal establishment","Aged 60 to 64 years","All persons",32
"E07000120","Hyndburn","Lives in a communal establishment","Aged 65 years","All persons",7
"E07000120","Hyndburn","Lives in a communal establishment","Aged 66 to 69 years","All persons",37
"E07000120","Hyndburn","Lives in a communal establishment","Aged 70 to 74 years","All persons",65
"E07000120","Hyndburn","Lives in a communal establishment","Aged 75 to 79 years","All persons",62
"E07000120","Hyndburn","Lives in a communal establishment","Aged 80 to 84 years","All persons",98
"E07000120","Hyndburn","Lives in a communal establishment","Aged 85 years and over","All persons",261
"E07000121","Lancaster","Lives in a communal establishment","Total","All persons",8233
"E07000121","Lancaster","Lives in a communal establishment","Aged 2 years and under","All persons",3
"E07000121","Lancaster","Lives in a communal establishment","Aged 3 to 4 years","All persons",7
"E07000121","Lancaster","Lives in a communal establishment","Aged 5 to 7 years","All persons",9
"E07000121","Lancaster","Lives in a communal establishment","Aged 8 to 9 years","All persons",4
"E07000121","Lancaster","Lives in a communal establishment","Aged 10 to 14 years","All persons",116
"E07000121","Lancaster","Lives in a communal establishment","Aged 15 years","All persons",131
"E07000121","Lancaster","Lives in a communal establishment","Aged 16 to 17 years","All persons",162
"E07000121","Lancaster","Lives in a communal establishment","Aged 18 to 19 years","All persons",3374
"E07000121","Lancaster","Lives in a communal establishment","Aged 20 to 24 years","All persons",2440
"E07000121","Lancaster","Lives in a communal establishment","Aged 25 to 29 years","All persons",365
"E07000121","Lancaster","Lives in a communal establishment","Aged 30 to 34 years","All persons",203
"E07000121","Lancaster","Lives in a communal establishment","Aged 35 to 39 years","All persons",130
"E07000121","Lancaster","Lives in a communal establishment","Aged 40 to 44 years","All persons",81
"E07000121","Lancaster","Lives in a communal establishment","Aged 45 to 49 years","All persons",66
"E07000121","Lancaster","Lives in a communal establishment","Aged 50 to 54 years","All persons",53
"E07000121","Lancaster","Lives in a communal establishment","Aged 55 to 59 years","All persons",56
"E07000121","Lancaster","Lives in a communal establishment","Aged 60 to 64 years","All persons",46
"E07000121","Lancaster","Lives in a communal establishment","Aged 65 years","All persons",9
"E07000121","Lancaster","Lives in a communal establishment","Aged 66 to 69 years","All persons",45
"E07000121","Lancaster","Lives in a communal establishment","Aged 70 to 74 years","All persons",94
"E07000121","Lancaster","Lives in a communal establishment","Aged 75 to 79 years","All persons",165
"E07000121","Lancaster","Lives in a communal establishment","Aged 80 to 84 years","All persons",142
"E07000121","Lancaster","Lives in a communal establishment","Aged 85 years and over","All persons",532
"E07000122","Pendle","Lives in a communal establishment","Total","All persons",537
"E07000122","Pendle","Lives in a communal establishment","Aged 2 years and under","All persons",0
"E07000122","Pendle","Lives in a communal establishment","Aged 3 to 4 years","All persons",0
"E07000122","Pendle","Lives in a communal establishment","Aged 5 to 7 years","All persons",0
"E07000122","Pendle","Lives in a communal establishment","Aged 8 to 9 years","All persons",0
"E07000122","Pendle","Lives in a communal establishment","Aged 10 to 14 years","All persons",0
"E07000122","Pendle","Lives in a communal establishment","Aged 15 years","All persons",2
"E07000122","Pendle","Lives in a communal establishment","Aged 16 to 17 years","All persons",3
"E07000122","Pendle","Lives in a communal establishment","Aged 18 to 19 years","All persons",0
"E07000122","Pendle","Lives in a communal establishment","Aged 20 to 24 years","All persons",1
"E07000122","Pendle","Lives in a communal establishment","Aged 25 to 29 years","All persons",6
"E07000122","Pendle","Lives in a communal establishment","Aged 30 to 34 years","All persons",1
"E07000122","Pendle","Lives in a communal establishment","Aged 35 to 39 years","All persons",8
"E07000122","Pendle","Lives in a communal establishment","Aged 40 to 44 years","All persons",7
"E07000122","Pendle","Lives in a communal establishment","Aged 45 to 49 years","All persons",2
"E07000122","Pendle","Lives in a communal establishment","Aged 50 to 54 years","All persons",5
"E07000122","Pendle","Lives in a communal establishment","Aged 55 to 59 years","All persons",19
"E07000122","Pendle","Lives in a communal establishment","Aged 60 to 64 years","All persons",12
"E07000122","Pendle","Lives in a communal establishment","Aged 65 years","All persons",6
"E07000122","Pendle","Lives in a communal establishment","Aged 66 to 69 years","All persons",21
"E07000122","Pendle","Lives in a communal establishment","Aged 70 to 74 years","All persons",42
"E07000122","Pendle","Lives in a communal establishment","Aged 75 to 79 years","All persons",65
"E07000122","Pendle","Lives in a communal establishment","Aged 80 to 84 years","All persons",74
"E07000122","Pendle","Lives in a communal establishment","Aged 85 years and over","All persons",263
"E07000123","Preston","Lives in a communal establishment","Total","All persons",6063
"E07000123","Preston","Lives in a communal establishment","Aged 2 years and under","All persons",7
"E07000123","Preston","Lives in a communal establishment","Aged 3 to 4 years","All persons",6
"E07000123","Preston","Lives in a communal establishment","Aged 5 to 7 years","All persons",11
"E07000123","Preston","Lives in a communal establishment","Aged 8 to 9 years","All persons",9
"E07000123","Preston","Lives in a communal establishment","Aged 10 to 14 years","All persons",11
"E07000123","Preston","Lives in a communal establishment","Aged 15 years","All persons",51
"E07000123","Preston","Lives in a communal establishment","Aged 16 to 17 years","All persons",37
"E07000123","Preston","Lives in a communal establishment","Aged 18 to 19 years","All persons",1401
"E07000123","Preston","Lives in a communal establishment","Aged 20 to 24 years","All persons",2319
"E07000123","Preston","Lives in a communal establishment","Aged 25 to 29 years","All persons",475
"E07000123","Preston","Lives in a communal establishment","Aged 30 to 34 years","All persons",196
"E07000123","Preston","Lives in a communal establishment","Aged 35 to 39 years","All persons",154
"E07000123","Preston","Lives in a communal establishment","Aged 40 to 44 years","All persons",120
"E07000123","Preston","Lives in a communal establishment","Aged 45 to 49 years","All persons",104
"E07000123","Preston","Lives in a communal establishment","Aged 50 to 54 years","All persons",85
"E07000123","Preston","Lives in a communal establishment","Aged 55 to 59 years","All persons",75
"E07000123","Preston","Lives in a communal establishment","Aged 60 to 64 years","All persons",73
"E07000123","Preston","Lives in a communal establishment","Aged 65 years","All persons",24
"E07000123","Preston","Lives in a communal establishment","Aged 66 to 69 years","All persons",47
"E07000123","Preston","Lives in a communal establishment","Aged 70 to 74 years","All persons",106
"E07000123","Preston","Lives in a communal establishment","Aged 75 to 79 years","All persons",127
"E07000123","Preston","Lives in a communal establishment","Aged 80 to 84 years","All persons",160
"E07000123","Preston","Lives in a communal establishment","Aged 85 years and over","All persons",465
"E07000124","Ribble Valley","Lives in a communal establishment","Total","All persons",1000
"E07000124","Ribble Valley","Lives in a communal establishment","Aged 2 years and under","All persons",0
"E07000124","Ribble Valley","Lives in a communal establishment","Aged 3 to 4 years","All persons",0
"E07000124","Ribble Valley","Lives in a communal establishment","Aged 5 to 7 years","All persons",2
"E07000124","Ribble Valley","Lives in a communal establishment","Aged 8 to 9 years","All persons",7
"E07000124","Ribble Valley","Lives in a communal establishment","Aged 10 to 14 years","All persons",150
"E07000124","Ribble Valley","Lives in a communal establishment","Aged 15 years","All persons",45
"E07000124","Ribble Valley","Lives in a communal establishment","Aged 16 to 17 years","All persons",104
"E07000124","Ribble Valley","Lives in a communal establishment","Aged 18 to 19 years","All persons",22
"E07000124","Ribble Valley","Lives in a communal establishment","Aged 20 to 24 years","All persons",20
"E07000124","Ribble Valley","Lives in a communal establishment","Aged 25 to 29 years","All persons",24
"E07000124","Ribble Valley","Lives in a communal establishment","Aged 30 to 34 years","All persons",22
"E07000124","Ribble Valley","Lives in a communal establishment","Aged 35 to 39 years","All persons",41
"E07000124","Ribble Valley","Lives in a communal establishment","Aged 40 to 44 years","All persons",18
"E07000124","Ribble Valley","Lives in a communal establishment","Aged 45 to 49 years","All persons",16
"E07000124","Ribble Valley","Lives in a communal establishment","Aged 50 to 54 years","All persons",30
"E07000124","Ribble Valley","Lives in a communal establishment","Aged 55 to 59 years","All persons",26
"E07000124","Ribble Valley","Lives in a communal establishment","Aged 60 to 64 years","All persons",29
"E07000124","Ribble Valley","Lives in a communal establishment","Aged 65 years","All persons",2
"E07000124","Ribble Valley","Lives in a communal establishment","Aged 66 to 69 years","All persons",30
"E07000124","Ribble Valley","Lives in a communal establishment","Aged 70 to 74 years","All persons",31
"E07000124","Ribble Valley","Lives in a communal establishment","Aged 75 to 79 years","All persons",40
"E07000124","Ribble Valley","Lives in a communal establishment","Aged 80 to 84 years","All persons",82
"E07000124","Ribble Valley","Lives in a communal establishment","Aged 85 years and over","All persons",259
"E07000125","Rossendale","Lives in a communal establishment","Total","All persons",772
"E07000125","Rossendale","Lives in a communal establishment","Aged 2 years and under","All persons",0
"E07000125","Rossendale","Lives in a communal establishment","Aged 3 to 4 years","All persons",0
"E07000125","Rossendale","Lives in a communal establishment","Aged 5 to 7 years","All persons",0
"E07000125","Rossendale","Lives in a communal establishment","Aged 8 to 9 years","All persons",1
"E07000125","Rossendale","Lives in a communal establishment","Aged 10 to 14 years","All persons",8
"E07000125","Rossendale","Lives in a communal establishment","Aged 15 years","All persons",1
"E07000125","Rossendale","Lives in a communal establishment","Aged 16 to 17 years","All persons",7
"E07000125","Rossendale","Lives in a communal establishment","Aged 18 to 19 years","All persons",7
"E07000125","Rossendale","Lives in a communal establishment","Aged 20 to 24 years","All persons",6
"E07000125","Rossendale","Lives in a communal establishment","Aged 25 to 29 years","All persons",12
"E07000125","Rossendale","Lives in a communal establishment","Aged 30 to 34 years","All persons",4
"E07000125","Rossendale","Lives in a communal establishment","Aged 35 to 39 years","All persons",9
"E07000125","Rossendale","Lives in a communal establishment","Aged 40 to 44 years","All persons",22
"E07000125","Rossendale","Lives in a communal establishment","Aged 45 to 49 years","All persons",17
"E07000125","Rossendale","Lives in a communal establishment","Aged 50 to 54 years","All persons",23
"E07000125","Rossendale","Lives in a communal establishment","Aged 55 to 59 years","All persons",31
"E07000125","Rossendale","Lives in a communal establishment","Aged 60 to 64 years","All persons",39
"E07000125","Rossendale","Lives in a communal establishment","Aged 65 years","All persons",8
"E07000125","Rossendale","Lives in a communal establishment","Aged 66 to 69 years","All persons",35
"E07000125","Rossendale","Lives in a communal establishment","Aged 70 to 74 years","All persons",68
"E07000125","Rossendale","Lives in a communal establishment","Aged 75 to 79 years","All persons",91
"E07000125","Rossendale","Lives in a communal establishment","Aged 80 to 84 years","All persons",103
"E07000125","Rossendale","Lives in a communal establishment","Aged 85 years and over","All persons",280
"E07000126","South Ribble","Lives in a communal establishment","Total","All persons",781
"E07000126","South Ribble","Lives in a communal establishment","Aged 2 years and under","All persons",0
"E07000126","South Ribble","Lives in a communal establishment","Aged 3 to 4 years","All persons",0
"E07000126","South Ribble","Lives in a communal establishment","Aged 5 to 7 years","All persons",0
"E07000126","South Ribble","Lives in a communal establishment","Aged 8 to 9 years","All persons",1
"E07000126","South Ribble","Lives in a communal establishment","Aged 10 to 14 years","All persons",6
"E07000126","South Ribble","Lives in a communal establishment","Aged 15 years","All persons",9
"E07000126","South Ribble","Lives in a communal establishment","Aged 16 to 17 years","All persons",12
"E07000126","South Ribble","Lives in a communal establishment","Aged 18 to 19 years","All persons",8
"E07000126","South Ribble","Lives in a communal establishment","Aged 20 to 24 years","All persons",20
"E07000126","South Ribble","Lives in a communal establishment","Aged 25 to 29 years","All persons",36
"E07000126","South Ribble","Lives in a communal establishment","Aged 30 to 34 years","All persons",34
"E07000126","South Ribble","Lives in a communal establishment","Aged 35 to 39 years","All persons",29
"E07000126","South Ribble","Lives in a communal establishment","Aged 40 to 44 years","All persons",28
"E07000126","South Ribble","Lives in a communal establishment","Aged 45 to 49 years","All persons",26
"E07000126","South Ribble","Lives in a communal establishment","Aged 50 to 54 years","All persons",27
"E07000126","South Ribble","Lives in a communal establishment","Aged 55 to 59 years","All persons",28
"E07000126","South Ribble","Lives in a communal establishment","Aged 60 to 64 years","All persons",35
"E07000126","South Ribble","Lives in a communal establishment","Aged 65 years","All persons",4
"E07000126","South Ribble","Lives in a communal establishment","Aged 66 to 69 years","All persons",16
"E07000126","South Ribble","Lives in a communal establishment","Aged 70 to 74 years","All persons",23
"E07000126","South Ribble","Lives in a communal establishment","Aged 75 to 79 years","All persons",58
"E07000126","South Ribble","Lives in a communal establishment","Aged 80 to 84 years","All persons",80
"E07000126","South Ribble","Lives in a communal establishment","Aged 85 years and over","All persons",301
"E07000127","West Lancashire","Lives in a communal establishment","Total","All persons",4608
"E07000127","West Lancashire","Lives in a communal establishment","Aged 2 years and under","All persons",0
"E07000127","West Lancashire","Lives in a communal establishment","Aged 3 to 4 years","All persons",0
"E07000127","West Lancashire","Lives in a communal establishment","Aged 5 to 7 years","All persons",0
"E07000127","West Lancashire","Lives in a communal establishment","Aged 8 to 9 years","All persons",0
"E07000127","West Lancashire","Lives in a communal establishment","Aged 10 to 14 years","All persons",5
"E07000127","West Lancashire","Lives in a communal establishment","Aged 15 years","All persons",6
"E07000127","West Lancashire","Lives in a communal establishment","Aged 16 to 17 years","All persons",9
"E07000127","West Lancashire","Lives in a communal establishment","Aged 18 to 19 years","All persons",2490
"E07000127","West Lancashire","Lives in a communal establishment","Aged 20 to 24 years","All persons",1105
"E07000127","West Lancashire","Lives in a communal establishment","Aged 25 to 29 years","All persons",31
"E07000127","West Lancashire","Lives in a communal establishment","Aged 30 to 34 years","All persons",14
"E07000127","West Lancashire","Lives in a communal establishment","Aged 35 to 39 years","All persons",10
"E07000127","West Lancashire","Lives in a communal establishment","Aged 40 to 44 years","All persons",3
"E07000127","West Lancashire","Lives in a communal establishment","Aged 45 to 49 years","All persons",11
"E07000127","West Lancashire","Lives in a communal establishment","Aged 50 to 54 years","All persons",11
"E07000127","West Lancashire","Lives in a communal establishment","Aged 55 to 59 years","All persons",30
"E07000127","West Lancashire","Lives in a communal establishment","Aged 60 to 64 years","All persons",15
"E07000127","West Lancashire","Lives in a communal establishment","Aged 65 years","All persons",4
"E07000127","West Lancashire","Lives in a communal establishment","Aged 66 to 69 years","All persons",29
"E07000127","West Lancashire","Lives in a communal establishment","Aged 70 to 74 years","All persons",63
"E07000127","West Lancashire","Lives in a communal establishment","Aged 75 to 79 years","All persons",110
"E07000127","West Lancashire","Lives in a communal establishment","Aged 80 to 84 years","All persons",188
"E07000127","West Lancashire","Lives in a communal establishment","Aged 85 years and over","All persons",474
"E07000128","Wyre","Lives in a communal establishment","Total","All persons",1653
"E07000128","Wyre","Lives in a communal establishment","Aged 2 years and under","All persons",10
"E07000128","Wyre","Lives in a communal establishment","Aged 3 to 4 years","All persons",5
"E07000128","Wyre","Lives in a communal establishment","Aged 5 to 7 years","All persons",5
"E07000128","Wyre","Lives in a communal establishment","Aged 8 to 9 years","All persons",7
"E07000128","Wyre","Lives in a communal establishment","Aged 10 to 14 years","All persons",50
"E07000128","Wyre","Lives in a communal establishment","Aged 15 years","All persons",26
"E07000128","Wyre","Lives in a communal establishment","Aged 16 to 17 years","All persons",217
"E07000128","Wyre","Lives in a communal establishment","Aged 18 to 19 years","All persons",165
"E07000128","Wyre","Lives in a communal establishment","Aged 20 to 24 years","All persons",108
"E07000128","Wyre","Lives in a communal establishment","Aged 25 to 29 years","All persons",18
"E07000128","Wyre","Lives in a communal establishment","Aged 30 to 34 years","All persons",16
"E07000128","Wyre","Lives in a communal establishment","Aged 35 to 39 years","All persons",10
"E07000128","Wyre","Lives in a communal establishment","Aged 40 to 44 years","All persons",20
"E07000128","Wyre","Lives in a communal establishment","Aged 45 to 49 years","All persons",16
"E07000128","Wyre","Lives in a communal establishment","Aged 50 to 54 years","All persons",16
"E07000128","Wyre","Lives in a communal establishment","Aged 55 to 59 years","All persons",24
"E07000128","Wyre","Lives in a communal establishment","Aged 60 to 64 years","All persons",31
"E07000128","Wyre","Lives in a communal establishment","Aged 65 years","All persons",13
"E07000128","Wyre","Lives in a communal establishment","Aged 66 to 69 years","All persons",24
"E07000128","Wyre","Lives in a communal establishment","Aged 70 to 74 years","All persons",91
"E07000128","Wyre","Lives in a communal establishment","Aged 75 to 79 years","All persons",99
"E07000128","Wyre","Lives in a communal establishment","Aged 80 to 84 years","All persons",170
"E07000128","Wyre","Lives in a communal establishment","Aged 85 years and over","All persons",512
"E08000001","Bolton","Lives in a communal establishment","Total","All persons",2258
"E08000001","Bolton","Lives in a communal establishment","Aged 2 years and under","All persons",7
"E08000001","Bolton","Lives in a communal establishment","Aged 3 to 4 years","All persons",0
"E08000001","Bolton","Lives in a communal establishment","Aged 5 to 7 years","All persons",0
"E08000001","Bolton","Lives in a communal establishment","Aged 8 to 9 years","All persons",3
"E08000001","Bolton","Lives in a communal establishment","Aged 10 to 14 years","All persons",41
"E08000001","Bolton","Lives in a communal establishment","Aged 15 years","All persons",14
"E08000001","Bolton","Lives in a communal establishment","Aged 16 to 17 years","All persons",34
"E08000001","Bolton","Lives in a communal establishment","Aged 18 to 19 years","All persons",141
"E08000001","Bolton","Lives in a communal establishment","Aged 20 to 24 years","All persons",268
"E08000001","Bolton","Lives in a communal establishment","Aged 25 to 29 years","All persons",78
"E08000001","Bolton","Lives in a communal establishment","Aged 30 to 34 years","All persons",44
"E08000001","Bolton","Lives in a communal establishment","Aged 35 to 39 years","All persons",40
"E08000001","Bolton","Lives in a communal establishment","Aged 40 to 44 years","All persons",40
"E08000001","Bolton","Lives in a communal establishment","Aged 45 to 49 years","All persons",41
"E08000001","Bolton","Lives in a communal establishment","Aged 50 to 54 years","All persons",58
"E08000001","Bolton","Lives in a communal establishment","Aged 55 to 59 years","All persons",73
"E08000001","Bolton","Lives in a communal establishment","Aged 60 to 64 years","All persons",79
"E08000001","Bolton","Lives in a communal establishment","Aged 65 years","All persons",21
"E08000001","Bolton","Lives in a communal establishment","Aged 66 to 69 years","All persons",74
"E08000001","Bolton","Lives in a communal establishment","Aged 70 to 74 years","All persons",103
"E08000001","Bolton","Lives in a communal establishment","Aged 75 to 79 years","All persons",180
"E08000001","Bolton","Lives in a communal establishment","Aged 80 to 84 years","All persons",242
"E08000001","Bolton","Lives in a communal establishment","Aged 85 years and over","All persons",677
"E08000002","Bury","Lives in a communal establishment","Total","All persons",1811
"E08000002","Bury","Lives in a communal establishment","Aged 2 years and under","All persons",1
"E08000002","Bury","Lives in a communal establishment","Aged 3 to 4 years","All persons",0
"E08000002","Bury","Lives in a communal establishment","Aged 5 to 7 years","All persons",0
"E08000002","Bury","Lives in a communal establishment","Aged 8 to 9 years","All persons",2
"E08000002","Bury","Lives in a communal establishment","Aged 10 to 14 years","All persons",10
"E08000002","Bury","Lives in a communal establishment","Aged 15 years","All persons",84
"E08000002","Bury","Lives in a communal establishment","Aged 16 to 17 years","All persons",46
"E08000002","Bury","Lives in a communal establishment","Aged 18 to 19 years","All persons",48
"E08000002","Bury","Lives in a communal establishment","Aged 20 to 24 years","All persons",77
"E08000002","Bury","Lives in a communal establishment","Aged 25 to 29 years","All persons",42
"E08000002","Bury","Lives in a communal establishment","Aged 30 to 34 years","All persons",49
"E08000002","Bury","Lives in a communal establishment","Aged 35 to 39 years","All persons",47
"E08000002","Bury","Lives in a communal establishment","Aged 40 to 44 years","All persons",31
"E08000002","Bury","Lives in a communal establishment","Aged 45 to 49 years","All persons",38
"E08000002","Bury","Lives in a communal establishment","Aged 50 to 54 years","All persons",66
"E08000002","Bury","Lives in a communal establishment","Aged 55 to 59 years","All persons",94
"E08000002","Bury","Lives in a communal establishment","Aged 60 to 64 years","All persons",74
"E08000002","Bury","Lives in a communal establishment","Aged 65 years","All persons",17
"E08000002","Bury","Lives in a communal establishment","Aged 66 to 69 years","All persons",55
"E08000002","Bury","Lives in a communal establishment","Aged 70 to 74 years","All persons",123
"E08000002","Bury","Lives in a communal establishment","Aged 75 to 79 years","All persons",149
"E08000002","Bury","Lives in a communal establishment","Aged 80 to 84 years","All persons",183
"E08000002","Bury","Lives in a communal establishment","Aged 85 years and over","All persons",575
"E08000003","Manchester","Lives in a communal establishment","Total","All persons",21799
"E08000003","Manchester","Lives in a communal establishment","Aged 2 years and under","All persons",0
"E08000003","Manchester","Lives in a communal establishment","Aged 3 to 4 years","All persons",1
"E08000003","Manchester","Lives in a communal establishment","Aged 5 to 7 years","All persons",3
"E08000003","Manchester","Lives in a communal establishment","Aged 8 to 9 years","All persons",6
"E08000003","Manchester","Lives in a communal establishment","Aged 10 to 14 years","All persons",63
"E08000003","Manchester","Lives in a communal establishment","Aged 15 years","All persons",26
"E08000003","Manchester","Lives in a communal establishment","Aged 16 to 17 years","All persons",197
"E08000003","Manchester","Lives in a communal establishment","Aged 18 to 19 years","All persons",9587
"E08000003","Manchester","Lives in a communal establishment","Aged 20 to 24 years","All persons",6955
"E08000003","Manchester","Lives in a communal establishment","Aged 25 to 29 years","All persons",1197
"E08000003","Manchester","Lives in a communal establishment","Aged 30 to 34 years","All persons",553
"E08000003","Manchester","Lives in a communal establishment","Aged 35 to 39 years","All persons",306
"E08000003","Manchester","Lives in a communal establishment","Aged 40 to 44 years","All persons",248
"E08000003","Manchester","Lives in a communal establishment","Aged 45 to 49 years","All persons",221
"E08000003","Manchester","Lives in a communal establishment","Aged 50 to 54 years","All persons",225
"E08000003","Manchester","Lives in a communal establishment","Aged 55 to 59 years","All persons",231
"E08000003","Manchester","Lives in a communal establishment","Aged 60 to 64 years","All persons",248
"E08000003","Manchester","Lives in a communal establishment","Aged 65 years","All persons",36
"E08000003","Manchester","Lives in a communal establishment","Aged 66 to 69 years","All persons",151
"E08000003","Manchester","Lives in a communal establishment","Aged 70 to 74 years","All persons",234
"E08000003","Manchester","Lives in a communal establishment","Aged 75 to 79 years","All persons",260
"E08000003","Manchester","Lives in a communal establishment","Aged 80 to 84 years","All persons",324
"E08000003","Manchester","Lives in a communal establishment","Aged 85 years and over","All persons",727
"E08000004","Oldham","Lives in a communal establishment","Total","All persons",1438
"E08000004","Oldham","Lives in a communal establishment","Aged 2 years and under","All persons",10
"E08000004","Oldham","Lives in a communal establishment","Aged 3 to 4 years","All persons",5
"E08000004","Oldham","Lives in a communal establishment","Aged 5 to 7 years","All persons",3
"E08000004","Oldham","Lives in a communal establishment","Aged 8 to 9 years","All persons",1
"E08000004","Oldham","Lives in a communal establishment","Aged 10 to 14 years","All persons",2
"E08000004","Oldham","Lives in a communal establishment","Aged 15 years","All persons",2
"E08000004","Oldham","Lives in a communal establishment","Aged 16 to 17 years","All persons",12
"E08000004","Oldham","Lives in a communal establishment","Aged 18 to 19 years","All persons",1
"E08000004","Oldham","Lives in a communal establishment","Aged 20 to 24 years","All persons",17
"E08000004","Oldham","Lives in a communal establishment","Aged 25 to 29 years","All persons",21
"E08000004","Oldham","Lives in a communal establishment","Aged 30 to 34 years","All persons",40
"E08000004","Oldham","Lives in a communal establishment","Aged 35 to 39 years","All persons",29
"E08000004","Oldham","Lives in a communal establishment","Aged 40 to 44 years","All persons",22
"E08000004","Oldham","Lives in a communal establishment","Aged 45 to 49 years","All persons",33
"E08000004","Oldham","Lives in a communal establishment","Aged 50 to 54 years","All persons",53
"E08000004","Oldham","Lives in a communal establishment","Aged 55 to 59 years","All persons",52
"E08000004","Oldham","Lives in a communal establishment","Aged 60 to 64 years","All persons",66
"E08000004","Oldham","Lives in a communal establishment","Aged 65 years","All persons",12
"E08000004","Oldham","Lives in a communal establishment","Aged 66 to 69 years","All persons",61
"E08000004","Oldham","Lives in a communal establishment","Aged 70 to 74 years","All persons",123
"E08000004","Oldham","Lives in a communal establishment","Aged 75 to 79 years","All persons",155
"E08000004","Oldham","Lives in a communal establishment","Aged 80 to 84 years","All persons",227
"E08000004","Oldham","Lives in a communal establishment","Aged 85 years and over","All persons",491
"E08000005","Rochdale","Lives in a communal establishment","Total","All persons",1877
"E08000005","Rochdale","Lives in a communal establishment","Aged 2 years and under","All persons",0
"E08000005","Rochdale","Lives in a communal establishment","Aged 3 to 4 years","All persons",0
"E08000005","Rochdale","Lives in a communal establishment","Aged 5 to 7 years","All persons",0
"E08000005","Rochdale","Lives in a communal establishment","Aged 8 to 9 years","All persons",0
"E08000005","Rochdale","Lives in a communal establishment","Aged 10 to 14 years","All persons",3
"E08000005","Rochdale","Lives in a communal establishment","Aged 15 years","All persons",1
"E08000005","Rochdale","Lives in a communal establishment","Aged 16 to 17 years","All persons",11
"E08000005","Rochdale","Lives in a communal establishment","Aged 18 to 19 years","All persons",2
"E08000005","Rochdale","Lives in a communal establishment","Aged 20 to 24 years","All persons",40
"E08000005","Rochdale","Lives in a communal establishment","Aged 25 to 29 years","All persons",97
"E08000005","Rochdale","Lives in a communal establishment","Aged 30 to 34 years","All persons",142
"E08000005","Rochdale","Lives in a communal establishment","Aged 35 to 39 years","All persons",94
"E08000005","Rochdale","Lives in a communal establishment","Aged 40 to 44 years","All persons",85
"E08000005","Rochdale","Lives in a communal establishment","Aged 45 to 49 years","All persons",72
"E08000005","Rochdale","Lives in a communal establishment","Aged 50 to 54 years","All persons",81
"E08000005","Rochdale","Lives in a communal establishment","Aged 55 to 59 years","All persons",99
"E08000005","Rochdale","Lives in a communal establishment","Aged 60 to 64 years","All persons",95
"E08000005","Rochdale","Lives in a communal establishment","Aged 65 years","All persons",11
"E08000005","Rochdale","Lives in a communal establishment","Aged 66 to 69 years","All persons",69
"E08000005","Rochdale","Lives in a communal establishment","Aged 70 to 74 years","All persons",115
"E08000005","Rochdale","Lives in a communal establishment","Aged 75 to 79 years","All persons",177
"E08000005","Rochdale","Lives in a communal establishment","Aged 80 to 84 years","All persons",169
"E08000005","Rochdale","Lives in a communal establishment","Aged 85 years and over","All persons",514
"E08000006","Salford","Lives in a communal establishment","Total","All persons",5683
"E08000006","Salford","Lives in a communal establishment","Aged 2 years and under","All persons",2
"E08000006","Salford","Lives in a communal establishment","Aged 3 to 4 years","All persons",1
"E08000006","Salford","Lives in a communal establishment","Aged 5 to 7 years","All persons",3
"E08000006","Salford","Lives in a communal establishment","Aged 8 to 9 years","All persons",1
"E08000006","Salford","Lives in a communal establishment","Aged 10 to 14 years","All persons",12
"E08000006","Salford","Lives in a communal establishment","Aged 15 years","All persons",2
"E08000006","Salford","Lives in a communal establishment","Aged 16 to 17 years","All persons",82
"E08000006","Salford","Lives in a communal establishment","Aged 18 to 19 years","All persons",1853
"E08000006","Salford","Lives in a communal establishment","Aged 20 to 24 years","All persons",1516
"E08000006","Salford","Lives in a communal establishment","Aged 25 to 29 years","All persons",342
"E08000006","Salford","Lives in a communal establishment","Aged 30 to 34 years","All persons",247
"E08000006","Salford","Lives in a communal establishment","Aged 35 to 39 years","All persons",233
"E08000006","Salford","Lives in a communal establishment","Aged 40 to 44 years","All persons",151
"E08000006","Salford","Lives in a communal establishment","Aged 45 to 49 years","All persons",111
"E08000006","Salford","Lives in a communal establishment","Aged 50 to 54 years","All persons",108
"E08000006","Salford","Lives in a communal establishment","Aged 55 to 59 years","All persons",93
"E08000006","Salford","Lives in a communal establishment","Aged 60 to 64 years","All persons",88
"E08000006","Salford","Lives in a communal establishment","Aged 65 years","All persons",9
"E08000006","Salford","Lives in a communal establishment","Aged 66 to 69 years","All persons",48
"E08000006","Salford","Lives in a communal establishment","Aged 70 to 74 years","All persons",104
"E08000006","Salford","Lives in a communal establishment","Aged 75 to 79 years","All persons",113
"E08000006","Salford","Lives in a communal establishment","Aged 80 to 84 years","All persons",186
"E08000006","Salford","Lives in a communal establishment","Aged 85 years and over","All persons",378
"E08000007","Stockport","Lives in a communal establishment","Total","All persons",2216
"E08000007","Stockport","Lives in a communal establishment","Aged 2 years and under","All persons",3
"E08000007","Stockport","Lives in a communal establishment","Aged 3 to 4 years","All persons",0
"E08000007","Stockport","Lives in a communal establishment","Aged 5 to 7 years","All persons",2
"E08000007","Stockport","Lives in a communal establishment","Aged 8 to 9 years","All persons",3
"E08000007","Stockport","Lives in a communal establishment","Aged 10 to 14 years","All persons",49
"E08000007","Stockport","Lives in a communal establishment","Aged 15 years","All persons",14
"E08000007","Stockport","Lives in a communal establishment","Aged 16 to 17 years","All persons",45
"E08000007","Stockport","Lives in a communal establishment","Aged 18 to 19 years","All persons",26
"E08000007","Stockport","Lives in a communal establishment","Aged 20 to 24 years","All persons",63
"E08000007","Stockport","Lives in a communal establishment","Aged 25 to 29 years","All persons",37
"E08000007","Stockport","Lives in a communal establishment","Aged 30 to 34 years","All persons",72
"E08000007","Stockport","Lives in a communal establishment","Aged 35 to 39 years","All persons",29
"E08000007","Stockport","Lives in a communal establishment","Aged 40 to 44 years","All persons",31
"E08000007","Stockport","Lives in a communal establishment","Aged 45 to 49 years","All persons",32
"E08000007","Stockport","Lives in a communal establishment","Aged 50 to 54 years","All persons",37
"E08000007","Stockport","Lives in a communal establishment","Aged 55 to 59 years","All persons",40
"E08000007","Stockport","Lives in a communal establishment","Aged 60 to 64 years","All persons",60
"E08000007","Stockport","Lives in a communal establishment","Aged 65 years","All persons",13
"E08000007","Stockport","Lives in a communal establishment","Aged 66 to 69 years","All persons",64
"E08000007","Stockport","Lives in a communal establishment","Aged 70 to 74 years","All persons",110
"E08000007","Stockport","Lives in a communal establishment","Aged 75 to 79 years","All persons",222
"E08000007","Stockport","Lives in a communal establishment","Aged 80 to 84 years","All persons",325
"E08000007","Stockport","Lives in a communal establishment","Aged 85 years and over","All persons",939
"E08000008","Tameside","Lives in a communal establishment","Total","All persons",1386
"E08000008","Tameside","Lives in a communal establishment","Aged 2 years and under","All persons",6
"E08000008","Tameside","Lives in a communal establishment","Aged 3 to 4 years","All persons",7
"E08000008","Tameside","Lives in a communal establishment","Aged 5 to 7 years","All persons",3
"E08000008","Tameside","Lives in a communal establishment","Aged 8 to 9 years","All persons",1
"E08000008","Tameside","Lives in a communal establishment","Aged 10 to 14 years","All persons",19
"E08000008","Tameside","Lives in a communal establishment","Aged 15 years","All persons",11
"E08000008","Tameside","Lives in a communal establishment","Aged 16 to 17 years","All persons",19
"E08000008","Tameside","Lives in a communal establishment","Aged 18 to 19 years","All persons",4
"E08000008","Tameside","Lives in a communal establishment","Aged 20 to 24 years","All persons",13
"E08000008","Tameside","Lives in a communal establishment","Aged 25 to 29 years","All persons",15
"E08000008","Tameside","Lives in a communal establishment","Aged 30 to 34 years","All persons",32
"E08000008","Tameside","Lives in a communal establishment","Aged 35 to 39 years","All persons",15
"E08000008","Tameside","Lives in a communal establishment","Aged 40 to 44 years","All persons",25
"E08000008","Tameside","Lives in a communal establishment","Aged 45 to 49 years","All persons",11
"E08000008","Tameside","Lives in a communal establishment","Aged 50 to 54 years","All persons",20
"E08000008","Tameside","Lives in a communal establishment","Aged 55 to 59 years","All persons",28
"E08000008","Tameside","Lives in a communal establishment","Aged 60 to 64 years","All persons",36
"E08000008","Tameside","Lives in a communal establishment","Aged 65 years","All persons",6
"E08000008","Tameside","Lives in a communal establishment","Aged 66 to 69 years","All persons",43
"E08000008","Tameside","Lives in a communal establishment","Aged 70 to 74 years","All persons",102
"E08000008","Tameside","Lives in a communal establishment","Aged 75 to 79 years","All persons",202
"E08000008","Tameside","Lives in a communal establishment","Aged 80 to 84 years","All persons",219
"E08000008","Tameside","Lives in a communal establishment","Aged 85 years and over","All persons",549
"E08000009","Trafford","Lives in a communal establishment","Total","All persons",1387
"E08000009","Trafford","Lives in a communal establishment","Aged 2 years and under","All persons",0
"E08000009","Trafford","Lives in a communal establishment","Aged 3 to 4 years","All persons",0
"E08000009","Trafford","Lives in a communal establishment","Aged 5 to 7 years","All persons",0
"E08000009","Trafford","Lives in a communal establishment","Aged 8 to 9 years","All persons",0
"E08000009","Trafford","Lives in a communal establishment","Aged 10 to 14 years","All persons",2
"E08000009","Trafford","Lives in a communal establishment","Aged 15 years","All persons",0
"E08000009","Trafford","Lives in a communal establishment","Aged 16 to 17 years","All persons",13
"E08000009","Trafford","Lives in a communal establishment","Aged 18 to 19 years","All persons",10
"E08000009","Trafford","Lives in a communal establishment","Aged 20 to 24 years","All persons",16
"E08000009","Trafford","Lives in a communal establishment","Aged 25 to 29 years","All persons",23
"E08000009","Trafford","Lives in a communal establishment","Aged 30 to 34 years","All persons",40
"E08000009","Trafford","Lives in a communal establishment","Aged 35 to 39 years","All persons",23
"E08000009","Trafford","Lives in a communal establishment","Aged 40 to 44 years","All persons",25
"E08000009","Trafford","Lives in a communal establishment","Aged 45 to 49 years","All persons",32
"E08000009","Trafford","Lives in a communal establishment","Aged 50 to 54 years","All persons",42
"E08000009","Trafford","Lives in a communal establishment","Aged 55 to 59 years","All persons",66
"E08000009","Trafford","Lives in a communal establishment","Aged 60 to 64 years","All persons",50
"E08000009","Trafford","Lives in a communal establishment","Aged 65 years","All persons",2
"E08000009","Trafford","Lives in a communal establishment","Aged 66 to 69 years","All persons",45
"E08000009","Trafford","Lives in a communal establishment","Aged 70 to 74 years","All persons",89
"E08000009","Trafford","Lives in a communal establishment","Aged 75 to 79 years","All persons",145
"E08000009","Trafford","Lives in a communal establishment","Aged 80 to 84 years","All persons",173
"E08000009","Trafford","Lives in a communal establishment","Aged 85 years and over","All persons",591
"E08000010","Wigan","Lives in a communal establishment","Total","All persons",2480
"E08000010","Wigan","Lives in a communal establishment","Aged 2 years and under","All persons",0
"E08000010","Wigan","Lives in a communal establishment","Aged 3 to 4 years","All persons",0
"E08000010","Wigan","Lives in a communal establishment","Aged 5 to 7 years","All persons",0
"E08000010","Wigan","Lives in a communal establishment","Aged 8 to 9 years","All persons",0
"E08000010","Wigan","Lives in a communal establishment","Aged 10 to 14 years","All persons",13
"E08000010","Wigan","Lives in a communal establishment","Aged 15 years","All persons",5
"E08000010","Wigan","Lives in a communal establishment","Aged 16 to 17 years","All persons",24
"E08000010","Wigan","Lives in a communal establishment","Aged 18 to 19 years","All persons",73
"E08000010","Wigan","Lives in a communal establishment","Aged 20 to 24 years","All persons",162
"E08000010","Wigan","Lives in a communal establishment","Aged 25 to 29 years","All persons",119
"E08000010","Wigan","Lives in a communal establishment","Aged 30 to 34 years","All persons",110
"E08000010","Wigan","Lives in a communal establishment","Aged 35 to 39 years","All persons",81
"E08000010","Wigan","Lives in a communal establishment","Aged 40 to 44 years","All persons",63
"E08000010","Wigan","Lives in a communal establishment","Aged 45 to 49 years","All persons",41
"E08000010","Wigan","Lives in a communal establishment","Aged 50 to 54 years","All persons",71
"E08000010","Wigan","Lives in a communal establishment","Aged 55 to 59 years","All persons",48
"E08000010","Wigan","Lives in a communal establishment","Aged 60 to 64 years","All persons",66
"E08000010","Wigan","Lives in a communal establishment","Aged 65 years","All persons",14
"E08000010","Wigan","Lives in a communal establishment","Aged 66 to 69 years","All persons",77
"E08000010","Wigan","Lives in a communal establishment","Aged 70 to 74 years","All persons",150
"E08000010","Wigan","Lives in a communal establishment","Aged 75 to 79 years","All persons",231
"E08000010","Wigan","Lives in a communal establishment","Aged 80 to 84 years","All persons",316
"E08000010","Wigan","Lives in a communal establishment","Aged 85 years and over","All persons",816
"E08000011","Knowsley","Lives in a communal establishment","Total","All persons",833
"E08000011","Knowsley","Lives in a communal establishment","Aged 2 years and under","All persons",0
"E08000011","Knowsley","Lives in a communal establishment","Aged 3 to 4 years","All persons",0
"E08000011","Knowsley","Lives in a communal establishment","Aged 5 to 7 years","All persons",0
"E08000011","Knowsley","Lives in a communal establishment","Aged 8 to 9 years","All persons",0
"E08000011","Knowsley","Lives in a communal establishment","Aged 10 to 14 years","All persons",4
"E08000011","Knowsley","Lives in a communal establishment","Aged 15 years","All persons",7
"E08000011","Knowsley","Lives in a communal establishment","Aged 16 to 17 years","All persons",5
"E08000011","Knowsley","Lives in a communal establishment","Aged 18 to 19 years","All persons",2
"E08000011","Knowsley","Lives in a communal establishment","Aged 20 to 24 years","All persons",8
"E08000011","Knowsley","Lives in a communal establishment","Aged 25 to 29 years","All persons",5
"E08000011","Knowsley","Lives in a communal establishment","Aged 30 to 34 years","All persons",11
"E08000011","Knowsley","Lives in a communal establishment","Aged 35 to 39 years","All persons",5
"E08000011","Knowsley","Lives in a communal establishment","Aged 40 to 44 years","All persons",5
"E08000011","Knowsley","Lives in a communal establishment","Aged 45 to 49 years","All persons",19
"E08000011","Knowsley","Lives in a communal establishment","Aged 50 to 54 years","All persons",27
"E08000011","Knowsley","Lives in a communal establishment","Aged 55 to 59 years","All persons",29
"E08000011","Knowsley","Lives in a communal establishment","Aged 60 to 64 years","All persons",23
"E08000011","Knowsley","Lives in a communal establishment","Aged 65 years","All persons",9
"E08000011","Knowsley","Lives in a communal establishment","Aged 66 to 69 years","All persons",32
"E08000011","Knowsley","Lives in a communal establishment","Aged 70 to 74 years","All persons",64
"E08000011","Knowsley","Lives in a communal establishment","Aged 75 to 79 years","All persons",97
"E08000011","Knowsley","Lives in a communal establishment","Aged 80 to 84 years","All persons",143
"E08000011","Knowsley","Lives in a communal establishment","Aged 85 years and over","All persons",338
"E08000012","Liverpool","Lives in a communal establishment","Total","All persons",22214
"E08000012","Liverpool","Lives in a communal establishment","Aged 2 years and under","All persons",10
"E08000012","Liverpool","Lives in a communal establishment","Aged 3 to 4 years","All persons",7
"E08000012","Liverpool","Lives in a communal establishment","Aged 5 to 7 years","All persons",8
"E08000012","Liverpool","Lives in a communal establishment","Aged 8 to 9 years","All persons",3
"E08000012","Liverpool","Lives in a communal establishment","Aged 10 to 14 years","All persons",19
"E08000012","Liverpool","Lives in a communal establishment","Aged 15 years","All persons",5
"E08000012","Liverpool","Lives in a communal establishment","Aged 16 to 17 years","All persons",47
"E08000012","Liverpool","Lives in a communal establishment","Aged 18 to 19 years","All persons",9102
"E08000012","Liverpool","Lives in a communal establishment","Aged 20 to 24 years","All persons",7573
"E08000012","Liverpool","Lives in a communal establishment","Aged 25 to 29 years","All persons",1073
"E08000012","Liverpool","Lives in a communal establishment","Aged 30 to 34 years","All persons",528
"E08000012","Liverpool","Lives in a communal establishment","Aged 35 to 39 years","All persons",383
"E08000012","Liverpool","Lives in a communal establishment","Aged 40 to 44 years","All persons",305
"E08000012","Liverpool","Lives in a communal establishment","Aged 45 to 49 years","All persons",247
"E08000012","Liverpool","Lives in a communal establishment","Aged 50 to 54 years","All persons",243
"E08000012","Liverpool","Lives in a communal establishment","Aged 55 to 59 years","All persons",223
"E08000012","Liverpool","Lives in a communal establishment","Aged 60 to 64 years","All persons",221
"E08000012","Liverpool","Lives in a communal establishment","Aged 65 years","All persons",38
"E08000012","Liverpool","Lives in a communal establishment","Aged 66 to 69 years","All persons",190
"E08000012","Liverpool","Lives in a communal establishment","Aged 70 to 74 years","All persons",275
"E08000012","Liverpool","Lives in a communal establishment","Aged 75 to 79 years","All persons",347
"E08000012","Liverpool","Lives in a communal establishment","Aged 80 to 84 years","All persons",462
"E08000012","Liverpool","Lives in a communal establishment","Aged 85 years and over","All persons",905
"E08000013","St. Helens","Lives in a communal establishment","Total","All persons",1224
"E08000013","St. Helens","Lives in a communal establishment","Aged 2 years and under","All persons",0
"E08000013","St. Helens","Lives in a communal establishment","Aged 3 to 4 years","All persons",0
"E08000013","St. Helens","Lives in a communal establishment","Aged 5 to 7 years","All persons",1
"E08000013","St. Helens","Lives in a communal establishment","Aged 8 to 9 years","All persons",1
"E08000013","St. Helens","Lives in a communal establishment","Aged 10 to 14 years","All persons",5
"E08000013","St. Helens","Lives in a communal establishment","Aged 15 years","All persons",5
"E08000013","St. Helens","Lives in a communal establishment","Aged 16 to 17 years","All persons",20
"E08000013","St. Helens","Lives in a communal establishment","Aged 18 to 19 years","All persons",23
"E08000013","St. Helens","Lives in a communal establishment","Aged 20 to 24 years","All persons",34
"E08000013","St. Helens","Lives in a communal establishment","Aged 25 to 29 years","All persons",19
"E08000013","St. Helens","Lives in a communal establishment","Aged 30 to 34 years","All persons",28
"E08000013","St. Helens","Lives in a communal establishment","Aged 35 to 39 years","All persons",24
"E08000013","St. Helens","Lives in a communal establishment","Aged 40 to 44 years","All persons",26
"E08000013","St. Helens","Lives in a communal establishment","Aged 45 to 49 years","All persons",32
"E08000013","St. Helens","Lives in a communal establishment","Aged 50 to 54 years","All persons",30
"E08000013","St. Helens","Lives in a communal establishment","Aged 55 to 59 years","All persons",37
"E08000013","St. Helens","Lives in a communal establishment","Aged 60 to 64 years","All persons",37
"E08000013","St. Helens","Lives in a communal establishment","Aged 65 years","All persons",12
"E08000013","St. Helens","Lives in a communal establishment","Aged 66 to 69 years","All persons",50
"E08000013","St. Helens","Lives in a communal establishment","Aged 70 to 74 years","All persons",72
"E08000013","St. Helens","Lives in a communal establishment","Aged 75 to 79 years","All persons",119
"E08000013","St. Helens","Lives in a communal establishment","Aged 80 to 84 years","All persons",177
"E08000013","St. Helens","Lives in a communal establishment","Aged 85 years and over","All persons",472
"E08000014","Sefton","Lives in a communal establishment","Total","All persons",3533
"E08000014","Sefton","Lives in a communal establishment","Aged 2 years and under","All persons",0
"E08000014","Sefton","Lives in a communal establishment","Aged 3 to 4 years","All persons",4
"E08000014","Sefton","Lives in a communal establishment","Aged 5 to 7 years","All persons",7
"E08000014","Sefton","Lives in a communal establishment","Aged 8 to 9 years","All persons",8
"E08000014","Sefton","Lives in a communal establishment","Aged 10 to 14 years","All persons",25
"E08000014","Sefton","Lives in a communal establishment","Aged 15 years","All persons",8
"E08000014","Sefton","Lives in a communal establishment","Aged 16 to 17 years","All persons",23
"E08000014","Sefton","Lives in a communal establishment","Aged 18 to 19 years","All persons",14
"E08000014","Sefton","Lives in a communal establishment","Aged 20 to 24 years","All persons",67
"E08000014","Sefton","Lives in a communal establishment","Aged 25 to 29 years","All persons",90
"E08000014","Sefton","Lives in a communal establishment","Aged 30 to 34 years","All persons",81
"E08000014","Sefton","Lives in a communal establishment","Aged 35 to 39 years","All persons",80
"E08000014","Sefton","Lives in a communal establishment","Aged 40 to 44 years","All persons",83
"E08000014","Sefton","Lives in a communal establishment","Aged 45 to 49 years","All persons",125
"E08000014","Sefton","Lives in a communal establishment","Aged 50 to 54 years","All persons",131
"E08000014","Sefton","Lives in a communal establishment","Aged 55 to 59 years","All persons",124
"E08000014","Sefton","Lives in a communal establishment","Aged 60 to 64 years","All persons",163
"E08000014","Sefton","Lives in a communal establishment","Aged 65 years","All persons",39
"E08000014","Sefton","Lives in a communal establishment","Aged 66 to 69 years","All persons",153
"E08000014","Sefton","Lives in a communal establishment","Aged 70 to 74 years","All persons",210
"E08000014","Sefton","Lives in a communal establishment","Aged 75 to 79 years","All persons",347
"E08000014","Sefton","Lives in a communal establishment","Aged 80 to 84 years","All persons",396
"E08000014","Sefton","Lives in a communal establishment","Aged 85 years and over","All persons",1355
"E08000015","Wirral","Lives in a communal establishment","Total","All persons",2797
"E08000015","Wirral","Lives in a communal establishment","Aged 2 years and under","All persons",7
"E08000015","Wirral","Lives in a communal establishment","Aged 3 to 4 years","All persons",4
"E08000015","Wirral","Lives in a communal establishment","Aged 5 to 7 years","All persons",2
"E08000015","Wirral","Lives in a communal establishment","Aged 8 to 9 years","All persons",0
"E08000015","Wirral","Lives in a communal establishment","Aged 10 to 14 years","All persons",5
"E08000015","Wirral","Lives in a communal establishment","Aged 15 years","All persons",4
"E08000015","Wirral","Lives in a communal establishment","Aged 16 to 17 years","All persons",7
"E08000015","Wirral","Lives in a communal establishment","Aged 18 to 19 years","All persons",7
"E08000015","Wirral","Lives in a communal establishment","Aged 20 to 24 years","All persons",33
"E08000015","Wirral","Lives in a communal establishment","Aged 25 to 29 years","All persons",36
"E08000015","Wirral","Lives in a communal establishment","Aged 30 to 34 years","All persons",37
"E08000015","Wirral","Lives in a communal establishment","Aged 35 to 39 years","All persons",42
"E08000015","Wirral","Lives in a communal establishment","Aged 40 to 44 years","All persons",40
"E08000015","Wirral","Lives in a communal establishment","Aged 45 to 49 years","All persons",86
"E08000015","Wirral","Lives in a communal establishment","Aged 50 to 54 years","All persons",106
"E08000015","Wirral","Lives in a communal establishment","Aged 55 to 59 years","All persons",116
"E08000015","Wirral","Lives in a communal establishment","Aged 60 to 64 years","All persons",134
"E08000015","Wirral","Lives in a communal establishment","Aged 65 years","All persons",28
"E08000015","Wirral","Lives in a communal establishment","Aged 66 to 69 years","All persons",140
"E08000015","Wirral","Lives in a communal establishment","Aged 70 to 74 years","All persons",190
"E08000015","Wirral","Lives in a communal establishment","Aged 75 to 79 years","All persons",278
"E08000015","Wirral","Lives in a communal establishment","Aged 80 to 84 years","All persons",384
"E08000015","Wirral","Lives in a communal establishment","Aged 85 years and over","All persons",1111
"E06000010","Kingston upon Hull, City of","Lives in a communal establishment","Total","All persons",4595
"E06000010","Kingston upon Hull, City of","Lives in a communal establishment","Aged 2 years and under","All persons",0
"E06000010","Kingston upon Hull, City of","Lives in a communal establishment","Aged 3 to 4 years","All persons",1
"E06000010","Kingston upon Hull, City of","Lives in a communal establishment","Aged 5 to 7 years","All persons",1
"E06000010","Kingston upon Hull, City of","Lives in a communal establishment","Aged 8 to 9 years","All persons",5
"E06000010","Kingston upon Hull, City of","Lives in a communal establishment","Aged 10 to 14 years","All persons",20
"E06000010","Kingston upon Hull, City of","Lives in a communal establishment","Aged 15 years","All persons",4
"E06000010","Kingston upon Hull, City of","Lives in a communal establishment","Aged 16 to 17 years","All persons",23
"E06000010","Kingston upon Hull, City of","Lives in a communal establishment","Aged 18 to 19 years","All persons",917
"E06000010","Kingston upon Hull, City of","Lives in a communal establishment","Aged 20 to 24 years","All persons",843
"E06000010","Kingston upon Hull, City of","Lives in a communal establishment","Aged 25 to 29 years","All persons",226
"E06000010","Kingston upon Hull, City of","Lives in a communal establishment","Aged 30 to 34 years","All persons",197
"E06000010","Kingston upon Hull, City of","Lives in a communal establishment","Aged 35 to 39 years","All persons",176
"E06000010","Kingston upon Hull, City of","Lives in a communal establishment","Aged 40 to 44 years","All persons",104
"E06000010","Kingston upon Hull, City of","Lives in a communal establishment","Aged 45 to 49 years","All persons",132
"E06000010","Kingston upon Hull, City of","Lives in a communal establishment","Aged 50 to 54 years","All persons",112
"E06000010","Kingston upon Hull, City of","Lives in a communal establishment","Aged 55 to 59 years","All persons",152
"E06000010","Kingston upon Hull, City of","Lives in a communal establishment","Aged 60 to 64 years","All persons",142
"E06000010","Kingston upon Hull, City of","Lives in a communal establishment","Aged 65 years","All persons",33
"E06000010","Kingston upon Hull, City of","Lives in a communal establishment","Aged 66 to 69 years","All persons",130
"E06000010","Kingston upon Hull, City of","Lives in a communal establishment","Aged 70 to 74 years","All persons",215
"E06000010","Kingston upon Hull, City of","Lives in a communal establishment","Aged 75 to 79 years","All persons",230
"E06000010","Kingston upon Hull, City of","Lives in a communal establishment","Aged 80 to 84 years","All persons",300
"E06000010","Kingston upon Hull, City of","Lives in a communal establishment","Aged 85 years and over","All persons",632
"E06000011","East Riding of Yorkshire","Lives in a communal establishment","Total","All persons",6173
"E06000011","East Riding of Yorkshire","Lives in a communal establishment","Aged 2 years and under","All persons",3
"E06000011","East Riding of Yorkshire","Lives in a communal establishment","Aged 3 to 4 years","All persons",2
"E06000011","East Riding of Yorkshire","Lives in a communal establishment","Aged 5 to 7 years","All persons",4
"E06000011","East Riding of Yorkshire","Lives in a communal establishment","Aged 8 to 9 years","All persons",3
"E06000011","East Riding of Yorkshire","Lives in a communal establishment","Aged 10 to 14 years","All persons",25
"E06000011","East Riding of Yorkshire","Lives in a communal establishment","Aged 15 years","All persons",7
"E06000011","East Riding of Yorkshire","Lives in a communal establishment","Aged 16 to 17 years","All persons",244
"E06000011","East Riding of Yorkshire","Lives in a communal establishment","Aged 18 to 19 years","All persons",251
"E06000011","East Riding of Yorkshire","Lives in a communal establishment","Aged 20 to 24 years","All persons",304
"E06000011","East Riding of Yorkshire","Lives in a communal establishment","Aged 25 to 29 years","All persons",382
"E06000011","East Riding of Yorkshire","Lives in a communal establishment","Aged 30 to 34 years","All persons",370
"E06000011","East Riding of Yorkshire","Lives in a communal establishment","Aged 35 to 39 years","All persons",318
"E06000011","East Riding of Yorkshire","Lives in a communal establishment","Aged 40 to 44 years","All persons",251
"E06000011","East Riding of Yorkshire","Lives in a communal establishment","Aged 45 to 49 years","All persons",241
"E06000011","East Riding of Yorkshire","Lives in a communal establishment","Aged 50 to 54 years","All persons",222
"E06000011","East Riding of Yorkshire","Lives in a communal establishment","Aged 55 to 59 years","All persons",233
"E06000011","East Riding of Yorkshire","Lives in a communal establishment","Aged 60 to 64 years","All persons",209
"E06000011","East Riding of Yorkshire","Lives in a communal establishment","Aged 65 years","All persons",24
"E06000011","East Riding of Yorkshire","Lives in a communal establishment","Aged 66 to 69 years","All persons",136
"E06000011","East Riding of Yorkshire","Lives in a communal establishment","Aged 70 to 74 years","All persons",254
"E06000011","East Riding of Yorkshire","Lives in a communal establishment","Aged 75 to 79 years","All persons",381
"E06000011","East Riding of Yorkshire","Lives in a communal establishment","Aged 80 to 84 years","All persons",522
"E06000011","East Riding of Yorkshire","Lives in a communal establishment","Aged 85 years and over","All persons",1787
"E06000012","North East Lincolnshire","Lives in a communal establishment","Total","All persons",1501
"E06000012","North East Lincolnshire","Lives in a communal establishment","Aged 2 years and under","All persons",0
"E06000012","North East Lincolnshire","Lives in a communal establishment","Aged 3 to 4 years","All persons",0
"E06000012","North East Lincolnshire","Lives in a communal establishment","Aged 5 to 7 years","All persons",0
"E06000012","North East Lincolnshire","Lives in a communal establishment","Aged 8 to 9 years","All persons",0
"E06000012","North East Lincolnshire","Lives in a communal establishment","Aged 10 to 14 years","All persons",1
"E06000012","North East Lincolnshire","Lives in a communal establishment","Aged 15 years","All persons",2
"E06000012","North East Lincolnshire","Lives in a communal establishment","Aged 16 to 17 years","All persons",10
"E06000012","North East Lincolnshire","Lives in a communal establishment","Aged 18 to 19 years","All persons",26
"E06000012","North East Lincolnshire","Lives in a communal establishment","Aged 20 to 24 years","All persons",89
"E06000012","North East Lincolnshire","Lives in a communal establishment","Aged 25 to 29 years","All persons",64
"E06000012","North East Lincolnshire","Lives in a communal establishment","Aged 30 to 34 years","All persons",48
"E06000012","North East Lincolnshire","Lives in a communal establishment","Aged 35 to 39 years","All persons",40
"E06000012","North East Lincolnshire","Lives in a communal establishment","Aged 40 to 44 years","All persons",24
"E06000012","North East Lincolnshire","Lives in a communal establishment","Aged 45 to 49 years","All persons",45
"E06000012","North East Lincolnshire","Lives in a communal establishment","Aged 50 to 54 years","All persons",41
"E06000012","North East Lincolnshire","Lives in a communal establishment","Aged 55 to 59 years","All persons",60
"E06000012","North East Lincolnshire","Lives in a communal establishment","Aged 60 to 64 years","All persons",58
"E06000012","North East Lincolnshire","Lives in a communal establishment","Aged 65 years","All persons",17
"E06000012","North East Lincolnshire","Lives in a communal establishment","Aged 66 to 69 years","All persons",38
"E06000012","North East Lincolnshire","Lives in a communal establishment","Aged 70 to 74 years","All persons",87
"E06000012","North East Lincolnshire","Lives in a communal establishment","Aged 75 to 79 years","All persons",126
"E06000012","North East Lincolnshire","Lives in a communal establishment","Aged 80 to 84 years","All persons",179
"E06000012","North East Lincolnshire","Lives in a communal establishment","Aged 85 years and over","All persons",546
"E06000013","North Lincolnshire","Lives in a communal establishment","Total","All persons",1674
"E06000013","North Lincolnshire","Lives in a communal establishment","Aged 2 years and under","All persons",0
"E06000013","North Lincolnshire","Lives in a communal establishment","Aged 3 to 4 years","All persons",2
"E06000013","North Lincolnshire","Lives in a communal establishment","Aged 5 to 7 years","All persons",0
"E06000013","North Lincolnshire","Lives in a communal establishment","Aged 8 to 9 years","All persons",1
"E06000013","North Lincolnshire","Lives in a communal establishment","Aged 10 to 14 years","All persons",8
"E06000013","North Lincolnshire","Lives in a communal establishment","Aged 15 years","All persons",5
"E06000013","North Lincolnshire","Lives in a communal establishment","Aged 16 to 17 years","All persons",9
"E06000013","North Lincolnshire","Lives in a communal establishment","Aged 18 to 19 years","All persons",9
"E06000013","North Lincolnshire","Lives in a communal establishment","Aged 20 to 24 years","All persons",11
"E06000013","North Lincolnshire","Lives in a communal establishment","Aged 25 to 29 years","All persons",32
"E06000013","North Lincolnshire","Lives in a communal establishment","Aged 30 to 34 years","All persons",47
"E06000013","North Lincolnshire","Lives in a communal establishment","Aged 35 to 39 years","All persons",26
"E06000013","North Lincolnshire","Lives in a communal establishment","Aged 40 to 44 years","All persons",31
"E06000013","North Lincolnshire","Lives in a communal establishment","Aged 45 to 49 years","All persons",39
"E06000013","North Lincolnshire","Lives in a communal establishment","Aged 50 to 54 years","All persons",53
"E06000013","North Lincolnshire","Lives in a communal establishment","Aged 55 to 59 years","All persons",86
"E06000013","North Lincolnshire","Lives in a communal establishment","Aged 60 to 64 years","All persons",78
"E06000013","North Lincolnshire","Lives in a communal establishment","Aged 65 years","All persons",10
"E06000013","North Lincolnshire","Lives in a communal establishment","Aged 66 to 69 years","All persons",81
"E06000013","North Lincolnshire","Lives in a communal establishment","Aged 70 to 74 years","All persons",112
"E06000013","North Lincolnshire","Lives in a communal establishment","Aged 75 to 79 years","All persons",134
"E06000013","North Lincolnshire","Lives in a communal establishment","Aged 80 to 84 years","All persons",203
"E06000013","North Lincolnshire","Lives in a communal establishment","Aged 85 years and over","All persons",697
"E06000014","York","Lives in a communal establishment","Total","All persons",11244
"E06000014","York","Lives in a communal establishment","Aged 2 years and under","All persons",4
"E06000014","York","Lives in a communal establishment","Aged 3 to 4 years","All persons",0
"E06000014","York","Lives in a communal establishment","Aged 5 to 7 years","All persons",0
"E06000014","York","Lives in a communal establishment","Aged 8 to 9 years","All persons",3
"E06000014","York","Lives in a communal establishment","Aged 10 to 14 years","All persons",58
"E06000014","York","Lives in a communal establishment","Aged 15 years","All persons",21
"E06000014","York","Lives in a communal establishment","Aged 16 to 17 years","All persons",177
"E06000014","York","Lives in a communal establishment","Aged 18 to 19 years","All persons",5141
"E06000014","York","Lives in a communal establishment","Aged 20 to 24 years","All persons",3273
"E06000014","York","Lives in a communal establishment","Aged 25 to 29 years","All persons",623
"E06000014","York","Lives in a communal establishment","Aged 30 to 34 years","All persons",260
"E06000014","York","Lives in a communal establishment","Aged 35 to 39 years","All persons",156
"E06000014","York","Lives in a communal establishment","Aged 40 to 44 years","All persons",80
"E06000014","York","Lives in a communal establishment","Aged 45 to 49 years","All persons",106
"E06000014","York","Lives in a communal establishment","Aged 50 to 54 years","All persons",90
"E06000014","York","Lives in a communal establishment","Aged 55 to 59 years","All persons",113
"E06000014","York","Lives in a communal establishment","Aged 60 to 64 years","All persons",70
"E06000014","York","Lives in a communal establishment","Aged 65 years","All persons",6
"E06000014","York","Lives in a communal establishment","Aged 66 to 69 years","All persons",62
"E06000014","York","Lives in a communal establishment","Aged 70 to 74 years","All persons",77
"E06000014","York","Lives in a communal establishment","Aged 75 to 79 years","All persons",105
"E06000014","York","Lives in a communal establishment","Aged 80 to 84 years","All persons",168
"E06000014","York","Lives in a communal establishment","Aged 85 years and over","All persons",651
"E06000065","North Yorkshire","Lives in a communal establishment","Total","All persons",12001
"E06000065","North Yorkshire","Lives in a communal establishment","Aged 2 years and under","All persons",7
"E06000065","North Yorkshire","Lives in a communal establishment","Aged 3 to 4 years","All persons",3
"E06000065","North Yorkshire","Lives in a communal establishment","Aged 5 to 7 years","All persons",18
"E06000065","North Yorkshire","Lives in a communal establishment","Aged 8 to 9 years","All persons",40
"E06000065","North Yorkshire","Lives in a communal establishment","Aged 10 to 14 years","All persons",717
"E06000065","North Yorkshire","Lives in a communal establishment","Aged 15 years","All persons",220
"E06000065","North Yorkshire","Lives in a communal establishment","Aged 16 to 17 years","All persons",1716
"E06000065","North Yorkshire","Lives in a communal establishment","Aged 18 to 19 years","All persons",1017
"E06000065","North Yorkshire","Lives in a communal establishment","Aged 20 to 24 years","All persons",1264
"E06000065","North Yorkshire","Lives in a communal establishment","Aged 25 to 29 years","All persons",1148
"E06000065","North Yorkshire","Lives in a communal establishment","Aged 30 to 34 years","All persons",371
"E06000065","North Yorkshire","Lives in a communal establishment","Aged 35 to 39 years","All persons",302
"E06000065","North Yorkshire","Lives in a communal establishment","Aged 40 to 44 years","All persons",195
"E06000065","North Yorkshire","Lives in a communal establishment","Aged 45 to 49 years","All persons",216
"E06000065","North Yorkshire","Lives in a communal establishment","Aged 50 to 54 years","All persons",213
"E06000065","North Yorkshire","Lives in a communal establishment","Aged 55 to 59 years","All persons",230
"E06000065","North Yorkshire","Lives in a communal establishment","Aged 60 to 64 years","All persons",220
"E06000065","North Yorkshire","Lives in a communal establishment","Aged 65 years","All persons",46
"E06000065","North Yorkshire","Lives in a communal establishment","Aged 66 to 69 years","All persons",176
"E06000065","North Yorkshire","Lives in a communal establishment","Aged 70 to 74 years","All persons",300
"E06000065","North Yorkshire","Lives in a communal establishment","Aged 75 to 79 years","All persons",482
"E06000065","North Yorkshire","Lives in a communal establishment","Aged 80 to 84 years","All persons",723
"E06000065","North Yorkshire","Lives in a communal establishment","Aged 85 years and over","All persons",2377
"E08000016","Barnsley","Lives in a communal establishment","Total","All persons",1691
"E08000016","Barnsley","Lives in a communal establishment","Aged 2 years and under","All persons",0
"E08000016","Barnsley","Lives in a communal establishment","Aged 3 to 4 years","All persons",0
"E08000016","Barnsley","Lives in a communal establishment","Aged 5 to 7 years","All persons",0
"E08000016","Barnsley","Lives in a communal establishment","Aged 8 to 9 years","All persons",0
"E08000016","Barnsley","Lives in a communal establishment","Aged 10 to 14 years","All persons",1
"E08000016","Barnsley","Lives in a communal establishment","Aged 15 years","All persons",0
"E08000016","Barnsley","Lives in a communal establishment","Aged 16 to 17 years","All persons",15
"E08000016","Barnsley","Lives in a communal establishment","Aged 18 to 19 years","All persons",8
"E08000016","Barnsley","Lives in a communal establishment","Aged 20 to 24 years","All persons",32
"E08000016","Barnsley","Lives in a communal establishment","Aged 25 to 29 years","All persons",41
"E08000016","Barnsley","Lives in a communal establishment","Aged 30 to 34 years","All persons",38
"E08000016","Barnsley","Lives in a communal establishment","Aged 35 to 39 years","All persons",38
"E08000016","Barnsley","Lives in a communal establishment","Aged 40 to 44 years","All persons",30
"E08000016","Barnsley","Lives in a communal establishment","Aged 45 to 49 years","All persons",38
"E08000016","Barnsley","Lives in a communal establishment","Aged 50 to 54 years","All persons",57
"E08000016","Barnsley","Lives in a communal establishment","Aged 55 to 59 years","All persons",57
"E08000016","Barnsley","Lives in a communal establishment","Aged 60 to 64 years","All persons",61
"E08000016","Barnsley","Lives in a communal establishment","Aged 65 years","All persons",15
"E08000016","Barnsley","Lives in a communal establishment","Aged 66 to 69 years","All persons",82
"E08000016","Barnsley","Lives in a communal establishment","Aged 70 to 74 years","All persons",117
"E08000016","Barnsley","Lives in a communal establishment","Aged 75 to 79 years","All persons",196
"E08000016","Barnsley","Lives in a communal establishment","Aged 80 to 84 years","All persons",225
"E08000016","Barnsley","Lives in a communal establishment","Aged 85 years and over","All persons",640
"E08000017","Doncaster","Lives in a communal establishment","Total","All persons",4930
"E08000017","Doncaster","Lives in a communal establishment","Aged 2 years and under","All persons",0
"E08000017","Doncaster","Lives in a communal establishment","Aged 3 to 4 years","All persons",0
"E08000017","Doncaster","Lives in a communal establishment","Aged 5 to 7 years","All persons",1
"E08000017","Doncaster","Lives in a communal establishment","Aged 8 to 9 years","All persons",0
"E08000017","Doncaster","Lives in a communal establishment","Aged 10 to 14 years","All persons",17
"E08000017","Doncaster","Lives in a communal establishment","Aged 15 years","All persons",16
"E08000017","Doncaster","Lives in a communal establishment","Aged 16 to 17 years","All persons",59
"E08000017","Doncaster","Lives in a communal establishment","Aged 18 to 19 years","All persons",129
"E08000017","Doncaster","Lives in a communal establishment","Aged 20 to 24 years","All persons",426
"E08000017","Doncaster","Lives in a communal establishment","Aged 25 to 29 years","All persons",610
"E08000017","Doncaster","Lives in a communal establishment","Aged 30 to 34 years","All persons",636
"E08000017","Doncaster","Lives in a communal establishment","Aged 35 to 39 years","All persons",567
"E08000017","Doncaster","Lives in a communal establishment","Aged 40 to 44 years","All persons",363
"E08000017","Doncaster","Lives in a communal establishment","Aged 45 to 49 years","All persons",247
"E08000017","Doncaster","Lives in a communal establishment","Aged 50 to 54 years","All persons",204
"E08000017","Doncaster","Lives in a communal establishment","Aged 55 to 59 years","All persons",176
"E08000017","Doncaster","Lives in a communal establishment","Aged 60 to 64 years","All persons",128
"E08000017","Doncaster","Lives in a communal establishment","Aged 65 years","All persons",30
"E08000017","Doncaster","Lives in a communal establishment","Aged 66 to 69 years","All persons",82
"E08000017","Doncaster","Lives in a communal establishment","Aged 70 to 74 years","All persons",138
"E08000017","Doncaster","Lives in a communal establishment","Aged 75 to 79 years","All persons",176
"E08000017","Doncaster","Lives in a communal establishment","Aged 80 to 84 years","All persons",250
"E08000017","Doncaster","Lives in a communal establishment","Aged 85 years and over","All persons",675
"E08000018","Rotherham","Lives in a communal establishment","Total","All persons",1850
"E08000018","Rotherham","Lives in a communal establishment","Aged 2 years and under","All persons",0
"E08000018","Rotherham","Lives in a communal establishment","Aged 3 to 4 years","All persons",0
"E08000018","Rotherham","Lives in a communal establishment","Aged 5 to 7 years","All persons",0
"E08000018","Rotherham","Lives in a communal establishment","Aged 8 to 9 years","All persons",0
"E08000018","Rotherham","Lives in a communal establishment","Aged 10 to 14 years","All persons",6
"E08000018","Rotherham","Lives in a communal establishment","Aged 15 years","All persons",1
"E08000018","Rotherham","Lives in a communal establishment","Aged 16 to 17 years","All persons",10
"E08000018","Rotherham","Lives in a communal establishment","Aged 18 to 19 years","All persons",14
"E08000018","Rotherham","Lives in a communal establishment","Aged 20 to 24 years","All persons",25
"E08000018","Rotherham","Lives in a communal establishment","Aged 25 to 29 years","All persons",81
"E08000018","Rotherham","Lives in a communal establishment","Aged 30 to 34 years","All persons",73
"E08000018","Rotherham","Lives in a communal establishment","Aged 35 to 39 years","All persons",57
"E08000018","Rotherham","Lives in a communal establishment","Aged 40 to 44 years","All persons",65
"E08000018","Rotherham","Lives in a communal establishment","Aged 45 to 49 years","All persons",76
"E08000018","Rotherham","Lives in a communal establishment","Aged 50 to 54 years","All persons",90
"E08000018","Rotherham","Lives in a communal establishment","Aged 55 to 59 years","All persons",96
"E08000018","Rotherham","Lives in a communal establishment","Aged 60 to 64 years","All persons",87
"E08000018","Rotherham","Lives in a communal establishment","Aged 65 years","All persons",17
"E08000018","Rotherham","Lives in a communal establishment","Aged 66 to 69 years","All persons",65
"E08000018","Rotherham","Lives in a communal establishment","Aged 70 to 74 years","All persons",106
"E08000018","Rotherham","Lives in a communal establishment","Aged 75 to 79 years","All persons",174
"E08000018","Rotherham","Lives in a communal establishment","Aged 80 to 84 years","All persons",236
"E08000018","Rotherham","Lives in a communal establishment","Aged 85 years and over","All persons",571
"E08000019","Sheffield","Lives in a communal establishment","Total","All persons",20633
"E08000019","Sheffield","Lives in a communal establishment","Aged 2 years and under","All persons",2
"E08000019","Sheffield","Lives in a communal establishment","Aged 3 to 4 years","All persons",7
"E08000019","Sheffield","Lives in a communal establishment","Aged 5 to 7 years","All persons",6
"E08000019","Sheffield","Lives in a communal establishment","Aged 8 to 9 years","All persons",7
"E08000019","Sheffield","Lives in a communal establishment","Aged 10 to 14 years","All persons",20
"E08000019","Sheffield","Lives in a communal establishment","Aged 15 years","All persons",8
"E08000019","Sheffield","Lives in a communal establishment","Aged 16 to 17 years","All persons",47
"E08000019","Sheffield","Lives in a communal establishment","Aged 18 to 19 years","All persons",7684
"E08000019","Sheffield","Lives in a communal establishment","Aged 20 to 24 years","All persons",7226
"E08000019","Sheffield","Lives in a communal establishment","Aged 25 to 29 years","All persons",1465
"E08000019","Sheffield","Lives in a communal establishment","Aged 30 to 34 years","All persons",499
"E08000019","Sheffield","Lives in a communal establishment","Aged 35 to 39 years","All persons",225
"E08000019","Sheffield","Lives in a communal establishment","Aged 40 to 44 years","All persons",130
"E08000019","Sheffield","Lives in a communal establishment","Aged 45 to 49 years","All persons",135
"E08000019","Sheffield","Lives in a communal establishment","Aged 50 to 54 years","All persons",137
"E08000019","Sheffield","Lives in a communal establishment","Aged 55 to 59 years","All persons",168
"E08000019","Sheffield","Lives in a communal establishment","Aged 60 to 64 years","All persons",158
"E08000019","Sheffield","Lives in a communal establishment","Aged 65 years","All persons",35
"E08000019","Sheffield","Lives in a communal establishment","Aged 66 to 69 years","All persons",149
"E08000019","Sheffield","Lives in a communal establishment","Aged 70 to 74 years","All persons",256
"E08000019","Sheffield","Lives in a communal establishment","Aged 75 to 79 years","All persons",371
"E08000019","Sheffield","Lives in a communal establishment","Aged 80 to 84 years","All persons",514
"E08000019","Sheffield","Lives in a communal establishment","Aged 85 years and over","All persons",1384
"E08000032","Bradford","Lives in a communal establishment","Total","All persons",5864
"E08000032","Bradford","Lives in a communal establishment","Aged 2 years and under","All persons",1
"E08000032","Bradford","Lives in a communal establishment","Aged 3 to 4 years","All persons",7
"E08000032","Bradford","Lives in a communal establishment","Aged 5 to 7 years","All persons",4
"E08000032","Bradford","Lives in a communal establishment","Aged 8 to 9 years","All persons",8
"E08000032","Bradford","Lives in a communal establishment","Aged 10 to 14 years","All persons",360
"E08000032","Bradford","Lives in a communal establishment","Aged 15 years","All persons",77
"E08000032","Bradford","Lives in a communal establishment","Aged 16 to 17 years","All persons",234
"E08000032","Bradford","Lives in a communal establishment","Aged 18 to 19 years","All persons",437
"E08000032","Bradford","Lives in a communal establishment","Aged 20 to 24 years","All persons",934
"E08000032","Bradford","Lives in a communal establishment","Aged 25 to 29 years","All persons",311
"E08000032","Bradford","Lives in a communal establishment","Aged 30 to 34 years","All persons",210
"E08000032","Bradford","Lives in a communal establishment","Aged 35 to 39 years","All persons",198
"E08000032","Bradford","Lives in a communal establishment","Aged 40 to 44 years","All persons",157
"E08000032","Bradford","Lives in a communal establishment","Aged 45 to 49 years","All persons",112
"E08000032","Bradford","Lives in a communal establishment","Aged 50 to 54 years","All persons",103
"E08000032","Bradford","Lives in a communal establishment","Aged 55 to 59 years","All persons",181
"E08000032","Bradford","Lives in a communal establishment","Aged 60 to 64 years","All persons",223
"E08000032","Bradford","Lives in a communal establishment","Aged 65 years","All persons",55
"E08000032","Bradford","Lives in a communal establishment","Aged 66 to 69 years","All persons",165
"E08000032","Bradford","Lives in a communal establishment","Aged 70 to 74 years","All persons",258
"E08000032","Bradford","Lives in a communal establishment","Aged 75 to 79 years","All persons",269
"E08000032","Bradford","Lives in a communal establishment","Aged 80 to 84 years","All persons",391
"E08000032","Bradford","Lives in a communal establishment","Aged 85 years and over","All persons",1169
"E08000033","Calderdale","Lives in a communal establishment","Total","All persons",1314
"E08000033","Calderdale","Lives in a communal establishment","Aged 2 years and under","All persons",0
"E08000033","Calderdale","Lives in a communal establishment","Aged 3 to 4 years","All persons",0
"E08000033","Calderdale","Lives in a communal establishment","Aged 5 to 7 years","All persons",0
"E08000033","Calderdale","Lives in a communal establishment","Aged 8 to 9 years","All persons",5
"E08000033","Calderdale","Lives in a communal establishment","Aged 10 to 14 years","All persons",39
"E08000033","Calderdale","Lives in a communal establishment","Aged 15 years","All persons",16
"E08000033","Calderdale","Lives in a communal establishment","Aged 16 to 17 years","All persons",63
"E08000033","Calderdale","Lives in a communal establishment","Aged 18 to 19 years","All persons",10
"E08000033","Calderdale","Lives in a communal establishment","Aged 20 to 24 years","All persons",13
"E08000033","Calderdale","Lives in a communal establishment","Aged 25 to 29 years","All persons",18
"E08000033","Calderdale","Lives in a communal establishment","Aged 30 to 34 years","All persons",10
"E08000033","Calderdale","Lives in a communal establishment","Aged 35 to 39 years","All persons",13
"E08000033","Calderdale","Lives in a communal establishment","Aged 40 to 44 years","All persons",33
"E08000033","Calderdale","Lives in a communal establishment","Aged 45 to 49 years","All persons",32
"E08000033","Calderdale","Lives in a communal establishment","Aged 50 to 54 years","All persons",16
"E08000033","Calderdale","Lives in a communal establishment","Aged 55 to 59 years","All persons",30
"E08000033","Calderdale","Lives in a communal establishment","Aged 60 to 64 years","All persons",51
"E08000033","Calderdale","Lives in a communal establishment","Aged 65 years","All persons",4
"E08000033","Calderdale","Lives in a communal establishment","Aged 66 to 69 years","All persons",37
"E08000033","Calderdale","Lives in a communal establishment","Aged 70 to 74 years","All persons",74
"E08000033","Calderdale","Lives in a communal establishment","Aged 75 to 79 years","All persons",119
"E08000033","Calderdale","Lives in a communal establishment","Aged 80 to 84 years","All persons",196
"E08000033","Calderdale","Lives in a communal establishment","Aged 85 years and over","All persons",535
"E08000034","Kirklees","Lives in a communal establishment","Total","All persons",5572
"E08000034","Kirklees","Lives in a communal establishment","Aged 2 years and under","All persons",3
"E08000034","Kirklees","Lives in a communal establishment","Aged 3 to 4 years","All persons",4
"E08000034","Kirklees","Lives in a communal establishment","Aged 5 to 7 years","All persons",0
"E08000034","Kirklees","Lives in a communal establishment","Aged 8 to 9 years","All persons",1
"E08000034","Kirklees","Lives in a communal establishment","Aged 10 to 14 years","All persons",32
"E08000034","Kirklees","Lives in a communal establishment","Aged 15 years","All persons",65
"E08000034","Kirklees","Lives in a communal establishment","Aged 16 to 17 years","All persons",43
"E08000034","Kirklees","Lives in a communal establishment","Aged 18 to 19 years","All persons",1020
"E08000034","Kirklees","Lives in a communal establishment","Aged 20 to 24 years","All persons",1348
"E08000034","Kirklees","Lives in a communal establishment","Aged 25 to 29 years","All persons",209
"E08000034","Kirklees","Lives in a communal establishment","Aged 30 to 34 years","All persons",109
"E08000034","Kirklees","Lives in a communal establishment","Aged 35 to 39 years","All persons",110
"E08000034","Kirklees","Lives in a communal establishment","Aged 40 to 44 years","All persons",64
"E08000034","Kirklees","Lives in a communal establishment","Aged 45 to 49 years","All persons",83
"E08000034","Kirklees","Lives in a communal establishment","Aged 50 to 54 years","All persons",130
"E08000034","Kirklees","Lives in a communal establishment","Aged 55 to 59 years","All persons",135
"E08000034","Kirklees","Lives in a communal establishment","Aged 60 to 64 years","All persons",141
"E08000034","Kirklees","Lives in a communal establishment","Aged 65 years","All persons",25
"E08000034","Kirklees","Lives in a communal establishment","Aged 66 to 69 years","All persons",118
"E08000034","Kirklees","Lives in a communal establishment","Aged 70 to 74 years","All persons",240
"E08000034","Kirklees","Lives in a communal establishment","Aged 75 to 79 years","All persons",253
"E08000034","Kirklees","Lives in a communal establishment","Aged 80 to 84 years","All persons",343
"E08000034","Kirklees","Lives in a communal establishment","Aged 85 years and over","All persons",1096
"E08000035","Leeds","Lives in a communal establishment","Total","All persons",21440
"E08000035","Leeds","Lives in a communal establishment","Aged 2 years and under","All persons",24
"E08000035","Leeds","Lives in a communal establishment","Aged 3 to 4 years","All persons",15
"E08000035","Leeds","Lives in a communal establishment","Aged 5 to 7 years","All persons",19
"E08000035","Leeds","Lives in a communal establishment","Aged 8 to 9 years","All persons",7
"E08000035","Leeds","Lives in a communal establishment","Aged 10 to 14 years","All persons",47
"E08000035","Leeds","Lives in a communal establishment","Aged 15 years","All persons",26
"E08000035","Leeds","Lives in a communal establishment","Aged 16 to 17 years","All persons",164
"E08000035","Leeds","Lives in a communal establishment","Aged 18 to 19 years","All persons",9074
"E08000035","Leeds","Lives in a communal establishment","Aged 20 to 24 years","All persons",5372
"E08000035","Leeds","Lives in a communal establishment","Aged 25 to 29 years","All persons",1112
"E08000035","Leeds","Lives in a communal establishment","Aged 30 to 34 years","All persons",681
"E08000035","Leeds","Lives in a communal establishment","Aged 35 to 39 years","All persons",409
"E08000035","Leeds","Lives in a communal establishment","Aged 40 to 44 years","All persons",305
"E08000035","Leeds","Lives in a communal establishment","Aged 45 to 49 years","All persons",227
"E08000035","Leeds","Lives in a communal establishment","Aged 50 to 54 years","All persons",242
"E08000035","Leeds","Lives in a communal establishment","Aged 55 to 59 years","All persons",202
"E08000035","Leeds","Lives in a communal establishment","Aged 60 to 64 years","All persons",166
"E08000035","Leeds","Lives in a communal establishment","Aged 65 years","All persons",26
"E08000035","Leeds","Lives in a communal establishment","Aged 66 to 69 years","All persons",159
"E08000035","Leeds","Lives in a communal establishment","Aged 70 to 74 years","All persons",280
"E08000035","Leeds","Lives in a communal establishment","Aged 75 to 79 years","All persons",443
"E08000035","Leeds","Lives in a communal establishment","Aged 80 to 84 years","All persons",576
"E08000035","Leeds","Lives in a communal establishment","Aged 85 years and over","All persons",1864
"E08000036","Wakefield","Lives in a communal establishment","Total","All persons",3543
"E08000036","Wakefield","Lives in a communal establishment","Aged 2 years and under","All persons",9
"E08000036","Wakefield","Lives in a communal establishment","Aged 3 to 4 years","All persons",0
"E08000036","Wakefield","Lives in a communal establishment","Aged 5 to 7 years","All persons",0
"E08000036","Wakefield","Lives in a communal establishment","Aged 8 to 9 years","All persons",1
"E08000036","Wakefield","Lives in a communal establishment","Aged 10 to 14 years","All persons",23
"E08000036","Wakefield","Lives in a communal establishment","Aged 15 years","All persons",12
"E08000036","Wakefield","Lives in a communal establishment","Aged 16 to 17 years","All persons",36
"E08000036","Wakefield","Lives in a communal establishment","Aged 18 to 19 years","All persons",36
"E08000036","Wakefield","Lives in a communal establishment","Aged 20 to 24 years","All persons",112
"E08000036","Wakefield","Lives in a communal establishment","Aged 25 to 29 years","All persons",194
"E08000036","Wakefield","Lives in a communal establishment","Aged 30 to 34 years","All persons",240
"E08000036","Wakefield","Lives in a communal establishment","Aged 35 to 39 years","All persons",216
"E08000036","Wakefield","Lives in a communal establishment","Aged 40 to 44 years","All persons",193
"E08000036","Wakefield","Lives in a communal establishment","Aged 45 to 49 years","All persons",171
"E08000036","Wakefield","Lives in a communal establishment","Aged 50 to 54 years","All persons",221
"E08000036","Wakefield","Lives in a communal establishment","Aged 55 to 59 years","All persons",183
"E08000036","Wakefield","Lives in a communal establishment","Aged 60 to 64 years","All persons",162
"E08000036","Wakefield","Lives in a communal establishment","Aged 65 years","All persons",30
"E08000036","Wakefield","Lives in a communal establishment","Aged 66 to 69 years","All persons",107
"E08000036","Wakefield","Lives in a communal establishment","Aged 70 to 74 years","All persons",196
"E08000036","Wakefield","Lives in a communal establishment","Aged 75 to 79 years","All persons",260
"E08000036","Wakefield","Lives in a communal establishment","Aged 80 to 84 years","All persons",311
"E08000036","Wakefield","Lives in a communal establishment","Aged 85 years and over","All persons",830
"E06000015","Derby","Lives in a communal establishment","Total","All persons",4406
"E06000015","Derby","Lives in a communal establishment","Aged 2 years and under","All persons",3
"E06000015","Derby","Lives in a communal establishment","Aged 3 to 4 years","All persons",3
"E06000015","Derby","Lives in a communal establishment","Aged 5 to 7 years","All persons",3
"E06000015","Derby","Lives in a communal establishment","Aged 8 to 9 years","All persons",1
"E06000015","Derby","Lives in a communal establishment","Aged 10 to 14 years","All persons",9
"E06000015","Derby","Lives in a communal establishment","Aged 15 years","All persons",7
"E06000015","Derby","Lives in a communal establishment","Aged 16 to 17 years","All persons",39
"E06000015","Derby","Lives in a communal establishment","Aged 18 to 19 years","All persons",1288
"E06000015","Derby","Lives in a communal establishment","Aged 20 to 24 years","All persons",1144
"E06000015","Derby","Lives in a communal establishment","Aged 25 to 29 years","All persons",178
"E06000015","Derby","Lives in a communal establishment","Aged 30 to 34 years","All persons",95
"E06000015","Derby","Lives in a communal establishment","Aged 35 to 39 years","All persons",66
"E06000015","Derby","Lives in a communal establishment","Aged 40 to 44 years","All persons",57
"E06000015","Derby","Lives in a communal establishment","Aged 45 to 49 years","All persons",51
"E06000015","Derby","Lives in a communal establishment","Aged 50 to 54 years","All persons",51
"E06000015","Derby","Lives in a communal establishment","Aged 55 to 59 years","All persons",81
"E06000015","Derby","Lives in a communal establishment","Aged 60 to 64 years","All persons",64
"E06000015","Derby","Lives in a communal establishment","Aged 65 years","All persons",19
"E06000015","Derby","Lives in a communal establishment","Aged 66 to 69 years","All persons",54
"E06000015","Derby","Lives in a communal establishment","Aged 70 to 74 years","All persons",99
"E06000015","Derby","Lives in a communal establishment","Aged 75 to 79 years","All persons",185
"E06000015","Derby","Lives in a communal establishment","Aged 80 to 84 years","All persons",236
"E06000015","Derby","Lives in a communal establishment","Aged 85 years and over","All persons",673
"E06000016","Leicester","Lives in a communal establishment","Total","All persons",13219
"E06000016","Leicester","Lives in a communal establishment","Aged 2 years and under","All persons",6
"E06000016","Leicester","Lives in a communal establishment","Aged 3 to 4 years","All persons",2
"E06000016","Leicester","Lives in a communal establishment","Aged 5 to 7 years","All persons",0
"E06000016","Leicester","Lives in a communal establishment","Aged 8 to 9 years","All persons",2
"E06000016","Leicester","Lives in a communal establishment","Aged 10 to 14 years","All persons",42
"E06000016","Leicester","Lives in a communal establishment","Aged 15 years","All persons",20
"E06000016","Leicester","Lives in a communal establishment","Aged 16 to 17 years","All persons",79
"E06000016","Leicester","Lives in a communal establishment","Aged 18 to 19 years","All persons",4270
"E06000016","Leicester","Lives in a communal establishment","Aged 20 to 24 years","All persons",5652
"E06000016","Leicester","Lives in a communal establishment","Aged 25 to 29 years","All persons",530
"E06000016","Leicester","Lives in a communal establishment","Aged 30 to 34 years","All persons",177
"E06000016","Leicester","Lives in a communal establishment","Aged 35 to 39 years","All persons",128
"E06000016","Leicester","Lives in a communal establishment","Aged 40 to 44 years","All persons",114
"E06000016","Leicester","Lives in a communal establishment","Aged 45 to 49 years","All persons",105
"E06000016","Leicester","Lives in a communal establishment","Aged 50 to 54 years","All persons",137
"E06000016","Leicester","Lives in a communal establishment","Aged 55 to 59 years","All persons",150
"E06000016","Leicester","Lives in a communal establishment","Aged 60 to 64 years","All persons",196
"E06000016","Leicester","Lives in a communal establishment","Aged 65 years","All persons",33
"E06000016","Leicester","Lives in a communal establishment","Aged 66 to 69 years","All persons",151
"E06000016","Leicester","Lives in a communal establishment","Aged 70 to 74 years","All persons",180
"E06000016","Leicester","Lives in a communal establishment","Aged 75 to 79 years","All persons",252
"E06000016","Leicester","Lives in a communal establishment","Aged 80 to 84 years","All persons",257
"E06000016","Leicester","Lives in a communal establishment","Aged 85 years and over","All persons",736
"E06000017","Rutland","Lives in a communal establishment","Total","All persons",3611
"E06000017","Rutland","Lives in a communal establishment","Aged 2 years and under","All persons",14
"E06000017","Rutland","Lives in a communal establishment","Aged 3 to 4 years","All persons",8
"E06000017","Rutland","Lives in a communal establishment","Aged 5 to 7 years","All persons",10
"E06000017","Rutland","Lives in a communal establishment","Aged 8 to 9 years","All persons",8
"E06000017","Rutland","Lives in a communal establishment","Aged 10 to 14 years","All persons",380
"E06000017","Rutland","Lives in a communal establishment","Aged 15 years","All persons",169
"E06000017","Rutland","Lives in a communal establishment","Aged 16 to 17 years","All persons",490
"E06000017","Rutland","Lives in a communal establishment","Aged 18 to 19 years","All persons",284
"E06000017","Rutland","Lives in a communal establishment","Aged 20 to 24 years","All persons",449
"E06000017","Rutland","Lives in a communal establishment","Aged 25 to 29 years","All persons",531
"E06000017","Rutland","Lives in a communal establishment","Aged 30 to 34 years","All persons",315
"E06000017","Rutland","Lives in a communal establishment","Aged 35 to 39 years","All persons",270
"E06000017","Rutland","Lives in a communal establishment","Aged 40 to 44 years","All persons",182
"E06000017","Rutland","Lives in a communal establishment","Aged 45 to 49 years","All persons",100
"E06000017","Rutland","Lives in a communal establishment","Aged 50 to 54 years","All persons",79
"E06000017","Rutland","Lives in a communal establishment","Aged 55 to 59 years","All persons",46
"E06000017","Rutland","Lives in a communal establishment","Aged 60 to 64 years","All persons",22
"E06000017","Rutland","Lives in a communal establishment","Aged 65 years","All persons",5
"E06000017","Rutland","Lives in a communal establishment","Aged 66 to 69 years","All persons",11
"E06000017","Rutland","Lives in a communal establishment","Aged 70 to 74 years","All persons",18
"E06000017","Rutland","Lives in a communal establishment","Aged 75 to 79 years","All persons",35
"E06000017","Rutland","Lives in a communal establishment","Aged 80 to 84 years","All persons",35
"E06000017","Rutland","Lives in a communal establishment","Aged 85 years and over","All persons",150
"E06000018","Nottingham","Lives in a communal establishment","Total","All persons",22571
"E06000018","Nottingham","Lives in a communal establishment","Aged 2 years and under","All persons",7
"E06000018","Nottingham","Lives in a communal establishment","Aged 3 to 4 years","All persons",2
"E06000018","Nottingham","Lives in a communal establishment","Aged 5 to 7 years","All persons",6
"E06000018","Nottingham","Lives in a communal establishment","Aged 8 to 9 years","All persons",0
"E06000018","Nottingham","Lives in a communal establishment","Aged 10 to 14 years","All persons",67
"E06000018","Nottingham","Lives in a communal establishment","Aged 15 years","All persons",26
"E06000018","Nottingham","Lives in a communal establishment","Aged 16 to 17 years","All persons",74
"E06000018","Nottingham","Lives in a communal establishment","Aged 18 to 19 years","All persons",12051
"E06000018","Nottingham","Lives in a communal establishment","Aged 20 to 24 years","All persons",7286
"E06000018","Nottingham","Lives in a communal establishment","Aged 25 to 29 years","All persons",711
"E06000018","Nottingham","Lives in a communal establishment","Aged 30 to 34 years","All persons",357
"E06000018","Nottingham","Lives in a communal establishment","Aged 35 to 39 years","All persons",200
"E06000018","Nottingham","Lives in a communal establishment","Aged 40 to 44 years","All persons",162
"E06000018","Nottingham","Lives in a communal establishment","Aged 45 to 49 years","All persons",113
"E06000018","Nottingham","Lives in a communal establishment","Aged 50 to 54 years","All persons",138
"E06000018","Nottingham","Lives in a communal establishment","Aged 55 to 59 years","All persons",131
"E06000018","Nottingham","Lives in a communal establishment","Aged 60 to 64 years","All persons",128
"E06000018","Nottingham","Lives in a communal establishment","Aged 65 years","All persons",24
"E06000018","Nottingham","Lives in a communal establishment","Aged 66 to 69 years","All persons",84
"E06000018","Nottingham","Lives in a communal establishment","Aged 70 to 74 years","All persons",143
"E06000018","Nottingham","Lives in a communal establishment","Aged 75 to 79 years","All persons",160
"E06000018","Nottingham","Lives in a communal establishment","Aged 80 to 84 years","All persons",160
"E06000018","Nottingham","Lives in a communal establishment","Aged 85 years and over","All persons",541
"E06000061","North Northamptonshire","Lives in a communal establishment","Total","All persons",3430
"E06000061","North Northamptonshire","Lives in a communal establishment","Aged 2 years and under","All persons",7
"E06000061","North Northamptonshire","Lives in a communal establishment","Aged 3 to 4 years","All persons",4
"E06000061","North Northamptonshire","Lives in a communal establishment","Aged 5 to 7 years","All persons",6
"E06000061","North Northamptonshire","Lives in a communal establishment","Aged 8 to 9 years","All persons",7
"E06000061","North Northamptonshire","Lives in a communal establishment","Aged 10 to 14 years","All persons",343
"E06000061","North Northamptonshire","Lives in a communal establishment","Aged 15 years","All persons",141
"E06000061","North Northamptonshire","Lives in a communal establishment","Aged 16 to 17 years","All persons",290
"E06000061","North Northamptonshire","Lives in a communal establishment","Aged 18 to 19 years","All persons",88
"E06000061","North Northamptonshire","Lives in a communal establishment","Aged 20 to 24 years","All persons",55
"E06000061","North Northamptonshire","Lives in a communal establishment","Aged 25 to 29 years","All persons",91
"E06000061","North Northamptonshire","Lives in a communal establishment","Aged 30 to 34 years","All persons",93
"E06000061","North Northamptonshire","Lives in a communal establishment","Aged 35 to 39 years","All persons",76
"E06000061","North Northamptonshire","Lives in a communal establishment","Aged 40 to 44 years","All persons",71
"E06000061","North Northamptonshire","Lives in a communal establishment","Aged 45 to 49 years","All persons",92
"E06000061","North Northamptonshire","Lives in a communal establishment","Aged 50 to 54 years","All persons",79
"E06000061","North Northamptonshire","Lives in a communal establishment","Aged 55 to 59 years","All persons",100
"E06000061","North Northamptonshire","Lives in a communal establishment","Aged 60 to 64 years","All persons",72
"E06000061","North Northamptonshire","Lives in a communal establishment","Aged 65 years","All persons",13
"E06000061","North Northamptonshire","Lives in a communal establishment","Aged 66 to 69 years","All persons",90
"E06000061","North Northamptonshire","Lives in a communal establishment","Aged 70 to 74 years","All persons",154
"E06000061","North Northamptonshire","Lives in a communal establishment","Aged 75 to 79 years","All persons",229
"E06000061","North Northamptonshire","Lives in a communal establishment","Aged 80 to 84 years","All persons",316
"E06000061","North Northamptonshire","Lives in a communal establishment","Aged 85 years and over","All persons",1013
"E06000062","West Northamptonshire","Lives in a communal establishment","Total","All persons",6500
"E06000062","West Northamptonshire","Lives in a communal establishment","Aged 2 years and under","All persons",11
"E06000062","West Northamptonshire","Lives in a communal establishment","Aged 3 to 4 years","All persons",4
"E06000062","West Northamptonshire","Lives in a communal establishment","Aged 5 to 7 years","All persons",10
"E06000062","West Northamptonshire","Lives in a communal establishment","Aged 8 to 9 years","All persons",8
"E06000062","West Northamptonshire","Lives in a communal establishment","Aged 10 to 14 years","All persons",125
"E06000062","West Northamptonshire","Lives in a communal establishment","Aged 15 years","All persons",19
"E06000062","West Northamptonshire","Lives in a communal establishment","Aged 16 to 17 years","All persons",63
"E06000062","West Northamptonshire","Lives in a communal establishment","Aged 18 to 19 years","All persons",1223
"E06000062","West Northamptonshire","Lives in a communal establishment","Aged 20 to 24 years","All persons",884
"E06000062","West Northamptonshire","Lives in a communal establishment","Aged 25 to 29 years","All persons",441
"E06000062","West Northamptonshire","Lives in a communal establishment","Aged 30 to 34 years","All persons",344
"E06000062","West Northamptonshire","Lives in a communal establishment","Aged 35 to 39 years","All persons",288
"E06000062","West Northamptonshire","Lives in a communal establishment","Aged 40 to 44 years","All persons",230
"E06000062","West Northamptonshire","Lives in a communal establishment","Aged 45 to 49 years","All persons",217
"E06000062","West Northamptonshire","Lives in a communal establishment","Aged 50 to 54 years","All persons",264
"E06000062","West Northamptonshire","Lives in a communal establishment","Aged 55 to 59 years","All persons",248
"E06000062","West Northamptonshire","Lives in a communal establishment","Aged 60 to 64 years","All persons",165
"E06000062","West Northamptonshire","Lives in a communal establishment","Aged 65 years","All persons",28
"E06000062","West Northamptonshire","Lives in a communal establishment","Aged 66 to 69 years","All persons",131
"E06000062","West Northamptonshire","Lives in a communal establishment","Aged 70 to 74 years","All persons",200
"E06000062","West Northamptonshire","Lives in a communal establishment","Aged 75 to 79 years","All persons",260
"E06000062","West Northamptonshire","Lives in a communal establishment","Aged 80 to 84 years","All persons",327
"E06000062","West Northamptonshire","Lives in a communal establishment","Aged 85 years and over","All persons",1010
"E07000032","Amber Valley","Lives in a communal establishment","Total","All persons",1004
"E07000032","Amber Valley","Lives in a communal establishment","Aged 2 years and under","All persons",0
"E07000032","Amber Valley","Lives in a communal establishment","Aged 3 to 4 years","All persons",1
"E07000032","Amber Valley","Lives in a communal establishment","Aged 5 to 7 years","All persons",1
"E07000032","Amber Valley","Lives in a communal establishment","Aged 8 to 9 years","All persons",2
"E07000032","Amber Valley","Lives in a communal establishment","Aged 10 to 14 years","All persons",4
"E07000032","Amber Valley","Lives in a communal establishment","Aged 15 years","All persons",7
"E07000032","Amber Valley","Lives in a communal establishment","Aged 16 to 17 years","All persons",17
"E07000032","Amber Valley","Lives in a communal establishment","Aged 18 to 19 years","All persons",5
"E07000032","Amber Valley","Lives in a communal establishment","Aged 20 to 24 years","All persons",14
"E07000032","Amber Valley","Lives in a communal establishment","Aged 25 to 29 years","All persons",15
"E07000032","Amber Valley","Lives in a communal establishment","Aged 30 to 34 years","All persons",15
"E07000032","Amber Valley","Lives in a communal establishment","Aged 35 to 39 years","All persons",16
"E07000032","Amber Valley","Lives in a communal establishment","Aged 40 to 44 years","All persons",13
"E07000032","Amber Valley","Lives in a communal establishment","Aged 45 to 49 years","All persons",20
"E07000032","Amber Valley","Lives in a communal establishment","Aged 50 to 54 years","All persons",39
"E07000032","Amber Valley","Lives in a communal establishment","Aged 55 to 59 years","All persons",33
"E07000032","Amber Valley","Lives in a communal establishment","Aged 60 to 64 years","All persons",34
"E07000032","Amber Valley","Lives in a communal establishment","Aged 65 years","All persons",8
"E07000032","Amber Valley","Lives in a communal establishment","Aged 66 to 69 years","All persons",37
"E07000032","Amber Valley","Lives in a communal establishment","Aged 70 to 74 years","All persons",86
"E07000032","Amber Valley","Lives in a communal establishment","Aged 75 to 79 years","All persons",116
"E07000032","Amber Valley","Lives in a communal establishment","Aged 80 to 84 years","All persons",112
"E07000032","Amber Valley","Lives in a communal establishment","Aged 85 years and over","All persons",409
"E07000033","Bolsover","Lives in a communal establishment","Total","All persons",643
"E07000033","Bolsover","Lives in a communal establishment","Aged 2 years and under","All persons",0
"E07000033","Bolsover","Lives in a communal establishment","Aged 3 to 4 years","All persons",0
"E07000033","Bolsover","Lives in a communal establishment","Aged 5 to 7 years","All persons",0
"E07000033","Bolsover","Lives in a communal establishment","Aged 8 to 9 years","All persons",0
"E07000033","Bolsover","Lives in a communal establishment","Aged 10 to 14 years","All persons",0
"E07000033","Bolsover","Lives in a communal establishment","Aged 15 years","All persons",0
"E07000033","Bolsover","Lives in a communal establishment","Aged 16 to 17 years","All persons",1
"E07000033","Bolsover","Lives in a communal establishment","Aged 18 to 19 years","All persons",1
"E07000033","Bolsover","Lives in a communal establishment","Aged 20 to 24 years","All persons",2
"E07000033","Bolsover","Lives in a communal establishment","Aged 25 to 29 years","All persons",11
"E07000033","Bolsover","Lives in a communal establishment","Aged 30 to 34 years","All persons",18
"E07000033","Bolsover","Lives in a communal establishment","Aged 35 to 39 years","All persons",20
"E07000033","Bolsover","Lives in a communal establishment","Aged 40 to 44 years","All persons",21
"E07000033","Bolsover","Lives in a communal establishment","Aged 45 to 49 years","All persons",19
"E07000033","Bolsover","Lives in a communal establishment","Aged 50 to 54 years","All persons",24
"E07000033","Bolsover","Lives in a communal establishment","Aged 55 to 59 years","All persons",28
"E07000033","Bolsover","Lives in a communal establishment","Aged 60 to 64 years","All persons",44
"E07000033","Bolsover","Lives in a communal establishment","Aged 65 years","All persons",4
"E07000033","Bolsover","Lives in a communal establishment","Aged 66 to 69 years","All persons",33
"E07000033","Bolsover","Lives in a communal establishment","Aged 70 to 74 years","All persons",58
"E07000033","Bolsover","Lives in a communal establishment","Aged 75 to 79 years","All persons",64
"E07000033","Bolsover","Lives in a communal establishment","Aged 80 to 84 years","All persons",85
"E07000033","Bolsover","Lives in a communal establishment","Aged 85 years and over","All persons",210
"E07000034","Chesterfield","Lives in a communal establishment","Total","All persons",923
"E07000034","Chesterfield","Lives in a communal establishment","Aged 2 years and under","All persons",0
"E07000034","Chesterfield","Lives in a communal establishment","Aged 3 to 4 years","All persons",0
"E07000034","Chesterfield","Lives in a communal establishment","Aged 5 to 7 years","All persons",0
"E07000034","Chesterfield","Lives in a communal establishment","Aged 8 to 9 years","All persons",0
"E07000034","Chesterfield","Lives in a communal establishment","Aged 10 to 14 years","All persons",3
"E07000034","Chesterfield","Lives in a communal establishment","Aged 15 years","All persons",0
"E07000034","Chesterfield","Lives in a communal establishment","Aged 16 to 17 years","All persons",12
"E07000034","Chesterfield","Lives in a communal establishment","Aged 18 to 19 years","All persons",9
"E07000034","Chesterfield","Lives in a communal establishment","Aged 20 to 24 years","All persons",23
"E07000034","Chesterfield","Lives in a communal establishment","Aged 25 to 29 years","All persons",31
"E07000034","Chesterfield","Lives in a communal establishment","Aged 30 to 34 years","All persons",25
"E07000034","Chesterfield","Lives in a communal establishment","Aged 35 to 39 years","All persons",9
"E07000034","Chesterfield","Lives in a communal establishment","Aged 40 to 44 years","All persons",18
"E07000034","Chesterfield","Lives in a communal establishment","Aged 45 to 49 years","All persons",30
"E07000034","Chesterfield","Lives in a communal establishment","Aged 50 to 54 years","All persons",36
"E07000034","Chesterfield","Lives in a communal establishment","Aged 55 to 59 years","All persons",40
"E07000034","Chesterfield","Lives in a communal establishment","Aged 60 to 64 years","All persons",47
"E07000034","Chesterfield","Lives in a communal establishment","Aged 65 years","All persons",12
"E07000034","Chesterfield","Lives in a communal establishment","Aged 66 to 69 years","All persons",29
"E07000034","Chesterfield","Lives in a communal establishment","Aged 70 to 74 years","All persons",64
"E07000034","Chesterfield","Lives in a communal establishment","Aged 75 to 79 years","All persons",77
"E07000034","Chesterfield","Lives in a communal establishment","Aged 80 to 84 years","All persons",116
"E07000034","Chesterfield","Lives in a communal establishment","Aged 85 years and over","All persons",342
"E07000035","Derbyshire Dales","Lives in a communal establishment","Total","All persons",1118
"E07000035","Derbyshire Dales","Lives in a communal establishment","Aged 2 years and under","All persons",1
"E07000035","Derbyshire Dales","Lives in a communal establishment","Aged 3 to 4 years","All persons",0
"E07000035","Derbyshire Dales","Lives in a communal establishment","Aged 5 to 7 years","All persons",3
"E07000035","Derbyshire Dales","Lives in a communal establishment","Aged 8 to 9 years","All persons",3
"E07000035","Derbyshire Dales","Lives in a communal establishment","Aged 10 to 14 years","All persons",28
"E07000035","Derbyshire Dales","Lives in a communal establishment","Aged 15 years","All persons",10
"E07000035","Derbyshire Dales","Lives in a communal establishment","Aged 16 to 17 years","All persons",32
"E07000035","Derbyshire Dales","Lives in a communal establishment","Aged 18 to 19 years","All persons",19
"E07000035","Derbyshire Dales","Lives in a communal establishment","Aged 20 to 24 years","All persons",65
"E07000035","Derbyshire Dales","Lives in a communal establishment","Aged 25 to 29 years","All persons",95
"E07000035","Derbyshire Dales","Lives in a communal establishment","Aged 30 to 34 years","All persons",112
"E07000035","Derbyshire Dales","Lives in a communal establishment","Aged 35 to 39 years","All persons",71
"E07000035","Derbyshire Dales","Lives in a communal establishment","Aged 40 to 44 years","All persons",62
"E07000035","Derbyshire Dales","Lives in a communal establishment","Aged 45 to 49 years","All persons",49
"E07000035","Derbyshire Dales","Lives in a communal establishment","Aged 50 to 54 years","All persons",41
"E07000035","Derbyshire Dales","Lives in a communal establishment","Aged 55 to 59 years","All persons",36
"E07000035","Derbyshire Dales","Lives in a communal establishment","Aged 60 to 64 years","All persons",28
"E07000035","Derbyshire Dales","Lives in a communal establishment","Aged 65 years","All persons",7
"E07000035","Derbyshire Dales","Lives in a communal establishment","Aged 66 to 69 years","All persons",17
"E07000035","Derbyshire Dales","Lives in a communal establishment","Aged 70 to 74 years","All persons",27
"E07000035","Derbyshire Dales","Lives in a communal establishment","Aged 75 to 79 years","All persons",46
"E07000035","Derbyshire Dales","Lives in a communal establishment","Aged 80 to 84 years","All persons",81
"E07000035","Derbyshire Dales","Lives in a communal establishment","Aged 85 years and over","All persons",285
"E07000036","Erewash","Lives in a communal establishment","Total","All persons",769
"E07000036","Erewash","Lives in a communal establishment","Aged 2 years and under","All persons",0
"E07000036","Erewash","Lives in a communal establishment","Aged 3 to 4 years","All persons",1
"E07000036","Erewash","Lives in a communal establishment","Aged 5 to 7 years","All persons",1
"E07000036","Erewash","Lives in a communal establishment","Aged 8 to 9 years","All persons",0
"E07000036","Erewash","Lives in a communal establishment","Aged 10 to 14 years","All persons",15
"E07000036","Erewash","Lives in a communal establishment","Aged 15 years","All persons",7
"E07000036","Erewash","Lives in a communal establishment","Aged 16 to 17 years","All persons",36
"E07000036","Erewash","Lives in a communal establishment","Aged 18 to 19 years","All persons",29
"E07000036","Erewash","Lives in a communal establishment","Aged 20 to 24 years","All persons",12
"E07000036","Erewash","Lives in a communal establishment","Aged 25 to 29 years","All persons",15
"E07000036","Erewash","Lives in a communal establishment","Aged 30 to 34 years","All persons",15
"E07000036","Erewash","Lives in a communal establishment","Aged 35 to 39 years","All persons",21
"E07000036","Erewash","Lives in a communal establishment","Aged 40 to 44 years","All persons",11
"E07000036","Erewash","Lives in a communal establishment","Aged 45 to 49 years","All persons",16
"E07000036","Erewash","Lives in a communal establishment","Aged 50 to 54 years","All persons",15
"E07000036","Erewash","Lives in a communal establishment","Aged 55 to 59 years","All persons",25
"E07000036","Erewash","Lives in a communal establishment","Aged 60 to 64 years","All persons",15
"E07000036","Erewash","Lives in a communal establishment","Aged 65 years","All persons",14
"E07000036","Erewash","Lives in a communal establishment","Aged 66 to 69 years","All persons",24
"E07000036","Erewash","Lives in a communal establishment","Aged 70 to 74 years","All persons",42
"E07000036","Erewash","Lives in a communal establishment","Aged 75 to 79 years","All persons",58
"E07000036","Erewash","Lives in a communal establishment","Aged 80 to 84 years","All persons",105
"E07000036","Erewash","Lives in a communal establishment","Aged 85 years and over","All persons",292
"E07000037","High Peak","Lives in a communal establishment","Total","All persons",661
"E07000037","High Peak","Lives in a communal establishment","Aged 2 years and under","All persons",1
"E07000037","High Peak","Lives in a communal establishment","Aged 3 to 4 years","All persons",0
"E07000037","High Peak","Lives in a communal establishment","Aged 5 to 7 years","All persons",0
"E07000037","High Peak","Lives in a communal establishment","Aged 8 to 9 years","All persons",3
"E07000037","High Peak","Lives in a communal establishment","Aged 10 to 14 years","All persons",9
"E07000037","High Peak","Lives in a communal establishment","Aged 15 years","All persons",7
"E07000037","High Peak","Lives in a communal establishment","Aged 16 to 17 years","All persons",15
"E07000037","High Peak","Lives in a communal establishment","Aged 18 to 19 years","All persons",17
"E07000037","High Peak","Lives in a communal establishment","Aged 20 to 24 years","All persons",33
"E07000037","High Peak","Lives in a communal establishment","Aged 25 to 29 years","All persons",15
"E07000037","High Peak","Lives in a communal establishment","Aged 30 to 34 years","All persons",10
"E07000037","High Peak","Lives in a communal establishment","Aged 35 to 39 years","All persons",9
"E07000037","High Peak","Lives in a communal establishment","Aged 40 to 44 years","All persons",13
"E07000037","High Peak","Lives in a communal establishment","Aged 45 to 49 years","All persons",15
"E07000037","High Peak","Lives in a communal establishment","Aged 50 to 54 years","All persons",13
"E07000037","High Peak","Lives in a communal establishment","Aged 55 to 59 years","All persons",17
"E07000037","High Peak","Lives in a communal establishment","Aged 60 to 64 years","All persons",12
"E07000037","High Peak","Lives in a communal establishment","Aged 65 years","All persons",3
"E07000037","High Peak","Lives in a communal establishment","Aged 66 to 69 years","All persons",17
"E07000037","High Peak","Lives in a communal establishment","Aged 70 to 74 years","All persons",31
"E07000037","High Peak","Lives in a communal establishment","Aged 75 to 79 years","All persons",77
"E07000037","High Peak","Lives in a communal establishment","Aged 80 to 84 years","All persons",97
"E07000037","High Peak","Lives in a communal establishment","Aged 85 years and over","All persons",247
"E07000038","North East Derbyshire","Lives in a communal establishment","Total","All persons",709
"E07000038","North East Derbyshire","Lives in a communal establishment","Aged 2 years and under","All persons",0
"E07000038","North East Derbyshire","Lives in a communal establishment","Aged 3 to 4 years","All persons",0
"E07000038","North East Derbyshire","Lives in a communal establishment","Aged 5 to 7 years","All persons",0
"E07000038","North East Derbyshire","Lives in a communal establishment","Aged 8 to 9 years","All persons",0
"E07000038","North East Derbyshire","Lives in a communal establishment","Aged 10 to 14 years","All persons",0
"E07000038","North East Derbyshire","Lives in a communal establishment","Aged 15 years","All persons",1
"E07000038","North East Derbyshire","Lives in a communal establishment","Aged 16 to 17 years","All persons",14
"E07000038","North East Derbyshire","Lives in a communal establishment","Aged 18 to 19 years","All persons",7
"E07000038","North East Derbyshire","Lives in a communal establishment","Aged 20 to 24 years","All persons",4
"E07000038","North East Derbyshire","Lives in a communal establishment","Aged 25 to 29 years","All persons",3
"E07000038","North East Derbyshire","Lives in a communal establishment","Aged 30 to 34 years","All persons",7
"E07000038","North East Derbyshire","Lives in a communal establishment","Aged 35 to 39 years","All persons",7
"E07000038","North East Derbyshire","Lives in a communal establishment","Aged 40 to 44 years","All persons",6
"E07000038","North East Derbyshire","Lives in a communal establishment","Aged 45 to 49 years","All persons",6
"E07000038","North East Derbyshire","Lives in a communal establishment","Aged 50 to 54 years","All persons",15
"E07000038","North East Derbyshire","Lives in a communal establishment","Aged 55 to 59 years","All persons",17
"E07000038","North East Derbyshire","Lives in a communal establishment","Aged 60 to 64 years","All persons",27
"E07000038","North East Derbyshire","Lives in a communal establishment","Aged 65 years","All persons",6
"E07000038","North East Derbyshire","Lives in a communal establishment","Aged 66 to 69 years","All persons",21
"E07000038","North East Derbyshire","Lives in a communal establishment","Aged 70 to 74 years","All persons",41
"E07000038","North East Derbyshire","Lives in a communal establishment","Aged 75 to 79 years","All persons",82
"E07000038","North East Derbyshire","Lives in a communal establishment","Aged 80 to 84 years","All persons",94
"E07000038","North East Derbyshire","Lives in a communal establishment","Aged 85 years and over","All persons",351
"E07000039","South Derbyshire","Lives in a communal establishment","Total","All persons",1328
"E07000039","South Derbyshire","Lives in a communal establishment","Aged 2 years and under","All persons",3
"E07000039","South Derbyshire","Lives in a communal establishment","Aged 3 to 4 years","All persons",6
"E07000039","South Derbyshire","Lives in a communal establishment","Aged 5 to 7 years","All persons",6
"E07000039","South Derbyshire","Lives in a communal establishment","Aged 8 to 9 years","All persons",11
"E07000039","South Derbyshire","Lives in a communal establishment","Aged 10 to 14 years","All persons",120
"E07000039","South Derbyshire","Lives in a communal establishment","Aged 15 years","All persons",56
"E07000039","South Derbyshire","Lives in a communal establishment","Aged 16 to 17 years","All persons",164
"E07000039","South Derbyshire","Lives in a communal establishment","Aged 18 to 19 years","All persons",55
"E07000039","South Derbyshire","Lives in a communal establishment","Aged 20 to 24 years","All persons",27
"E07000039","South Derbyshire","Lives in a communal establishment","Aged 25 to 29 years","All persons",40
"E07000039","South Derbyshire","Lives in a communal establishment","Aged 30 to 34 years","All persons",47
"E07000039","South Derbyshire","Lives in a communal establishment","Aged 35 to 39 years","All persons",71
"E07000039","South Derbyshire","Lives in a communal establishment","Aged 40 to 44 years","All persons",34
"E07000039","South Derbyshire","Lives in a communal establishment","Aged 45 to 49 years","All persons",51
"E07000039","South Derbyshire","Lives in a communal establishment","Aged 50 to 54 years","All persons",47
"E07000039","South Derbyshire","Lives in a communal establishment","Aged 55 to 59 years","All persons",34
"E07000039","South Derbyshire","Lives in a communal establishment","Aged 60 to 64 years","All persons",34
"E07000039","South Derbyshire","Lives in a communal establishment","Aged 65 years","All persons",5
"E07000039","South Derbyshire","Lives in a communal establishment","Aged 66 to 69 years","All persons",24
"E07000039","South Derbyshire","Lives in a communal establishment","Aged 70 to 74 years","All persons",36
"E07000039","South Derbyshire","Lives in a communal establishment","Aged 75 to 79 years","All persons",64
"E07000039","South Derbyshire","Lives in a communal establishment","Aged 80 to 84 years","All persons",92
"E07000039","South Derbyshire","Lives in a communal establishment","Aged 85 years and over","All persons",301
"E07000129","Blaby","Lives in a communal establishment","Total","All persons",414
"E07000129","Blaby","Lives in a communal establishment","Aged 2 years and under","All persons",0
"E07000129","Blaby","Lives in a communal establishment","Aged 3 to 4 years","All persons",0
"E07000129","Blaby","Lives in a communal establishment","Aged 5 to 7 years","All persons",0
"E07000129","Blaby","Lives in a communal establishment","Aged 8 to 9 years","All persons",0
"E07000129","Blaby","Lives in a communal establishment","Aged 10 to 14 years","All persons",0
"E07000129","Blaby","Lives in a communal establishment","Aged 15 years","All persons",0
"E07000129","Blaby","Lives in a communal establishment","Aged 16 to 17 years","All persons",0
"E07000129","Blaby","Lives in a communal establishment","Aged 18 to 19 years","All persons",0
"E07000129","Blaby","Lives in a communal establishment","Aged 20 to 24 years","All persons",4
"E07000129","Blaby","Lives in a communal establishment","Aged 25 to 29 years","All persons",6
"E07000129","Blaby","Lives in a communal establishment","Aged 30 to 34 years","All persons",8
"E07000129","Blaby","Lives in a communal establishment","Aged 35 to 39 years","All persons",10
"E07000129","Blaby","Lives in a communal establishment","Aged 40 to 44 years","All persons",10
"E07000129","Blaby","Lives in a communal establishment","Aged 45 to 49 years","All persons",9
"E07000129","Blaby","Lives in a communal establishment","Aged 50 to 54 years","All persons",18
"E07000129","Blaby","Lives in a communal establishment","Aged 55 to 59 years","All persons",13
"E07000129","Blaby","Lives in a communal establishment","Aged 60 to 64 years","All persons",10
"E07000129","Blaby","Lives in a communal establishment","Aged 65 years","All persons",1
"E07000129","Blaby","Lives in a communal establishment","Aged 66 to 69 years","All persons",12
"E07000129","Blaby","Lives in a communal establishment","Aged 70 to 74 years","All persons",23
"E07000129","Blaby","Lives in a communal establishment","Aged 75 to 79 years","All persons",27
"E07000129","Blaby","Lives in a communal establishment","Aged 80 to 84 years","All persons",69
"E07000129","Blaby","Lives in a communal establishment","Aged 85 years and over","All persons",194
"E07000130","Charnwood","Lives in a communal establishment","Total","All persons",8735
"E07000130","Charnwood","Lives in a communal establishment","Aged 2 years and under","All persons",1
"E07000130","Charnwood","Lives in a communal establishment","Aged 3 to 4 years","All persons",0
"E07000130","Charnwood","Lives in a communal establishment","Aged 5 to 7 years","All persons",4
"E07000130","Charnwood","Lives in a communal establishment","Aged 8 to 9 years","All persons",3
"E07000130","Charnwood","Lives in a communal establishment","Aged 10 to 14 years","All persons",36
"E07000130","Charnwood","Lives in a communal establishment","Aged 15 years","All persons",29
"E07000130","Charnwood","Lives in a communal establishment","Aged 16 to 17 years","All persons",176
"E07000130","Charnwood","Lives in a communal establishment","Aged 18 to 19 years","All persons",4280
"E07000130","Charnwood","Lives in a communal establishment","Aged 20 to 24 years","All persons",2550
"E07000130","Charnwood","Lives in a communal establishment","Aged 25 to 29 years","All persons",252
"E07000130","Charnwood","Lives in a communal establishment","Aged 30 to 34 years","All persons",102
"E07000130","Charnwood","Lives in a communal establishment","Aged 35 to 39 years","All persons",61
"E07000130","Charnwood","Lives in a communal establishment","Aged 40 to 44 years","All persons",59
"E07000130","Charnwood","Lives in a communal establishment","Aged 45 to 49 years","All persons",63
"E07000130","Charnwood","Lives in a communal establishment","Aged 50 to 54 years","All persons",76
"E07000130","Charnwood","Lives in a communal establishment","Aged 55 to 59 years","All persons",70
"E07000130","Charnwood","Lives in a communal establishment","Aged 60 to 64 years","All persons",72
"E07000130","Charnwood","Lives in a communal establishment","Aged 65 years","All persons",13
"E07000130","Charnwood","Lives in a communal establishment","Aged 66 to 69 years","All persons",61
"E07000130","Charnwood","Lives in a communal establishment","Aged 70 to 74 years","All persons",83
"E07000130","Charnwood","Lives in a communal establishment","Aged 75 to 79 years","All persons",111
"E07000130","Charnwood","Lives in a communal establishment","Aged 80 to 84 years","All persons",160
"E07000130","Charnwood","Lives in a communal establishment","Aged 85 years and over","All persons",473
"E07000131","Harborough","Lives in a communal establishment","Total","All persons",1332
"E07000131","Harborough","Lives in a communal establishment","Aged 2 years and under","All persons",4
"E07000131","Harborough","Lives in a communal establishment","Aged 3 to 4 years","All persons",4
"E07000131","Harborough","Lives in a communal establishment","Aged 5 to 7 years","All persons",1
"E07000131","Harborough","Lives in a communal establishment","Aged 8 to 9 years","All persons",0
"E07000131","Harborough","Lives in a communal establishment","Aged 10 to 14 years","All persons",7
"E07000131","Harborough","Lives in a communal establishment","Aged 15 years","All persons",18
"E07000131","Harborough","Lives in a communal establishment","Aged 16 to 17 years","All persons",77
"E07000131","Harborough","Lives in a communal establishment","Aged 18 to 19 years","All persons",25
"E07000131","Harborough","Lives in a communal establishment","Aged 20 to 24 years","All persons",37
"E07000131","Harborough","Lives in a communal establishment","Aged 25 to 29 years","All persons",89
"E07000131","Harborough","Lives in a communal establishment","Aged 30 to 34 years","All persons",110
"E07000131","Harborough","Lives in a communal establishment","Aged 35 to 39 years","All persons",96
"E07000131","Harborough","Lives in a communal establishment","Aged 40 to 44 years","All persons",78
"E07000131","Harborough","Lives in a communal establishment","Aged 45 to 49 years","All persons",80
"E07000131","Harborough","Lives in a communal establishment","Aged 50 to 54 years","All persons",70
"E07000131","Harborough","Lives in a communal establishment","Aged 55 to 59 years","All persons",67
"E07000131","Harborough","Lives in a communal establishment","Aged 60 to 64 years","All persons",66
"E07000131","Harborough","Lives in a communal establishment","Aged 65 years","All persons",23
"E07000131","Harborough","Lives in a communal establishment","Aged 66 to 69 years","All persons",22
"E07000131","Harborough","Lives in a communal establishment","Aged 70 to 74 years","All persons",44
"E07000131","Harborough","Lives in a communal establishment","Aged 75 to 79 years","All persons",65
"E07000131","Harborough","Lives in a communal establishment","Aged 80 to 84 years","All persons",89
"E07000131","Harborough","Lives in a communal establishment","Aged 85 years and over","All persons",260
"E07000132","Hinckley and Bosworth","Lives in a communal establishment","Total","All persons",787
"E07000132","Hinckley and Bosworth","Lives in a communal establishment","Aged 2 years and under","All persons",1
"E07000132","Hinckley and Bosworth","Lives in a communal establishment","Aged 3 to 4 years","All persons",6
"E07000132","Hinckley and Bosworth","Lives in a communal establishment","Aged 5 to 7 years","All persons",11
"E07000132","Hinckley and Bosworth","Lives in a communal establishment","Aged 8 to 9 years","All persons",5
"E07000132","Hinckley and Bosworth","Lives in a communal establishment","Aged 10 to 14 years","All persons",14
"E07000132","Hinckley and Bosworth","Lives in a communal establishment","Aged 15 years","All persons",9
"E07000132","Hinckley and Bosworth","Lives in a communal establishment","Aged 16 to 17 years","All persons",10
"E07000132","Hinckley and Bosworth","Lives in a communal establishment","Aged 18 to 19 years","All persons",11
"E07000132","Hinckley and Bosworth","Lives in a communal establishment","Aged 20 to 24 years","All persons",18
"E07000132","Hinckley and Bosworth","Lives in a communal establishment","Aged 25 to 29 years","All persons",8
"E07000132","Hinckley and Bosworth","Lives in a communal establishment","Aged 30 to 34 years","All persons",28
"E07000132","Hinckley and Bosworth","Lives in a communal establishment","Aged 35 to 39 years","All persons",23
"E07000132","Hinckley and Bosworth","Lives in a communal establishment","Aged 40 to 44 years","All persons",13
"E07000132","Hinckley and Bosworth","Lives in a communal establishment","Aged 45 to 49 years","All persons",15
"E07000132","Hinckley and Bosworth","Lives in a communal establishment","Aged 50 to 54 years","All persons",15
"E07000132","Hinckley and Bosworth","Lives in a communal establishment","Aged 55 to 59 years","All persons",21
"E07000132","Hinckley and Bosworth","Lives in a communal establishment","Aged 60 to 64 years","All persons",30
"E07000132","Hinckley and Bosworth","Lives in a communal establishment","Aged 65 years","All persons",2
"E07000132","Hinckley and Bosworth","Lives in a communal establishment","Aged 66 to 69 years","All persons",24
"E07000132","Hinckley and Bosworth","Lives in a communal establishment","Aged 70 to 74 years","All persons",37
"E07000132","Hinckley and Bosworth","Lives in a communal establishment","Aged 75 to 79 years","All persons",53
"E07000132","Hinckley and Bosworth","Lives in a communal establishment","Aged 80 to 84 years","All persons",87
"E07000132","Hinckley and Bosworth","Lives in a communal establishment","Aged 85 years and over","All persons",346
"E07000133","Melton","Lives in a communal establishment","Total","All persons",380
"E07000133","Melton","Lives in a communal establishment","Aged 2 years and under","All persons",0
"E07000133","Melton","Lives in a communal establishment","Aged 3 to 4 years","All persons",0
"E07000133","Melton","Lives in a communal establishment","Aged 5 to 7 years","All persons",1
"E07000133","Melton","Lives in a communal establishment","Aged 8 to 9 years","All persons",3
"E07000133","Melton","Lives in a communal establishment","Aged 10 to 14 years","All persons",12
"E07000133","Melton","Lives in a communal establishment","Aged 15 years","All persons",2
"E07000133","Melton","Lives in a communal establishment","Aged 16 to 17 years","All persons",41
"E07000133","Melton","Lives in a communal establishment","Aged 18 to 19 years","All persons",12
"E07000133","Melton","Lives in a communal establishment","Aged 20 to 24 years","All persons",2
"E07000133","Melton","Lives in a communal establishment","Aged 25 to 29 years","All persons",2
"E07000133","Melton","Lives in a communal establishment","Aged 30 to 34 years","All persons",6
"E07000133","Melton","Lives in a communal establishment","Aged 35 to 39 years","All persons",6
"E07000133","Melton","Lives in a communal establishment","Aged 40 to 44 years","All persons",9
"E07000133","Melton","Lives in a communal establishment","Aged 45 to 49 years","All persons",2
"E07000133","Melton","Lives in a communal establishment","Aged 50 to 54 years","All persons",14
"E07000133","Melton","Lives in a communal establishment","Aged 55 to 59 years","All persons",7
"E07000133","Melton","Lives in a communal establishment","Aged 60 to 64 years","All persons",18
"E07000133","Melton","Lives in a communal establishment","Aged 65 years","All persons",1
"E07000133","Melton","Lives in a communal establishment","Aged 66 to 69 years","All persons",11
"E07000133","Melton","Lives in a communal establishment","Aged 70 to 74 years","All persons",18
"E07000133","Melton","Lives in a communal establishment","Aged 75 to 79 years","All persons",21
"E07000133","Melton","Lives in a communal establishment","Aged 80 to 84 years","All persons",46
"E07000133","Melton","Lives in a communal establishment","Aged 85 years and over","All persons",146
"E07000134","North West Leicestershire","Lives in a communal establishment","Total","All persons",454
"E07000134","North West Leicestershire","Lives in a communal establishment","Aged 2 years and under","All persons",0
"E07000134","North West Leicestershire","Lives in a communal establishment","Aged 3 to 4 years","All persons",1
"E07000134","North West Leicestershire","Lives in a communal establishment","Aged 5 to 7 years","All persons",0
"E07000134","North West Leicestershire","Lives in a communal establishment","Aged 8 to 9 years","All persons",0
"E07000134","North West Leicestershire","Lives in a communal establishment","Aged 10 to 14 years","All persons",2
"E07000134","North West Leicestershire","Lives in a communal establishment","Aged 15 years","All persons",5
"E07000134","North West Leicestershire","Lives in a communal establishment","Aged 16 to 17 years","All persons",1
"E07000134","North West Leicestershire","Lives in a communal establishment","Aged 18 to 19 years","All persons",0
"E07000134","North West Leicestershire","Lives in a communal establishment","Aged 20 to 24 years","All persons",6
"E07000134","North West Leicestershire","Lives in a communal establishment","Aged 25 to 29 years","All persons",4
"E07000134","North West Leicestershire","Lives in a communal establishment","Aged 30 to 34 years","All persons",8
"E07000134","North West Leicestershire","Lives in a communal establishment","Aged 35 to 39 years","All persons",7
"E07000134","North West Leicestershire","Lives in a communal establishment","Aged 40 to 44 years","All persons",9
"E07000134","North West Leicestershire","Lives in a communal establishment","Aged 45 to 49 years","All persons",6
"E07000134","North West Leicestershire","Lives in a communal establishment","Aged 50 to 54 years","All persons",11
"E07000134","North West Leicestershire","Lives in a communal establishment","Aged 55 to 59 years","All persons",18
"E07000134","North West Leicestershire","Lives in a communal establishment","Aged 60 to 64 years","All persons",14
"E07000134","North West Leicestershire","Lives in a communal establishment","Aged 65 years","All persons",5
"E07000134","North West Leicestershire","Lives in a communal establishment","Aged 66 to 69 years","All persons",14
"E07000134","North West Leicestershire","Lives in a communal establishment","Aged 70 to 74 years","All persons",23
"E07000134","North West Leicestershire","Lives in a communal establishment","Aged 75 to 79 years","All persons",55
"E07000134","North West Leicestershire","Lives in a communal establishment","Aged 80 to 84 years","All persons",70
"E07000134","North West Leicestershire","Lives in a communal establishment","Aged 85 years and over","All persons",195
"E07000135","Oadby and Wigston","Lives in a communal establishment","Total","All persons",1833
"E07000135","Oadby and Wigston","Lives in a communal establishment","Aged 2 years and under","All persons",0
"E07000135","Oadby and Wigston","Lives in a communal establishment","Aged 3 to 4 years","All persons",0
"E07000135","Oadby and Wigston","Lives in a communal establishment","Aged 5 to 7 years","All persons",0
"E07000135","Oadby and Wigston","Lives in a communal establishment","Aged 8 to 9 years","All persons",0
"E07000135","Oadby and Wigston","Lives in a communal establishment","Aged 10 to 14 years","All persons",3
"E07000135","Oadby and Wigston","Lives in a communal establishment","Aged 15 years","All persons",1
"E07000135","Oadby and Wigston","Lives in a communal establishment","Aged 16 to 17 years","All persons",1
"E07000135","Oadby and Wigston","Lives in a communal establishment","Aged 18 to 19 years","All persons",1165
"E07000135","Oadby and Wigston","Lives in a communal establishment","Aged 20 to 24 years","All persons",193
"E07000135","Oadby and Wigston","Lives in a communal establishment","Aged 25 to 29 years","All persons",13
"E07000135","Oadby and Wigston","Lives in a communal establishment","Aged 30 to 34 years","All persons",7
"E07000135","Oadby and Wigston","Lives in a communal establishment","Aged 35 to 39 years","All persons",4
"E07000135","Oadby and Wigston","Lives in a communal establishment","Aged 40 to 44 years","All persons",4
"E07000135","Oadby and Wigston","Lives in a communal establishment","Aged 45 to 49 years","All persons",11
"E07000135","Oadby and Wigston","Lives in a communal establishment","Aged 50 to 54 years","All persons",4
"E07000135","Oadby and Wigston","Lives in a communal establishment","Aged 55 to 59 years","All persons",27
"E07000135","Oadby and Wigston","Lives in a communal establishment","Aged 60 to 64 years","All persons",13
"E07000135","Oadby and Wigston","Lives in a communal establishment","Aged 65 years","All persons",6
"E07000135","Oadby and Wigston","Lives in a communal establishment","Aged 66 to 69 years","All persons",9
"E07000135","Oadby and Wigston","Lives in a communal establishment","Aged 70 to 74 years","All persons",32
"E07000135","Oadby and Wigston","Lives in a communal establishment","Aged 75 to 79 years","All persons",46
"E07000135","Oadby and Wigston","Lives in a communal establishment","Aged 80 to 84 years","All persons",61
"E07000135","Oadby and Wigston","Lives in a communal establishment","Aged 85 years and over","All persons",233
"E07000136","Boston","Lives in a communal establishment","Total","All persons",775
"E07000136","Boston","Lives in a communal establishment","Aged 2 years and under","All persons",0
"E07000136","Boston","Lives in a communal establishment","Aged 3 to 4 years","All persons",0
"E07000136","Boston","Lives in a communal establishment","Aged 5 to 7 years","All persons",0
"E07000136","Boston","Lives in a communal establishment","Aged 8 to 9 years","All persons",0
"E07000136","Boston","Lives in a communal establishment","Aged 10 to 14 years","All persons",1
"E07000136","Boston","Lives in a communal establishment","Aged 15 years","All persons",0
"E07000136","Boston","Lives in a communal establishment","Aged 16 to 17 years","All persons",3
"E07000136","Boston","Lives in a communal establishment","Aged 18 to 19 years","All persons",7
"E07000136","Boston","Lives in a communal establishment","Aged 20 to 24 years","All persons",6
"E07000136","Boston","Lives in a communal establishment","Aged 25 to 29 years","All persons",28
"E07000136","Boston","Lives in a communal establishment","Aged 30 to 34 years","All persons",37
"E07000136","Boston","Lives in a communal establishment","Aged 35 to 39 years","All persons",49
"E07000136","Boston","Lives in a communal establishment","Aged 40 to 44 years","All persons",43
"E07000136","Boston","Lives in a communal establishment","Aged 45 to 49 years","All persons",46
"E07000136","Boston","Lives in a communal establishment","Aged 50 to 54 years","All persons",52
"E07000136","Boston","Lives in a communal establishment","Aged 55 to 59 years","All persons",50
"E07000136","Boston","Lives in a communal establishment","Aged 60 to 64 years","All persons",37
"E07000136","Boston","Lives in a communal establishment","Aged 65 years","All persons",4
"E07000136","Boston","Lives in a communal establishment","Aged 66 to 69 years","All persons",20
"E07000136","Boston","Lives in a communal establishment","Aged 70 to 74 years","All persons",42
"E07000136","Boston","Lives in a communal establishment","Aged 75 to 79 years","All persons",67
"E07000136","Boston","Lives in a communal establishment","Aged 80 to 84 years","All persons",58
"E07000136","Boston","Lives in a communal establishment","Aged 85 years and over","All persons",225
"E07000137","East Lindsey","Lives in a communal establishment","Total","All persons",2372
"E07000137","East Lindsey","Lives in a communal establishment","Aged 2 years and under","All persons",4
"E07000137","East Lindsey","Lives in a communal establishment","Aged 3 to 4 years","All persons",4
"E07000137","East Lindsey","Lives in a communal establishment","Aged 5 to 7 years","All persons",11
"E07000137","East Lindsey","Lives in a communal establishment","Aged 8 to 9 years","All persons",4
"E07000137","East Lindsey","Lives in a communal establishment","Aged 10 to 14 years","All persons",7
"E07000137","East Lindsey","Lives in a communal establishment","Aged 15 years","All persons",1
"E07000137","East Lindsey","Lives in a communal establishment","Aged 16 to 17 years","All persons",5
"E07000137","East Lindsey","Lives in a communal establishment","Aged 18 to 19 years","All persons",59
"E07000137","East Lindsey","Lives in a communal establishment","Aged 20 to 24 years","All persons",270
"E07000137","East Lindsey","Lives in a communal establishment","Aged 25 to 29 years","All persons",241
"E07000137","East Lindsey","Lives in a communal establishment","Aged 30 to 34 years","All persons",129
"E07000137","East Lindsey","Lives in a communal establishment","Aged 35 to 39 years","All persons",83
"E07000137","East Lindsey","Lives in a communal establishment","Aged 40 to 44 years","All persons",97
"E07000137","East Lindsey","Lives in a communal establishment","Aged 45 to 49 years","All persons",76
"E07000137","East Lindsey","Lives in a communal establishment","Aged 50 to 54 years","All persons",76
"E07000137","East Lindsey","Lives in a communal establishment","Aged 55 to 59 years","All persons",85
"E07000137","East Lindsey","Lives in a communal establishment","Aged 60 to 64 years","All persons",51
"E07000137","East Lindsey","Lives in a communal establishment","Aged 65 years","All persons",19
"E07000137","East Lindsey","Lives in a communal establishment","Aged 66 to 69 years","All persons",46
"E07000137","East Lindsey","Lives in a communal establishment","Aged 70 to 74 years","All persons",105
"E07000137","East Lindsey","Lives in a communal establishment","Aged 75 to 79 years","All persons",152
"E07000137","East Lindsey","Lives in a communal establishment","Aged 80 to 84 years","All persons",244
"E07000137","East Lindsey","Lives in a communal establishment","Aged 85 years and over","All persons",603
"E07000138","Lincoln","Lives in a communal establishment","Total","All persons",7253
"E07000138","Lincoln","Lives in a communal establishment","Aged 2 years and under","All persons",0
"E07000138","Lincoln","Lives in a communal establishment","Aged 3 to 4 years","All persons",0
"E07000138","Lincoln","Lives in a communal establishment","Aged 5 to 7 years","All persons",3
"E07000138","Lincoln","Lives in a communal establishment","Aged 8 to 9 years","All persons",6
"E07000138","Lincoln","Lives in a communal establishment","Aged 10 to 14 years","All persons",6
"E07000138","Lincoln","Lives in a communal establishment","Aged 15 years","All persons",8
"E07000138","Lincoln","Lives in a communal establishment","Aged 16 to 17 years","All persons",36
"E07000138","Lincoln","Lives in a communal establishment","Aged 18 to 19 years","All persons",3373
"E07000138","Lincoln","Lives in a communal establishment","Aged 20 to 24 years","All persons",2459
"E07000138","Lincoln","Lives in a communal establishment","Aged 25 to 29 years","All persons",223
"E07000138","Lincoln","Lives in a communal establishment","Aged 30 to 34 years","All persons",118
"E07000138","Lincoln","Lives in a communal establishment","Aged 35 to 39 years","All persons",106
"E07000138","Lincoln","Lives in a communal establishment","Aged 40 to 44 years","All persons",78
"E07000138","Lincoln","Lives in a communal establishment","Aged 45 to 49 years","All persons",66
"E07000138","Lincoln","Lives in a communal establishment","Aged 50 to 54 years","All persons",54
"E07000138","Lincoln","Lives in a communal establishment","Aged 55 to 59 years","All persons",39
"E07000138","Lincoln","Lives in a communal establishment","Aged 60 to 64 years","All persons",52
"E07000138","Lincoln","Lives in a communal establishment","Aged 65 years","All persons",8
"E07000138","Lincoln","Lives in a communal establishment","Aged 66 to 69 years","All persons",22
"E07000138","Lincoln","Lives in a communal establishment","Aged 70 to 74 years","All persons",49
"E07000138","Lincoln","Lives in a communal establishment","Aged 75 to 79 years","All persons",63
"E07000138","Lincoln","Lives in a communal establishment","Aged 80 to 84 years","All persons",125
"E07000138","Lincoln","Lives in a communal establishment","Aged 85 years and over","All persons",359
"E07000139","North Kesteven","Lives in a communal establishment","Total","All persons",2024
"E07000139","North Kesteven","Lives in a communal establishment","Aged 2 years and under","All persons",0
"E07000139","North Kesteven","Lives in a communal establishment","Aged 3 to 4 years","All persons",0
"E07000139","North Kesteven","Lives in a communal establishment","Aged 5 to 7 years","All persons",0
"E07000139","North Kesteven","Lives in a communal establishment","Aged 8 to 9 years","All persons",0
"E07000139","North Kesteven","Lives in a communal establishment","Aged 10 to 14 years","All persons",11
"E07000139","North Kesteven","Lives in a communal establishment","Aged 15 years","All persons",2
"E07000139","North Kesteven","Lives in a communal establishment","Aged 16 to 17 years","All persons",18
"E07000139","North Kesteven","Lives in a communal establishment","Aged 18 to 19 years","All persons",76
"E07000139","North Kesteven","Lives in a communal establishment","Aged 20 to 24 years","All persons",411
"E07000139","North Kesteven","Lives in a communal establishment","Aged 25 to 29 years","All persons",389
"E07000139","North Kesteven","Lives in a communal establishment","Aged 30 to 34 years","All persons",165
"E07000139","North Kesteven","Lives in a communal establishment","Aged 35 to 39 years","All persons",104
"E07000139","North Kesteven","Lives in a communal establishment","Aged 40 to 44 years","All persons",55
"E07000139","North Kesteven","Lives in a communal establishment","Aged 45 to 49 years","All persons",43
"E07000139","North Kesteven","Lives in a communal establishment","Aged 50 to 54 years","All persons",33
"E07000139","North Kesteven","Lives in a communal establishment","Aged 55 to 59 years","All persons",40
"E07000139","North Kesteven","Lives in a communal establishment","Aged 60 to 64 years","All persons",30
"E07000139","North Kesteven","Lives in a communal establishment","Aged 65 years","All persons",4
"E07000139","North Kesteven","Lives in a communal establishment","Aged 66 to 69 years","All persons",36
"E07000139","North Kesteven","Lives in a communal establishment","Aged 70 to 74 years","All persons",53
"E07000139","North Kesteven","Lives in a communal establishment","Aged 75 to 79 years","All persons",77
"E07000139","North Kesteven","Lives in a communal establishment","Aged 80 to 84 years","All persons",131
"E07000139","North Kesteven","Lives in a communal establishment","Aged 85 years and over","All persons",346
"E07000140","South Holland","Lives in a communal establishment","Total","All persons",778
"E07000140","South Holland","Lives in a communal establishment","Aged 2 years and under","All persons",0
"E07000140","South Holland","Lives in a communal establishment","Aged 3 to 4 years","All persons",0
"E07000140","South Holland","Lives in a communal establishment","Aged 5 to 7 years","All persons",0
"E07000140","South Holland","Lives in a communal establishment","Aged 8 to 9 years","All persons",0
"E07000140","South Holland","Lives in a communal establishment","Aged 10 to 14 years","All persons",5
"E07000140","South Holland","Lives in a communal establishment","Aged 15 years","All persons",3
"E07000140","South Holland","Lives in a communal establishment","Aged 16 to 17 years","All persons",2
"E07000140","South Holland","Lives in a communal establishment","Aged 18 to 19 years","All persons",3
"E07000140","South Holland","Lives in a communal establishment","Aged 20 to 24 years","All persons",10
"E07000140","South Holland","Lives in a communal establishment","Aged 25 to 29 years","All persons",5
"E07000140","South Holland","Lives in a communal establishment","Aged 30 to 34 years","All persons",6
"E07000140","South Holland","Lives in a communal establishment","Aged 35 to 39 years","All persons",4
"E07000140","South Holland","Lives in a communal establishment","Aged 40 to 44 years","All persons",5
"E07000140","South Holland","Lives in a communal establishment","Aged 45 to 49 years","All persons",11
"E07000140","South Holland","Lives in a communal establishment","Aged 50 to 54 years","All persons",15
"E07000140","South Holland","Lives in a communal establishment","Aged 55 to 59 years","All persons",14
"E07000140","South Holland","Lives in a communal establishment","Aged 60 to 64 years","All persons",18
"E07000140","South Holland","Lives in a communal establishment","Aged 65 years","All persons",2
"E07000140","South Holland","Lives in a communal establishment","Aged 66 to 69 years","All persons",13
"E07000140","South Holland","Lives in a communal establishment","Aged 70 to 74 years","All persons",41
"E07000140","South Holland","Lives in a communal establishment","Aged 75 to 79 years","All persons",93
"E07000140","South Holland","Lives in a communal establishment","Aged 80 to 84 years","All persons",125
"E07000140","South Holland","Lives in a communal establishment","Aged 85 years and over","All persons",403
"E07000141","South Kesteven","Lives in a communal establishment","Total","All persons",1224
"E07000141","South Kesteven","Lives in a communal establishment","Aged 2 years and under","All persons",3
"E07000141","South Kesteven","Lives in a communal establishment","Aged 3 to 4 years","All persons",1
"E07000141","South Kesteven","Lives in a communal establishment","Aged 5 to 7 years","All persons",5
"E07000141","South Kesteven","Lives in a communal establishment","Aged 8 to 9 years","All persons",5
"E07000141","South Kesteven","Lives in a communal establishment","Aged 10 to 14 years","All persons",81
"E07000141","South Kesteven","Lives in a communal establishment","Aged 15 years","All persons",25
"E07000141","South Kesteven","Lives in a communal establishment","Aged 16 to 17 years","All persons",57
"E07000141","South Kesteven","Lives in a communal establishment","Aged 18 to 19 years","All persons",24
"E07000141","South Kesteven","Lives in a communal establishment","Aged 20 to 24 years","All persons",24
"E07000141","South Kesteven","Lives in a communal establishment","Aged 25 to 29 years","All persons",8
"E07000141","South Kesteven","Lives in a communal establishment","Aged 30 to 34 years","All persons",15
"E07000141","South Kesteven","Lives in a communal establishment","Aged 35 to 39 years","All persons",9
"E07000141","South Kesteven","Lives in a communal establishment","Aged 40 to 44 years","All persons",16
"E07000141","South Kesteven","Lives in a communal establishment","Aged 45 to 49 years","All persons",18
"E07000141","South Kesteven","Lives in a communal establishment","Aged 50 to 54 years","All persons",25
"E07000141","South Kesteven","Lives in a communal establishment","Aged 55 to 59 years","All persons",13
"E07000141","South Kesteven","Lives in a communal establishment","Aged 60 to 64 years","All persons",21
"E07000141","South Kesteven","Lives in a communal establishment","Aged 65 years","All persons",7
"E07000141","South Kesteven","Lives in a communal establishment","Aged 66 to 69 years","All persons",29
"E07000141","South Kesteven","Lives in a communal establishment","Aged 70 to 74 years","All persons",48
"E07000141","South Kesteven","Lives in a communal establishment","Aged 75 to 79 years","All persons",87
"E07000141","South Kesteven","Lives in a communal establishment","Aged 80 to 84 years","All persons",150
"E07000141","South Kesteven","Lives in a communal establishment","Aged 85 years and over","All persons",553
"E07000142","West Lindsey","Lives in a communal establishment","Total","All persons",1124
"E07000142","West Lindsey","Lives in a communal establishment","Aged 2 years and under","All persons",0
"E07000142","West Lindsey","Lives in a communal establishment","Aged 3 to 4 years","All persons",0
"E07000142","West Lindsey","Lives in a communal establishment","Aged 5 to 7 years","All persons",0
"E07000142","West Lindsey","Lives in a communal establishment","Aged 8 to 9 years","All persons",0
"E07000142","West Lindsey","Lives in a communal establishment","Aged 10 to 14 years","All persons",9
"E07000142","West Lindsey","Lives in a communal establishment","Aged 15 years","All persons",5
"E07000142","West Lindsey","Lives in a communal establishment","Aged 16 to 17 years","All persons",30
"E07000142","West Lindsey","Lives in a communal establishment","Aged 18 to 19 years","All persons",23
"E07000142","West Lindsey","Lives in a communal establishment","Aged 20 to 24 years","All persons",56
"E07000142","West Lindsey","Lives in a communal establishment","Aged 25 to 29 years","All persons",62
"E07000142","West Lindsey","Lives in a communal establishment","Aged 30 to 34 years","All persons",43
"E07000142","West Lindsey","Lives in a communal establishment","Aged 35 to 39 years","All persons",27
"E07000142","West Lindsey","Lives in a communal establishment","Aged 40 to 44 years","All persons",31
"E07000142","West Lindsey","Lives in a communal establishment","Aged 45 to 49 years","All persons",30
"E07000142","West Lindsey","Lives in a communal establishment","Aged 50 to 54 years","All persons",40
"E07000142","West Lindsey","Lives in a communal establishment","Aged 55 to 59 years","All persons",63
"E07000142","West Lindsey","Lives in a communal establishment","Aged 60 to 64 years","All persons",58
"E07000142","West Lindsey","Lives in a communal establishment","Aged 65 years","All persons",11
"E07000142","West Lindsey","Lives in a communal establishment","Aged 66 to 69 years","All persons",41
"E07000142","West Lindsey","Lives in a communal establishment","Aged 70 to 74 years","All persons",50
"E07000142","West Lindsey","Lives in a communal establishment","Aged 75 to 79 years","All persons",88
"E07000142","West Lindsey","Lives in a communal establishment","Aged 80 to 84 years","All persons",106
"E07000142","West Lindsey","Lives in a communal establishment","Aged 85 years and over","All persons",351
"E07000170","Ashfield","Lives in a communal establishment","Total","All persons",1113
"E07000170","Ashfield","Lives in a communal establishment","Aged 2 years and under","All persons",0
"E07000170","Ashfield","Lives in a communal establishment","Aged 3 to 4 years","All persons",0
"E07000170","Ashfield","Lives in a communal establishment","Aged 5 to 7 years","All persons",0
"E07000170","Ashfield","Lives in a communal establishment","Aged 8 to 9 years","All persons",0
"E07000170","Ashfield","Lives in a communal establishment","Aged 10 to 14 years","All persons",0
"E07000170","Ashfield","Lives in a communal establishment","Aged 15 years","All persons",1
"E07000170","Ashfield","Lives in a communal establishment","Aged 16 to 17 years","All persons",3
"E07000170","Ashfield","Lives in a communal establishment","Aged 18 to 19 years","All persons",4
"E07000170","Ashfield","Lives in a communal establishment","Aged 20 to 24 years","All persons",23
"E07000170","Ashfield","Lives in a communal establishment","Aged 25 to 29 years","All persons",28
"E07000170","Ashfield","Lives in a communal establishment","Aged 30 to 34 years","All persons",42
"E07000170","Ashfield","Lives in a communal establishment","Aged 35 to 39 years","All persons",36
"E07000170","Ashfield","Lives in a communal establishment","Aged 40 to 44 years","All persons",34
"E07000170","Ashfield","Lives in a communal establishment","Aged 45 to 49 years","All persons",31
"E07000170","Ashfield","Lives in a communal establishment","Aged 50 to 54 years","All persons",42
"E07000170","Ashfield","Lives in a communal establishment","Aged 55 to 59 years","All persons",65
"E07000170","Ashfield","Lives in a communal establishment","Aged 60 to 64 years","All persons",60
"E07000170","Ashfield","Lives in a communal establishment","Aged 65 years","All persons",12
"E07000170","Ashfield","Lives in a communal establishment","Aged 66 to 69 years","All persons",41
"E07000170","Ashfield","Lives in a communal establishment","Aged 70 to 74 years","All persons",80
"E07000170","Ashfield","Lives in a communal establishment","Aged 75 to 79 years","All persons",101
"E07000170","Ashfield","Lives in a communal establishment","Aged 80 to 84 years","All persons",133
"E07000170","Ashfield","Lives in a communal establishment","Aged 85 years and over","All persons",377
"E07000171","Bassetlaw","Lives in a communal establishment","Total","All persons",2251
"E07000171","Bassetlaw","Lives in a communal establishment","Aged 2 years and under","All persons",0
"E07000171","Bassetlaw","Lives in a communal establishment","Aged 3 to 4 years","All persons",0
"E07000171","Bassetlaw","Lives in a communal establishment","Aged 5 to 7 years","All persons",1
"E07000171","Bassetlaw","Lives in a communal establishment","Aged 8 to 9 years","All persons",3
"E07000171","Bassetlaw","Lives in a communal establishment","Aged 10 to 14 years","All persons",22
"E07000171","Bassetlaw","Lives in a communal establishment","Aged 15 years","All persons",6
"E07000171","Bassetlaw","Lives in a communal establishment","Aged 16 to 17 years","All persons",21
"E07000171","Bassetlaw","Lives in a communal establishment","Aged 18 to 19 years","All persons",9
"E07000171","Bassetlaw","Lives in a communal establishment","Aged 20 to 24 years","All persons",156
"E07000171","Bassetlaw","Lives in a communal establishment","Aged 25 to 29 years","All persons",243
"E07000171","Bassetlaw","Lives in a communal establishment","Aged 30 to 34 years","All persons",269
"E07000171","Bassetlaw","Lives in a communal establishment","Aged 35 to 39 years","All persons",218
"E07000171","Bassetlaw","Lives in a communal establishment","Aged 40 to 44 years","All persons",168
"E07000171","Bassetlaw","Lives in a communal establishment","Aged 45 to 49 years","All persons",116
"E07000171","Bassetlaw","Lives in a communal establishment","Aged 50 to 54 years","All persons",64
"E07000171","Bassetlaw","Lives in a communal establishment","Aged 55 to 59 years","All persons",66
"E07000171","Bassetlaw","Lives in a communal establishment","Aged 60 to 64 years","All persons",39
"E07000171","Bassetlaw","Lives in a communal establishment","Aged 65 years","All persons",13
"E07000171","Bassetlaw","Lives in a communal establishment","Aged 66 to 69 years","All persons",26
"E07000171","Bassetlaw","Lives in a communal establishment","Aged 70 to 74 years","All persons",70
"E07000171","Bassetlaw","Lives in a communal establishment","Aged 75 to 79 years","All persons",117
"E07000171","Bassetlaw","Lives in a communal establishment","Aged 80 to 84 years","All persons",165
"E07000171","Bassetlaw","Lives in a communal establishment","Aged 85 years and over","All persons",459
"E07000172","Broxtowe","Lives in a communal establishment","Total","All persons",2011
"E07000172","Broxtowe","Lives in a communal establishment","Aged 2 years and under","All persons",2
"E07000172","Broxtowe","Lives in a communal establishment","Aged 3 to 4 years","All persons",0
"E07000172","Broxtowe","Lives in a communal establishment","Aged 5 to 7 years","All persons",0
"E07000172","Broxtowe","Lives in a communal establishment","Aged 8 to 9 years","All persons",2
"E07000172","Broxtowe","Lives in a communal establishment","Aged 10 to 14 years","All persons",2
"E07000172","Broxtowe","Lives in a communal establishment","Aged 15 years","All persons",0
"E07000172","Broxtowe","Lives in a communal establishment","Aged 16 to 17 years","All persons",4
"E07000172","Broxtowe","Lives in a communal establishment","Aged 18 to 19 years","All persons",734
"E07000172","Broxtowe","Lives in a communal establishment","Aged 20 to 24 years","All persons",298
"E07000172","Broxtowe","Lives in a communal establishment","Aged 25 to 29 years","All persons",62
"E07000172","Broxtowe","Lives in a communal establishment","Aged 30 to 34 years","All persons",39
"E07000172","Broxtowe","Lives in a communal establishment","Aged 35 to 39 years","All persons",29
"E07000172","Broxtowe","Lives in a communal establishment","Aged 40 to 44 years","All persons",28
"E07000172","Broxtowe","Lives in a communal establishment","Aged 45 to 49 years","All persons",28
"E07000172","Broxtowe","Lives in a communal establishment","Aged 50 to 54 years","All persons",22
"E07000172","Broxtowe","Lives in a communal establishment","Aged 55 to 59 years","All persons",27
"E07000172","Broxtowe","Lives in a communal establishment","Aged 60 to 64 years","All persons",32
"E07000172","Broxtowe","Lives in a communal establishment","Aged 65 years","All persons",2
"E07000172","Broxtowe","Lives in a communal establishment","Aged 66 to 69 years","All persons",15
"E07000172","Broxtowe","Lives in a communal establishment","Aged 70 to 74 years","All persons",49
"E07000172","Broxtowe","Lives in a communal establishment","Aged 75 to 79 years","All persons",82
"E07000172","Broxtowe","Lives in a communal establishment","Aged 80 to 84 years","All persons",113
"E07000172","Broxtowe","Lives in a communal establishment","Aged 85 years and over","All persons",441
"E07000173","Gedling","Lives in a communal establishment","Total","All persons",606
"E07000173","Gedling","Lives in a communal establishment","Aged 2 years and under","All persons",0
"E07000173","Gedling","Lives in a communal establishment","Aged 3 to 4 years","All persons",0
"E07000173","Gedling","Lives in a communal establishment","Aged 5 to 7 years","All persons",0
"E07000173","Gedling","Lives in a communal establishment","Aged 8 to 9 years","All persons",0
"E07000173","Gedling","Lives in a communal establishment","Aged 10 to 14 years","All persons",2
"E07000173","Gedling","Lives in a communal establishment","Aged 15 years","All persons",0
"E07000173","Gedling","Lives in a communal establishment","Aged 16 to 17 years","All persons",1
"E07000173","Gedling","Lives in a communal establishment","Aged 18 to 19 years","All persons",5
"E07000173","Gedling","Lives in a communal establishment","Aged 20 to 24 years","All persons",9
"E07000173","Gedling","Lives in a communal establishment","Aged 25 to 29 years","All persons",8
"E07000173","Gedling","Lives in a communal establishment","Aged 30 to 34 years","All persons",9
"E07000173","Gedling","Lives in a communal establishment","Aged 35 to 39 years","All persons",3
"E07000173","Gedling","Lives in a communal establishment","Aged 40 to 44 years","All persons",5
"E07000173","Gedling","Lives in a communal establishment","Aged 45 to 49 years","All persons",8
"E07000173","Gedling","Lives in a communal establishment","Aged 50 to 54 years","All persons",12
"E07000173","Gedling","Lives in a communal establishment","Aged 55 to 59 years","All persons",12
"E07000173","Gedling","Lives in a communal establishment","Aged 60 to 64 years","All persons",16
"E07000173","Gedling","Lives in a communal establishment","Aged 65 years","All persons",5
"E07000173","Gedling","Lives in a communal establishment","Aged 66 to 69 years","All persons",20
"E07000173","Gedling","Lives in a communal establishment","Aged 70 to 74 years","All persons",37
"E07000173","Gedling","Lives in a communal establishment","Aged 75 to 79 years","All persons",74
"E07000173","Gedling","Lives in a communal establishment","Aged 80 to 84 years","All persons",99
"E07000173","Gedling","Lives in a communal establishment","Aged 85 years and over","All persons",281
"E07000174","Mansfield","Lives in a communal establishment","Total","All persons",788
"E07000174","Mansfield","Lives in a communal establishment","Aged 2 years and under","All persons",0
"E07000174","Mansfield","Lives in a communal establishment","Aged 3 to 4 years","All persons",0
"E07000174","Mansfield","Lives in a communal establishment","Aged 5 to 7 years","All persons",0
"E07000174","Mansfield","Lives in a communal establishment","Aged 8 to 9 years","All persons",0
"E07000174","Mansfield","Lives in a communal establishment","Aged 10 to 14 years","All persons",1
"E07000174","Mansfield","Lives in a communal establishment","Aged 15 years","All persons",0
"E07000174","Mansfield","Lives in a communal establishment","Aged 16 to 17 years","All persons",3
"E07000174","Mansfield","Lives in a communal establishment","Aged 18 to 19 years","All persons",2
"E07000174","Mansfield","Lives in a communal establishment","Aged 20 to 24 years","All persons",15
"E07000174","Mansfield","Lives in a communal establishment","Aged 25 to 29 years","All persons",6
"E07000174","Mansfield","Lives in a communal establishment","Aged 30 to 34 years","All persons",25
"E07000174","Mansfield","Lives in a communal establishment","Aged 35 to 39 years","All persons",21
"E07000174","Mansfield","Lives in a communal establishment","Aged 40 to 44 years","All persons",22
"E07000174","Mansfield","Lives in a communal establishment","Aged 45 to 49 years","All persons",24
"E07000174","Mansfield","Lives in a communal establishment","Aged 50 to 54 years","All persons",40
"E07000174","Mansfield","Lives in a communal establishment","Aged 55 to 59 years","All persons",36
"E07000174","Mansfield","Lives in a communal establishment","Aged 60 to 64 years","All persons",54
"E07000174","Mansfield","Lives in a communal establishment","Aged 65 years","All persons",4
"E07000174","Mansfield","Lives in a communal establishment","Aged 66 to 69 years","All persons",22
"E07000174","Mansfield","Lives in a communal establishment","Aged 70 to 74 years","All persons",57
"E07000174","Mansfield","Lives in a communal establishment","Aged 75 to 79 years","All persons",59
"E07000174","Mansfield","Lives in a communal establishment","Aged 80 to 84 years","All persons",101
"E07000174","Mansfield","Lives in a communal establishment","Aged 85 years and over","All persons",296
"E07000175","Newark and Sherwood","Lives in a communal establishment","Total","All persons",2349
"E07000175","Newark and Sherwood","Lives in a communal establishment","Aged 2 years and under","All persons",0
"E07000175","Newark and Sherwood","Lives in a communal establishment","Aged 3 to 4 years","All persons",0
"E07000175","Newark and Sherwood","Lives in a communal establishment","Aged 5 to 7 years","All persons",0
"E07000175","Newark and Sherwood","Lives in a communal establishment","Aged 8 to 9 years","All persons",0
"E07000175","Newark and Sherwood","Lives in a communal establishment","Aged 10 to 14 years","All persons",28
"E07000175","Newark and Sherwood","Lives in a communal establishment","Aged 15 years","All persons",12
"E07000175","Newark and Sherwood","Lives in a communal establishment","Aged 16 to 17 years","All persons",27
"E07000175","Newark and Sherwood","Lives in a communal establishment","Aged 18 to 19 years","All persons",224
"E07000175","Newark and Sherwood","Lives in a communal establishment","Aged 20 to 24 years","All persons",334
"E07000175","Newark and Sherwood","Lives in a communal establishment","Aged 25 to 29 years","All persons",244
"E07000175","Newark and Sherwood","Lives in a communal establishment","Aged 30 to 34 years","All persons",212
"E07000175","Newark and Sherwood","Lives in a communal establishment","Aged 35 to 39 years","All persons",165
"E07000175","Newark and Sherwood","Lives in a communal establishment","Aged 40 to 44 years","All persons",132
"E07000175","Newark and Sherwood","Lives in a communal establishment","Aged 45 to 49 years","All persons",96
"E07000175","Newark and Sherwood","Lives in a communal establishment","Aged 50 to 54 years","All persons",87
"E07000175","Newark and Sherwood","Lives in a communal establishment","Aged 55 to 59 years","All persons",72
"E07000175","Newark and Sherwood","Lives in a communal establishment","Aged 60 to 64 years","All persons",39
"E07000175","Newark and Sherwood","Lives in a communal establishment","Aged 65 years","All persons",9
"E07000175","Newark and Sherwood","Lives in a communal establishment","Aged 66 to 69 years","All persons",38
"E07000175","Newark and Sherwood","Lives in a communal establishment","Aged 70 to 74 years","All persons",57
"E07000175","Newark and Sherwood","Lives in a communal establishment","Aged 75 to 79 years","All persons",84
"E07000175","Newark and Sherwood","Lives in a communal establishment","Aged 80 to 84 years","All persons",123
"E07000175","Newark and Sherwood","Lives in a communal establishment","Aged 85 years and over","All persons",366
"E07000176","Rushcliffe","Lives in a communal establishment","Total","All persons",2545
"E07000176","Rushcliffe","Lives in a communal establishment","Aged 2 years and under","All persons",0
"E07000176","Rushcliffe","Lives in a communal establishment","Aged 3 to 4 years","All persons",0
"E07000176","Rushcliffe","Lives in a communal establishment","Aged 5 to 7 years","All persons",0
"E07000176","Rushcliffe","Lives in a communal establishment","Aged 8 to 9 years","All persons",0
"E07000176","Rushcliffe","Lives in a communal establishment","Aged 10 to 14 years","All persons",1
"E07000176","Rushcliffe","Lives in a communal establishment","Aged 15 years","All persons",0
"E07000176","Rushcliffe","Lives in a communal establishment","Aged 16 to 17 years","All persons",5
"E07000176","Rushcliffe","Lives in a communal establishment","Aged 18 to 19 years","All persons",468
"E07000176","Rushcliffe","Lives in a communal establishment","Aged 20 to 24 years","All persons",302
"E07000176","Rushcliffe","Lives in a communal establishment","Aged 25 to 29 years","All persons",143
"E07000176","Rushcliffe","Lives in a communal establishment","Aged 30 to 34 years","All persons",162
"E07000176","Rushcliffe","Lives in a communal establishment","Aged 35 to 39 years","All persons",114
"E07000176","Rushcliffe","Lives in a communal establishment","Aged 40 to 44 years","All persons",119
"E07000176","Rushcliffe","Lives in a communal establishment","Aged 45 to 49 years","All persons",94
"E07000176","Rushcliffe","Lives in a communal establishment","Aged 50 to 54 years","All persons",94
"E07000176","Rushcliffe","Lives in a communal establishment","Aged 55 to 59 years","All persons",121
"E07000176","Rushcliffe","Lives in a communal establishment","Aged 60 to 64 years","All persons",89
"E07000176","Rushcliffe","Lives in a communal establishment","Aged 65 years","All persons",12
"E07000176","Rushcliffe","Lives in a communal establishment","Aged 66 to 69 years","All persons",65
"E07000176","Rushcliffe","Lives in a communal establishment","Aged 70 to 74 years","All persons",88
"E07000176","Rushcliffe","Lives in a communal establishment","Aged 75 to 79 years","All persons",98
"E07000176","Rushcliffe","Lives in a communal establishment","Aged 80 to 84 years","All persons",149
"E07000176","Rushcliffe","Lives in a communal establishment","Aged 85 years and over","All persons",421
"E06000019","Herefordshire, County of","Lives in a communal establishment","Total","All persons",2386
"E06000019","Herefordshire, County of","Lives in a communal establishment","Aged 2 years and under","All persons",5
"E06000019","Herefordshire, County of","Lives in a communal establishment","Aged 3 to 4 years","All persons",2
"E06000019","Herefordshire, County of","Lives in a communal establishment","Aged 5 to 7 years","All persons",5
"E06000019","Herefordshire, County of","Lives in a communal establishment","Aged 8 to 9 years","All persons",7
"E06000019","Herefordshire, County of","Lives in a communal establishment","Aged 10 to 14 years","All persons",53
"E06000019","Herefordshire, County of","Lives in a communal establishment","Aged 15 years","All persons",18
"E06000019","Herefordshire, County of","Lives in a communal establishment","Aged 16 to 17 years","All persons",41
"E06000019","Herefordshire, County of","Lives in a communal establishment","Aged 18 to 19 years","All persons",90
"E06000019","Herefordshire, County of","Lives in a communal establishment","Aged 20 to 24 years","All persons",106
"E06000019","Herefordshire, County of","Lives in a communal establishment","Aged 25 to 29 years","All persons",192
"E06000019","Herefordshire, County of","Lives in a communal establishment","Aged 30 to 34 years","All persons",81
"E06000019","Herefordshire, County of","Lives in a communal establishment","Aged 35 to 39 years","All persons",115
"E06000019","Herefordshire, County of","Lives in a communal establishment","Aged 40 to 44 years","All persons",60
"E06000019","Herefordshire, County of","Lives in a communal establishment","Aged 45 to 49 years","All persons",97
"E06000019","Herefordshire, County of","Lives in a communal establishment","Aged 50 to 54 years","All persons",86
"E06000019","Herefordshire, County of","Lives in a communal establishment","Aged 55 to 59 years","All persons",90
"E06000019","Herefordshire, County of","Lives in a communal establishment","Aged 60 to 64 years","All persons",80
"E06000019","Herefordshire, County of","Lives in a communal establishment","Aged 65 years","All persons",13
"E06000019","Herefordshire, County of","Lives in a communal establishment","Aged 66 to 69 years","All persons",51
"E06000019","Herefordshire, County of","Lives in a communal establishment","Aged 70 to 74 years","All persons",89
"E06000019","Herefordshire, County of","Lives in a communal establishment","Aged 75 to 79 years","All persons",155
"E06000019","Herefordshire, County of","Lives in a communal establishment","Aged 80 to 84 years","All persons",216
"E06000019","Herefordshire, County of","Lives in a communal establishment","Aged 85 years and over","All persons",734
"E06000020","Telford and Wrekin","Lives in a communal establishment","Total","All persons",1911
"E06000020","Telford and Wrekin","Lives in a communal establishment","Aged 2 years and under","All persons",0
"E06000020","Telford and Wrekin","Lives in a communal establishment","Aged 3 to 4 years","All persons",0
"E06000020","Telford and Wrekin","Lives in a communal establishment","Aged 5 to 7 years","All persons",0
"E06000020","Telford and Wrekin","Lives in a communal establishment","Aged 8 to 9 years","All persons",3
"E06000020","Telford and Wrekin","Lives in a communal establishment","Aged 10 to 14 years","All persons",59
"E06000020","Telford and Wrekin","Lives in a communal establishment","Aged 15 years","All persons",23
"E06000020","Telford and Wrekin","Lives in a communal establishment","Aged 16 to 17 years","All persons",81
"E06000020","Telford and Wrekin","Lives in a communal establishment","Aged 18 to 19 years","All persons",397
"E06000020","Telford and Wrekin","Lives in a communal establishment","Aged 20 to 24 years","All persons",295
"E06000020","Telford and Wrekin","Lives in a communal establishment","Aged 25 to 29 years","All persons",37
"E06000020","Telford and Wrekin","Lives in a communal establishment","Aged 30 to 34 years","All persons",18
"E06000020","Telford and Wrekin","Lives in a communal establishment","Aged 35 to 39 years","All persons",20
"E06000020","Telford and Wrekin","Lives in a communal establishment","Aged 40 to 44 years","All persons",25
"E06000020","Telford and Wrekin","Lives in a communal establishment","Aged 45 to 49 years","All persons",25
"E06000020","Telford and Wrekin","Lives in a communal establishment","Aged 50 to 54 years","All persons",41
"E06000020","Telford and Wrekin","Lives in a communal establishment","Aged 55 to 59 years","All persons",47
"E06000020","Telford and Wrekin","Lives in a communal establishment","Aged 60 to 64 years","All persons",65
"E06000020","Telford and Wrekin","Lives in a communal establishment","Aged 65 years","All persons",7
"E06000020","Telford and Wrekin","Lives in a communal establishment","Aged 66 to 69 years","All persons",44
"E06000020","Telford and Wrekin","Lives in a communal establishment","Aged 70 to 74 years","All persons",78
"E06000020","Telford and Wrekin","Lives in a communal establishment","Aged 75 to 79 years","All persons",103
"E06000020","Telford and Wrekin","Lives in a communal establishment","Aged 80 to 84 years","All persons",153
"E06000020","Telford and Wrekin","Lives in a communal establishment","Aged 85 years and over","All persons",390
"E06000021","Stoke-on-Trent","Lives in a communal establishment","Total","All persons",3525
"E06000021","Stoke-on-Trent","Lives in a communal establishment","Aged 2 years and under","All persons",0
"E06000021","Stoke-on-Trent","Lives in a communal establishment","Aged 3 to 4 years","All persons",0
"E06000021","Stoke-on-Trent","Lives in a communal establishment","Aged 5 to 7 years","All persons",0
"E06000021","Stoke-on-Trent","Lives in a communal establishment","Aged 8 to 9 years","All persons",1
"E06000021","Stoke-on-Trent","Lives in a communal establishment","Aged 10 to 14 years","All persons",3
"E06000021","Stoke-on-Trent","Lives in a communal establishment","Aged 15 years","All persons",4
"E06000021","Stoke-on-Trent","Lives in a communal establishment","Aged 16 to 17 years","All persons",11
"E06000021","Stoke-on-Trent","Lives in a communal establishment","Aged 18 to 19 years","All persons",782
"E06000021","Stoke-on-Trent","Lives in a communal establishment","Aged 20 to 24 years","All persons",715
"E06000021","Stoke-on-Trent","Lives in a communal establishment","Aged 25 to 29 years","All persons",84
"E06000021","Stoke-on-Trent","Lives in a communal establishment","Aged 30 to 34 years","All persons",68
"E06000021","Stoke-on-Trent","Lives in a communal establishment","Aged 35 to 39 years","All persons",71
"E06000021","Stoke-on-Trent","Lives in a communal establishment","Aged 40 to 44 years","All persons",55
"E06000021","Stoke-on-Trent","Lives in a communal establishment","Aged 45 to 49 years","All persons",81
"E06000021","Stoke-on-Trent","Lives in a communal establishment","Aged 50 to 54 years","All persons",79
"E06000021","Stoke-on-Trent","Lives in a communal establishment","Aged 55 to 59 years","All persons",98
"E06000021","Stoke-on-Trent","Lives in a communal establishment","Aged 60 to 64 years","All persons",104
"E06000021","Stoke-on-Trent","Lives in a communal establishment","Aged 65 years","All persons",23
"E06000021","Stoke-on-Trent","Lives in a communal establishment","Aged 66 to 69 years","All persons",87
"E06000021","Stoke-on-Trent","Lives in a communal establishment","Aged 70 to 74 years","All persons",154
"E06000021","Stoke-on-Trent","Lives in a communal establishment","Aged 75 to 79 years","All persons",184
"E06000021","Stoke-on-Trent","Lives in a communal establishment","Aged 80 to 84 years","All persons",256
"E06000021","Stoke-on-Trent","Lives in a communal establishment","Aged 85 years and over","All persons",665
"E06000051","Shropshire","Lives in a communal establishment","Total","All persons",7330
"E06000051","Shropshire","Lives in a communal establishment","Aged 2 years and under","All persons",3
"E06000051","Shropshire","Lives in a communal establishment","Aged 3 to 4 years","All persons",7
"E06000051","Shropshire","Lives in a communal establishment","Aged 5 to 7 years","All persons",6
"E06000051","Shropshire","Lives in a communal establishment","Aged 8 to 9 years","All persons",23
"E06000051","Shropshire","Lives in a communal establishment","Aged 10 to 14 years","All persons",357
"E06000051","Shropshire","Lives in a communal establishment","Aged 15 years","All persons",169
"E06000051","Shropshire","Lives in a communal establishment","Aged 16 to 17 years","All persons",598
"E06000051","Shropshire","Lives in a communal establishment","Aged 18 to 19 years","All persons",583
"E06000051","Shropshire","Lives in a communal establishment","Aged 20 to 24 years","All persons",1024
"E06000051","Shropshire","Lives in a communal establishment","Aged 25 to 29 years","All persons",639
"E06000051","Shropshire","Lives in a communal establishment","Aged 30 to 34 years","All persons",383
"E06000051","Shropshire","Lives in a communal establishment","Aged 35 to 39 years","All persons",449
"E06000051","Shropshire","Lives in a communal establishment","Aged 40 to 44 years","All persons",224
"E06000051","Shropshire","Lives in a communal establishment","Aged 45 to 49 years","All persons",222
"E06000051","Shropshire","Lives in a communal establishment","Aged 50 to 54 years","All persons",170
"E06000051","Shropshire","Lives in a communal establishment","Aged 55 to 59 years","All persons",126
"E06000051","Shropshire","Lives in a communal establishment","Aged 60 to 64 years","All persons",96
"E06000051","Shropshire","Lives in a communal establishment","Aged 65 years","All persons",18
"E06000051","Shropshire","Lives in a communal establishment","Aged 66 to 69 years","All persons",101
"E06000051","Shropshire","Lives in a communal establishment","Aged 70 to 74 years","All persons",171
"E06000051","Shropshire","Lives in a communal establishment","Aged 75 to 79 years","All persons",251
"E06000051","Shropshire","Lives in a communal establishment","Aged 80 to 84 years","All persons",364
"E06000051","Shropshire","Lives in a communal establishment","Aged 85 years and over","All persons",1346
"E07000192","Cannock Chase","Lives in a communal establishment","Total","All persons",497
"E07000192","Cannock Chase","Lives in a communal establishment","Aged 2 years and under","All persons",0
"E07000192","Cannock Chase","Lives in a communal establishment","Aged 3 to 4 years","All persons",0
"E07000192","Cannock Chase","Lives in a communal establishment","Aged 5 to 7 years","All persons",0
"E07000192","Cannock Chase","Lives in a communal establishment","Aged 8 to 9 years","All persons",0
"E07000192","Cannock Chase","Lives in a communal establishment","Aged 10 to 14 years","All persons",8
"E07000192","Cannock Chase","Lives in a communal establishment","Aged 15 years","All persons",8
"E07000192","Cannock Chase","Lives in a communal establishment","Aged 16 to 17 years","All persons",18
"E07000192","Cannock Chase","Lives in a communal establishment","Aged 18 to 19 years","All persons",13
"E07000192","Cannock Chase","Lives in a communal establishment","Aged 20 to 24 years","All persons",7
"E07000192","Cannock Chase","Lives in a communal establishment","Aged 25 to 29 years","All persons",11
"E07000192","Cannock Chase","Lives in a communal establishment","Aged 30 to 34 years","All persons",5
"E07000192","Cannock Chase","Lives in a communal establishment","Aged 35 to 39 years","All persons",4
"E07000192","Cannock Chase","Lives in a communal establishment","Aged 40 to 44 years","All persons",4
"E07000192","Cannock Chase","Lives in a communal establishment","Aged 45 to 49 years","All persons",7
"E07000192","Cannock Chase","Lives in a communal establishment","Aged 50 to 54 years","All persons",5
"E07000192","Cannock Chase","Lives in a communal establishment","Aged 55 to 59 years","All persons",9
"E07000192","Cannock Chase","Lives in a communal establishment","Aged 60 to 64 years","All persons",9
"E07000192","Cannock Chase","Lives in a communal establishment","Aged 65 years","All persons",7
"E07000192","Cannock Chase","Lives in a communal establishment","Aged 66 to 69 years","All persons",11
"E07000192","Cannock Chase","Lives in a communal establishment","Aged 70 to 74 years","All persons",31
"E07000192","Cannock Chase","Lives in a communal establishment","Aged 75 to 79 years","All persons",42
"E07000192","Cannock Chase","Lives in a communal establishment","Aged 80 to 84 years","All persons",93
"E07000192","Cannock Chase","Lives in a communal establishment","Aged 85 years and over","All persons",205
"E07000193","East Staffordshire","Lives in a communal establishment","Total","All persons",1965
"E07000193","East Staffordshire","Lives in a communal establishment","Aged 2 years and under","All persons",8
"E07000193","East Staffordshire","Lives in a communal establishment","Aged 3 to 4 years","All persons",4
"E07000193","East Staffordshire","Lives in a communal establishment","Aged 5 to 7 years","All persons",8
"E07000193","East Staffordshire","Lives in a communal establishment","Aged 8 to 9 years","All persons",2
"E07000193","East Staffordshire","Lives in a communal establishment","Aged 10 to 14 years","All persons",23
"E07000193","East Staffordshire","Lives in a communal establishment","Aged 15 years","All persons",17
"E07000193","East Staffordshire","Lives in a communal establishment","Aged 16 to 17 years","All persons",46
"E07000193","East Staffordshire","Lives in a communal establishment","Aged 18 to 19 years","All persons",34
"E07000193","East Staffordshire","Lives in a communal establishment","Aged 20 to 24 years","All persons",128
"E07000193","East Staffordshire","Lives in a communal establishment","Aged 25 to 29 years","All persons",205
"E07000193","East Staffordshire","Lives in a communal establishment","Aged 30 to 34 years","All persons",235
"E07000193","East Staffordshire","Lives in a communal establishment","Aged 35 to 39 years","All persons",191
"E07000193","East Staffordshire","Lives in a communal establishment","Aged 40 to 44 years","All persons",152
"E07000193","East Staffordshire","Lives in a communal establishment","Aged 45 to 49 years","All persons",129
"E07000193","East Staffordshire","Lives in a communal establishment","Aged 50 to 54 years","All persons",72
"E07000193","East Staffordshire","Lives in a communal establishment","Aged 55 to 59 years","All persons",71
"E07000193","East Staffordshire","Lives in a communal establishment","Aged 60 to 64 years","All persons",48
"E07000193","East Staffordshire","Lives in a communal establishment","Aged 65 years","All persons",7
"E07000193","East Staffordshire","Lives in a communal establishment","Aged 66 to 69 years","All persons",31
"E07000193","East Staffordshire","Lives in a communal establishment","Aged 70 to 74 years","All persons",59
"E07000193","East Staffordshire","Lives in a communal establishment","Aged 75 to 79 years","All persons",72
"E07000193","East Staffordshire","Lives in a communal establishment","Aged 80 to 84 years","All persons",116
"E07000193","East Staffordshire","Lives in a communal establishment","Aged 85 years and over","All persons",307
"E07000194","Lichfield","Lives in a communal establishment","Total","All persons",1393
"E07000194","Lichfield","Lives in a communal establishment","Aged 2 years and under","All persons",0
"E07000194","Lichfield","Lives in a communal establishment","Aged 3 to 4 years","All persons",0
"E07000194","Lichfield","Lives in a communal establishment","Aged 5 to 7 years","All persons",0
"E07000194","Lichfield","Lives in a communal establishment","Aged 8 to 9 years","All persons",0
"E07000194","Lichfield","Lives in a communal establishment","Aged 10 to 14 years","All persons",3
"E07000194","Lichfield","Lives in a communal establishment","Aged 15 years","All persons",3
"E07000194","Lichfield","Lives in a communal establishment","Aged 16 to 17 years","All persons",10
"E07000194","Lichfield","Lives in a communal establishment","Aged 18 to 19 years","All persons",131
"E07000194","Lichfield","Lives in a communal establishment","Aged 20 to 24 years","All persons",401
"E07000194","Lichfield","Lives in a communal establishment","Aged 25 to 29 years","All persons",85
"E07000194","Lichfield","Lives in a communal establishment","Aged 30 to 34 years","All persons",19
"E07000194","Lichfield","Lives in a communal establishment","Aged 35 to 39 years","All persons",16
"E07000194","Lichfield","Lives in a communal establishment","Aged 40 to 44 years","All persons",5
"E07000194","Lichfield","Lives in a communal establishment","Aged 45 to 49 years","All persons",15
"E07000194","Lichfield","Lives in a communal establishment","Aged 50 to 54 years","All persons",20
"E07000194","Lichfield","Lives in a communal establishment","Aged 55 to 59 years","All persons",15
"E07000194","Lichfield","Lives in a communal establishment","Aged 60 to 64 years","All persons",25
"E07000194","Lichfield","Lives in a communal establishment","Aged 65 years","All persons",7
"E07000194","Lichfield","Lives in a communal establishment","Aged 66 to 69 years","All persons",19
"E07000194","Lichfield","Lives in a communal establishment","Aged 70 to 74 years","All persons",53
"E07000194","Lichfield","Lives in a communal establishment","Aged 75 to 79 years","All persons",96
"E07000194","Lichfield","Lives in a communal establishment","Aged 80 to 84 years","All persons",108
"E07000194","Lichfield","Lives in a communal establishment","Aged 85 years and over","All persons",362
"E07000195","Newcastle-under-Lyme","Lives in a communal establishment","Total","All persons",3220
"E07000195","Newcastle-under-Lyme","Lives in a communal establishment","Aged 2 years and under","All persons",0
"E07000195","Newcastle-under-Lyme","Lives in a communal establishment","Aged 3 to 4 years","All persons",0
"E07000195","Newcastle-under-Lyme","Lives in a communal establishment","Aged 5 to 7 years","All persons",0
"E07000195","Newcastle-under-Lyme","Lives in a communal establishment","Aged 8 to 9 years","All persons",1
"E07000195","Newcastle-under-Lyme","Lives in a communal establishment","Aged 10 to 14 years","All persons",9
"E07000195","Newcastle-under-Lyme","Lives in a communal establishment","Aged 15 years","All persons",4
"E07000195","Newcastle-under-Lyme","Lives in a communal establishment","Aged 16 to 17 years","All persons",3
"E07000195","Newcastle-under-Lyme","Lives in a communal establishment","Aged 18 to 19 years","All persons",1204
"E07000195","Newcastle-under-Lyme","Lives in a communal establishment","Aged 20 to 24 years","All persons",1138
"E07000195","Newcastle-under-Lyme","Lives in a communal establishment","Aged 25 to 29 years","All persons",63
"E07000195","Newcastle-under-Lyme","Lives in a communal establishment","Aged 30 to 34 years","All persons",24
"E07000195","Newcastle-under-Lyme","Lives in a communal establishment","Aged 35 to 39 years","All persons",6
"E07000195","Newcastle-under-Lyme","Lives in a communal establishment","Aged 40 to 44 years","All persons",10
"E07000195","Newcastle-under-Lyme","Lives in a communal establishment","Aged 45 to 49 years","All persons",15
"E07000195","Newcastle-under-Lyme","Lives in a communal establishment","Aged 50 to 54 years","All persons",11
"E07000195","Newcastle-under-Lyme","Lives in a communal establishment","Aged 55 to 59 years","All persons",12
"E07000195","Newcastle-under-Lyme","Lives in a communal establishment","Aged 60 to 64 years","All persons",21
"E07000195","Newcastle-under-Lyme","Lives in a communal establishment","Aged 65 years","All persons",3
"E07000195","Newcastle-under-Lyme","Lives in a communal establishment","Aged 66 to 69 years","All persons",24
"E07000195","Newcastle-under-Lyme","Lives in a communal establishment","Aged 70 to 74 years","All persons",57
"E07000195","Newcastle-under-Lyme","Lives in a communal establishment","Aged 75 to 79 years","All persons",73
"E07000195","Newcastle-under-Lyme","Lives in a communal establishment","Aged 80 to 84 years","All persons",125
"E07000195","Newcastle-under-Lyme","Lives in a communal establishment","Aged 85 years and over","All persons",417
"E07000196","South Staffordshire","Lives in a communal establishment","Total","All persons",3831
"E07000196","South Staffordshire","Lives in a communal establishment","Aged 2 years and under","All persons",2
"E07000196","South Staffordshire","Lives in a communal establishment","Aged 3 to 4 years","All persons",1
"E07000196","South Staffordshire","Lives in a communal establishment","Aged 5 to 7 years","All persons",0
"E07000196","South Staffordshire","Lives in a communal establishment","Aged 8 to 9 years","All persons",0
"E07000196","South Staffordshire","Lives in a communal establishment","Aged 10 to 14 years","All persons",9
"E07000196","South Staffordshire","Lives in a communal establishment","Aged 15 years","All persons",6
"E07000196","South Staffordshire","Lives in a communal establishment","Aged 16 to 17 years","All persons",38
"E07000196","South Staffordshire","Lives in a communal establishment","Aged 18 to 19 years","All persons",137
"E07000196","South Staffordshire","Lives in a communal establishment","Aged 20 to 24 years","All persons",504
"E07000196","South Staffordshire","Lives in a communal establishment","Aged 25 to 29 years","All persons",541
"E07000196","South Staffordshire","Lives in a communal establishment","Aged 30 to 34 years","All persons",512
"E07000196","South Staffordshire","Lives in a communal establishment","Aged 35 to 39 years","All persons",393
"E07000196","South Staffordshire","Lives in a communal establishment","Aged 40 to 44 years","All persons",336
"E07000196","South Staffordshire","Lives in a communal establishment","Aged 45 to 49 years","All persons",235
"E07000196","South Staffordshire","Lives in a communal establishment","Aged 50 to 54 years","All persons",161
"E07000196","South Staffordshire","Lives in a communal establishment","Aged 55 to 59 years","All persons",128
"E07000196","South Staffordshire","Lives in a communal establishment","Aged 60 to 64 years","All persons",70
"E07000196","South Staffordshire","Lives in a communal establishment","Aged 65 years","All persons",22
"E07000196","South Staffordshire","Lives in a communal establishment","Aged 66 to 69 years","All persons",68
"E07000196","South Staffordshire","Lives in a communal establishment","Aged 70 to 74 years","All persons",78
"E07000196","South Staffordshire","Lives in a communal establishment","Aged 75 to 79 years","All persons",111
"E07000196","South Staffordshire","Lives in a communal establishment","Aged 80 to 84 years","All persons",135
"E07000196","South Staffordshire","Lives in a communal establishment","Aged 85 years and over","All persons",344
"E07000197","Stafford","Lives in a communal establishment","Total","All persons",2211
"E07000197","Stafford","Lives in a communal establishment","Aged 2 years and under","All persons",0
"E07000197","Stafford","Lives in a communal establishment","Aged 3 to 4 years","All persons",0
"E07000197","Stafford","Lives in a communal establishment","Aged 5 to 7 years","All persons",1
"E07000197","Stafford","Lives in a communal establishment","Aged 8 to 9 years","All persons",2
"E07000197","Stafford","Lives in a communal establishment","Aged 10 to 14 years","All persons",14
"E07000197","Stafford","Lives in a communal establishment","Aged 15 years","All persons",2
"E07000197","Stafford","Lives in a communal establishment","Aged 16 to 17 years","All persons",6
"E07000197","Stafford","Lives in a communal establishment","Aged 18 to 19 years","All persons",48
"E07000197","Stafford","Lives in a communal establishment","Aged 20 to 24 years","All persons",199
"E07000197","Stafford","Lives in a communal establishment","Aged 25 to 29 years","All persons",179
"E07000197","Stafford","Lives in a communal establishment","Aged 30 to 34 years","All persons",171
"E07000197","Stafford","Lives in a communal establishment","Aged 35 to 39 years","All persons",141
"E07000197","Stafford","Lives in a communal establishment","Aged 40 to 44 years","All persons",129
"E07000197","Stafford","Lives in a communal establishment","Aged 45 to 49 years","All persons",105
"E07000197","Stafford","Lives in a communal establishment","Aged 50 to 54 years","All persons",103
"E07000197","Stafford","Lives in a communal establishment","Aged 55 to 59 years","All persons",104
"E07000197","Stafford","Lives in a communal establishment","Aged 60 to 64 years","All persons",94
"E07000197","Stafford","Lives in a communal establishment","Aged 65 years","All persons",13
"E07000197","Stafford","Lives in a communal establishment","Aged 66 to 69 years","All persons",54
"E07000197","Stafford","Lives in a communal establishment","Aged 70 to 74 years","All persons",94
"E07000197","Stafford","Lives in a communal establishment","Aged 75 to 79 years","All persons",122
"E07000197","Stafford","Lives in a communal establishment","Aged 80 to 84 years","All persons",150
"E07000197","Stafford","Lives in a communal establishment","Aged 85 years and over","All persons",480
"E07000198","Staffordshire Moorlands","Lives in a communal establishment","Total","All persons",917
"E07000198","Staffordshire Moorlands","Lives in a communal establishment","Aged 2 years and under","All persons",0
"E07000198","Staffordshire Moorlands","Lives in a communal establishment","Aged 3 to 4 years","All persons",0
"E07000198","Staffordshire Moorlands","Lives in a communal establishment","Aged 5 to 7 years","All persons",3
"E07000198","Staffordshire Moorlands","Lives in a communal establishment","Aged 8 to 9 years","All persons",6
"E07000198","Staffordshire Moorlands","Lives in a communal establishment","Aged 10 to 14 years","All persons",33
"E07000198","Staffordshire Moorlands","Lives in a communal establishment","Aged 15 years","All persons",3
"E07000198","Staffordshire Moorlands","Lives in a communal establishment","Aged 16 to 17 years","All persons",47
"E07000198","Staffordshire Moorlands","Lives in a communal establishment","Aged 18 to 19 years","All persons",22
"E07000198","Staffordshire Moorlands","Lives in a communal establishment","Aged 20 to 24 years","All persons",4
"E07000198","Staffordshire Moorlands","Lives in a communal establishment","Aged 25 to 29 years","All persons",9
"E07000198","Staffordshire Moorlands","Lives in a communal establishment","Aged 30 to 34 years","All persons",15
"E07000198","Staffordshire Moorlands","Lives in a communal establishment","Aged 35 to 39 years","All persons",9
"E07000198","Staffordshire Moorlands","Lives in a communal establishment","Aged 40 to 44 years","All persons",14
"E07000198","Staffordshire Moorlands","Lives in a communal establishment","Aged 45 to 49 years","All persons",14
"E07000198","Staffordshire Moorlands","Lives in a communal establishment","Aged 50 to 54 years","All persons",34
"E07000198","Staffordshire Moorlands","Lives in a communal establishment","Aged 55 to 59 years","All persons",39
"E07000198","Staffordshire Moorlands","Lives in a communal establishment","Aged 60 to 64 years","All persons",34
"E07000198","Staffordshire Moorlands","Lives in a communal establishment","Aged 65 years","All persons",13
"E07000198","Staffordshire Moorlands","Lives in a communal establishment","Aged 66 to 69 years","All persons",34
"E07000198","Staffordshire Moorlands","Lives in a communal establishment","Aged 70 to 74 years","All persons",56
"E07000198","Staffordshire Moorlands","Lives in a communal establishment","Aged 75 to 79 years","All persons",84
"E07000198","Staffordshire Moorlands","Lives in a communal establishment","Aged 80 to 84 years","All persons",132
"E07000198","Staffordshire Moorlands","Lives in a communal establishment","Aged 85 years and over","All persons",312
"E07000199","Tamworth","Lives in a communal establishment","Total","All persons",333
"E07000199","Tamworth","Lives in a communal establishment","Aged 2 years and under","All persons",0
"E07000199","Tamworth","Lives in a communal establishment","Aged 3 to 4 years","All persons",0
"E07000199","Tamworth","Lives in a communal establishment","Aged 5 to 7 years","All persons",0
"E07000199","Tamworth","Lives in a communal establishment","Aged 8 to 9 years","All persons",3
"E07000199","Tamworth","Lives in a communal establishment","Aged 10 to 14 years","All persons",1
"E07000199","Tamworth","Lives in a communal establishment","Aged 15 years","All persons",0
"E07000199","Tamworth","Lives in a communal establishment","Aged 16 to 17 years","All persons",7
"E07000199","Tamworth","Lives in a communal establishment","Aged 18 to 19 years","All persons",7
"E07000199","Tamworth","Lives in a communal establishment","Aged 20 to 24 years","All persons",18
"E07000199","Tamworth","Lives in a communal establishment","Aged 25 to 29 years","All persons",5
"E07000199","Tamworth","Lives in a communal establishment","Aged 30 to 34 years","All persons",5
"E07000199","Tamworth","Lives in a communal establishment","Aged 35 to 39 years","All persons",2
"E07000199","Tamworth","Lives in a communal establishment","Aged 40 to 44 years","All persons",0
"E07000199","Tamworth","Lives in a communal establishment","Aged 45 to 49 years","All persons",6
"E07000199","Tamworth","Lives in a communal establishment","Aged 50 to 54 years","All persons",9
"E07000199","Tamworth","Lives in a communal establishment","Aged 55 to 59 years","All persons",8
"E07000199","Tamworth","Lives in a communal establishment","Aged 60 to 64 years","All persons",7
"E07000199","Tamworth","Lives in a communal establishment","Aged 65 years","All persons",1
"E07000199","Tamworth","Lives in a communal establishment","Aged 66 to 69 years","All persons",7
"E07000199","Tamworth","Lives in a communal establishment","Aged 70 to 74 years","All persons",18
"E07000199","Tamworth","Lives in a communal establishment","Aged 75 to 79 years","All persons",32
"E07000199","Tamworth","Lives in a communal establishment","Aged 80 to 84 years","All persons",43
"E07000199","Tamworth","Lives in a communal establishment","Aged 85 years and over","All persons",154
"E07000218","North Warwickshire","Lives in a communal establishment","Total","All persons",665
"E07000218","North Warwickshire","Lives in a communal establishment","Aged 2 years and under","All persons",0
"E07000218","North Warwickshire","Lives in a communal establishment","Aged 3 to 4 years","All persons",0
"E07000218","North Warwickshire","Lives in a communal establishment","Aged 5 to 7 years","All persons",0
"E07000218","North Warwickshire","Lives in a communal establishment","Aged 8 to 9 years","All persons",1
"E07000218","North Warwickshire","Lives in a communal establishment","Aged 10 to 14 years","All persons",10
"E07000218","North Warwickshire","Lives in a communal establishment","Aged 15 years","All persons",7
"E07000218","North Warwickshire","Lives in a communal establishment","Aged 16 to 17 years","All persons",4
"E07000218","North Warwickshire","Lives in a communal establishment","Aged 18 to 19 years","All persons",1
"E07000218","North Warwickshire","Lives in a communal establishment","Aged 20 to 24 years","All persons",2
"E07000218","North Warwickshire","Lives in a communal establishment","Aged 25 to 29 years","All persons",7
"E07000218","North Warwickshire","Lives in a communal establishment","Aged 30 to 34 years","All persons",2
"E07000218","North Warwickshire","Lives in a communal establishment","Aged 35 to 39 years","All persons",3
"E07000218","North Warwickshire","Lives in a communal establishment","Aged 40 to 44 years","All persons",5
"E07000218","North Warwickshire","Lives in a communal establishment","Aged 45 to 49 years","All persons",14
"E07000218","North Warwickshire","Lives in a communal establishment","Aged 50 to 54 years","All persons",13
"E07000218","North Warwickshire","Lives in a communal establishment","Aged 55 to 59 years","All persons",22
"E07000218","North Warwickshire","Lives in a communal establishment","Aged 60 to 64 years","All persons",38
"E07000218","North Warwickshire","Lives in a communal establishment","Aged 65 years","All persons",9
"E07000218","North Warwickshire","Lives in a communal establishment","Aged 66 to 69 years","All persons",29
"E07000218","North Warwickshire","Lives in a communal establishment","Aged 70 to 74 years","All persons",43
"E07000218","North Warwickshire","Lives in a communal establishment","Aged 75 to 79 years","All persons",81
"E07000218","North Warwickshire","Lives in a communal establishment","Aged 80 to 84 years","All persons",83
"E07000218","North Warwickshire","Lives in a communal establishment","Aged 85 years and over","All persons",291
"E07000219","Nuneaton and Bedworth","Lives in a communal establishment","Total","All persons",724
"E07000219","Nuneaton and Bedworth","Lives in a communal establishment","Aged 2 years and under","All persons",0
"E07000219","Nuneaton and Bedworth","Lives in a communal establishment","Aged 3 to 4 years","All persons",0
"E07000219","Nuneaton and Bedworth","Lives in a communal establishment","Aged 5 to 7 years","All persons",0
"E07000219","Nuneaton and Bedworth","Lives in a communal establishment","Aged 8 to 9 years","All persons",0
"E07000219","Nuneaton and Bedworth","Lives in a communal establishment","Aged 10 to 14 years","All persons",0
"E07000219","Nuneaton and Bedworth","Lives in a communal establishment","Aged 15 years","All persons",1
"E07000219","Nuneaton and Bedworth","Lives in a communal establishment","Aged 16 to 17 years","All persons",3
"E07000219","Nuneaton and Bedworth","Lives in a communal establishment","Aged 18 to 19 years","All persons",0
"E07000219","Nuneaton and Bedworth","Lives in a communal establishment","Aged 20 to 24 years","All persons",6
"E07000219","Nuneaton and Bedworth","Lives in a communal establishment","Aged 25 to 29 years","All persons",11
"E07000219","Nuneaton and Bedworth","Lives in a communal establishment","Aged 30 to 34 years","All persons",8
"E07000219","Nuneaton and Bedworth","Lives in a communal establishment","Aged 35 to 39 years","All persons",10
"E07000219","Nuneaton and Bedworth","Lives in a communal establishment","Aged 40 to 44 years","All persons",8
"E07000219","Nuneaton and Bedworth","Lives in a communal establishment","Aged 45 to 49 years","All persons",14
"E07000219","Nuneaton and Bedworth","Lives in a communal establishment","Aged 50 to 54 years","All persons",18
"E07000219","Nuneaton and Bedworth","Lives in a communal establishment","Aged 55 to 59 years","All persons",20
"E07000219","Nuneaton and Bedworth","Lives in a communal establishment","Aged 60 to 64 years","All persons",35
"E07000219","Nuneaton and Bedworth","Lives in a communal establishment","Aged 65 years","All persons",2
"E07000219","Nuneaton and Bedworth","Lives in a communal establishment","Aged 66 to 69 years","All persons",29
"E07000219","Nuneaton and Bedworth","Lives in a communal establishment","Aged 70 to 74 years","All persons",47
"E07000219","Nuneaton and Bedworth","Lives in a communal establishment","Aged 75 to 79 years","All persons",98
"E07000219","Nuneaton and Bedworth","Lives in a communal establishment","Aged 80 to 84 years","All persons",115
"E07000219","Nuneaton and Bedworth","Lives in a communal establishment","Aged 85 years and over","All persons",299
"E07000220","Rugby","Lives in a communal establishment","Total","All persons",1699
"E07000220","Rugby","Lives in a communal establishment","Aged 2 years and under","All persons",1
"E07000220","Rugby","Lives in a communal establishment","Aged 3 to 4 years","All persons",0
"E07000220","Rugby","Lives in a communal establishment","Aged 5 to 7 years","All persons",5
"E07000220","Rugby","Lives in a communal establishment","Aged 8 to 9 years","All persons",7
"E07000220","Rugby","Lives in a communal establishment","Aged 10 to 14 years","All persons",153
"E07000220","Rugby","Lives in a communal establishment","Aged 15 years","All persons",114
"E07000220","Rugby","Lives in a communal establishment","Aged 16 to 17 years","All persons",274
"E07000220","Rugby","Lives in a communal establishment","Aged 18 to 19 years","All persons",130
"E07000220","Rugby","Lives in a communal establishment","Aged 20 to 24 years","All persons",131
"E07000220","Rugby","Lives in a communal establishment","Aged 25 to 29 years","All persons",80
"E07000220","Rugby","Lives in a communal establishment","Aged 30 to 34 years","All persons",29
"E07000220","Rugby","Lives in a communal establishment","Aged 35 to 39 years","All persons",22
"E07000220","Rugby","Lives in a communal establishment","Aged 40 to 44 years","All persons",11
"E07000220","Rugby","Lives in a communal establishment","Aged 45 to 49 years","All persons",19
"E07000220","Rugby","Lives in a communal establishment","Aged 50 to 54 years","All persons",26
"E07000220","Rugby","Lives in a communal establishment","Aged 55 to 59 years","All persons",25
"E07000220","Rugby","Lives in a communal establishment","Aged 60 to 64 years","All persons",39
"E07000220","Rugby","Lives in a communal establishment","Aged 65 years","All persons",4
"E07000220","Rugby","Lives in a communal establishment","Aged 66 to 69 years","All persons",24
"E07000220","Rugby","Lives in a communal establishment","Aged 70 to 74 years","All persons",39
"E07000220","Rugby","Lives in a communal establishment","Aged 75 to 79 years","All persons",82
"E07000220","Rugby","Lives in a communal establishment","Aged 80 to 84 years","All persons",110
"E07000220","Rugby","Lives in a communal establishment","Aged 85 years and over","All persons",374
"E07000221","Stratford-on-Avon","Lives in a communal establishment","Total","All persons",1132
"E07000221","Stratford-on-Avon","Lives in a communal establishment","Aged 2 years and under","All persons",0
"E07000221","Stratford-on-Avon","Lives in a communal establishment","Aged 3 to 4 years","All persons",0
"E07000221","Stratford-on-Avon","Lives in a communal establishment","Aged 5 to 7 years","All persons",0
"E07000221","Stratford-on-Avon","Lives in a communal establishment","Aged 8 to 9 years","All persons",0
"E07000221","Stratford-on-Avon","Lives in a communal establishment","Aged 10 to 14 years","All persons",1
"E07000221","Stratford-on-Avon","Lives in a communal establishment","Aged 15 years","All persons",0
"E07000221","Stratford-on-Avon","Lives in a communal establishment","Aged 16 to 17 years","All persons",42
"E07000221","Stratford-on-Avon","Lives in a communal establishment","Aged 18 to 19 years","All persons",28
"E07000221","Stratford-on-Avon","Lives in a communal establishment","Aged 20 to 24 years","All persons",22
"E07000221","Stratford-on-Avon","Lives in a communal establishment","Aged 25 to 29 years","All persons",17
"E07000221","Stratford-on-Avon","Lives in a communal establishment","Aged 30 to 34 years","All persons",13
"E07000221","Stratford-on-Avon","Lives in a communal establishment","Aged 35 to 39 years","All persons",12
"E07000221","Stratford-on-Avon","Lives in a communal establishment","Aged 40 to 44 years","All persons",16
"E07000221","Stratford-on-Avon","Lives in a communal establishment","Aged 45 to 49 years","All persons",13
"E07000221","Stratford-on-Avon","Lives in a communal establishment","Aged 50 to 54 years","All persons",22
"E07000221","Stratford-on-Avon","Lives in a communal establishment","Aged 55 to 59 years","All persons",24
"E07000221","Stratford-on-Avon","Lives in a communal establishment","Aged 60 to 64 years","All persons",23
"E07000221","Stratford-on-Avon","Lives in a communal establishment","Aged 65 years","All persons",2
"E07000221","Stratford-on-Avon","Lives in a communal establishment","Aged 66 to 69 years","All persons",26
"E07000221","Stratford-on-Avon","Lives in a communal establishment","Aged 70 to 74 years","All persons",54
"E07000221","Stratford-on-Avon","Lives in a communal establishment","Aged 75 to 79 years","All persons",106
"E07000221","Stratford-on-Avon","Lives in a communal establishment","Aged 80 to 84 years","All persons",167
"E07000221","Stratford-on-Avon","Lives in a communal establishment","Aged 85 years and over","All persons",544
"E07000222","Warwick","Lives in a communal establishment","Total","All persons",3884
"E07000222","Warwick","Lives in a communal establishment","Aged 2 years and under","All persons",8
"E07000222","Warwick","Lives in a communal establishment","Aged 3 to 4 years","All persons",8
"E07000222","Warwick","Lives in a communal establishment","Aged 5 to 7 years","All persons",11
"E07000222","Warwick","Lives in a communal establishment","Aged 8 to 9 years","All persons",1
"E07000222","Warwick","Lives in a communal establishment","Aged 10 to 14 years","All persons",7
"E07000222","Warwick","Lives in a communal establishment","Aged 15 years","All persons",8
"E07000222","Warwick","Lives in a communal establishment","Aged 16 to 17 years","All persons",51
"E07000222","Warwick","Lives in a communal establishment","Aged 18 to 19 years","All persons",1672
"E07000222","Warwick","Lives in a communal establishment","Aged 20 to 24 years","All persons",704
"E07000222","Warwick","Lives in a communal establishment","Aged 25 to 29 years","All persons",168
"E07000222","Warwick","Lives in a communal establishment","Aged 30 to 34 years","All persons",111
"E07000222","Warwick","Lives in a communal establishment","Aged 35 to 39 years","All persons",66
"E07000222","Warwick","Lives in a communal establishment","Aged 40 to 44 years","All persons",39
"E07000222","Warwick","Lives in a communal establishment","Aged 45 to 49 years","All persons",39
"E07000222","Warwick","Lives in a communal establishment","Aged 50 to 54 years","All persons",57
"E07000222","Warwick","Lives in a communal establishment","Aged 55 to 59 years","All persons",65
"E07000222","Warwick","Lives in a communal establishment","Aged 60 to 64 years","All persons",59
"E07000222","Warwick","Lives in a communal establishment","Aged 65 years","All persons",12
"E07000222","Warwick","Lives in a communal establishment","Aged 66 to 69 years","All persons",48
"E07000222","Warwick","Lives in a communal establishment","Aged 70 to 74 years","All persons",61
"E07000222","Warwick","Lives in a communal establishment","Aged 75 to 79 years","All persons",90
"E07000222","Warwick","Lives in a communal establishment","Aged 80 to 84 years","All persons",135
"E07000222","Warwick","Lives in a communal establishment","Aged 85 years and over","All persons",464
"E07000234","Bromsgrove","Lives in a communal establishment","Total","All persons",1970
"E07000234","Bromsgrove","Lives in a communal establishment","Aged 2 years and under","All persons",0
"E07000234","Bromsgrove","Lives in a communal establishment","Aged 3 to 4 years","All persons",1
"E07000234","Bromsgrove","Lives in a communal establishment","Aged 5 to 7 years","All persons",1
"E07000234","Bromsgrove","Lives in a communal establishment","Aged 8 to 9 years","All persons",4
"E07000234","Bromsgrove","Lives in a communal establishment","Aged 10 to 14 years","All persons",153
"E07000234","Bromsgrove","Lives in a communal establishment","Aged 15 years","All persons",29
"E07000234","Bromsgrove","Lives in a communal establishment","Aged 16 to 17 years","All persons",130
"E07000234","Bromsgrove","Lives in a communal establishment","Aged 18 to 19 years","All persons",65
"E07000234","Bromsgrove","Lives in a communal establishment","Aged 20 to 24 years","All persons",76
"E07000234","Bromsgrove","Lives in a communal establishment","Aged 25 to 29 years","All persons",104
"E07000234","Bromsgrove","Lives in a communal establishment","Aged 30 to 34 years","All persons",115
"E07000234","Bromsgrove","Lives in a communal establishment","Aged 35 to 39 years","All persons",90
"E07000234","Bromsgrove","Lives in a communal establishment","Aged 40 to 44 years","All persons",80
"E07000234","Bromsgrove","Lives in a communal establishment","Aged 45 to 49 years","All persons",60
"E07000234","Bromsgrove","Lives in a communal establishment","Aged 50 to 54 years","All persons",49
"E07000234","Bromsgrove","Lives in a communal establishment","Aged 55 to 59 years","All persons",37
"E07000234","Bromsgrove","Lives in a communal establishment","Aged 60 to 64 years","All persons",34
"E07000234","Bromsgrove","Lives in a communal establishment","Aged 65 years","All persons",10
"E07000234","Bromsgrove","Lives in a communal establishment","Aged 66 to 69 years","All persons",27
"E07000234","Bromsgrove","Lives in a communal establishment","Aged 70 to 74 years","All persons",58
"E07000234","Bromsgrove","Lives in a communal establishment","Aged 75 to 79 years","All persons",116
"E07000234","Bromsgrove","Lives in a communal establishment","Aged 80 to 84 years","All persons",167
"E07000234","Bromsgrove","Lives in a communal establishment","Aged 85 years and over","All persons",564
"E07000235","Malvern Hills","Lives in a communal establishment","Total","All persons",1809
"E07000235","Malvern Hills","Lives in a communal establishment","Aged 2 years and under","All persons",7
"E07000235","Malvern Hills","Lives in a communal establishment","Aged 3 to 4 years","All persons",2
"E07000235","Malvern Hills","Lives in a communal establishment","Aged 5 to 7 years","All persons",3
"E07000235","Malvern Hills","Lives in a communal establishment","Aged 8 to 9 years","All persons",15
"E07000235","Malvern Hills","Lives in a communal establishment","Aged 10 to 14 years","All persons",216
"E07000235","Malvern Hills","Lives in a communal establishment","Aged 15 years","All persons",109
"E07000235","Malvern Hills","Lives in a communal establishment","Aged 16 to 17 years","All persons",281
"E07000235","Malvern Hills","Lives in a communal establishment","Aged 18 to 19 years","All persons",131
"E07000235","Malvern Hills","Lives in a communal establishment","Aged 20 to 24 years","All persons",33
"E07000235","Malvern Hills","Lives in a communal establishment","Aged 25 to 29 years","All persons",28
"E07000235","Malvern Hills","Lives in a communal establishment","Aged 30 to 34 years","All persons",38
"E07000235","Malvern Hills","Lives in a communal establishment","Aged 35 to 39 years","All persons",11
"E07000235","Malvern Hills","Lives in a communal establishment","Aged 40 to 44 years","All persons",20
"E07000235","Malvern Hills","Lives in a communal establishment","Aged 45 to 49 years","All persons",22
"E07000235","Malvern Hills","Lives in a communal establishment","Aged 50 to 54 years","All persons",21
"E07000235","Malvern Hills","Lives in a communal establishment","Aged 55 to 59 years","All persons",31
"E07000235","Malvern Hills","Lives in a communal establishment","Aged 60 to 64 years","All persons",31
"E07000235","Malvern Hills","Lives in a communal establishment","Aged 65 years","All persons",6
"E07000235","Malvern Hills","Lives in a communal establishment","Aged 66 to 69 years","All persons",23
"E07000235","Malvern Hills","Lives in a communal establishment","Aged 70 to 74 years","All persons",46
"E07000235","Malvern Hills","Lives in a communal establishment","Aged 75 to 79 years","All persons",85
"E07000235","Malvern Hills","Lives in a communal establishment","Aged 80 to 84 years","All persons",138
"E07000235","Malvern Hills","Lives in a communal establishment","Aged 85 years and over","All persons",512
"E07000236","Redditch","Lives in a communal establishment","Total","All persons",327
"E07000236","Redditch","Lives in a communal establishment","Aged 2 years and under","All persons",0
"E07000236","Redditch","Lives in a communal establishment","Aged 3 to 4 years","All persons",1
"E07000236","Redditch","Lives in a communal establishment","Aged 5 to 7 years","All persons",0
"E07000236","Redditch","Lives in a communal establishment","Aged 8 to 9 years","All persons",0
"E07000236","Redditch","Lives in a communal establishment","Aged 10 to 14 years","All persons",2
"E07000236","Redditch","Lives in a communal establishment","Aged 15 years","All persons",2
"E07000236","Redditch","Lives in a communal establishment","Aged 16 to 17 years","All persons",10
"E07000236","Redditch","Lives in a communal establishment","Aged 18 to 19 years","All persons",11
"E07000236","Redditch","Lives in a communal establishment","Aged 20 to 24 years","All persons",16
"E07000236","Redditch","Lives in a communal establishment","Aged 25 to 29 years","All persons",9
"E07000236","Redditch","Lives in a communal establishment","Aged 30 to 34 years","All persons",2
"E07000236","Redditch","Lives in a communal establishment","Aged 35 to 39 years","All persons",2
"E07000236","Redditch","Lives in a communal establishment","Aged 40 to 44 years","All persons",8
"E07000236","Redditch","Lives in a communal establishment","Aged 45 to 49 years","All persons",3
"E07000236","Redditch","Lives in a communal establishment","Aged 50 to 54 years","All persons",9
"E07000236","Redditch","Lives in a communal establishment","Aged 55 to 59 years","All persons",3
"E07000236","Redditch","Lives in a communal establishment","Aged 60 to 64 years","All persons",6
"E07000236","Redditch","Lives in a communal establishment","Aged 65 years","All persons",2
"E07000236","Redditch","Lives in a communal establishment","Aged 66 to 69 years","All persons",6
"E07000236","Redditch","Lives in a communal establishment","Aged 70 to 74 years","All persons",27
"E07000236","Redditch","Lives in a communal establishment","Aged 75 to 79 years","All persons",38
"E07000236","Redditch","Lives in a communal establishment","Aged 80 to 84 years","All persons",40
"E07000236","Redditch","Lives in a communal establishment","Aged 85 years and over","All persons",130
"E07000237","Worcester","Lives in a communal establishment","Total","All persons",1812
"E07000237","Worcester","Lives in a communal establishment","Aged 2 years and under","All persons",0
"E07000237","Worcester","Lives in a communal establishment","Aged 3 to 4 years","All persons",0
"E07000237","Worcester","Lives in a communal establishment","Aged 5 to 7 years","All persons",0
"E07000237","Worcester","Lives in a communal establishment","Aged 8 to 9 years","All persons",0
"E07000237","Worcester","Lives in a communal establishment","Aged 10 to 14 years","All persons",27
"E07000237","Worcester","Lives in a communal establishment","Aged 15 years","All persons",9
"E07000237","Worcester","Lives in a communal establishment","Aged 16 to 17 years","All persons",29
"E07000237","Worcester","Lives in a communal establishment","Aged 18 to 19 years","All persons",729
"E07000237","Worcester","Lives in a communal establishment","Aged 20 to 24 years","All persons",376
"E07000237","Worcester","Lives in a communal establishment","Aged 25 to 29 years","All persons",52
"E07000237","Worcester","Lives in a communal establishment","Aged 30 to 34 years","All persons",36
"E07000237","Worcester","Lives in a communal establishment","Aged 35 to 39 years","All persons",38
"E07000237","Worcester","Lives in a communal establishment","Aged 40 to 44 years","All persons",25
"E07000237","Worcester","Lives in a communal establishment","Aged 45 to 49 years","All persons",29
"E07000237","Worcester","Lives in a communal establishment","Aged 50 to 54 years","All persons",17
"E07000237","Worcester","Lives in a communal establishment","Aged 55 to 59 years","All persons",18
"E07000237","Worcester","Lives in a communal establishment","Aged 60 to 64 years","All persons",23
"E07000237","Worcester","Lives in a communal establishment","Aged 65 years","All persons",3
"E07000237","Worcester","Lives in a communal establishment","Aged 66 to 69 years","All persons",10
"E07000237","Worcester","Lives in a communal establishment","Aged 70 to 74 years","All persons",25
"E07000237","Worcester","Lives in a communal establishment","Aged 75 to 79 years","All persons",58
"E07000237","Worcester","Lives in a communal establishment","Aged 80 to 84 years","All persons",75
"E07000237","Worcester","Lives in a communal establishment","Aged 85 years and over","All persons",233
"E07000238","Wychavon","Lives in a communal establishment","Total","All persons",1478
"E07000238","Wychavon","Lives in a communal establishment","Aged 2 years and under","All persons",0
"E07000238","Wychavon","Lives in a communal establishment","Aged 3 to 4 years","All persons",0
"E07000238","Wychavon","Lives in a communal establishment","Aged 5 to 7 years","All persons",0
"E07000238","Wychavon","Lives in a communal establishment","Aged 8 to 9 years","All persons",0
"E07000238","Wychavon","Lives in a communal establishment","Aged 10 to 14 years","All persons",8
"E07000238","Wychavon","Lives in a communal establishment","Aged 15 years","All persons",4
"E07000238","Wychavon","Lives in a communal establishment","Aged 16 to 17 years","All persons",7
"E07000238","Wychavon","Lives in a communal establishment","Aged 18 to 19 years","All persons",4
"E07000238","Wychavon","Lives in a communal establishment","Aged 20 to 24 years","All persons",70
"E07000238","Wychavon","Lives in a communal establishment","Aged 25 to 29 years","All persons",108
"E07000238","Wychavon","Lives in a communal establishment","Aged 30 to 34 years","All persons",89
"E07000238","Wychavon","Lives in a communal establishment","Aged 35 to 39 years","All persons",105
"E07000238","Wychavon","Lives in a communal establishment","Aged 40 to 44 years","All persons",95
"E07000238","Wychavon","Lives in a communal establishment","Aged 45 to 49 years","All persons",76
"E07000238","Wychavon","Lives in a communal establishment","Aged 50 to 54 years","All persons",69
"E07000238","Wychavon","Lives in a communal establishment","Aged 55 to 59 years","All persons",67
"E07000238","Wychavon","Lives in a communal establishment","Aged 60 to 64 years","All persons",39
"E07000238","Wychavon","Lives in a communal establishment","Aged 65 years","All persons",5
"E07000238","Wychavon","Lives in a communal establishment","Aged 66 to 69 years","All persons",37
"E07000238","Wychavon","Lives in a communal establishment","Aged 70 to 74 years","All persons",46
"E07000238","Wychavon","Lives in a communal establishment","Aged 75 to 79 years","All persons",80
"E07000238","Wychavon","Lives in a communal establishment","Aged 80 to 84 years","All persons",105
"E07000238","Wychavon","Lives in a communal establishment","Aged 85 years and over","All persons",464
"E07000239","Wyre Forest","Lives in a communal establishment","Total","All persons",1002
"E07000239","Wyre Forest","Lives in a communal establishment","Aged 2 years and under","All persons",0
"E07000239","Wyre Forest","Lives in a communal establishment","Aged 3 to 4 years","All persons",0
"E07000239","Wyre Forest","Lives in a communal establishment","Aged 5 to 7 years","All persons",0
"E07000239","Wyre Forest","Lives in a communal establishment","Aged 8 to 9 years","All persons",0
"E07000239","Wyre Forest","Lives in a communal establishment","Aged 10 to 14 years","All persons",105
"E07000239","Wyre Forest","Lives in a communal establishment","Aged 15 years","All persons",25
"E07000239","Wyre Forest","Lives in a communal establishment","Aged 16 to 17 years","All persons",25
"E07000239","Wyre Forest","Lives in a communal establishment","Aged 18 to 19 years","All persons",28
"E07000239","Wyre Forest","Lives in a communal establishment","Aged 20 to 24 years","All persons",25
"E07000239","Wyre Forest","Lives in a communal establishment","Aged 25 to 29 years","All persons",15
"E07000239","Wyre Forest","Lives in a communal establishment","Aged 30 to 34 years","All persons",14
"E07000239","Wyre Forest","Lives in a communal establishment","Aged 35 to 39 years","All persons",18
"E07000239","Wyre Forest","Lives in a communal establishment","Aged 40 to 44 years","All persons",12
"E07000239","Wyre Forest","Lives in a communal establishment","Aged 45 to 49 years","All persons",15
"E07000239","Wyre Forest","Lives in a communal establishment","Aged 50 to 54 years","All persons",16
"E07000239","Wyre Forest","Lives in a communal establishment","Aged 55 to 59 years","All persons",30
"E07000239","Wyre Forest","Lives in a communal establishment","Aged 60 to 64 years","All persons",34
"E07000239","Wyre Forest","Lives in a communal establishment","Aged 65 years","All persons",3
"E07000239","Wyre Forest","Lives in a communal establishment","Aged 66 to 69 years","All persons",38
"E07000239","Wyre Forest","Lives in a communal establishment","Aged 70 to 74 years","All persons",63
"E07000239","Wyre Forest","Lives in a communal establishment","Aged 75 to 79 years","All persons",83
"E07000239","Wyre Forest","Lives in a communal establishment","Aged 80 to 84 years","All persons",106
"E07000239","Wyre Forest","Lives in a communal establishment","Aged 85 years and over","All persons",347
"E08000025","Birmingham","Lives in a communal establishment","Total","All persons",27068
"E08000025","Birmingham","Lives in a communal establishment","Aged 2 years and under","All persons",156
"E08000025","Birmingham","Lives in a communal establishment","Aged 3 to 4 years","All persons",82
"E08000025","Birmingham","Lives in a communal establishment","Aged 5 to 7 years","All persons",87
"E08000025","Birmingham","Lives in a communal establishment","Aged 8 to 9 years","All persons",55
"E08000025","Birmingham","Lives in a communal establishment","Aged 10 to 14 years","All persons",226
"E08000025","Birmingham","Lives in a communal establishment","Aged 15 years","All persons",68
"E08000025","Birmingham","Lives in a communal establishment","Aged 16 to 17 years","All persons",188
"E08000025","Birmingham","Lives in a communal establishment","Aged 18 to 19 years","All persons",8673
"E08000025","Birmingham","Lives in a communal establishment","Aged 20 to 24 years","All persons",7256
"E08000025","Birmingham","Lives in a communal establishment","Aged 25 to 29 years","All persons",1339
"E08000025","Birmingham","Lives in a communal establishment","Aged 30 to 34 years","All persons",875
"E08000025","Birmingham","Lives in a communal establishment","Aged 35 to 39 years","All persons",723
"E08000025","Birmingham","Lives in a communal establishment","Aged 40 to 44 years","All persons",581
"E08000025","Birmingham","Lives in a communal establishment","Aged 45 to 49 years","All persons",504
"E08000025","Birmingham","Lives in a communal establishment","Aged 50 to 54 years","All persons",548
"E08000025","Birmingham","Lives in a communal establishment","Aged 55 to 59 years","All persons",559
"E08000025","Birmingham","Lives in a communal establishment","Aged 60 to 64 years","All persons",475
"E08000025","Birmingham","Lives in a communal establishment","Aged 65 years","All persons",98
"E08000025","Birmingham","Lives in a communal establishment","Aged 66 to 69 years","All persons",386
"E08000025","Birmingham","Lives in a communal establishment","Aged 70 to 74 years","All persons",503
"E08000025","Birmingham","Lives in a communal establishment","Aged 75 to 79 years","All persons",615
"E08000025","Birmingham","Lives in a communal establishment","Aged 80 to 84 years","All persons",809
"E08000025","Birmingham","Lives in a communal establishment","Aged 85 years and over","All persons",2262
"E08000026","Coventry","Lives in a communal establishment","Total","All persons",12719
"E08000026","Coventry","Lives in a communal establishment","Aged 2 years and under","All persons",1
"E08000026","Coventry","Lives in a communal establishment","Aged 3 to 4 years","All persons",0
"E08000026","Coventry","Lives in a communal establishment","Aged 5 to 7 years","All persons",0
"E08000026","Coventry","Lives in a communal establishment","Aged 8 to 9 years","All persons",0
"E08000026","Coventry","Lives in a communal establishment","Aged 10 to 14 years","All persons",6
"E08000026","Coventry","Lives in a communal establishment","Aged 15 years","All persons",0
"E08000026","Coventry","Lives in a communal establishment","Aged 16 to 17 years","All persons",68
"E08000026","Coventry","Lives in a communal establishment","Aged 18 to 19 years","All persons",5336
"E08000026","Coventry","Lives in a communal establishment","Aged 20 to 24 years","All persons",4610
"E08000026","Coventry","Lives in a communal establishment","Aged 25 to 29 years","All persons",754
"E08000026","Coventry","Lives in a communal establishment","Aged 30 to 34 years","All persons",217
"E08000026","Coventry","Lives in a communal establishment","Aged 35 to 39 years","All persons",77
"E08000026","Coventry","Lives in a communal establishment","Aged 40 to 44 years","All persons",80
"E08000026","Coventry","Lives in a communal establishment","Aged 45 to 49 years","All persons",73
"E08000026","Coventry","Lives in a communal establishment","Aged 50 to 54 years","All persons",69
"E08000026","Coventry","Lives in a communal establishment","Aged 55 to 59 years","All persons",72
"E08000026","Coventry","Lives in a communal establishment","Aged 60 to 64 years","All persons",79
"E08000026","Coventry","Lives in a communal establishment","Aged 65 years","All persons",12
"E08000026","Coventry","Lives in a communal establishment","Aged 66 to 69 years","All persons",63
"E08000026","Coventry","Lives in a communal establishment","Aged 70 to 74 years","All persons",112
"E08000026","Coventry","Lives in a communal establishment","Aged 75 to 79 years","All persons",184
"E08000026","Coventry","Lives in a communal establishment","Aged 80 to 84 years","All persons",222
"E08000026","Coventry","Lives in a communal establishment","Aged 85 years and over","All persons",684
"E08000027","Dudley","Lives in a communal establishment","Total","All persons",2000
"E08000027","Dudley","Lives in a communal establishment","Aged 2 years and under","All persons",0
"E08000027","Dudley","Lives in a communal establishment","Aged 3 to 4 years","All persons",0
"E08000027","Dudley","Lives in a communal establishment","Aged 5 to 7 years","All persons",2
"E08000027","Dudley","Lives in a communal establishment","Aged 8 to 9 years","All persons",4
"E08000027","Dudley","Lives in a communal establishment","Aged 10 to 14 years","All persons",68
"E08000027","Dudley","Lives in a communal establishment","Aged 15 years","All persons",35
"E08000027","Dudley","Lives in a communal establishment","Aged 16 to 17 years","All persons",41
"E08000027","Dudley","Lives in a communal establishment","Aged 18 to 19 years","All persons",18
"E08000027","Dudley","Lives in a communal establishment","Aged 20 to 24 years","All persons",22
"E08000027","Dudley","Lives in a communal establishment","Aged 25 to 29 years","All persons",23
"E08000027","Dudley","Lives in a communal establishment","Aged 30 to 34 years","All persons",28
"E08000027","Dudley","Lives in a communal establishment","Aged 35 to 39 years","All persons",27
"E08000027","Dudley","Lives in a communal establishment","Aged 40 to 44 years","All persons",37
"E08000027","Dudley","Lives in a communal establishment","Aged 45 to 49 years","All persons",46
"E08000027","Dudley","Lives in a communal establishment","Aged 50 to 54 years","All persons",62
"E08000027","Dudley","Lives in a communal establishment","Aged 55 to 59 years","All persons",72
"E08000027","Dudley","Lives in a communal establishment","Aged 60 to 64 years","All persons",86
"E08000027","Dudley","Lives in a communal establishment","Aged 65 years","All persons",10
"E08000027","Dudley","Lives in a communal establishment","Aged 66 to 69 years","All persons",67
"E08000027","Dudley","Lives in a communal establishment","Aged 70 to 74 years","All persons",122
"E08000027","Dudley","Lives in a communal establishment","Aged 75 to 79 years","All persons",180
"E08000027","Dudley","Lives in a communal establishment","Aged 80 to 84 years","All persons",245
"E08000027","Dudley","Lives in a communal establishment","Aged 85 years and over","All persons",805
"E08000028","Sandwell","Lives in a communal establishment","Total","All persons",2038
"E08000028","Sandwell","Lives in a communal establishment","Aged 2 years and under","All persons",1
"E08000028","Sandwell","Lives in a communal establishment","Aged 3 to 4 years","All persons",1
"E08000028","Sandwell","Lives in a communal establishment","Aged 5 to 7 years","All persons",0
"E08000028","Sandwell","Lives in a communal establishment","Aged 8 to 9 years","All persons",0
"E08000028","Sandwell","Lives in a communal establishment","Aged 10 to 14 years","All persons",44
"E08000028","Sandwell","Lives in a communal establishment","Aged 15 years","All persons",12
"E08000028","Sandwell","Lives in a communal establishment","Aged 16 to 17 years","All persons",6
"E08000028","Sandwell","Lives in a communal establishment","Aged 18 to 19 years","All persons",9
"E08000028","Sandwell","Lives in a communal establishment","Aged 20 to 24 years","All persons",48
"E08000028","Sandwell","Lives in a communal establishment","Aged 25 to 29 years","All persons",60
"E08000028","Sandwell","Lives in a communal establishment","Aged 30 to 34 years","All persons",70
"E08000028","Sandwell","Lives in a communal establishment","Aged 35 to 39 years","All persons",53
"E08000028","Sandwell","Lives in a communal establishment","Aged 40 to 44 years","All persons",65
"E08000028","Sandwell","Lives in a communal establishment","Aged 45 to 49 years","All persons",84
"E08000028","Sandwell","Lives in a communal establishment","Aged 50 to 54 years","All persons",86
"E08000028","Sandwell","Lives in a communal establishment","Aged 55 to 59 years","All persons",122
"E08000028","Sandwell","Lives in a communal establishment","Aged 60 to 64 years","All persons",118
"E08000028","Sandwell","Lives in a communal establishment","Aged 65 years","All persons",15
"E08000028","Sandwell","Lives in a communal establishment","Aged 66 to 69 years","All persons",99
"E08000028","Sandwell","Lives in a communal establishment","Aged 70 to 74 years","All persons",124
"E08000028","Sandwell","Lives in a communal establishment","Aged 75 to 79 years","All persons",173
"E08000028","Sandwell","Lives in a communal establishment","Aged 80 to 84 years","All persons",240
"E08000028","Sandwell","Lives in a communal establishment","Aged 85 years and over","All persons",608
"E08000029","Solihull","Lives in a communal establishment","Total","All persons",1268
"E08000029","Solihull","Lives in a communal establishment","Aged 2 years and under","All persons",0
"E08000029","Solihull","Lives in a communal establishment","Aged 3 to 4 years","All persons",0
"E08000029","Solihull","Lives in a communal establishment","Aged 5 to 7 years","All persons",0
"E08000029","Solihull","Lives in a communal establishment","Aged 8 to 9 years","All persons",0
"E08000029","Solihull","Lives in a communal establishment","Aged 10 to 14 years","All persons",0
"E08000029","Solihull","Lives in a communal establishment","Aged 15 years","All persons",1
"E08000029","Solihull","Lives in a communal establishment","Aged 16 to 17 years","All persons",0
"E08000029","Solihull","Lives in a communal establishment","Aged 18 to 19 years","All persons",5
"E08000029","Solihull","Lives in a communal establishment","Aged 20 to 24 years","All persons",22
"E08000029","Solihull","Lives in a communal establishment","Aged 25 to 29 years","All persons",28
"E08000029","Solihull","Lives in a communal establishment","Aged 30 to 34 years","All persons",46
"E08000029","Solihull","Lives in a communal establishment","Aged 35 to 39 years","All persons",47
"E08000029","Solihull","Lives in a communal establishment","Aged 40 to 44 years","All persons",39
"E08000029","Solihull","Lives in a communal establishment","Aged 45 to 49 years","All persons",43
"E08000029","Solihull","Lives in a communal establishment","Aged 50 to 54 years","All persons",49
"E08000029","Solihull","Lives in a communal establishment","Aged 55 to 59 years","All persons",52
"E08000029","Solihull","Lives in a communal establishment","Aged 60 to 64 years","All persons",38
"E08000029","Solihull","Lives in a communal establishment","Aged 65 years","All persons",6
"E08000029","Solihull","Lives in a communal establishment","Aged 66 to 69 years","All persons",48
"E08000029","Solihull","Lives in a communal establishment","Aged 70 to 74 years","All persons",70
"E08000029","Solihull","Lives in a communal establishment","Aged 75 to 79 years","All persons",90
"E08000029","Solihull","Lives in a communal establishment","Aged 80 to 84 years","All persons",142
"E08000029","Solihull","Lives in a communal establishment","Aged 85 years and over","All persons",542
"E08000030","Walsall","Lives in a communal establishment","Total","All persons",1733
"E08000030","Walsall","Lives in a communal establishment","Aged 2 years and under","All persons",5
"E08000030","Walsall","Lives in a communal establishment","Aged 3 to 4 years","All persons",1
"E08000030","Walsall","Lives in a communal establishment","Aged 5 to 7 years","All persons",0
"E08000030","Walsall","Lives in a communal establishment","Aged 8 to 9 years","All persons",1
"E08000030","Walsall","Lives in a communal establishment","Aged 10 to 14 years","All persons",11
"E08000030","Walsall","Lives in a communal establishment","Aged 15 years","All persons",2
"E08000030","Walsall","Lives in a communal establishment","Aged 16 to 17 years","All persons",12
"E08000030","Walsall","Lives in a communal establishment","Aged 18 to 19 years","All persons",151
"E08000030","Walsall","Lives in a communal establishment","Aged 20 to 24 years","All persons",170
"E08000030","Walsall","Lives in a communal establishment","Aged 25 to 29 years","All persons",28
"E08000030","Walsall","Lives in a communal establishment","Aged 30 to 34 years","All persons",41
"E08000030","Walsall","Lives in a communal establishment","Aged 35 to 39 years","All persons",58
"E08000030","Walsall","Lives in a communal establishment","Aged 40 to 44 years","All persons",30
"E08000030","Walsall","Lives in a communal establishment","Aged 45 to 49 years","All persons",31
"E08000030","Walsall","Lives in a communal establishment","Aged 50 to 54 years","All persons",21
"E08000030","Walsall","Lives in a communal establishment","Aged 55 to 59 years","All persons",42
"E08000030","Walsall","Lives in a communal establishment","Aged 60 to 64 years","All persons",39
"E08000030","Walsall","Lives in a communal establishment","Aged 65 years","All persons",16
"E08000030","Walsall","Lives in a communal establishment","Aged 66 to 69 years","All persons",47
"E08000030","Walsall","Lives in a communal establishment","Aged 70 to 74 years","All persons",107
"E08000030","Walsall","Lives in a communal establishment","Aged 75 to 79 years","All persons",113
"E08000030","Walsall","Lives in a communal establishment","Aged 80 to 84 years","All persons",186
"E08000030","Walsall","Lives in a communal establishment","Aged 85 years and over","All persons",621
"E08000031","Wolverhampton","Lives in a communal establishment","Total","All persons",3403
"E08000031","Wolverhampton","Lives in a communal establishment","Aged 2 years and under","All persons",2
"E08000031","Wolverhampton","Lives in a communal establishment","Aged 3 to 4 years","All persons",1
"E08000031","Wolverhampton","Lives in a communal establishment","Aged 5 to 7 years","All persons",1
"E08000031","Wolverhampton","Lives in a communal establishment","Aged 8 to 9 years","All persons",1
"E08000031","Wolverhampton","Lives in a communal establishment","Aged 10 to 14 years","All persons",32
"E08000031","Wolverhampton","Lives in a communal establishment","Aged 15 years","All persons",15
"E08000031","Wolverhampton","Lives in a communal establishment","Aged 16 to 17 years","All persons",33
"E08000031","Wolverhampton","Lives in a communal establishment","Aged 18 to 19 years","All persons",306
"E08000031","Wolverhampton","Lives in a communal establishment","Aged 20 to 24 years","All persons",1005
"E08000031","Wolverhampton","Lives in a communal establishment","Aged 25 to 29 years","All persons",182
"E08000031","Wolverhampton","Lives in a communal establishment","Aged 30 to 34 years","All persons",67
"E08000031","Wolverhampton","Lives in a communal establishment","Aged 35 to 39 years","All persons",49
"E08000031","Wolverhampton","Lives in a communal establishment","Aged 40 to 44 years","All persons",44
"E08000031","Wolverhampton","Lives in a communal establishment","Aged 45 to 49 years","All persons",51
"E08000031","Wolverhampton","Lives in a communal establishment","Aged 50 to 54 years","All persons",64
"E08000031","Wolverhampton","Lives in a communal establishment","Aged 55 to 59 years","All persons",64
"E08000031","Wolverhampton","Lives in a communal establishment","Aged 60 to 64 years","All persons",82
"E08000031","Wolverhampton","Lives in a communal establishment","Aged 65 years","All persons",24
"E08000031","Wolverhampton","Lives in a communal establishment","Aged 66 to 69 years","All persons",75
"E08000031","Wolverhampton","Lives in a communal establishment","Aged 70 to 74 years","All persons",147
"E08000031","Wolverhampton","Lives in a communal establishment","Aged 75 to 79 years","All persons",154
"E08000031","Wolverhampton","Lives in a communal establishment","Aged 80 to 84 years","All persons",255
"E08000031","Wolverhampton","Lives in a communal establishment","Aged 85 years and over","All persons",749
"E06000031","Peterborough","Lives in a communal establishment","Total","All persons",2210
"E06000031","Peterborough","Lives in a communal establishment","Aged 2 years and under","All persons",1
"E06000031","Peterborough","Lives in a communal establishment","Aged 3 to 4 years","All persons",0
"E06000031","Peterborough","Lives in a communal establishment","Aged 5 to 7 years","All persons",0
"E06000031","Peterborough","Lives in a communal establishment","Aged 8 to 9 years","All persons",0
"E06000031","Peterborough","Lives in a communal establishment","Aged 10 to 14 years","All persons",10
"E06000031","Peterborough","Lives in a communal establishment","Aged 15 years","All persons",8
"E06000031","Peterborough","Lives in a communal establishment","Aged 16 to 17 years","All persons",16
"E06000031","Peterborough","Lives in a communal establishment","Aged 18 to 19 years","All persons",89
"E06000031","Peterborough","Lives in a communal establishment","Aged 20 to 24 years","All persons",226
"E06000031","Peterborough","Lives in a communal establishment","Aged 25 to 29 years","All persons",229
"E06000031","Peterborough","Lives in a communal establishment","Aged 30 to 34 years","All persons",199
"E06000031","Peterborough","Lives in a communal establishment","Aged 35 to 39 years","All persons",166
"E06000031","Peterborough","Lives in a communal establishment","Aged 40 to 44 years","All persons",115
"E06000031","Peterborough","Lives in a communal establishment","Aged 45 to 49 years","All persons",107
"E06000031","Peterborough","Lives in a communal establishment","Aged 50 to 54 years","All persons",115
"E06000031","Peterborough","Lives in a communal establishment","Aged 55 to 59 years","All persons",96
"E06000031","Peterborough","Lives in a communal establishment","Aged 60 to 64 years","All persons",55
"E06000031","Peterborough","Lives in a communal establishment","Aged 65 years","All persons",6
"E06000031","Peterborough","Lives in a communal establishment","Aged 66 to 69 years","All persons",55
"E06000031","Peterborough","Lives in a communal establishment","Aged 70 to 74 years","All persons",74
"E06000031","Peterborough","Lives in a communal establishment","Aged 75 to 79 years","All persons",117
"E06000031","Peterborough","Lives in a communal establishment","Aged 80 to 84 years","All persons",143
"E06000031","Peterborough","Lives in a communal establishment","Aged 85 years and over","All persons",383
"E06000032","Luton","Lives in a communal establishment","Total","All persons",2301
"E06000032","Luton","Lives in a communal establishment","Aged 2 years and under","All persons",0
"E06000032","Luton","Lives in a communal establishment","Aged 3 to 4 years","All persons",0
"E06000032","Luton","Lives in a communal establishment","Aged 5 to 7 years","All persons",1
"E06000032","Luton","Lives in a communal establishment","Aged 8 to 9 years","All persons",0
"E06000032","Luton","Lives in a communal establishment","Aged 10 to 14 years","All persons",0
"E06000032","Luton","Lives in a communal establishment","Aged 15 years","All persons",1
"E06000032","Luton","Lives in a communal establishment","Aged 16 to 17 years","All persons",11
"E06000032","Luton","Lives in a communal establishment","Aged 18 to 19 years","All persons",169
"E06000032","Luton","Lives in a communal establishment","Aged 20 to 24 years","All persons",564
"E06000032","Luton","Lives in a communal establishment","Aged 25 to 29 years","All persons",237
"E06000032","Luton","Lives in a communal establishment","Aged 30 to 34 years","All persons",139
"E06000032","Luton","Lives in a communal establishment","Aged 35 to 39 years","All persons",103
"E06000032","Luton","Lives in a communal establishment","Aged 40 to 44 years","All persons",111
"E06000032","Luton","Lives in a communal establishment","Aged 45 to 49 years","All persons",105
"E06000032","Luton","Lives in a communal establishment","Aged 50 to 54 years","All persons",81
"E06000032","Luton","Lives in a communal establishment","Aged 55 to 59 years","All persons",81
"E06000032","Luton","Lives in a communal establishment","Aged 60 to 64 years","All persons",82
"E06000032","Luton","Lives in a communal establishment","Aged 65 years","All persons",10
"E06000032","Luton","Lives in a communal establishment","Aged 66 to 69 years","All persons",67
"E06000032","Luton","Lives in a communal establishment","Aged 70 to 74 years","All persons",59
"E06000032","Luton","Lives in a communal establishment","Aged 75 to 79 years","All persons",80
"E06000032","Luton","Lives in a communal establishment","Aged 80 to 84 years","All persons",119
"E06000032","Luton","Lives in a communal establishment","Aged 85 years and over","All persons",281
"E06000033","Southend-on-Sea","Lives in a communal establishment","Total","All persons",2039
"E06000033","Southend-on-Sea","Lives in a communal establishment","Aged 2 years and under","All persons",0
"E06000033","Southend-on-Sea","Lives in a communal establishment","Aged 3 to 4 years","All persons",0
"E06000033","Southend-on-Sea","Lives in a communal establishment","Aged 5 to 7 years","All persons",0
"E06000033","Southend-on-Sea","Lives in a communal establishment","Aged 8 to 9 years","All persons",0
"E06000033","Southend-on-Sea","Lives in a communal establishment","Aged 10 to 14 years","All persons",0
"E06000033","Southend-on-Sea","Lives in a communal establishment","Aged 15 years","All persons",0
"E06000033","Southend-on-Sea","Lives in a communal establishment","Aged 16 to 17 years","All persons",11
"E06000033","Southend-on-Sea","Lives in a communal establishment","Aged 18 to 19 years","All persons",125
"E06000033","Southend-on-Sea","Lives in a communal establishment","Aged 20 to 24 years","All persons",205
"E06000033","Southend-on-Sea","Lives in a communal establishment","Aged 25 to 29 years","All persons",54
"E06000033","Southend-on-Sea","Lives in a communal establishment","Aged 30 to 34 years","All persons",52
"E06000033","Southend-on-Sea","Lives in a communal establishment","Aged 35 to 39 years","All persons",35
"E06000033","Southend-on-Sea","Lives in a communal establishment","Aged 40 to 44 years","All persons",38
"E06000033","Southend-on-Sea","Lives in a communal establishment","Aged 45 to 49 years","All persons",50
"E06000033","Southend-on-Sea","Lives in a communal establishment","Aged 50 to 54 years","All persons",87
"E06000033","Southend-on-Sea","Lives in a communal establishment","Aged 55 to 59 years","All persons",81
"E06000033","Southend-on-Sea","Lives in a communal establishment","Aged 60 to 64 years","All persons",86
"E06000033","Southend-on-Sea","Lives in a communal establishment","Aged 65 years","All persons",19
"E06000033","Southend-on-Sea","Lives in a communal establishment","Aged 66 to 69 years","All persons",73
"E06000033","Southend-on-Sea","Lives in a communal establishment","Aged 70 to 74 years","All persons",133
"E06000033","Southend-on-Sea","Lives in a communal establishment","Aged 75 to 79 years","All persons",123
"E06000033","Southend-on-Sea","Lives in a communal establishment","Aged 80 to 84 years","All persons",203
"E06000033","Southend-on-Sea","Lives in a communal establishment","Aged 85 years and over","All persons",664
"E06000034","Thurrock","Lives in a communal establishment","Total","All persons",665
"E06000034","Thurrock","Lives in a communal establishment","Aged 2 years and under","All persons",0
"E06000034","Thurrock","Lives in a communal establishment","Aged 3 to 4 years","All persons",0
"E06000034","Thurrock","Lives in a communal establishment","Aged 5 to 7 years","All persons",0
"E06000034","Thurrock","Lives in a communal establishment","Aged 8 to 9 years","All persons",0
"E06000034","Thurrock","Lives in a communal establishment","Aged 10 to 14 years","All persons",0
"E06000034","Thurrock","Lives in a communal establishment","Aged 15 years","All persons",1
"E06000034","Thurrock","Lives in a communal establishment","Aged 16 to 17 years","All persons",1
"E06000034","Thurrock","Lives in a communal establishment","Aged 18 to 19 years","All persons",2
"E06000034","Thurrock","Lives in a communal establishment","Aged 20 to 24 years","All persons",14
"E06000034","Thurrock","Lives in a communal establishment","Aged 25 to 29 years","All persons",15
"E06000034","Thurrock","Lives in a communal establishment","Aged 30 to 34 years","All persons",14
"E06000034","Thurrock","Lives in a communal establishment","Aged 35 to 39 years","All persons",15
"E06000034","Thurrock","Lives in a communal establishment","Aged 40 to 44 years","All persons",10
"E06000034","Thurrock","Lives in a communal establishment","Aged 45 to 49 years","All persons",13
"E06000034","Thurrock","Lives in a communal establishment","Aged 50 to 54 years","All persons",16
"E06000034","Thurrock","Lives in a communal establishment","Aged 55 to 59 years","All persons",19
"E06000034","Thurrock","Lives in a communal establishment","Aged 60 to 64 years","All persons",24
"E06000034","Thurrock","Lives in a communal establishment","Aged 65 years","All persons",10
"E06000034","Thurrock","Lives in a communal establishment","Aged 66 to 69 years","All persons",22
"E06000034","Thurrock","Lives in a communal establishment","Aged 70 to 74 years","All persons",53
"E06000034","Thurrock","Lives in a communal establishment","Aged 75 to 79 years","All persons",63
"E06000034","Thurrock","Lives in a communal establishment","Aged 80 to 84 years","All persons",94
"E06000034","Thurrock","Lives in a communal establishment","Aged 85 years and over","All persons",279
"E06000055","Bedford","Lives in a communal establishment","Total","All persons",2355
"E06000055","Bedford","Lives in a communal establishment","Aged 2 years and under","All persons",2
"E06000055","Bedford","Lives in a communal establishment","Aged 3 to 4 years","All persons",3
"E06000055","Bedford","Lives in a communal establishment","Aged 5 to 7 years","All persons",4
"E06000055","Bedford","Lives in a communal establishment","Aged 8 to 9 years","All persons",3
"E06000055","Bedford","Lives in a communal establishment","Aged 10 to 14 years","All persons",46
"E06000055","Bedford","Lives in a communal establishment","Aged 15 years","All persons",34
"E06000055","Bedford","Lives in a communal establishment","Aged 16 to 17 years","All persons",96
"E06000055","Bedford","Lives in a communal establishment","Aged 18 to 19 years","All persons",182
"E06000055","Bedford","Lives in a communal establishment","Aged 20 to 24 years","All persons",302
"E06000055","Bedford","Lives in a communal establishment","Aged 25 to 29 years","All persons",82
"E06000055","Bedford","Lives in a communal establishment","Aged 30 to 34 years","All persons",94
"E06000055","Bedford","Lives in a communal establishment","Aged 35 to 39 years","All persons",103
"E06000055","Bedford","Lives in a communal establishment","Aged 40 to 44 years","All persons",57
"E06000055","Bedford","Lives in a communal establishment","Aged 45 to 49 years","All persons",83
"E06000055","Bedford","Lives in a communal establishment","Aged 50 to 54 years","All persons",86
"E06000055","Bedford","Lives in a communal establishment","Aged 55 to 59 years","All persons",90
"E06000055","Bedford","Lives in a communal establishment","Aged 60 to 64 years","All persons",91
"E06000055","Bedford","Lives in a communal establishment","Aged 65 years","All persons",10
"E06000055","Bedford","Lives in a communal establishment","Aged 66 to 69 years","All persons",74
"E06000055","Bedford","Lives in a communal establishment","Aged 70 to 74 years","All persons",91
"E06000055","Bedford","Lives in a communal establishment","Aged 75 to 79 years","All persons",140
"E06000055","Bedford","Lives in a communal establishment","Aged 80 to 84 years","All persons",166
"E06000055","Bedford","Lives in a communal establishment","Aged 85 years and over","All persons",516
"E06000056","Central Bedfordshire","Lives in a communal establishment","Total","All persons",2464
"E06000056","Central Bedfordshire","Lives in a communal establishment","Aged 2 years and under","All persons",0
"E06000056","Central Bedfordshire","Lives in a communal establishment","Aged 3 to 4 years","All persons",0
"E06000056","Central Bedfordshire","Lives in a communal establishment","Aged 5 to 7 years","All persons",0
"E06000056","Central Bedfordshire","Lives in a communal establishment","Aged 8 to 9 years","All persons",0
"E06000056","Central Bedfordshire","Lives in a communal establishment","Aged 10 to 14 years","All persons",3
"E06000056","Central Bedfordshire","Lives in a communal establishment","Aged 15 years","All persons",0
"E06000056","Central Bedfordshire","Lives in a communal establishment","Aged 16 to 17 years","All persons",27
"E06000056","Central Bedfordshire","Lives in a communal establishment","Aged 18 to 19 years","All persons",54
"E06000056","Central Bedfordshire","Lives in a communal establishment","Aged 20 to 24 years","All persons",615
"E06000056","Central Bedfordshire","Lives in a communal establishment","Aged 25 to 29 years","All persons",333
"E06000056","Central Bedfordshire","Lives in a communal establishment","Aged 30 to 34 years","All persons",132
"E06000056","Central Bedfordshire","Lives in a communal establishment","Aged 35 to 39 years","All persons",75
"E06000056","Central Bedfordshire","Lives in a communal establishment","Aged 40 to 44 years","All persons",53
"E06000056","Central Bedfordshire","Lives in a communal establishment","Aged 45 to 49 years","All persons",39
"E06000056","Central Bedfordshire","Lives in a communal establishment","Aged 50 to 54 years","All persons",41
"E06000056","Central Bedfordshire","Lives in a communal establishment","Aged 55 to 59 years","All persons",58
"E06000056","Central Bedfordshire","Lives in a communal establishment","Aged 60 to 64 years","All persons",43
"E06000056","Central Bedfordshire","Lives in a communal establishment","Aged 65 years","All persons",7
"E06000056","Central Bedfordshire","Lives in a communal establishment","Aged 66 to 69 years","All persons",47
"E06000056","Central Bedfordshire","Lives in a communal establishment","Aged 70 to 74 years","All persons",93
"E06000056","Central Bedfordshire","Lives in a communal establishment","Aged 75 to 79 years","All persons",108
"E06000056","Central Bedfordshire","Lives in a communal establishment","Aged 80 to 84 years","All persons",164
"E06000056","Central Bedfordshire","Lives in a communal establishment","Aged 85 years and over","All persons",572
"E07000008","Cambridge","Lives in a communal establishment","Total","All persons",19289
"E07000008","Cambridge","Lives in a communal establishment","Aged 2 years and under","All persons",9
"E07000008","Cambridge","Lives in a communal establishment","Aged 3 to 4 years","All persons",7
"E07000008","Cambridge","Lives in a communal establishment","Aged 5 to 7 years","All persons",14
"E07000008","Cambridge","Lives in a communal establishment","Aged 8 to 9 years","All persons",21
"E07000008","Cambridge","Lives in a communal establishment","Aged 10 to 14 years","All persons",132
"E07000008","Cambridge","Lives in a communal establishment","Aged 15 years","All persons",38
"E07000008","Cambridge","Lives in a communal establishment","Aged 16 to 17 years","All persons",257
"E07000008","Cambridge","Lives in a communal establishment","Aged 18 to 19 years","All persons",5580
"E07000008","Cambridge","Lives in a communal establishment","Aged 20 to 24 years","All persons",9390
"E07000008","Cambridge","Lives in a communal establishment","Aged 25 to 29 years","All persons",2048
"E07000008","Cambridge","Lives in a communal establishment","Aged 30 to 34 years","All persons",723
"E07000008","Cambridge","Lives in a communal establishment","Aged 35 to 39 years","All persons",196
"E07000008","Cambridge","Lives in a communal establishment","Aged 40 to 44 years","All persons",90
"E07000008","Cambridge","Lives in a communal establishment","Aged 45 to 49 years","All persons",82
"E07000008","Cambridge","Lives in a communal establishment","Aged 50 to 54 years","All persons",55
"E07000008","Cambridge","Lives in a communal establishment","Aged 55 to 59 years","All persons",62
"E07000008","Cambridge","Lives in a communal establishment","Aged 60 to 64 years","All persons",58
"E07000008","Cambridge","Lives in a communal establishment","Aged 65 years","All persons",13
"E07000008","Cambridge","Lives in a communal establishment","Aged 66 to 69 years","All persons",30
"E07000008","Cambridge","Lives in a communal establishment","Aged 70 to 74 years","All persons",44
"E07000008","Cambridge","Lives in a communal establishment","Aged 75 to 79 years","All persons",62
"E07000008","Cambridge","Lives in a communal establishment","Aged 80 to 84 years","All persons",79
"E07000008","Cambridge","Lives in a communal establishment","Aged 85 years and over","All persons",299
"E07000009","East Cambridgeshire","Lives in a communal establishment","Total","All persons",762
"E07000009","East Cambridgeshire","Lives in a communal establishment","Aged 2 years and under","All persons",1
"E07000009","East Cambridgeshire","Lives in a communal establishment","Aged 3 to 4 years","All persons",1
"E07000009","East Cambridgeshire","Lives in a communal establishment","Aged 5 to 7 years","All persons",3
"E07000009","East Cambridgeshire","Lives in a communal establishment","Aged 8 to 9 years","All persons",10
"E07000009","East Cambridgeshire","Lives in a communal establishment","Aged 10 to 14 years","All persons",38
"E07000009","East Cambridgeshire","Lives in a communal establishment","Aged 15 years","All persons",26
"E07000009","East Cambridgeshire","Lives in a communal establishment","Aged 16 to 17 years","All persons",42
"E07000009","East Cambridgeshire","Lives in a communal establishment","Aged 18 to 19 years","All persons",20
"E07000009","East Cambridgeshire","Lives in a communal establishment","Aged 20 to 24 years","All persons",25
"E07000009","East Cambridgeshire","Lives in a communal establishment","Aged 25 to 29 years","All persons",25
"E07000009","East Cambridgeshire","Lives in a communal establishment","Aged 30 to 34 years","All persons",17
"E07000009","East Cambridgeshire","Lives in a communal establishment","Aged 35 to 39 years","All persons",18
"E07000009","East Cambridgeshire","Lives in a communal establishment","Aged 40 to 44 years","All persons",29
"E07000009","East Cambridgeshire","Lives in a communal establishment","Aged 45 to 49 years","All persons",30
"E07000009","East Cambridgeshire","Lives in a communal establishment","Aged 50 to 54 years","All persons",26
"E07000009","East Cambridgeshire","Lives in a communal establishment","Aged 55 to 59 years","All persons",17
"E07000009","East Cambridgeshire","Lives in a communal establishment","Aged 60 to 64 years","All persons",31
"E07000009","East Cambridgeshire","Lives in a communal establishment","Aged 65 years","All persons",1
"E07000009","East Cambridgeshire","Lives in a communal establishment","Aged 66 to 69 years","All persons",14
"E07000009","East Cambridgeshire","Lives in a communal establishment","Aged 70 to 74 years","All persons",42
"E07000009","East Cambridgeshire","Lives in a communal establishment","Aged 75 to 79 years","All persons",41
"E07000009","East Cambridgeshire","Lives in a communal establishment","Aged 80 to 84 years","All persons",71
"E07000009","East Cambridgeshire","Lives in a communal establishment","Aged 85 years and over","All persons",234
"E07000010","Fenland","Lives in a communal establishment","Total","All persons",1405
"E07000010","Fenland","Lives in a communal establishment","Aged 2 years and under","All persons",0
"E07000010","Fenland","Lives in a communal establishment","Aged 3 to 4 years","All persons",0
"E07000010","Fenland","Lives in a communal establishment","Aged 5 to 7 years","All persons",1
"E07000010","Fenland","Lives in a communal establishment","Aged 8 to 9 years","All persons",1
"E07000010","Fenland","Lives in a communal establishment","Aged 10 to 14 years","All persons",10
"E07000010","Fenland","Lives in a communal establishment","Aged 15 years","All persons",5
"E07000010","Fenland","Lives in a communal establishment","Aged 16 to 17 years","All persons",12
"E07000010","Fenland","Lives in a communal establishment","Aged 18 to 19 years","All persons",12
"E07000010","Fenland","Lives in a communal establishment","Aged 20 to 24 years","All persons",68
"E07000010","Fenland","Lives in a communal establishment","Aged 25 to 29 years","All persons",91
"E07000010","Fenland","Lives in a communal establishment","Aged 30 to 34 years","All persons",109
"E07000010","Fenland","Lives in a communal establishment","Aged 35 to 39 years","All persons",86
"E07000010","Fenland","Lives in a communal establishment","Aged 40 to 44 years","All persons",87
"E07000010","Fenland","Lives in a communal establishment","Aged 45 to 49 years","All persons",63
"E07000010","Fenland","Lives in a communal establishment","Aged 50 to 54 years","All persons",60
"E07000010","Fenland","Lives in a communal establishment","Aged 55 to 59 years","All persons",66
"E07000010","Fenland","Lives in a communal establishment","Aged 60 to 64 years","All persons",48
"E07000010","Fenland","Lives in a communal establishment","Aged 65 years","All persons",6
"E07000010","Fenland","Lives in a communal establishment","Aged 66 to 69 years","All persons",39
"E07000010","Fenland","Lives in a communal establishment","Aged 70 to 74 years","All persons",59
"E07000010","Fenland","Lives in a communal establishment","Aged 75 to 79 years","All persons",91
"E07000010","Fenland","Lives in a communal establishment","Aged 80 to 84 years","All persons",130
"E07000010","Fenland","Lives in a communal establishment","Aged 85 years and over","All persons",361
"E07000011","Huntingdonshire","Lives in a communal establishment","Total","All persons",2450
"E07000011","Huntingdonshire","Lives in a communal establishment","Aged 2 years and under","All persons",0
"E07000011","Huntingdonshire","Lives in a communal establishment","Aged 3 to 4 years","All persons",0
"E07000011","Huntingdonshire","Lives in a communal establishment","Aged 5 to 7 years","All persons",0
"E07000011","Huntingdonshire","Lives in a communal establishment","Aged 8 to 9 years","All persons",0
"E07000011","Huntingdonshire","Lives in a communal establishment","Aged 10 to 14 years","All persons",10
"E07000011","Huntingdonshire","Lives in a communal establishment","Aged 15 years","All persons",3
"E07000011","Huntingdonshire","Lives in a communal establishment","Aged 16 to 17 years","All persons",24
"E07000011","Huntingdonshire","Lives in a communal establishment","Aged 18 to 19 years","All persons",35
"E07000011","Huntingdonshire","Lives in a communal establishment","Aged 20 to 24 years","All persons",201
"E07000011","Huntingdonshire","Lives in a communal establishment","Aged 25 to 29 years","All persons",222
"E07000011","Huntingdonshire","Lives in a communal establishment","Aged 30 to 34 years","All persons",160
"E07000011","Huntingdonshire","Lives in a communal establishment","Aged 35 to 39 years","All persons",148
"E07000011","Huntingdonshire","Lives in a communal establishment","Aged 40 to 44 years","All persons",131
"E07000011","Huntingdonshire","Lives in a communal establishment","Aged 45 to 49 years","All persons",134
"E07000011","Huntingdonshire","Lives in a communal establishment","Aged 50 to 54 years","All persons",124
"E07000011","Huntingdonshire","Lives in a communal establishment","Aged 55 to 59 years","All persons",163
"E07000011","Huntingdonshire","Lives in a communal establishment","Aged 60 to 64 years","All persons",128
"E07000011","Huntingdonshire","Lives in a communal establishment","Aged 65 years","All persons",26
"E07000011","Huntingdonshire","Lives in a communal establishment","Aged 66 to 69 years","All persons",73
"E07000011","Huntingdonshire","Lives in a communal establishment","Aged 70 to 74 years","All persons",92
"E07000011","Huntingdonshire","Lives in a communal establishment","Aged 75 to 79 years","All persons",131
"E07000011","Huntingdonshire","Lives in a communal establishment","Aged 80 to 84 years","All persons",166
"E07000011","Huntingdonshire","Lives in a communal establishment","Aged 85 years and over","All persons",479
"E07000012","South Cambridgeshire","Lives in a communal establishment","Total","All persons",1326
"E07000012","South Cambridgeshire","Lives in a communal establishment","Aged 2 years and under","All persons",4
"E07000012","South Cambridgeshire","Lives in a communal establishment","Aged 3 to 4 years","All persons",0
"E07000012","South Cambridgeshire","Lives in a communal establishment","Aged 5 to 7 years","All persons",1
"E07000012","South Cambridgeshire","Lives in a communal establishment","Aged 8 to 9 years","All persons",0
"E07000012","South Cambridgeshire","Lives in a communal establishment","Aged 10 to 14 years","All persons",21
"E07000012","South Cambridgeshire","Lives in a communal establishment","Aged 15 years","All persons",6
"E07000012","South Cambridgeshire","Lives in a communal establishment","Aged 16 to 17 years","All persons",34
"E07000012","South Cambridgeshire","Lives in a communal establishment","Aged 18 to 19 years","All persons",148
"E07000012","South Cambridgeshire","Lives in a communal establishment","Aged 20 to 24 years","All persons",136
"E07000012","South Cambridgeshire","Lives in a communal establishment","Aged 25 to 29 years","All persons",62
"E07000012","South Cambridgeshire","Lives in a communal establishment","Aged 30 to 34 years","All persons",37
"E07000012","South Cambridgeshire","Lives in a communal establishment","Aged 35 to 39 years","All persons",47
"E07000012","South Cambridgeshire","Lives in a communal establishment","Aged 40 to 44 years","All persons",39
"E07000012","South Cambridgeshire","Lives in a communal establishment","Aged 45 to 49 years","All persons",28
"E07000012","South Cambridgeshire","Lives in a communal establishment","Aged 50 to 54 years","All persons",28
"E07000012","South Cambridgeshire","Lives in a communal establishment","Aged 55 to 59 years","All persons",38
"E07000012","South Cambridgeshire","Lives in a communal establishment","Aged 60 to 64 years","All persons",32
"E07000012","South Cambridgeshire","Lives in a communal establishment","Aged 65 years","All persons",9
"E07000012","South Cambridgeshire","Lives in a communal establishment","Aged 66 to 69 years","All persons",27
"E07000012","South Cambridgeshire","Lives in a communal establishment","Aged 70 to 74 years","All persons",49
"E07000012","South Cambridgeshire","Lives in a communal establishment","Aged 75 to 79 years","All persons",68
"E07000012","South Cambridgeshire","Lives in a communal establishment","Aged 80 to 84 years","All persons",127
"E07000012","South Cambridgeshire","Lives in a communal establishment","Aged 85 years and over","All persons",385
"E07000066","Basildon","Lives in a communal establishment","Total","All persons",786
"E07000066","Basildon","Lives in a communal establishment","Aged 2 years and under","All persons",1
"E07000066","Basildon","Lives in a communal establishment","Aged 3 to 4 years","All persons",0
"E07000066","Basildon","Lives in a communal establishment","Aged 5 to 7 years","All persons",0
"E07000066","Basildon","Lives in a communal establishment","Aged 8 to 9 years","All persons",0
"E07000066","Basildon","Lives in a communal establishment","Aged 10 to 14 years","All persons",2
"E07000066","Basildon","Lives in a communal establishment","Aged 15 years","All persons",0
"E07000066","Basildon","Lives in a communal establishment","Aged 16 to 17 years","All persons",0
"E07000066","Basildon","Lives in a communal establishment","Aged 18 to 19 years","All persons",3
"E07000066","Basildon","Lives in a communal establishment","Aged 20 to 24 years","All persons",45
"E07000066","Basildon","Lives in a communal establishment","Aged 25 to 29 years","All persons",28
"E07000066","Basildon","Lives in a communal establishment","Aged 30 to 34 years","All persons",26
"E07000066","Basildon","Lives in a communal establishment","Aged 35 to 39 years","All persons",16
"E07000066","Basildon","Lives in a communal establishment","Aged 40 to 44 years","All persons",22
"E07000066","Basildon","Lives in a communal establishment","Aged 45 to 49 years","All persons",20
"E07000066","Basildon","Lives in a communal establishment","Aged 50 to 54 years","All persons",24
"E07000066","Basildon","Lives in a communal establishment","Aged 55 to 59 years","All persons",33
"E07000066","Basildon","Lives in a communal establishment","Aged 60 to 64 years","All persons",24
"E07000066","Basildon","Lives in a communal establishment","Aged 65 years","All persons",0
"E07000066","Basildon","Lives in a communal establishment","Aged 66 to 69 years","All persons",19
"E07000066","Basildon","Lives in a communal establishment","Aged 70 to 74 years","All persons",45
"E07000066","Basildon","Lives in a communal establishment","Aged 75 to 79 years","All persons",64
"E07000066","Basildon","Lives in a communal establishment","Aged 80 to 84 years","All persons",97
"E07000066","Basildon","Lives in a communal establishment","Aged 85 years and over","All persons",317
"E07000067","Braintree","Lives in a communal establishment","Total","All persons",1230
"E07000067","Braintree","Lives in a communal establishment","Aged 2 years and under","All persons",1
"E07000067","Braintree","Lives in a communal establishment","Aged 3 to 4 years","All persons",0
"E07000067","Braintree","Lives in a communal establishment","Aged 5 to 7 years","All persons",0
"E07000067","Braintree","Lives in a communal establishment","Aged 8 to 9 years","All persons",1
"E07000067","Braintree","Lives in a communal establishment","Aged 10 to 14 years","All persons",3
"E07000067","Braintree","Lives in a communal establishment","Aged 15 years","All persons",4
"E07000067","Braintree","Lives in a communal establishment","Aged 16 to 17 years","All persons",7
"E07000067","Braintree","Lives in a communal establishment","Aged 18 to 19 years","All persons",18
"E07000067","Braintree","Lives in a communal establishment","Aged 20 to 24 years","All persons",42
"E07000067","Braintree","Lives in a communal establishment","Aged 25 to 29 years","All persons",27
"E07000067","Braintree","Lives in a communal establishment","Aged 30 to 34 years","All persons",50
"E07000067","Braintree","Lives in a communal establishment","Aged 35 to 39 years","All persons",22
"E07000067","Braintree","Lives in a communal establishment","Aged 40 to 44 years","All persons",24
"E07000067","Braintree","Lives in a communal establishment","Aged 45 to 49 years","All persons",34
"E07000067","Braintree","Lives in a communal establishment","Aged 50 to 54 years","All persons",32
"E07000067","Braintree","Lives in a communal establishment","Aged 55 to 59 years","All persons",35
"E07000067","Braintree","Lives in a communal establishment","Aged 60 to 64 years","All persons",46
"E07000067","Braintree","Lives in a communal establishment","Aged 65 years","All persons",6
"E07000067","Braintree","Lives in a communal establishment","Aged 66 to 69 years","All persons",47
"E07000067","Braintree","Lives in a communal establishment","Aged 70 to 74 years","All persons",75
"E07000067","Braintree","Lives in a communal establishment","Aged 75 to 79 years","All persons",104
"E07000067","Braintree","Lives in a communal establishment","Aged 80 to 84 years","All persons",142
"E07000067","Braintree","Lives in a communal establishment","Aged 85 years and over","All persons",510
"E07000068","Brentwood","Lives in a communal establishment","Total","All persons",622
"E07000068","Brentwood","Lives in a communal establishment","Aged 2 years and under","All persons",0
"E07000068","Brentwood","Lives in a communal establishment","Aged 3 to 4 years","All persons",0
"E07000068","Brentwood","Lives in a communal establishment","Aged 5 to 7 years","All persons",0
"E07000068","Brentwood","Lives in a communal establishment","Aged 8 to 9 years","All persons",1
"E07000068","Brentwood","Lives in a communal establishment","Aged 10 to 14 years","All persons",8
"E07000068","Brentwood","Lives in a communal establishment","Aged 15 years","All persons",11
"E07000068","Brentwood","Lives in a communal establishment","Aged 16 to 17 years","All persons",30
"E07000068","Brentwood","Lives in a communal establishment","Aged 18 to 19 years","All persons",21
"E07000068","Brentwood","Lives in a communal establishment","Aged 20 to 24 years","All persons",1
"E07000068","Brentwood","Lives in a communal establishment","Aged 25 to 29 years","All persons",5
"E07000068","Brentwood","Lives in a communal establishment","Aged 30 to 34 years","All persons",8
"E07000068","Brentwood","Lives in a communal establishment","Aged 35 to 39 years","All persons",7
"E07000068","Brentwood","Lives in a communal establishment","Aged 40 to 44 years","All persons",11
"E07000068","Brentwood","Lives in a communal establishment","Aged 45 to 49 years","All persons",7
"E07000068","Brentwood","Lives in a communal establishment","Aged 50 to 54 years","All persons",7
"E07000068","Brentwood","Lives in a communal establishment","Aged 55 to 59 years","All persons",16
"E07000068","Brentwood","Lives in a communal establishment","Aged 60 to 64 years","All persons",7
"E07000068","Brentwood","Lives in a communal establishment","Aged 65 years","All persons",5
"E07000068","Brentwood","Lives in a communal establishment","Aged 66 to 69 years","All persons",3
"E07000068","Brentwood","Lives in a communal establishment","Aged 70 to 74 years","All persons",26
"E07000068","Brentwood","Lives in a communal establishment","Aged 75 to 79 years","All persons",41
"E07000068","Brentwood","Lives in a communal establishment","Aged 80 to 84 years","All persons",85
"E07000068","Brentwood","Lives in a communal establishment","Aged 85 years and over","All persons",322
"E07000069","Castle Point","Lives in a communal establishment","Total","All persons",432
"E07000069","Castle Point","Lives in a communal establishment","Aged 2 years and under","All persons",0
"E07000069","Castle Point","Lives in a communal establishment","Aged 3 to 4 years","All persons",0
"E07000069","Castle Point","Lives in a communal establishment","Aged 5 to 7 years","All persons",0
"E07000069","Castle Point","Lives in a communal establishment","Aged 8 to 9 years","All persons",0
"E07000069","Castle Point","Lives in a communal establishment","Aged 10 to 14 years","All persons",0
"E07000069","Castle Point","Lives in a communal establishment","Aged 15 years","All persons",0
"E07000069","Castle Point","Lives in a communal establishment","Aged 16 to 17 years","All persons",6
"E07000069","Castle Point","Lives in a communal establishment","Aged 18 to 19 years","All persons",0
"E07000069","Castle Point","Lives in a communal establishment","Aged 20 to 24 years","All persons",1
"E07000069","Castle Point","Lives in a communal establishment","Aged 25 to 29 years","All persons",2
"E07000069","Castle Point","Lives in a communal establishment","Aged 30 to 34 years","All persons",1
"E07000069","Castle Point","Lives in a communal establishment","Aged 35 to 39 years","All persons",5
"E07000069","Castle Point","Lives in a communal establishment","Aged 40 to 44 years","All persons",6
"E07000069","Castle Point","Lives in a communal establishment","Aged 45 to 49 years","All persons",0
"E07000069","Castle Point","Lives in a communal establishment","Aged 50 to 54 years","All persons",4
"E07000069","Castle Point","Lives in a communal establishment","Aged 55 to 59 years","All persons",9
"E07000069","Castle Point","Lives in a communal establishment","Aged 60 to 64 years","All persons",13
"E07000069","Castle Point","Lives in a communal establishment","Aged 65 years","All persons",1
"E07000069","Castle Point","Lives in a communal establishment","Aged 66 to 69 years","All persons",11
"E07000069","Castle Point","Lives in a communal establishment","Aged 70 to 74 years","All persons",27
"E07000069","Castle Point","Lives in a communal establishment","Aged 75 to 79 years","All persons",49
"E07000069","Castle Point","Lives in a communal establishment","Aged 80 to 84 years","All persons",62
"E07000069","Castle Point","Lives in a communal establishment","Aged 85 years and over","All persons",235
"E07000070","Chelmsford","Lives in a communal establishment","Total","All persons",2431
"E07000070","Chelmsford","Lives in a communal establishment","Aged 2 years and under","All persons",1
"E07000070","Chelmsford","Lives in a communal establishment","Aged 3 to 4 years","All persons",1
"E07000070","Chelmsford","Lives in a communal establishment","Aged 5 to 7 years","All persons",2
"E07000070","Chelmsford","Lives in a communal establishment","Aged 8 to 9 years","All persons",2
"E07000070","Chelmsford","Lives in a communal establishment","Aged 10 to 14 years","All persons",79
"E07000070","Chelmsford","Lives in a communal establishment","Aged 15 years","All persons",21
"E07000070","Chelmsford","Lives in a communal establishment","Aged 16 to 17 years","All persons",69
"E07000070","Chelmsford","Lives in a communal establishment","Aged 18 to 19 years","All persons",353
"E07000070","Chelmsford","Lives in a communal establishment","Aged 20 to 24 years","All persons",365
"E07000070","Chelmsford","Lives in a communal establishment","Aged 25 to 29 years","All persons",163
"E07000070","Chelmsford","Lives in a communal establishment","Aged 30 to 34 years","All persons",143
"E07000070","Chelmsford","Lives in a communal establishment","Aged 35 to 39 years","All persons",119
"E07000070","Chelmsford","Lives in a communal establishment","Aged 40 to 44 years","All persons",114
"E07000070","Chelmsford","Lives in a communal establishment","Aged 45 to 49 years","All persons",90
"E07000070","Chelmsford","Lives in a communal establishment","Aged 50 to 54 years","All persons",81
"E07000070","Chelmsford","Lives in a communal establishment","Aged 55 to 59 years","All persons",58
"E07000070","Chelmsford","Lives in a communal establishment","Aged 60 to 64 years","All persons",54
"E07000070","Chelmsford","Lives in a communal establishment","Aged 65 years","All persons",5
"E07000070","Chelmsford","Lives in a communal establishment","Aged 66 to 69 years","All persons",26
"E07000070","Chelmsford","Lives in a communal establishment","Aged 70 to 74 years","All persons",66
"E07000070","Chelmsford","Lives in a communal establishment","Aged 75 to 79 years","All persons",64
"E07000070","Chelmsford","Lives in a communal establishment","Aged 80 to 84 years","All persons",113
"E07000070","Chelmsford","Lives in a communal establishment","Aged 85 years and over","All persons",442
"E07000071","Colchester","Lives in a communal establishment","Total","All persons",5101
"E07000071","Colchester","Lives in a communal establishment","Aged 2 years and under","All persons",0
"E07000071","Colchester","Lives in a communal establishment","Aged 3 to 4 years","All persons",0
"E07000071","Colchester","Lives in a communal establishment","Aged 5 to 7 years","All persons",0
"E07000071","Colchester","Lives in a communal establishment","Aged 8 to 9 years","All persons",2
"E07000071","Colchester","Lives in a communal establishment","Aged 10 to 14 years","All persons",10
"E07000071","Colchester","Lives in a communal establishment","Aged 15 years","All persons",3
"E07000071","Colchester","Lives in a communal establishment","Aged 16 to 17 years","All persons",36
"E07000071","Colchester","Lives in a communal establishment","Aged 18 to 19 years","All persons",1378
"E07000071","Colchester","Lives in a communal establishment","Aged 20 to 24 years","All persons",1945
"E07000071","Colchester","Lives in a communal establishment","Aged 25 to 29 years","All persons",290
"E07000071","Colchester","Lives in a communal establishment","Aged 30 to 34 years","All persons",133
"E07000071","Colchester","Lives in a communal establishment","Aged 35 to 39 years","All persons",91
"E07000071","Colchester","Lives in a communal establishment","Aged 40 to 44 years","All persons",53
"E07000071","Colchester","Lives in a communal establishment","Aged 45 to 49 years","All persons",62
"E07000071","Colchester","Lives in a communal establishment","Aged 50 to 54 years","All persons",81
"E07000071","Colchester","Lives in a communal establishment","Aged 55 to 59 years","All persons",59
"E07000071","Colchester","Lives in a communal establishment","Aged 60 to 64 years","All persons",45
"E07000071","Colchester","Lives in a communal establishment","Aged 65 years","All persons",11
"E07000071","Colchester","Lives in a communal establishment","Aged 66 to 69 years","All persons",47
"E07000071","Colchester","Lives in a communal establishment","Aged 70 to 74 years","All persons",67
"E07000071","Colchester","Lives in a communal establishment","Aged 75 to 79 years","All persons",113
"E07000071","Colchester","Lives in a communal establishment","Aged 80 to 84 years","All persons",148
"E07000071","Colchester","Lives in a communal establishment","Aged 85 years and over","All persons",527
"E07000072","Epping Forest","Lives in a communal establishment","Total","All persons",1016
"E07000072","Epping Forest","Lives in a communal establishment","Aged 2 years and under","All persons",4
"E07000072","Epping Forest","Lives in a communal establishment","Aged 3 to 4 years","All persons",4
"E07000072","Epping Forest","Lives in a communal establishment","Aged 5 to 7 years","All persons",9
"E07000072","Epping Forest","Lives in a communal establishment","Aged 8 to 9 years","All persons",20
"E07000072","Epping Forest","Lives in a communal establishment","Aged 10 to 14 years","All persons",15
"E07000072","Epping Forest","Lives in a communal establishment","Aged 15 years","All persons",1
"E07000072","Epping Forest","Lives in a communal establishment","Aged 16 to 17 years","All persons",7
"E07000072","Epping Forest","Lives in a communal establishment","Aged 18 to 19 years","All persons",11
"E07000072","Epping Forest","Lives in a communal establishment","Aged 20 to 24 years","All persons",9
"E07000072","Epping Forest","Lives in a communal establishment","Aged 25 to 29 years","All persons",11
"E07000072","Epping Forest","Lives in a communal establishment","Aged 30 to 34 years","All persons",16
"E07000072","Epping Forest","Lives in a communal establishment","Aged 35 to 39 years","All persons",18
"E07000072","Epping Forest","Lives in a communal establishment","Aged 40 to 44 years","All persons",11
"E07000072","Epping Forest","Lives in a communal establishment","Aged 45 to 49 years","All persons",21
"E07000072","Epping Forest","Lives in a communal establishment","Aged 50 to 54 years","All persons",36
"E07000072","Epping Forest","Lives in a communal establishment","Aged 55 to 59 years","All persons",29
"E07000072","Epping Forest","Lives in a communal establishment","Aged 60 to 64 years","All persons",23
"E07000072","Epping Forest","Lives in a communal establishment","Aged 65 years","All persons",6
"E07000072","Epping Forest","Lives in a communal establishment","Aged 66 to 69 years","All persons",37
"E07000072","Epping Forest","Lives in a communal establishment","Aged 70 to 74 years","All persons",79
"E07000072","Epping Forest","Lives in a communal establishment","Aged 75 to 79 years","All persons",109
"E07000072","Epping Forest","Lives in a communal establishment","Aged 80 to 84 years","All persons",141
"E07000072","Epping Forest","Lives in a communal establishment","Aged 85 years and over","All persons",399
"E07000073","Harlow","Lives in a communal establishment","Total","All persons",356
"E07000073","Harlow","Lives in a communal establishment","Aged 2 years and under","All persons",0
"E07000073","Harlow","Lives in a communal establishment","Aged 3 to 4 years","All persons",0
"E07000073","Harlow","Lives in a communal establishment","Aged 5 to 7 years","All persons",0
"E07000073","Harlow","Lives in a communal establishment","Aged 8 to 9 years","All persons",0
"E07000073","Harlow","Lives in a communal establishment","Aged 10 to 14 years","All persons",0
"E07000073","Harlow","Lives in a communal establishment","Aged 15 years","All persons",0
"E07000073","Harlow","Lives in a communal establishment","Aged 16 to 17 years","All persons",0
"E07000073","Harlow","Lives in a communal establishment","Aged 18 to 19 years","All persons",5
"E07000073","Harlow","Lives in a communal establishment","Aged 20 to 24 years","All persons",20
"E07000073","Harlow","Lives in a communal establishment","Aged 25 to 29 years","All persons",6
"E07000073","Harlow","Lives in a communal establishment","Aged 30 to 34 years","All persons",5
"E07000073","Harlow","Lives in a communal establishment","Aged 35 to 39 years","All persons",8
"E07000073","Harlow","Lives in a communal establishment","Aged 40 to 44 years","All persons",13
"E07000073","Harlow","Lives in a communal establishment","Aged 45 to 49 years","All persons",11
"E07000073","Harlow","Lives in a communal establishment","Aged 50 to 54 years","All persons",11
"E07000073","Harlow","Lives in a communal establishment","Aged 55 to 59 years","All persons",18
"E07000073","Harlow","Lives in a communal establishment","Aged 60 to 64 years","All persons",18
"E07000073","Harlow","Lives in a communal establishment","Aged 65 years","All persons",4
"E07000073","Harlow","Lives in a communal establishment","Aged 66 to 69 years","All persons",8
"E07000073","Harlow","Lives in a communal establishment","Aged 70 to 74 years","All persons",25
"E07000073","Harlow","Lives in a communal establishment","Aged 75 to 79 years","All persons",33
"E07000073","Harlow","Lives in a communal establishment","Aged 80 to 84 years","All persons",33
"E07000073","Harlow","Lives in a communal establishment","Aged 85 years and over","All persons",138
"E07000074","Maldon","Lives in a communal establishment","Total","All persons",489
"E07000074","Maldon","Lives in a communal establishment","Aged 2 years and under","All persons",0
"E07000074","Maldon","Lives in a communal establishment","Aged 3 to 4 years","All persons",0
"E07000074","Maldon","Lives in a communal establishment","Aged 5 to 7 years","All persons",0
"E07000074","Maldon","Lives in a communal establishment","Aged 8 to 9 years","All persons",0
"E07000074","Maldon","Lives in a communal establishment","Aged 10 to 14 years","All persons",0
"E07000074","Maldon","Lives in a communal establishment","Aged 15 years","All persons",0
"E07000074","Maldon","Lives in a communal establishment","Aged 16 to 17 years","All persons",0
"E07000074","Maldon","Lives in a communal establishment","Aged 18 to 19 years","All persons",3
"E07000074","Maldon","Lives in a communal establishment","Aged 20 to 24 years","All persons",7
"E07000074","Maldon","Lives in a communal establishment","Aged 25 to 29 years","All persons",15
"E07000074","Maldon","Lives in a communal establishment","Aged 30 to 34 years","All persons",14
"E07000074","Maldon","Lives in a communal establishment","Aged 35 to 39 years","All persons",10
"E07000074","Maldon","Lives in a communal establishment","Aged 40 to 44 years","All persons",25
"E07000074","Maldon","Lives in a communal establishment","Aged 45 to 49 years","All persons",14
"E07000074","Maldon","Lives in a communal establishment","Aged 50 to 54 years","All persons",6
"E07000074","Maldon","Lives in a communal establishment","Aged 55 to 59 years","All persons",11
"E07000074","Maldon","Lives in a communal establishment","Aged 60 to 64 years","All persons",10
"E07000074","Maldon","Lives in a communal establishment","Aged 65 years","All persons",1
"E07000074","Maldon","Lives in a communal establishment","Aged 66 to 69 years","All persons",20
"E07000074","Maldon","Lives in a communal establishment","Aged 70 to 74 years","All persons",18
"E07000074","Maldon","Lives in a communal establishment","Aged 75 to 79 years","All persons",36
"E07000074","Maldon","Lives in a communal establishment","Aged 80 to 84 years","All persons",68
"E07000074","Maldon","Lives in a communal establishment","Aged 85 years and over","All persons",231
"E07000075","Rochford","Lives in a communal establishment","Total","All persons",289
"E07000075","Rochford","Lives in a communal establishment","Aged 2 years and under","All persons",0
"E07000075","Rochford","Lives in a communal establishment","Aged 3 to 4 years","All persons",0
"E07000075","Rochford","Lives in a communal establishment","Aged 5 to 7 years","All persons",0
"E07000075","Rochford","Lives in a communal establishment","Aged 8 to 9 years","All persons",0
"E07000075","Rochford","Lives in a communal establishment","Aged 10 to 14 years","All persons",0
"E07000075","Rochford","Lives in a communal establishment","Aged 15 years","All persons",0
"E07000075","Rochford","Lives in a communal establishment","Aged 16 to 17 years","All persons",0
"E07000075","Rochford","Lives in a communal establishment","Aged 18 to 19 years","All persons",0
"E07000075","Rochford","Lives in a communal establishment","Aged 20 to 24 years","All persons",4
"E07000075","Rochford","Lives in a communal establishment","Aged 25 to 29 years","All persons",0
"E07000075","Rochford","Lives in a communal establishment","Aged 30 to 34 years","All persons",4
"E07000075","Rochford","Lives in a communal establishment","Aged 35 to 39 years","All persons",0
"E07000075","Rochford","Lives in a communal establishment","Aged 40 to 44 years","All persons",1
"E07000075","Rochford","Lives in a communal establishment","Aged 45 to 49 years","All persons",5
"E07000075","Rochford","Lives in a communal establishment","Aged 50 to 54 years","All persons",6
"E07000075","Rochford","Lives in a communal establishment","Aged 55 to 59 years","All persons",14
"E07000075","Rochford","Lives in a communal establishment","Aged 60 to 64 years","All persons",12
"E07000075","Rochford","Lives in a communal establishment","Aged 65 years","All persons",2
"E07000075","Rochford","Lives in a communal establishment","Aged 66 to 69 years","All persons",8
"E07000075","Rochford","Lives in a communal establishment","Aged 70 to 74 years","All persons",27
"E07000075","Rochford","Lives in a communal establishment","Aged 75 to 79 years","All persons",22
"E07000075","Rochford","Lives in a communal establishment","Aged 80 to 84 years","All persons",47
"E07000075","Rochford","Lives in a communal establishment","Aged 85 years and over","All persons",137
"E07000076","Tendring","Lives in a communal establishment","Total","All persons",1659
"E07000076","Tendring","Lives in a communal establishment","Aged 2 years and under","All persons",0
"E07000076","Tendring","Lives in a communal establishment","Aged 3 to 4 years","All persons",0
"E07000076","Tendring","Lives in a communal establishment","Aged 5 to 7 years","All persons",0
"E07000076","Tendring","Lives in a communal establishment","Aged 8 to 9 years","All persons",0
"E07000076","Tendring","Lives in a communal establishment","Aged 10 to 14 years","All persons",3
"E07000076","Tendring","Lives in a communal establishment","Aged 15 years","All persons",0
"E07000076","Tendring","Lives in a communal establishment","Aged 16 to 17 years","All persons",2
"E07000076","Tendring","Lives in a communal establishment","Aged 18 to 19 years","All persons",4
"E07000076","Tendring","Lives in a communal establishment","Aged 20 to 24 years","All persons",21
"E07000076","Tendring","Lives in a communal establishment","Aged 25 to 29 years","All persons",22
"E07000076","Tendring","Lives in a communal establishment","Aged 30 to 34 years","All persons",30
"E07000076","Tendring","Lives in a communal establishment","Aged 35 to 39 years","All persons",32
"E07000076","Tendring","Lives in a communal establishment","Aged 40 to 44 years","All persons",43
"E07000076","Tendring","Lives in a communal establishment","Aged 45 to 49 years","All persons",56
"E07000076","Tendring","Lives in a communal establishment","Aged 50 to 54 years","All persons",64
"E07000076","Tendring","Lives in a communal establishment","Aged 55 to 59 years","All persons",108
"E07000076","Tendring","Lives in a communal establishment","Aged 60 to 64 years","All persons",105
"E07000076","Tendring","Lives in a communal establishment","Aged 65 years","All persons",15
"E07000076","Tendring","Lives in a communal establishment","Aged 66 to 69 years","All persons",73
"E07000076","Tendring","Lives in a communal establishment","Aged 70 to 74 years","All persons",101
"E07000076","Tendring","Lives in a communal establishment","Aged 75 to 79 years","All persons",158
"E07000076","Tendring","Lives in a communal establishment","Aged 80 to 84 years","All persons",206
"E07000076","Tendring","Lives in a communal establishment","Aged 85 years and over","All persons",616
"E07000077","Uttlesford","Lives in a communal establishment","Total","All persons",872
"E07000077","Uttlesford","Lives in a communal establishment","Aged 2 years and under","All persons",4
"E07000077","Uttlesford","Lives in a communal establishment","Aged 3 to 4 years","All persons",2
"E07000077","Uttlesford","Lives in a communal establishment","Aged 5 to 7 years","All persons",2
"E07000077","Uttlesford","Lives in a communal establishment","Aged 8 to 9 years","All persons",2
"E07000077","Uttlesford","Lives in a communal establishment","Aged 10 to 14 years","All persons",29
"E07000077","Uttlesford","Lives in a communal establishment","Aged 15 years","All persons",26
"E07000077","Uttlesford","Lives in a communal establishment","Aged 16 to 17 years","All persons",104
"E07000077","Uttlesford","Lives in a communal establishment","Aged 18 to 19 years","All persons",27
"E07000077","Uttlesford","Lives in a communal establishment","Aged 20 to 24 years","All persons",20
"E07000077","Uttlesford","Lives in a communal establishment","Aged 25 to 29 years","All persons",36
"E07000077","Uttlesford","Lives in a communal establishment","Aged 30 to 34 years","All persons",26
"E07000077","Uttlesford","Lives in a communal establishment","Aged 35 to 39 years","All persons",17
"E07000077","Uttlesford","Lives in a communal establishment","Aged 40 to 44 years","All persons",16
"E07000077","Uttlesford","Lives in a communal establishment","Aged 45 to 49 years","All persons",24
"E07000077","Uttlesford","Lives in a communal establishment","Aged 50 to 54 years","All persons",12
"E07000077","Uttlesford","Lives in a communal establishment","Aged 55 to 59 years","All persons",18
"E07000077","Uttlesford","Lives in a communal establishment","Aged 60 to 64 years","All persons",3
"E07000077","Uttlesford","Lives in a communal establishment","Aged 65 years","All persons",3
"E07000077","Uttlesford","Lives in a communal establishment","Aged 66 to 69 years","All persons",5
"E07000077","Uttlesford","Lives in a communal establishment","Aged 70 to 74 years","All persons",21
"E07000077","Uttlesford","Lives in a communal establishment","Aged 75 to 79 years","All persons",45
"E07000077","Uttlesford","Lives in a communal establishment","Aged 80 to 84 years","All persons",66
"E07000077","Uttlesford","Lives in a communal establishment","Aged 85 years and over","All persons",364
"E07000095","Broxbourne","Lives in a communal establishment","Total","All persons",235
"E07000095","Broxbourne","Lives in a communal establishment","Aged 2 years and under","All persons",0
"E07000095","Broxbourne","Lives in a communal establishment","Aged 3 to 4 years","All persons",0
"E07000095","Broxbourne","Lives in a communal establishment","Aged 5 to 7 years","All persons",0
"E07000095","Broxbourne","Lives in a communal establishment","Aged 8 to 9 years","All persons",0
"E07000095","Broxbourne","Lives in a communal establishment","Aged 10 to 14 years","All persons",0
"E07000095","Broxbourne","Lives in a communal establishment","Aged 15 years","All persons",0
"E07000095","Broxbourne","Lives in a communal establishment","Aged 16 to 17 years","All persons",2
"E07000095","Broxbourne","Lives in a communal establishment","Aged 18 to 19 years","All persons",8
"E07000095","Broxbourne","Lives in a communal establishment","Aged 20 to 24 years","All persons",3
"E07000095","Broxbourne","Lives in a communal establishment","Aged 25 to 29 years","All persons",3
"E07000095","Broxbourne","Lives in a communal establishment","Aged 30 to 34 years","All persons",5
"E07000095","Broxbourne","Lives in a communal establishment","Aged 35 to 39 years","All persons",10
"E07000095","Broxbourne","Lives in a communal establishment","Aged 40 to 44 years","All persons",5
"E07000095","Broxbourne","Lives in a communal establishment","Aged 45 to 49 years","All persons",1
"E07000095","Broxbourne","Lives in a communal establishment","Aged 50 to 54 years","All persons",9
"E07000095","Broxbourne","Lives in a communal establishment","Aged 55 to 59 years","All persons",14
"E07000095","Broxbourne","Lives in a communal establishment","Aged 60 to 64 years","All persons",8
"E07000095","Broxbourne","Lives in a communal establishment","Aged 65 years","All persons",2
"E07000095","Broxbourne","Lives in a communal establishment","Aged 66 to 69 years","All persons",5
"E07000095","Broxbourne","Lives in a communal establishment","Aged 70 to 74 years","All persons",19
"E07000095","Broxbourne","Lives in a communal establishment","Aged 75 to 79 years","All persons",18
"E07000095","Broxbourne","Lives in a communal establishment","Aged 80 to 84 years","All persons",26
"E07000095","Broxbourne","Lives in a communal establishment","Aged 85 years and over","All persons",97
"E07000096","Dacorum","Lives in a communal establishment","Total","All persons",2232
"E07000096","Dacorum","Lives in a communal establishment","Aged 2 years and under","All persons",1
"E07000096","Dacorum","Lives in a communal establishment","Aged 3 to 4 years","All persons",0
"E07000096","Dacorum","Lives in a communal establishment","Aged 5 to 7 years","All persons",2
"E07000096","Dacorum","Lives in a communal establishment","Aged 8 to 9 years","All persons",4
"E07000096","Dacorum","Lives in a communal establishment","Aged 10 to 14 years","All persons",68
"E07000096","Dacorum","Lives in a communal establishment","Aged 15 years","All persons",27
"E07000096","Dacorum","Lives in a communal establishment","Aged 16 to 17 years","All persons",120
"E07000096","Dacorum","Lives in a communal establishment","Aged 18 to 19 years","All persons",57
"E07000096","Dacorum","Lives in a communal establishment","Aged 20 to 24 years","All persons",143
"E07000096","Dacorum","Lives in a communal establishment","Aged 25 to 29 years","All persons",269
"E07000096","Dacorum","Lives in a communal establishment","Aged 30 to 34 years","All persons",245
"E07000096","Dacorum","Lives in a communal establishment","Aged 35 to 39 years","All persons",159
"E07000096","Dacorum","Lives in a communal establishment","Aged 40 to 44 years","All persons",153
"E07000096","Dacorum","Lives in a communal establishment","Aged 45 to 49 years","All persons",102
"E07000096","Dacorum","Lives in a communal establishment","Aged 50 to 54 years","All persons",74
"E07000096","Dacorum","Lives in a communal establishment","Aged 55 to 59 years","All persons",65
"E07000096","Dacorum","Lives in a communal establishment","Aged 60 to 64 years","All persons",46
"E07000096","Dacorum","Lives in a communal establishment","Aged 65 years","All persons",9
"E07000096","Dacorum","Lives in a communal establishment","Aged 66 to 69 years","All persons",37
"E07000096","Dacorum","Lives in a communal establishment","Aged 70 to 74 years","All persons",48
"E07000096","Dacorum","Lives in a communal establishment","Aged 75 to 79 years","All persons",59
"E07000096","Dacorum","Lives in a communal establishment","Aged 80 to 84 years","All persons",132
"E07000096","Dacorum","Lives in a communal establishment","Aged 85 years and over","All persons",412
"E07000098","Hertsmere","Lives in a communal establishment","Total","All persons",1013
"E07000098","Hertsmere","Lives in a communal establishment","Aged 2 years and under","All persons",7
"E07000098","Hertsmere","Lives in a communal establishment","Aged 3 to 4 years","All persons",6
"E07000098","Hertsmere","Lives in a communal establishment","Aged 5 to 7 years","All persons",4
"E07000098","Hertsmere","Lives in a communal establishment","Aged 8 to 9 years","All persons",1
"E07000098","Hertsmere","Lives in a communal establishment","Aged 10 to 14 years","All persons",29
"E07000098","Hertsmere","Lives in a communal establishment","Aged 15 years","All persons",14
"E07000098","Hertsmere","Lives in a communal establishment","Aged 16 to 17 years","All persons",24
"E07000098","Hertsmere","Lives in a communal establishment","Aged 18 to 19 years","All persons",13
"E07000098","Hertsmere","Lives in a communal establishment","Aged 20 to 24 years","All persons",27
"E07000098","Hertsmere","Lives in a communal establishment","Aged 25 to 29 years","All persons",27
"E07000098","Hertsmere","Lives in a communal establishment","Aged 30 to 34 years","All persons",33
"E07000098","Hertsmere","Lives in a communal establishment","Aged 35 to 39 years","All persons",21
"E07000098","Hertsmere","Lives in a communal establishment","Aged 40 to 44 years","All persons",30
"E07000098","Hertsmere","Lives in a communal establishment","Aged 45 to 49 years","All persons",33
"E07000098","Hertsmere","Lives in a communal establishment","Aged 50 to 54 years","All persons",48
"E07000098","Hertsmere","Lives in a communal establishment","Aged 55 to 59 years","All persons",61
"E07000098","Hertsmere","Lives in a communal establishment","Aged 60 to 64 years","All persons",48
"E07000098","Hertsmere","Lives in a communal establishment","Aged 65 years","All persons",6
"E07000098","Hertsmere","Lives in a communal establishment","Aged 66 to 69 years","All persons",35
"E07000098","Hertsmere","Lives in a communal establishment","Aged 70 to 74 years","All persons",46
"E07000098","Hertsmere","Lives in a communal establishment","Aged 75 to 79 years","All persons",53
"E07000098","Hertsmere","Lives in a communal establishment","Aged 80 to 84 years","All persons",115
"E07000098","Hertsmere","Lives in a communal establishment","Aged 85 years and over","All persons",332
"E07000099","North Hertfordshire","Lives in a communal establishment","Total","All persons",1063
"E07000099","North Hertfordshire","Lives in a communal establishment","Aged 2 years and under","All persons",0
"E07000099","North Hertfordshire","Lives in a communal establishment","Aged 3 to 4 years","All persons",0
"E07000099","North Hertfordshire","Lives in a communal establishment","Aged 5 to 7 years","All persons",0
"E07000099","North Hertfordshire","Lives in a communal establishment","Aged 8 to 9 years","All persons",0
"E07000099","North Hertfordshire","Lives in a communal establishment","Aged 10 to 14 years","All persons",20
"E07000099","North Hertfordshire","Lives in a communal establishment","Aged 15 years","All persons",14
"E07000099","North Hertfordshire","Lives in a communal establishment","Aged 16 to 17 years","All persons",20
"E07000099","North Hertfordshire","Lives in a communal establishment","Aged 18 to 19 years","All persons",7
"E07000099","North Hertfordshire","Lives in a communal establishment","Aged 20 to 24 years","All persons",31
"E07000099","North Hertfordshire","Lives in a communal establishment","Aged 25 to 29 years","All persons",18
"E07000099","North Hertfordshire","Lives in a communal establishment","Aged 30 to 34 years","All persons",23
"E07000099","North Hertfordshire","Lives in a communal establishment","Aged 35 to 39 years","All persons",31
"E07000099","North Hertfordshire","Lives in a communal establishment","Aged 40 to 44 years","All persons",24
"E07000099","North Hertfordshire","Lives in a communal establishment","Aged 45 to 49 years","All persons",16
"E07000099","North Hertfordshire","Lives in a communal establishment","Aged 50 to 54 years","All persons",24
"E07000099","North Hertfordshire","Lives in a communal establishment","Aged 55 to 59 years","All persons",38
"E07000099","North Hertfordshire","Lives in a communal establishment","Aged 60 to 64 years","All persons",23
"E07000099","North Hertfordshire","Lives in a communal establishment","Aged 65 years","All persons",5
"E07000099","North Hertfordshire","Lives in a communal establishment","Aged 66 to 69 years","All persons",42
"E07000099","North Hertfordshire","Lives in a communal establishment","Aged 70 to 74 years","All persons",57
"E07000099","North Hertfordshire","Lives in a communal establishment","Aged 75 to 79 years","All persons",80
"E07000099","North Hertfordshire","Lives in a communal establishment","Aged 80 to 84 years","All persons",128
"E07000099","North Hertfordshire","Lives in a communal establishment","Aged 85 years and over","All persons",462
"E07000102","Three Rivers","Lives in a communal establishment","Total","All persons",682
"E07000102","Three Rivers","Lives in a communal establishment","Aged 2 years and under","All persons",0
"E07000102","Three Rivers","Lives in a communal establishment","Aged 3 to 4 years","All persons",0
"E07000102","Three Rivers","Lives in a communal establishment","Aged 5 to 7 years","All persons",3
"E07000102","Three Rivers","Lives in a communal establishment","Aged 8 to 9 years","All persons",3
"E07000102","Three Rivers","Lives in a communal establishment","Aged 10 to 14 years","All persons",34
"E07000102","Three Rivers","Lives in a communal establishment","Aged 15 years","All persons",5
"E07000102","Three Rivers","Lives in a communal establishment","Aged 16 to 17 years","All persons",34
"E07000102","Three Rivers","Lives in a communal establishment","Aged 18 to 19 years","All persons",26
"E07000102","Three Rivers","Lives in a communal establishment","Aged 20 to 24 years","All persons",38
"E07000102","Three Rivers","Lives in a communal establishment","Aged 25 to 29 years","All persons",61
"E07000102","Three Rivers","Lives in a communal establishment","Aged 30 to 34 years","All persons",37
"E07000102","Three Rivers","Lives in a communal establishment","Aged 35 to 39 years","All persons",49
"E07000102","Three Rivers","Lives in a communal establishment","Aged 40 to 44 years","All persons",41
"E07000102","Three Rivers","Lives in a communal establishment","Aged 45 to 49 years","All persons",30
"E07000102","Three Rivers","Lives in a communal establishment","Aged 50 to 54 years","All persons",40
"E07000102","Three Rivers","Lives in a communal establishment","Aged 55 to 59 years","All persons",19
"E07000102","Three Rivers","Lives in a communal establishment","Aged 60 to 64 years","All persons",12
"E07000102","Three Rivers","Lives in a communal establishment","Aged 65 years","All persons",3
"E07000102","Three Rivers","Lives in a communal establishment","Aged 66 to 69 years","All persons",13
"E07000102","Three Rivers","Lives in a communal establishment","Aged 70 to 74 years","All persons",21
"E07000102","Three Rivers","Lives in a communal establishment","Aged 75 to 79 years","All persons",23
"E07000102","Three Rivers","Lives in a communal establishment","Aged 80 to 84 years","All persons",41
"E07000102","Three Rivers","Lives in a communal establishment","Aged 85 years and over","All persons",149
"E07000103","Watford","Lives in a communal establishment","Total","All persons",711
"E07000103","Watford","Lives in a communal establishment","Aged 2 years and under","All persons",0
"E07000103","Watford","Lives in a communal establishment","Aged 3 to 4 years","All persons",0
"E07000103","Watford","Lives in a communal establishment","Aged 5 to 7 years","All persons",0
"E07000103","Watford","Lives in a communal establishment","Aged 8 to 9 years","All persons",0
"E07000103","Watford","Lives in a communal establishment","Aged 10 to 14 years","All persons",0
"E07000103","Watford","Lives in a communal establishment","Aged 15 years","All persons",0
"E07000103","Watford","Lives in a communal establishment","Aged 16 to 17 years","All persons",0
"E07000103","Watford","Lives in a communal establishment","Aged 18 to 19 years","All persons",3
"E07000103","Watford","Lives in a communal establishment","Aged 20 to 24 years","All persons",25
"E07000103","Watford","Lives in a communal establishment","Aged 25 to 29 years","All persons",31
"E07000103","Watford","Lives in a communal establishment","Aged 30 to 34 years","All persons",22
"E07000103","Watford","Lives in a communal establishment","Aged 35 to 39 years","All persons",20
"E07000103","Watford","Lives in a communal establishment","Aged 40 to 44 years","All persons",24
"E07000103","Watford","Lives in a communal establishment","Aged 45 to 49 years","All persons",26
"E07000103","Watford","Lives in a communal establishment","Aged 50 to 54 years","All persons",26
"E07000103","Watford","Lives in a communal establishment","Aged 55 to 59 years","All persons",23
"E07000103","Watford","Lives in a communal establishment","Aged 60 to 64 years","All persons",15
"E07000103","Watford","Lives in a communal establishment","Aged 65 years","All persons",6
"E07000103","Watford","Lives in a communal establishment","Aged 66 to 69 years","All persons",31
"E07000103","Watford","Lives in a communal establishment","Aged 70 to 74 years","All persons",56
"E07000103","Watford","Lives in a communal establishment","Aged 75 to 79 years","All persons",61
"E07000103","Watford","Lives in a communal establishment","Aged 80 to 84 years","All persons",85
"E07000103","Watford","Lives in a communal establishment","Aged 85 years and over","All persons",257
"E07000143","Breckland","Lives in a communal establishment","Total","All persons",2403
"E07000143","Breckland","Lives in a communal establishment","Aged 2 years and under","All persons",0
"E07000143","Breckland","Lives in a communal establishment","Aged 3 to 4 years","All persons",0
"E07000143","Breckland","Lives in a communal establishment","Aged 5 to 7 years","All persons",0
"E07000143","Breckland","Lives in a communal establishment","Aged 8 to 9 years","All persons",0
"E07000143","Breckland","Lives in a communal establishment","Aged 10 to 14 years","All persons",2
"E07000143","Breckland","Lives in a communal establishment","Aged 15 years","All persons",1
"E07000143","Breckland","Lives in a communal establishment","Aged 16 to 17 years","All persons",0
"E07000143","Breckland","Lives in a communal establishment","Aged 18 to 19 years","All persons",24
"E07000143","Breckland","Lives in a communal establishment","Aged 20 to 24 years","All persons",158
"E07000143","Breckland","Lives in a communal establishment","Aged 25 to 29 years","All persons",214
"E07000143","Breckland","Lives in a communal establishment","Aged 30 to 34 years","All persons",214
"E07000143","Breckland","Lives in a communal establishment","Aged 35 to 39 years","All persons",173
"E07000143","Breckland","Lives in a communal establishment","Aged 40 to 44 years","All persons",120
"E07000143","Breckland","Lives in a communal establishment","Aged 45 to 49 years","All persons",99
"E07000143","Breckland","Lives in a communal establishment","Aged 50 to 54 years","All persons",96
"E07000143","Breckland","Lives in a communal establishment","Aged 55 to 59 years","All persons",66
"E07000143","Breckland","Lives in a communal establishment","Aged 60 to 64 years","All persons",68
"E07000143","Breckland","Lives in a communal establishment","Aged 65 years","All persons",8
"E07000143","Breckland","Lives in a communal establishment","Aged 66 to 69 years","All persons",61
"E07000143","Breckland","Lives in a communal establishment","Aged 70 to 74 years","All persons",102
"E07000143","Breckland","Lives in a communal establishment","Aged 75 to 79 years","All persons",142
"E07000143","Breckland","Lives in a communal establishment","Aged 80 to 84 years","All persons",196
"E07000143","Breckland","Lives in a communal establishment","Aged 85 years and over","All persons",659
"E07000144","Broadland","Lives in a communal establishment","Total","All persons",1312
"E07000144","Broadland","Lives in a communal establishment","Aged 2 years and under","All persons",0
"E07000144","Broadland","Lives in a communal establishment","Aged 3 to 4 years","All persons",0
"E07000144","Broadland","Lives in a communal establishment","Aged 5 to 7 years","All persons",0
"E07000144","Broadland","Lives in a communal establishment","Aged 8 to 9 years","All persons",0
"E07000144","Broadland","Lives in a communal establishment","Aged 10 to 14 years","All persons",3
"E07000144","Broadland","Lives in a communal establishment","Aged 15 years","All persons",0
"E07000144","Broadland","Lives in a communal establishment","Aged 16 to 17 years","All persons",1
"E07000144","Broadland","Lives in a communal establishment","Aged 18 to 19 years","All persons",0
"E07000144","Broadland","Lives in a communal establishment","Aged 20 to 24 years","All persons",15
"E07000144","Broadland","Lives in a communal establishment","Aged 25 to 29 years","All persons",36
"E07000144","Broadland","Lives in a communal establishment","Aged 30 to 34 years","All persons",37
"E07000144","Broadland","Lives in a communal establishment","Aged 35 to 39 years","All persons",23
"E07000144","Broadland","Lives in a communal establishment","Aged 40 to 44 years","All persons",32
"E07000144","Broadland","Lives in a communal establishment","Aged 45 to 49 years","All persons",40
"E07000144","Broadland","Lives in a communal establishment","Aged 50 to 54 years","All persons",49
"E07000144","Broadland","Lives in a communal establishment","Aged 55 to 59 years","All persons",62
"E07000144","Broadland","Lives in a communal establishment","Aged 60 to 64 years","All persons",53
"E07000144","Broadland","Lives in a communal establishment","Aged 65 years","All persons",9
"E07000144","Broadland","Lives in a communal establishment","Aged 66 to 69 years","All persons",48
"E07000144","Broadland","Lives in a communal establishment","Aged 70 to 74 years","All persons",89
"E07000144","Broadland","Lives in a communal establishment","Aged 75 to 79 years","All persons",91
"E07000144","Broadland","Lives in a communal establishment","Aged 80 to 84 years","All persons",181
"E07000144","Broadland","Lives in a communal establishment","Aged 85 years and over","All persons",543
"E07000145","Great Yarmouth","Lives in a communal establishment","Total","All persons",956
"E07000145","Great Yarmouth","Lives in a communal establishment","Aged 2 years and under","All persons",2
"E07000145","Great Yarmouth","Lives in a communal establishment","Aged 3 to 4 years","All persons",0
"E07000145","Great Yarmouth","Lives in a communal establishment","Aged 5 to 7 years","All persons",0
"E07000145","Great Yarmouth","Lives in a communal establishment","Aged 8 to 9 years","All persons",0
"E07000145","Great Yarmouth","Lives in a communal establishment","Aged 10 to 14 years","All persons",4
"E07000145","Great Yarmouth","Lives in a communal establishment","Aged 15 years","All persons",1
"E07000145","Great Yarmouth","Lives in a communal establishment","Aged 16 to 17 years","All persons",3
"E07000145","Great Yarmouth","Lives in a communal establishment","Aged 18 to 19 years","All persons",4
"E07000145","Great Yarmouth","Lives in a communal establishment","Aged 20 to 24 years","All persons",18
"E07000145","Great Yarmouth","Lives in a communal establishment","Aged 25 to 29 years","All persons",16
"E07000145","Great Yarmouth","Lives in a communal establishment","Aged 30 to 34 years","All persons",12
"E07000145","Great Yarmouth","Lives in a communal establishment","Aged 35 to 39 years","All persons",21
"E07000145","Great Yarmouth","Lives in a communal establishment","Aged 40 to 44 years","All persons",35
"E07000145","Great Yarmouth","Lives in a communal establishment","Aged 45 to 49 years","All persons",20
"E07000145","Great Yarmouth","Lives in a communal establishment","Aged 50 to 54 years","All persons",48
"E07000145","Great Yarmouth","Lives in a communal establishment","Aged 55 to 59 years","All persons",46
"E07000145","Great Yarmouth","Lives in a communal establishment","Aged 60 to 64 years","All persons",41
"E07000145","Great Yarmouth","Lives in a communal establishment","Aged 65 years","All persons",13
"E07000145","Great Yarmouth","Lives in a communal establishment","Aged 66 to 69 years","All persons",47
"E07000145","Great Yarmouth","Lives in a communal establishment","Aged 70 to 74 years","All persons",76
"E07000145","Great Yarmouth","Lives in a communal establishment","Aged 75 to 79 years","All persons",85
"E07000145","Great Yarmouth","Lives in a communal establishment","Aged 80 to 84 years","All persons",108
"E07000145","Great Yarmouth","Lives in a communal establishment","Aged 85 years and over","All persons",356
"E07000146","King's Lynn and West Norfolk","Lives in a communal establishment","Total","All persons",1766
"E07000146","King's Lynn and West Norfolk","Lives in a communal establishment","Aged 2 years and under","All persons",3
"E07000146","King's Lynn and West Norfolk","Lives in a communal establishment","Aged 3 to 4 years","All persons",1
"E07000146","King's Lynn and West Norfolk","Lives in a communal establishment","Aged 5 to 7 years","All persons",5
"E07000146","King's Lynn and West Norfolk","Lives in a communal establishment","Aged 8 to 9 years","All persons",4
"E07000146","King's Lynn and West Norfolk","Lives in a communal establishment","Aged 10 to 14 years","All persons",11
"E07000146","King's Lynn and West Norfolk","Lives in a communal establishment","Aged 15 years","All persons",4
"E07000146","King's Lynn and West Norfolk","Lives in a communal establishment","Aged 16 to 17 years","All persons",6
"E07000146","King's Lynn and West Norfolk","Lives in a communal establishment","Aged 18 to 19 years","All persons",40
"E07000146","King's Lynn and West Norfolk","Lives in a communal establishment","Aged 20 to 24 years","All persons",247
"E07000146","King's Lynn and West Norfolk","Lives in a communal establishment","Aged 25 to 29 years","All persons",168
"E07000146","King's Lynn and West Norfolk","Lives in a communal establishment","Aged 30 to 34 years","All persons",62
"E07000146","King's Lynn and West Norfolk","Lives in a communal establishment","Aged 35 to 39 years","All persons",55
"E07000146","King's Lynn and West Norfolk","Lives in a communal establishment","Aged 40 to 44 years","All persons",30
"E07000146","King's Lynn and West Norfolk","Lives in a communal establishment","Aged 45 to 49 years","All persons",33
"E07000146","King's Lynn and West Norfolk","Lives in a communal establishment","Aged 50 to 54 years","All persons",42
"E07000146","King's Lynn and West Norfolk","Lives in a communal establishment","Aged 55 to 59 years","All persons",35
"E07000146","King's Lynn and West Norfolk","Lives in a communal establishment","Aged 60 to 64 years","All persons",34
"E07000146","King's Lynn and West Norfolk","Lives in a communal establishment","Aged 65 years","All persons",9
"E07000146","King's Lynn and West Norfolk","Lives in a communal establishment","Aged 66 to 69 years","All persons",31
"E07000146","King's Lynn and West Norfolk","Lives in a communal establishment","Aged 70 to 74 years","All persons",70
"E07000146","King's Lynn and West Norfolk","Lives in a communal establishment","Aged 75 to 79 years","All persons",110
"E07000146","King's Lynn and West Norfolk","Lives in a communal establishment","Aged 80 to 84 years","All persons",160
"E07000146","King's Lynn and West Norfolk","Lives in a communal establishment","Aged 85 years and over","All persons",606
"E07000147","North Norfolk","Lives in a communal establishment","Total","All persons",2108
"E07000147","North Norfolk","Lives in a communal establishment","Aged 2 years and under","All persons",3
"E07000147","North Norfolk","Lives in a communal establishment","Aged 3 to 4 years","All persons",3
"E07000147","North Norfolk","Lives in a communal establishment","Aged 5 to 7 years","All persons",8
"E07000147","North Norfolk","Lives in a communal establishment","Aged 8 to 9 years","All persons",4
"E07000147","North Norfolk","Lives in a communal establishment","Aged 10 to 14 years","All persons",102
"E07000147","North Norfolk","Lives in a communal establishment","Aged 15 years","All persons",44
"E07000147","North Norfolk","Lives in a communal establishment","Aged 16 to 17 years","All persons",60
"E07000147","North Norfolk","Lives in a communal establishment","Aged 18 to 19 years","All persons",37
"E07000147","North Norfolk","Lives in a communal establishment","Aged 20 to 24 years","All persons",58
"E07000147","North Norfolk","Lives in a communal establishment","Aged 25 to 29 years","All persons",68
"E07000147","North Norfolk","Lives in a communal establishment","Aged 30 to 34 years","All persons",94
"E07000147","North Norfolk","Lives in a communal establishment","Aged 35 to 39 years","All persons",100
"E07000147","North Norfolk","Lives in a communal establishment","Aged 40 to 44 years","All persons",97
"E07000147","North Norfolk","Lives in a communal establishment","Aged 45 to 49 years","All persons",93
"E07000147","North Norfolk","Lives in a communal establishment","Aged 50 to 54 years","All persons",123
"E07000147","North Norfolk","Lives in a communal establishment","Aged 55 to 59 years","All persons",122
"E07000147","North Norfolk","Lives in a communal establishment","Aged 60 to 64 years","All persons",107
"E07000147","North Norfolk","Lives in a communal establishment","Aged 65 years","All persons",25
"E07000147","North Norfolk","Lives in a communal establishment","Aged 66 to 69 years","All persons",93
"E07000147","North Norfolk","Lives in a communal establishment","Aged 70 to 74 years","All persons",101
"E07000147","North Norfolk","Lives in a communal establishment","Aged 75 to 79 years","All persons",123
"E07000147","North Norfolk","Lives in a communal establishment","Aged 80 to 84 years","All persons",138
"E07000147","North Norfolk","Lives in a communal establishment","Aged 85 years and over","All persons",505
"E07000148","Norwich","Lives in a communal establishment","Total","All persons",6439
"E07000148","Norwich","Lives in a communal establishment","Aged 2 years and under","All persons",9
"E07000148","Norwich","Lives in a communal establishment","Aged 3 to 4 years","All persons",4
"E07000148","Norwich","Lives in a communal establishment","Aged 5 to 7 years","All persons",12
"E07000148","Norwich","Lives in a communal establishment","Aged 8 to 9 years","All persons",8
"E07000148","Norwich","Lives in a communal establishment","Aged 10 to 14 years","All persons",2
"E07000148","Norwich","Lives in a communal establishment","Aged 15 years","All persons",0
"E07000148","Norwich","Lives in a communal establishment","Aged 16 to 17 years","All persons",36
"E07000148","Norwich","Lives in a communal establishment","Aged 18 to 19 years","All persons",3107
"E07000148","Norwich","Lives in a communal establishment","Aged 20 to 24 years","All persons",1695
"E07000148","Norwich","Lives in a communal establishment","Aged 25 to 29 years","All persons",355
"E07000148","Norwich","Lives in a communal establishment","Aged 30 to 34 years","All persons",176
"E07000148","Norwich","Lives in a communal establishment","Aged 35 to 39 years","All persons",107
"E07000148","Norwich","Lives in a communal establishment","Aged 40 to 44 years","All persons",101
"E07000148","Norwich","Lives in a communal establishment","Aged 45 to 49 years","All persons",87
"E07000148","Norwich","Lives in a communal establishment","Aged 50 to 54 years","All persons",59
"E07000148","Norwich","Lives in a communal establishment","Aged 55 to 59 years","All persons",51
"E07000148","Norwich","Lives in a communal establishment","Aged 60 to 64 years","All persons",36
"E07000148","Norwich","Lives in a communal establishment","Aged 65 years","All persons",8
"E07000148","Norwich","Lives in a communal establishment","Aged 66 to 69 years","All persons",31
"E07000148","Norwich","Lives in a communal establishment","Aged 70 to 74 years","All persons",41
"E07000148","Norwich","Lives in a communal establishment","Aged 75 to 79 years","All persons",76
"E07000148","Norwich","Lives in a communal establishment","Aged 80 to 84 years","All persons",86
"E07000148","Norwich","Lives in a communal establishment","Aged 85 years and over","All persons",352
"E07000149","South Norfolk","Lives in a communal establishment","Total","All persons",1786
"E07000149","South Norfolk","Lives in a communal establishment","Aged 2 years and under","All persons",2
"E07000149","South Norfolk","Lives in a communal establishment","Aged 3 to 4 years","All persons",5
"E07000149","South Norfolk","Lives in a communal establishment","Aged 5 to 7 years","All persons",7
"E07000149","South Norfolk","Lives in a communal establishment","Aged 8 to 9 years","All persons",1
"E07000149","South Norfolk","Lives in a communal establishment","Aged 10 to 14 years","All persons",228
"E07000149","South Norfolk","Lives in a communal establishment","Aged 15 years","All persons",87
"E07000149","South Norfolk","Lives in a communal establishment","Aged 16 to 17 years","All persons",196
"E07000149","South Norfolk","Lives in a communal establishment","Aged 18 to 19 years","All persons",91
"E07000149","South Norfolk","Lives in a communal establishment","Aged 20 to 24 years","All persons",28
"E07000149","South Norfolk","Lives in a communal establishment","Aged 25 to 29 years","All persons",27
"E07000149","South Norfolk","Lives in a communal establishment","Aged 30 to 34 years","All persons",37
"E07000149","South Norfolk","Lives in a communal establishment","Aged 35 to 39 years","All persons",29
"E07000149","South Norfolk","Lives in a communal establishment","Aged 40 to 44 years","All persons",23
"E07000149","South Norfolk","Lives in a communal establishment","Aged 45 to 49 years","All persons",51
"E07000149","South Norfolk","Lives in a communal establishment","Aged 50 to 54 years","All persons",52
"E07000149","South Norfolk","Lives in a communal establishment","Aged 55 to 59 years","All persons",48
"E07000149","South Norfolk","Lives in a communal establishment","Aged 60 to 64 years","All persons",52
"E07000149","South Norfolk","Lives in a communal establishment","Aged 65 years","All persons",5
"E07000149","South Norfolk","Lives in a communal establishment","Aged 66 to 69 years","All persons",23
"E07000149","South Norfolk","Lives in a communal establishment","Aged 70 to 74 years","All persons",66
"E07000149","South Norfolk","Lives in a communal establishment","Aged 75 to 79 years","All persons",91
"E07000149","South Norfolk","Lives in a communal establishment","Aged 80 to 84 years","All persons",155
"E07000149","South Norfolk","Lives in a communal establishment","Aged 85 years and over","All persons",482
"E07000200","Babergh","Lives in a communal establishment","Total","All persons",1175
"E07000200","Babergh","Lives in a communal establishment","Aged 2 years and under","All persons",5
"E07000200","Babergh","Lives in a communal establishment","Aged 3 to 4 years","All persons",1
"E07000200","Babergh","Lives in a communal establishment","Aged 5 to 7 years","All persons",7
"E07000200","Babergh","Lives in a communal establishment","Aged 8 to 9 years","All persons",4
"E07000200","Babergh","Lives in a communal establishment","Aged 10 to 14 years","All persons",155
"E07000200","Babergh","Lives in a communal establishment","Aged 15 years","All persons",46
"E07000200","Babergh","Lives in a communal establishment","Aged 16 to 17 years","All persons",95
"E07000200","Babergh","Lives in a communal establishment","Aged 18 to 19 years","All persons",47
"E07000200","Babergh","Lives in a communal establishment","Aged 20 to 24 years","All persons",15
"E07000200","Babergh","Lives in a communal establishment","Aged 25 to 29 years","All persons",17
"E07000200","Babergh","Lives in a communal establishment","Aged 30 to 34 years","All persons",13
"E07000200","Babergh","Lives in a communal establishment","Aged 35 to 39 years","All persons",18
"E07000200","Babergh","Lives in a communal establishment","Aged 40 to 44 years","All persons",23
"E07000200","Babergh","Lives in a communal establishment","Aged 45 to 49 years","All persons",17
"E07000200","Babergh","Lives in a communal establishment","Aged 50 to 54 years","All persons",21
"E07000200","Babergh","Lives in a communal establishment","Aged 55 to 59 years","All persons",17
"E07000200","Babergh","Lives in a communal establishment","Aged 60 to 64 years","All persons",33
"E07000200","Babergh","Lives in a communal establishment","Aged 65 years","All persons",6
"E07000200","Babergh","Lives in a communal establishment","Aged 66 to 69 years","All persons",15
"E07000200","Babergh","Lives in a communal establishment","Aged 70 to 74 years","All persons",43
"E07000200","Babergh","Lives in a communal establishment","Aged 75 to 79 years","All persons",84
"E07000200","Babergh","Lives in a communal establishment","Aged 80 to 84 years","All persons",120
"E07000200","Babergh","Lives in a communal establishment","Aged 85 years and over","All persons",373
"E07000202","Ipswich","Lives in a communal establishment","Total","All persons",1665
"E07000202","Ipswich","Lives in a communal establishment","Aged 2 years and under","All persons",2
"E07000202","Ipswich","Lives in a communal establishment","Aged 3 to 4 years","All persons",1
"E07000202","Ipswich","Lives in a communal establishment","Aged 5 to 7 years","All persons",0
"E07000202","Ipswich","Lives in a communal establishment","Aged 8 to 9 years","All persons",0
"E07000202","Ipswich","Lives in a communal establishment","Aged 10 to 14 years","All persons",28
"E07000202","Ipswich","Lives in a communal establishment","Aged 15 years","All persons",18
"E07000202","Ipswich","Lives in a communal establishment","Aged 16 to 17 years","All persons",75
"E07000202","Ipswich","Lives in a communal establishment","Aged 18 to 19 years","All persons",218
"E07000202","Ipswich","Lives in a communal establishment","Aged 20 to 24 years","All persons",367
"E07000202","Ipswich","Lives in a communal establishment","Aged 25 to 29 years","All persons",68
"E07000202","Ipswich","Lives in a communal establishment","Aged 30 to 34 years","All persons",28
"E07000202","Ipswich","Lives in a communal establishment","Aged 35 to 39 years","All persons",37
"E07000202","Ipswich","Lives in a communal establishment","Aged 40 to 44 years","All persons",18
"E07000202","Ipswich","Lives in a communal establishment","Aged 45 to 49 years","All persons",26
"E07000202","Ipswich","Lives in a communal establishment","Aged 50 to 54 years","All persons",26
"E07000202","Ipswich","Lives in a communal establishment","Aged 55 to 59 years","All persons",26
"E07000202","Ipswich","Lives in a communal establishment","Aged 60 to 64 years","All persons",25
"E07000202","Ipswich","Lives in a communal establishment","Aged 65 years","All persons",7
"E07000202","Ipswich","Lives in a communal establishment","Aged 66 to 69 years","All persons",30
"E07000202","Ipswich","Lives in a communal establishment","Aged 70 to 74 years","All persons",41
"E07000202","Ipswich","Lives in a communal establishment","Aged 75 to 79 years","All persons",75
"E07000202","Ipswich","Lives in a communal establishment","Aged 80 to 84 years","All persons",125
"E07000202","Ipswich","Lives in a communal establishment","Aged 85 years and over","All persons",424
"E07000203","Mid Suffolk","Lives in a communal establishment","Total","All persons",1235
"E07000203","Mid Suffolk","Lives in a communal establishment","Aged 2 years and under","All persons",0
"E07000203","Mid Suffolk","Lives in a communal establishment","Aged 3 to 4 years","All persons",0
"E07000203","Mid Suffolk","Lives in a communal establishment","Aged 5 to 7 years","All persons",0
"E07000203","Mid Suffolk","Lives in a communal establishment","Aged 8 to 9 years","All persons",1
"E07000203","Mid Suffolk","Lives in a communal establishment","Aged 10 to 14 years","All persons",35
"E07000203","Mid Suffolk","Lives in a communal establishment","Aged 15 years","All persons",11
"E07000203","Mid Suffolk","Lives in a communal establishment","Aged 16 to 17 years","All persons",7
"E07000203","Mid Suffolk","Lives in a communal establishment","Aged 18 to 19 years","All persons",190
"E07000203","Mid Suffolk","Lives in a communal establishment","Aged 20 to 24 years","All persons",55
"E07000203","Mid Suffolk","Lives in a communal establishment","Aged 25 to 29 years","All persons",186
"E07000203","Mid Suffolk","Lives in a communal establishment","Aged 30 to 34 years","All persons",49
"E07000203","Mid Suffolk","Lives in a communal establishment","Aged 35 to 39 years","All persons",52
"E07000203","Mid Suffolk","Lives in a communal establishment","Aged 40 to 44 years","All persons",21
"E07000203","Mid Suffolk","Lives in a communal establishment","Aged 45 to 49 years","All persons",13
"E07000203","Mid Suffolk","Lives in a communal establishment","Aged 50 to 54 years","All persons",9
"E07000203","Mid Suffolk","Lives in a communal establishment","Aged 55 to 59 years","All persons",11
"E07000203","Mid Suffolk","Lives in a communal establishment","Aged 60 to 64 years","All persons",9
"E07000203","Mid Suffolk","Lives in a communal establishment","Aged 65 years","All persons",0
"E07000203","Mid Suffolk","Lives in a communal establishment","Aged 66 to 69 years","All persons",14
"E07000203","Mid Suffolk","Lives in a communal establishment","Aged 70 to 74 years","All persons",33
"E07000203","Mid Suffolk","Lives in a communal establishment","Aged 75 to 79 years","All persons",63
"E07000203","Mid Suffolk","Lives in a communal establishment","Aged 80 to 84 years","All persons",121
"E07000203","Mid Suffolk","Lives in a communal establishment","Aged 85 years and over","All persons",355
"E07000240","St Albans","Lives in a communal establishment","Total","All persons",1214
"E07000240","St Albans","Lives in a communal establishment","Aged 2 years and under","All persons",1
"E07000240","St Albans","Lives in a communal establishment","Aged 3 to 4 years","All persons",0
"E07000240","St Albans","Lives in a communal establishment","Aged 5 to 7 years","All persons",0
"E07000240","St Albans","Lives in a communal establishment","Aged 8 to 9 years","All persons",1
"E07000240","St Albans","Lives in a communal establishment","Aged 10 to 14 years","All persons",40
"E07000240","St Albans","Lives in a communal establishment","Aged 15 years","All persons",16
"E07000240","St Albans","Lives in a communal establishment","Aged 16 to 17 years","All persons",92
"E07000240","St Albans","Lives in a communal establishment","Aged 18 to 19 years","All persons",23
"E07000240","St Albans","Lives in a communal establishment","Aged 20 to 24 years","All persons",27
"E07000240","St Albans","Lives in a communal establishment","Aged 25 to 29 years","All persons",53
"E07000240","St Albans","Lives in a communal establishment","Aged 30 to 34 years","All persons",34
"E07000240","St Albans","Lives in a communal establishment","Aged 35 to 39 years","All persons",44
"E07000240","St Albans","Lives in a communal establishment","Aged 40 to 44 years","All persons",28
"E07000240","St Albans","Lives in a communal establishment","Aged 45 to 49 years","All persons",45
"E07000240","St Albans","Lives in a communal establishment","Aged 50 to 54 years","All persons",47
"E07000240","St Albans","Lives in a communal establishment","Aged 55 to 59 years","All persons",51
"E07000240","St Albans","Lives in a communal establishment","Aged 60 to 64 years","All persons",36
"E07000240","St Albans","Lives in a communal establishment","Aged 65 years","All persons",8
"E07000240","St Albans","Lives in a communal establishment","Aged 66 to 69 years","All persons",22
"E07000240","St Albans","Lives in a communal establishment","Aged 70 to 74 years","All persons",34
"E07000240","St Albans","Lives in a communal establishment","Aged 75 to 79 years","All persons",51
"E07000240","St Albans","Lives in a communal establishment","Aged 80 to 84 years","All persons",101
"E07000240","St Albans","Lives in a communal establishment","Aged 85 years and over","All persons",460
"E07000241","Welwyn Hatfield","Lives in a communal establishment","Total","All persons",5125
"E07000241","Welwyn Hatfield","Lives in a communal establishment","Aged 2 years and under","All persons",1
"E07000241","Welwyn Hatfield","Lives in a communal establishment","Aged 3 to 4 years","All persons",1
"E07000241","Welwyn Hatfield","Lives in a communal establishment","Aged 5 to 7 years","All persons",0
"E07000241","Welwyn Hatfield","Lives in a communal establishment","Aged 8 to 9 years","All persons",1
"E07000241","Welwyn Hatfield","Lives in a communal establishment","Aged 10 to 14 years","All persons",50
"E07000241","Welwyn Hatfield","Lives in a communal establishment","Aged 15 years","All persons",22
"E07000241","Welwyn Hatfield","Lives in a communal establishment","Aged 16 to 17 years","All persons",51
"E07000241","Welwyn Hatfield","Lives in a communal establishment","Aged 18 to 19 years","All persons",1699
"E07000241","Welwyn Hatfield","Lives in a communal establishment","Aged 20 to 24 years","All persons",2298
"E07000241","Welwyn Hatfield","Lives in a communal establishment","Aged 25 to 29 years","All persons",261
"E07000241","Welwyn Hatfield","Lives in a communal establishment","Aged 30 to 34 years","All persons",47
"E07000241","Welwyn Hatfield","Lives in a communal establishment","Aged 35 to 39 years","All persons",36
"E07000241","Welwyn Hatfield","Lives in a communal establishment","Aged 40 to 44 years","All persons",34
"E07000241","Welwyn Hatfield","Lives in a communal establishment","Aged 45 to 49 years","All persons",23
"E07000241","Welwyn Hatfield","Lives in a communal establishment","Aged 50 to 54 years","All persons",25
"E07000241","Welwyn Hatfield","Lives in a communal establishment","Aged 55 to 59 years","All persons",29
"E07000241","Welwyn Hatfield","Lives in a communal establishment","Aged 60 to 64 years","All persons",17
"E07000241","Welwyn Hatfield","Lives in a communal establishment","Aged 65 years","All persons",9
"E07000241","Welwyn Hatfield","Lives in a communal establishment","Aged 66 to 69 years","All persons",17
"E07000241","Welwyn Hatfield","Lives in a communal establishment","Aged 70 to 74 years","All persons",49
"E07000241","Welwyn Hatfield","Lives in a communal establishment","Aged 75 to 79 years","All persons",45
"E07000241","Welwyn Hatfield","Lives in a communal establishment","Aged 80 to 84 years","All persons",93
"E07000241","Welwyn Hatfield","Lives in a communal establishment","Aged 85 years and over","All persons",317
"E07000242","East Hertfordshire","Lives in a communal establishment","Total","All persons",1936
"E07000242","East Hertfordshire","Lives in a communal establishment","Aged 2 years and under","All persons",8
"E07000242","East Hertfordshire","Lives in a communal establishment","Aged 3 to 4 years","All persons",8
"E07000242","East Hertfordshire","Lives in a communal establishment","Aged 5 to 7 years","All persons",5
"E07000242","East Hertfordshire","Lives in a communal establishment","Aged 8 to 9 years","All persons",0
"E07000242","East Hertfordshire","Lives in a communal establishment","Aged 10 to 14 years","All persons",263
"E07000242","East Hertfordshire","Lives in a communal establishment","Aged 15 years","All persons",154
"E07000242","East Hertfordshire","Lives in a communal establishment","Aged 16 to 17 years","All persons",301
"E07000242","East Hertfordshire","Lives in a communal establishment","Aged 18 to 19 years","All persons",108
"E07000242","East Hertfordshire","Lives in a communal establishment","Aged 20 to 24 years","All persons",55
"E07000242","East Hertfordshire","Lives in a communal establishment","Aged 25 to 29 years","All persons",63
"E07000242","East Hertfordshire","Lives in a communal establishment","Aged 30 to 34 years","All persons",51
"E07000242","East Hertfordshire","Lives in a communal establishment","Aged 35 to 39 years","All persons",42
"E07000242","East Hertfordshire","Lives in a communal establishment","Aged 40 to 44 years","All persons",45
"E07000242","East Hertfordshire","Lives in a communal establishment","Aged 45 to 49 years","All persons",40
"E07000242","East Hertfordshire","Lives in a communal establishment","Aged 50 to 54 years","All persons",35
"E07000242","East Hertfordshire","Lives in a communal establishment","Aged 55 to 59 years","All persons",54
"E07000242","East Hertfordshire","Lives in a communal establishment","Aged 60 to 64 years","All persons",46
"E07000242","East Hertfordshire","Lives in a communal establishment","Aged 65 years","All persons",12
"E07000242","East Hertfordshire","Lives in a communal establishment","Aged 66 to 69 years","All persons",32
"E07000242","East Hertfordshire","Lives in a communal establishment","Aged 70 to 74 years","All persons",63
"E07000242","East Hertfordshire","Lives in a communal establishment","Aged 75 to 79 years","All persons",66
"E07000242","East Hertfordshire","Lives in a communal establishment","Aged 80 to 84 years","All persons",116
"E07000242","East Hertfordshire","Lives in a communal establishment","Aged 85 years and over","All persons",369
"E07000243","Stevenage","Lives in a communal establishment","Total","All persons",666
"E07000243","Stevenage","Lives in a communal establishment","Aged 2 years and under","All persons",1
"E07000243","Stevenage","Lives in a communal establishment","Aged 3 to 4 years","All persons",0
"E07000243","Stevenage","Lives in a communal establishment","Aged 5 to 7 years","All persons",0
"E07000243","Stevenage","Lives in a communal establishment","Aged 8 to 9 years","All persons",0
"E07000243","Stevenage","Lives in a communal establishment","Aged 10 to 14 years","All persons",3
"E07000243","Stevenage","Lives in a communal establishment","Aged 15 years","All persons",5
"E07000243","Stevenage","Lives in a communal establishment","Aged 16 to 17 years","All persons",9
"E07000243","Stevenage","Lives in a communal establishment","Aged 18 to 19 years","All persons",4
"E07000243","Stevenage","Lives in a communal establishment","Aged 20 to 24 years","All persons",29
"E07000243","Stevenage","Lives in a communal establishment","Aged 25 to 29 years","All persons",46
"E07000243","Stevenage","Lives in a communal establishment","Aged 30 to 34 years","All persons",40
"E07000243","Stevenage","Lives in a communal establishment","Aged 35 to 39 years","All persons",36
"E07000243","Stevenage","Lives in a communal establishment","Aged 40 to 44 years","All persons",17
"E07000243","Stevenage","Lives in a communal establishment","Aged 45 to 49 years","All persons",16
"E07000243","Stevenage","Lives in a communal establishment","Aged 50 to 54 years","All persons",29
"E07000243","Stevenage","Lives in a communal establishment","Aged 55 to 59 years","All persons",23
"E07000243","Stevenage","Lives in a communal establishment","Aged 60 to 64 years","All persons",33
"E07000243","Stevenage","Lives in a communal establishment","Aged 65 years","All persons",2
"E07000243","Stevenage","Lives in a communal establishment","Aged 66 to 69 years","All persons",19
"E07000243","Stevenage","Lives in a communal establishment","Aged 70 to 74 years","All persons",31
"E07000243","Stevenage","Lives in a communal establishment","Aged 75 to 79 years","All persons",51
"E07000243","Stevenage","Lives in a communal establishment","Aged 80 to 84 years","All persons",60
"E07000243","Stevenage","Lives in a communal establishment","Aged 85 years and over","All persons",212
"E07000244","East Suffolk","Lives in a communal establishment","Total","All persons",3662
"E07000244","East Suffolk","Lives in a communal establishment","Aged 2 years and under","All persons",1
"E07000244","East Suffolk","Lives in a communal establishment","Aged 3 to 4 years","All persons",1
"E07000244","East Suffolk","Lives in a communal establishment","Aged 5 to 7 years","All persons",6
"E07000244","East Suffolk","Lives in a communal establishment","Aged 8 to 9 years","All persons",7
"E07000244","East Suffolk","Lives in a communal establishment","Aged 10 to 14 years","All persons",150
"E07000244","East Suffolk","Lives in a communal establishment","Aged 15 years","All persons",49
"E07000244","East Suffolk","Lives in a communal establishment","Aged 16 to 17 years","All persons",122
"E07000244","East Suffolk","Lives in a communal establishment","Aged 18 to 19 years","All persons",98
"E07000244","East Suffolk","Lives in a communal establishment","Aged 20 to 24 years","All persons",185
"E07000244","East Suffolk","Lives in a communal establishment","Aged 25 to 29 years","All persons",167
"E07000244","East Suffolk","Lives in a communal establishment","Aged 30 to 34 years","All persons",154
"E07000244","East Suffolk","Lives in a communal establishment","Aged 35 to 39 years","All persons",142
"E07000244","East Suffolk","Lives in a communal establishment","Aged 40 to 44 years","All persons",126
"E07000244","East Suffolk","Lives in a communal establishment","Aged 45 to 49 years","All persons",113
"E07000244","East Suffolk","Lives in a communal establishment","Aged 50 to 54 years","All persons",134
"E07000244","East Suffolk","Lives in a communal establishment","Aged 55 to 59 years","All persons",115
"E07000244","East Suffolk","Lives in a communal establishment","Aged 60 to 64 years","All persons",82
"E07000244","East Suffolk","Lives in a communal establishment","Aged 65 years","All persons",30
"E07000244","East Suffolk","Lives in a communal establishment","Aged 66 to 69 years","All persons",70
"E07000244","East Suffolk","Lives in a communal establishment","Aged 70 to 74 years","All persons",131
"E07000244","East Suffolk","Lives in a communal establishment","Aged 75 to 79 years","All persons",211
"E07000244","East Suffolk","Lives in a communal establishment","Aged 80 to 84 years","All persons",311
"E07000244","East Suffolk","Lives in a communal establishment","Aged 85 years and over","All persons",1257
"E07000245","West Suffolk","Lives in a communal establishment","Total","All persons",4448
"E07000245","West Suffolk","Lives in a communal establishment","Aged 2 years and under","All persons",2
"E07000245","West Suffolk","Lives in a communal establishment","Aged 3 to 4 years","All persons",6
"E07000245","West Suffolk","Lives in a communal establishment","Aged 5 to 7 years","All persons",7
"E07000245","West Suffolk","Lives in a communal establishment","Aged 8 to 9 years","All persons",7
"E07000245","West Suffolk","Lives in a communal establishment","Aged 10 to 14 years","All persons",56
"E07000245","West Suffolk","Lives in a communal establishment","Aged 15 years","All persons",14
"E07000245","West Suffolk","Lives in a communal establishment","Aged 16 to 17 years","All persons",52
"E07000245","West Suffolk","Lives in a communal establishment","Aged 18 to 19 years","All persons",301
"E07000245","West Suffolk","Lives in a communal establishment","Aged 20 to 24 years","All persons",1193
"E07000245","West Suffolk","Lives in a communal establishment","Aged 25 to 29 years","All persons",535
"E07000245","West Suffolk","Lives in a communal establishment","Aged 30 to 34 years","All persons",365
"E07000245","West Suffolk","Lives in a communal establishment","Aged 35 to 39 years","All persons",242
"E07000245","West Suffolk","Lives in a communal establishment","Aged 40 to 44 years","All persons",204
"E07000245","West Suffolk","Lives in a communal establishment","Aged 45 to 49 years","All persons",153
"E07000245","West Suffolk","Lives in a communal establishment","Aged 50 to 54 years","All persons",110
"E07000245","West Suffolk","Lives in a communal establishment","Aged 55 to 59 years","All persons",77
"E07000245","West Suffolk","Lives in a communal establishment","Aged 60 to 64 years","All persons",44
"E07000245","West Suffolk","Lives in a communal establishment","Aged 65 years","All persons",5
"E07000245","West Suffolk","Lives in a communal establishment","Aged 66 to 69 years","All persons",32
"E07000245","West Suffolk","Lives in a communal establishment","Aged 70 to 74 years","All persons",80
"E07000245","West Suffolk","Lives in a communal establishment","Aged 75 to 79 years","All persons",111
"E07000245","West Suffolk","Lives in a communal establishment","Aged 80 to 84 years","All persons",203
"E07000245","West Suffolk","Lives in a communal establishment","Aged 85 years and over","All persons",649
"E09000001","City of London","Lives in a communal establishment","Total","All persons",213
"E09000001","City of London","Lives in a communal establishment","Aged 2 years and under","All persons",0
"E09000001","City of London","Lives in a communal establishment","Aged 3 to 4 years","All persons",0
"E09000001","City of London","Lives in a communal establishment","Aged 5 to 7 years","All persons",0
"E09000001","City of London","Lives in a communal establishment","Aged 8 to 9 years","All persons",2
"E09000001","City of London","Lives in a communal establishment","Aged 10 to 14 years","All persons",24
"E09000001","City of London","Lives in a communal establishment","Aged 15 years","All persons",2
"E09000001","City of London","Lives in a communal establishment","Aged 16 to 17 years","All persons",5
"E09000001","City of London","Lives in a communal establishment","Aged 18 to 19 years","All persons",17
"E09000001","City of London","Lives in a communal establishment","Aged 20 to 24 years","All persons",26
"E09000001","City of London","Lives in a communal establishment","Aged 25 to 29 years","All persons",18
"E09000001","City of London","Lives in a communal establishment","Aged 30 to 34 years","All persons",20
"E09000001","City of London","Lives in a communal establishment","Aged 35 to 39 years","All persons",16
"E09000001","City of London","Lives in a communal establishment","Aged 40 to 44 years","All persons",15
"E09000001","City of London","Lives in a communal establishment","Aged 45 to 49 years","All persons",22
"E09000001","City of London","Lives in a communal establishment","Aged 50 to 54 years","All persons",14
"E09000001","City of London","Lives in a communal establishment","Aged 55 to 59 years","All persons",11
"E09000001","City of London","Lives in a communal establishment","Aged 60 to 64 years","All persons",8
"E09000001","City of London","Lives in a communal establishment","Aged 65 years","All persons",1
"E09000001","City of London","Lives in a communal establishment","Aged 66 to 69 years","All persons",6
"E09000001","City of London","Lives in a communal establishment","Aged 70 to 74 years","All persons",3
"E09000001","City of London","Lives in a communal establishment","Aged 75 to 79 years","All persons",2
"E09000001","City of London","Lives in a communal establishment","Aged 80 to 84 years","All persons",1
"E09000001","City of London","Lives in a communal establishment","Aged 85 years and over","All persons",0
"E09000002","Barking and Dagenham","Lives in a communal establishment","Total","All persons",927
"E09000002","Barking and Dagenham","Lives in a communal establishment","Aged 2 years and under","All persons",11
"E09000002","Barking and Dagenham","Lives in a communal establishment","Aged 3 to 4 years","All persons",1
"E09000002","Barking and Dagenham","Lives in a communal establishment","Aged 5 to 7 years","All persons",10
"E09000002","Barking and Dagenham","Lives in a communal establishment","Aged 8 to 9 years","All persons",7
"E09000002","Barking and Dagenham","Lives in a communal establishment","Aged 10 to 14 years","All persons",13
"E09000002","Barking and Dagenham","Lives in a communal establishment","Aged 15 years","All persons",6
"E09000002","Barking and Dagenham","Lives in a communal establishment","Aged 16 to 17 years","All persons",8
"E09000002","Barking and Dagenham","Lives in a communal establishment","Aged 18 to 19 years","All persons",17
"E09000002","Barking and Dagenham","Lives in a communal establishment","Aged 20 to 24 years","All persons",50
"E09000002","Barking and Dagenham","Lives in a communal establishment","Aged 25 to 29 years","All persons",56
"E09000002","Barking and Dagenham","Lives in a communal establishment","Aged 30 to 34 years","All persons",48
"E09000002","Barking and Dagenham","Lives in a communal establishment","Aged 35 to 39 years","All persons",31
"E09000002","Barking and Dagenham","Lives in a communal establishment","Aged 40 to 44 years","All persons",28
"E09000002","Barking and Dagenham","Lives in a communal establishment","Aged 45 to 49 years","All persons",23
"E09000002","Barking and Dagenham","Lives in a communal establishment","Aged 50 to 54 years","All persons",30
"E09000002","Barking and Dagenham","Lives in a communal establishment","Aged 55 to 59 years","All persons",25
"E09000002","Barking and Dagenham","Lives in a communal establishment","Aged 60 to 64 years","All persons",51
"E09000002","Barking and Dagenham","Lives in a communal establishment","Aged 65 years","All persons",9
"E09000002","Barking and Dagenham","Lives in a communal establishment","Aged 66 to 69 years","All persons",44
"E09000002","Barking and Dagenham","Lives in a communal establishment","Aged 70 to 74 years","All persons",60
"E09000002","Barking and Dagenham","Lives in a communal establishment","Aged 75 to 79 years","All persons",73
"E09000002","Barking and Dagenham","Lives in a communal establishment","Aged 80 to 84 years","All persons",98
"E09000002","Barking and Dagenham","Lives in a communal establishment","Aged 85 years and over","All persons",228
"E09000003","Barnet","Lives in a communal establishment","Total","All persons",3392
"E09000003","Barnet","Lives in a communal establishment","Aged 2 years and under","All persons",13
"E09000003","Barnet","Lives in a communal establishment","Aged 3 to 4 years","All persons",15
"E09000003","Barnet","Lives in a communal establishment","Aged 5 to 7 years","All persons",6
"E09000003","Barnet","Lives in a communal establishment","Aged 8 to 9 years","All persons",3
"E09000003","Barnet","Lives in a communal establishment","Aged 10 to 14 years","All persons",27
"E09000003","Barnet","Lives in a communal establishment","Aged 15 years","All persons",15
"E09000003","Barnet","Lives in a communal establishment","Aged 16 to 17 years","All persons",111
"E09000003","Barnet","Lives in a communal establishment","Aged 18 to 19 years","All persons",259
"E09000003","Barnet","Lives in a communal establishment","Aged 20 to 24 years","All persons",350
"E09000003","Barnet","Lives in a communal establishment","Aged 25 to 29 years","All persons",157
"E09000003","Barnet","Lives in a communal establishment","Aged 30 to 34 years","All persons",181
"E09000003","Barnet","Lives in a communal establishment","Aged 35 to 39 years","All persons",123
"E09000003","Barnet","Lives in a communal establishment","Aged 40 to 44 years","All persons",96
"E09000003","Barnet","Lives in a communal establishment","Aged 45 to 49 years","All persons",69
"E09000003","Barnet","Lives in a communal establishment","Aged 50 to 54 years","All persons",108
"E09000003","Barnet","Lives in a communal establishment","Aged 55 to 59 years","All persons",147
"E09000003","Barnet","Lives in a communal establishment","Aged 60 to 64 years","All persons",126
"E09000003","Barnet","Lives in a communal establishment","Aged 65 years","All persons",20
"E09000003","Barnet","Lives in a communal establishment","Aged 66 to 69 years","All persons",105
"E09000003","Barnet","Lives in a communal establishment","Aged 70 to 74 years","All persons",177
"E09000003","Barnet","Lives in a communal establishment","Aged 75 to 79 years","All persons",181
"E09000003","Barnet","Lives in a communal establishment","Aged 80 to 84 years","All persons",241
"E09000003","Barnet","Lives in a communal establishment","Aged 85 years and over","All persons",862
"E09000004","Bexley","Lives in a communal establishment","Total","All persons",1205
"E09000004","Bexley","Lives in a communal establishment","Aged 2 years and under","All persons",0
"E09000004","Bexley","Lives in a communal establishment","Aged 3 to 4 years","All persons",0
"E09000004","Bexley","Lives in a communal establishment","Aged 5 to 7 years","All persons",0
"E09000004","Bexley","Lives in a communal establishment","Aged 8 to 9 years","All persons",0
"E09000004","Bexley","Lives in a communal establishment","Aged 10 to 14 years","All persons",1
"E09000004","Bexley","Lives in a communal establishment","Aged 15 years","All persons",2
"E09000004","Bexley","Lives in a communal establishment","Aged 16 to 17 years","All persons",3
"E09000004","Bexley","Lives in a communal establishment","Aged 18 to 19 years","All persons",89
"E09000004","Bexley","Lives in a communal establishment","Aged 20 to 24 years","All persons",87
"E09000004","Bexley","Lives in a communal establishment","Aged 25 to 29 years","All persons",10
"E09000004","Bexley","Lives in a communal establishment","Aged 30 to 34 years","All persons",8
"E09000004","Bexley","Lives in a communal establishment","Aged 35 to 39 years","All persons",9
"E09000004","Bexley","Lives in a communal establishment","Aged 40 to 44 years","All persons",3
"E09000004","Bexley","Lives in a communal establishment","Aged 45 to 49 years","All persons",8
"E09000004","Bexley","Lives in a communal establishment","Aged 50 to 54 years","All persons",19
"E09000004","Bexley","Lives in a communal establishment","Aged 55 to 59 years","All persons",27
"E09000004","Bexley","Lives in a communal establishment","Aged 60 to 64 years","All persons",17
"E09000004","Bexley","Lives in a communal establishment","Aged 65 years","All persons",13
"E09000004","Bexley","Lives in a communal establishment","Aged 66 to 69 years","All persons",30
"E09000004","Bexley","Lives in a communal establishment","Aged 70 to 74 years","All persons",80
"E09000004","Bexley","Lives in a communal establishment","Aged 75 to 79 years","All persons",124
"E09000004","Bexley","Lives in a communal establishment","Aged 80 to 84 years","All persons",191
"E09000004","Bexley","Lives in a communal establishment","Aged 85 years and over","All persons",484
"E09000005","Brent","Lives in a communal establishment","Total","All persons",4012
"E09000005","Brent","Lives in a communal establishment","Aged 2 years and under","All persons",7
"E09000005","Brent","Lives in a communal establishment","Aged 3 to 4 years","All persons",2
"E09000005","Brent","Lives in a communal establishment","Aged 5 to 7 years","All persons",4
"E09000005","Brent","Lives in a communal establishment","Aged 8 to 9 years","All persons",2
"E09000005","Brent","Lives in a communal establishment","Aged 10 to 14 years","All persons",8
"E09000005","Brent","Lives in a communal establishment","Aged 15 years","All persons",0
"E09000005","Brent","Lives in a communal establishment","Aged 16 to 17 years","All persons",10
"E09000005","Brent","Lives in a communal establishment","Aged 18 to 19 years","All persons",931
"E09000005","Brent","Lives in a communal establishment","Aged 20 to 24 years","All persons",1292
"E09000005","Brent","Lives in a communal establishment","Aged 25 to 29 years","All persons",297
"E09000005","Brent","Lives in a communal establishment","Aged 30 to 34 years","All persons",120
"E09000005","Brent","Lives in a communal establishment","Aged 35 to 39 years","All persons",102
"E09000005","Brent","Lives in a communal establishment","Aged 40 to 44 years","All persons",80
"E09000005","Brent","Lives in a communal establishment","Aged 45 to 49 years","All persons",80
"E09000005","Brent","Lives in a communal establishment","Aged 50 to 54 years","All persons",91
"E09000005","Brent","Lives in a communal establishment","Aged 55 to 59 years","All persons",109
"E09000005","Brent","Lives in a communal establishment","Aged 60 to 64 years","All persons",107
"E09000005","Brent","Lives in a communal establishment","Aged 65 years","All persons",23
"E09000005","Brent","Lives in a communal establishment","Aged 66 to 69 years","All persons",87
"E09000005","Brent","Lives in a communal establishment","Aged 70 to 74 years","All persons",119
"E09000005","Brent","Lives in a communal establishment","Aged 75 to 79 years","All persons",117
"E09000005","Brent","Lives in a communal establishment","Aged 80 to 84 years","All persons",117
"E09000005","Brent","Lives in a communal establishment","Aged 85 years and over","All persons",307
"E09000006","Bromley","Lives in a communal establishment","Total","All persons",1793
"E09000006","Bromley","Lives in a communal establishment","Aged 2 years and under","All persons",0
"E09000006","Bromley","Lives in a communal establishment","Aged 3 to 4 years","All persons",0
"E09000006","Bromley","Lives in a communal establishment","Aged 5 to 7 years","All persons",4
"E09000006","Bromley","Lives in a communal establishment","Aged 8 to 9 years","All persons",1
"E09000006","Bromley","Lives in a communal establishment","Aged 10 to 14 years","All persons",111
"E09000006","Bromley","Lives in a communal establishment","Aged 15 years","All persons",39
"E09000006","Bromley","Lives in a communal establishment","Aged 16 to 17 years","All persons",50
"E09000006","Bromley","Lives in a communal establishment","Aged 18 to 19 years","All persons",43
"E09000006","Bromley","Lives in a communal establishment","Aged 20 to 24 years","All persons",43
"E09000006","Bromley","Lives in a communal establishment","Aged 25 to 29 years","All persons",45
"E09000006","Bromley","Lives in a communal establishment","Aged 30 to 34 years","All persons",38
"E09000006","Bromley","Lives in a communal establishment","Aged 35 to 39 years","All persons",51
"E09000006","Bromley","Lives in a communal establishment","Aged 40 to 44 years","All persons",34
"E09000006","Bromley","Lives in a communal establishment","Aged 45 to 49 years","All persons",54
"E09000006","Bromley","Lives in a communal establishment","Aged 50 to 54 years","All persons",53
"E09000006","Bromley","Lives in a communal establishment","Aged 55 to 59 years","All persons",59
"E09000006","Bromley","Lives in a communal establishment","Aged 60 to 64 years","All persons",52
"E09000006","Bromley","Lives in a communal establishment","Aged 65 years","All persons",9
"E09000006","Bromley","Lives in a communal establishment","Aged 66 to 69 years","All persons",38
"E09000006","Bromley","Lives in a communal establishment","Aged 70 to 74 years","All persons",76
"E09000006","Bromley","Lives in a communal establishment","Aged 75 to 79 years","All persons",121
"E09000006","Bromley","Lives in a communal establishment","Aged 80 to 84 years","All persons",163
"E09000006","Bromley","Lives in a communal establishment","Aged 85 years and over","All persons",709
"E09000007","Camden","Lives in a communal establishment","Total","All persons",7442
"E09000007","Camden","Lives in a communal establishment","Aged 2 years and under","All persons",7
"E09000007","Camden","Lives in a communal establishment","Aged 3 to 4 years","All persons",6
"E09000007","Camden","Lives in a communal establishment","Aged 5 to 7 years","All persons",27
"E09000007","Camden","Lives in a communal establishment","Aged 8 to 9 years","All persons",4
"E09000007","Camden","Lives in a communal establishment","Aged 10 to 14 years","All persons",11
"E09000007","Camden","Lives in a communal establishment","Aged 15 years","All persons",4
"E09000007","Camden","Lives in a communal establishment","Aged 16 to 17 years","All persons",30
"E09000007","Camden","Lives in a communal establishment","Aged 18 to 19 years","All persons",3243
"E09000007","Camden","Lives in a communal establishment","Aged 20 to 24 years","All persons",2092
"E09000007","Camden","Lives in a communal establishment","Aged 25 to 29 years","All persons",698
"E09000007","Camden","Lives in a communal establishment","Aged 30 to 34 years","All persons",321
"E09000007","Camden","Lives in a communal establishment","Aged 35 to 39 years","All persons",160
"E09000007","Camden","Lives in a communal establishment","Aged 40 to 44 years","All persons",135
"E09000007","Camden","Lives in a communal establishment","Aged 45 to 49 years","All persons",130
"E09000007","Camden","Lives in a communal establishment","Aged 50 to 54 years","All persons",88
"E09000007","Camden","Lives in a communal establishment","Aged 55 to 59 years","All persons",95
"E09000007","Camden","Lives in a communal establishment","Aged 60 to 64 years","All persons",75
"E09000007","Camden","Lives in a communal establishment","Aged 65 years","All persons",16
"E09000007","Camden","Lives in a communal establishment","Aged 66 to 69 years","All persons",48
"E09000007","Camden","Lives in a communal establishment","Aged 70 to 74 years","All persons",44
"E09000007","Camden","Lives in a communal establishment","Aged 75 to 79 years","All persons",49
"E09000007","Camden","Lives in a communal establishment","Aged 80 to 84 years","All persons",47
"E09000007","Camden","Lives in a communal establishment","Aged 85 years and over","All persons",112
"E09000008","Croydon","Lives in a communal establishment","Total","All persons",3350
"E09000008","Croydon","Lives in a communal establishment","Aged 2 years and under","All persons",4
"E09000008","Croydon","Lives in a communal establishment","Aged 3 to 4 years","All persons",2
"E09000008","Croydon","Lives in a communal establishment","Aged 5 to 7 years","All persons",3
"E09000008","Croydon","Lives in a communal establishment","Aged 8 to 9 years","All persons",3
"E09000008","Croydon","Lives in a communal establishment","Aged 10 to 14 years","All persons",32
"E09000008","Croydon","Lives in a communal establishment","Aged 15 years","All persons",21
"E09000008","Croydon","Lives in a communal establishment","Aged 16 to 17 years","All persons",90
"E09000008","Croydon","Lives in a communal establishment","Aged 18 to 19 years","All persons",73
"E09000008","Croydon","Lives in a communal establishment","Aged 20 to 24 years","All persons",151
"E09000008","Croydon","Lives in a communal establishment","Aged 25 to 29 years","All persons",133
"E09000008","Croydon","Lives in a communal establishment","Aged 30 to 34 years","All persons",135
"E09000008","Croydon","Lives in a communal establishment","Aged 35 to 39 years","All persons",122
"E09000008","Croydon","Lives in a communal establishment","Aged 40 to 44 years","All persons",114
"E09000008","Croydon","Lives in a communal establishment","Aged 45 to 49 years","All persons",158
"E09000008","Croydon","Lives in a communal establishment","Aged 50 to 54 years","All persons",179
"E09000008","Croydon","Lives in a communal establishment","Aged 55 to 59 years","All persons",223
"E09000008","Croydon","Lives in a communal establishment","Aged 60 to 64 years","All persons",238
"E09000008","Croydon","Lives in a communal establishment","Aged 65 years","All persons",39
"E09000008","Croydon","Lives in a communal establishment","Aged 66 to 69 years","All persons",159
"E09000008","Croydon","Lives in a communal establishment","Aged 70 to 74 years","All persons",223
"E09000008","Croydon","Lives in a communal establishment","Aged 75 to 79 years","All persons",250
"E09000008","Croydon","Lives in a communal establishment","Aged 80 to 84 years","All persons",266
"E09000008","Croydon","Lives in a communal establishment","Aged 85 years and over","All persons",732
"E09000009","Ealing","Lives in a communal establishment","Total","All persons",4211
"E09000009","Ealing","Lives in a communal establishment","Aged 2 years and under","All persons",19
"E09000009","Ealing","Lives in a communal establishment","Aged 3 to 4 years","All persons",3
"E09000009","Ealing","Lives in a communal establishment","Aged 5 to 7 years","All persons",2
"E09000009","Ealing","Lives in a communal establishment","Aged 8 to 9 years","All persons",0
"E09000009","Ealing","Lives in a communal establishment","Aged 10 to 14 years","All persons",4
"E09000009","Ealing","Lives in a communal establishment","Aged 15 years","All persons",4
"E09000009","Ealing","Lives in a communal establishment","Aged 16 to 17 years","All persons",9
"E09000009","Ealing","Lives in a communal establishment","Aged 18 to 19 years","All persons",1278
"E09000009","Ealing","Lives in a communal establishment","Aged 20 to 24 years","All persons",784
"E09000009","Ealing","Lives in a communal establishment","Aged 25 to 29 years","All persons",204
"E09000009","Ealing","Lives in a communal establishment","Aged 30 to 34 years","All persons",104
"E09000009","Ealing","Lives in a communal establishment","Aged 35 to 39 years","All persons",76
"E09000009","Ealing","Lives in a communal establishment","Aged 40 to 44 years","All persons",84
"E09000009","Ealing","Lives in a communal establishment","Aged 45 to 49 years","All persons",92
"E09000009","Ealing","Lives in a communal establishment","Aged 50 to 54 years","All persons",111
"E09000009","Ealing","Lives in a communal establishment","Aged 55 to 59 years","All persons",147
"E09000009","Ealing","Lives in a communal establishment","Aged 60 to 64 years","All persons",149
"E09000009","Ealing","Lives in a communal establishment","Aged 65 years","All persons",28
"E09000009","Ealing","Lives in a communal establishment","Aged 66 to 69 years","All persons",90
"E09000009","Ealing","Lives in a communal establishment","Aged 70 to 74 years","All persons",153
"E09000009","Ealing","Lives in a communal establishment","Aged 75 to 79 years","All persons",157
"E09000009","Ealing","Lives in a communal establishment","Aged 80 to 84 years","All persons",232
"E09000009","Ealing","Lives in a communal establishment","Aged 85 years and over","All persons",481
"E09000010","Enfield","Lives in a communal establishment","Total","All persons",1875
"E09000010","Enfield","Lives in a communal establishment","Aged 2 years and under","All persons",2
"E09000010","Enfield","Lives in a communal establishment","Aged 3 to 4 years","All persons",0
"E09000010","Enfield","Lives in a communal establishment","Aged 5 to 7 years","All persons",0
"E09000010","Enfield","Lives in a communal establishment","Aged 8 to 9 years","All persons",0
"E09000010","Enfield","Lives in a communal establishment","Aged 10 to 14 years","All persons",0
"E09000010","Enfield","Lives in a communal establishment","Aged 15 years","All persons",0
"E09000010","Enfield","Lives in a communal establishment","Aged 16 to 17 years","All persons",18
"E09000010","Enfield","Lives in a communal establishment","Aged 18 to 19 years","All persons",10
"E09000010","Enfield","Lives in a communal establishment","Aged 20 to 24 years","All persons",27
"E09000010","Enfield","Lives in a communal establishment","Aged 25 to 29 years","All persons",46
"E09000010","Enfield","Lives in a communal establishment","Aged 30 to 34 years","All persons",39
"E09000010","Enfield","Lives in a communal establishment","Aged 35 to 39 years","All persons",30
"E09000010","Enfield","Lives in a communal establishment","Aged 40 to 44 years","All persons",48
"E09000010","Enfield","Lives in a communal establishment","Aged 45 to 49 years","All persons",61
"E09000010","Enfield","Lives in a communal establishment","Aged 50 to 54 years","All persons",78
"E09000010","Enfield","Lives in a communal establishment","Aged 55 to 59 years","All persons",110
"E09000010","Enfield","Lives in a communal establishment","Aged 60 to 64 years","All persons",128
"E09000010","Enfield","Lives in a communal establishment","Aged 65 years","All persons",29
"E09000010","Enfield","Lives in a communal establishment","Aged 66 to 69 years","All persons",90
"E09000010","Enfield","Lives in a communal establishment","Aged 70 to 74 years","All persons",124
"E09000010","Enfield","Lives in a communal establishment","Aged 75 to 79 years","All persons",185
"E09000010","Enfield","Lives in a communal establishment","Aged 80 to 84 years","All persons",195
"E09000010","Enfield","Lives in a communal establishment","Aged 85 years and over","All persons",655
"E09000011","Greenwich","Lives in a communal establishment","Total","All persons",4420
"E09000011","Greenwich","Lives in a communal establishment","Aged 2 years and under","All persons",2
"E09000011","Greenwich","Lives in a communal establishment","Aged 3 to 4 years","All persons",0
"E09000011","Greenwich","Lives in a communal establishment","Aged 5 to 7 years","All persons",0
"E09000011","Greenwich","Lives in a communal establishment","Aged 8 to 9 years","All persons",3
"E09000011","Greenwich","Lives in a communal establishment","Aged 10 to 14 years","All persons",5
"E09000011","Greenwich","Lives in a communal establishment","Aged 15 years","All persons",5
"E09000011","Greenwich","Lives in a communal establishment","Aged 16 to 17 years","All persons",33
"E09000011","Greenwich","Lives in a communal establishment","Aged 18 to 19 years","All persons",873
"E09000011","Greenwich","Lives in a communal establishment","Aged 20 to 24 years","All persons",1394
"E09000011","Greenwich","Lives in a communal establishment","Aged 25 to 29 years","All persons",454
"E09000011","Greenwich","Lives in a communal establishment","Aged 30 to 34 years","All persons",224
"E09000011","Greenwich","Lives in a communal establishment","Aged 35 to 39 years","All persons",166
"E09000011","Greenwich","Lives in a communal establishment","Aged 40 to 44 years","All persons",129
"E09000011","Greenwich","Lives in a communal establishment","Aged 45 to 49 years","All persons",133
"E09000011","Greenwich","Lives in a communal establishment","Aged 50 to 54 years","All persons",122
"E09000011","Greenwich","Lives in a communal establishment","Aged 55 to 59 years","All persons",95
"E09000011","Greenwich","Lives in a communal establishment","Aged 60 to 64 years","All persons",106
"E09000011","Greenwich","Lives in a communal establishment","Aged 65 years","All persons",21
"E09000011","Greenwich","Lives in a communal establishment","Aged 66 to 69 years","All persons",72
"E09000011","Greenwich","Lives in a communal establishment","Aged 70 to 74 years","All persons",93
"E09000011","Greenwich","Lives in a communal establishment","Aged 75 to 79 years","All persons",106
"E09000011","Greenwich","Lives in a communal establishment","Aged 80 to 84 years","All persons",104
"E09000011","Greenwich","Lives in a communal establishment","Aged 85 years and over","All persons",280
"E09000012","Hackney","Lives in a communal establishment","Total","All persons",2508
"E09000012","Hackney","Lives in a communal establishment","Aged 2 years and under","All persons",35
"E09000012","Hackney","Lives in a communal establishment","Aged 3 to 4 years","All persons",19
"E09000012","Hackney","Lives in a communal establishment","Aged 5 to 7 years","All persons",38
"E09000012","Hackney","Lives in a communal establishment","Aged 8 to 9 years","All persons",25
"E09000012","Hackney","Lives in a communal establishment","Aged 10 to 14 years","All persons",54
"E09000012","Hackney","Lives in a communal establishment","Aged 15 years","All persons",16
"E09000012","Hackney","Lives in a communal establishment","Aged 16 to 17 years","All persons",28
"E09000012","Hackney","Lives in a communal establishment","Aged 18 to 19 years","All persons",258
"E09000012","Hackney","Lives in a communal establishment","Aged 20 to 24 years","All persons",584
"E09000012","Hackney","Lives in a communal establishment","Aged 25 to 29 years","All persons",233
"E09000012","Hackney","Lives in a communal establishment","Aged 30 to 34 years","All persons",161
"E09000012","Hackney","Lives in a communal establishment","Aged 35 to 39 years","All persons",117
"E09000012","Hackney","Lives in a communal establishment","Aged 40 to 44 years","All persons",132
"E09000012","Hackney","Lives in a communal establishment","Aged 45 to 49 years","All persons",115
"E09000012","Hackney","Lives in a communal establishment","Aged 50 to 54 years","All persons",135
"E09000012","Hackney","Lives in a communal establishment","Aged 55 to 59 years","All persons",133
"E09000012","Hackney","Lives in a communal establishment","Aged 60 to 64 years","All persons",83
"E09000012","Hackney","Lives in a communal establishment","Aged 65 years","All persons",13
"E09000012","Hackney","Lives in a communal establishment","Aged 66 to 69 years","All persons",57
"E09000012","Hackney","Lives in a communal establishment","Aged 70 to 74 years","All persons",44
"E09000012","Hackney","Lives in a communal establishment","Aged 75 to 79 years","All persons",75
"E09000012","Hackney","Lives in a communal establishment","Aged 80 to 84 years","All persons",52
"E09000012","Hackney","Lives in a communal establishment","Aged 85 years and over","All persons",101
"E09000013","Hammersmith and Fulham","Lives in a communal establishment","Total","All persons",2577
"E09000013","Hammersmith and Fulham","Lives in a communal establishment","Aged 2 years and under","All persons",2
"E09000013","Hammersmith and Fulham","Lives in a communal establishment","Aged 3 to 4 years","All persons",0
"E09000013","Hammersmith and Fulham","Lives in a communal establishment","Aged 5 to 7 years","All persons",2
"E09000013","Hammersmith and Fulham","Lives in a communal establishment","Aged 8 to 9 years","All persons",1
"E09000013","Hammersmith and Fulham","Lives in a communal establishment","Aged 10 to 14 years","All persons",7
"E09000013","Hammersmith and Fulham","Lives in a communal establishment","Aged 15 years","All persons",2
"E09000013","Hammersmith and Fulham","Lives in a communal establishment","Aged 16 to 17 years","All persons",10
"E09000013","Hammersmith and Fulham","Lives in a communal establishment","Aged 18 to 19 years","All persons",251
"E09000013","Hammersmith and Fulham","Lives in a communal establishment","Aged 20 to 24 years","All persons",915
"E09000013","Hammersmith and Fulham","Lives in a communal establishment","Aged 25 to 29 years","All persons",396
"E09000013","Hammersmith and Fulham","Lives in a communal establishment","Aged 30 to 34 years","All persons",208
"E09000013","Hammersmith and Fulham","Lives in a communal establishment","Aged 35 to 39 years","All persons",149
"E09000013","Hammersmith and Fulham","Lives in a communal establishment","Aged 40 to 44 years","All persons",104
"E09000013","Hammersmith and Fulham","Lives in a communal establishment","Aged 45 to 49 years","All persons",64
"E09000013","Hammersmith and Fulham","Lives in a communal establishment","Aged 50 to 54 years","All persons",63
"E09000013","Hammersmith and Fulham","Lives in a communal establishment","Aged 55 to 59 years","All persons",65
"E09000013","Hammersmith and Fulham","Lives in a communal establishment","Aged 60 to 64 years","All persons",52
"E09000013","Hammersmith and Fulham","Lives in a communal establishment","Aged 65 years","All persons",9
"E09000013","Hammersmith and Fulham","Lives in a communal establishment","Aged 66 to 69 years","All persons",23
"E09000013","Hammersmith and Fulham","Lives in a communal establishment","Aged 70 to 74 years","All persons",33
"E09000013","Hammersmith and Fulham","Lives in a communal establishment","Aged 75 to 79 years","All persons",41
"E09000013","Hammersmith and Fulham","Lives in a communal establishment","Aged 80 to 84 years","All persons",58
"E09000013","Hammersmith and Fulham","Lives in a communal establishment","Aged 85 years and over","All persons",122
"E09000014","Haringey","Lives in a communal establishment","Total","All persons",2167
"E09000014","Haringey","Lives in a communal establishment","Aged 2 years and under","All persons",1
"E09000014","Haringey","Lives in a communal establishment","Aged 3 to 4 years","All persons",3
"E09000014","Haringey","Lives in a communal establishment","Aged 5 to 7 years","All persons",2
"E09000014","Haringey","Lives in a communal establishment","Aged 8 to 9 years","All persons",1
"E09000014","Haringey","Lives in a communal establishment","Aged 10 to 14 years","All persons",4
"E09000014","Haringey","Lives in a communal establishment","Aged 15 years","All persons",2
"E09000014","Haringey","Lives in a communal establishment","Aged 16 to 17 years","All persons",14
"E09000014","Haringey","Lives in a communal establishment","Aged 18 to 19 years","All persons",448
"E09000014","Haringey","Lives in a communal establishment","Aged 20 to 24 years","All persons",652
"E09000014","Haringey","Lives in a communal establishment","Aged 25 to 29 years","All persons",211
"E09000014","Haringey","Lives in a communal establishment","Aged 30 to 34 years","All persons",96
"E09000014","Haringey","Lives in a communal establishment","Aged 35 to 39 years","All persons",72
"E09000014","Haringey","Lives in a communal establishment","Aged 40 to 44 years","All persons",74
"E09000014","Haringey","Lives in a communal establishment","Aged 45 to 49 years","All persons",55
"E09000014","Haringey","Lives in a communal establishment","Aged 50 to 54 years","All persons",71
"E09000014","Haringey","Lives in a communal establishment","Aged 55 to 59 years","All persons",71
"E09000014","Haringey","Lives in a communal establishment","Aged 60 to 64 years","All persons",70
"E09000014","Haringey","Lives in a communal establishment","Aged 65 years","All persons",19
"E09000014","Haringey","Lives in a communal establishment","Aged 66 to 69 years","All persons",27
"E09000014","Haringey","Lives in a communal establishment","Aged 70 to 74 years","All persons",47
"E09000014","Haringey","Lives in a communal establishment","Aged 75 to 79 years","All persons",57
"E09000014","Haringey","Lives in a communal establishment","Aged 80 to 84 years","All persons",53
"E09000014","Haringey","Lives in a communal establishment","Aged 85 years and over","All persons",117
"E09000015","Harrow","Lives in a communal establishment","Total","All persons",2202
"E09000015","Harrow","Lives in a communal establishment","Aged 2 years and under","All persons",3
"E09000015","Harrow","Lives in a communal establishment","Aged 3 to 4 years","All persons",3
"E09000015","Harrow","Lives in a communal establishment","Aged 5 to 7 years","All persons",3
"E09000015","Harrow","Lives in a communal establishment","Aged 8 to 9 years","All persons",2
"E09000015","Harrow","Lives in a communal establishment","Aged 10 to 14 years","All persons",171
"E09000015","Harrow","Lives in a communal establishment","Aged 15 years","All persons",143
"E09000015","Harrow","Lives in a communal establishment","Aged 16 to 17 years","All persons",336
"E09000015","Harrow","Lives in a communal establishment","Aged 18 to 19 years","All persons",153
"E09000015","Harrow","Lives in a communal establishment","Aged 20 to 24 years","All persons",99
"E09000015","Harrow","Lives in a communal establishment","Aged 25 to 29 years","All persons",61
"E09000015","Harrow","Lives in a communal establishment","Aged 30 to 34 years","All persons",60
"E09000015","Harrow","Lives in a communal establishment","Aged 35 to 39 years","All persons",63
"E09000015","Harrow","Lives in a communal establishment","Aged 40 to 44 years","All persons",54
"E09000015","Harrow","Lives in a communal establishment","Aged 45 to 49 years","All persons",51
"E09000015","Harrow","Lives in a communal establishment","Aged 50 to 54 years","All persons",50
"E09000015","Harrow","Lives in a communal establishment","Aged 55 to 59 years","All persons",88
"E09000015","Harrow","Lives in a communal establishment","Aged 60 to 64 years","All persons",111
"E09000015","Harrow","Lives in a communal establishment","Aged 65 years","All persons",6
"E09000015","Harrow","Lives in a communal establishment","Aged 66 to 69 years","All persons",59
"E09000015","Harrow","Lives in a communal establishment","Aged 70 to 74 years","All persons",73
"E09000015","Harrow","Lives in a communal establishment","Aged 75 to 79 years","All persons",110
"E09000015","Harrow","Lives in a communal establishment","Aged 80 to 84 years","All persons",127
"E09000015","Harrow","Lives in a communal establishment","Aged 85 years and over","All persons",376
"E09000016","Havering","Lives in a communal establishment","Total","All persons",1494
"E09000016","Havering","Lives in a communal establishment","Aged 2 years and under","All persons",0
"E09000016","Havering","Lives in a communal establishment","Aged 3 to 4 years","All persons",0
"E09000016","Havering","Lives in a communal establishment","Aged 5 to 7 years","All persons",0
"E09000016","Havering","Lives in a communal establishment","Aged 8 to 9 years","All persons",0
"E09000016","Havering","Lives in a communal establishment","Aged 10 to 14 years","All persons",3
"E09000016","Havering","Lives in a communal establishment","Aged 15 years","All persons",0
"E09000016","Havering","Lives in a communal establishment","Aged 16 to 17 years","All persons",25
"E09000016","Havering","Lives in a communal establishment","Aged 18 to 19 years","All persons",8
"E09000016","Havering","Lives in a communal establishment","Aged 20 to 24 years","All persons",33
"E09000016","Havering","Lives in a communal establishment","Aged 25 to 29 years","All persons",33
"E09000016","Havering","Lives in a communal establishment","Aged 30 to 34 years","All persons",19
"E09000016","Havering","Lives in a communal establishment","Aged 35 to 39 years","All persons",32
"E09000016","Havering","Lives in a communal establishment","Aged 40 to 44 years","All persons",5
"E09000016","Havering","Lives in a communal establishment","Aged 45 to 49 years","All persons",15
"E09000016","Havering","Lives in a communal establishment","Aged 50 to 54 years","All persons",37
"E09000016","Havering","Lives in a communal establishment","Aged 55 to 59 years","All persons",53
"E09000016","Havering","Lives in a communal establishment","Aged 60 to 64 years","All persons",65
"E09000016","Havering","Lives in a communal establishment","Aged 65 years","All persons",17
"E09000016","Havering","Lives in a communal establishment","Aged 66 to 69 years","All persons",55
"E09000016","Havering","Lives in a communal establishment","Aged 70 to 74 years","All persons",109
"E09000016","Havering","Lives in a communal establishment","Aged 75 to 79 years","All persons",134
"E09000016","Havering","Lives in a communal establishment","Aged 80 to 84 years","All persons",176
"E09000016","Havering","Lives in a communal establishment","Aged 85 years and over","All persons",675
"E09000017","Hillingdon","Lives in a communal establishment","Total","All persons",5493
"E09000017","Hillingdon","Lives in a communal establishment","Aged 2 years and under","All persons",0
"E09000017","Hillingdon","Lives in a communal establishment","Aged 3 to 4 years","All persons",3
"E09000017","Hillingdon","Lives in a communal establishment","Aged 5 to 7 years","All persons",0
"E09000017","Hillingdon","Lives in a communal establishment","Aged 8 to 9 years","All persons",0
"E09000017","Hillingdon","Lives in a communal establishment","Aged 10 to 14 years","All persons",9
"E09000017","Hillingdon","Lives in a communal establishment","Aged 15 years","All persons",2
"E09000017","Hillingdon","Lives in a communal establishment","Aged 16 to 17 years","All persons",44
"E09000017","Hillingdon","Lives in a communal establishment","Aged 18 to 19 years","All persons",1323
"E09000017","Hillingdon","Lives in a communal establishment","Aged 20 to 24 years","All persons",2052
"E09000017","Hillingdon","Lives in a communal establishment","Aged 25 to 29 years","All persons",356
"E09000017","Hillingdon","Lives in a communal establishment","Aged 30 to 34 years","All persons",195
"E09000017","Hillingdon","Lives in a communal establishment","Aged 35 to 39 years","All persons",117
"E09000017","Hillingdon","Lives in a communal establishment","Aged 40 to 44 years","All persons",74
"E09000017","Hillingdon","Lives in a communal establishment","Aged 45 to 49 years","All persons",58
"E09000017","Hillingdon","Lives in a communal establishment","Aged 50 to 54 years","All persons",84
"E09000017","Hillingdon","Lives in a communal establishment","Aged 55 to 59 years","All persons",75
"E09000017","Hillingdon","Lives in a communal establishment","Aged 60 to 64 years","All persons",69
"E09000017","Hillingdon","Lives in a communal establishment","Aged 65 years","All persons",22
"E09000017","Hillingdon","Lives in a communal establishment","Aged 66 to 69 years","All persons",62
"E09000017","Hillingdon","Lives in a communal establishment","Aged 70 to 74 years","All persons",93
"E09000017","Hillingdon","Lives in a communal establishment","Aged 75 to 79 years","All persons",133
"E09000017","Hillingdon","Lives in a communal establishment","Aged 80 to 84 years","All persons",191
"E09000017","Hillingdon","Lives in a communal establishment","Aged 85 years and over","All persons",531
"E09000018","Hounslow","Lives in a communal establishment","Total","All persons",1802
"E09000018","Hounslow","Lives in a communal establishment","Aged 2 years and under","All persons",19
"E09000018","Hounslow","Lives in a communal establishment","Aged 3 to 4 years","All persons",19
"E09000018","Hounslow","Lives in a communal establishment","Aged 5 to 7 years","All persons",15
"E09000018","Hounslow","Lives in a communal establishment","Aged 8 to 9 years","All persons",5
"E09000018","Hounslow","Lives in a communal establishment","Aged 10 to 14 years","All persons",17
"E09000018","Hounslow","Lives in a communal establishment","Aged 15 years","All persons",4
"E09000018","Hounslow","Lives in a communal establishment","Aged 16 to 17 years","All persons",55
"E09000018","Hounslow","Lives in a communal establishment","Aged 18 to 19 years","All persons",100
"E09000018","Hounslow","Lives in a communal establishment","Aged 20 to 24 years","All persons",310
"E09000018","Hounslow","Lives in a communal establishment","Aged 25 to 29 years","All persons",130
"E09000018","Hounslow","Lives in a communal establishment","Aged 30 to 34 years","All persons",114
"E09000018","Hounslow","Lives in a communal establishment","Aged 35 to 39 years","All persons",92
"E09000018","Hounslow","Lives in a communal establishment","Aged 40 to 44 years","All persons",112
"E09000018","Hounslow","Lives in a communal establishment","Aged 45 to 49 years","All persons",71
"E09000018","Hounslow","Lives in a communal establishment","Aged 50 to 54 years","All persons",57
"E09000018","Hounslow","Lives in a communal establishment","Aged 55 to 59 years","All persons",70
"E09000018","Hounslow","Lives in a communal establishment","Aged 60 to 64 years","All persons",67
"E09000018","Hounslow","Lives in a communal establishment","Aged 65 years","All persons",11
"E09000018","Hounslow","Lives in a communal establishment","Aged 66 to 69 years","All persons",37
"E09000018","Hounslow","Lives in a communal establishment","Aged 70 to 74 years","All persons",63
"E09000018","Hounslow","Lives in a communal establishment","Aged 75 to 79 years","All persons",79
"E09000018","Hounslow","Lives in a communal establishment","Aged 80 to 84 years","All persons",100
"E09000018","Hounslow","Lives in a communal establishment","Aged 85 years and over","All persons",255
"E09000019","Islington","Lives in a communal establishment","Total","All persons",5260
"E09000019","Islington","Lives in a communal establishment","Aged 2 years and under","All persons",5
"E09000019","Islington","Lives in a communal establishment","Aged 3 to 4 years","All persons",0
"E09000019","Islington","Lives in a communal establishment","Aged 5 to 7 years","All persons",0
"E09000019","Islington","Lives in a communal establishment","Aged 8 to 9 years","All persons",0
"E09000019","Islington","Lives in a communal establishment","Aged 10 to 14 years","All persons",1
"E09000019","Islington","Lives in a communal establishment","Aged 15 years","All persons",0
"E09000019","Islington","Lives in a communal establishment","Aged 16 to 17 years","All persons",32
"E09000019","Islington","Lives in a communal establishment","Aged 18 to 19 years","All persons",1576
"E09000019","Islington","Lives in a communal establishment","Aged 20 to 24 years","All persons",1725
"E09000019","Islington","Lives in a communal establishment","Aged 25 to 29 years","All persons",520
"E09000019","Islington","Lives in a communal establishment","Aged 30 to 34 years","All persons",280
"E09000019","Islington","Lives in a communal establishment","Aged 35 to 39 years","All persons",180
"E09000019","Islington","Lives in a communal establishment","Aged 40 to 44 years","All persons",145
"E09000019","Islington","Lives in a communal establishment","Aged 45 to 49 years","All persons",88
"E09000019","Islington","Lives in a communal establishment","Aged 50 to 54 years","All persons",78
"E09000019","Islington","Lives in a communal establishment","Aged 55 to 59 years","All persons",101
"E09000019","Islington","Lives in a communal establishment","Aged 60 to 64 years","All persons",83
"E09000019","Islington","Lives in a communal establishment","Aged 65 years","All persons",18
"E09000019","Islington","Lives in a communal establishment","Aged 66 to 69 years","All persons",63
"E09000019","Islington","Lives in a communal establishment","Aged 70 to 74 years","All persons",87
"E09000019","Islington","Lives in a communal establishment","Aged 75 to 79 years","All persons",89
"E09000019","Islington","Lives in a communal establishment","Aged 80 to 84 years","All persons",52
"E09000019","Islington","Lives in a communal establishment","Aged 85 years and over","All persons",137
"E09000020","Kensington and Chelsea","Lives in a communal establishment","Total","All persons",2301
"E09000020","Kensington and Chelsea","Lives in a communal establishment","Aged 2 years and under","All persons",6
"E09000020","Kensington and Chelsea","Lives in a communal establishment","Aged 3 to 4 years","All persons",4
"E09000020","Kensington and Chelsea","Lives in a communal establishment","Aged 5 to 7 years","All persons",5
"E09000020","Kensington and Chelsea","Lives in a communal establishment","Aged 8 to 9 years","All persons",3
"E09000020","Kensington and Chelsea","Lives in a communal establishment","Aged 10 to 14 years","All persons",10
"E09000020","Kensington and Chelsea","Lives in a communal establishment","Aged 15 years","All persons",0
"E09000020","Kensington and Chelsea","Lives in a communal establishment","Aged 16 to 17 years","All persons",29
"E09000020","Kensington and Chelsea","Lives in a communal establishment","Aged 18 to 19 years","All persons",171
"E09000020","Kensington and Chelsea","Lives in a communal establishment","Aged 20 to 24 years","All persons",615
"E09000020","Kensington and Chelsea","Lives in a communal establishment","Aged 25 to 29 years","All persons",238
"E09000020","Kensington and Chelsea","Lives in a communal establishment","Aged 30 to 34 years","All persons",141
"E09000020","Kensington and Chelsea","Lives in a communal establishment","Aged 35 to 39 years","All persons",108
"E09000020","Kensington and Chelsea","Lives in a communal establishment","Aged 40 to 44 years","All persons",96
"E09000020","Kensington and Chelsea","Lives in a communal establishment","Aged 45 to 49 years","All persons",87
"E09000020","Kensington and Chelsea","Lives in a communal establishment","Aged 50 to 54 years","All persons",68
"E09000020","Kensington and Chelsea","Lives in a communal establishment","Aged 55 to 59 years","All persons",69
"E09000020","Kensington and Chelsea","Lives in a communal establishment","Aged 60 to 64 years","All persons",46
"E09000020","Kensington and Chelsea","Lives in a communal establishment","Aged 65 years","All persons",10
"E09000020","Kensington and Chelsea","Lives in a communal establishment","Aged 66 to 69 years","All persons",60
"E09000020","Kensington and Chelsea","Lives in a communal establishment","Aged 70 to 74 years","All persons",75
"E09000020","Kensington and Chelsea","Lives in a communal establishment","Aged 75 to 79 years","All persons",107
"E09000020","Kensington and Chelsea","Lives in a communal establishment","Aged 80 to 84 years","All persons",116
"E09000020","Kensington and Chelsea","Lives in a communal establishment","Aged 85 years and over","All persons",237
"E09000021","Kingston upon Thames","Lives in a communal establishment","Total","All persons",3371
"E09000021","Kingston upon Thames","Lives in a communal establishment","Aged 2 years and under","All persons",2
"E09000021","Kingston upon Thames","Lives in a communal establishment","Aged 3 to 4 years","All persons",2
"E09000021","Kingston upon Thames","Lives in a communal establishment","Aged 5 to 7 years","All persons",0
"E09000021","Kingston upon Thames","Lives in a communal establishment","Aged 8 to 9 years","All persons",0
"E09000021","Kingston upon Thames","Lives in a communal establishment","Aged 10 to 14 years","All persons",14
"E09000021","Kingston upon Thames","Lives in a communal establishment","Aged 15 years","All persons",4
"E09000021","Kingston upon Thames","Lives in a communal establishment","Aged 16 to 17 years","All persons",29
"E09000021","Kingston upon Thames","Lives in a communal establishment","Aged 18 to 19 years","All persons",716
"E09000021","Kingston upon Thames","Lives in a communal establishment","Aged 20 to 24 years","All persons",1264
"E09000021","Kingston upon Thames","Lives in a communal establishment","Aged 25 to 29 years","All persons",215
"E09000021","Kingston upon Thames","Lives in a communal establishment","Aged 30 to 34 years","All persons",60
"E09000021","Kingston upon Thames","Lives in a communal establishment","Aged 35 to 39 years","All persons",46
"E09000021","Kingston upon Thames","Lives in a communal establishment","Aged 40 to 44 years","All persons",45
"E09000021","Kingston upon Thames","Lives in a communal establishment","Aged 45 to 49 years","All persons",53
"E09000021","Kingston upon Thames","Lives in a communal establishment","Aged 50 to 54 years","All persons",63
"E09000021","Kingston upon Thames","Lives in a communal establishment","Aged 55 to 59 years","All persons",78
"E09000021","Kingston upon Thames","Lives in a communal establishment","Aged 60 to 64 years","All persons",57
"E09000021","Kingston upon Thames","Lives in a communal establishment","Aged 65 years","All persons",10
"E09000021","Kingston upon Thames","Lives in a communal establishment","Aged 66 to 69 years","All persons",35
"E09000021","Kingston upon Thames","Lives in a communal establishment","Aged 70 to 74 years","All persons",61
"E09000021","Kingston upon Thames","Lives in a communal establishment","Aged 75 to 79 years","All persons",88
"E09000021","Kingston upon Thames","Lives in a communal establishment","Aged 80 to 84 years","All persons",113
"E09000021","Kingston upon Thames","Lives in a communal establishment","Aged 85 years and over","All persons",416
"E09000022","Lambeth","Lives in a communal establishment","Total","All persons",4387
"E09000022","Lambeth","Lives in a communal establishment","Aged 2 years and under","All persons",6
"E09000022","Lambeth","Lives in a communal establishment","Aged 3 to 4 years","All persons",5
"E09000022","Lambeth","Lives in a communal establishment","Aged 5 to 7 years","All persons",5
"E09000022","Lambeth","Lives in a communal establishment","Aged 8 to 9 years","All persons",1
"E09000022","Lambeth","Lives in a communal establishment","Aged 10 to 14 years","All persons",7
"E09000022","Lambeth","Lives in a communal establishment","Aged 15 years","All persons",6
"E09000022","Lambeth","Lives in a communal establishment","Aged 16 to 17 years","All persons",54
"E09000022","Lambeth","Lives in a communal establishment","Aged 18 to 19 years","All persons",730
"E09000022","Lambeth","Lives in a communal establishment","Aged 20 to 24 years","All persons",1001
"E09000022","Lambeth","Lives in a communal establishment","Aged 25 to 29 years","All persons",376
"E09000022","Lambeth","Lives in a communal establishment","Aged 30 to 34 years","All persons",286
"E09000022","Lambeth","Lives in a communal establishment","Aged 35 to 39 years","All persons",223
"E09000022","Lambeth","Lives in a communal establishment","Aged 40 to 44 years","All persons",195
"E09000022","Lambeth","Lives in a communal establishment","Aged 45 to 49 years","All persons",183
"E09000022","Lambeth","Lives in a communal establishment","Aged 50 to 54 years","All persons",236
"E09000022","Lambeth","Lives in a communal establishment","Aged 55 to 59 years","All persons",168
"E09000022","Lambeth","Lives in a communal establishment","Aged 60 to 64 years","All persons",186
"E09000022","Lambeth","Lives in a communal establishment","Aged 65 years","All persons",24
"E09000022","Lambeth","Lives in a communal establishment","Aged 66 to 69 years","All persons",109
"E09000022","Lambeth","Lives in a communal establishment","Aged 70 to 74 years","All persons",123
"E09000022","Lambeth","Lives in a communal establishment","Aged 75 to 79 years","All persons",124
"E09000022","Lambeth","Lives in a communal establishment","Aged 80 to 84 years","All persons",104
"E09000022","Lambeth","Lives in a communal establishment","Aged 85 years and over","All persons",235
"E09000023","Lewisham","Lives in a communal establishment","Total","All persons",2672
"E09000023","Lewisham","Lives in a communal establishment","Aged 2 years and under","All persons",0
"E09000023","Lewisham","Lives in a communal establishment","Aged 3 to 4 years","All persons",1
"E09000023","Lewisham","Lives in a communal establishment","Aged 5 to 7 years","All persons",2
"E09000023","Lewisham","Lives in a communal establishment","Aged 8 to 9 years","All persons",0
"E09000023","Lewisham","Lives in a communal establishment","Aged 10 to 14 years","All persons",11
"E09000023","Lewisham","Lives in a communal establishment","Aged 15 years","All persons",1
"E09000023","Lewisham","Lives in a communal establishment","Aged 16 to 17 years","All persons",22
"E09000023","Lewisham","Lives in a communal establishment","Aged 18 to 19 years","All persons",560
"E09000023","Lewisham","Lives in a communal establishment","Aged 20 to 24 years","All persons",548
"E09000023","Lewisham","Lives in a communal establishment","Aged 25 to 29 years","All persons",160
"E09000023","Lewisham","Lives in a communal establishment","Aged 30 to 34 years","All persons",101
"E09000023","Lewisham","Lives in a communal establishment","Aged 35 to 39 years","All persons",61
"E09000023","Lewisham","Lives in a communal establishment","Aged 40 to 44 years","All persons",76
"E09000023","Lewisham","Lives in a communal establishment","Aged 45 to 49 years","All persons",78
"E09000023","Lewisham","Lives in a communal establishment","Aged 50 to 54 years","All persons",131
"E09000023","Lewisham","Lives in a communal establishment","Aged 55 to 59 years","All persons",142
"E09000023","Lewisham","Lives in a communal establishment","Aged 60 to 64 years","All persons",81
"E09000023","Lewisham","Lives in a communal establishment","Aged 65 years","All persons",32
"E09000023","Lewisham","Lives in a communal establishment","Aged 66 to 69 years","All persons",83
"E09000023","Lewisham","Lives in a communal establishment","Aged 70 to 74 years","All persons",71
"E09000023","Lewisham","Lives in a communal establishment","Aged 75 to 79 years","All persons",104
"E09000023","Lewisham","Lives in a communal establishment","Aged 80 to 84 years","All persons",128
"E09000023","Lewisham","Lives in a communal establishment","Aged 85 years and over","All persons",279
"E09000024","Merton","Lives in a communal establishment","Total","All persons",1074
"E09000024","Merton","Lives in a communal establishment","Aged 2 years and under","All persons",2
"E09000024","Merton","Lives in a communal establishment","Aged 3 to 4 years","All persons",1
"E09000024","Merton","Lives in a communal establishment","Aged 5 to 7 years","All persons",0
"E09000024","Merton","Lives in a communal establishment","Aged 8 to 9 years","All persons",0
"E09000024","Merton","Lives in a communal establishment","Aged 10 to 14 years","All persons",2
"E09000024","Merton","Lives in a communal establishment","Aged 15 years","All persons",0
"E09000024","Merton","Lives in a communal establishment","Aged 16 to 17 years","All persons",4
"E09000024","Merton","Lives in a communal establishment","Aged 18 to 19 years","All persons",22
"E09000024","Merton","Lives in a communal establishment","Aged 20 to 24 years","All persons",35
"E09000024","Merton","Lives in a communal establishment","Aged 25 to 29 years","All persons",56
"E09000024","Merton","Lives in a communal establishment","Aged 30 to 34 years","All persons",46
"E09000024","Merton","Lives in a communal establishment","Aged 35 to 39 years","All persons",28
"E09000024","Merton","Lives in a communal establishment","Aged 40 to 44 years","All persons",26
"E09000024","Merton","Lives in a communal establishment","Aged 45 to 49 years","All persons",30
"E09000024","Merton","Lives in a communal establishment","Aged 50 to 54 years","All persons",39
"E09000024","Merton","Lives in a communal establishment","Aged 55 to 59 years","All persons",49
"E09000024","Merton","Lives in a communal establishment","Aged 60 to 64 years","All persons",58
"E09000024","Merton","Lives in a communal establishment","Aged 65 years","All persons",8
"E09000024","Merton","Lives in a communal establishment","Aged 66 to 69 years","All persons",50
"E09000024","Merton","Lives in a communal establishment","Aged 70 to 74 years","All persons",80
"E09000024","Merton","Lives in a communal establishment","Aged 75 to 79 years","All persons",80
"E09000024","Merton","Lives in a communal establishment","Aged 80 to 84 years","All persons",103
"E09000024","Merton","Lives in a communal establishment","Aged 85 years and over","All persons",355
"E09000025","Newham","Lives in a communal establishment","Total","All persons",2625
"E09000025","Newham","Lives in a communal establishment","Aged 2 years and under","All persons",2
"E09000025","Newham","Lives in a communal establishment","Aged 3 to 4 years","All persons",0
"E09000025","Newham","Lives in a communal establishment","Aged 5 to 7 years","All persons",2
"E09000025","Newham","Lives in a communal establishment","Aged 8 to 9 years","All persons",0
"E09000025","Newham","Lives in a communal establishment","Aged 10 to 14 years","All persons",2
"E09000025","Newham","Lives in a communal establishment","Aged 15 years","All persons",2
"E09000025","Newham","Lives in a communal establishment","Aged 16 to 17 years","All persons",2
"E09000025","Newham","Lives in a communal establishment","Aged 18 to 19 years","All persons",524
"E09000025","Newham","Lives in a communal establishment","Aged 20 to 24 years","All persons",956
"E09000025","Newham","Lives in a communal establishment","Aged 25 to 29 years","All persons",315
"E09000025","Newham","Lives in a communal establishment","Aged 30 to 34 years","All persons",107
"E09000025","Newham","Lives in a communal establishment","Aged 35 to 39 years","All persons",83
"E09000025","Newham","Lives in a communal establishment","Aged 40 to 44 years","All persons",47
"E09000025","Newham","Lives in a communal establishment","Aged 45 to 49 years","All persons",59
"E09000025","Newham","Lives in a communal establishment","Aged 50 to 54 years","All persons",56
"E09000025","Newham","Lives in a communal establishment","Aged 55 to 59 years","All persons",63
"E09000025","Newham","Lives in a communal establishment","Aged 60 to 64 years","All persons",55
"E09000025","Newham","Lives in a communal establishment","Aged 65 years","All persons",11
"E09000025","Newham","Lives in a communal establishment","Aged 66 to 69 years","All persons",32
"E09000025","Newham","Lives in a communal establishment","Aged 70 to 74 years","All persons",60
"E09000025","Newham","Lives in a communal establishment","Aged 75 to 79 years","All persons",39
"E09000025","Newham","Lives in a communal establishment","Aged 80 to 84 years","All persons",69
"E09000025","Newham","Lives in a communal establishment","Aged 85 years and over","All persons",139
"E09000026","Redbridge","Lives in a communal establishment","Total","All persons",1768
"E09000026","Redbridge","Lives in a communal establishment","Aged 2 years and under","All persons",8
"E09000026","Redbridge","Lives in a communal establishment","Aged 3 to 4 years","All persons",1
"E09000026","Redbridge","Lives in a communal establishment","Aged 5 to 7 years","All persons",3
"E09000026","Redbridge","Lives in a communal establishment","Aged 8 to 9 years","All persons",0
"E09000026","Redbridge","Lives in a communal establishment","Aged 10 to 14 years","All persons",9
"E09000026","Redbridge","Lives in a communal establishment","Aged 15 years","All persons",3
"E09000026","Redbridge","Lives in a communal establishment","Aged 16 to 17 years","All persons",33
"E09000026","Redbridge","Lives in a communal establishment","Aged 18 to 19 years","All persons",67
"E09000026","Redbridge","Lives in a communal establishment","Aged 20 to 24 years","All persons",97
"E09000026","Redbridge","Lives in a communal establishment","Aged 25 to 29 years","All persons",67
"E09000026","Redbridge","Lives in a communal establishment","Aged 30 to 34 years","All persons",56
"E09000026","Redbridge","Lives in a communal establishment","Aged 35 to 39 years","All persons",84
"E09000026","Redbridge","Lives in a communal establishment","Aged 40 to 44 years","All persons",79
"E09000026","Redbridge","Lives in a communal establishment","Aged 45 to 49 years","All persons",86
"E09000026","Redbridge","Lives in a communal establishment","Aged 50 to 54 years","All persons",103
"E09000026","Redbridge","Lives in a communal establishment","Aged 55 to 59 years","All persons",101
"E09000026","Redbridge","Lives in a communal establishment","Aged 60 to 64 years","All persons",107
"E09000026","Redbridge","Lives in a communal establishment","Aged 65 years","All persons",27
"E09000026","Redbridge","Lives in a communal establishment","Aged 66 to 69 years","All persons",74
"E09000026","Redbridge","Lives in a communal establishment","Aged 70 to 74 years","All persons",97
"E09000026","Redbridge","Lives in a communal establishment","Aged 75 to 79 years","All persons",140
"E09000026","Redbridge","Lives in a communal establishment","Aged 80 to 84 years","All persons",133
"E09000026","Redbridge","Lives in a communal establishment","Aged 85 years and over","All persons",393
"E09000027","Richmond upon Thames","Lives in a communal establishment","Total","All persons",1869
"E09000027","Richmond upon Thames","Lives in a communal establishment","Aged 2 years and under","All persons",3
"E09000027","Richmond upon Thames","Lives in a communal establishment","Aged 3 to 4 years","All persons",0
"E09000027","Richmond upon Thames","Lives in a communal establishment","Aged 5 to 7 years","All persons",0
"E09000027","Richmond upon Thames","Lives in a communal establishment","Aged 8 to 9 years","All persons",0
"E09000027","Richmond upon Thames","Lives in a communal establishment","Aged 10 to 14 years","All persons",29
"E09000027","Richmond upon Thames","Lives in a communal establishment","Aged 15 years","All persons",3
"E09000027","Richmond upon Thames","Lives in a communal establishment","Aged 16 to 17 years","All persons",29
"E09000027","Richmond upon Thames","Lives in a communal establishment","Aged 18 to 19 years","All persons",457
"E09000027","Richmond upon Thames","Lives in a communal establishment","Aged 20 to 24 years","All persons",377
"E09000027","Richmond upon Thames","Lives in a communal establishment","Aged 25 to 29 years","All persons",62
"E09000027","Richmond upon Thames","Lives in a communal establishment","Aged 30 to 34 years","All persons",44
"E09000027","Richmond upon Thames","Lives in a communal establishment","Aged 35 to 39 years","All persons",40
"E09000027","Richmond upon Thames","Lives in a communal establishment","Aged 40 to 44 years","All persons",13
"E09000027","Richmond upon Thames","Lives in a communal establishment","Aged 45 to 49 years","All persons",30
"E09000027","Richmond upon Thames","Lives in a communal establishment","Aged 50 to 54 years","All persons",21
"E09000027","Richmond upon Thames","Lives in a communal establishment","Aged 55 to 59 years","All persons",37
"E09000027","Richmond upon Thames","Lives in a communal establishment","Aged 60 to 64 years","All persons",37
"E09000027","Richmond upon Thames","Lives in a communal establishment","Aged 65 years","All persons",14
"E09000027","Richmond upon Thames","Lives in a communal establishment","Aged 66 to 69 years","All persons",26
"E09000027","Richmond upon Thames","Lives in a communal establishment","Aged 70 to 74 years","All persons",56
"E09000027","Richmond upon Thames","Lives in a communal establishment","Aged 75 to 79 years","All persons",99
"E09000027","Richmond upon Thames","Lives in a communal establishment","Aged 80 to 84 years","All persons",98
"E09000027","Richmond upon Thames","Lives in a communal establishment","Aged 85 years and over","All persons",394
"E09000028","Southwark","Lives in a communal establishment","Total","All persons",5139
"E09000028","Southwark","Lives in a communal establishment","Aged 2 years and under","All persons",0
"E09000028","Southwark","Lives in a communal establishment","Aged 3 to 4 years","All persons",0
"E09000028","Southwark","Lives in a communal establishment","Aged 5 to 7 years","All persons",2
"E09000028","Southwark","Lives in a communal establishment","Aged 8 to 9 years","All persons",4
"E09000028","Southwark","Lives in a communal establishment","Aged 10 to 14 years","All persons",11
"E09000028","Southwark","Lives in a communal establishment","Aged 15 years","All persons",23
"E09000028","Southwark","Lives in a communal establishment","Aged 16 to 17 years","All persons",95
"E09000028","Southwark","Lives in a communal establishment","Aged 18 to 19 years","All persons",1856
"E09000028","Southwark","Lives in a communal establishment","Aged 20 to 24 years","All persons",1696
"E09000028","Southwark","Lives in a communal establishment","Aged 25 to 29 years","All persons",375
"E09000028","Southwark","Lives in a communal establishment","Aged 30 to 34 years","All persons",175
"E09000028","Southwark","Lives in a communal establishment","Aged 35 to 39 years","All persons",98
"E09000028","Southwark","Lives in a communal establishment","Aged 40 to 44 years","All persons",71
"E09000028","Southwark","Lives in a communal establishment","Aged 45 to 49 years","All persons",75
"E09000028","Southwark","Lives in a communal establishment","Aged 50 to 54 years","All persons",70
"E09000028","Southwark","Lives in a communal establishment","Aged 55 to 59 years","All persons",89
"E09000028","Southwark","Lives in a communal establishment","Aged 60 to 64 years","All persons",72
"E09000028","Southwark","Lives in a communal establishment","Aged 65 years","All persons",9
"E09000028","Southwark","Lives in a communal establishment","Aged 66 to 69 years","All persons",53
"E09000028","Southwark","Lives in a communal establishment","Aged 70 to 74 years","All persons",78
"E09000028","Southwark","Lives in a communal establishment","Aged 75 to 79 years","All persons",68
"E09000028","Southwark","Lives in a communal establishment","Aged 80 to 84 years","All persons",59
"E09000028","Southwark","Lives in a communal establishment","Aged 85 years and over","All persons",160
"E09000029","Sutton","Lives in a communal establishment","Total","All persons",1215
"E09000029","Sutton","Lives in a communal establishment","Aged 2 years and under","All persons",0
"E09000029","Sutton","Lives in a communal establishment","Aged 3 to 4 years","All persons",0
"E09000029","Sutton","Lives in a communal establishment","Aged 5 to 7 years","All persons",2
"E09000029","Sutton","Lives in a communal establishment","Aged 8 to 9 years","All persons",0
"E09000029","Sutton","Lives in a communal establishment","Aged 10 to 14 years","All persons",0
"E09000029","Sutton","Lives in a communal establishment","Aged 15 years","All persons",0
"E09000029","Sutton","Lives in a communal establishment","Aged 16 to 17 years","All persons",0
"E09000029","Sutton","Lives in a communal establishment","Aged 18 to 19 years","All persons",2
"E09000029","Sutton","Lives in a communal establishment","Aged 20 to 24 years","All persons",11
"E09000029","Sutton","Lives in a communal establishment","Aged 25 to 29 years","All persons",49
"E09000029","Sutton","Lives in a communal establishment","Aged 30 to 34 years","All persons",54
"E09000029","Sutton","Lives in a communal establishment","Aged 35 to 39 years","All persons",43
"E09000029","Sutton","Lives in a communal establishment","Aged 40 to 44 years","All persons",43
"E09000029","Sutton","Lives in a communal establishment","Aged 45 to 49 years","All persons",47
"E09000029","Sutton","Lives in a communal establishment","Aged 50 to 54 years","All persons",52
"E09000029","Sutton","Lives in a communal establishment","Aged 55 to 59 years","All persons",80
"E09000029","Sutton","Lives in a communal establishment","Aged 60 to 64 years","All persons",76
"E09000029","Sutton","Lives in a communal establishment","Aged 65 years","All persons",11
"E09000029","Sutton","Lives in a communal establishment","Aged 66 to 69 years","All persons",42
"E09000029","Sutton","Lives in a communal establishment","Aged 70 to 74 years","All persons",72
"E09000029","Sutton","Lives in a communal establishment","Aged 75 to 79 years","All persons",83
"E09000029","Sutton","Lives in a communal establishment","Aged 80 to 84 years","All persons",106
"E09000029","Sutton","Lives in a communal establishment","Aged 85 years and over","All persons",442
"E09000030","Tower Hamlets","Lives in a communal establishment","Total","All persons",6627
"E09000030","Tower Hamlets","Lives in a communal establishment","Aged 2 years and under","All persons",97
"E09000030","Tower Hamlets","Lives in a communal establishment","Aged 3 to 4 years","All persons",78
"E09000030","Tower Hamlets","Lives in a communal establishment","Aged 5 to 7 years","All persons",90
"E09000030","Tower Hamlets","Lives in a communal establishment","Aged 8 to 9 years","All persons",72
"E09000030","Tower Hamlets","Lives in a communal establishment","Aged 10 to 14 years","All persons",172
"E09000030","Tower Hamlets","Lives in a communal establishment","Aged 15 years","All persons",30
"E09000030","Tower Hamlets","Lives in a communal establishment","Aged 16 to 17 years","All persons",106
"E09000030","Tower Hamlets","Lives in a communal establishment","Aged 18 to 19 years","All persons",1629
"E09000030","Tower Hamlets","Lives in a communal establishment","Aged 20 to 24 years","All persons",1865
"E09000030","Tower Hamlets","Lives in a communal establishment","Aged 25 to 29 years","All persons",658
"E09000030","Tower Hamlets","Lives in a communal establishment","Aged 30 to 34 years","All persons",367
"E09000030","Tower Hamlets","Lives in a communal establishment","Aged 35 to 39 years","All persons",272
"E09000030","Tower Hamlets","Lives in a communal establishment","Aged 40 to 44 years","All persons",225
"E09000030","Tower Hamlets","Lives in a communal establishment","Aged 45 to 49 years","All persons",167
"E09000030","Tower Hamlets","Lives in a communal establishment","Aged 50 to 54 years","All persons",151
"E09000030","Tower Hamlets","Lives in a communal establishment","Aged 55 to 59 years","All persons",143
"E09000030","Tower Hamlets","Lives in a communal establishment","Aged 60 to 64 years","All persons",139
"E09000030","Tower Hamlets","Lives in a communal establishment","Aged 65 years","All persons",17
"E09000030","Tower Hamlets","Lives in a communal establishment","Aged 66 to 69 years","All persons",75
"E09000030","Tower Hamlets","Lives in a communal establishment","Aged 70 to 74 years","All persons",89
"E09000030","Tower Hamlets","Lives in a communal establishment","Aged 75 to 79 years","All persons",55
"E09000030","Tower Hamlets","Lives in a communal establishment","Aged 80 to 84 years","All persons",44
"E09000030","Tower Hamlets","Lives in a communal establishment","Aged 85 years and over","All persons",86
"E09000031","Waltham Forest","Lives in a communal establishment","Total","All persons",1737
"E09000031","Waltham Forest","Lives in a communal establishment","Aged 2 years and under","All persons",0
"E09000031","Waltham Forest","Lives in a communal establishment","Aged 3 to 4 years","All persons",0
"E09000031","Waltham Forest","Lives in a communal establishment","Aged 5 to 7 years","All persons",0
"E09000031","Waltham Forest","Lives in a communal establishment","Aged 8 to 9 years","All persons",3
"E09000031","Waltham Forest","Lives in a communal establishment","Aged 10 to 14 years","All persons",8
"E09000031","Waltham Forest","Lives in a communal establishment","Aged 15 years","All persons",4
"E09000031","Waltham Forest","Lives in a communal establishment","Aged 16 to 17 years","All persons",12
"E09000031","Waltham Forest","Lives in a communal establishment","Aged 18 to 19 years","All persons",148
"E09000031","Waltham Forest","Lives in a communal establishment","Aged 20 to 24 years","All persons",222
"E09000031","Waltham Forest","Lives in a communal establishment","Aged 25 to 29 years","All persons",113
"E09000031","Waltham Forest","Lives in a communal establishment","Aged 30 to 34 years","All persons",90
"E09000031","Waltham Forest","Lives in a communal establishment","Aged 35 to 39 years","All persons",58
"E09000031","Waltham Forest","Lives in a communal establishment","Aged 40 to 44 years","All persons",81
"E09000031","Waltham Forest","Lives in a communal establishment","Aged 45 to 49 years","All persons",67
"E09000031","Waltham Forest","Lives in a communal establishment","Aged 50 to 54 years","All persons",81
"E09000031","Waltham Forest","Lives in a communal establishment","Aged 55 to 59 years","All persons",86
"E09000031","Waltham Forest","Lives in a communal establishment","Aged 60 to 64 years","All persons",102
"E09000031","Waltham Forest","Lives in a communal establishment","Aged 65 years","All persons",23
"E09000031","Waltham Forest","Lives in a communal establishment","Aged 66 to 69 years","All persons",79
"E09000031","Waltham Forest","Lives in a communal establishment","Aged 70 to 74 years","All persons",85
"E09000031","Waltham Forest","Lives in a communal establishment","Aged 75 to 79 years","All persons",92
"E09000031","Waltham Forest","Lives in a communal establishment","Aged 80 to 84 years","All persons",132
"E09000031","Waltham Forest","Lives in a communal establishment","Aged 85 years and over","All persons",251
"E09000032","Wandsworth","Lives in a communal establishment","Total","All persons",4505
"E09000032","Wandsworth","Lives in a communal establishment","Aged 2 years and under","All persons",0
"E09000032","Wandsworth","Lives in a communal establishment","Aged 3 to 4 years","All persons",0
"E09000032","Wandsworth","Lives in a communal establishment","Aged 5 to 7 years","All persons",0
"E09000032","Wandsworth","Lives in a communal establishment","Aged 8 to 9 years","All persons",1
"E09000032","Wandsworth","Lives in a communal establishment","Aged 10 to 14 years","All persons",11
"E09000032","Wandsworth","Lives in a communal establishment","Aged 15 years","All persons",7
"E09000032","Wandsworth","Lives in a communal establishment","Aged 16 to 17 years","All persons",18
"E09000032","Wandsworth","Lives in a communal establishment","Aged 18 to 19 years","All persons",790
"E09000032","Wandsworth","Lives in a communal establishment","Aged 20 to 24 years","All persons",1323
"E09000032","Wandsworth","Lives in a communal establishment","Aged 25 to 29 years","All persons",379
"E09000032","Wandsworth","Lives in a communal establishment","Aged 30 to 34 years","All persons",261
"E09000032","Wandsworth","Lives in a communal establishment","Aged 35 to 39 years","All persons",182
"E09000032","Wandsworth","Lives in a communal establishment","Aged 40 to 44 years","All persons",147
"E09000032","Wandsworth","Lives in a communal establishment","Aged 45 to 49 years","All persons",160
"E09000032","Wandsworth","Lives in a communal establishment","Aged 50 to 54 years","All persons",140
"E09000032","Wandsworth","Lives in a communal establishment","Aged 55 to 59 years","All persons",148
"E09000032","Wandsworth","Lives in a communal establishment","Aged 60 to 64 years","All persons",87
"E09000032","Wandsworth","Lives in a communal establishment","Aged 65 years","All persons",8
"E09000032","Wandsworth","Lives in a communal establishment","Aged 66 to 69 years","All persons",63
"E09000032","Wandsworth","Lives in a communal establishment","Aged 70 to 74 years","All persons",104
"E09000032","Wandsworth","Lives in a communal establishment","Aged 75 to 79 years","All persons",104
"E09000032","Wandsworth","Lives in a communal establishment","Aged 80 to 84 years","All persons",149
"E09000032","Wandsworth","Lives in a communal establishment","Aged 85 years and over","All persons",423
"E09000033","Westminster","Lives in a communal establishment","Total","All persons",4300
"E09000033","Westminster","Lives in a communal establishment","Aged 2 years and under","All persons",6
"E09000033","Westminster","Lives in a communal establishment","Aged 3 to 4 years","All persons",3
"E09000033","Westminster","Lives in a communal establishment","Aged 5 to 7 years","All persons",4
"E09000033","Westminster","Lives in a communal establishment","Aged 8 to 9 years","All persons",30
"E09000033","Westminster","Lives in a communal establishment","Aged 10 to 14 years","All persons",148
"E09000033","Westminster","Lives in a communal establishment","Aged 15 years","All persons",34
"E09000033","Westminster","Lives in a communal establishment","Aged 16 to 17 years","All persons",160
"E09000033","Westminster","Lives in a communal establishment","Aged 18 to 19 years","All persons",1314
"E09000033","Westminster","Lives in a communal establishment","Aged 20 to 24 years","All persons",881
"E09000033","Westminster","Lives in a communal establishment","Aged 25 to 29 years","All persons",409
"E09000033","Westminster","Lives in a communal establishment","Aged 30 to 34 years","All persons",262
"E09000033","Westminster","Lives in a communal establishment","Aged 35 to 39 years","All persons",189
"E09000033","Westminster","Lives in a communal establishment","Aged 40 to 44 years","All persons",145
"E09000033","Westminster","Lives in a communal establishment","Aged 45 to 49 years","All persons",137
"E09000033","Westminster","Lives in a communal establishment","Aged 50 to 54 years","All persons",148
"E09000033","Westminster","Lives in a communal establishment","Aged 55 to 59 years","All persons",101
"E09000033","Westminster","Lives in a communal establishment","Aged 60 to 64 years","All persons",66
"E09000033","Westminster","Lives in a communal establishment","Aged 65 years","All persons",20
"E09000033","Westminster","Lives in a communal establishment","Aged 66 to 69 years","All persons",44
"E09000033","Westminster","Lives in a communal establishment","Aged 70 to 74 years","All persons",55
"E09000033","Westminster","Lives in a communal establishment","Aged 75 to 79 years","All persons",32
"E09000033","Westminster","Lives in a communal establishment","Aged 80 to 84 years","All persons",36
"E09000033","Westminster","Lives in a communal establishment","Aged 85 years and over","All persons",76
"E06000035","Medway","Lives in a communal establishment","Total","All persons",3752
"E06000035","Medway","Lives in a communal establishment","Aged 2 years and under","All persons",0
"E06000035","Medway","Lives in a communal establishment","Aged 3 to 4 years","All persons",0
"E06000035","Medway","Lives in a communal establishment","Aged 5 to 7 years","All persons",3
"E06000035","Medway","Lives in a communal establishment","Aged 8 to 9 years","All persons",3
"E06000035","Medway","Lives in a communal establishment","Aged 10 to 14 years","All persons",19
"E06000035","Medway","Lives in a communal establishment","Aged 15 years","All persons",9
"E06000035","Medway","Lives in a communal establishment","Aged 16 to 17 years","All persons",104
"E06000035","Medway","Lives in a communal establishment","Aged 18 to 19 years","All persons",641
"E06000035","Medway","Lives in a communal establishment","Aged 20 to 24 years","All persons",900
"E06000035","Medway","Lives in a communal establishment","Aged 25 to 29 years","All persons",304
"E06000035","Medway","Lives in a communal establishment","Aged 30 to 34 years","All persons",171
"E06000035","Medway","Lives in a communal establishment","Aged 35 to 39 years","All persons",129
"E06000035","Medway","Lives in a communal establishment","Aged 40 to 44 years","All persons",112
"E06000035","Medway","Lives in a communal establishment","Aged 45 to 49 years","All persons",89
"E06000035","Medway","Lives in a communal establishment","Aged 50 to 54 years","All persons",79
"E06000035","Medway","Lives in a communal establishment","Aged 55 to 59 years","All persons",93
"E06000035","Medway","Lives in a communal establishment","Aged 60 to 64 years","All persons",52
"E06000035","Medway","Lives in a communal establishment","Aged 65 years","All persons",19
"E06000035","Medway","Lives in a communal establishment","Aged 66 to 69 years","All persons",59
"E06000035","Medway","Lives in a communal establishment","Aged 70 to 74 years","All persons",99
"E06000035","Medway","Lives in a communal establishment","Aged 75 to 79 years","All persons",136
"E06000035","Medway","Lives in a communal establishment","Aged 80 to 84 years","All persons",203
"E06000035","Medway","Lives in a communal establishment","Aged 85 years and over","All persons",528
"E06000036","Bracknell Forest","Lives in a communal establishment","Total","All persons",2494
"E06000036","Bracknell Forest","Lives in a communal establishment","Aged 2 years and under","All persons",23
"E06000036","Bracknell Forest","Lives in a communal establishment","Aged 3 to 4 years","All persons",12
"E06000036","Bracknell Forest","Lives in a communal establishment","Aged 5 to 7 years","All persons",19
"E06000036","Bracknell Forest","Lives in a communal establishment","Aged 8 to 9 years","All persons",12
"E06000036","Bracknell Forest","Lives in a communal establishment","Aged 10 to 14 years","All persons",318
"E06000036","Bracknell Forest","Lives in a communal establishment","Aged 15 years","All persons",156
"E06000036","Bracknell Forest","Lives in a communal establishment","Aged 16 to 17 years","All persons",392
"E06000036","Bracknell Forest","Lives in a communal establishment","Aged 18 to 19 years","All persons",236
"E06000036","Bracknell Forest","Lives in a communal establishment","Aged 20 to 24 years","All persons",333
"E06000036","Bracknell Forest","Lives in a communal establishment","Aged 25 to 29 years","All persons",284
"E06000036","Bracknell Forest","Lives in a communal establishment","Aged 30 to 34 years","All persons",115
"E06000036","Bracknell Forest","Lives in a communal establishment","Aged 35 to 39 years","All persons",87
"E06000036","Bracknell Forest","Lives in a communal establishment","Aged 40 to 44 years","All persons",67
"E06000036","Bracknell Forest","Lives in a communal establishment","Aged 45 to 49 years","All persons",69
"E06000036","Bracknell Forest","Lives in a communal establishment","Aged 50 to 54 years","All persons",55
"E06000036","Bracknell Forest","Lives in a communal establishment","Aged 55 to 59 years","All persons",28
"E06000036","Bracknell Forest","Lives in a communal establishment","Aged 60 to 64 years","All persons",14
"E06000036","Bracknell Forest","Lives in a communal establishment","Aged 65 years","All persons",2
"E06000036","Bracknell Forest","Lives in a communal establishment","Aged 66 to 69 years","All persons",11
"E06000036","Bracknell Forest","Lives in a communal establishment","Aged 70 to 74 years","All persons",16
"E06000036","Bracknell Forest","Lives in a communal establishment","Aged 75 to 79 years","All persons",20
"E06000036","Bracknell Forest","Lives in a communal establishment","Aged 80 to 84 years","All persons",61
"E06000036","Bracknell Forest","Lives in a communal establishment","Aged 85 years and over","All persons",164
"E06000037","West Berkshire","Lives in a communal establishment","Total","All persons",2862
"E06000037","West Berkshire","Lives in a communal establishment","Aged 2 years and under","All persons",9
"E06000037","West Berkshire","Lives in a communal establishment","Aged 3 to 4 years","All persons",5
"E06000037","West Berkshire","Lives in a communal establishment","Aged 5 to 7 years","All persons",9
"E06000037","West Berkshire","Lives in a communal establishment","Aged 8 to 9 years","All persons",15
"E06000037","West Berkshire","Lives in a communal establishment","Aged 10 to 14 years","All persons",617
"E06000037","West Berkshire","Lives in a communal establishment","Aged 15 years","All persons",199
"E06000037","West Berkshire","Lives in a communal establishment","Aged 16 to 17 years","All persons",541
"E06000037","West Berkshire","Lives in a communal establishment","Aged 18 to 19 years","All persons",214
"E06000037","West Berkshire","Lives in a communal establishment","Aged 20 to 24 years","All persons",94
"E06000037","West Berkshire","Lives in a communal establishment","Aged 25 to 29 years","All persons",124
"E06000037","West Berkshire","Lives in a communal establishment","Aged 30 to 34 years","All persons",75
"E06000037","West Berkshire","Lives in a communal establishment","Aged 35 to 39 years","All persons",61
"E06000037","West Berkshire","Lives in a communal establishment","Aged 40 to 44 years","All persons",41
"E06000037","West Berkshire","Lives in a communal establishment","Aged 45 to 49 years","All persons",79
"E06000037","West Berkshire","Lives in a communal establishment","Aged 50 to 54 years","All persons",84
"E06000037","West Berkshire","Lives in a communal establishment","Aged 55 to 59 years","All persons",66
"E06000037","West Berkshire","Lives in a communal establishment","Aged 60 to 64 years","All persons",44
"E06000037","West Berkshire","Lives in a communal establishment","Aged 65 years","All persons",5
"E06000037","West Berkshire","Lives in a communal establishment","Aged 66 to 69 years","All persons",30
"E06000037","West Berkshire","Lives in a communal establishment","Aged 70 to 74 years","All persons",45
"E06000037","West Berkshire","Lives in a communal establishment","Aged 75 to 79 years","All persons",84
"E06000037","West Berkshire","Lives in a communal establishment","Aged 80 to 84 years","All persons",84
"E06000037","West Berkshire","Lives in a communal establishment","Aged 85 years and over","All persons",337
"E06000038","Reading","Lives in a communal establishment","Total","All persons",5064
"E06000038","Reading","Lives in a communal establishment","Aged 2 years and under","All persons",1
"E06000038","Reading","Lives in a communal establishment","Aged 3 to 4 years","All persons",2
"E06000038","Reading","Lives in a communal establishment","Aged 5 to 7 years","All persons",2
"E06000038","Reading","Lives in a communal establishment","Aged 8 to 9 years","All persons",0
"E06000038","Reading","Lives in a communal establishment","Aged 10 to 14 years","All persons",123
"E06000038","Reading","Lives in a communal establishment","Aged 15 years","All persons",62
"E06000038","Reading","Lives in a communal establishment","Aged 16 to 17 years","All persons",77
"E06000038","Reading","Lives in a communal establishment","Aged 18 to 19 years","All persons",2120
"E06000038","Reading","Lives in a communal establishment","Aged 20 to 24 years","All persons",1459
"E06000038","Reading","Lives in a communal establishment","Aged 25 to 29 years","All persons",264
"E06000038","Reading","Lives in a communal establishment","Aged 30 to 34 years","All persons",125
"E06000038","Reading","Lives in a communal establishment","Aged 35 to 39 years","All persons",61
"E06000038","Reading","Lives in a communal establishment","Aged 40 to 44 years","All persons",69
"E06000038","Reading","Lives in a communal establishment","Aged 45 to 49 years","All persons",60
"E06000038","Reading","Lives in a communal establishment","Aged 50 to 54 years","All persons",57
"E06000038","Reading","Lives in a communal establishment","Aged 55 to 59 years","All persons",50
"E06000038","Reading","Lives in a communal establishment","Aged 60 to 64 years","All persons",54
"E06000038","Reading","Lives in a communal establishment","Aged 65 years","All persons",13
"E06000038","Reading","Lives in a communal establishment","Aged 66 to 69 years","All persons",24
"E06000038","Reading","Lives in a communal establishment","Aged 70 to 74 years","All persons",37
"E06000038","Reading","Lives in a communal establishment","Aged 75 to 79 years","All persons",53
"E06000038","Reading","Lives in a communal establishment","Aged 80 to 84 years","All persons",86
"E06000038","Reading","Lives in a communal establishment","Aged 85 years and over","All persons",265
"E06000039","Slough","Lives in a communal establishment","Total","All persons",574
"E06000039","Slough","Lives in a communal establishment","Aged 2 years and under","All persons",0
"E06000039","Slough","Lives in a communal establishment","Aged 3 to 4 years","All persons",0
"E06000039","Slough","Lives in a communal establishment","Aged 5 to 7 years","All persons",0
"E06000039","Slough","Lives in a communal establishment","Aged 8 to 9 years","All persons",0
"E06000039","Slough","Lives in a communal establishment","Aged 10 to 14 years","All persons",0
"E06000039","Slough","Lives in a communal establishment","Aged 15 years","All persons",0
"E06000039","Slough","Lives in a communal establishment","Aged 16 to 17 years","All persons",5
"E06000039","Slough","Lives in a communal establishment","Aged 18 to 19 years","All persons",6
"E06000039","Slough","Lives in a communal establishment","Aged 20 to 24 years","All persons",24
"E06000039","Slough","Lives in a communal establishment","Aged 25 to 29 years","All persons",43
"E06000039","Slough","Lives in a communal establishment","Aged 30 to 34 years","All persons",24
"E06000039","Slough","Lives in a communal establishment","Aged 35 to 39 years","All persons",28
"E06000039","Slough","Lives in a communal establishment","Aged 40 to 44 years","All persons",27
"E06000039","Slough","Lives in a communal establishment","Aged 45 to 49 years","All persons",22
"E06000039","Slough","Lives in a communal establishment","Aged 50 to 54 years","All persons",23
"E06000039","Slough","Lives in a communal establishment","Aged 55 to 59 years","All persons",23
"E06000039","Slough","Lives in a communal establishment","Aged 60 to 64 years","All persons",23
"E06000039","Slough","Lives in a communal establishment","Aged 65 years","All persons",6
"E06000039","Slough","Lives in a communal establishment","Aged 66 to 69 years","All persons",24
"E06000039","Slough","Lives in a communal establishment","Aged 70 to 74 years","All persons",33
"E06000039","Slough","Lives in a communal establishment","Aged 75 to 79 years","All persons",49
"E06000039","Slough","Lives in a communal establishment","Aged 80 to 84 years","All persons",72
"E06000039","Slough","Lives in a communal establishment","Aged 85 years and over","All persons",142
"E06000040","Windsor and Maidenhead","Lives in a communal establishment","Total","All persons",4077
"E06000040","Windsor and Maidenhead","Lives in a communal establishment","Aged 2 years and under","All persons",16
"E06000040","Windsor and Maidenhead","Lives in a communal establishment","Aged 3 to 4 years","All persons",13
"E06000040","Windsor and Maidenhead","Lives in a communal establishment","Aged 5 to 7 years","All persons",22
"E06000040","Windsor and Maidenhead","Lives in a communal establishment","Aged 8 to 9 years","All persons",30
"E06000040","Windsor and Maidenhead","Lives in a communal establishment","Aged 10 to 14 years","All persons",757
"E06000040","Windsor and Maidenhead","Lives in a communal establishment","Aged 15 years","All persons",338
"E06000040","Windsor and Maidenhead","Lives in a communal establishment","Aged 16 to 17 years","All persons",729
"E06000040","Windsor and Maidenhead","Lives in a communal establishment","Aged 18 to 19 years","All persons",315
"E06000040","Windsor and Maidenhead","Lives in a communal establishment","Aged 20 to 24 years","All persons",216
"E06000040","Windsor and Maidenhead","Lives in a communal establishment","Aged 25 to 29 years","All persons",173
"E06000040","Windsor and Maidenhead","Lives in a communal establishment","Aged 30 to 34 years","All persons",87
"E06000040","Windsor and Maidenhead","Lives in a communal establishment","Aged 35 to 39 years","All persons",67
"E06000040","Windsor and Maidenhead","Lives in a communal establishment","Aged 40 to 44 years","All persons",74
"E06000040","Windsor and Maidenhead","Lives in a communal establishment","Aged 45 to 49 years","All persons",65
"E06000040","Windsor and Maidenhead","Lives in a communal establishment","Aged 50 to 54 years","All persons",81
"E06000040","Windsor and Maidenhead","Lives in a communal establishment","Aged 55 to 59 years","All persons",67
"E06000040","Windsor and Maidenhead","Lives in a communal establishment","Aged 60 to 64 years","All persons",68
"E06000040","Windsor and Maidenhead","Lives in a communal establishment","Aged 65 years","All persons",7
"E06000040","Windsor and Maidenhead","Lives in a communal establishment","Aged 66 to 69 years","All persons",52
"E06000040","Windsor and Maidenhead","Lives in a communal establishment","Aged 70 to 74 years","All persons",81
"E06000040","Windsor and Maidenhead","Lives in a communal establishment","Aged 75 to 79 years","All persons",105
"E06000040","Windsor and Maidenhead","Lives in a communal establishment","Aged 80 to 84 years","All persons",162
"E06000040","Windsor and Maidenhead","Lives in a communal establishment","Aged 85 years and over","All persons",552
"E06000041","Wokingham","Lives in a communal establishment","Total","All persons",2821
"E06000041","Wokingham","Lives in a communal establishment","Aged 2 years and under","All persons",3
"E06000041","Wokingham","Lives in a communal establishment","Aged 3 to 4 years","All persons",3
"E06000041","Wokingham","Lives in a communal establishment","Aged 5 to 7 years","All persons",4
"E06000041","Wokingham","Lives in a communal establishment","Aged 8 to 9 years","All persons",40
"E06000041","Wokingham","Lives in a communal establishment","Aged 10 to 14 years","All persons",165
"E06000041","Wokingham","Lives in a communal establishment","Aged 15 years","All persons",8
"E06000041","Wokingham","Lives in a communal establishment","Aged 16 to 17 years","All persons",19
"E06000041","Wokingham","Lives in a communal establishment","Aged 18 to 19 years","All persons",690
"E06000041","Wokingham","Lives in a communal establishment","Aged 20 to 24 years","All persons",764
"E06000041","Wokingham","Lives in a communal establishment","Aged 25 to 29 years","All persons",73
"E06000041","Wokingham","Lives in a communal establishment","Aged 30 to 34 years","All persons",42
"E06000041","Wokingham","Lives in a communal establishment","Aged 35 to 39 years","All persons",31
"E06000041","Wokingham","Lives in a communal establishment","Aged 40 to 44 years","All persons",22
"E06000041","Wokingham","Lives in a communal establishment","Aged 45 to 49 years","All persons",37
"E06000041","Wokingham","Lives in a communal establishment","Aged 50 to 54 years","All persons",48
"E06000041","Wokingham","Lives in a communal establishment","Aged 55 to 59 years","All persons",40
"E06000041","Wokingham","Lives in a communal establishment","Aged 60 to 64 years","All persons",39
"E06000041","Wokingham","Lives in a communal establishment","Aged 65 years","All persons",3
"E06000041","Wokingham","Lives in a communal establishment","Aged 66 to 69 years","All persons",40
"E06000041","Wokingham","Lives in a communal establishment","Aged 70 to 74 years","All persons",58
"E06000041","Wokingham","Lives in a communal establishment","Aged 75 to 79 years","All persons",82
"E06000041","Wokingham","Lives in a communal establishment","Aged 80 to 84 years","All persons",121
"E06000041","Wokingham","Lives in a communal establishment","Aged 85 years and over","All persons",489
"E06000042","Milton Keynes","Lives in a communal establishment","Total","All persons",2065
"E06000042","Milton Keynes","Lives in a communal establishment","Aged 2 years and under","All persons",2
"E06000042","Milton Keynes","Lives in a communal establishment","Aged 3 to 4 years","All persons",1
"E06000042","Milton Keynes","Lives in a communal establishment","Aged 5 to 7 years","All persons",1
"E06000042","Milton Keynes","Lives in a communal establishment","Aged 8 to 9 years","All persons",1
"E06000042","Milton Keynes","Lives in a communal establishment","Aged 10 to 14 years","All persons",2
"E06000042","Milton Keynes","Lives in a communal establishment","Aged 15 years","All persons",11
"E06000042","Milton Keynes","Lives in a communal establishment","Aged 16 to 17 years","All persons",23
"E06000042","Milton Keynes","Lives in a communal establishment","Aged 18 to 19 years","All persons",31
"E06000042","Milton Keynes","Lives in a communal establishment","Aged 20 to 24 years","All persons",148
"E06000042","Milton Keynes","Lives in a communal establishment","Aged 25 to 29 years","All persons",179
"E06000042","Milton Keynes","Lives in a communal establishment","Aged 30 to 34 years","All persons",139
"E06000042","Milton Keynes","Lives in a communal establishment","Aged 35 to 39 years","All persons",122
"E06000042","Milton Keynes","Lives in a communal establishment","Aged 40 to 44 years","All persons",89
"E06000042","Milton Keynes","Lives in a communal establishment","Aged 45 to 49 years","All persons",85
"E06000042","Milton Keynes","Lives in a communal establishment","Aged 50 to 54 years","All persons",110
"E06000042","Milton Keynes","Lives in a communal establishment","Aged 55 to 59 years","All persons",78
"E06000042","Milton Keynes","Lives in a communal establishment","Aged 60 to 64 years","All persons",70
"E06000042","Milton Keynes","Lives in a communal establishment","Aged 65 years","All persons",10
"E06000042","Milton Keynes","Lives in a communal establishment","Aged 66 to 69 years","All persons",52
"E06000042","Milton Keynes","Lives in a communal establishment","Aged 70 to 74 years","All persons",91
"E06000042","Milton Keynes","Lives in a communal establishment","Aged 75 to 79 years","All persons",116
"E06000042","Milton Keynes","Lives in a communal establishment","Aged 80 to 84 years","All persons",171
"E06000042","Milton Keynes","Lives in a communal establishment","Aged 85 years and over","All persons",533
"E06000043","Brighton and Hove","Lives in a communal establishment","Total","All persons",8504
"E06000043","Brighton and Hove","Lives in a communal establishment","Aged 2 years and under","All persons",7
"E06000043","Brighton and Hove","Lives in a communal establishment","Aged 3 to 4 years","All persons",5
"E06000043","Brighton and Hove","Lives in a communal establishment","Aged 5 to 7 years","All persons",5
"E06000043","Brighton and Hove","Lives in a communal establishment","Aged 8 to 9 years","All persons",3
"E06000043","Brighton and Hove","Lives in a communal establishment","Aged 10 to 14 years","All persons",194
"E06000043","Brighton and Hove","Lives in a communal establishment","Aged 15 years","All persons",99
"E06000043","Brighton and Hove","Lives in a communal establishment","Aged 16 to 17 years","All persons",280
"E06000043","Brighton and Hove","Lives in a communal establishment","Aged 18 to 19 years","All persons",3452
"E06000043","Brighton and Hove","Lives in a communal establishment","Aged 20 to 24 years","All persons",1994
"E06000043","Brighton and Hove","Lives in a communal establishment","Aged 25 to 29 years","All persons",337
"E06000043","Brighton and Hove","Lives in a communal establishment","Aged 30 to 34 years","All persons",179
"E06000043","Brighton and Hove","Lives in a communal establishment","Aged 35 to 39 years","All persons",144
"E06000043","Brighton and Hove","Lives in a communal establishment","Aged 40 to 44 years","All persons",97
"E06000043","Brighton and Hove","Lives in a communal establishment","Aged 45 to 49 years","All persons",85
"E06000043","Brighton and Hove","Lives in a communal establishment","Aged 50 to 54 years","All persons",108
"E06000043","Brighton and Hove","Lives in a communal establishment","Aged 55 to 59 years","All persons",125
"E06000043","Brighton and Hove","Lives in a communal establishment","Aged 60 to 64 years","All persons",103
"E06000043","Brighton and Hove","Lives in a communal establishment","Aged 65 years","All persons",14
"E06000043","Brighton and Hove","Lives in a communal establishment","Aged 66 to 69 years","All persons",76
"E06000043","Brighton and Hove","Lives in a communal establishment","Aged 70 to 74 years","All persons",119
"E06000043","Brighton and Hove","Lives in a communal establishment","Aged 75 to 79 years","All persons",166
"E06000043","Brighton and Hove","Lives in a communal establishment","Aged 80 to 84 years","All persons",197
"E06000043","Brighton and Hove","Lives in a communal establishment","Aged 85 years and over","All persons",715
"E06000044","Portsmouth","Lives in a communal establishment","Total","All persons",6638
"E06000044","Portsmouth","Lives in a communal establishment","Aged 2 years and under","All persons",0
"E06000044","Portsmouth","Lives in a communal establishment","Aged 3 to 4 years","All persons",0
"E06000044","Portsmouth","Lives in a communal establishment","Aged 5 to 7 years","All persons",0
"E06000044","Portsmouth","Lives in a communal establishment","Aged 8 to 9 years","All persons",1
"E06000044","Portsmouth","Lives in a communal establishment","Aged 10 to 14 years","All persons",7
"E06000044","Portsmouth","Lives in a communal establishment","Aged 15 years","All persons",1
"E06000044","Portsmouth","Lives in a communal establishment","Aged 16 to 17 years","All persons",35
"E06000044","Portsmouth","Lives in a communal establishment","Aged 18 to 19 years","All persons",3516
"E06000044","Portsmouth","Lives in a communal establishment","Aged 20 to 24 years","All persons",1835
"E06000044","Portsmouth","Lives in a communal establishment","Aged 25 to 29 years","All persons",206
"E06000044","Portsmouth","Lives in a communal establishment","Aged 30 to 34 years","All persons",55
"E06000044","Portsmouth","Lives in a communal establishment","Aged 35 to 39 years","All persons",50
"E06000044","Portsmouth","Lives in a communal establishment","Aged 40 to 44 years","All persons",46
"E06000044","Portsmouth","Lives in a communal establishment","Aged 45 to 49 years","All persons",44
"E06000044","Portsmouth","Lives in a communal establishment","Aged 50 to 54 years","All persons",45
"E06000044","Portsmouth","Lives in a communal establishment","Aged 55 to 59 years","All persons",46
"E06000044","Portsmouth","Lives in a communal establishment","Aged 60 to 64 years","All persons",42
"E06000044","Portsmouth","Lives in a communal establishment","Aged 65 years","All persons",10
"E06000044","Portsmouth","Lives in a communal establishment","Aged 66 to 69 years","All persons",49
"E06000044","Portsmouth","Lives in a communal establishment","Aged 70 to 74 years","All persons",70
"E06000044","Portsmouth","Lives in a communal establishment","Aged 75 to 79 years","All persons",87
"E06000044","Portsmouth","Lives in a communal establishment","Aged 80 to 84 years","All persons",98
"E06000044","Portsmouth","Lives in a communal establishment","Aged 85 years and over","All persons",395
"E06000045","Southampton","Lives in a communal establishment","Total","All persons",10160
"E06000045","Southampton","Lives in a communal establishment","Aged 2 years and under","All persons",4
"E06000045","Southampton","Lives in a communal establishment","Aged 3 to 4 years","All persons",1
"E06000045","Southampton","Lives in a communal establishment","Aged 5 to 7 years","All persons",2
"E06000045","Southampton","Lives in a communal establishment","Aged 8 to 9 years","All persons",0
"E06000045","Southampton","Lives in a communal establishment","Aged 10 to 14 years","All persons",10
"E06000045","Southampton","Lives in a communal establishment","Aged 15 years","All persons",0
"E06000045","Southampton","Lives in a communal establishment","Aged 16 to 17 years","All persons",34
"E06000045","Southampton","Lives in a communal establishment","Aged 18 to 19 years","All persons",4165
"E06000045","Southampton","Lives in a communal establishment","Aged 20 to 24 years","All persons",3949
"E06000045","Southampton","Lives in a communal establishment","Aged 25 to 29 years","All persons",619
"E06000045","Southampton","Lives in a communal establishment","Aged 30 to 34 years","All persons",187
"E06000045","Southampton","Lives in a communal establishment","Aged 35 to 39 years","All persons",75
"E06000045","Southampton","Lives in a communal establishment","Aged 40 to 44 years","All persons",52
"E06000045","Southampton","Lives in a communal establishment","Aged 45 to 49 years","All persons",54
"E06000045","Southampton","Lives in a communal establishment","Aged 50 to 54 years","All persons",38
"E06000045","Southampton","Lives in a communal establishment","Aged 55 to 59 years","All persons",58
"E06000045","Southampton","Lives in a communal establishment","Aged 60 to 64 years","All persons",46
"E06000045","Southampton","Lives in a communal establishment","Aged 65 years","All persons",10
"E06000045","Southampton","Lives in a communal establishment","Aged 66 to 69 years","All persons",45
"E06000045","Southampton","Lives in a communal establishment","Aged 70 to 74 years","All persons",86
"E06000045","Southampton","Lives in a communal establishment","Aged 75 to 79 years","All persons",120
"E06000045","Southampton","Lives in a communal establishment","Aged 80 to 84 years","All persons",156
"E06000045","Southampton","Lives in a communal establishment","Aged 85 years and over","All persons",449
"E06000046","Isle of Wight","Lives in a communal establishment","Total","All persons",2943
"E06000046","Isle of Wight","Lives in a communal establishment","Aged 2 years and under","All persons",5
"E06000046","Isle of Wight","Lives in a communal establishment","Aged 3 to 4 years","All persons",2
"E06000046","Isle of Wight","Lives in a communal establishment","Aged 5 to 7 years","All persons",9
"E06000046","Isle of Wight","Lives in a communal establishment","Aged 8 to 9 years","All persons",5
"E06000046","Isle of Wight","Lives in a communal establishment","Aged 10 to 14 years","All persons",19
"E06000046","Isle of Wight","Lives in a communal establishment","Aged 15 years","All persons",12
"E06000046","Isle of Wight","Lives in a communal establishment","Aged 16 to 17 years","All persons",30
"E06000046","Isle of Wight","Lives in a communal establishment","Aged 18 to 19 years","All persons",45
"E06000046","Isle of Wight","Lives in a communal establishment","Aged 20 to 24 years","All persons",147
"E06000046","Isle of Wight","Lives in a communal establishment","Aged 25 to 29 years","All persons",147
"E06000046","Isle of Wight","Lives in a communal establishment","Aged 30 to 34 years","All persons",164
"E06000046","Isle of Wight","Lives in a communal establishment","Aged 35 to 39 years","All persons",156
"E06000046","Isle of Wight","Lives in a communal establishment","Aged 40 to 44 years","All persons",143
"E06000046","Isle of Wight","Lives in a communal establishment","Aged 45 to 49 years","All persons",138
"E06000046","Isle of Wight","Lives in a communal establishment","Aged 50 to 54 years","All persons",203
"E06000046","Isle of Wight","Lives in a communal establishment","Aged 55 to 59 years","All persons",202
"E06000046","Isle of Wight","Lives in a communal establishment","Aged 60 to 64 years","All persons",177
"E06000046","Isle of Wight","Lives in a communal establishment","Aged 65 years","All persons",34
"E06000046","Isle of Wight","Lives in a communal establishment","Aged 66 to 69 years","All persons",116
"E06000046","Isle of Wight","Lives in a communal establishment","Aged 70 to 74 years","All persons",167
"E06000046","Isle of Wight","Lives in a communal establishment","Aged 75 to 79 years","All persons",171
"E06000046","Isle of Wight","Lives in a communal establishment","Aged 80 to 84 years","All persons",211
"E06000046","Isle of Wight","Lives in a communal establishment","Aged 85 years and over","All persons",640
"E06000060","Buckinghamshire","Lives in a communal establishment","Total","All persons",7292
"E06000060","Buckinghamshire","Lives in a communal establishment","Aged 2 years and under","All persons",2
"E06000060","Buckinghamshire","Lives in a communal establishment","Aged 3 to 4 years","All persons",3
"E06000060","Buckinghamshire","Lives in a communal establishment","Aged 5 to 7 years","All persons",7
"E06000060","Buckinghamshire","Lives in a communal establishment","Aged 8 to 9 years","All persons",22
"E06000060","Buckinghamshire","Lives in a communal establishment","Aged 10 to 14 years","All persons",580
"E06000060","Buckinghamshire","Lives in a communal establishment","Aged 15 years","All persons",163
"E06000060","Buckinghamshire","Lives in a communal establishment","Aged 16 to 17 years","All persons",492
"E06000060","Buckinghamshire","Lives in a communal establishment","Aged 18 to 19 years","All persons",874
"E06000060","Buckinghamshire","Lives in a communal establishment","Aged 20 to 24 years","All persons",860
"E06000060","Buckinghamshire","Lives in a communal establishment","Aged 25 to 29 years","All persons",405
"E06000060","Buckinghamshire","Lives in a communal establishment","Aged 30 to 34 years","All persons",178
"E06000060","Buckinghamshire","Lives in a communal establishment","Aged 35 to 39 years","All persons",219
"E06000060","Buckinghamshire","Lives in a communal establishment","Aged 40 to 44 years","All persons",214
"E06000060","Buckinghamshire","Lives in a communal establishment","Aged 45 to 49 years","All persons",190
"E06000060","Buckinghamshire","Lives in a communal establishment","Aged 50 to 54 years","All persons",206
"E06000060","Buckinghamshire","Lives in a communal establishment","Aged 55 to 59 years","All persons",171
"E06000060","Buckinghamshire","Lives in a communal establishment","Aged 60 to 64 years","All persons",125
"E06000060","Buckinghamshire","Lives in a communal establishment","Aged 65 years","All persons",29
"E06000060","Buckinghamshire","Lives in a communal establishment","Aged 66 to 69 years","All persons",74
"E06000060","Buckinghamshire","Lives in a communal establishment","Aged 70 to 74 years","All persons",146
"E06000060","Buckinghamshire","Lives in a communal establishment","Aged 75 to 79 years","All persons",261
"E06000060","Buckinghamshire","Lives in a communal establishment","Aged 80 to 84 years","All persons",433
"E06000060","Buckinghamshire","Lives in a communal establishment","Aged 85 years and over","All persons",1638
"E07000061","Eastbourne","Lives in a communal establishment","Total","All persons",2017
"E07000061","Eastbourne","Lives in a communal establishment","Aged 2 years and under","All persons",4
"E07000061","Eastbourne","Lives in a communal establishment","Aged 3 to 4 years","All persons",3
"E07000061","Eastbourne","Lives in a communal establishment","Aged 5 to 7 years","All persons",0
"E07000061","Eastbourne","Lives in a communal establishment","Aged 8 to 9 years","All persons",2
"E07000061","Eastbourne","Lives in a communal establishment","Aged 10 to 14 years","All persons",75
"E07000061","Eastbourne","Lives in a communal establishment","Aged 15 years","All persons",49
"E07000061","Eastbourne","Lives in a communal establishment","Aged 16 to 17 years","All persons",95
"E07000061","Eastbourne","Lives in a communal establishment","Aged 18 to 19 years","All persons",187
"E07000061","Eastbourne","Lives in a communal establishment","Aged 20 to 24 years","All persons",124
"E07000061","Eastbourne","Lives in a communal establishment","Aged 25 to 29 years","All persons",54
"E07000061","Eastbourne","Lives in a communal establishment","Aged 30 to 34 years","All persons",54
"E07000061","Eastbourne","Lives in a communal establishment","Aged 35 to 39 years","All persons",43
"E07000061","Eastbourne","Lives in a communal establishment","Aged 40 to 44 years","All persons",33
"E07000061","Eastbourne","Lives in a communal establishment","Aged 45 to 49 years","All persons",50
"E07000061","Eastbourne","Lives in a communal establishment","Aged 50 to 54 years","All persons",57
"E07000061","Eastbourne","Lives in a communal establishment","Aged 55 to 59 years","All persons",60
"E07000061","Eastbourne","Lives in a communal establishment","Aged 60 to 64 years","All persons",84
"E07000061","Eastbourne","Lives in a communal establishment","Aged 65 years","All persons",14
"E07000061","Eastbourne","Lives in a communal establishment","Aged 66 to 69 years","All persons",51
"E07000061","Eastbourne","Lives in a communal establishment","Aged 70 to 74 years","All persons",62
"E07000061","Eastbourne","Lives in a communal establishment","Aged 75 to 79 years","All persons",114
"E07000061","Eastbourne","Lives in a communal establishment","Aged 80 to 84 years","All persons",170
"E07000061","Eastbourne","Lives in a communal establishment","Aged 85 years and over","All persons",632
"E07000062","Hastings","Lives in a communal establishment","Total","All persons",1356
"E07000062","Hastings","Lives in a communal establishment","Aged 2 years and under","All persons",4
"E07000062","Hastings","Lives in a communal establishment","Aged 3 to 4 years","All persons",2
"E07000062","Hastings","Lives in a communal establishment","Aged 5 to 7 years","All persons",0
"E07000062","Hastings","Lives in a communal establishment","Aged 8 to 9 years","All persons",2
"E07000062","Hastings","Lives in a communal establishment","Aged 10 to 14 years","All persons",12
"E07000062","Hastings","Lives in a communal establishment","Aged 15 years","All persons",7
"E07000062","Hastings","Lives in a communal establishment","Aged 16 to 17 years","All persons",32
"E07000062","Hastings","Lives in a communal establishment","Aged 18 to 19 years","All persons",33
"E07000062","Hastings","Lives in a communal establishment","Aged 20 to 24 years","All persons",20
"E07000062","Hastings","Lives in a communal establishment","Aged 25 to 29 years","All persons",29
"E07000062","Hastings","Lives in a communal establishment","Aged 30 to 34 years","All persons",35
"E07000062","Hastings","Lives in a communal establishment","Aged 35 to 39 years","All persons",51
"E07000062","Hastings","Lives in a communal establishment","Aged 40 to 44 years","All persons",38
"E07000062","Hastings","Lives in a communal establishment","Aged 45 to 49 years","All persons",49
"E07000062","Hastings","Lives in a communal establishment","Aged 50 to 54 years","All persons",49
"E07000062","Hastings","Lives in a communal establishment","Aged 55 to 59 years","All persons",76
"E07000062","Hastings","Lives in a communal establishment","Aged 60 to 64 years","All persons",69
"E07000062","Hastings","Lives in a communal establishment","Aged 65 years","All persons",15
"E07000062","Hastings","Lives in a communal establishment","Aged 66 to 69 years","All persons",70
"E07000062","Hastings","Lives in a communal establishment","Aged 70 to 74 years","All persons",85
"E07000062","Hastings","Lives in a communal establishment","Aged 75 to 79 years","All persons",128
"E07000062","Hastings","Lives in a communal establishment","Aged 80 to 84 years","All persons",136
"E07000062","Hastings","Lives in a communal establishment","Aged 85 years and over","All persons",414
"E07000063","Lewes","Lives in a communal establishment","Total","All persons",1500
"E07000063","Lewes","Lives in a communal establishment","Aged 2 years and under","All persons",2
"E07000063","Lewes","Lives in a communal establishment","Aged 3 to 4 years","All persons",0
"E07000063","Lewes","Lives in a communal establishment","Aged 5 to 7 years","All persons",1
"E07000063","Lewes","Lives in a communal establishment","Aged 8 to 9 years","All persons",4
"E07000063","Lewes","Lives in a communal establishment","Aged 10 to 14 years","All persons",11
"E07000063","Lewes","Lives in a communal establishment","Aged 15 years","All persons",4
"E07000063","Lewes","Lives in a communal establishment","Aged 16 to 17 years","All persons",50
"E07000063","Lewes","Lives in a communal establishment","Aged 18 to 19 years","All persons",71
"E07000063","Lewes","Lives in a communal establishment","Aged 20 to 24 years","All persons",85
"E07000063","Lewes","Lives in a communal establishment","Aged 25 to 29 years","All persons",75
"E07000063","Lewes","Lives in a communal establishment","Aged 30 to 34 years","All persons",93
"E07000063","Lewes","Lives in a communal establishment","Aged 35 to 39 years","All persons",64
"E07000063","Lewes","Lives in a communal establishment","Aged 40 to 44 years","All persons",48
"E07000063","Lewes","Lives in a communal establishment","Aged 45 to 49 years","All persons",39
"E07000063","Lewes","Lives in a communal establishment","Aged 50 to 54 years","All persons",46
"E07000063","Lewes","Lives in a communal establishment","Aged 55 to 59 years","All persons",39
"E07000063","Lewes","Lives in a communal establishment","Aged 60 to 64 years","All persons",29
"E07000063","Lewes","Lives in a communal establishment","Aged 65 years","All persons",10
"E07000063","Lewes","Lives in a communal establishment","Aged 66 to 69 years","All persons",31
"E07000063","Lewes","Lives in a communal establishment","Aged 70 to 74 years","All persons",63
"E07000063","Lewes","Lives in a communal establishment","Aged 75 to 79 years","All persons",115
"E07000063","Lewes","Lives in a communal establishment","Aged 80 to 84 years","All persons",141
"E07000063","Lewes","Lives in a communal establishment","Aged 85 years and over","All persons",479
"E07000064","Rother","Lives in a communal establishment","Total","All persons",1798
"E07000064","Rother","Lives in a communal establishment","Aged 2 years and under","All persons",23
"E07000064","Rother","Lives in a communal establishment","Aged 3 to 4 years","All persons",11
"E07000064","Rother","Lives in a communal establishment","Aged 5 to 7 years","All persons",17
"E07000064","Rother","Lives in a communal establishment","Aged 8 to 9 years","All persons",14
"E07000064","Rother","Lives in a communal establishment","Aged 10 to 14 years","All persons",79
"E07000064","Rother","Lives in a communal establishment","Aged 15 years","All persons",27
"E07000064","Rother","Lives in a communal establishment","Aged 16 to 17 years","All persons",94
"E07000064","Rother","Lives in a communal establishment","Aged 18 to 19 years","All persons",50
"E07000064","Rother","Lives in a communal establishment","Aged 20 to 24 years","All persons",62
"E07000064","Rother","Lives in a communal establishment","Aged 25 to 29 years","All persons",45
"E07000064","Rother","Lives in a communal establishment","Aged 30 to 34 years","All persons",56
"E07000064","Rother","Lives in a communal establishment","Aged 35 to 39 years","All persons",34
"E07000064","Rother","Lives in a communal establishment","Aged 40 to 44 years","All persons",47
"E07000064","Rother","Lives in a communal establishment","Aged 45 to 49 years","All persons",62
"E07000064","Rother","Lives in a communal establishment","Aged 50 to 54 years","All persons",47
"E07000064","Rother","Lives in a communal establishment","Aged 55 to 59 years","All persons",87
"E07000064","Rother","Lives in a communal establishment","Aged 60 to 64 years","All persons",51
"E07000064","Rother","Lives in a communal establishment","Aged 65 years","All persons",10
"E07000064","Rother","Lives in a communal establishment","Aged 66 to 69 years","All persons",59
"E07000064","Rother","Lives in a communal establishment","Aged 70 to 74 years","All persons",96
"E07000064","Rother","Lives in a communal establishment","Aged 75 to 79 years","All persons",101
"E07000064","Rother","Lives in a communal establishment","Aged 80 to 84 years","All persons",146
"E07000064","Rother","Lives in a communal establishment","Aged 85 years and over","All persons",580
"E07000065","Wealden","Lives in a communal establishment","Total","All persons",2332
"E07000065","Wealden","Lives in a communal establishment","Aged 2 years and under","All persons",3
"E07000065","Wealden","Lives in a communal establishment","Aged 3 to 4 years","All persons",0
"E07000065","Wealden","Lives in a communal establishment","Aged 5 to 7 years","All persons",1
"E07000065","Wealden","Lives in a communal establishment","Aged 8 to 9 years","All persons",2
"E07000065","Wealden","Lives in a communal establishment","Aged 10 to 14 years","All persons",130
"E07000065","Wealden","Lives in a communal establishment","Aged 15 years","All persons",66
"E07000065","Wealden","Lives in a communal establishment","Aged 16 to 17 years","All persons",128
"E07000065","Wealden","Lives in a communal establishment","Aged 18 to 19 years","All persons",48
"E07000065","Wealden","Lives in a communal establishment","Aged 20 to 24 years","All persons",60
"E07000065","Wealden","Lives in a communal establishment","Aged 25 to 29 years","All persons",63
"E07000065","Wealden","Lives in a communal establishment","Aged 30 to 34 years","All persons",80
"E07000065","Wealden","Lives in a communal establishment","Aged 35 to 39 years","All persons",67
"E07000065","Wealden","Lives in a communal establishment","Aged 40 to 44 years","All persons",73
"E07000065","Wealden","Lives in a communal establishment","Aged 45 to 49 years","All persons",49
"E07000065","Wealden","Lives in a communal establishment","Aged 50 to 54 years","All persons",88
"E07000065","Wealden","Lives in a communal establishment","Aged 55 to 59 years","All persons",117
"E07000065","Wealden","Lives in a communal establishment","Aged 60 to 64 years","All persons",86
"E07000065","Wealden","Lives in a communal establishment","Aged 65 years","All persons",22
"E07000065","Wealden","Lives in a communal establishment","Aged 66 to 69 years","All persons",77
"E07000065","Wealden","Lives in a communal establishment","Aged 70 to 74 years","All persons",108
"E07000065","Wealden","Lives in a communal establishment","Aged 75 to 79 years","All persons",147
"E07000065","Wealden","Lives in a communal establishment","Aged 80 to 84 years","All persons",176
"E07000065","Wealden","Lives in a communal establishment","Aged 85 years and over","All persons",741
"E07000084","Basingstoke and Deane","Lives in a communal establishment","Total","All persons",1272
"E07000084","Basingstoke and Deane","Lives in a communal establishment","Aged 2 years and under","All persons",1
"E07000084","Basingstoke and Deane","Lives in a communal establishment","Aged 3 to 4 years","All persons",2
"E07000084","Basingstoke and Deane","Lives in a communal establishment","Aged 5 to 7 years","All persons",2
"E07000084","Basingstoke and Deane","Lives in a communal establishment","Aged 8 to 9 years","All persons",8
"E07000084","Basingstoke and Deane","Lives in a communal establishment","Aged 10 to 14 years","All persons",93
"E07000084","Basingstoke and Deane","Lives in a communal establishment","Aged 15 years","All persons",6
"E07000084","Basingstoke and Deane","Lives in a communal establishment","Aged 16 to 17 years","All persons",31
"E07000084","Basingstoke and Deane","Lives in a communal establishment","Aged 18 to 19 years","All persons",34
"E07000084","Basingstoke and Deane","Lives in a communal establishment","Aged 20 to 24 years","All persons",64
"E07000084","Basingstoke and Deane","Lives in a communal establishment","Aged 25 to 29 years","All persons",66
"E07000084","Basingstoke and Deane","Lives in a communal establishment","Aged 30 to 34 years","All persons",56
"E07000084","Basingstoke and Deane","Lives in a communal establishment","Aged 35 to 39 years","All persons",38
"E07000084","Basingstoke and Deane","Lives in a communal establishment","Aged 40 to 44 years","All persons",34
"E07000084","Basingstoke and Deane","Lives in a communal establishment","Aged 45 to 49 years","All persons",30
"E07000084","Basingstoke and Deane","Lives in a communal establishment","Aged 50 to 54 years","All persons",20
"E07000084","Basingstoke and Deane","Lives in a communal establishment","Aged 55 to 59 years","All persons",25
"E07000084","Basingstoke and Deane","Lives in a communal establishment","Aged 60 to 64 years","All persons",15
"E07000084","Basingstoke and Deane","Lives in a communal establishment","Aged 65 years","All persons",8
"E07000084","Basingstoke and Deane","Lives in a communal establishment","Aged 66 to 69 years","All persons",30
"E07000084","Basingstoke and Deane","Lives in a communal establishment","Aged 70 to 74 years","All persons",59
"E07000084","Basingstoke and Deane","Lives in a communal establishment","Aged 75 to 79 years","All persons",66
"E07000084","Basingstoke and Deane","Lives in a communal establishment","Aged 80 to 84 years","All persons",122
"E07000084","Basingstoke and Deane","Lives in a communal establishment","Aged 85 years and over","All persons",462
"E07000085","East Hampshire","Lives in a communal establishment","Total","All persons",1631
"E07000085","East Hampshire","Lives in a communal establishment","Aged 2 years and under","All persons",2
"E07000085","East Hampshire","Lives in a communal establishment","Aged 3 to 4 years","All persons",2
"E07000085","East Hampshire","Lives in a communal establishment","Aged 5 to 7 years","All persons",2
"E07000085","East Hampshire","Lives in a communal establishment","Aged 8 to 9 years","All persons",6
"E07000085","East Hampshire","Lives in a communal establishment","Aged 10 to 14 years","All persons",71
"E07000085","East Hampshire","Lives in a communal establishment","Aged 15 years","All persons",35
"E07000085","East Hampshire","Lives in a communal establishment","Aged 16 to 17 years","All persons",134
"E07000085","East Hampshire","Lives in a communal establishment","Aged 18 to 19 years","All persons",79
"E07000085","East Hampshire","Lives in a communal establishment","Aged 20 to 24 years","All persons",68
"E07000085","East Hampshire","Lives in a communal establishment","Aged 25 to 29 years","All persons",36
"E07000085","East Hampshire","Lives in a communal establishment","Aged 30 to 34 years","All persons",34
"E07000085","East Hampshire","Lives in a communal establishment","Aged 35 to 39 years","All persons",47
"E07000085","East Hampshire","Lives in a communal establishment","Aged 40 to 44 years","All persons",46
"E07000085","East Hampshire","Lives in a communal establishment","Aged 45 to 49 years","All persons",54
"E07000085","East Hampshire","Lives in a communal establishment","Aged 50 to 54 years","All persons",44
"E07000085","East Hampshire","Lives in a communal establishment","Aged 55 to 59 years","All persons",36
"E07000085","East Hampshire","Lives in a communal establishment","Aged 60 to 64 years","All persons",26
"E07000085","East Hampshire","Lives in a communal establishment","Aged 65 years","All persons",5
"E07000085","East Hampshire","Lives in a communal establishment","Aged 66 to 69 years","All persons",18
"E07000085","East Hampshire","Lives in a communal establishment","Aged 70 to 74 years","All persons",49
"E07000085","East Hampshire","Lives in a communal establishment","Aged 75 to 79 years","All persons",90
"E07000085","East Hampshire","Lives in a communal establishment","Aged 80 to 84 years","All persons",159
"E07000085","East Hampshire","Lives in a communal establishment","Aged 85 years and over","All persons",588
"E07000086","Eastleigh","Lives in a communal establishment","Total","All persons",985
"E07000086","Eastleigh","Lives in a communal establishment","Aged 2 years and under","All persons",0
"E07000086","Eastleigh","Lives in a communal establishment","Aged 3 to 4 years","All persons",1
"E07000086","Eastleigh","Lives in a communal establishment","Aged 5 to 7 years","All persons",1
"E07000086","Eastleigh","Lives in a communal establishment","Aged 8 to 9 years","All persons",0
"E07000086","Eastleigh","Lives in a communal establishment","Aged 10 to 14 years","All persons",3
"E07000086","Eastleigh","Lives in a communal establishment","Aged 15 years","All persons",0
"E07000086","Eastleigh","Lives in a communal establishment","Aged 16 to 17 years","All persons",1
"E07000086","Eastleigh","Lives in a communal establishment","Aged 18 to 19 years","All persons",9
"E07000086","Eastleigh","Lives in a communal establishment","Aged 20 to 24 years","All persons",35
"E07000086","Eastleigh","Lives in a communal establishment","Aged 25 to 29 years","All persons",23
"E07000086","Eastleigh","Lives in a communal establishment","Aged 30 to 34 years","All persons",42
"E07000086","Eastleigh","Lives in a communal establishment","Aged 35 to 39 years","All persons",23
"E07000086","Eastleigh","Lives in a communal establishment","Aged 40 to 44 years","All persons",26
"E07000086","Eastleigh","Lives in a communal establishment","Aged 45 to 49 years","All persons",22
"E07000086","Eastleigh","Lives in a communal establishment","Aged 50 to 54 years","All persons",22
"E07000086","Eastleigh","Lives in a communal establishment","Aged 55 to 59 years","All persons",24
"E07000086","Eastleigh","Lives in a communal establishment","Aged 60 to 64 years","All persons",29
"E07000086","Eastleigh","Lives in a communal establishment","Aged 65 years","All persons",6
"E07000086","Eastleigh","Lives in a communal establishment","Aged 66 to 69 years","All persons",17
"E07000086","Eastleigh","Lives in a communal establishment","Aged 70 to 74 years","All persons",49
"E07000086","Eastleigh","Lives in a communal establishment","Aged 75 to 79 years","All persons",87
"E07000086","Eastleigh","Lives in a communal establishment","Aged 80 to 84 years","All persons",100
"E07000086","Eastleigh","Lives in a communal establishment","Aged 85 years and over","All persons",465
"E07000087","Fareham","Lives in a communal establishment","Total","All persons",1809
"E07000087","Fareham","Lives in a communal establishment","Aged 2 years and under","All persons",1
"E07000087","Fareham","Lives in a communal establishment","Aged 3 to 4 years","All persons",3
"E07000087","Fareham","Lives in a communal establishment","Aged 5 to 7 years","All persons",4
"E07000087","Fareham","Lives in a communal establishment","Aged 8 to 9 years","All persons",17
"E07000087","Fareham","Lives in a communal establishment","Aged 10 to 14 years","All persons",55
"E07000087","Fareham","Lives in a communal establishment","Aged 15 years","All persons",6
"E07000087","Fareham","Lives in a communal establishment","Aged 16 to 17 years","All persons",43
"E07000087","Fareham","Lives in a communal establishment","Aged 18 to 19 years","All persons",94
"E07000087","Fareham","Lives in a communal establishment","Aged 20 to 24 years","All persons",362
"E07000087","Fareham","Lives in a communal establishment","Aged 25 to 29 years","All persons",92
"E07000087","Fareham","Lives in a communal establishment","Aged 30 to 34 years","All persons",66
"E07000087","Fareham","Lives in a communal establishment","Aged 35 to 39 years","All persons",53
"E07000087","Fareham","Lives in a communal establishment","Aged 40 to 44 years","All persons",21
"E07000087","Fareham","Lives in a communal establishment","Aged 45 to 49 years","All persons",21
"E07000087","Fareham","Lives in a communal establishment","Aged 50 to 54 years","All persons",40
"E07000087","Fareham","Lives in a communal establishment","Aged 55 to 59 years","All persons",35
"E07000087","Fareham","Lives in a communal establishment","Aged 60 to 64 years","All persons",37
"E07000087","Fareham","Lives in a communal establishment","Aged 65 years","All persons",9
"E07000087","Fareham","Lives in a communal establishment","Aged 66 to 69 years","All persons",29
"E07000087","Fareham","Lives in a communal establishment","Aged 70 to 74 years","All persons",48
"E07000087","Fareham","Lives in a communal establishment","Aged 75 to 79 years","All persons",89
"E07000087","Fareham","Lives in a communal establishment","Aged 80 to 84 years","All persons",161
"E07000087","Fareham","Lives in a communal establishment","Aged 85 years and over","All persons",523
"E07000088","Gosport","Lives in a communal establishment","Total","All persons",1123
"E07000088","Gosport","Lives in a communal establishment","Aged 2 years and under","All persons",6
"E07000088","Gosport","Lives in a communal establishment","Aged 3 to 4 years","All persons",2
"E07000088","Gosport","Lives in a communal establishment","Aged 5 to 7 years","All persons",2
"E07000088","Gosport","Lives in a communal establishment","Aged 8 to 9 years","All persons",0
"E07000088","Gosport","Lives in a communal establishment","Aged 10 to 14 years","All persons",1
"E07000088","Gosport","Lives in a communal establishment","Aged 15 years","All persons",0
"E07000088","Gosport","Lives in a communal establishment","Aged 16 to 17 years","All persons",7
"E07000088","Gosport","Lives in a communal establishment","Aged 18 to 19 years","All persons",45
"E07000088","Gosport","Lives in a communal establishment","Aged 20 to 24 years","All persons",185
"E07000088","Gosport","Lives in a communal establishment","Aged 25 to 29 years","All persons",99
"E07000088","Gosport","Lives in a communal establishment","Aged 30 to 34 years","All persons",67
"E07000088","Gosport","Lives in a communal establishment","Aged 35 to 39 years","All persons",35
"E07000088","Gosport","Lives in a communal establishment","Aged 40 to 44 years","All persons",18
"E07000088","Gosport","Lives in a communal establishment","Aged 45 to 49 years","All persons",30
"E07000088","Gosport","Lives in a communal establishment","Aged 50 to 54 years","All persons",29
"E07000088","Gosport","Lives in a communal establishment","Aged 55 to 59 years","All persons",22
"E07000088","Gosport","Lives in a communal establishment","Aged 60 to 64 years","All persons",130
"E07000088","Gosport","Lives in a communal establishment","Aged 65 years","All persons",4
"E07000088","Gosport","Lives in a communal establishment","Aged 66 to 69 years","All persons",14
"E07000088","Gosport","Lives in a communal establishment","Aged 70 to 74 years","All persons",45
"E07000088","Gosport","Lives in a communal establishment","Aged 75 to 79 years","All persons",47
"E07000088","Gosport","Lives in a communal establishment","Aged 80 to 84 years","All persons",79
"E07000088","Gosport","Lives in a communal establishment","Aged 85 years and over","All persons",256
"E07000089","Hart","Lives in a communal establishment","Total","All persons",1766
"E07000089","Hart","Lives in a communal establishment","Aged 2 years and under","All persons",6
"E07000089","Hart","Lives in a communal establishment","Aged 3 to 4 years","All persons",5
"E07000089","Hart","Lives in a communal establishment","Aged 5 to 7 years","All persons",3
"E07000089","Hart","Lives in a communal establishment","Aged 8 to 9 years","All persons",2
"E07000089","Hart","Lives in a communal establishment","Aged 10 to 14 years","All persons",41
"E07000089","Hart","Lives in a communal establishment","Aged 15 years","All persons",21
"E07000089","Hart","Lives in a communal establishment","Aged 16 to 17 years","All persons",152
"E07000089","Hart","Lives in a communal establishment","Aged 18 to 19 years","All persons",307
"E07000089","Hart","Lives in a communal establishment","Aged 20 to 24 years","All persons",333
"E07000089","Hart","Lives in a communal establishment","Aged 25 to 29 years","All persons",302
"E07000089","Hart","Lives in a communal establishment","Aged 30 to 34 years","All persons",55
"E07000089","Hart","Lives in a communal establishment","Aged 35 to 39 years","All persons",66
"E07000089","Hart","Lives in a communal establishment","Aged 40 to 44 years","All persons",33
"E07000089","Hart","Lives in a communal establishment","Aged 45 to 49 years","All persons",27
"E07000089","Hart","Lives in a communal establishment","Aged 50 to 54 years","All persons",38
"E07000089","Hart","Lives in a communal establishment","Aged 55 to 59 years","All persons",12
"E07000089","Hart","Lives in a communal establishment","Aged 60 to 64 years","All persons",9
"E07000089","Hart","Lives in a communal establishment","Aged 65 years","All persons",0
"E07000089","Hart","Lives in a communal establishment","Aged 66 to 69 years","All persons",9
"E07000089","Hart","Lives in a communal establishment","Aged 70 to 74 years","All persons",17
"E07000089","Hart","Lives in a communal establishment","Aged 75 to 79 years","All persons",41
"E07000089","Hart","Lives in a communal establishment","Aged 80 to 84 years","All persons",48
"E07000089","Hart","Lives in a communal establishment","Aged 85 years and over","All persons",239
"E07000090","Havant","Lives in a communal establishment","Total","All persons",1110
"E07000090","Havant","Lives in a communal establishment","Aged 2 years and under","All persons",0
"E07000090","Havant","Lives in a communal establishment","Aged 3 to 4 years","All persons",0
"E07000090","Havant","Lives in a communal establishment","Aged 5 to 7 years","All persons",0
"E07000090","Havant","Lives in a communal establishment","Aged 8 to 9 years","All persons",0
"E07000090","Havant","Lives in a communal establishment","Aged 10 to 14 years","All persons",11
"E07000090","Havant","Lives in a communal establishment","Aged 15 years","All persons",3
"E07000090","Havant","Lives in a communal establishment","Aged 16 to 17 years","All persons",2
"E07000090","Havant","Lives in a communal establishment","Aged 18 to 19 years","All persons",4
"E07000090","Havant","Lives in a communal establishment","Aged 20 to 24 years","All persons",13
"E07000090","Havant","Lives in a communal establishment","Aged 25 to 29 years","All persons",26
"E07000090","Havant","Lives in a communal establishment","Aged 30 to 34 years","All persons",29
"E07000090","Havant","Lives in a communal establishment","Aged 35 to 39 years","All persons",26
"E07000090","Havant","Lives in a communal establishment","Aged 40 to 44 years","All persons",23
"E07000090","Havant","Lives in a communal establishment","Aged 45 to 49 years","All persons",33
"E07000090","Havant","Lives in a communal establishment","Aged 50 to 54 years","All persons",50
"E07000090","Havant","Lives in a communal establishment","Aged 55 to 59 years","All persons",48
"E07000090","Havant","Lives in a communal establishment","Aged 60 to 64 years","All persons",45
"E07000090","Havant","Lives in a communal establishment","Aged 65 years","All persons",13
"E07000090","Havant","Lives in a communal establishment","Aged 66 to 69 years","All persons",46
"E07000090","Havant","Lives in a communal establishment","Aged 70 to 74 years","All persons",84
"E07000090","Havant","Lives in a communal establishment","Aged 75 to 79 years","All persons",112
"E07000090","Havant","Lives in a communal establishment","Aged 80 to 84 years","All persons",157
"E07000090","Havant","Lives in a communal establishment","Aged 85 years and over","All persons",385
"E07000091","New Forest","Lives in a communal establishment","Total","All persons",2401
"E07000091","New Forest","Lives in a communal establishment","Aged 2 years and under","All persons",4
"E07000091","New Forest","Lives in a communal establishment","Aged 3 to 4 years","All persons",5
"E07000091","New Forest","Lives in a communal establishment","Aged 5 to 7 years","All persons",7
"E07000091","New Forest","Lives in a communal establishment","Aged 8 to 9 years","All persons",16
"E07000091","New Forest","Lives in a communal establishment","Aged 10 to 14 years","All persons",93
"E07000091","New Forest","Lives in a communal establishment","Aged 15 years","All persons",17
"E07000091","New Forest","Lives in a communal establishment","Aged 16 to 17 years","All persons",46
"E07000091","New Forest","Lives in a communal establishment","Aged 18 to 19 years","All persons",34
"E07000091","New Forest","Lives in a communal establishment","Aged 20 to 24 years","All persons",87
"E07000091","New Forest","Lives in a communal establishment","Aged 25 to 29 years","All persons",68
"E07000091","New Forest","Lives in a communal establishment","Aged 30 to 34 years","All persons",45
"E07000091","New Forest","Lives in a communal establishment","Aged 35 to 39 years","All persons",45
"E07000091","New Forest","Lives in a communal establishment","Aged 40 to 44 years","All persons",46
"E07000091","New Forest","Lives in a communal establishment","Aged 45 to 49 years","All persons",58
"E07000091","New Forest","Lives in a communal establishment","Aged 50 to 54 years","All persons",56
"E07000091","New Forest","Lives in a communal establishment","Aged 55 to 59 years","All persons",62
"E07000091","New Forest","Lives in a communal establishment","Aged 60 to 64 years","All persons",62
"E07000091","New Forest","Lives in a communal establishment","Aged 65 years","All persons",15
"E07000091","New Forest","Lives in a communal establishment","Aged 66 to 69 years","All persons",56
"E07000091","New Forest","Lives in a communal establishment","Aged 70 to 74 years","All persons",98
"E07000091","New Forest","Lives in a communal establishment","Aged 75 to 79 years","All persons",143
"E07000091","New Forest","Lives in a communal establishment","Aged 80 to 84 years","All persons",273
"E07000091","New Forest","Lives in a communal establishment","Aged 85 years and over","All persons",1065
"E07000092","Rushmoor","Lives in a communal establishment","Total","All persons",1450
"E07000092","Rushmoor","Lives in a communal establishment","Aged 2 years and under","All persons",0
"E07000092","Rushmoor","Lives in a communal establishment","Aged 3 to 4 years","All persons",0
"E07000092","Rushmoor","Lives in a communal establishment","Aged 5 to 7 years","All persons",0
"E07000092","Rushmoor","Lives in a communal establishment","Aged 8 to 9 years","All persons",0
"E07000092","Rushmoor","Lives in a communal establishment","Aged 10 to 14 years","All persons",0
"E07000092","Rushmoor","Lives in a communal establishment","Aged 15 years","All persons",0
"E07000092","Rushmoor","Lives in a communal establishment","Aged 16 to 17 years","All persons",7
"E07000092","Rushmoor","Lives in a communal establishment","Aged 18 to 19 years","All persons",223
"E07000092","Rushmoor","Lives in a communal establishment","Aged 20 to 24 years","All persons",271
"E07000092","Rushmoor","Lives in a communal establishment","Aged 25 to 29 years","All persons",347
"E07000092","Rushmoor","Lives in a communal establishment","Aged 30 to 34 years","All persons",71
"E07000092","Rushmoor","Lives in a communal establishment","Aged 35 to 39 years","All persons",57
"E07000092","Rushmoor","Lives in a communal establishment","Aged 40 to 44 years","All persons",26
"E07000092","Rushmoor","Lives in a communal establishment","Aged 45 to 49 years","All persons",23
"E07000092","Rushmoor","Lives in a communal establishment","Aged 50 to 54 years","All persons",18
"E07000092","Rushmoor","Lives in a communal establishment","Aged 55 to 59 years","All persons",15
"E07000092","Rushmoor","Lives in a communal establishment","Aged 60 to 64 years","All persons",18
"E07000092","Rushmoor","Lives in a communal establishment","Aged 65 years","All persons",2
"E07000092","Rushmoor","Lives in a communal establishment","Aged 66 to 69 years","All persons",19
"E07000092","Rushmoor","Lives in a communal establishment","Aged 70 to 74 years","All persons",33
"E07000092","Rushmoor","Lives in a communal establishment","Aged 75 to 79 years","All persons",49
"E07000092","Rushmoor","Lives in a communal establishment","Aged 80 to 84 years","All persons",64
"E07000092","Rushmoor","Lives in a communal establishment","Aged 85 years and over","All persons",207
"E07000093","Test Valley","Lives in a communal establishment","Total","All persons",1627
"E07000093","Test Valley","Lives in a communal establishment","Aged 2 years and under","All persons",0
"E07000093","Test Valley","Lives in a communal establishment","Aged 3 to 4 years","All persons",0
"E07000093","Test Valley","Lives in a communal establishment","Aged 5 to 7 years","All persons",3
"E07000093","Test Valley","Lives in a communal establishment","Aged 8 to 9 years","All persons",20
"E07000093","Test Valley","Lives in a communal establishment","Aged 10 to 14 years","All persons",138
"E07000093","Test Valley","Lives in a communal establishment","Aged 15 years","All persons",15
"E07000093","Test Valley","Lives in a communal establishment","Aged 16 to 17 years","All persons",34
"E07000093","Test Valley","Lives in a communal establishment","Aged 18 to 19 years","All persons",26
"E07000093","Test Valley","Lives in a communal establishment","Aged 20 to 24 years","All persons",70
"E07000093","Test Valley","Lives in a communal establishment","Aged 25 to 29 years","All persons",111
"E07000093","Test Valley","Lives in a communal establishment","Aged 30 to 34 years","All persons",81
"E07000093","Test Valley","Lives in a communal establishment","Aged 35 to 39 years","All persons",86
"E07000093","Test Valley","Lives in a communal establishment","Aged 40 to 44 years","All persons",71
"E07000093","Test Valley","Lives in a communal establishment","Aged 45 to 49 years","All persons",77
"E07000093","Test Valley","Lives in a communal establishment","Aged 50 to 54 years","All persons",57
"E07000093","Test Valley","Lives in a communal establishment","Aged 55 to 59 years","All persons",56
"E07000093","Test Valley","Lives in a communal establishment","Aged 60 to 64 years","All persons",33
"E07000093","Test Valley","Lives in a communal establishment","Aged 65 years","All persons",4
"E07000093","Test Valley","Lives in a communal establishment","Aged 66 to 69 years","All persons",27
"E07000093","Test Valley","Lives in a communal establishment","Aged 70 to 74 years","All persons",58
"E07000093","Test Valley","Lives in a communal establishment","Aged 75 to 79 years","All persons",80
"E07000093","Test Valley","Lives in a communal establishment","Aged 80 to 84 years","All persons",115
"E07000093","Test Valley","Lives in a communal establishment","Aged 85 years and over","All persons",465
"E07000094","Winchester","Lives in a communal establishment","Total","All persons",5639
"E07000094","Winchester","Lives in a communal establishment","Aged 2 years and under","All persons",6
"E07000094","Winchester","Lives in a communal establishment","Aged 3 to 4 years","All persons",5
"E07000094","Winchester","Lives in a communal establishment","Aged 5 to 7 years","All persons",7
"E07000094","Winchester","Lives in a communal establishment","Aged 8 to 9 years","All persons",10
"E07000094","Winchester","Lives in a communal establishment","Aged 10 to 14 years","All persons",346
"E07000094","Winchester","Lives in a communal establishment","Aged 15 years","All persons",190
"E07000094","Winchester","Lives in a communal establishment","Aged 16 to 17 years","All persons",470
"E07000094","Winchester","Lives in a communal establishment","Aged 18 to 19 years","All persons",1987
"E07000094","Winchester","Lives in a communal establishment","Aged 20 to 24 years","All persons",713
"E07000094","Winchester","Lives in a communal establishment","Aged 25 to 29 years","All persons",413
"E07000094","Winchester","Lives in a communal establishment","Aged 30 to 34 years","All persons",140
"E07000094","Winchester","Lives in a communal establishment","Aged 35 to 39 years","All persons",144
"E07000094","Winchester","Lives in a communal establishment","Aged 40 to 44 years","All persons",78
"E07000094","Winchester","Lives in a communal establishment","Aged 45 to 49 years","All persons",64
"E07000094","Winchester","Lives in a communal establishment","Aged 50 to 54 years","All persons",80
"E07000094","Winchester","Lives in a communal establishment","Aged 55 to 59 years","All persons",66
"E07000094","Winchester","Lives in a communal establishment","Aged 60 to 64 years","All persons",41
"E07000094","Winchester","Lives in a communal establishment","Aged 65 years","All persons",11
"E07000094","Winchester","Lives in a communal establishment","Aged 66 to 69 years","All persons",28
"E07000094","Winchester","Lives in a communal establishment","Aged 70 to 74 years","All persons",59
"E07000094","Winchester","Lives in a communal establishment","Aged 75 to 79 years","All persons",88
"E07000094","Winchester","Lives in a communal establishment","Aged 80 to 84 years","All persons",121
"E07000094","Winchester","Lives in a communal establishment","Aged 85 years and over","All persons",572
"E07000105","Ashford","Lives in a communal establishment","Total","All persons",970
"E07000105","Ashford","Lives in a communal establishment","Aged 2 years and under","All persons",0
"E07000105","Ashford","Lives in a communal establishment","Aged 3 to 4 years","All persons",0
"E07000105","Ashford","Lives in a communal establishment","Aged 5 to 7 years","All persons",8
"E07000105","Ashford","Lives in a communal establishment","Aged 8 to 9 years","All persons",7
"E07000105","Ashford","Lives in a communal establishment","Aged 10 to 14 years","All persons",45
"E07000105","Ashford","Lives in a communal establishment","Aged 15 years","All persons",10
"E07000105","Ashford","Lives in a communal establishment","Aged 16 to 17 years","All persons",45
"E07000105","Ashford","Lives in a communal establishment","Aged 18 to 19 years","All persons",7
"E07000105","Ashford","Lives in a communal establishment","Aged 20 to 24 years","All persons",16
"E07000105","Ashford","Lives in a communal establishment","Aged 25 to 29 years","All persons",20
"E07000105","Ashford","Lives in a communal establishment","Aged 30 to 34 years","All persons",31
"E07000105","Ashford","Lives in a communal establishment","Aged 35 to 39 years","All persons",21
"E07000105","Ashford","Lives in a communal establishment","Aged 40 to 44 years","All persons",39
"E07000105","Ashford","Lives in a communal establishment","Aged 45 to 49 years","All persons",31
"E07000105","Ashford","Lives in a communal establishment","Aged 50 to 54 years","All persons",32
"E07000105","Ashford","Lives in a communal establishment","Aged 55 to 59 years","All persons",36
"E07000105","Ashford","Lives in a communal establishment","Aged 60 to 64 years","All persons",31
"E07000105","Ashford","Lives in a communal establishment","Aged 65 years","All persons",6
"E07000105","Ashford","Lives in a communal establishment","Aged 66 to 69 years","All persons",27
"E07000105","Ashford","Lives in a communal establishment","Aged 70 to 74 years","All persons",42
"E07000105","Ashford","Lives in a communal establishment","Aged 75 to 79 years","All persons",69
"E07000105","Ashford","Lives in a communal establishment","Aged 80 to 84 years","All persons",118
"E07000105","Ashford","Lives in a communal establishment","Aged 85 years and over","All persons",329
"E07000106","Canterbury","Lives in a communal establishment","Total","All persons",9234
"E07000106","Canterbury","Lives in a communal establishment","Aged 2 years and under","All persons",9
"E07000106","Canterbury","Lives in a communal establishment","Aged 3 to 4 years","All persons",8
"E07000106","Canterbury","Lives in a communal establishment","Aged 5 to 7 years","All persons",10
"E07000106","Canterbury","Lives in a communal establishment","Aged 8 to 9 years","All persons",9
"E07000106","Canterbury","Lives in a communal establishment","Aged 10 to 14 years","All persons",269
"E07000106","Canterbury","Lives in a communal establishment","Aged 15 years","All persons",82
"E07000106","Canterbury","Lives in a communal establishment","Aged 16 to 17 years","All persons",355
"E07000106","Canterbury","Lives in a communal establishment","Aged 18 to 19 years","All persons",3769
"E07000106","Canterbury","Lives in a communal establishment","Aged 20 to 24 years","All persons",2697
"E07000106","Canterbury","Lives in a communal establishment","Aged 25 to 29 years","All persons",273
"E07000106","Canterbury","Lives in a communal establishment","Aged 30 to 34 years","All persons",108
"E07000106","Canterbury","Lives in a communal establishment","Aged 35 to 39 years","All persons",93
"E07000106","Canterbury","Lives in a communal establishment","Aged 40 to 44 years","All persons",80
"E07000106","Canterbury","Lives in a communal establishment","Aged 45 to 49 years","All persons",74
"E07000106","Canterbury","Lives in a communal establishment","Aged 50 to 54 years","All persons",83
"E07000106","Canterbury","Lives in a communal establishment","Aged 55 to 59 years","All persons",117
"E07000106","Canterbury","Lives in a communal establishment","Aged 60 to 64 years","All persons",111
"E07000106","Canterbury","Lives in a communal establishment","Aged 65 years","All persons",13
"E07000106","Canterbury","Lives in a communal establishment","Aged 66 to 69 years","All persons",54
"E07000106","Canterbury","Lives in a communal establishment","Aged 70 to 74 years","All persons",113
"E07000106","Canterbury","Lives in a communal establishment","Aged 75 to 79 years","All persons",113
"E07000106","Canterbury","Lives in a communal establishment","Aged 80 to 84 years","All persons",176
"E07000106","Canterbury","Lives in a communal establishment","Aged 85 years and over","All persons",618
"E07000107","Dartford","Lives in a communal establishment","Total","All persons",727
"E07000107","Dartford","Lives in a communal establishment","Aged 2 years and under","All persons",3
"E07000107","Dartford","Lives in a communal establishment","Aged 3 to 4 years","All persons",4
"E07000107","Dartford","Lives in a communal establishment","Aged 5 to 7 years","All persons",0
"E07000107","Dartford","Lives in a communal establishment","Aged 8 to 9 years","All persons",1
"E07000107","Dartford","Lives in a communal establishment","Aged 10 to 14 years","All persons",5
"E07000107","Dartford","Lives in a communal establishment","Aged 15 years","All persons",0
"E07000107","Dartford","Lives in a communal establishment","Aged 16 to 17 years","All persons",9
"E07000107","Dartford","Lives in a communal establishment","Aged 18 to 19 years","All persons",11
"E07000107","Dartford","Lives in a communal establishment","Aged 20 to 24 years","All persons",25
"E07000107","Dartford","Lives in a communal establishment","Aged 25 to 29 years","All persons",32
"E07000107","Dartford","Lives in a communal establishment","Aged 30 to 34 years","All persons",28
"E07000107","Dartford","Lives in a communal establishment","Aged 35 to 39 years","All persons",28
"E07000107","Dartford","Lives in a communal establishment","Aged 40 to 44 years","All persons",11
"E07000107","Dartford","Lives in a communal establishment","Aged 45 to 49 years","All persons",22
"E07000107","Dartford","Lives in a communal establishment","Aged 50 to 54 years","All persons",20
"E07000107","Dartford","Lives in a communal establishment","Aged 55 to 59 years","All persons",31
"E07000107","Dartford","Lives in a communal establishment","Aged 60 to 64 years","All persons",25
"E07000107","Dartford","Lives in a communal establishment","Aged 65 years","All persons",1
"E07000107","Dartford","Lives in a communal establishment","Aged 66 to 69 years","All persons",17
"E07000107","Dartford","Lives in a communal establishment","Aged 70 to 74 years","All persons",41
"E07000107","Dartford","Lives in a communal establishment","Aged 75 to 79 years","All persons",54
"E07000107","Dartford","Lives in a communal establishment","Aged 80 to 84 years","All persons",104
"E07000107","Dartford","Lives in a communal establishment","Aged 85 years and over","All persons",255
"E07000108","Dover","Lives in a communal establishment","Total","All persons",2025
"E07000108","Dover","Lives in a communal establishment","Aged 2 years and under","All persons",30
"E07000108","Dover","Lives in a communal establishment","Aged 3 to 4 years","All persons",15
"E07000108","Dover","Lives in a communal establishment","Aged 5 to 7 years","All persons",23
"E07000108","Dover","Lives in a communal establishment","Aged 8 to 9 years","All persons",20
"E07000108","Dover","Lives in a communal establishment","Aged 10 to 14 years","All persons",237
"E07000108","Dover","Lives in a communal establishment","Aged 15 years","All persons",68
"E07000108","Dover","Lives in a communal establishment","Aged 16 to 17 years","All persons",140
"E07000108","Dover","Lives in a communal establishment","Aged 18 to 19 years","All persons",55
"E07000108","Dover","Lives in a communal establishment","Aged 20 to 24 years","All persons",43
"E07000108","Dover","Lives in a communal establishment","Aged 25 to 29 years","All persons",88
"E07000108","Dover","Lives in a communal establishment","Aged 30 to 34 years","All persons",54
"E07000108","Dover","Lives in a communal establishment","Aged 35 to 39 years","All persons",66
"E07000108","Dover","Lives in a communal establishment","Aged 40 to 44 years","All persons",57
"E07000108","Dover","Lives in a communal establishment","Aged 45 to 49 years","All persons",65
"E07000108","Dover","Lives in a communal establishment","Aged 50 to 54 years","All persons",68
"E07000108","Dover","Lives in a communal establishment","Aged 55 to 59 years","All persons",83
"E07000108","Dover","Lives in a communal establishment","Aged 60 to 64 years","All persons",78
"E07000108","Dover","Lives in a communal establishment","Aged 65 years","All persons",11
"E07000108","Dover","Lives in a communal establishment","Aged 66 to 69 years","All persons",53
"E07000108","Dover","Lives in a communal establishment","Aged 70 to 74 years","All persons",95
"E07000108","Dover","Lives in a communal establishment","Aged 75 to 79 years","All persons",120
"E07000108","Dover","Lives in a communal establishment","Aged 80 to 84 years","All persons",130
"E07000108","Dover","Lives in a communal establishment","Aged 85 years and over","All persons",426
"E07000109","Gravesham","Lives in a communal establishment","Total","All persons",512
"E07000109","Gravesham","Lives in a communal establishment","Aged 2 years and under","All persons",0
"E07000109","Gravesham","Lives in a communal establishment","Aged 3 to 4 years","All persons",1
"E07000109","Gravesham","Lives in a communal establishment","Aged 5 to 7 years","All persons",1
"E07000109","Gravesham","Lives in a communal establishment","Aged 8 to 9 years","All persons",0
"E07000109","Gravesham","Lives in a communal establishment","Aged 10 to 14 years","All persons",16
"E07000109","Gravesham","Lives in a communal establishment","Aged 15 years","All persons",9
"E07000109","Gravesham","Lives in a communal establishment","Aged 16 to 17 years","All persons",16
"E07000109","Gravesham","Lives in a communal establishment","Aged 18 to 19 years","All persons",5
"E07000109","Gravesham","Lives in a communal establishment","Aged 20 to 24 years","All persons",3
"E07000109","Gravesham","Lives in a communal establishment","Aged 25 to 29 years","All persons",8
"E07000109","Gravesham","Lives in a communal establishment","Aged 30 to 34 years","All persons",13
"E07000109","Gravesham","Lives in a communal establishment","Aged 35 to 39 years","All persons",10
"E07000109","Gravesham","Lives in a communal establishment","Aged 40 to 44 years","All persons",16
"E07000109","Gravesham","Lives in a communal establishment","Aged 45 to 49 years","All persons",11
"E07000109","Gravesham","Lives in a communal establishment","Aged 50 to 54 years","All persons",19
"E07000109","Gravesham","Lives in a communal establishment","Aged 55 to 59 years","All persons",31
"E07000109","Gravesham","Lives in a communal establishment","Aged 60 to 64 years","All persons",21
"E07000109","Gravesham","Lives in a communal establishment","Aged 65 years","All persons",4
"E07000109","Gravesham","Lives in a communal establishment","Aged 66 to 69 years","All persons",18
"E07000109","Gravesham","Lives in a communal establishment","Aged 70 to 74 years","All persons",31
"E07000109","Gravesham","Lives in a communal establishment","Aged 75 to 79 years","All persons",45
"E07000109","Gravesham","Lives in a communal establishment","Aged 80 to 84 years","All persons",71
"E07000109","Gravesham","Lives in a communal establishment","Aged 85 years and over","All persons",163
"E07000110","Maidstone","Lives in a communal establishment","Total","All persons",2320
"E07000110","Maidstone","Lives in a communal establishment","Aged 2 years and under","All persons",1
"E07000110","Maidstone","Lives in a communal establishment","Aged 3 to 4 years","All persons",2
"E07000110","Maidstone","Lives in a communal establishment","Aged 5 to 7 years","All persons",2
"E07000110","Maidstone","Lives in a communal establishment","Aged 8 to 9 years","All persons",3
"E07000110","Maidstone","Lives in a communal establishment","Aged 10 to 14 years","All persons",12
"E07000110","Maidstone","Lives in a communal establishment","Aged 15 years","All persons",5
"E07000110","Maidstone","Lives in a communal establishment","Aged 16 to 17 years","All persons",35
"E07000110","Maidstone","Lives in a communal establishment","Aged 18 to 19 years","All persons",22
"E07000110","Maidstone","Lives in a communal establishment","Aged 20 to 24 years","All persons",327
"E07000110","Maidstone","Lives in a communal establishment","Aged 25 to 29 years","All persons",297
"E07000110","Maidstone","Lives in a communal establishment","Aged 30 to 34 years","All persons",176
"E07000110","Maidstone","Lives in a communal establishment","Aged 35 to 39 years","All persons",160
"E07000110","Maidstone","Lives in a communal establishment","Aged 40 to 44 years","All persons",107
"E07000110","Maidstone","Lives in a communal establishment","Aged 45 to 49 years","All persons",89
"E07000110","Maidstone","Lives in a communal establishment","Aged 50 to 54 years","All persons",65
"E07000110","Maidstone","Lives in a communal establishment","Aged 55 to 59 years","All persons",57
"E07000110","Maidstone","Lives in a communal establishment","Aged 60 to 64 years","All persons",51
"E07000110","Maidstone","Lives in a communal establishment","Aged 65 years","All persons",13
"E07000110","Maidstone","Lives in a communal establishment","Aged 66 to 69 years","All persons",29
"E07000110","Maidstone","Lives in a communal establishment","Aged 70 to 74 years","All persons",67
"E07000110","Maidstone","Lives in a communal establishment","Aged 75 to 79 years","All persons",90
"E07000110","Maidstone","Lives in a communal establishment","Aged 80 to 84 years","All persons",163
"E07000110","Maidstone","Lives in a communal establishment","Aged 85 years and over","All persons",547
"E07000111","Sevenoaks","Lives in a communal establishment","Total","All persons",1118
"E07000111","Sevenoaks","Lives in a communal establishment","Aged 2 years and under","All persons",9
"E07000111","Sevenoaks","Lives in a communal establishment","Aged 3 to 4 years","All persons",2
"E07000111","Sevenoaks","Lives in a communal establishment","Aged 5 to 7 years","All persons",5
"E07000111","Sevenoaks","Lives in a communal establishment","Aged 8 to 9 years","All persons",3
"E07000111","Sevenoaks","Lives in a communal establishment","Aged 10 to 14 years","All persons",79
"E07000111","Sevenoaks","Lives in a communal establishment","Aged 15 years","All persons",56
"E07000111","Sevenoaks","Lives in a communal establishment","Aged 16 to 17 years","All persons",161
"E07000111","Sevenoaks","Lives in a communal establishment","Aged 18 to 19 years","All persons",59
"E07000111","Sevenoaks","Lives in a communal establishment","Aged 20 to 24 years","All persons",1
"E07000111","Sevenoaks","Lives in a communal establishment","Aged 25 to 29 years","All persons",6
"E07000111","Sevenoaks","Lives in a communal establishment","Aged 30 to 34 years","All persons",13
"E07000111","Sevenoaks","Lives in a communal establishment","Aged 35 to 39 years","All persons",19
"E07000111","Sevenoaks","Lives in a communal establishment","Aged 40 to 44 years","All persons",11
"E07000111","Sevenoaks","Lives in a communal establishment","Aged 45 to 49 years","All persons",17
"E07000111","Sevenoaks","Lives in a communal establishment","Aged 50 to 54 years","All persons",9
"E07000111","Sevenoaks","Lives in a communal establishment","Aged 55 to 59 years","All persons",28
"E07000111","Sevenoaks","Lives in a communal establishment","Aged 60 to 64 years","All persons",12
"E07000111","Sevenoaks","Lives in a communal establishment","Aged 65 years","All persons",3
"E07000111","Sevenoaks","Lives in a communal establishment","Aged 66 to 69 years","All persons",18
"E07000111","Sevenoaks","Lives in a communal establishment","Aged 70 to 74 years","All persons",55
"E07000111","Sevenoaks","Lives in a communal establishment","Aged 75 to 79 years","All persons",57
"E07000111","Sevenoaks","Lives in a communal establishment","Aged 80 to 84 years","All persons",89
"E07000111","Sevenoaks","Lives in a communal establishment","Aged 85 years and over","All persons",406
"E07000112","Folkestone and Hythe","Lives in a communal establishment","Total","All persons",1894
"E07000112","Folkestone and Hythe","Lives in a communal establishment","Aged 2 years and under","All persons",1
"E07000112","Folkestone and Hythe","Lives in a communal establishment","Aged 3 to 4 years","All persons",2
"E07000112","Folkestone and Hythe","Lives in a communal establishment","Aged 5 to 7 years","All persons",3
"E07000112","Folkestone and Hythe","Lives in a communal establishment","Aged 8 to 9 years","All persons",1
"E07000112","Folkestone and Hythe","Lives in a communal establishment","Aged 10 to 14 years","All persons",6
"E07000112","Folkestone and Hythe","Lives in a communal establishment","Aged 15 years","All persons",2
"E07000112","Folkestone and Hythe","Lives in a communal establishment","Aged 16 to 17 years","All persons",24
"E07000112","Folkestone and Hythe","Lives in a communal establishment","Aged 18 to 19 years","All persons",34
"E07000112","Folkestone and Hythe","Lives in a communal establishment","Aged 20 to 24 years","All persons",335
"E07000112","Folkestone and Hythe","Lives in a communal establishment","Aged 25 to 29 years","All persons",124
"E07000112","Folkestone and Hythe","Lives in a communal establishment","Aged 30 to 34 years","All persons",69
"E07000112","Folkestone and Hythe","Lives in a communal establishment","Aged 35 to 39 years","All persons",66
"E07000112","Folkestone and Hythe","Lives in a communal establishment","Aged 40 to 44 years","All persons",77
"E07000112","Folkestone and Hythe","Lives in a communal establishment","Aged 45 to 49 years","All persons",78
"E07000112","Folkestone and Hythe","Lives in a communal establishment","Aged 50 to 54 years","All persons",66
"E07000112","Folkestone and Hythe","Lives in a communal establishment","Aged 55 to 59 years","All persons",73
"E07000112","Folkestone and Hythe","Lives in a communal establishment","Aged 60 to 64 years","All persons",77
"E07000112","Folkestone and Hythe","Lives in a communal establishment","Aged 65 years","All persons",15
"E07000112","Folkestone and Hythe","Lives in a communal establishment","Aged 66 to 69 years","All persons",51
"E07000112","Folkestone and Hythe","Lives in a communal establishment","Aged 70 to 74 years","All persons",89
"E07000112","Folkestone and Hythe","Lives in a communal establishment","Aged 75 to 79 years","All persons",100
"E07000112","Folkestone and Hythe","Lives in a communal establishment","Aged 80 to 84 years","All persons",135
"E07000112","Folkestone and Hythe","Lives in a communal establishment","Aged 85 years and over","All persons",466
"E07000113","Swale","Lives in a communal establishment","Total","All persons",3002
"E07000113","Swale","Lives in a communal establishment","Aged 2 years and under","All persons",1
"E07000113","Swale","Lives in a communal establishment","Aged 3 to 4 years","All persons",0
"E07000113","Swale","Lives in a communal establishment","Aged 5 to 7 years","All persons",2
"E07000113","Swale","Lives in a communal establishment","Aged 8 to 9 years","All persons",1
"E07000113","Swale","Lives in a communal establishment","Aged 10 to 14 years","All persons",0
"E07000113","Swale","Lives in a communal establishment","Aged 15 years","All persons",1
"E07000113","Swale","Lives in a communal establishment","Aged 16 to 17 years","All persons",2
"E07000113","Swale","Lives in a communal establishment","Aged 18 to 19 years","All persons",30
"E07000113","Swale","Lives in a communal establishment","Aged 20 to 24 years","All persons",249
"E07000113","Swale","Lives in a communal establishment","Aged 25 to 29 years","All persons",434
"E07000113","Swale","Lives in a communal establishment","Aged 30 to 34 years","All persons",444
"E07000113","Swale","Lives in a communal establishment","Aged 35 to 39 years","All persons",321
"E07000113","Swale","Lives in a communal establishment","Aged 40 to 44 years","All persons",261
"E07000113","Swale","Lives in a communal establishment","Aged 45 to 49 years","All persons",193
"E07000113","Swale","Lives in a communal establishment","Aged 50 to 54 years","All persons",180
"E07000113","Swale","Lives in a communal establishment","Aged 55 to 59 years","All persons",135
"E07000113","Swale","Lives in a communal establishment","Aged 60 to 64 years","All persons",94
"E07000113","Swale","Lives in a communal establishment","Aged 65 years","All persons",16
"E07000113","Swale","Lives in a communal establishment","Aged 66 to 69 years","All persons",46
"E07000113","Swale","Lives in a communal establishment","Aged 70 to 74 years","All persons",68
"E07000113","Swale","Lives in a communal establishment","Aged 75 to 79 years","All persons",85
"E07000113","Swale","Lives in a communal establishment","Aged 80 to 84 years","All persons",101
"E07000113","Swale","Lives in a communal establishment","Aged 85 years and over","All persons",338
"E07000114","Thanet","Lives in a communal establishment","Total","All persons",1727
"E07000114","Thanet","Lives in a communal establishment","Aged 2 years and under","All persons",11
"E07000114","Thanet","Lives in a communal establishment","Aged 3 to 4 years","All persons",2
"E07000114","Thanet","Lives in a communal establishment","Aged 5 to 7 years","All persons",6
"E07000114","Thanet","Lives in a communal establishment","Aged 8 to 9 years","All persons",18
"E07000114","Thanet","Lives in a communal establishment","Aged 10 to 14 years","All persons",96
"E07000114","Thanet","Lives in a communal establishment","Aged 15 years","All persons",35
"E07000114","Thanet","Lives in a communal establishment","Aged 16 to 17 years","All persons",79
"E07000114","Thanet","Lives in a communal establishment","Aged 18 to 19 years","All persons",21
"E07000114","Thanet","Lives in a communal establishment","Aged 20 to 24 years","All persons",22
"E07000114","Thanet","Lives in a communal establishment","Aged 25 to 29 years","All persons",40
"E07000114","Thanet","Lives in a communal establishment","Aged 30 to 34 years","All persons",44
"E07000114","Thanet","Lives in a communal establishment","Aged 35 to 39 years","All persons",50
"E07000114","Thanet","Lives in a communal establishment","Aged 40 to 44 years","All persons",35
"E07000114","Thanet","Lives in a communal establishment","Aged 45 to 49 years","All persons",48
"E07000114","Thanet","Lives in a communal establishment","Aged 50 to 54 years","All persons",55
"E07000114","Thanet","Lives in a communal establishment","Aged 55 to 59 years","All persons",51
"E07000114","Thanet","Lives in a communal establishment","Aged 60 to 64 years","All persons",85
"E07000114","Thanet","Lives in a communal establishment","Aged 65 years","All persons",12
"E07000114","Thanet","Lives in a communal establishment","Aged 66 to 69 years","All persons",63
"E07000114","Thanet","Lives in a communal establishment","Aged 70 to 74 years","All persons",108
"E07000114","Thanet","Lives in a communal establishment","Aged 75 to 79 years","All persons",139
"E07000114","Thanet","Lives in a communal establishment","Aged 80 to 84 years","All persons",175
"E07000114","Thanet","Lives in a communal establishment","Aged 85 years and over","All persons",532
"E07000115","Tonbridge and Malling","Lives in a communal establishment","Total","All persons",1111
"E07000115","Tonbridge and Malling","Lives in a communal establishment","Aged 2 years and under","All persons",4
"E07000115","Tonbridge and Malling","Lives in a communal establishment","Aged 3 to 4 years","All persons",2
"E07000115","Tonbridge and Malling","Lives in a communal establishment","Aged 5 to 7 years","All persons",2
"E07000115","Tonbridge and Malling","Lives in a communal establishment","Aged 8 to 9 years","All persons",2
"E07000115","Tonbridge and Malling","Lives in a communal establishment","Aged 10 to 14 years","All persons",109
"E07000115","Tonbridge and Malling","Lives in a communal establishment","Aged 15 years","All persons",70
"E07000115","Tonbridge and Malling","Lives in a communal establishment","Aged 16 to 17 years","All persons",215
"E07000115","Tonbridge and Malling","Lives in a communal establishment","Aged 18 to 19 years","All persons",106
"E07000115","Tonbridge and Malling","Lives in a communal establishment","Aged 20 to 24 years","All persons",29
"E07000115","Tonbridge and Malling","Lives in a communal establishment","Aged 25 to 29 years","All persons",8
"E07000115","Tonbridge and Malling","Lives in a communal establishment","Aged 30 to 34 years","All persons",16
"E07000115","Tonbridge and Malling","Lives in a communal establishment","Aged 35 to 39 years","All persons",9
"E07000115","Tonbridge and Malling","Lives in a communal establishment","Aged 40 to 44 years","All persons",19
"E07000115","Tonbridge and Malling","Lives in a communal establishment","Aged 45 to 49 years","All persons",22
"E07000115","Tonbridge and Malling","Lives in a communal establishment","Aged 50 to 54 years","All persons",28
"E07000115","Tonbridge and Malling","Lives in a communal establishment","Aged 55 to 59 years","All persons",32
"E07000115","Tonbridge and Malling","Lives in a communal establishment","Aged 60 to 64 years","All persons",19
"E07000115","Tonbridge and Malling","Lives in a communal establishment","Aged 65 years","All persons",9
"E07000115","Tonbridge and Malling","Lives in a communal establishment","Aged 66 to 69 years","All persons",15
"E07000115","Tonbridge and Malling","Lives in a communal establishment","Aged 70 to 74 years","All persons",44
"E07000115","Tonbridge and Malling","Lives in a communal establishment","Aged 75 to 79 years","All persons",44
"E07000115","Tonbridge and Malling","Lives in a communal establishment","Aged 80 to 84 years","All persons",64
"E07000115","Tonbridge and Malling","Lives in a communal establishment","Aged 85 years and over","All persons",243
"E07000116","Tunbridge Wells","Lives in a communal establishment","Total","All persons",1933
"E07000116","Tunbridge Wells","Lives in a communal establishment","Aged 2 years and under","All persons",6
"E07000116","Tunbridge Wells","Lives in a communal establishment","Aged 3 to 4 years","All persons",5
"E07000116","Tunbridge Wells","Lives in a communal establishment","Aged 5 to 7 years","All persons",9
"E07000116","Tunbridge Wells","Lives in a communal establishment","Aged 8 to 9 years","All persons",8
"E07000116","Tunbridge Wells","Lives in a communal establishment","Aged 10 to 14 years","All persons",279
"E07000116","Tunbridge Wells","Lives in a communal establishment","Aged 15 years","All persons",110
"E07000116","Tunbridge Wells","Lives in a communal establishment","Aged 16 to 17 years","All persons",274
"E07000116","Tunbridge Wells","Lives in a communal establishment","Aged 18 to 19 years","All persons",89
"E07000116","Tunbridge Wells","Lives in a communal establishment","Aged 20 to 24 years","All persons",44
"E07000116","Tunbridge Wells","Lives in a communal establishment","Aged 25 to 29 years","All persons",34
"E07000116","Tunbridge Wells","Lives in a communal establishment","Aged 30 to 34 years","All persons",40
"E07000116","Tunbridge Wells","Lives in a communal establishment","Aged 35 to 39 years","All persons",35
"E07000116","Tunbridge Wells","Lives in a communal establishment","Aged 40 to 44 years","All persons",42
"E07000116","Tunbridge Wells","Lives in a communal establishment","Aged 45 to 49 years","All persons",63
"E07000116","Tunbridge Wells","Lives in a communal establishment","Aged 50 to 54 years","All persons",41
"E07000116","Tunbridge Wells","Lives in a communal establishment","Aged 55 to 59 years","All persons",55
"E07000116","Tunbridge Wells","Lives in a communal establishment","Aged 60 to 64 years","All persons",41
"E07000116","Tunbridge Wells","Lives in a communal establishment","Aged 65 years","All persons",3
"E07000116","Tunbridge Wells","Lives in a communal establishment","Aged 66 to 69 years","All persons",22
"E07000116","Tunbridge Wells","Lives in a communal establishment","Aged 70 to 74 years","All persons",34
"E07000116","Tunbridge Wells","Lives in a communal establishment","Aged 75 to 79 years","All persons",79
"E07000116","Tunbridge Wells","Lives in a communal establishment","Aged 80 to 84 years","All persons",118
"E07000116","Tunbridge Wells","Lives in a communal establishment","Aged 85 years and over","All persons",502
"E07000177","Cherwell","Lives in a communal establishment","Total","All persons",2187
"E07000177","Cherwell","Lives in a communal establishment","Aged 2 years and under","All persons",1
"E07000177","Cherwell","Lives in a communal establishment","Aged 3 to 4 years","All persons",0
"E07000177","Cherwell","Lives in a communal establishment","Aged 5 to 7 years","All persons",3
"E07000177","Cherwell","Lives in a communal establishment","Aged 8 to 9 years","All persons",12
"E07000177","Cherwell","Lives in a communal establishment","Aged 10 to 14 years","All persons",192
"E07000177","Cherwell","Lives in a communal establishment","Aged 15 years","All persons",60
"E07000177","Cherwell","Lives in a communal establishment","Aged 16 to 17 years","All persons",165
"E07000177","Cherwell","Lives in a communal establishment","Aged 18 to 19 years","All persons",104
"E07000177","Cherwell","Lives in a communal establishment","Aged 20 to 24 years","All persons",171
"E07000177","Cherwell","Lives in a communal establishment","Aged 25 to 29 years","All persons",150
"E07000177","Cherwell","Lives in a communal establishment","Aged 30 to 34 years","All persons",153
"E07000177","Cherwell","Lives in a communal establishment","Aged 35 to 39 years","All persons",105
"E07000177","Cherwell","Lives in a communal establishment","Aged 40 to 44 years","All persons",87
"E07000177","Cherwell","Lives in a communal establishment","Aged 45 to 49 years","All persons",77
"E07000177","Cherwell","Lives in a communal establishment","Aged 50 to 54 years","All persons",42
"E07000177","Cherwell","Lives in a communal establishment","Aged 55 to 59 years","All persons",45
"E07000177","Cherwell","Lives in a communal establishment","Aged 60 to 64 years","All persons",32
"E07000177","Cherwell","Lives in a communal establishment","Aged 65 years","All persons",7
"E07000177","Cherwell","Lives in a communal establishment","Aged 66 to 69 years","All persons",39
"E07000177","Cherwell","Lives in a communal establishment","Aged 70 to 74 years","All persons",63
"E07000177","Cherwell","Lives in a communal establishment","Aged 75 to 79 years","All persons",90
"E07000177","Cherwell","Lives in a communal establishment","Aged 80 to 84 years","All persons",136
"E07000177","Cherwell","Lives in a communal establishment","Aged 85 years and over","All persons",453
"E07000178","Oxford","Lives in a communal establishment","Total","All persons",21222
"E07000178","Oxford","Lives in a communal establishment","Aged 2 years and under","All persons",16
"E07000178","Oxford","Lives in a communal establishment","Aged 3 to 4 years","All persons",22
"E07000178","Oxford","Lives in a communal establishment","Aged 5 to 7 years","All persons",15
"E07000178","Oxford","Lives in a communal establishment","Aged 8 to 9 years","All persons",53
"E07000178","Oxford","Lives in a communal establishment","Aged 10 to 14 years","All persons",505
"E07000178","Oxford","Lives in a communal establishment","Aged 15 years","All persons",169
"E07000178","Oxford","Lives in a communal establishment","Aged 16 to 17 years","All persons",432
"E07000178","Oxford","Lives in a communal establishment","Aged 18 to 19 years","All persons",7582
"E07000178","Oxford","Lives in a communal establishment","Aged 20 to 24 years","All persons",8506
"E07000178","Oxford","Lives in a communal establishment","Aged 25 to 29 years","All persons",1871
"E07000178","Oxford","Lives in a communal establishment","Aged 30 to 34 years","All persons",796
"E07000178","Oxford","Lives in a communal establishment","Aged 35 to 39 years","All persons",235
"E07000178","Oxford","Lives in a communal establishment","Aged 40 to 44 years","All persons",116
"E07000178","Oxford","Lives in a communal establishment","Aged 45 to 49 years","All persons",75
"E07000178","Oxford","Lives in a communal establishment","Aged 50 to 54 years","All persons",86
"E07000178","Oxford","Lives in a communal establishment","Aged 55 to 59 years","All persons",76
"E07000178","Oxford","Lives in a communal establishment","Aged 60 to 64 years","All persons",69
"E07000178","Oxford","Lives in a communal establishment","Aged 65 years","All persons",22
"E07000178","Oxford","Lives in a communal establishment","Aged 66 to 69 years","All persons",48
"E07000178","Oxford","Lives in a communal establishment","Aged 70 to 74 years","All persons",48
"E07000178","Oxford","Lives in a communal establishment","Aged 75 to 79 years","All persons",64
"E07000178","Oxford","Lives in a communal establishment","Aged 80 to 84 years","All persons",101
"E07000178","Oxford","Lives in a communal establishment","Aged 85 years and over","All persons",315
"E07000179","South Oxfordshire","Lives in a communal establishment","Total","All persons",2340
"E07000179","South Oxfordshire","Lives in a communal establishment","Aged 2 years and under","All persons",9
"E07000179","South Oxfordshire","Lives in a communal establishment","Aged 3 to 4 years","All persons",10
"E07000179","South Oxfordshire","Lives in a communal establishment","Aged 5 to 7 years","All persons",5
"E07000179","South Oxfordshire","Lives in a communal establishment","Aged 8 to 9 years","All persons",8
"E07000179","South Oxfordshire","Lives in a communal establishment","Aged 10 to 14 years","All persons",91
"E07000179","South Oxfordshire","Lives in a communal establishment","Aged 15 years","All persons",13
"E07000179","South Oxfordshire","Lives in a communal establishment","Aged 16 to 17 years","All persons",98
"E07000179","South Oxfordshire","Lives in a communal establishment","Aged 18 to 19 years","All persons",140
"E07000179","South Oxfordshire","Lives in a communal establishment","Aged 20 to 24 years","All persons",228
"E07000179","South Oxfordshire","Lives in a communal establishment","Aged 25 to 29 years","All persons",319
"E07000179","South Oxfordshire","Lives in a communal establishment","Aged 30 to 34 years","All persons",188
"E07000179","South Oxfordshire","Lives in a communal establishment","Aged 35 to 39 years","All persons",110
"E07000179","South Oxfordshire","Lives in a communal establishment","Aged 40 to 44 years","All persons",142
"E07000179","South Oxfordshire","Lives in a communal establishment","Aged 45 to 49 years","All persons",64
"E07000179","South Oxfordshire","Lives in a communal establishment","Aged 50 to 54 years","All persons",58
"E07000179","South Oxfordshire","Lives in a communal establishment","Aged 55 to 59 years","All persons",54
"E07000179","South Oxfordshire","Lives in a communal establishment","Aged 60 to 64 years","All persons",43
"E07000179","South Oxfordshire","Lives in a communal establishment","Aged 65 years","All persons",7
"E07000179","South Oxfordshire","Lives in a communal establishment","Aged 66 to 69 years","All persons",27
"E07000179","South Oxfordshire","Lives in a communal establishment","Aged 70 to 74 years","All persons",52
"E07000179","South Oxfordshire","Lives in a communal establishment","Aged 75 to 79 years","All persons",71
"E07000179","South Oxfordshire","Lives in a communal establishment","Aged 80 to 84 years","All persons",142
"E07000179","South Oxfordshire","Lives in a communal establishment","Aged 85 years and over","All persons",461
"E07000180","Vale of White Horse","Lives in a communal establishment","Total","All persons",2966
"E07000180","Vale of White Horse","Lives in a communal establishment","Aged 2 years and under","All persons",5
"E07000180","Vale of White Horse","Lives in a communal establishment","Aged 3 to 4 years","All persons",3
"E07000180","Vale of White Horse","Lives in a communal establishment","Aged 5 to 7 years","All persons",8
"E07000180","Vale of White Horse","Lives in a communal establishment","Aged 8 to 9 years","All persons",42
"E07000180","Vale of White Horse","Lives in a communal establishment","Aged 10 to 14 years","All persons",426
"E07000180","Vale of White Horse","Lives in a communal establishment","Aged 15 years","All persons",172
"E07000180","Vale of White Horse","Lives in a communal establishment","Aged 16 to 17 years","All persons",307
"E07000180","Vale of White Horse","Lives in a communal establishment","Aged 18 to 19 years","All persons",302
"E07000180","Vale of White Horse","Lives in a communal establishment","Aged 20 to 24 years","All persons",381
"E07000180","Vale of White Horse","Lives in a communal establishment","Aged 25 to 29 years","All persons",240
"E07000180","Vale of White Horse","Lives in a communal establishment","Aged 30 to 34 years","All persons",104
"E07000180","Vale of White Horse","Lives in a communal establishment","Aged 35 to 39 years","All persons",76
"E07000180","Vale of White Horse","Lives in a communal establishment","Aged 40 to 44 years","All persons",39
"E07000180","Vale of White Horse","Lives in a communal establishment","Aged 45 to 49 years","All persons",41
"E07000180","Vale of White Horse","Lives in a communal establishment","Aged 50 to 54 years","All persons",19
"E07000180","Vale of White Horse","Lives in a communal establishment","Aged 55 to 59 years","All persons",24
"E07000180","Vale of White Horse","Lives in a communal establishment","Aged 60 to 64 years","All persons",18
"E07000180","Vale of White Horse","Lives in a communal establishment","Aged 65 years","All persons",6
"E07000180","Vale of White Horse","Lives in a communal establishment","Aged 66 to 69 years","All persons",28
"E07000180","Vale of White Horse","Lives in a communal establishment","Aged 70 to 74 years","All persons",48
"E07000180","Vale of White Horse","Lives in a communal establishment","Aged 75 to 79 years","All persons",76
"E07000180","Vale of White Horse","Lives in a communal establishment","Aged 80 to 84 years","All persons",131
"E07000180","Vale of White Horse","Lives in a communal establishment","Aged 85 years and over","All persons",470
"E07000181","West Oxfordshire","Lives in a communal establishment","Total","All persons",2453
"E07000181","West Oxfordshire","Lives in a communal establishment","Aged 2 years and under","All persons",3
"E07000181","West Oxfordshire","Lives in a communal establishment","Aged 3 to 4 years","All persons",5
"E07000181","West Oxfordshire","Lives in a communal establishment","Aged 5 to 7 years","All persons",7
"E07000181","West Oxfordshire","Lives in a communal establishment","Aged 8 to 9 years","All persons",16
"E07000181","West Oxfordshire","Lives in a communal establishment","Aged 10 to 14 years","All persons",113
"E07000181","West Oxfordshire","Lives in a communal establishment","Aged 15 years","All persons",33
"E07000181","West Oxfordshire","Lives in a communal establishment","Aged 16 to 17 years","All persons",74
"E07000181","West Oxfordshire","Lives in a communal establishment","Aged 18 to 19 years","All persons",115
"E07000181","West Oxfordshire","Lives in a communal establishment","Aged 20 to 24 years","All persons",433
"E07000181","West Oxfordshire","Lives in a communal establishment","Aged 25 to 29 years","All persons",419
"E07000181","West Oxfordshire","Lives in a communal establishment","Aged 30 to 34 years","All persons",118
"E07000181","West Oxfordshire","Lives in a communal establishment","Aged 35 to 39 years","All persons",81
"E07000181","West Oxfordshire","Lives in a communal establishment","Aged 40 to 44 years","All persons",79
"E07000181","West Oxfordshire","Lives in a communal establishment","Aged 45 to 49 years","All persons",48
"E07000181","West Oxfordshire","Lives in a communal establishment","Aged 50 to 54 years","All persons",37
"E07000181","West Oxfordshire","Lives in a communal establishment","Aged 55 to 59 years","All persons",32
"E07000181","West Oxfordshire","Lives in a communal establishment","Aged 60 to 64 years","All persons",16
"E07000181","West Oxfordshire","Lives in a communal establishment","Aged 65 years","All persons",3
"E07000181","West Oxfordshire","Lives in a communal establishment","Aged 66 to 69 years","All persons",20
"E07000181","West Oxfordshire","Lives in a communal establishment","Aged 70 to 74 years","All persons",47
"E07000181","West Oxfordshire","Lives in a communal establishment","Aged 75 to 79 years","All persons",85
"E07000181","West Oxfordshire","Lives in a communal establishment","Aged 80 to 84 years","All persons",151
"E07000181","West Oxfordshire","Lives in a communal establishment","Aged 85 years and over","All persons",518
"E07000207","Elmbridge","Lives in a communal establishment","Total","All persons",1503
"E07000207","Elmbridge","Lives in a communal establishment","Aged 2 years and under","All persons",3
"E07000207","Elmbridge","Lives in a communal establishment","Aged 3 to 4 years","All persons",4
"E07000207","Elmbridge","Lives in a communal establishment","Aged 5 to 7 years","All persons",4
"E07000207","Elmbridge","Lives in a communal establishment","Aged 8 to 9 years","All persons",7
"E07000207","Elmbridge","Lives in a communal establishment","Aged 10 to 14 years","All persons",62
"E07000207","Elmbridge","Lives in a communal establishment","Aged 15 years","All persons",33
"E07000207","Elmbridge","Lives in a communal establishment","Aged 16 to 17 years","All persons",140
"E07000207","Elmbridge","Lives in a communal establishment","Aged 18 to 19 years","All persons",33
"E07000207","Elmbridge","Lives in a communal establishment","Aged 20 to 24 years","All persons",12
"E07000207","Elmbridge","Lives in a communal establishment","Aged 25 to 29 years","All persons",8
"E07000207","Elmbridge","Lives in a communal establishment","Aged 30 to 34 years","All persons",25
"E07000207","Elmbridge","Lives in a communal establishment","Aged 35 to 39 years","All persons",23
"E07000207","Elmbridge","Lives in a communal establishment","Aged 40 to 44 years","All persons",27
"E07000207","Elmbridge","Lives in a communal establishment","Aged 45 to 49 years","All persons",38
"E07000207","Elmbridge","Lives in a communal establishment","Aged 50 to 54 years","All persons",38
"E07000207","Elmbridge","Lives in a communal establishment","Aged 55 to 59 years","All persons",54
"E07000207","Elmbridge","Lives in a communal establishment","Aged 60 to 64 years","All persons",42
"E07000207","Elmbridge","Lives in a communal establishment","Aged 65 years","All persons",8
"E07000207","Elmbridge","Lives in a communal establishment","Aged 66 to 69 years","All persons",31
"E07000207","Elmbridge","Lives in a communal establishment","Aged 70 to 74 years","All persons",65
"E07000207","Elmbridge","Lives in a communal establishment","Aged 75 to 79 years","All persons",97
"E07000207","Elmbridge","Lives in a communal establishment","Aged 80 to 84 years","All persons",130
"E07000207","Elmbridge","Lives in a communal establishment","Aged 85 years and over","All persons",619
"E07000208","Epsom and Ewell","Lives in a communal establishment","Total","All persons",891
"E07000208","Epsom and Ewell","Lives in a communal establishment","Aged 2 years and under","All persons",7
"E07000208","Epsom and Ewell","Lives in a communal establishment","Aged 3 to 4 years","All persons",3
"E07000208","Epsom and Ewell","Lives in a communal establishment","Aged 5 to 7 years","All persons",4
"E07000208","Epsom and Ewell","Lives in a communal establishment","Aged 8 to 9 years","All persons",2
"E07000208","Epsom and Ewell","Lives in a communal establishment","Aged 10 to 14 years","All persons",63
"E07000208","Epsom and Ewell","Lives in a communal establishment","Aged 15 years","All persons",38
"E07000208","Epsom and Ewell","Lives in a communal establishment","Aged 16 to 17 years","All persons",101
"E07000208","Epsom and Ewell","Lives in a communal establishment","Aged 18 to 19 years","All persons",112
"E07000208","Epsom and Ewell","Lives in a communal establishment","Aged 20 to 24 years","All persons",101
"E07000208","Epsom and Ewell","Lives in a communal establishment","Aged 25 to 29 years","All persons",31
"E07000208","Epsom and Ewell","Lives in a communal establishment","Aged 30 to 34 years","All persons",25
"E07000208","Epsom and Ewell","Lives in a communal establishment","Aged 35 to 39 years","All persons",23
"E07000208","Epsom and Ewell","Lives in a communal establishment","Aged 40 to 44 years","All persons",20
"E07000208","Epsom and Ewell","Lives in a communal establishment","Aged 45 to 49 years","All persons",16
"E07000208","Epsom and Ewell","Lives in a communal establishment","Aged 50 to 54 years","All persons",27
"E07000208","Epsom and Ewell","Lives in a communal establishment","Aged 55 to 59 years","All persons",23
"E07000208","Epsom and Ewell","Lives in a communal establishment","Aged 60 to 64 years","All persons",23
"E07000208","Epsom and Ewell","Lives in a communal establishment","Aged 65 years","All persons",4
"E07000208","Epsom and Ewell","Lives in a communal establishment","Aged 66 to 69 years","All persons",21
"E07000208","Epsom and Ewell","Lives in a communal establishment","Aged 70 to 74 years","All persons",23
"E07000208","Epsom and Ewell","Lives in a communal establishment","Aged 75 to 79 years","All persons",21
"E07000208","Epsom and Ewell","Lives in a communal establishment","Aged 80 to 84 years","All persons",55
"E07000208","Epsom and Ewell","Lives in a communal establishment","Aged 85 years and over","All persons",148
"E07000209","Guildford","Lives in a communal establishment","Total","All persons",8383
"E07000209","Guildford","Lives in a communal establishment","Aged 2 years and under","All persons",9
"E07000209","Guildford","Lives in a communal establishment","Aged 3 to 4 years","All persons",5
"E07000209","Guildford","Lives in a communal establishment","Aged 5 to 7 years","All persons",10
"E07000209","Guildford","Lives in a communal establishment","Aged 8 to 9 years","All persons",2
"E07000209","Guildford","Lives in a communal establishment","Aged 10 to 14 years","All persons",41
"E07000209","Guildford","Lives in a communal establishment","Aged 15 years","All persons",19
"E07000209","Guildford","Lives in a communal establishment","Aged 16 to 17 years","All persons",287
"E07000209","Guildford","Lives in a communal establishment","Aged 18 to 19 years","All persons",2905
"E07000209","Guildford","Lives in a communal establishment","Aged 20 to 24 years","All persons",3128
"E07000209","Guildford","Lives in a communal establishment","Aged 25 to 29 years","All persons",714
"E07000209","Guildford","Lives in a communal establishment","Aged 30 to 34 years","All persons",248
"E07000209","Guildford","Lives in a communal establishment","Aged 35 to 39 years","All persons",140
"E07000209","Guildford","Lives in a communal establishment","Aged 40 to 44 years","All persons",75
"E07000209","Guildford","Lives in a communal establishment","Aged 45 to 49 years","All persons",66
"E07000209","Guildford","Lives in a communal establishment","Aged 50 to 54 years","All persons",51
"E07000209","Guildford","Lives in a communal establishment","Aged 55 to 59 years","All persons",48
"E07000209","Guildford","Lives in a communal establishment","Aged 60 to 64 years","All persons",36
"E07000209","Guildford","Lives in a communal establishment","Aged 65 years","All persons",4
"E07000209","Guildford","Lives in a communal establishment","Aged 66 to 69 years","All persons",25
"E07000209","Guildford","Lives in a communal establishment","Aged 70 to 74 years","All persons",42
"E07000209","Guildford","Lives in a communal establishment","Aged 75 to 79 years","All persons",71
"E07000209","Guildford","Lives in a communal establishment","Aged 80 to 84 years","All persons",87
"E07000209","Guildford","Lives in a communal establishment","Aged 85 years and over","All persons",370
"E07000210","Mole Valley","Lives in a communal establishment","Total","All persons",1274
"E07000210","Mole Valley","Lives in a communal establishment","Aged 2 years and under","All persons",2
"E07000210","Mole Valley","Lives in a communal establishment","Aged 3 to 4 years","All persons",4
"E07000210","Mole Valley","Lives in a communal establishment","Aged 5 to 7 years","All persons",0
"E07000210","Mole Valley","Lives in a communal establishment","Aged 8 to 9 years","All persons",3
"E07000210","Mole Valley","Lives in a communal establishment","Aged 10 to 14 years","All persons",89
"E07000210","Mole Valley","Lives in a communal establishment","Aged 15 years","All persons",25
"E07000210","Mole Valley","Lives in a communal establishment","Aged 16 to 17 years","All persons",92
"E07000210","Mole Valley","Lives in a communal establishment","Aged 18 to 19 years","All persons",74
"E07000210","Mole Valley","Lives in a communal establishment","Aged 20 to 24 years","All persons",32
"E07000210","Mole Valley","Lives in a communal establishment","Aged 25 to 29 years","All persons",60
"E07000210","Mole Valley","Lives in a communal establishment","Aged 30 to 34 years","All persons",52
"E07000210","Mole Valley","Lives in a communal establishment","Aged 35 to 39 years","All persons",35
"E07000210","Mole Valley","Lives in a communal establishment","Aged 40 to 44 years","All persons",29
"E07000210","Mole Valley","Lives in a communal establishment","Aged 45 to 49 years","All persons",31
"E07000210","Mole Valley","Lives in a communal establishment","Aged 50 to 54 years","All persons",39
"E07000210","Mole Valley","Lives in a communal establishment","Aged 55 to 59 years","All persons",30
"E07000210","Mole Valley","Lives in a communal establishment","Aged 60 to 64 years","All persons",33
"E07000210","Mole Valley","Lives in a communal establishment","Aged 65 years","All persons",12
"E07000210","Mole Valley","Lives in a communal establishment","Aged 66 to 69 years","All persons",26
"E07000210","Mole Valley","Lives in a communal establishment","Aged 70 to 74 years","All persons",60
"E07000210","Mole Valley","Lives in a communal establishment","Aged 75 to 79 years","All persons",71
"E07000210","Mole Valley","Lives in a communal establishment","Aged 80 to 84 years","All persons",95
"E07000210","Mole Valley","Lives in a communal establishment","Aged 85 years and over","All persons",380
"E07000211","Reigate and Banstead","Lives in a communal establishment","Total","All persons",3300
"E07000211","Reigate and Banstead","Lives in a communal establishment","Aged 2 years and under","All persons",6
"E07000211","Reigate and Banstead","Lives in a communal establishment","Aged 3 to 4 years","All persons",1
"E07000211","Reigate and Banstead","Lives in a communal establishment","Aged 5 to 7 years","All persons",4
"E07000211","Reigate and Banstead","Lives in a communal establishment","Aged 8 to 9 years","All persons",13
"E07000211","Reigate and Banstead","Lives in a communal establishment","Aged 10 to 14 years","All persons",190
"E07000211","Reigate and Banstead","Lives in a communal establishment","Aged 15 years","All persons",62
"E07000211","Reigate and Banstead","Lives in a communal establishment","Aged 16 to 17 years","All persons",95
"E07000211","Reigate and Banstead","Lives in a communal establishment","Aged 18 to 19 years","All persons",43
"E07000211","Reigate and Banstead","Lives in a communal establishment","Aged 20 to 24 years","All persons",200
"E07000211","Reigate and Banstead","Lives in a communal establishment","Aged 25 to 29 years","All persons",329
"E07000211","Reigate and Banstead","Lives in a communal establishment","Aged 30 to 34 years","All persons",291
"E07000211","Reigate and Banstead","Lives in a communal establishment","Aged 35 to 39 years","All persons",222
"E07000211","Reigate and Banstead","Lives in a communal establishment","Aged 40 to 44 years","All persons",182
"E07000211","Reigate and Banstead","Lives in a communal establishment","Aged 45 to 49 years","All persons",126
"E07000211","Reigate and Banstead","Lives in a communal establishment","Aged 50 to 54 years","All persons",131
"E07000211","Reigate and Banstead","Lives in a communal establishment","Aged 55 to 59 years","All persons",132
"E07000211","Reigate and Banstead","Lives in a communal establishment","Aged 60 to 64 years","All persons",105
"E07000211","Reigate and Banstead","Lives in a communal establishment","Aged 65 years","All persons",14
"E07000211","Reigate and Banstead","Lives in a communal establishment","Aged 66 to 69 years","All persons",60
"E07000211","Reigate and Banstead","Lives in a communal establishment","Aged 70 to 74 years","All persons",83
"E07000211","Reigate and Banstead","Lives in a communal establishment","Aged 75 to 79 years","All persons",117
"E07000211","Reigate and Banstead","Lives in a communal establishment","Aged 80 to 84 years","All persons",138
"E07000211","Reigate and Banstead","Lives in a communal establishment","Aged 85 years and over","All persons",756
"E07000212","Runnymede","Lives in a communal establishment","Total","All persons",3861
"E07000212","Runnymede","Lives in a communal establishment","Aged 2 years and under","All persons",0
"E07000212","Runnymede","Lives in a communal establishment","Aged 3 to 4 years","All persons",0
"E07000212","Runnymede","Lives in a communal establishment","Aged 5 to 7 years","All persons",1
"E07000212","Runnymede","Lives in a communal establishment","Aged 8 to 9 years","All persons",8
"E07000212","Runnymede","Lives in a communal establishment","Aged 10 to 14 years","All persons",24
"E07000212","Runnymede","Lives in a communal establishment","Aged 15 years","All persons",22
"E07000212","Runnymede","Lives in a communal establishment","Aged 16 to 17 years","All persons",81
"E07000212","Runnymede","Lives in a communal establishment","Aged 18 to 19 years","All persons",2013
"E07000212","Runnymede","Lives in a communal establishment","Aged 20 to 24 years","All persons",1048
"E07000212","Runnymede","Lives in a communal establishment","Aged 25 to 29 years","All persons",89
"E07000212","Runnymede","Lives in a communal establishment","Aged 30 to 34 years","All persons",26
"E07000212","Runnymede","Lives in a communal establishment","Aged 35 to 39 years","All persons",14
"E07000212","Runnymede","Lives in a communal establishment","Aged 40 to 44 years","All persons",8
"E07000212","Runnymede","Lives in a communal establishment","Aged 45 to 49 years","All persons",12
"E07000212","Runnymede","Lives in a communal establishment","Aged 50 to 54 years","All persons",22
"E07000212","Runnymede","Lives in a communal establishment","Aged 55 to 59 years","All persons",29
"E07000212","Runnymede","Lives in a communal establishment","Aged 60 to 64 years","All persons",22
"E07000212","Runnymede","Lives in a communal establishment","Aged 65 years","All persons",3
"E07000212","Runnymede","Lives in a communal establishment","Aged 66 to 69 years","All persons",15
"E07000212","Runnymede","Lives in a communal establishment","Aged 70 to 74 years","All persons",25
"E07000212","Runnymede","Lives in a communal establishment","Aged 75 to 79 years","All persons",40
"E07000212","Runnymede","Lives in a communal establishment","Aged 80 to 84 years","All persons",70
"E07000212","Runnymede","Lives in a communal establishment","Aged 85 years and over","All persons",289
"E07000213","Spelthorne","Lives in a communal establishment","Total","All persons",773
"E07000213","Spelthorne","Lives in a communal establishment","Aged 2 years and under","All persons",0
"E07000213","Spelthorne","Lives in a communal establishment","Aged 3 to 4 years","All persons",0
"E07000213","Spelthorne","Lives in a communal establishment","Aged 5 to 7 years","All persons",0
"E07000213","Spelthorne","Lives in a communal establishment","Aged 8 to 9 years","All persons",0
"E07000213","Spelthorne","Lives in a communal establishment","Aged 10 to 14 years","All persons",1
"E07000213","Spelthorne","Lives in a communal establishment","Aged 15 years","All persons",0
"E07000213","Spelthorne","Lives in a communal establishment","Aged 16 to 17 years","All persons",0
"E07000213","Spelthorne","Lives in a communal establishment","Aged 18 to 19 years","All persons",0
"E07000213","Spelthorne","Lives in a communal establishment","Aged 20 to 24 years","All persons",39
"E07000213","Spelthorne","Lives in a communal establishment","Aged 25 to 29 years","All persons",46
"E07000213","Spelthorne","Lives in a communal establishment","Aged 30 to 34 years","All persons",51
"E07000213","Spelthorne","Lives in a communal establishment","Aged 35 to 39 years","All persons",54
"E07000213","Spelthorne","Lives in a communal establishment","Aged 40 to 44 years","All persons",31
"E07000213","Spelthorne","Lives in a communal establishment","Aged 45 to 49 years","All persons",21
"E07000213","Spelthorne","Lives in a communal establishment","Aged 50 to 54 years","All persons",16
"E07000213","Spelthorne","Lives in a communal establishment","Aged 55 to 59 years","All persons",18
"E07000213","Spelthorne","Lives in a communal establishment","Aged 60 to 64 years","All persons",13
"E07000213","Spelthorne","Lives in a communal establishment","Aged 65 years","All persons",3
"E07000213","Spelthorne","Lives in a communal establishment","Aged 66 to 69 years","All persons",12
"E07000213","Spelthorne","Lives in a communal establishment","Aged 70 to 74 years","All persons",42
"E07000213","Spelthorne","Lives in a communal establishment","Aged 75 to 79 years","All persons",63
"E07000213","Spelthorne","Lives in a communal establishment","Aged 80 to 84 years","All persons",93
"E07000213","Spelthorne","Lives in a communal establishment","Aged 85 years and over","All persons",270
"E07000214","Surrey Heath","Lives in a communal establishment","Total","All persons",1550
"E07000214","Surrey Heath","Lives in a communal establishment","Aged 2 years and under","All persons",0
"E07000214","Surrey Heath","Lives in a communal establishment","Aged 3 to 4 years","All persons",0
"E07000214","Surrey Heath","Lives in a communal establishment","Aged 5 to 7 years","All persons",1
"E07000214","Surrey Heath","Lives in a communal establishment","Aged 8 to 9 years","All persons",0
"E07000214","Surrey Heath","Lives in a communal establishment","Aged 10 to 14 years","All persons",98
"E07000214","Surrey Heath","Lives in a communal establishment","Aged 15 years","All persons",26
"E07000214","Surrey Heath","Lives in a communal establishment","Aged 16 to 17 years","All persons",90
"E07000214","Surrey Heath","Lives in a communal establishment","Aged 18 to 19 years","All persons",32
"E07000214","Surrey Heath","Lives in a communal establishment","Aged 20 to 24 years","All persons",48
"E07000214","Surrey Heath","Lives in a communal establishment","Aged 25 to 29 years","All persons",90
"E07000214","Surrey Heath","Lives in a communal establishment","Aged 30 to 34 years","All persons",109
"E07000214","Surrey Heath","Lives in a communal establishment","Aged 35 to 39 years","All persons",93
"E07000214","Surrey Heath","Lives in a communal establishment","Aged 40 to 44 years","All persons",65
"E07000214","Surrey Heath","Lives in a communal establishment","Aged 45 to 49 years","All persons",40
"E07000214","Surrey Heath","Lives in a communal establishment","Aged 50 to 54 years","All persons",47
"E07000214","Surrey Heath","Lives in a communal establishment","Aged 55 to 59 years","All persons",55
"E07000214","Surrey Heath","Lives in a communal establishment","Aged 60 to 64 years","All persons",30
"E07000214","Surrey Heath","Lives in a communal establishment","Aged 65 years","All persons",5
"E07000214","Surrey Heath","Lives in a communal establishment","Aged 66 to 69 years","All persons",31
"E07000214","Surrey Heath","Lives in a communal establishment","Aged 70 to 74 years","All persons",56
"E07000214","Surrey Heath","Lives in a communal establishment","Aged 75 to 79 years","All persons",86
"E07000214","Surrey Heath","Lives in a communal establishment","Aged 80 to 84 years","All persons",109
"E07000214","Surrey Heath","Lives in a communal establishment","Aged 85 years and over","All persons",439
"E07000215","Tandridge","Lives in a communal establishment","Total","All persons",1797
"E07000215","Tandridge","Lives in a communal establishment","Aged 2 years and under","All persons",3
"E07000215","Tandridge","Lives in a communal establishment","Aged 3 to 4 years","All persons",1
"E07000215","Tandridge","Lives in a communal establishment","Aged 5 to 7 years","All persons",6
"E07000215","Tandridge","Lives in a communal establishment","Aged 8 to 9 years","All persons",12
"E07000215","Tandridge","Lives in a communal establishment","Aged 10 to 14 years","All persons",338
"E07000215","Tandridge","Lives in a communal establishment","Aged 15 years","All persons",80
"E07000215","Tandridge","Lives in a communal establishment","Aged 16 to 17 years","All persons",219
"E07000215","Tandridge","Lives in a communal establishment","Aged 18 to 19 years","All persons",80
"E07000215","Tandridge","Lives in a communal establishment","Aged 20 to 24 years","All persons",78
"E07000215","Tandridge","Lives in a communal establishment","Aged 25 to 29 years","All persons",32
"E07000215","Tandridge","Lives in a communal establishment","Aged 30 to 34 years","All persons",40
"E07000215","Tandridge","Lives in a communal establishment","Aged 35 to 39 years","All persons",37
"E07000215","Tandridge","Lives in a communal establishment","Aged 40 to 44 years","All persons",30
"E07000215","Tandridge","Lives in a communal establishment","Aged 45 to 49 years","All persons",24
"E07000215","Tandridge","Lives in a communal establishment","Aged 50 to 54 years","All persons",56
"E07000215","Tandridge","Lives in a communal establishment","Aged 55 to 59 years","All persons",64
"E07000215","Tandridge","Lives in a communal establishment","Aged 60 to 64 years","All persons",48
"E07000215","Tandridge","Lives in a communal establishment","Aged 65 years","All persons",9
"E07000215","Tandridge","Lives in a communal establishment","Aged 66 to 69 years","All persons",39
"E07000215","Tandridge","Lives in a communal establishment","Aged 70 to 74 years","All persons",41
"E07000215","Tandridge","Lives in a communal establishment","Aged 75 to 79 years","All persons",60
"E07000215","Tandridge","Lives in a communal establishment","Aged 80 to 84 years","All persons",105
"E07000215","Tandridge","Lives in a communal establishment","Aged 85 years and over","All persons",395
"E07000216","Waverley","Lives in a communal establishment","Total","All persons",3877
"E07000216","Waverley","Lives in a communal establishment","Aged 2 years and under","All persons",11
"E07000216","Waverley","Lives in a communal establishment","Aged 3 to 4 years","All persons",8
"E07000216","Waverley","Lives in a communal establishment","Aged 5 to 7 years","All persons",24
"E07000216","Waverley","Lives in a communal establishment","Aged 8 to 9 years","All persons",10
"E07000216","Waverley","Lives in a communal establishment","Aged 10 to 14 years","All persons",465
"E07000216","Waverley","Lives in a communal establishment","Aged 15 years","All persons",209
"E07000216","Waverley","Lives in a communal establishment","Aged 16 to 17 years","All persons",833
"E07000216","Waverley","Lives in a communal establishment","Aged 18 to 19 years","All persons",416
"E07000216","Waverley","Lives in a communal establishment","Aged 20 to 24 years","All persons",163
"E07000216","Waverley","Lives in a communal establishment","Aged 25 to 29 years","All persons",98
"E07000216","Waverley","Lives in a communal establishment","Aged 30 to 34 years","All persons",77
"E07000216","Waverley","Lives in a communal establishment","Aged 35 to 39 years","All persons",74
"E07000216","Waverley","Lives in a communal establishment","Aged 40 to 44 years","All persons",66
"E07000216","Waverley","Lives in a communal establishment","Aged 45 to 49 years","All persons",85
"E07000216","Waverley","Lives in a communal establishment","Aged 50 to 54 years","All persons",78
"E07000216","Waverley","Lives in a communal establishment","Aged 55 to 59 years","All persons",79
"E07000216","Waverley","Lives in a communal establishment","Aged 60 to 64 years","All persons",86
"E07000216","Waverley","Lives in a communal establishment","Aged 65 years","All persons",11
"E07000216","Waverley","Lives in a communal establishment","Aged 66 to 69 years","All persons",41
"E07000216","Waverley","Lives in a communal establishment","Aged 70 to 74 years","All persons",76
"E07000216","Waverley","Lives in a communal establishment","Aged 75 to 79 years","All persons",130
"E07000216","Waverley","Lives in a communal establishment","Aged 80 to 84 years","All persons",165
"E07000216","Waverley","Lives in a communal establishment","Aged 85 years and over","All persons",672
"E07000217","Woking","Lives in a communal establishment","Total","All persons",707
"E07000217","Woking","Lives in a communal establishment","Aged 2 years and under","All persons",0
"E07000217","Woking","Lives in a communal establishment","Aged 3 to 4 years","All persons",1
"E07000217","Woking","Lives in a communal establishment","Aged 5 to 7 years","All persons",0
"E07000217","Woking","Lives in a communal establishment","Aged 8 to 9 years","All persons",0
"E07000217","Woking","Lives in a communal establishment","Aged 10 to 14 years","All persons",5
"E07000217","Woking","Lives in a communal establishment","Aged 15 years","All persons",1
"E07000217","Woking","Lives in a communal establishment","Aged 16 to 17 years","All persons",5
"E07000217","Woking","Lives in a communal establishment","Aged 18 to 19 years","All persons",7
"E07000217","Woking","Lives in a communal establishment","Aged 20 to 24 years","All persons",21
"E07000217","Woking","Lives in a communal establishment","Aged 25 to 29 years","All persons",13
"E07000217","Woking","Lives in a communal establishment","Aged 30 to 34 years","All persons",25
"E07000217","Woking","Lives in a communal establishment","Aged 35 to 39 years","All persons",25
"E07000217","Woking","Lives in a communal establishment","Aged 40 to 44 years","All persons",25
"E07000217","Woking","Lives in a communal establishment","Aged 45 to 49 years","All persons",15
"E07000217","Woking","Lives in a communal establishment","Aged 50 to 54 years","All persons",28
"E07000217","Woking","Lives in a communal establishment","Aged 55 to 59 years","All persons",23
"E07000217","Woking","Lives in a communal establishment","Aged 60 to 64 years","All persons",18
"E07000217","Woking","Lives in a communal establishment","Aged 65 years","All persons",7
"E07000217","Woking","Lives in a communal establishment","Aged 66 to 69 years","All persons",25
"E07000217","Woking","Lives in a communal establishment","Aged 70 to 74 years","All persons",30
"E07000217","Woking","Lives in a communal establishment","Aged 75 to 79 years","All persons",51
"E07000217","Woking","Lives in a communal establishment","Aged 80 to 84 years","All persons",71
"E07000217","Woking","Lives in a communal establishment","Aged 85 years and over","All persons",311
"E07000223","Adur","Lives in a communal establishment","Total","All persons",693
"E07000223","Adur","Lives in a communal establishment","Aged 2 years and under","All persons",0
"E07000223","Adur","Lives in a communal establishment","Aged 3 to 4 years","All persons",1
"E07000223","Adur","Lives in a communal establishment","Aged 5 to 7 years","All persons",7
"E07000223","Adur","Lives in a communal establishment","Aged 8 to 9 years","All persons",3
"E07000223","Adur","Lives in a communal establishment","Aged 10 to 14 years","All persons",85
"E07000223","Adur","Lives in a communal establishment","Aged 15 years","All persons",37
"E07000223","Adur","Lives in a communal establishment","Aged 16 to 17 years","All persons",94
"E07000223","Adur","Lives in a communal establishment","Aged 18 to 19 years","All persons",28
"E07000223","Adur","Lives in a communal establishment","Aged 20 to 24 years","All persons",5
"E07000223","Adur","Lives in a communal establishment","Aged 25 to 29 years","All persons",5
"E07000223","Adur","Lives in a communal establishment","Aged 30 to 34 years","All persons",6
"E07000223","Adur","Lives in a communal establishment","Aged 35 to 39 years","All persons",11
"E07000223","Adur","Lives in a communal establishment","Aged 40 to 44 years","All persons",8
"E07000223","Adur","Lives in a communal establishment","Aged 45 to 49 years","All persons",4
"E07000223","Adur","Lives in a communal establishment","Aged 50 to 54 years","All persons",8
"E07000223","Adur","Lives in a communal establishment","Aged 55 to 59 years","All persons",11
"E07000223","Adur","Lives in a communal establishment","Aged 60 to 64 years","All persons",15
"E07000223","Adur","Lives in a communal establishment","Aged 65 years","All persons",3
"E07000223","Adur","Lives in a communal establishment","Aged 66 to 69 years","All persons",12
"E07000223","Adur","Lives in a communal establishment","Aged 70 to 74 years","All persons",31
"E07000223","Adur","Lives in a communal establishment","Aged 75 to 79 years","All persons",44
"E07000223","Adur","Lives in a communal establishment","Aged 80 to 84 years","All persons",50
"E07000223","Adur","Lives in a communal establishment","Aged 85 years and over","All persons",225
"E07000224","Arun","Lives in a communal establishment","Total","All persons",3454
"E07000224","Arun","Lives in a communal establishment","Aged 2 years and under","All persons",0
"E07000224","Arun","Lives in a communal establishment","Aged 3 to 4 years","All persons",0
"E07000224","Arun","Lives in a communal establishment","Aged 5 to 7 years","All persons",1
"E07000224","Arun","Lives in a communal establishment","Aged 8 to 9 years","All persons",0
"E07000224","Arun","Lives in a communal establishment","Aged 10 to 14 years","All persons",7
"E07000224","Arun","Lives in a communal establishment","Aged 15 years","All persons",7
"E07000224","Arun","Lives in a communal establishment","Aged 16 to 17 years","All persons",23
"E07000224","Arun","Lives in a communal establishment","Aged 18 to 19 years","All persons",191
"E07000224","Arun","Lives in a communal establishment","Aged 20 to 24 years","All persons",196
"E07000224","Arun","Lives in a communal establishment","Aged 25 to 29 years","All persons",215
"E07000224","Arun","Lives in a communal establishment","Aged 30 to 34 years","All persons",215
"E07000224","Arun","Lives in a communal establishment","Aged 35 to 39 years","All persons",169
"E07000224","Arun","Lives in a communal establishment","Aged 40 to 44 years","All persons",163
"E07000224","Arun","Lives in a communal establishment","Aged 45 to 49 years","All persons",140
"E07000224","Arun","Lives in a communal establishment","Aged 50 to 54 years","All persons",144
"E07000224","Arun","Lives in a communal establishment","Aged 55 to 59 years","All persons",132
"E07000224","Arun","Lives in a communal establishment","Aged 60 to 64 years","All persons",122
"E07000224","Arun","Lives in a communal establishment","Aged 65 years","All persons",33
"E07000224","Arun","Lives in a communal establishment","Aged 66 to 69 years","All persons",98
"E07000224","Arun","Lives in a communal establishment","Aged 70 to 74 years","All persons",149
"E07000224","Arun","Lives in a communal establishment","Aged 75 to 79 years","All persons",181
"E07000224","Arun","Lives in a communal establishment","Aged 80 to 84 years","All persons",262
"E07000224","Arun","Lives in a communal establishment","Aged 85 years and over","All persons",1006
"E07000225","Chichester","Lives in a communal establishment","Total","All persons",3913
"E07000225","Chichester","Lives in a communal establishment","Aged 2 years and under","All persons",2
"E07000225","Chichester","Lives in a communal establishment","Aged 3 to 4 years","All persons",2
"E07000225","Chichester","Lives in a communal establishment","Aged 5 to 7 years","All persons",1
"E07000225","Chichester","Lives in a communal establishment","Aged 8 to 9 years","All persons",12
"E07000225","Chichester","Lives in a communal establishment","Aged 10 to 14 years","All persons",167
"E07000225","Chichester","Lives in a communal establishment","Aged 15 years","All persons",30
"E07000225","Chichester","Lives in a communal establishment","Aged 16 to 17 years","All persons",99
"E07000225","Chichester","Lives in a communal establishment","Aged 18 to 19 years","All persons",791
"E07000225","Chichester","Lives in a communal establishment","Aged 20 to 24 years","All persons",585
"E07000225","Chichester","Lives in a communal establishment","Aged 25 to 29 years","All persons",435
"E07000225","Chichester","Lives in a communal establishment","Aged 30 to 34 years","All persons",185
"E07000225","Chichester","Lives in a communal establishment","Aged 35 to 39 years","All persons",265
"E07000225","Chichester","Lives in a communal establishment","Aged 40 to 44 years","All persons",80
"E07000225","Chichester","Lives in a communal establishment","Aged 45 to 49 years","All persons",61
"E07000225","Chichester","Lives in a communal establishment","Aged 50 to 54 years","All persons",43
"E07000225","Chichester","Lives in a communal establishment","Aged 55 to 59 years","All persons",43
"E07000225","Chichester","Lives in a communal establishment","Aged 60 to 64 years","All persons",39
"E07000225","Chichester","Lives in a communal establishment","Aged 65 years","All persons",11
"E07000225","Chichester","Lives in a communal establishment","Aged 66 to 69 years","All persons",45
"E07000225","Chichester","Lives in a communal establishment","Aged 70 to 74 years","All persons",107
"E07000225","Chichester","Lives in a communal establishment","Aged 75 to 79 years","All persons",133
"E07000225","Chichester","Lives in a communal establishment","Aged 80 to 84 years","All persons",153
"E07000225","Chichester","Lives in a communal establishment","Aged 85 years and over","All persons",624
"E07000226","Crawley","Lives in a communal establishment","Total","All persons",568
"E07000226","Crawley","Lives in a communal establishment","Aged 2 years and under","All persons",1
"E07000226","Crawley","Lives in a communal establishment","Aged 3 to 4 years","All persons",0
"E07000226","Crawley","Lives in a communal establishment","Aged 5 to 7 years","All persons",1
"E07000226","Crawley","Lives in a communal establishment","Aged 8 to 9 years","All persons",1
"E07000226","Crawley","Lives in a communal establishment","Aged 10 to 14 years","All persons",11
"E07000226","Crawley","Lives in a communal establishment","Aged 15 years","All persons",4
"E07000226","Crawley","Lives in a communal establishment","Aged 16 to 17 years","All persons",11
"E07000226","Crawley","Lives in a communal establishment","Aged 18 to 19 years","All persons",12
"E07000226","Crawley","Lives in a communal establishment","Aged 20 to 24 years","All persons",78
"E07000226","Crawley","Lives in a communal establishment","Aged 25 to 29 years","All persons",44
"E07000226","Crawley","Lives in a communal establishment","Aged 30 to 34 years","All persons",48
"E07000226","Crawley","Lives in a communal establishment","Aged 35 to 39 years","All persons",28
"E07000226","Crawley","Lives in a communal establishment","Aged 40 to 44 years","All persons",23
"E07000226","Crawley","Lives in a communal establishment","Aged 45 to 49 years","All persons",12
"E07000226","Crawley","Lives in a communal establishment","Aged 50 to 54 years","All persons",21
"E07000226","Crawley","Lives in a communal establishment","Aged 55 to 59 years","All persons",12
"E07000226","Crawley","Lives in a communal establishment","Aged 60 to 64 years","All persons",12
"E07000226","Crawley","Lives in a communal establishment","Aged 65 years","All persons",9
"E07000226","Crawley","Lives in a communal establishment","Aged 66 to 69 years","All persons",8
"E07000226","Crawley","Lives in a communal establishment","Aged 70 to 74 years","All persons",14
"E07000226","Crawley","Lives in a communal establishment","Aged 75 to 79 years","All persons",20
"E07000226","Crawley","Lives in a communal establishment","Aged 80 to 84 years","All persons",41
"E07000226","Crawley","Lives in a communal establishment","Aged 85 years and over","All persons",157
"E07000227","Horsham","Lives in a communal establishment","Total","All persons",2521
"E07000227","Horsham","Lives in a communal establishment","Aged 2 years and under","All persons",7
"E07000227","Horsham","Lives in a communal establishment","Aged 3 to 4 years","All persons",10
"E07000227","Horsham","Lives in a communal establishment","Aged 5 to 7 years","All persons",10
"E07000227","Horsham","Lives in a communal establishment","Aged 8 to 9 years","All persons",25
"E07000227","Horsham","Lives in a communal establishment","Aged 10 to 14 years","All persons",590
"E07000227","Horsham","Lives in a communal establishment","Aged 15 years","All persons",111
"E07000227","Horsham","Lives in a communal establishment","Aged 16 to 17 years","All persons",331
"E07000227","Horsham","Lives in a communal establishment","Aged 18 to 19 years","All persons",108
"E07000227","Horsham","Lives in a communal establishment","Aged 20 to 24 years","All persons",35
"E07000227","Horsham","Lives in a communal establishment","Aged 25 to 29 years","All persons",57
"E07000227","Horsham","Lives in a communal establishment","Aged 30 to 34 years","All persons",63
"E07000227","Horsham","Lives in a communal establishment","Aged 35 to 39 years","All persons",54
"E07000227","Horsham","Lives in a communal establishment","Aged 40 to 44 years","All persons",42
"E07000227","Horsham","Lives in a communal establishment","Aged 45 to 49 years","All persons",32
"E07000227","Horsham","Lives in a communal establishment","Aged 50 to 54 years","All persons",37
"E07000227","Horsham","Lives in a communal establishment","Aged 55 to 59 years","All persons",42
"E07000227","Horsham","Lives in a communal establishment","Aged 60 to 64 years","All persons",30
"E07000227","Horsham","Lives in a communal establishment","Aged 65 years","All persons",15
"E07000227","Horsham","Lives in a communal establishment","Aged 66 to 69 years","All persons",35
"E07000227","Horsham","Lives in a communal establishment","Aged 70 to 74 years","All persons",67
"E07000227","Horsham","Lives in a communal establishment","Aged 75 to 79 years","All persons",91
"E07000227","Horsham","Lives in a communal establishment","Aged 80 to 84 years","All persons",121
"E07000227","Horsham","Lives in a communal establishment","Aged 85 years and over","All persons",608
"E07000228","Mid Sussex","Lives in a communal establishment","Total","All persons",1951
"E07000228","Mid Sussex","Lives in a communal establishment","Aged 2 years and under","All persons",11
"E07000228","Mid Sussex","Lives in a communal establishment","Aged 3 to 4 years","All persons",13
"E07000228","Mid Sussex","Lives in a communal establishment","Aged 5 to 7 years","All persons",9
"E07000228","Mid Sussex","Lives in a communal establishment","Aged 8 to 9 years","All persons",6
"E07000228","Mid Sussex","Lives in a communal establishment","Aged 10 to 14 years","All persons",204
"E07000228","Mid Sussex","Lives in a communal establishment","Aged 15 years","All persons",90
"E07000228","Mid Sussex","Lives in a communal establishment","Aged 16 to 17 years","All persons",168
"E07000228","Mid Sussex","Lives in a communal establishment","Aged 18 to 19 years","All persons",68
"E07000228","Mid Sussex","Lives in a communal establishment","Aged 20 to 24 years","All persons",62
"E07000228","Mid Sussex","Lives in a communal establishment","Aged 25 to 29 years","All persons",75
"E07000228","Mid Sussex","Lives in a communal establishment","Aged 30 to 34 years","All persons",53
"E07000228","Mid Sussex","Lives in a communal establishment","Aged 35 to 39 years","All persons",55
"E07000228","Mid Sussex","Lives in a communal establishment","Aged 40 to 44 years","All persons",35
"E07000228","Mid Sussex","Lives in a communal establishment","Aged 45 to 49 years","All persons",39
"E07000228","Mid Sussex","Lives in a communal establishment","Aged 50 to 54 years","All persons",36
"E07000228","Mid Sussex","Lives in a communal establishment","Aged 55 to 59 years","All persons",38
"E07000228","Mid Sussex","Lives in a communal establishment","Aged 60 to 64 years","All persons",26
"E07000228","Mid Sussex","Lives in a communal establishment","Aged 65 years","All persons",2
"E07000228","Mid Sussex","Lives in a communal establishment","Aged 66 to 69 years","All persons",21
"E07000228","Mid Sussex","Lives in a communal establishment","Aged 70 to 74 years","All persons",53
"E07000228","Mid Sussex","Lives in a communal establishment","Aged 75 to 79 years","All persons",113
"E07000228","Mid Sussex","Lives in a communal establishment","Aged 80 to 84 years","All persons",148
"E07000228","Mid Sussex","Lives in a communal establishment","Aged 85 years and over","All persons",626
"E07000229","Worthing","Lives in a communal establishment","Total","All persons",1674
"E07000229","Worthing","Lives in a communal establishment","Aged 2 years and under","All persons",0
"E07000229","Worthing","Lives in a communal establishment","Aged 3 to 4 years","All persons",0
"E07000229","Worthing","Lives in a communal establishment","Aged 5 to 7 years","All persons",0
"E07000229","Worthing","Lives in a communal establishment","Aged 8 to 9 years","All persons",2
"E07000229","Worthing","Lives in a communal establishment","Aged 10 to 14 years","All persons",6
"E07000229","Worthing","Lives in a communal establishment","Aged 15 years","All persons",1
"E07000229","Worthing","Lives in a communal establishment","Aged 16 to 17 years","All persons",7
"E07000229","Worthing","Lives in a communal establishment","Aged 18 to 19 years","All persons",18
"E07000229","Worthing","Lives in a communal establishment","Aged 20 to 24 years","All persons",30
"E07000229","Worthing","Lives in a communal establishment","Aged 25 to 29 years","All persons",39
"E07000229","Worthing","Lives in a communal establishment","Aged 30 to 34 years","All persons",45
"E07000229","Worthing","Lives in a communal establishment","Aged 35 to 39 years","All persons",28
"E07000229","Worthing","Lives in a communal establishment","Aged 40 to 44 years","All persons",42
"E07000229","Worthing","Lives in a communal establishment","Aged 45 to 49 years","All persons",52
"E07000229","Worthing","Lives in a communal establishment","Aged 50 to 54 years","All persons",58
"E07000229","Worthing","Lives in a communal establishment","Aged 55 to 59 years","All persons",54
"E07000229","Worthing","Lives in a communal establishment","Aged 60 to 64 years","All persons",69
"E07000229","Worthing","Lives in a communal establishment","Aged 65 years","All persons",23
"E07000229","Worthing","Lives in a communal establishment","Aged 66 to 69 years","All persons",54
"E07000229","Worthing","Lives in a communal establishment","Aged 70 to 74 years","All persons",108
"E07000229","Worthing","Lives in a communal establishment","Aged 75 to 79 years","All persons",145
"E07000229","Worthing","Lives in a communal establishment","Aged 80 to 84 years","All persons",223
"E07000229","Worthing","Lives in a communal establishment","Aged 85 years and over","All persons",670
"E06000022","Bath and North East Somerset","Lives in a communal establishment","Total","All persons",7970
"E06000022","Bath and North East Somerset","Lives in a communal establishment","Aged 2 years and under","All persons",6
"E06000022","Bath and North East Somerset","Lives in a communal establishment","Aged 3 to 4 years","All persons",3
"E06000022","Bath and North East Somerset","Lives in a communal establishment","Aged 5 to 7 years","All persons",15
"E06000022","Bath and North East Somerset","Lives in a communal establishment","Aged 8 to 9 years","All persons",24
"E06000022","Bath and North East Somerset","Lives in a communal establishment","Aged 10 to 14 years","All persons",223
"E06000022","Bath and North East Somerset","Lives in a communal establishment","Aged 15 years","All persons",72
"E06000022","Bath and North East Somerset","Lives in a communal establishment","Aged 16 to 17 years","All persons",204
"E06000022","Bath and North East Somerset","Lives in a communal establishment","Aged 18 to 19 years","All persons",4112
"E06000022","Bath and North East Somerset","Lives in a communal establishment","Aged 20 to 24 years","All persons",1632
"E06000022","Bath and North East Somerset","Lives in a communal establishment","Aged 25 to 29 years","All persons",217
"E06000022","Bath and North East Somerset","Lives in a communal establishment","Aged 30 to 34 years","All persons",123
"E06000022","Bath and North East Somerset","Lives in a communal establishment","Aged 35 to 39 years","All persons",51
"E06000022","Bath and North East Somerset","Lives in a communal establishment","Aged 40 to 44 years","All persons",47
"E06000022","Bath and North East Somerset","Lives in a communal establishment","Aged 45 to 49 years","All persons",56
"E06000022","Bath and North East Somerset","Lives in a communal establishment","Aged 50 to 54 years","All persons",68
"E06000022","Bath and North East Somerset","Lives in a communal establishment","Aged 55 to 59 years","All persons",68
"E06000022","Bath and North East Somerset","Lives in a communal establishment","Aged 60 to 64 years","All persons",69
"E06000022","Bath and North East Somerset","Lives in a communal establishment","Aged 65 years","All persons",9
"E06000022","Bath and North East Somerset","Lives in a communal establishment","Aged 66 to 69 years","All persons",41
"E06000022","Bath and North East Somerset","Lives in a communal establishment","Aged 70 to 74 years","All persons",73
"E06000022","Bath and North East Somerset","Lives in a communal establishment","Aged 75 to 79 years","All persons",99
"E06000022","Bath and North East Somerset","Lives in a communal establishment","Aged 80 to 84 years","All persons",171
"E06000022","Bath and North East Somerset","Lives in a communal establishment","Aged 85 years and over","All persons",587
"E06000023","Bristol, City of","Lives in a communal establishment","Total","All persons",14618
"E06000023","Bristol, City of","Lives in a communal establishment","Aged 2 years and under","All persons",1
"E06000023","Bristol, City of","Lives in a communal establishment","Aged 3 to 4 years","All persons",3
"E06000023","Bristol, City of","Lives in a communal establishment","Aged 5 to 7 years","All persons",1
"E06000023","Bristol, City of","Lives in a communal establishment","Aged 8 to 9 years","All persons",3
"E06000023","Bristol, City of","Lives in a communal establishment","Aged 10 to 14 years","All persons",133
"E06000023","Bristol, City of","Lives in a communal establishment","Aged 15 years","All persons",62
"E06000023","Bristol, City of","Lives in a communal establishment","Aged 16 to 17 years","All persons",197
"E06000023","Bristol, City of","Lives in a communal establishment","Aged 18 to 19 years","All persons",6697
"E06000023","Bristol, City of","Lives in a communal establishment","Aged 20 to 24 years","All persons",3864
"E06000023","Bristol, City of","Lives in a communal establishment","Aged 25 to 29 years","All persons",601
"E06000023","Bristol, City of","Lives in a communal establishment","Aged 30 to 34 years","All persons",297
"E06000023","Bristol, City of","Lives in a communal establishment","Aged 35 to 39 years","All persons",200
"E06000023","Bristol, City of","Lives in a communal establishment","Aged 40 to 44 years","All persons",160
"E06000023","Bristol, City of","Lives in a communal establishment","Aged 45 to 49 years","All persons",113
"E06000023","Bristol, City of","Lives in a communal establishment","Aged 50 to 54 years","All persons",150
"E06000023","Bristol, City of","Lives in a communal establishment","Aged 55 to 59 years","All persons",137
"E06000023","Bristol, City of","Lives in a communal establishment","Aged 60 to 64 years","All persons",148
"E06000023","Bristol, City of","Lives in a communal establishment","Aged 65 years","All persons",23
"E06000023","Bristol, City of","Lives in a communal establishment","Aged 66 to 69 years","All persons",103
"E06000023","Bristol, City of","Lives in a communal establishment","Aged 70 to 74 years","All persons",210
"E06000023","Bristol, City of","Lives in a communal establishment","Aged 75 to 79 years","All persons",239
"E06000023","Bristol, City of","Lives in a communal establishment","Aged 80 to 84 years","All persons",330
"E06000023","Bristol, City of","Lives in a communal establishment","Aged 85 years and over","All persons",946
"E06000024","North Somerset","Lives in a communal establishment","Total","All persons",2440
"E06000024","North Somerset","Lives in a communal establishment","Aged 2 years and under","All persons",0
"E06000024","North Somerset","Lives in a communal establishment","Aged 3 to 4 years","All persons",0
"E06000024","North Somerset","Lives in a communal establishment","Aged 5 to 7 years","All persons",2
"E06000024","North Somerset","Lives in a communal establishment","Aged 8 to 9 years","All persons",1
"E06000024","North Somerset","Lives in a communal establishment","Aged 10 to 14 years","All persons",11
"E06000024","North Somerset","Lives in a communal establishment","Aged 15 years","All persons",11
"E06000024","North Somerset","Lives in a communal establishment","Aged 16 to 17 years","All persons",34
"E06000024","North Somerset","Lives in a communal establishment","Aged 18 to 19 years","All persons",70
"E06000024","North Somerset","Lives in a communal establishment","Aged 20 to 24 years","All persons",65
"E06000024","North Somerset","Lives in a communal establishment","Aged 25 to 29 years","All persons",40
"E06000024","North Somerset","Lives in a communal establishment","Aged 30 to 34 years","All persons",43
"E06000024","North Somerset","Lives in a communal establishment","Aged 35 to 39 years","All persons",35
"E06000024","North Somerset","Lives in a communal establishment","Aged 40 to 44 years","All persons",41
"E06000024","North Somerset","Lives in a communal establishment","Aged 45 to 49 years","All persons",64
"E06000024","North Somerset","Lives in a communal establishment","Aged 50 to 54 years","All persons",56
"E06000024","North Somerset","Lives in a communal establishment","Aged 55 to 59 years","All persons",102
"E06000024","North Somerset","Lives in a communal establishment","Aged 60 to 64 years","All persons",90
"E06000024","North Somerset","Lives in a communal establishment","Aged 65 years","All persons",18
"E06000024","North Somerset","Lives in a communal establishment","Aged 66 to 69 years","All persons",102
"E06000024","North Somerset","Lives in a communal establishment","Aged 70 to 74 years","All persons",144
"E06000024","North Somerset","Lives in a communal establishment","Aged 75 to 79 years","All persons",220
"E06000024","North Somerset","Lives in a communal establishment","Aged 80 to 84 years","All persons",296
"E06000024","North Somerset","Lives in a communal establishment","Aged 85 years and over","All persons",995
"E06000025","South Gloucestershire","Lives in a communal establishment","Total","All persons",5399
"E06000025","South Gloucestershire","Lives in a communal establishment","Aged 2 years and under","All persons",3
"E06000025","South Gloucestershire","Lives in a communal establishment","Aged 3 to 4 years","All persons",0
"E06000025","South Gloucestershire","Lives in a communal establishment","Aged 5 to 7 years","All persons",3
"E06000025","South Gloucestershire","Lives in a communal establishment","Aged 8 to 9 years","All persons",0
"E06000025","South Gloucestershire","Lives in a communal establishment","Aged 10 to 14 years","All persons",5
"E06000025","South Gloucestershire","Lives in a communal establishment","Aged 15 years","All persons",4
"E06000025","South Gloucestershire","Lives in a communal establishment","Aged 16 to 17 years","All persons",16
"E06000025","South Gloucestershire","Lives in a communal establishment","Aged 18 to 19 years","All persons",1508
"E06000025","South Gloucestershire","Lives in a communal establishment","Aged 20 to 24 years","All persons",960
"E06000025","South Gloucestershire","Lives in a communal establishment","Aged 25 to 29 years","All persons",245
"E06000025","South Gloucestershire","Lives in a communal establishment","Aged 30 to 34 years","All persons",253
"E06000025","South Gloucestershire","Lives in a communal establishment","Aged 35 to 39 years","All persons",205
"E06000025","South Gloucestershire","Lives in a communal establishment","Aged 40 to 44 years","All persons",147
"E06000025","South Gloucestershire","Lives in a communal establishment","Aged 45 to 49 years","All persons",151
"E06000025","South Gloucestershire","Lives in a communal establishment","Aged 50 to 54 years","All persons",175
"E06000025","South Gloucestershire","Lives in a communal establishment","Aged 55 to 59 years","All persons",204
"E06000025","South Gloucestershire","Lives in a communal establishment","Aged 60 to 64 years","All persons",150
"E06000025","South Gloucestershire","Lives in a communal establishment","Aged 65 years","All persons",25
"E06000025","South Gloucestershire","Lives in a communal establishment","Aged 66 to 69 years","All persons",71
"E06000025","South Gloucestershire","Lives in a communal establishment","Aged 70 to 74 years","All persons",119
"E06000025","South Gloucestershire","Lives in a communal establishment","Aged 75 to 79 years","All persons",195
"E06000025","South Gloucestershire","Lives in a communal establishment","Aged 80 to 84 years","All persons",208
"E06000025","South Gloucestershire","Lives in a communal establishment","Aged 85 years and over","All persons",752
"E06000026","Plymouth","Lives in a communal establishment","Total","All persons",7202
"E06000026","Plymouth","Lives in a communal establishment","Aged 2 years and under","All persons",9
"E06000026","Plymouth","Lives in a communal establishment","Aged 3 to 4 years","All persons",0
"E06000026","Plymouth","Lives in a communal establishment","Aged 5 to 7 years","All persons",1
"E06000026","Plymouth","Lives in a communal establishment","Aged 8 to 9 years","All persons",1
"E06000026","Plymouth","Lives in a communal establishment","Aged 10 to 14 years","All persons",22
"E06000026","Plymouth","Lives in a communal establishment","Aged 15 years","All persons",25
"E06000026","Plymouth","Lives in a communal establishment","Aged 16 to 17 years","All persons",83
"E06000026","Plymouth","Lives in a communal establishment","Aged 18 to 19 years","All persons",2324
"E06000026","Plymouth","Lives in a communal establishment","Aged 20 to 24 years","All persons",2065
"E06000026","Plymouth","Lives in a communal establishment","Aged 25 to 29 years","All persons",321
"E06000026","Plymouth","Lives in a communal establishment","Aged 30 to 34 years","All persons",153
"E06000026","Plymouth","Lives in a communal establishment","Aged 35 to 39 years","All persons",112
"E06000026","Plymouth","Lives in a communal establishment","Aged 40 to 44 years","All persons",92
"E06000026","Plymouth","Lives in a communal establishment","Aged 45 to 49 years","All persons",55
"E06000026","Plymouth","Lives in a communal establishment","Aged 50 to 54 years","All persons",70
"E06000026","Plymouth","Lives in a communal establishment","Aged 55 to 59 years","All persons",99
"E06000026","Plymouth","Lives in a communal establishment","Aged 60 to 64 years","All persons",91
"E06000026","Plymouth","Lives in a communal establishment","Aged 65 years","All persons",28
"E06000026","Plymouth","Lives in a communal establishment","Aged 66 to 69 years","All persons",83
"E06000026","Plymouth","Lives in a communal establishment","Aged 70 to 74 years","All persons",133
"E06000026","Plymouth","Lives in a communal establishment","Aged 75 to 79 years","All persons",211
"E06000026","Plymouth","Lives in a communal establishment","Aged 80 to 84 years","All persons",304
"E06000026","Plymouth","Lives in a communal establishment","Aged 85 years and over","All persons",920
"E06000027","Torbay","Lives in a communal establishment","Total","All persons",2041
"E06000027","Torbay","Lives in a communal establishment","Aged 2 years and under","All persons",1
"E06000027","Torbay","Lives in a communal establishment","Aged 3 to 4 years","All persons",3
"E06000027","Torbay","Lives in a communal establishment","Aged 5 to 7 years","All persons",4
"E06000027","Torbay","Lives in a communal establishment","Aged 8 to 9 years","All persons",2
"E06000027","Torbay","Lives in a communal establishment","Aged 10 to 14 years","All persons",7
"E06000027","Torbay","Lives in a communal establishment","Aged 15 years","All persons",1
"E06000027","Torbay","Lives in a communal establishment","Aged 16 to 17 years","All persons",11
"E06000027","Torbay","Lives in a communal establishment","Aged 18 to 19 years","All persons",7
"E06000027","Torbay","Lives in a communal establishment","Aged 20 to 24 years","All persons",27
"E06000027","Torbay","Lives in a communal establishment","Aged 25 to 29 years","All persons",42
"E06000027","Torbay","Lives in a communal establishment","Aged 30 to 34 years","All persons",33
"E06000027","Torbay","Lives in a communal establishment","Aged 35 to 39 years","All persons",37
"E06000027","Torbay","Lives in a communal establishment","Aged 40 to 44 years","All persons",41
"E06000027","Torbay","Lives in a communal establishment","Aged 45 to 49 years","All persons",71
"E06000027","Torbay","Lives in a communal establishment","Aged 50 to 54 years","All persons",91
"E06000027","Torbay","Lives in a communal establishment","Aged 55 to 59 years","All persons",105
"E06000027","Torbay","Lives in a communal establishment","Aged 60 to 64 years","All persons",108
"E06000027","Torbay","Lives in a communal establishment","Aged 65 years","All persons",26
"E06000027","Torbay","Lives in a communal establishment","Aged 66 to 69 years","All persons",78
"E06000027","Torbay","Lives in a communal establishment","Aged 70 to 74 years","All persons",159
"E06000027","Torbay","Lives in a communal establishment","Aged 75 to 79 years","All persons",176
"E06000027","Torbay","Lives in a communal establishment","Aged 80 to 84 years","All persons",239
"E06000027","Torbay","Lives in a communal establishment","Aged 85 years and over","All persons",772
"E06000030","Swindon","Lives in a communal establishment","Total","All persons",1173
"E06000030","Swindon","Lives in a communal establishment","Aged 2 years and under","All persons",2
"E06000030","Swindon","Lives in a communal establishment","Aged 3 to 4 years","All persons",0
"E06000030","Swindon","Lives in a communal establishment","Aged 5 to 7 years","All persons",0
"E06000030","Swindon","Lives in a communal establishment","Aged 8 to 9 years","All persons",0
"E06000030","Swindon","Lives in a communal establishment","Aged 10 to 14 years","All persons",0
"E06000030","Swindon","Lives in a communal establishment","Aged 15 years","All persons",1
"E06000030","Swindon","Lives in a communal establishment","Aged 16 to 17 years","All persons",11
"E06000030","Swindon","Lives in a communal establishment","Aged 18 to 19 years","All persons",26
"E06000030","Swindon","Lives in a communal establishment","Aged 20 to 24 years","All persons",54
"E06000030","Swindon","Lives in a communal establishment","Aged 25 to 29 years","All persons",22
"E06000030","Swindon","Lives in a communal establishment","Aged 30 to 34 years","All persons",44
"E06000030","Swindon","Lives in a communal establishment","Aged 35 to 39 years","All persons",26
"E06000030","Swindon","Lives in a communal establishment","Aged 40 to 44 years","All persons",19
"E06000030","Swindon","Lives in a communal establishment","Aged 45 to 49 years","All persons",19
"E06000030","Swindon","Lives in a communal establishment","Aged 50 to 54 years","All persons",36
"E06000030","Swindon","Lives in a communal establishment","Aged 55 to 59 years","All persons",47
"E06000030","Swindon","Lives in a communal establishment","Aged 60 to 64 years","All persons",50
"E06000030","Swindon","Lives in a communal establishment","Aged 65 years","All persons",11
"E06000030","Swindon","Lives in a communal establishment","Aged 66 to 69 years","All persons",40
"E06000030","Swindon","Lives in a communal establishment","Aged 70 to 74 years","All persons",76
"E06000030","Swindon","Lives in a communal establishment","Aged 75 to 79 years","All persons",102
"E06000030","Swindon","Lives in a communal establishment","Aged 80 to 84 years","All persons",162
"E06000030","Swindon","Lives in a communal establishment","Aged 85 years and over","All persons",425
"E06000052","Cornwall","Lives in a communal establishment","Total","All persons",7853
"E06000052","Cornwall","Lives in a communal establishment","Aged 2 years and under","All persons",5
"E06000052","Cornwall","Lives in a communal establishment","Aged 3 to 4 years","All persons",5
"E06000052","Cornwall","Lives in a communal establishment","Aged 5 to 7 years","All persons",8
"E06000052","Cornwall","Lives in a communal establishment","Aged 8 to 9 years","All persons",6
"E06000052","Cornwall","Lives in a communal establishment","Aged 10 to 14 years","All persons",22
"E06000052","Cornwall","Lives in a communal establishment","Aged 15 years","All persons",18
"E06000052","Cornwall","Lives in a communal establishment","Aged 16 to 17 years","All persons",106
"E06000052","Cornwall","Lives in a communal establishment","Aged 18 to 19 years","All persons",1517
"E06000052","Cornwall","Lives in a communal establishment","Aged 20 to 24 years","All persons",1045
"E06000052","Cornwall","Lives in a communal establishment","Aged 25 to 29 years","All persons",223
"E06000052","Cornwall","Lives in a communal establishment","Aged 30 to 34 years","All persons",208
"E06000052","Cornwall","Lives in a communal establishment","Aged 35 to 39 years","All persons",145
"E06000052","Cornwall","Lives in a communal establishment","Aged 40 to 44 years","All persons",103
"E06000052","Cornwall","Lives in a communal establishment","Aged 45 to 49 years","All persons",151
"E06000052","Cornwall","Lives in a communal establishment","Aged 50 to 54 years","All persons",211
"E06000052","Cornwall","Lives in a communal establishment","Aged 55 to 59 years","All persons",199
"E06000052","Cornwall","Lives in a communal establishment","Aged 60 to 64 years","All persons",228
"E06000052","Cornwall","Lives in a communal establishment","Aged 65 years","All persons",40
"E06000052","Cornwall","Lives in a communal establishment","Aged 66 to 69 years","All persons",171
"E06000052","Cornwall","Lives in a communal establishment","Aged 70 to 74 years","All persons",303
"E06000052","Cornwall","Lives in a communal establishment","Aged 75 to 79 years","All persons",406
"E06000052","Cornwall","Lives in a communal establishment","Aged 80 to 84 years","All persons",606
"E06000052","Cornwall","Lives in a communal establishment","Aged 85 years and over","All persons",2127
"E06000053","Isles of Scilly","Lives in a communal establishment","Total","All persons",24
"E06000053","Isles of Scilly","Lives in a communal establishment","Aged 2 years and under","All persons",0
"E06000053","Isles of Scilly","Lives in a communal establishment","Aged 3 to 4 years","All persons",0
"E06000053","Isles of Scilly","Lives in a communal establishment","Aged 5 to 7 years","All persons",0
"E06000053","Isles of Scilly","Lives in a communal establishment","Aged 8 to 9 years","All persons",0
"E06000053","Isles of Scilly","Lives in a communal establishment","Aged 10 to 14 years","All persons",0
"E06000053","Isles of Scilly","Lives in a communal establishment","Aged 15 years","All persons",0
"E06000053","Isles of Scilly","Lives in a communal establishment","Aged 16 to 17 years","All persons",0
"E06000053","Isles of Scilly","Lives in a communal establishment","Aged 18 to 19 years","All persons",0
"E06000053","Isles of Scilly","Lives in a communal establishment","Aged 20 to 24 years","All persons",2
"E06000053","Isles of Scilly","Lives in a communal establishment","Aged 25 to 29 years","All persons",1
"E06000053","Isles of Scilly","Lives in a communal establishment","Aged 30 to 34 years","All persons",1
"E06000053","Isles of Scilly","Lives in a communal establishment","Aged 35 to 39 years","All persons",1
"E06000053","Isles of Scilly","Lives in a communal establishment","Aged 40 to 44 years","All persons",2
"E06000053","Isles of Scilly","Lives in a communal establishment","Aged 45 to 49 years","All persons",0
"E06000053","Isles of Scilly","Lives in a communal establishment","Aged 50 to 54 years","All persons",2
"E06000053","Isles of Scilly","Lives in a communal establishment","Aged 55 to 59 years","All persons",0
"E06000053","Isles of Scilly","Lives in a communal establishment","Aged 60 to 64 years","All persons",0
"E06000053","Isles of Scilly","Lives in a communal establishment","Aged 65 years","All persons",0
"E06000053","Isles of Scilly","Lives in a communal establishment","Aged 66 to 69 years","All persons",1
"E06000053","Isles of Scilly","Lives in a communal establishment","Aged 70 to 74 years","All persons",1
"E06000053","Isles of Scilly","Lives in a communal establishment","Aged 75 to 79 years","All persons",1
"E06000053","Isles of Scilly","Lives in a communal establishment","Aged 80 to 84 years","All persons",5
"E06000053","Isles of Scilly","Lives in a communal establishment","Aged 85 years and over","All persons",7
"E06000054","Wiltshire","Lives in a communal establishment","Total","All persons",12199
"E06000054","Wiltshire","Lives in a communal establishment","Aged 2 years and under","All persons",20
"E06000054","Wiltshire","Lives in a communal establishment","Aged 3 to 4 years","All persons",9
"E06000054","Wiltshire","Lives in a communal establishment","Aged 5 to 7 years","All persons",18
"E06000054","Wiltshire","Lives in a communal establishment","Aged 8 to 9 years","All persons",38
"E06000054","Wiltshire","Lives in a communal establishment","Aged 10 to 14 years","All persons",753
"E06000054","Wiltshire","Lives in a communal establishment","Aged 15 years","All persons",338
"E06000054","Wiltshire","Lives in a communal establishment","Aged 16 to 17 years","All persons",1061
"E06000054","Wiltshire","Lives in a communal establishment","Aged 18 to 19 years","All persons",1240
"E06000054","Wiltshire","Lives in a communal establishment","Aged 20 to 24 years","All persons",1876
"E06000054","Wiltshire","Lives in a communal establishment","Aged 25 to 29 years","All persons",1726
"E06000054","Wiltshire","Lives in a communal establishment","Aged 30 to 34 years","All persons",759
"E06000054","Wiltshire","Lives in a communal establishment","Aged 35 to 39 years","All persons",534
"E06000054","Wiltshire","Lives in a communal establishment","Aged 40 to 44 years","All persons",255
"E06000054","Wiltshire","Lives in a communal establishment","Aged 45 to 49 years","All persons",192
"E06000054","Wiltshire","Lives in a communal establishment","Aged 50 to 54 years","All persons",186
"E06000054","Wiltshire","Lives in a communal establishment","Aged 55 to 59 years","All persons",167
"E06000054","Wiltshire","Lives in a communal establishment","Aged 60 to 64 years","All persons",150
"E06000054","Wiltshire","Lives in a communal establishment","Aged 65 years","All persons",32
"E06000054","Wiltshire","Lives in a communal establishment","Aged 66 to 69 years","All persons",117
"E06000054","Wiltshire","Lives in a communal establishment","Aged 70 to 74 years","All persons",202
"E06000054","Wiltshire","Lives in a communal establishment","Aged 75 to 79 years","All persons",282
"E06000054","Wiltshire","Lives in a communal establishment","Aged 80 to 84 years","All persons",482
"E06000054","Wiltshire","Lives in a communal establishment","Aged 85 years and over","All persons",1762
"E06000058","Bournemouth, Christchurch and Poole","Lives in a communal establishment","Total","All persons",10533
"E06000058","Bournemouth, Christchurch and Poole","Lives in a communal establishment","Aged 2 years and under","All persons",21
"E06000058","Bournemouth, Christchurch and Poole","Lives in a communal establishment","Aged 3 to 4 years","All persons",11
"E06000058","Bournemouth, Christchurch and Poole","Lives in a communal establishment","Aged 5 to 7 years","All persons",13
"E06000058","Bournemouth, Christchurch and Poole","Lives in a communal establishment","Aged 8 to 9 years","All persons",7
"E06000058","Bournemouth, Christchurch and Poole","Lives in a communal establishment","Aged 10 to 14 years","All persons",126
"E06000058","Bournemouth, Christchurch and Poole","Lives in a communal establishment","Aged 15 years","All persons",79
"E06000058","Bournemouth, Christchurch and Poole","Lives in a communal establishment","Aged 16 to 17 years","All persons",254
"E06000058","Bournemouth, Christchurch and Poole","Lives in a communal establishment","Aged 18 to 19 years","All persons",3417
"E06000058","Bournemouth, Christchurch and Poole","Lives in a communal establishment","Aged 20 to 24 years","All persons",2321
"E06000058","Bournemouth, Christchurch and Poole","Lives in a communal establishment","Aged 25 to 29 years","All persons",410
"E06000058","Bournemouth, Christchurch and Poole","Lives in a communal establishment","Aged 30 to 34 years","All persons",236
"E06000058","Bournemouth, Christchurch and Poole","Lives in a communal establishment","Aged 35 to 39 years","All persons",181
"E06000058","Bournemouth, Christchurch and Poole","Lives in a communal establishment","Aged 40 to 44 years","All persons",181
"E06000058","Bournemouth, Christchurch and Poole","Lives in a communal establishment","Aged 45 to 49 years","All persons",182
"E06000058","Bournemouth, Christchurch and Poole","Lives in a communal establishment","Aged 50 to 54 years","All persons",203
"E06000058","Bournemouth, Christchurch and Poole","Lives in a communal establishment","Aged 55 to 59 years","All persons",167
"E06000058","Bournemouth, Christchurch and Poole","Lives in a communal establishment","Aged 60 to 64 years","All persons",157
"E06000058","Bournemouth, Christchurch and Poole","Lives in a communal establishment","Aged 65 years","All persons",27
"E06000058","Bournemouth, Christchurch and Poole","Lives in a communal establishment","Aged 66 to 69 years","All persons",115
"E06000058","Bournemouth, Christchurch and Poole","Lives in a communal establishment","Aged 70 to 74 years","All persons",219
"E06000058","Bournemouth, Christchurch and Poole","Lives in a communal establishment","Aged 75 to 79 years","All persons",265
"E06000058","Bournemouth, Christchurch and Poole","Lives in a communal establishment","Aged 80 to 84 years","All persons",372
"E06000058","Bournemouth, Christchurch and Poole","Lives in a communal establishment","Aged 85 years and over","All persons",1569
"E06000059","Dorset","Lives in a communal establishment","Total","All persons",7840
"E06000059","Dorset","Lives in a communal establishment","Aged 2 years and under","All persons",13
"E06000059","Dorset","Lives in a communal establishment","Aged 3 to 4 years","All persons",11
"E06000059","Dorset","Lives in a communal establishment","Aged 5 to 7 years","All persons",23
"E06000059","Dorset","Lives in a communal establishment","Aged 8 to 9 years","All persons",47
"E06000059","Dorset","Lives in a communal establishment","Aged 10 to 14 years","All persons",687
"E06000059","Dorset","Lives in a communal establishment","Aged 15 years","All persons",327
"E06000059","Dorset","Lives in a communal establishment","Aged 16 to 17 years","All persons",891
"E06000059","Dorset","Lives in a communal establishment","Aged 18 to 19 years","All persons",511
"E06000059","Dorset","Lives in a communal establishment","Aged 20 to 24 years","All persons",565
"E06000059","Dorset","Lives in a communal establishment","Aged 25 to 29 years","All persons",424
"E06000059","Dorset","Lives in a communal establishment","Aged 30 to 34 years","All persons",341
"E06000059","Dorset","Lives in a communal establishment","Aged 35 to 39 years","All persons",282
"E06000059","Dorset","Lives in a communal establishment","Aged 40 to 44 years","All persons",238
"E06000059","Dorset","Lives in a communal establishment","Aged 45 to 49 years","All persons",166
"E06000059","Dorset","Lives in a communal establishment","Aged 50 to 54 years","All persons",183
"E06000059","Dorset","Lives in a communal establishment","Aged 55 to 59 years","All persons",202
"E06000059","Dorset","Lives in a communal establishment","Aged 60 to 64 years","All persons",121
"E06000059","Dorset","Lives in a communal establishment","Aged 65 years","All persons",26
"E06000059","Dorset","Lives in a communal establishment","Aged 66 to 69 years","All persons",120
"E06000059","Dorset","Lives in a communal establishment","Aged 70 to 74 years","All persons",225
"E06000059","Dorset","Lives in a communal establishment","Aged 75 to 79 years","All persons",276
"E06000059","Dorset","Lives in a communal establishment","Aged 80 to 84 years","All persons",440
"E06000059","Dorset","Lives in a communal establishment","Aged 85 years and over","All persons",1721
"E07000040","East Devon","Lives in a communal establishment","Total","All persons",2463
"E07000040","East Devon","Lives in a communal establishment","Aged 2 years and under","All persons",4
"E07000040","East Devon","Lives in a communal establishment","Aged 3 to 4 years","All persons",2
"E07000040","East Devon","Lives in a communal establishment","Aged 5 to 7 years","All persons",5
"E07000040","East Devon","Lives in a communal establishment","Aged 8 to 9 years","All persons",2
"E07000040","East Devon","Lives in a communal establishment","Aged 10 to 14 years","All persons",16
"E07000040","East Devon","Lives in a communal establishment","Aged 15 years","All persons",2
"E07000040","East Devon","Lives in a communal establishment","Aged 16 to 17 years","All persons",79
"E07000040","East Devon","Lives in a communal establishment","Aged 18 to 19 years","All persons",187
"E07000040","East Devon","Lives in a communal establishment","Aged 20 to 24 years","All persons",358
"E07000040","East Devon","Lives in a communal establishment","Aged 25 to 29 years","All persons",232
"E07000040","East Devon","Lives in a communal establishment","Aged 30 to 34 years","All persons",36
"E07000040","East Devon","Lives in a communal establishment","Aged 35 to 39 years","All persons",47
"E07000040","East Devon","Lives in a communal establishment","Aged 40 to 44 years","All persons",35
"E07000040","East Devon","Lives in a communal establishment","Aged 45 to 49 years","All persons",33
"E07000040","East Devon","Lives in a communal establishment","Aged 50 to 54 years","All persons",37
"E07000040","East Devon","Lives in a communal establishment","Aged 55 to 59 years","All persons",36
"E07000040","East Devon","Lives in a communal establishment","Aged 60 to 64 years","All persons",34
"E07000040","East Devon","Lives in a communal establishment","Aged 65 years","All persons",3
"E07000040","East Devon","Lives in a communal establishment","Aged 66 to 69 years","All persons",26
"E07000040","East Devon","Lives in a communal establishment","Aged 70 to 74 years","All persons",83
"E07000040","East Devon","Lives in a communal establishment","Aged 75 to 79 years","All persons",130
"E07000040","East Devon","Lives in a communal establishment","Aged 80 to 84 years","All persons",192
"E07000040","East Devon","Lives in a communal establishment","Aged 85 years and over","All persons",884
"E07000041","Exeter","Lives in a communal establishment","Total","All persons",9770
"E07000041","Exeter","Lives in a communal establishment","Aged 2 years and under","All persons",6
"E07000041","Exeter","Lives in a communal establishment","Aged 3 to 4 years","All persons",2
"E07000041","Exeter","Lives in a communal establishment","Aged 5 to 7 years","All persons",0
"E07000041","Exeter","Lives in a communal establishment","Aged 8 to 9 years","All persons",2
"E07000041","Exeter","Lives in a communal establishment","Aged 10 to 14 years","All persons",10
"E07000041","Exeter","Lives in a communal establishment","Aged 15 years","All persons",7
"E07000041","Exeter","Lives in a communal establishment","Aged 16 to 17 years","All persons",81
"E07000041","Exeter","Lives in a communal establishment","Aged 18 to 19 years","All persons",5176
"E07000041","Exeter","Lives in a communal establishment","Aged 20 to 24 years","All persons",2789
"E07000041","Exeter","Lives in a communal establishment","Aged 25 to 29 years","All persons",462
"E07000041","Exeter","Lives in a communal establishment","Aged 30 to 34 years","All persons",179
"E07000041","Exeter","Lives in a communal establishment","Aged 35 to 39 years","All persons",91
"E07000041","Exeter","Lives in a communal establishment","Aged 40 to 44 years","All persons",95
"E07000041","Exeter","Lives in a communal establishment","Aged 45 to 49 years","All persons",76
"E07000041","Exeter","Lives in a communal establishment","Aged 50 to 54 years","All persons",63
"E07000041","Exeter","Lives in a communal establishment","Aged 55 to 59 years","All persons",54
"E07000041","Exeter","Lives in a communal establishment","Aged 60 to 64 years","All persons",36
"E07000041","Exeter","Lives in a communal establishment","Aged 65 years","All persons",3
"E07000041","Exeter","Lives in a communal establishment","Aged 66 to 69 years","All persons",24
"E07000041","Exeter","Lives in a communal establishment","Aged 70 to 74 years","All persons",43
"E07000041","Exeter","Lives in a communal establishment","Aged 75 to 79 years","All persons",80
"E07000041","Exeter","Lives in a communal establishment","Aged 80 to 84 years","All persons",125
"E07000041","Exeter","Lives in a communal establishment","Aged 85 years and over","All persons",366
"E07000042","Mid Devon","Lives in a communal establishment","Total","All persons",674
"E07000042","Mid Devon","Lives in a communal establishment","Aged 2 years and under","All persons",0
"E07000042","Mid Devon","Lives in a communal establishment","Aged 3 to 4 years","All persons",0
"E07000042","Mid Devon","Lives in a communal establishment","Aged 5 to 7 years","All persons",3
"E07000042","Mid Devon","Lives in a communal establishment","Aged 8 to 9 years","All persons",1
"E07000042","Mid Devon","Lives in a communal establishment","Aged 10 to 14 years","All persons",47
"E07000042","Mid Devon","Lives in a communal establishment","Aged 15 years","All persons",21
"E07000042","Mid Devon","Lives in a communal establishment","Aged 16 to 17 years","All persons",73
"E07000042","Mid Devon","Lives in a communal establishment","Aged 18 to 19 years","All persons",36
"E07000042","Mid Devon","Lives in a communal establishment","Aged 20 to 24 years","All persons",17
"E07000042","Mid Devon","Lives in a communal establishment","Aged 25 to 29 years","All persons",19
"E07000042","Mid Devon","Lives in a communal establishment","Aged 30 to 34 years","All persons",10
"E07000042","Mid Devon","Lives in a communal establishment","Aged 35 to 39 years","All persons",11
"E07000042","Mid Devon","Lives in a communal establishment","Aged 40 to 44 years","All persons",12
"E07000042","Mid Devon","Lives in a communal establishment","Aged 45 to 49 years","All persons",20
"E07000042","Mid Devon","Lives in a communal establishment","Aged 50 to 54 years","All persons",21
"E07000042","Mid Devon","Lives in a communal establishment","Aged 55 to 59 years","All persons",15
"E07000042","Mid Devon","Lives in a communal establishment","Aged 60 to 64 years","All persons",17
"E07000042","Mid Devon","Lives in a communal establishment","Aged 65 years","All persons",2
"E07000042","Mid Devon","Lives in a communal establishment","Aged 66 to 69 years","All persons",10
"E07000042","Mid Devon","Lives in a communal establishment","Aged 70 to 74 years","All persons",22
"E07000042","Mid Devon","Lives in a communal establishment","Aged 75 to 79 years","All persons",30
"E07000042","Mid Devon","Lives in a communal establishment","Aged 80 to 84 years","All persons",46
"E07000042","Mid Devon","Lives in a communal establishment","Aged 85 years and over","All persons",241
"E07000043","North Devon","Lives in a communal establishment","Total","All persons",1504
"E07000043","North Devon","Lives in a communal establishment","Aged 2 years and under","All persons",4
"E07000043","North Devon","Lives in a communal establishment","Aged 3 to 4 years","All persons",3
"E07000043","North Devon","Lives in a communal establishment","Aged 5 to 7 years","All persons",5
"E07000043","North Devon","Lives in a communal establishment","Aged 8 to 9 years","All persons",1
"E07000043","North Devon","Lives in a communal establishment","Aged 10 to 14 years","All persons",27
"E07000043","North Devon","Lives in a communal establishment","Aged 15 years","All persons",6
"E07000043","North Devon","Lives in a communal establishment","Aged 16 to 17 years","All persons",56
"E07000043","North Devon","Lives in a communal establishment","Aged 18 to 19 years","All persons",145
"E07000043","North Devon","Lives in a communal establishment","Aged 20 to 24 years","All persons",45
"E07000043","North Devon","Lives in a communal establishment","Aged 25 to 29 years","All persons",111
"E07000043","North Devon","Lives in a communal establishment","Aged 30 to 34 years","All persons",86
"E07000043","North Devon","Lives in a communal establishment","Aged 35 to 39 years","All persons",39
"E07000043","North Devon","Lives in a communal establishment","Aged 40 to 44 years","All persons",32
"E07000043","North Devon","Lives in a communal establishment","Aged 45 to 49 years","All persons",40
"E07000043","North Devon","Lives in a communal establishment","Aged 50 to 54 years","All persons",42
"E07000043","North Devon","Lives in a communal establishment","Aged 55 to 59 years","All persons",62
"E07000043","North Devon","Lives in a communal establishment","Aged 60 to 64 years","All persons",64
"E07000043","North Devon","Lives in a communal establishment","Aged 65 years","All persons",25
"E07000043","North Devon","Lives in a communal establishment","Aged 66 to 69 years","All persons",40
"E07000043","North Devon","Lives in a communal establishment","Aged 70 to 74 years","All persons",90
"E07000043","North Devon","Lives in a communal establishment","Aged 75 to 79 years","All persons",95
"E07000043","North Devon","Lives in a communal establishment","Aged 80 to 84 years","All persons",109
"E07000043","North Devon","Lives in a communal establishment","Aged 85 years and over","All persons",377
"E07000044","South Hams","Lives in a communal establishment","Total","All persons",907
"E07000044","South Hams","Lives in a communal establishment","Aged 2 years and under","All persons",1
"E07000044","South Hams","Lives in a communal establishment","Aged 3 to 4 years","All persons",1
"E07000044","South Hams","Lives in a communal establishment","Aged 5 to 7 years","All persons",1
"E07000044","South Hams","Lives in a communal establishment","Aged 8 to 9 years","All persons",3
"E07000044","South Hams","Lives in a communal establishment","Aged 10 to 14 years","All persons",3
"E07000044","South Hams","Lives in a communal establishment","Aged 15 years","All persons",0
"E07000044","South Hams","Lives in a communal establishment","Aged 16 to 17 years","All persons",1
"E07000044","South Hams","Lives in a communal establishment","Aged 18 to 19 years","All persons",17
"E07000044","South Hams","Lives in a communal establishment","Aged 20 to 24 years","All persons",103
"E07000044","South Hams","Lives in a communal establishment","Aged 25 to 29 years","All persons",62
"E07000044","South Hams","Lives in a communal establishment","Aged 30 to 34 years","All persons",31
"E07000044","South Hams","Lives in a communal establishment","Aged 35 to 39 years","All persons",28
"E07000044","South Hams","Lives in a communal establishment","Aged 40 to 44 years","All persons",12
"E07000044","South Hams","Lives in a communal establishment","Aged 45 to 49 years","All persons",15
"E07000044","South Hams","Lives in a communal establishment","Aged 50 to 54 years","All persons",13
"E07000044","South Hams","Lives in a communal establishment","Aged 55 to 59 years","All persons",15
"E07000044","South Hams","Lives in a communal establishment","Aged 60 to 64 years","All persons",30
"E07000044","South Hams","Lives in a communal establishment","Aged 65 years","All persons",0
"E07000044","South Hams","Lives in a communal establishment","Aged 66 to 69 years","All persons",29
"E07000044","South Hams","Lives in a communal establishment","Aged 70 to 74 years","All persons",37
"E07000044","South Hams","Lives in a communal establishment","Aged 75 to 79 years","All persons",72
"E07000044","South Hams","Lives in a communal establishment","Aged 80 to 84 years","All persons",82
"E07000044","South Hams","Lives in a communal establishment","Aged 85 years and over","All persons",351
"E07000045","Teignbridge","Lives in a communal establishment","Total","All persons",2101
"E07000045","Teignbridge","Lives in a communal establishment","Aged 2 years and under","All persons",0
"E07000045","Teignbridge","Lives in a communal establishment","Aged 3 to 4 years","All persons",0
"E07000045","Teignbridge","Lives in a communal establishment","Aged 5 to 7 years","All persons",5
"E07000045","Teignbridge","Lives in a communal establishment","Aged 8 to 9 years","All persons",4
"E07000045","Teignbridge","Lives in a communal establishment","Aged 10 to 14 years","All persons",19
"E07000045","Teignbridge","Lives in a communal establishment","Aged 15 years","All persons",7
"E07000045","Teignbridge","Lives in a communal establishment","Aged 16 to 17 years","All persons",16
"E07000045","Teignbridge","Lives in a communal establishment","Aged 18 to 19 years","All persons",9
"E07000045","Teignbridge","Lives in a communal establishment","Aged 20 to 24 years","All persons",90
"E07000045","Teignbridge","Lives in a communal establishment","Aged 25 to 29 years","All persons",153
"E07000045","Teignbridge","Lives in a communal establishment","Aged 30 to 34 years","All persons",141
"E07000045","Teignbridge","Lives in a communal establishment","Aged 35 to 39 years","All persons",117
"E07000045","Teignbridge","Lives in a communal establishment","Aged 40 to 44 years","All persons",110
"E07000045","Teignbridge","Lives in a communal establishment","Aged 45 to 49 years","All persons",77
"E07000045","Teignbridge","Lives in a communal establishment","Aged 50 to 54 years","All persons",95
"E07000045","Teignbridge","Lives in a communal establishment","Aged 55 to 59 years","All persons",81
"E07000045","Teignbridge","Lives in a communal establishment","Aged 60 to 64 years","All persons",65
"E07000045","Teignbridge","Lives in a communal establishment","Aged 65 years","All persons",23
"E07000045","Teignbridge","Lives in a communal establishment","Aged 66 to 69 years","All persons",55
"E07000045","Teignbridge","Lives in a communal establishment","Aged 70 to 74 years","All persons",86
"E07000045","Teignbridge","Lives in a communal establishment","Aged 75 to 79 years","All persons",109
"E07000045","Teignbridge","Lives in a communal establishment","Aged 80 to 84 years","All persons",173
"E07000045","Teignbridge","Lives in a communal establishment","Aged 85 years and over","All persons",666
"E07000046","Torridge","Lives in a communal establishment","Total","All persons",786
"E07000046","Torridge","Lives in a communal establishment","Aged 2 years and under","All persons",1
"E07000046","Torridge","Lives in a communal establishment","Aged 3 to 4 years","All persons",2
"E07000046","Torridge","Lives in a communal establishment","Aged 5 to 7 years","All persons",1
"E07000046","Torridge","Lives in a communal establishment","Aged 8 to 9 years","All persons",1
"E07000046","Torridge","Lives in a communal establishment","Aged 10 to 14 years","All persons",24
"E07000046","Torridge","Lives in a communal establishment","Aged 15 years","All persons",19
"E07000046","Torridge","Lives in a communal establishment","Aged 16 to 17 years","All persons",44
"E07000046","Torridge","Lives in a communal establishment","Aged 18 to 19 years","All persons",11
"E07000046","Torridge","Lives in a communal establishment","Aged 20 to 24 years","All persons",26
"E07000046","Torridge","Lives in a communal establishment","Aged 25 to 29 years","All persons",23
"E07000046","Torridge","Lives in a communal establishment","Aged 30 to 34 years","All persons",11
"E07000046","Torridge","Lives in a communal establishment","Aged 35 to 39 years","All persons",14
"E07000046","Torridge","Lives in a communal establishment","Aged 40 to 44 years","All persons",10
"E07000046","Torridge","Lives in a communal establishment","Aged 45 to 49 years","All persons",12
"E07000046","Torridge","Lives in a communal establishment","Aged 50 to 54 years","All persons",24
"E07000046","Torridge","Lives in a communal establishment","Aged 55 to 59 years","All persons",17
"E07000046","Torridge","Lives in a communal establishment","Aged 60 to 64 years","All persons",21
"E07000046","Torridge","Lives in a communal establishment","Aged 65 years","All persons",8
"E07000046","Torridge","Lives in a communal establishment","Aged 66 to 69 years","All persons",18
"E07000046","Torridge","Lives in a communal establishment","Aged 70 to 74 years","All persons",36
"E07000046","Torridge","Lives in a communal establishment","Aged 75 to 79 years","All persons",53
"E07000046","Torridge","Lives in a communal establishment","Aged 80 to 84 years","All persons",73
"E07000046","Torridge","Lives in a communal establishment","Aged 85 years and over","All persons",337
"E07000047","West Devon","Lives in a communal establishment","Total","All persons",1451
"E07000047","West Devon","Lives in a communal establishment","Aged 2 years and under","All persons",2
"E07000047","West Devon","Lives in a communal establishment","Aged 3 to 4 years","All persons",4
"E07000047","West Devon","Lives in a communal establishment","Aged 5 to 7 years","All persons",1
"E07000047","West Devon","Lives in a communal establishment","Aged 8 to 9 years","All persons",2
"E07000047","West Devon","Lives in a communal establishment","Aged 10 to 14 years","All persons",79
"E07000047","West Devon","Lives in a communal establishment","Aged 15 years","All persons",35
"E07000047","West Devon","Lives in a communal establishment","Aged 16 to 17 years","All persons",83
"E07000047","West Devon","Lives in a communal establishment","Aged 18 to 19 years","All persons",25
"E07000047","West Devon","Lives in a communal establishment","Aged 20 to 24 years","All persons",62
"E07000047","West Devon","Lives in a communal establishment","Aged 25 to 29 years","All persons",82
"E07000047","West Devon","Lives in a communal establishment","Aged 30 to 34 years","All persons",120
"E07000047","West Devon","Lives in a communal establishment","Aged 35 to 39 years","All persons",98
"E07000047","West Devon","Lives in a communal establishment","Aged 40 to 44 years","All persons",69
"E07000047","West Devon","Lives in a communal establishment","Aged 45 to 49 years","All persons",70
"E07000047","West Devon","Lives in a communal establishment","Aged 50 to 54 years","All persons",64
"E07000047","West Devon","Lives in a communal establishment","Aged 55 to 59 years","All persons",66
"E07000047","West Devon","Lives in a communal establishment","Aged 60 to 64 years","All persons",46
"E07000047","West Devon","Lives in a communal establishment","Aged 65 years","All persons",13
"E07000047","West Devon","Lives in a communal establishment","Aged 66 to 69 years","All persons",32
"E07000047","West Devon","Lives in a communal establishment","Aged 70 to 74 years","All persons",56
"E07000047","West Devon","Lives in a communal establishment","Aged 75 to 79 years","All persons",73
"E07000047","West Devon","Lives in a communal establishment","Aged 80 to 84 years","All persons",102
"E07000047","West Devon","Lives in a communal establishment","Aged 85 years and over","All persons",267
"E07000078","Cheltenham","Lives in a communal establishment","Total","All persons",3553
"E07000078","Cheltenham","Lives in a communal establishment","Aged 2 years and under","All persons",7
"E07000078","Cheltenham","Lives in a communal establishment","Aged 3 to 4 years","All persons",4
"E07000078","Cheltenham","Lives in a communal establishment","Aged 5 to 7 years","All persons",10
"E07000078","Cheltenham","Lives in a communal establishment","Aged 8 to 9 years","All persons",25
"E07000078","Cheltenham","Lives in a communal establishment","Aged 10 to 14 years","All persons",523
"E07000078","Cheltenham","Lives in a communal establishment","Aged 15 years","All persons",141
"E07000078","Cheltenham","Lives in a communal establishment","Aged 16 to 17 years","All persons",358
"E07000078","Cheltenham","Lives in a communal establishment","Aged 18 to 19 years","All persons",847
"E07000078","Cheltenham","Lives in a communal establishment","Aged 20 to 24 years","All persons",402
"E07000078","Cheltenham","Lives in a communal establishment","Aged 25 to 29 years","All persons",58
"E07000078","Cheltenham","Lives in a communal establishment","Aged 30 to 34 years","All persons",27
"E07000078","Cheltenham","Lives in a communal establishment","Aged 35 to 39 years","All persons",53
"E07000078","Cheltenham","Lives in a communal establishment","Aged 40 to 44 years","All persons",51
"E07000078","Cheltenham","Lives in a communal establishment","Aged 45 to 49 years","All persons",49
"E07000078","Cheltenham","Lives in a communal establishment","Aged 50 to 54 years","All persons",41
"E07000078","Cheltenham","Lives in a communal establishment","Aged 55 to 59 years","All persons",36
"E07000078","Cheltenham","Lives in a communal establishment","Aged 60 to 64 years","All persons",55
"E07000078","Cheltenham","Lives in a communal establishment","Aged 65 years","All persons",2
"E07000078","Cheltenham","Lives in a communal establishment","Aged 66 to 69 years","All persons",26
"E07000078","Cheltenham","Lives in a communal establishment","Aged 70 to 74 years","All persons",52
"E07000078","Cheltenham","Lives in a communal establishment","Aged 75 to 79 years","All persons",105
"E07000078","Cheltenham","Lives in a communal establishment","Aged 80 to 84 years","All persons",139
"E07000078","Cheltenham","Lives in a communal establishment","Aged 85 years and over","All persons",542
"E07000079","Cotswold","Lives in a communal establishment","Total","All persons",1068
"E07000079","Cotswold","Lives in a communal establishment","Aged 2 years and under","All persons",1
"E07000079","Cotswold","Lives in a communal establishment","Aged 3 to 4 years","All persons",3
"E07000079","Cotswold","Lives in a communal establishment","Aged 5 to 7 years","All persons",0
"E07000079","Cotswold","Lives in a communal establishment","Aged 8 to 9 years","All persons",3
"E07000079","Cotswold","Lives in a communal establishment","Aged 10 to 14 years","All persons",43
"E07000079","Cotswold","Lives in a communal establishment","Aged 15 years","All persons",12
"E07000079","Cotswold","Lives in a communal establishment","Aged 16 to 17 years","All persons",31
"E07000079","Cotswold","Lives in a communal establishment","Aged 18 to 19 years","All persons",186
"E07000079","Cotswold","Lives in a communal establishment","Aged 20 to 24 years","All persons",148
"E07000079","Cotswold","Lives in a communal establishment","Aged 25 to 29 years","All persons",61
"E07000079","Cotswold","Lives in a communal establishment","Aged 30 to 34 years","All persons",27
"E07000079","Cotswold","Lives in a communal establishment","Aged 35 to 39 years","All persons",27
"E07000079","Cotswold","Lives in a communal establishment","Aged 40 to 44 years","All persons",15
"E07000079","Cotswold","Lives in a communal establishment","Aged 45 to 49 years","All persons",14
"E07000079","Cotswold","Lives in a communal establishment","Aged 50 to 54 years","All persons",15
"E07000079","Cotswold","Lives in a communal establishment","Aged 55 to 59 years","All persons",10
"E07000079","Cotswold","Lives in a communal establishment","Aged 60 to 64 years","All persons",11
"E07000079","Cotswold","Lives in a communal establishment","Aged 65 years","All persons",1
"E07000079","Cotswold","Lives in a communal establishment","Aged 66 to 69 years","All persons",8
"E07000079","Cotswold","Lives in a communal establishment","Aged 70 to 74 years","All persons",23
"E07000079","Cotswold","Lives in a communal establishment","Aged 75 to 79 years","All persons",38
"E07000079","Cotswold","Lives in a communal establishment","Aged 80 to 84 years","All persons",74
"E07000079","Cotswold","Lives in a communal establishment","Aged 85 years and over","All persons",317
"E07000080","Forest of Dean","Lives in a communal establishment","Total","All persons",1917
"E07000080","Forest of Dean","Lives in a communal establishment","Aged 2 years and under","All persons",2
"E07000080","Forest of Dean","Lives in a communal establishment","Aged 3 to 4 years","All persons",0
"E07000080","Forest of Dean","Lives in a communal establishment","Aged 5 to 7 years","All persons",1
"E07000080","Forest of Dean","Lives in a communal establishment","Aged 8 to 9 years","All persons",1
"E07000080","Forest of Dean","Lives in a communal establishment","Aged 10 to 14 years","All persons",12
"E07000080","Forest of Dean","Lives in a communal establishment","Aged 15 years","All persons",1
"E07000080","Forest of Dean","Lives in a communal establishment","Aged 16 to 17 years","All persons",465
"E07000080","Forest of Dean","Lives in a communal establishment","Aged 18 to 19 years","All persons",453
"E07000080","Forest of Dean","Lives in a communal establishment","Aged 20 to 24 years","All persons",206
"E07000080","Forest of Dean","Lives in a communal establishment","Aged 25 to 29 years","All persons",127
"E07000080","Forest of Dean","Lives in a communal establishment","Aged 30 to 34 years","All persons",48
"E07000080","Forest of Dean","Lives in a communal establishment","Aged 35 to 39 years","All persons",28
"E07000080","Forest of Dean","Lives in a communal establishment","Aged 40 to 44 years","All persons",41
"E07000080","Forest of Dean","Lives in a communal establishment","Aged 45 to 49 years","All persons",41
"E07000080","Forest of Dean","Lives in a communal establishment","Aged 50 to 54 years","All persons",43
"E07000080","Forest of Dean","Lives in a communal establishment","Aged 55 to 59 years","All persons",46
"E07000080","Forest of Dean","Lives in a communal establishment","Aged 60 to 64 years","All persons",33
"E07000080","Forest of Dean","Lives in a communal establishment","Aged 65 years","All persons",12
"E07000080","Forest of Dean","Lives in a communal establishment","Aged 66 to 69 years","All persons",26
"E07000080","Forest of Dean","Lives in a communal establishment","Aged 70 to 74 years","All persons",28
"E07000080","Forest of Dean","Lives in a communal establishment","Aged 75 to 79 years","All persons",49
"E07000080","Forest of Dean","Lives in a communal establishment","Aged 80 to 84 years","All persons",57
"E07000080","Forest of Dean","Lives in a communal establishment","Aged 85 years and over","All persons",197
"E07000081","Gloucester","Lives in a communal establishment","Total","All persons",1791
"E07000081","Gloucester","Lives in a communal establishment","Aged 2 years and under","All persons",0
"E07000081","Gloucester","Lives in a communal establishment","Aged 3 to 4 years","All persons",0
"E07000081","Gloucester","Lives in a communal establishment","Aged 5 to 7 years","All persons",0
"E07000081","Gloucester","Lives in a communal establishment","Aged 8 to 9 years","All persons",0
"E07000081","Gloucester","Lives in a communal establishment","Aged 10 to 14 years","All persons",2
"E07000081","Gloucester","Lives in a communal establishment","Aged 15 years","All persons",0
"E07000081","Gloucester","Lives in a communal establishment","Aged 16 to 17 years","All persons",1
"E07000081","Gloucester","Lives in a communal establishment","Aged 18 to 19 years","All persons",436
"E07000081","Gloucester","Lives in a communal establishment","Aged 20 to 24 years","All persons",200
"E07000081","Gloucester","Lives in a communal establishment","Aged 25 to 29 years","All persons",76
"E07000081","Gloucester","Lives in a communal establishment","Aged 30 to 34 years","All persons",67
"E07000081","Gloucester","Lives in a communal establishment","Aged 35 to 39 years","All persons",69
"E07000081","Gloucester","Lives in a communal establishment","Aged 40 to 44 years","All persons",70
"E07000081","Gloucester","Lives in a communal establishment","Aged 45 to 49 years","All persons",49
"E07000081","Gloucester","Lives in a communal establishment","Aged 50 to 54 years","All persons",65
"E07000081","Gloucester","Lives in a communal establishment","Aged 55 to 59 years","All persons",71
"E07000081","Gloucester","Lives in a communal establishment","Aged 60 to 64 years","All persons",69
"E07000081","Gloucester","Lives in a communal establishment","Aged 65 years","All persons",3
"E07000081","Gloucester","Lives in a communal establishment","Aged 66 to 69 years","All persons",27
"E07000081","Gloucester","Lives in a communal establishment","Aged 70 to 74 years","All persons",62
"E07000081","Gloucester","Lives in a communal establishment","Aged 75 to 79 years","All persons",88
"E07000081","Gloucester","Lives in a communal establishment","Aged 80 to 84 years","All persons",108
"E07000081","Gloucester","Lives in a communal establishment","Aged 85 years and over","All persons",328
"E07000082","Stroud","Lives in a communal establishment","Total","All persons",1212
"E07000082","Stroud","Lives in a communal establishment","Aged 2 years and under","All persons",4
"E07000082","Stroud","Lives in a communal establishment","Aged 3 to 4 years","All persons",1
"E07000082","Stroud","Lives in a communal establishment","Aged 5 to 7 years","All persons",2
"E07000082","Stroud","Lives in a communal establishment","Aged 8 to 9 years","All persons",12
"E07000082","Stroud","Lives in a communal establishment","Aged 10 to 14 years","All persons",98
"E07000082","Stroud","Lives in a communal establishment","Aged 15 years","All persons",19
"E07000082","Stroud","Lives in a communal establishment","Aged 16 to 17 years","All persons",60
"E07000082","Stroud","Lives in a communal establishment","Aged 18 to 19 years","All persons",37
"E07000082","Stroud","Lives in a communal establishment","Aged 20 to 24 years","All persons",57
"E07000082","Stroud","Lives in a communal establishment","Aged 25 to 29 years","All persons",26
"E07000082","Stroud","Lives in a communal establishment","Aged 30 to 34 years","All persons",22
"E07000082","Stroud","Lives in a communal establishment","Aged 35 to 39 years","All persons",30
"E07000082","Stroud","Lives in a communal establishment","Aged 40 to 44 years","All persons",31
"E07000082","Stroud","Lives in a communal establishment","Aged 45 to 49 years","All persons",26
"E07000082","Stroud","Lives in a communal establishment","Aged 50 to 54 years","All persons",46
"E07000082","Stroud","Lives in a communal establishment","Aged 55 to 59 years","All persons",57
"E07000082","Stroud","Lives in a communal establishment","Aged 60 to 64 years","All persons",31
"E07000082","Stroud","Lives in a communal establishment","Aged 65 years","All persons",4
"E07000082","Stroud","Lives in a communal establishment","Aged 66 to 69 years","All persons",21
"E07000082","Stroud","Lives in a communal establishment","Aged 70 to 74 years","All persons",44
"E07000082","Stroud","Lives in a communal establishment","Aged 75 to 79 years","All persons",63
"E07000082","Stroud","Lives in a communal establishment","Aged 80 to 84 years","All persons",130
"E07000082","Stroud","Lives in a communal establishment","Aged 85 years and over","All persons",391
"E07000083","Tewkesbury","Lives in a communal establishment","Total","All persons",610
"E07000083","Tewkesbury","Lives in a communal establishment","Aged 2 years and under","All persons",2
"E07000083","Tewkesbury","Lives in a communal establishment","Aged 3 to 4 years","All persons",0
"E07000083","Tewkesbury","Lives in a communal establishment","Aged 5 to 7 years","All persons",0
"E07000083","Tewkesbury","Lives in a communal establishment","Aged 8 to 9 years","All persons",0
"E07000083","Tewkesbury","Lives in a communal establishment","Aged 10 to 14 years","All persons",0
"E07000083","Tewkesbury","Lives in a communal establishment","Aged 15 years","All persons",0
"E07000083","Tewkesbury","Lives in a communal establishment","Aged 16 to 17 years","All persons",1
"E07000083","Tewkesbury","Lives in a communal establishment","Aged 18 to 19 years","All persons",7
"E07000083","Tewkesbury","Lives in a communal establishment","Aged 20 to 24 years","All persons",48
"E07000083","Tewkesbury","Lives in a communal establishment","Aged 25 to 29 years","All persons",45
"E07000083","Tewkesbury","Lives in a communal establishment","Aged 30 to 34 years","All persons",18
"E07000083","Tewkesbury","Lives in a communal establishment","Aged 35 to 39 years","All persons",31
"E07000083","Tewkesbury","Lives in a communal establishment","Aged 40 to 44 years","All persons",19
"E07000083","Tewkesbury","Lives in a communal establishment","Aged 45 to 49 years","All persons",19
"E07000083","Tewkesbury","Lives in a communal establishment","Aged 50 to 54 years","All persons",28
"E07000083","Tewkesbury","Lives in a communal establishment","Aged 55 to 59 years","All persons",15
"E07000083","Tewkesbury","Lives in a communal establishment","Aged 60 to 64 years","All persons",16
"E07000083","Tewkesbury","Lives in a communal establishment","Aged 65 years","All persons",3
"E07000083","Tewkesbury","Lives in a communal establishment","Aged 66 to 69 years","All persons",13
"E07000083","Tewkesbury","Lives in a communal establishment","Aged 70 to 74 years","All persons",29
"E07000083","Tewkesbury","Lives in a communal establishment","Aged 75 to 79 years","All persons",43
"E07000083","Tewkesbury","Lives in a communal establishment","Aged 80 to 84 years","All persons",59
"E07000083","Tewkesbury","Lives in a communal establishment","Aged 85 years and over","All persons",214
"E06000066","Somerset","Lives in a communal establishment","Total","All persons",9518
"E06000066","Somerset","Lives in a communal establishment","Aged 2 years and under","All persons",18
"E06000066","Somerset","Lives in a communal establishment","Aged 3 to 4 years","All persons",19
"E06000066","Somerset","Lives in a communal establishment","Aged 5 to 7 years","All persons",16
"E06000066","Somerset","Lives in a communal establishment","Aged 8 to 9 years","All persons",67
"E06000066","Somerset","Lives in a communal establishment","Aged 10 to 14 years","All persons",947
"E06000066","Somerset","Lives in a communal establishment","Aged 15 years","All persons",336
"E06000066","Somerset","Lives in a communal establishment","Aged 16 to 17 years","All persons",946
"E06000066","Somerset","Lives in a communal establishment","Aged 18 to 19 years","All persons",521
"E06000066","Somerset","Lives in a communal establishment","Aged 20 to 24 years","All persons",669
"E06000066","Somerset","Lives in a communal establishment","Aged 25 to 29 years","All persons",416
"E06000066","Somerset","Lives in a communal establishment","Aged 30 to 34 years","All persons",342
"E06000066","Somerset","Lives in a communal establishment","Aged 35 to 39 years","All persons",259
"E06000066","Somerset","Lives in a communal establishment","Aged 40 to 44 years","All persons",206
"E06000066","Somerset","Lives in a communal establishment","Aged 45 to 49 years","All persons",217
"E06000066","Somerset","Lives in a communal establishment","Aged 50 to 54 years","All persons",226
"E06000066","Somerset","Lives in a communal establishment","Aged 55 to 59 years","All persons",236
"E06000066","Somerset","Lives in a communal establishment","Aged 60 to 64 years","All persons",172
"E06000066","Somerset","Lives in a communal establishment","Aged 65 years","All persons",34
"E06000066","Somerset","Lives in a communal establishment","Aged 66 to 69 years","All persons",129
"E06000066","Somerset","Lives in a communal establishment","Aged 70 to 74 years","All persons",284
"E06000066","Somerset","Lives in a communal establishment","Aged 75 to 79 years","All persons",413
"E06000066","Somerset","Lives in a communal establishment","Aged 80 to 84 years","All persons",626
"E06000066","Somerset","Lives in a communal establishment","Aged 85 years and over","All persons",2419
"W06000001","Isle of Anglesey","Lives in a communal establishment","Total","All persons",695
"W06000001","Isle of Anglesey","Lives in a communal establishment","Aged 2 years and under","All persons",1
"W06000001","Isle of Anglesey","Lives in a communal establishment","Aged 3 to 4 years","All persons",1
"W06000001","Isle of Anglesey","Lives in a communal establishment","Aged 5 to 7 years","All persons",2
"W06000001","Isle of Anglesey","Lives in a communal establishment","Aged 8 to 9 years","All persons",2
"W06000001","Isle of Anglesey","Lives in a communal establishment","Aged 10 to 14 years","All persons",1
"W06000001","Isle of Anglesey","Lives in a communal establishment","Aged 15 years","All persons",2
"W06000001","Isle of Anglesey","Lives in a communal establishment","Aged 16 to 17 years","All persons",6
"W06000001","Isle of Anglesey","Lives in a communal establishment","Aged 18 to 19 years","All persons",10
"W06000001","Isle of Anglesey","Lives in a communal establishment","Aged 20 to 24 years","All persons",29
"W06000001","Isle of Anglesey","Lives in a communal establishment","Aged 25 to 29 years","All persons",39
"W06000001","Isle of Anglesey","Lives in a communal establishment","Aged 30 to 34 years","All persons",11
"W06000001","Isle of Anglesey","Lives in a communal establishment","Aged 35 to 39 years","All persons",15
"W06000001","Isle of Anglesey","Lives in a communal establishment","Aged 40 to 44 years","All persons",18
"W06000001","Isle of Anglesey","Lives in a communal establishment","Aged 45 to 49 years","All persons",19
"W06000001","Isle of Anglesey","Lives in a communal establishment","Aged 50 to 54 years","All persons",19
"W06000001","Isle of Anglesey","Lives in a communal establishment","Aged 55 to 59 years","All persons",26
"W06000001","Isle of Anglesey","Lives in a communal establishment","Aged 60 to 64 years","All persons",22
"W06000001","Isle of Anglesey","Lives in a communal establishment","Aged 65 years","All persons",7
"W06000001","Isle of Anglesey","Lives in a communal establishment","Aged 66 to 69 years","All persons",22
"W06000001","Isle of Anglesey","Lives in a communal establishment","Aged 70 to 74 years","All persons",37
"W06000001","Isle of Anglesey","Lives in a communal establishment","Aged 75 to 79 years","All persons",48
"W06000001","Isle of Anglesey","Lives in a communal establishment","Aged 80 to 84 years","All persons",68
"W06000001","Isle of Anglesey","Lives in a communal establishment","Aged 85 years and over","All persons",290
"W06000002","Gwynedd","Lives in a communal establishment","Total","All persons",3706
"W06000002","Gwynedd","Lives in a communal establishment","Aged 2 years and under","All persons",5
"W06000002","Gwynedd","Lives in a communal establishment","Aged 3 to 4 years","All persons",2
"W06000002","Gwynedd","Lives in a communal establishment","Aged 5 to 7 years","All persons",8
"W06000002","Gwynedd","Lives in a communal establishment","Aged 8 to 9 years","All persons",1
"W06000002","Gwynedd","Lives in a communal establishment","Aged 10 to 14 years","All persons",17
"W06000002","Gwynedd","Lives in a communal establishment","Aged 15 years","All persons",11
"W06000002","Gwynedd","Lives in a communal establishment","Aged 16 to 17 years","All persons",14
"W06000002","Gwynedd","Lives in a communal establishment","Aged 18 to 19 years","All persons",1025
"W06000002","Gwynedd","Lives in a communal establishment","Aged 20 to 24 years","All persons",1017
"W06000002","Gwynedd","Lives in a communal establishment","Aged 25 to 29 years","All persons",186
"W06000002","Gwynedd","Lives in a communal establishment","Aged 30 to 34 years","All persons",73
"W06000002","Gwynedd","Lives in a communal establishment","Aged 35 to 39 years","All persons",71
"W06000002","Gwynedd","Lives in a communal establishment","Aged 40 to 44 years","All persons",43
"W06000002","Gwynedd","Lives in a communal establishment","Aged 45 to 49 years","All persons",56
"W06000002","Gwynedd","Lives in a communal establishment","Aged 50 to 54 years","All persons",51
"W06000002","Gwynedd","Lives in a communal establishment","Aged 55 to 59 years","All persons",66
"W06000002","Gwynedd","Lives in a communal establishment","Aged 60 to 64 years","All persons",67
"W06000002","Gwynedd","Lives in a communal establishment","Aged 65 years","All persons",12
"W06000002","Gwynedd","Lives in a communal establishment","Aged 66 to 69 years","All persons",59
"W06000002","Gwynedd","Lives in a communal establishment","Aged 70 to 74 years","All persons",69
"W06000002","Gwynedd","Lives in a communal establishment","Aged 75 to 79 years","All persons",118
"W06000002","Gwynedd","Lives in a communal establishment","Aged 80 to 84 years","All persons",165
"W06000002","Gwynedd","Lives in a communal establishment","Aged 85 years and over","All persons",570
"W06000003","Conwy","Lives in a communal establishment","Total","All persons",1827
"W06000003","Conwy","Lives in a communal establishment","Aged 2 years and under","All persons",0
"W06000003","Conwy","Lives in a communal establishment","Aged 3 to 4 years","All persons",6
"W06000003","Conwy","Lives in a communal establishment","Aged 5 to 7 years","All persons",3
"W06000003","Conwy","Lives in a communal establishment","Aged 8 to 9 years","All persons",0
"W06000003","Conwy","Lives in a communal establishment","Aged 10 to 14 years","All persons",28
"W06000003","Conwy","Lives in a communal establishment","Aged 15 years","All persons",18
"W06000003","Conwy","Lives in a communal establishment","Aged 16 to 17 years","All persons",17
"W06000003","Conwy","Lives in a communal establishment","Aged 18 to 19 years","All persons",19
"W06000003","Conwy","Lives in a communal establishment","Aged 20 to 24 years","All persons",23
"W06000003","Conwy","Lives in a communal establishment","Aged 25 to 29 years","All persons",42
"W06000003","Conwy","Lives in a communal establishment","Aged 30 to 34 years","All persons",68
"W06000003","Conwy","Lives in a communal establishment","Aged 35 to 39 years","All persons",64
"W06000003","Conwy","Lives in a communal establishment","Aged 40 to 44 years","All persons",57
"W06000003","Conwy","Lives in a communal establishment","Aged 45 to 49 years","All persons",54
"W06000003","Conwy","Lives in a communal establishment","Aged 50 to 54 years","All persons",88
"W06000003","Conwy","Lives in a communal establishment","Aged 55 to 59 years","All persons",116
"W06000003","Conwy","Lives in a communal establishment","Aged 60 to 64 years","All persons",75
"W06000003","Conwy","Lives in a communal establishment","Aged 65 years","All persons",12
"W06000003","Conwy","Lives in a communal establishment","Aged 66 to 69 years","All persons",77
"W06000003","Conwy","Lives in a communal establishment","Aged 70 to 74 years","All persons",107
"W06000003","Conwy","Lives in a communal establishment","Aged 75 to 79 years","All persons",127
"W06000003","Conwy","Lives in a communal establishment","Aged 80 to 84 years","All persons",196
"W06000003","Conwy","Lives in a communal establishment","Aged 85 years and over","All persons",630
"W06000004","Denbighshire","Lives in a communal establishment","Total","All persons",1630
"W06000004","Denbighshire","Lives in a communal establishment","Aged 2 years and under","All persons",11
"W06000004","Denbighshire","Lives in a communal establishment","Aged 3 to 4 years","All persons",11
"W06000004","Denbighshire","Lives in a communal establishment","Aged 5 to 7 years","All persons",1
"W06000004","Denbighshire","Lives in a communal establishment","Aged 8 to 9 years","All persons",2
"W06000004","Denbighshire","Lives in a communal establishment","Aged 10 to 14 years","All persons",38
"W06000004","Denbighshire","Lives in a communal establishment","Aged 15 years","All persons",29
"W06000004","Denbighshire","Lives in a communal establishment","Aged 16 to 17 years","All persons",84
"W06000004","Denbighshire","Lives in a communal establishment","Aged 18 to 19 years","All persons",57
"W06000004","Denbighshire","Lives in a communal establishment","Aged 20 to 24 years","All persons",37
"W06000004","Denbighshire","Lives in a communal establishment","Aged 25 to 29 years","All persons",70
"W06000004","Denbighshire","Lives in a communal establishment","Aged 30 to 34 years","All persons",54
"W06000004","Denbighshire","Lives in a communal establishment","Aged 35 to 39 years","All persons",57
"W06000004","Denbighshire","Lives in a communal establishment","Aged 40 to 44 years","All persons",37
"W06000004","Denbighshire","Lives in a communal establishment","Aged 45 to 49 years","All persons",58
"W06000004","Denbighshire","Lives in a communal establishment","Aged 50 to 54 years","All persons",62
"W06000004","Denbighshire","Lives in a communal establishment","Aged 55 to 59 years","All persons",84
"W06000004","Denbighshire","Lives in a communal establishment","Aged 60 to 64 years","All persons",74
"W06000004","Denbighshire","Lives in a communal establishment","Aged 65 years","All persons",12
"W06000004","Denbighshire","Lives in a communal establishment","Aged 66 to 69 years","All persons",83
"W06000004","Denbighshire","Lives in a communal establishment","Aged 70 to 74 years","All persons",78
"W06000004","Denbighshire","Lives in a communal establishment","Aged 75 to 79 years","All persons",131
"W06000004","Denbighshire","Lives in a communal establishment","Aged 80 to 84 years","All persons",149
"W06000004","Denbighshire","Lives in a communal establishment","Aged 85 years and over","All persons",411
"W06000005","Flintshire","Lives in a communal establishment","Total","All persons",1018
"W06000005","Flintshire","Lives in a communal establishment","Aged 2 years and under","All persons",12
"W06000005","Flintshire","Lives in a communal establishment","Aged 3 to 4 years","All persons",0
"W06000005","Flintshire","Lives in a communal establishment","Aged 5 to 7 years","All persons",6
"W06000005","Flintshire","Lives in a communal establishment","Aged 8 to 9 years","All persons",1
"W06000005","Flintshire","Lives in a communal establishment","Aged 10 to 14 years","All persons",21
"W06000005","Flintshire","Lives in a communal establishment","Aged 15 years","All persons",6
"W06000005","Flintshire","Lives in a communal establishment","Aged 16 to 17 years","All persons",20
"W06000005","Flintshire","Lives in a communal establishment","Aged 18 to 19 years","All persons",26
"W06000005","Flintshire","Lives in a communal establishment","Aged 20 to 24 years","All persons",41
"W06000005","Flintshire","Lives in a communal establishment","Aged 25 to 29 years","All persons",58
"W06000005","Flintshire","Lives in a communal establishment","Aged 30 to 34 years","All persons",21
"W06000005","Flintshire","Lives in a communal establishment","Aged 35 to 39 years","All persons",32
"W06000005","Flintshire","Lives in a communal establishment","Aged 40 to 44 years","All persons",20
"W06000005","Flintshire","Lives in a communal establishment","Aged 45 to 49 years","All persons",22
"W06000005","Flintshire","Lives in a communal establishment","Aged 50 to 54 years","All persons",23
"W06000005","Flintshire","Lives in a communal establishment","Aged 55 to 59 years","All persons",17
"W06000005","Flintshire","Lives in a communal establishment","Aged 60 to 64 years","All persons",21
"W06000005","Flintshire","Lives in a communal establishment","Aged 65 years","All persons",7
"W06000005","Flintshire","Lives in a communal establishment","Aged 66 to 69 years","All persons",26
"W06000005","Flintshire","Lives in a communal establishment","Aged 70 to 74 years","All persons",53
"W06000005","Flintshire","Lives in a communal establishment","Aged 75 to 79 years","All persons",89
"W06000005","Flintshire","Lives in a communal establishment","Aged 80 to 84 years","All persons",122
"W06000005","Flintshire","Lives in a communal establishment","Aged 85 years and over","All persons",374
"W06000006","Wrexham","Lives in a communal establishment","Total","All persons",2936
"W06000006","Wrexham","Lives in a communal establishment","Aged 2 years and under","All persons",0
"W06000006","Wrexham","Lives in a communal establishment","Aged 3 to 4 years","All persons",0
"W06000006","Wrexham","Lives in a communal establishment","Aged 5 to 7 years","All persons",0
"W06000006","Wrexham","Lives in a communal establishment","Aged 8 to 9 years","All persons",3
"W06000006","Wrexham","Lives in a communal establishment","Aged 10 to 14 years","All persons",20
"W06000006","Wrexham","Lives in a communal establishment","Aged 15 years","All persons",7
"W06000006","Wrexham","Lives in a communal establishment","Aged 16 to 17 years","All persons",18
"W06000006","Wrexham","Lives in a communal establishment","Aged 18 to 19 years","All persons",73
"W06000006","Wrexham","Lives in a communal establishment","Aged 20 to 24 years","All persons",279
"W06000006","Wrexham","Lives in a communal establishment","Aged 25 to 29 years","All persons",350
"W06000006","Wrexham","Lives in a communal establishment","Aged 30 to 34 years","All persons",345
"W06000006","Wrexham","Lives in a communal establishment","Aged 35 to 39 years","All persons",266
"W06000006","Wrexham","Lives in a communal establishment","Aged 40 to 44 years","All persons",199
"W06000006","Wrexham","Lives in a communal establishment","Aged 45 to 49 years","All persons",184
"W06000006","Wrexham","Lives in a communal establishment","Aged 50 to 54 years","All persons",99
"W06000006","Wrexham","Lives in a communal establishment","Aged 55 to 59 years","All persons",97
"W06000006","Wrexham","Lives in a communal establishment","Aged 60 to 64 years","All persons",64
"W06000006","Wrexham","Lives in a communal establishment","Aged 65 years","All persons",14
"W06000006","Wrexham","Lives in a communal establishment","Aged 66 to 69 years","All persons",68
"W06000006","Wrexham","Lives in a communal establishment","Aged 70 to 74 years","All persons",119
"W06000006","Wrexham","Lives in a communal establishment","Aged 75 to 79 years","All persons",158
"W06000006","Wrexham","Lives in a communal establishment","Aged 80 to 84 years","All persons",136
"W06000006","Wrexham","Lives in a communal establishment","Aged 85 years and over","All persons",437
"W06000008","Ceredigion","Lives in a communal establishment","Total","All persons",3636
"W06000008","Ceredigion","Lives in a communal establishment","Aged 2 years and under","All persons",0
"W06000008","Ceredigion","Lives in a communal establishment","Aged 3 to 4 years","All persons",0
"W06000008","Ceredigion","Lives in a communal establishment","Aged 5 to 7 years","All persons",0
"W06000008","Ceredigion","Lives in a communal establishment","Aged 8 to 9 years","All persons",1
"W06000008","Ceredigion","Lives in a communal establishment","Aged 10 to 14 years","All persons",2
"W06000008","Ceredigion","Lives in a communal establishment","Aged 15 years","All persons",0
"W06000008","Ceredigion","Lives in a communal establishment","Aged 16 to 17 years","All persons",5
"W06000008","Ceredigion","Lives in a communal establishment","Aged 18 to 19 years","All persons",1495
"W06000008","Ceredigion","Lives in a communal establishment","Aged 20 to 24 years","All persons",1481
"W06000008","Ceredigion","Lives in a communal establishment","Aged 25 to 29 years","All persons",128
"W06000008","Ceredigion","Lives in a communal establishment","Aged 30 to 34 years","All persons",37
"W06000008","Ceredigion","Lives in a communal establishment","Aged 35 to 39 years","All persons",13
"W06000008","Ceredigion","Lives in a communal establishment","Aged 40 to 44 years","All persons",12
"W06000008","Ceredigion","Lives in a communal establishment","Aged 45 to 49 years","All persons",16
"W06000008","Ceredigion","Lives in a communal establishment","Aged 50 to 54 years","All persons",15
"W06000008","Ceredigion","Lives in a communal establishment","Aged 55 to 59 years","All persons",20
"W06000008","Ceredigion","Lives in a communal establishment","Aged 60 to 64 years","All persons",25
"W06000008","Ceredigion","Lives in a communal establishment","Aged 65 years","All persons",1
"W06000008","Ceredigion","Lives in a communal establishment","Aged 66 to 69 years","All persons",16
"W06000008","Ceredigion","Lives in a communal establishment","Aged 70 to 74 years","All persons",27
"W06000008","Ceredigion","Lives in a communal establishment","Aged 75 to 79 years","All persons",39
"W06000008","Ceredigion","Lives in a communal establishment","Aged 80 to 84 years","All persons",64
"W06000008","Ceredigion","Lives in a communal establishment","Aged 85 years and over","All persons",239
"W06000009","Pembrokeshire","Lives in a communal establishment","Total","All persons",1575
"W06000009","Pembrokeshire","Lives in a communal establishment","Aged 2 years and under","All persons",0
"W06000009","Pembrokeshire","Lives in a communal establishment","Aged 3 to 4 years","All persons",0
"W06000009","Pembrokeshire","Lives in a communal establishment","Aged 5 to 7 years","All persons",0
"W06000009","Pembrokeshire","Lives in a communal establishment","Aged 8 to 9 years","All persons",0
"W06000009","Pembrokeshire","Lives in a communal establishment","Aged 10 to 14 years","All persons",14
"W06000009","Pembrokeshire","Lives in a communal establishment","Aged 15 years","All persons",13
"W06000009","Pembrokeshire","Lives in a communal establishment","Aged 16 to 17 years","All persons",9
"W06000009","Pembrokeshire","Lives in a communal establishment","Aged 18 to 19 years","All persons",12
"W06000009","Pembrokeshire","Lives in a communal establishment","Aged 20 to 24 years","All persons",86
"W06000009","Pembrokeshire","Lives in a communal establishment","Aged 25 to 29 years","All persons",111
"W06000009","Pembrokeshire","Lives in a communal establishment","Aged 30 to 34 years","All persons",29
"W06000009","Pembrokeshire","Lives in a communal establishment","Aged 35 to 39 years","All persons",45
"W06000009","Pembrokeshire","Lives in a communal establishment","Aged 40 to 44 years","All persons",40
"W06000009","Pembrokeshire","Lives in a communal establishment","Aged 45 to 49 years","All persons",48
"W06000009","Pembrokeshire","Lives in a communal establishment","Aged 50 to 54 years","All persons",77
"W06000009","Pembrokeshire","Lives in a communal establishment","Aged 55 to 59 years","All persons",96
"W06000009","Pembrokeshire","Lives in a communal establishment","Aged 60 to 64 years","All persons",59
"W06000009","Pembrokeshire","Lives in a communal establishment","Aged 65 years","All persons",12
"W06000009","Pembrokeshire","Lives in a communal establishment","Aged 66 to 69 years","All persons",57
"W06000009","Pembrokeshire","Lives in a communal establishment","Aged 70 to 74 years","All persons",112
"W06000009","Pembrokeshire","Lives in a communal establishment","Aged 75 to 79 years","All persons",127
"W06000009","Pembrokeshire","Lives in a communal establishment","Aged 80 to 84 years","All persons",163
"W06000009","Pembrokeshire","Lives in a communal establishment","Aged 85 years and over","All persons",465
"W06000010","Carmarthenshire","Lives in a communal establishment","Total","All persons",2303
"W06000010","Carmarthenshire","Lives in a communal establishment","Aged 2 years and under","All persons",2
"W06000010","Carmarthenshire","Lives in a communal establishment","Aged 3 to 4 years","All persons",1
"W06000010","Carmarthenshire","Lives in a communal establishment","Aged 5 to 7 years","All persons",4
"W06000010","Carmarthenshire","Lives in a communal establishment","Aged 8 to 9 years","All persons",1
"W06000010","Carmarthenshire","Lives in a communal establishment","Aged 10 to 14 years","All persons",20
"W06000010","Carmarthenshire","Lives in a communal establishment","Aged 15 years","All persons",13
"W06000010","Carmarthenshire","Lives in a communal establishment","Aged 16 to 17 years","All persons",89
"W06000010","Carmarthenshire","Lives in a communal establishment","Aged 18 to 19 years","All persons",81
"W06000010","Carmarthenshire","Lives in a communal establishment","Aged 20 to 24 years","All persons",164
"W06000010","Carmarthenshire","Lives in a communal establishment","Aged 25 to 29 years","All persons",81
"W06000010","Carmarthenshire","Lives in a communal establishment","Aged 30 to 34 years","All persons",77
"W06000010","Carmarthenshire","Lives in a communal establishment","Aged 35 to 39 years","All persons",58
"W06000010","Carmarthenshire","Lives in a communal establishment","Aged 40 to 44 years","All persons",75
"W06000010","Carmarthenshire","Lives in a communal establishment","Aged 45 to 49 years","All persons",81
"W06000010","Carmarthenshire","Lives in a communal establishment","Aged 50 to 54 years","All persons",55
"W06000010","Carmarthenshire","Lives in a communal establishment","Aged 55 to 59 years","All persons",91
"W06000010","Carmarthenshire","Lives in a communal establishment","Aged 60 to 64 years","All persons",100
"W06000010","Carmarthenshire","Lives in a communal establishment","Aged 65 years","All persons",21
"W06000010","Carmarthenshire","Lives in a communal establishment","Aged 66 to 69 years","All persons",63
"W06000010","Carmarthenshire","Lives in a communal establishment","Aged 70 to 74 years","All persons",137
"W06000010","Carmarthenshire","Lives in a communal establishment","Aged 75 to 79 years","All persons",184
"W06000010","Carmarthenshire","Lives in a communal establishment","Aged 80 to 84 years","All persons",240
"W06000010","Carmarthenshire","Lives in a communal establishment","Aged 85 years and over","All persons",665
"W06000011","Swansea","Lives in a communal establishment","Total","All persons",5164
"W06000011","Swansea","Lives in a communal establishment","Aged 2 years and under","All persons",2
"W06000011","Swansea","Lives in a communal establishment","Aged 3 to 4 years","All persons",3
"W06000011","Swansea","Lives in a communal establishment","Aged 5 to 7 years","All persons",2
"W06000011","Swansea","Lives in a communal establishment","Aged 8 to 9 years","All persons",3
"W06000011","Swansea","Lives in a communal establishment","Aged 10 to 14 years","All persons",10
"W06000011","Swansea","Lives in a communal establishment","Aged 15 years","All persons",6
"W06000011","Swansea","Lives in a communal establishment","Aged 16 to 17 years","All persons",12
"W06000011","Swansea","Lives in a communal establishment","Aged 18 to 19 years","All persons",1680
"W06000011","Swansea","Lives in a communal establishment","Aged 20 to 24 years","All persons",1177
"W06000011","Swansea","Lives in a communal establishment","Aged 25 to 29 years","All persons",222
"W06000011","Swansea","Lives in a communal establishment","Aged 30 to 34 years","All persons",156
"W06000011","Swansea","Lives in a communal establishment","Aged 35 to 39 years","All persons",117
"W06000011","Swansea","Lives in a communal establishment","Aged 40 to 44 years","All persons",119
"W06000011","Swansea","Lives in a communal establishment","Aged 45 to 49 years","All persons",51
"W06000011","Swansea","Lives in a communal establishment","Aged 50 to 54 years","All persons",85
"W06000011","Swansea","Lives in a communal establishment","Aged 55 to 59 years","All persons",79
"W06000011","Swansea","Lives in a communal establishment","Aged 60 to 64 years","All persons",59
"W06000011","Swansea","Lives in a communal establishment","Aged 65 years","All persons",18
"W06000011","Swansea","Lives in a communal establishment","Aged 66 to 69 years","All persons",78
"W06000011","Swansea","Lives in a communal establishment","Aged 70 to 74 years","All persons",104
"W06000011","Swansea","Lives in a communal establishment","Aged 75 to 79 years","All persons",171
"W06000011","Swansea","Lives in a communal establishment","Aged 80 to 84 years","All persons",242
"W06000011","Swansea","Lives in a communal establishment","Aged 85 years and over","All persons",768
"W06000012","Neath Port Talbot","Lives in a communal establishment","Total","All persons",3172
"W06000012","Neath Port Talbot","Lives in a communal establishment","Aged 2 years and under","All persons",0
"W06000012","Neath Port Talbot","Lives in a communal establishment","Aged 3 to 4 years","All persons",0
"W06000012","Neath Port Talbot","Lives in a communal establishment","Aged 5 to 7 years","All persons",0
"W06000012","Neath Port Talbot","Lives in a communal establishment","Aged 8 to 9 years","All persons",5
"W06000012","Neath Port Talbot","Lives in a communal establishment","Aged 10 to 14 years","All persons",19
"W06000012","Neath Port Talbot","Lives in a communal establishment","Aged 15 years","All persons",16
"W06000012","Neath Port Talbot","Lives in a communal establishment","Aged 16 to 17 years","All persons",23
"W06000012","Neath Port Talbot","Lives in a communal establishment","Aged 18 to 19 years","All persons",1410
"W06000012","Neath Port Talbot","Lives in a communal establishment","Aged 20 to 24 years","All persons",523
"W06000012","Neath Port Talbot","Lives in a communal establishment","Aged 25 to 29 years","All persons",59
"W06000012","Neath Port Talbot","Lives in a communal establishment","Aged 30 to 34 years","All persons",43
"W06000012","Neath Port Talbot","Lives in a communal establishment","Aged 35 to 39 years","All persons",28
"W06000012","Neath Port Talbot","Lives in a communal establishment","Aged 40 to 44 years","All persons",34
"W06000012","Neath Port Talbot","Lives in a communal establishment","Aged 45 to 49 years","All persons",28
"W06000012","Neath Port Talbot","Lives in a communal establishment","Aged 50 to 54 years","All persons",49
"W06000012","Neath Port Talbot","Lives in a communal establishment","Aged 55 to 59 years","All persons",49
"W06000012","Neath Port Talbot","Lives in a communal establishment","Aged 60 to 64 years","All persons",59
"W06000012","Neath Port Talbot","Lives in a communal establishment","Aged 65 years","All persons",13
"W06000012","Neath Port Talbot","Lives in a communal establishment","Aged 66 to 69 years","All persons",53
"W06000012","Neath Port Talbot","Lives in a communal establishment","Aged 70 to 74 years","All persons",88
"W06000012","Neath Port Talbot","Lives in a communal establishment","Aged 75 to 79 years","All persons",136
"W06000012","Neath Port Talbot","Lives in a communal establishment","Aged 80 to 84 years","All persons",143
"W06000012","Neath Port Talbot","Lives in a communal establishment","Aged 85 years and over","All persons",394
"W06000013","Bridgend","Lives in a communal establishment","Total","All persons",2627
"W06000013","Bridgend","Lives in a communal establishment","Aged 2 years and under","All persons",3
"W06000013","Bridgend","Lives in a communal establishment","Aged 3 to 4 years","All persons",0
"W06000013","Bridgend","Lives in a communal establishment","Aged 5 to 7 years","All persons",4
"W06000013","Bridgend","Lives in a communal establishment","Aged 8 to 9 years","All persons",3
"W06000013","Bridgend","Lives in a communal establishment","Aged 10 to 14 years","All persons",18
"W06000013","Bridgend","Lives in a communal establishment","Aged 15 years","All persons",11
"W06000013","Bridgend","Lives in a communal establishment","Aged 16 to 17 years","All persons",19
"W06000013","Bridgend","Lives in a communal establishment","Aged 18 to 19 years","All persons",72
"W06000013","Bridgend","Lives in a communal establishment","Aged 20 to 24 years","All persons",262
"W06000013","Bridgend","Lives in a communal establishment","Aged 25 to 29 years","All persons",350
"W06000013","Bridgend","Lives in a communal establishment","Aged 30 to 34 years","All persons",318
"W06000013","Bridgend","Lives in a communal establishment","Aged 35 to 39 years","All persons",281
"W06000013","Bridgend","Lives in a communal establishment","Aged 40 to 44 years","All persons",169
"W06000013","Bridgend","Lives in a communal establishment","Aged 45 to 49 years","All persons",138
"W06000013","Bridgend","Lives in a communal establishment","Aged 50 to 54 years","All persons",116
"W06000013","Bridgend","Lives in a communal establishment","Aged 55 to 59 years","All persons",78
"W06000013","Bridgend","Lives in a communal establishment","Aged 60 to 64 years","All persons",45
"W06000013","Bridgend","Lives in a communal establishment","Aged 65 years","All persons",22
"W06000013","Bridgend","Lives in a communal establishment","Aged 66 to 69 years","All persons",54
"W06000013","Bridgend","Lives in a communal establishment","Aged 70 to 74 years","All persons",85
"W06000013","Bridgend","Lives in a communal establishment","Aged 75 to 79 years","All persons",102
"W06000013","Bridgend","Lives in a communal establishment","Aged 80 to 84 years","All persons",130
"W06000013","Bridgend","Lives in a communal establishment","Aged 85 years and over","All persons",347
"W06000014","Vale of Glamorgan","Lives in a communal establishment","Total","All persons",1655
"W06000014","Vale of Glamorgan","Lives in a communal establishment","Aged 2 years and under","All persons",4
"W06000014","Vale of Glamorgan","Lives in a communal establishment","Aged 3 to 4 years","All persons",0
"W06000014","Vale of Glamorgan","Lives in a communal establishment","Aged 5 to 7 years","All persons",0
"W06000014","Vale of Glamorgan","Lives in a communal establishment","Aged 8 to 9 years","All persons",2
"W06000014","Vale of Glamorgan","Lives in a communal establishment","Aged 10 to 14 years","All persons",14
"W06000014","Vale of Glamorgan","Lives in a communal establishment","Aged 15 years","All persons",16
"W06000014","Vale of Glamorgan","Lives in a communal establishment","Aged 16 to 17 years","All persons",179
"W06000014","Vale of Glamorgan","Lives in a communal establishment","Aged 18 to 19 years","All persons",191
"W06000014","Vale of Glamorgan","Lives in a communal establishment","Aged 20 to 24 years","All persons",170
"W06000014","Vale of Glamorgan","Lives in a communal establishment","Aged 25 to 29 years","All persons",130
"W06000014","Vale of Glamorgan","Lives in a communal establishment","Aged 30 to 34 years","All persons",98
"W06000014","Vale of Glamorgan","Lives in a communal establishment","Aged 35 to 39 years","All persons",44
"W06000014","Vale of Glamorgan","Lives in a communal establishment","Aged 40 to 44 years","All persons",19
"W06000014","Vale of Glamorgan","Lives in a communal establishment","Aged 45 to 49 years","All persons",25
"W06000014","Vale of Glamorgan","Lives in a communal establishment","Aged 50 to 54 years","All persons",34
"W06000014","Vale of Glamorgan","Lives in a communal establishment","Aged 55 to 59 years","All persons",34
"W06000014","Vale of Glamorgan","Lives in a communal establishment","Aged 60 to 64 years","All persons",30
"W06000014","Vale of Glamorgan","Lives in a communal establishment","Aged 65 years","All persons",10
"W06000014","Vale of Glamorgan","Lives in a communal establishment","Aged 66 to 69 years","All persons",31
"W06000014","Vale of Glamorgan","Lives in a communal establishment","Aged 70 to 74 years","All persons",59
"W06000014","Vale of Glamorgan","Lives in a communal establishment","Aged 75 to 79 years","All persons",79
"W06000014","Vale of Glamorgan","Lives in a communal establishment","Aged 80 to 84 years","All persons",116
"W06000014","Vale of Glamorgan","Lives in a communal establishment","Aged 85 years and over","All persons",370
"W06000015","Cardiff","Lives in a communal establishment","Total","All persons",15414
"W06000015","Cardiff","Lives in a communal establishment","Aged 2 years and under","All persons",5
"W06000015","Cardiff","Lives in a communal establishment","Aged 3 to 4 years","All persons",9
"W06000015","Cardiff","Lives in a communal establishment","Aged 5 to 7 years","All persons",8
"W06000015","Cardiff","Lives in a communal establishment","Aged 8 to 9 years","All persons",10
"W06000015","Cardiff","Lives in a communal establishment","Aged 10 to 14 years","All persons",33
"W06000015","Cardiff","Lives in a communal establishment","Aged 15 years","All persons",27
"W06000015","Cardiff","Lives in a communal establishment","Aged 16 to 17 years","All persons",292
"W06000015","Cardiff","Lives in a communal establishment","Aged 18 to 19 years","All persons",6930
"W06000015","Cardiff","Lives in a communal establishment","Aged 20 to 24 years","All persons",4681
"W06000015","Cardiff","Lives in a communal establishment","Aged 25 to 29 years","All persons",884
"W06000015","Cardiff","Lives in a communal establishment","Aged 30 to 34 years","All persons",322
"W06000015","Cardiff","Lives in a communal establishment","Aged 35 to 39 years","All persons",198
"W06000015","Cardiff","Lives in a communal establishment","Aged 40 to 44 years","All persons",167
"W06000015","Cardiff","Lives in a communal establishment","Aged 45 to 49 years","All persons",130
"W06000015","Cardiff","Lives in a communal establishment","Aged 50 to 54 years","All persons",109
"W06000015","Cardiff","Lives in a communal establishment","Aged 55 to 59 years","All persons",99
"W06000015","Cardiff","Lives in a communal establishment","Aged 60 to 64 years","All persons",116
"W06000015","Cardiff","Lives in a communal establishment","Aged 65 years","All persons",26
"W06000015","Cardiff","Lives in a communal establishment","Aged 66 to 69 years","All persons",126
"W06000015","Cardiff","Lives in a communal establishment","Aged 70 to 74 years","All persons",126
"W06000015","Cardiff","Lives in a communal establishment","Aged 75 to 79 years","All persons",175
"W06000015","Cardiff","Lives in a communal establishment","Aged 80 to 84 years","All persons",250
"W06000015","Cardiff","Lives in a communal establishment","Aged 85 years and over","All persons",691
"W06000016","Rhondda Cynon Taf","Lives in a communal establishment","Total","All persons",2064
"W06000016","Rhondda Cynon Taf","Lives in a communal establishment","Aged 2 years and under","All persons",0
"W06000016","Rhondda Cynon Taf","Lives in a communal establishment","Aged 3 to 4 years","All persons",0
"W06000016","Rhondda Cynon Taf","Lives in a communal establishment","Aged 5 to 7 years","All persons",4
"W06000016","Rhondda Cynon Taf","Lives in a communal establishment","Aged 8 to 9 years","All persons",4
"W06000016","Rhondda Cynon Taf","Lives in a communal establishment","Aged 10 to 14 years","All persons",26
"W06000016","Rhondda Cynon Taf","Lives in a communal establishment","Aged 15 years","All persons",3
"W06000016","Rhondda Cynon Taf","Lives in a communal establishment","Aged 16 to 17 years","All persons",18
"W06000016","Rhondda Cynon Taf","Lives in a communal establishment","Aged 18 to 19 years","All persons",303
"W06000016","Rhondda Cynon Taf","Lives in a communal establishment","Aged 20 to 24 years","All persons",319
"W06000016","Rhondda Cynon Taf","Lives in a communal establishment","Aged 25 to 29 years","All persons",89
"W06000016","Rhondda Cynon Taf","Lives in a communal establishment","Aged 30 to 34 years","All persons",59
"W06000016","Rhondda Cynon Taf","Lives in a communal establishment","Aged 35 to 39 years","All persons",50
"W06000016","Rhondda Cynon Taf","Lives in a communal establishment","Aged 40 to 44 years","All persons",28
"W06000016","Rhondda Cynon Taf","Lives in a communal establishment","Aged 45 to 49 years","All persons",20
"W06000016","Rhondda Cynon Taf","Lives in a communal establishment","Aged 50 to 54 years","All persons",22
"W06000016","Rhondda Cynon Taf","Lives in a communal establishment","Aged 55 to 59 years","All persons",37
"W06000016","Rhondda Cynon Taf","Lives in a communal establishment","Aged 60 to 64 years","All persons",30
"W06000016","Rhondda Cynon Taf","Lives in a communal establishment","Aged 65 years","All persons",10
"W06000016","Rhondda Cynon Taf","Lives in a communal establishment","Aged 66 to 69 years","All persons",52
"W06000016","Rhondda Cynon Taf","Lives in a communal establishment","Aged 70 to 74 years","All persons",96
"W06000016","Rhondda Cynon Taf","Lives in a communal establishment","Aged 75 to 79 years","All persons",152
"W06000016","Rhondda Cynon Taf","Lives in a communal establishment","Aged 80 to 84 years","All persons",195
"W06000016","Rhondda Cynon Taf","Lives in a communal establishment","Aged 85 years and over","All persons",547
"W06000018","Caerphilly","Lives in a communal establishment","Total","All persons",894
"W06000018","Caerphilly","Lives in a communal establishment","Aged 2 years and under","All persons",0
"W06000018","Caerphilly","Lives in a communal establishment","Aged 3 to 4 years","All persons",0
"W06000018","Caerphilly","Lives in a communal establishment","Aged 5 to 7 years","All persons",0
"W06000018","Caerphilly","Lives in a communal establishment","Aged 8 to 9 years","All persons",0
"W06000018","Caerphilly","Lives in a communal establishment","Aged 10 to 14 years","All persons",6
"W06000018","Caerphilly","Lives in a communal establishment","Aged 15 years","All persons",2
"W06000018","Caerphilly","Lives in a communal establishment","Aged 16 to 17 years","All persons",5
"W06000018","Caerphilly","Lives in a communal establishment","Aged 18 to 19 years","All persons",6
"W06000018","Caerphilly","Lives in a communal establishment","Aged 20 to 24 years","All persons",19
"W06000018","Caerphilly","Lives in a communal establishment","Aged 25 to 29 years","All persons",17
"W06000018","Caerphilly","Lives in a communal establishment","Aged 30 to 34 years","All persons",30
"W06000018","Caerphilly","Lives in a communal establishment","Aged 35 to 39 years","All persons",20
"W06000018","Caerphilly","Lives in a communal establishment","Aged 40 to 44 years","All persons",17
"W06000018","Caerphilly","Lives in a communal establishment","Aged 45 to 49 years","All persons",27
"W06000018","Caerphilly","Lives in a communal establishment","Aged 50 to 54 years","All persons",29
"W06000018","Caerphilly","Lives in a communal establishment","Aged 55 to 59 years","All persons",44
"W06000018","Caerphilly","Lives in a communal establishment","Aged 60 to 64 years","All persons",37
"W06000018","Caerphilly","Lives in a communal establishment","Aged 65 years","All persons",12
"W06000018","Caerphilly","Lives in a communal establishment","Aged 66 to 69 years","All persons",37
"W06000018","Caerphilly","Lives in a communal establishment","Aged 70 to 74 years","All persons",81
"W06000018","Caerphilly","Lives in a communal establishment","Aged 75 to 79 years","All persons",92
"W06000018","Caerphilly","Lives in a communal establishment","Aged 80 to 84 years","All persons",118
"W06000018","Caerphilly","Lives in a communal establishment","Aged 85 years and over","All persons",295
"W06000019","Blaenau Gwent","Lives in a communal establishment","Total","All persons",354
"W06000019","Blaenau Gwent","Lives in a communal establishment","Aged 2 years and under","All persons",0
"W06000019","Blaenau Gwent","Lives in a communal establishment","Aged 3 to 4 years","All persons",0
"W06000019","Blaenau Gwent","Lives in a communal establishment","Aged 5 to 7 years","All persons",0
"W06000019","Blaenau Gwent","Lives in a communal establishment","Aged 8 to 9 years","All persons",2
"W06000019","Blaenau Gwent","Lives in a communal establishment","Aged 10 to 14 years","All persons",4
"W06000019","Blaenau Gwent","Lives in a communal establishment","Aged 15 years","All persons",7
"W06000019","Blaenau Gwent","Lives in a communal establishment","Aged 16 to 17 years","All persons",8
"W06000019","Blaenau Gwent","Lives in a communal establishment","Aged 18 to 19 years","All persons",0
"W06000019","Blaenau Gwent","Lives in a communal establishment","Aged 20 to 24 years","All persons",0
"W06000019","Blaenau Gwent","Lives in a communal establishment","Aged 25 to 29 years","All persons",0
"W06000019","Blaenau Gwent","Lives in a communal establishment","Aged 30 to 34 years","All persons",1
"W06000019","Blaenau Gwent","Lives in a communal establishment","Aged 35 to 39 years","All persons",0
"W06000019","Blaenau Gwent","Lives in a communal establishment","Aged 40 to 44 years","All persons",5
"W06000019","Blaenau Gwent","Lives in a communal establishment","Aged 45 to 49 years","All persons",3
"W06000019","Blaenau Gwent","Lives in a communal establishment","Aged 50 to 54 years","All persons",5
"W06000019","Blaenau Gwent","Lives in a communal establishment","Aged 55 to 59 years","All persons",12
"W06000019","Blaenau Gwent","Lives in a communal establishment","Aged 60 to 64 years","All persons",22
"W06000019","Blaenau Gwent","Lives in a communal establishment","Aged 65 years","All persons",1
"W06000019","Blaenau Gwent","Lives in a communal establishment","Aged 66 to 69 years","All persons",13
"W06000019","Blaenau Gwent","Lives in a communal establishment","Aged 70 to 74 years","All persons",44
"W06000019","Blaenau Gwent","Lives in a communal establishment","Aged 75 to 79 years","All persons",34
"W06000019","Blaenau Gwent","Lives in a communal establishment","Aged 80 to 84 years","All persons",71
"W06000019","Blaenau Gwent","Lives in a communal establishment","Aged 85 years and over","All persons",122
"W06000020","Torfaen","Lives in a communal establishment","Total","All persons",548
"W06000020","Torfaen","Lives in a communal establishment","Aged 2 years and under","All persons",0
"W06000020","Torfaen","Lives in a communal establishment","Aged 3 to 4 years","All persons",0
"W06000020","Torfaen","Lives in a communal establishment","Aged 5 to 7 years","All persons",0
"W06000020","Torfaen","Lives in a communal establishment","Aged 8 to 9 years","All persons",0
"W06000020","Torfaen","Lives in a communal establishment","Aged 10 to 14 years","All persons",0
"W06000020","Torfaen","Lives in a communal establishment","Aged 15 years","All persons",0
"W06000020","Torfaen","Lives in a communal establishment","Aged 16 to 17 years","All persons",0
"W06000020","Torfaen","Lives in a communal establishment","Aged 18 to 19 years","All persons",0
"W06000020","Torfaen","Lives in a communal establishment","Aged 20 to 24 years","All persons",2
"W06000020","Torfaen","Lives in a communal establishment","Aged 25 to 29 years","All persons",1
"W06000020","Torfaen","Lives in a communal establishment","Aged 30 to 34 years","All persons",2
"W06000020","Torfaen","Lives in a communal establishment","Aged 35 to 39 years","All persons",7
"W06000020","Torfaen","Lives in a communal establishment","Aged 40 to 44 years","All persons",1
"W06000020","Torfaen","Lives in a communal establishment","Aged 45 to 49 years","All persons",3
"W06000020","Torfaen","Lives in a communal establishment","Aged 50 to 54 years","All persons",3
"W06000020","Torfaen","Lives in a communal establishment","Aged 55 to 59 years","All persons",7
"W06000020","Torfaen","Lives in a communal establishment","Aged 60 to 64 years","All persons",14
"W06000020","Torfaen","Lives in a communal establishment","Aged 65 years","All persons",4
"W06000020","Torfaen","Lives in a communal establishment","Aged 66 to 69 years","All persons",15
"W06000020","Torfaen","Lives in a communal establishment","Aged 70 to 74 years","All persons",44
"W06000020","Torfaen","Lives in a communal establishment","Aged 75 to 79 years","All persons",67
"W06000020","Torfaen","Lives in a communal establishment","Aged 80 to 84 years","All persons",116
"W06000020","Torfaen","Lives in a communal establishment","Aged 85 years and over","All persons",262
"W06000021","Monmouthshire","Lives in a communal establishment","Total","All persons",1442
"W06000021","Monmouthshire","Lives in a communal establishment","Aged 2 years and under","All persons",1
"W06000021","Monmouthshire","Lives in a communal establishment","Aged 3 to 4 years","All persons",0
"W06000021","Monmouthshire","Lives in a communal establishment","Aged 5 to 7 years","All persons",5
"W06000021","Monmouthshire","Lives in a communal establishment","Aged 8 to 9 years","All persons",2
"W06000021","Monmouthshire","Lives in a communal establishment","Aged 10 to 14 years","All persons",74
"W06000021","Monmouthshire","Lives in a communal establishment","Aged 15 years","All persons",14
"W06000021","Monmouthshire","Lives in a communal establishment","Aged 16 to 17 years","All persons",42
"W06000021","Monmouthshire","Lives in a communal establishment","Aged 18 to 19 years","All persons",22
"W06000021","Monmouthshire","Lives in a communal establishment","Aged 20 to 24 years","All persons",60
"W06000021","Monmouthshire","Lives in a communal establishment","Aged 25 to 29 years","All persons",88
"W06000021","Monmouthshire","Lives in a communal establishment","Aged 30 to 34 years","All persons",97
"W06000021","Monmouthshire","Lives in a communal establishment","Aged 35 to 39 years","All persons",96
"W06000021","Monmouthshire","Lives in a communal establishment","Aged 40 to 44 years","All persons",73
"W06000021","Monmouthshire","Lives in a communal establishment","Aged 45 to 49 years","All persons",72
"W06000021","Monmouthshire","Lives in a communal establishment","Aged 50 to 54 years","All persons",80
"W06000021","Monmouthshire","Lives in a communal establishment","Aged 55 to 59 years","All persons",82
"W06000021","Monmouthshire","Lives in a communal establishment","Aged 60 to 64 years","All persons",57
"W06000021","Monmouthshire","Lives in a communal establishment","Aged 65 years","All persons",8
"W06000021","Monmouthshire","Lives in a communal establishment","Aged 66 to 69 years","All persons",43
"W06000021","Monmouthshire","Lives in a communal establishment","Aged 70 to 74 years","All persons",53
"W06000021","Monmouthshire","Lives in a communal establishment","Aged 75 to 79 years","All persons",63
"W06000021","Monmouthshire","Lives in a communal establishment","Aged 80 to 84 years","All persons",83
"W06000021","Monmouthshire","Lives in a communal establishment","Aged 85 years and over","All persons",327
"W06000022","Newport","Lives in a communal establishment","Total","All persons",1386
"W06000022","Newport","Lives in a communal establishment","Aged 2 years and under","All persons",0
"W06000022","Newport","Lives in a communal establishment","Aged 3 to 4 years","All persons",0
"W06000022","Newport","Lives in a communal establishment","Aged 5 to 7 years","All persons",3
"W06000022","Newport","Lives in a communal establishment","Aged 8 to 9 years","All persons",0
"W06000022","Newport","Lives in a communal establishment","Aged 10 to 14 years","All persons",11
"W06000022","Newport","Lives in a communal establishment","Aged 15 years","All persons",10
"W06000022","Newport","Lives in a communal establishment","Aged 16 to 17 years","All persons",3
"W06000022","Newport","Lives in a communal establishment","Aged 18 to 19 years","All persons",76
"W06000022","Newport","Lives in a communal establishment","Aged 20 to 24 years","All persons",139
"W06000022","Newport","Lives in a communal establishment","Aged 25 to 29 years","All persons",67
"W06000022","Newport","Lives in a communal establishment","Aged 30 to 34 years","All persons",72
"W06000022","Newport","Lives in a communal establishment","Aged 35 to 39 years","All persons",57
"W06000022","Newport","Lives in a communal establishment","Aged 40 to 44 years","All persons",50
"W06000022","Newport","Lives in a communal establishment","Aged 45 to 49 years","All persons",51
"W06000022","Newport","Lives in a communal establishment","Aged 50 to 54 years","All persons",52
"W06000022","Newport","Lives in a communal establishment","Aged 55 to 59 years","All persons",64
"W06000022","Newport","Lives in a communal establishment","Aged 60 to 64 years","All persons",44
"W06000022","Newport","Lives in a communal establishment","Aged 65 years","All persons",12
"W06000022","Newport","Lives in a communal establishment","Aged 66 to 69 years","All persons",31
"W06000022","Newport","Lives in a communal establishment","Aged 70 to 74 years","All persons",71
"W06000022","Newport","Lives in a communal establishment","Aged 75 to 79 years","All persons",78
"W06000022","Newport","Lives in a communal establishment","Aged 80 to 84 years","All persons",131
"W06000022","Newport","Lives in a communal establishment","Aged 85 years and over","All persons",364
"W06000023","Powys","Lives in a communal establishment","Total","All persons",1428
"W06000023","Powys","Lives in a communal establishment","Aged 2 years and under","All persons",0
"W06000023","Powys","Lives in a communal establishment","Aged 3 to 4 years","All persons",1
"W06000023","Powys","Lives in a communal establishment","Aged 5 to 7 years","All persons",1
"W06000023","Powys","Lives in a communal establishment","Aged 8 to 9 years","All persons",1
"W06000023","Powys","Lives in a communal establishment","Aged 10 to 14 years","All persons",42
"W06000023","Powys","Lives in a communal establishment","Aged 15 years","All persons",14
"W06000023","Powys","Lives in a communal establishment","Aged 16 to 17 years","All persons",59
"W06000023","Powys","Lives in a communal establishment","Aged 18 to 19 years","All persons",31
"W06000023","Powys","Lives in a communal establishment","Aged 20 to 24 years","All persons",42
"W06000023","Powys","Lives in a communal establishment","Aged 25 to 29 years","All persons",211
"W06000023","Powys","Lives in a communal establishment","Aged 30 to 34 years","All persons",75
"W06000023","Powys","Lives in a communal establishment","Aged 35 to 39 years","All persons",21
"W06000023","Powys","Lives in a communal establishment","Aged 40 to 44 years","All persons",41
"W06000023","Powys","Lives in a communal establishment","Aged 45 to 49 years","All persons",17
"W06000023","Powys","Lives in a communal establishment","Aged 50 to 54 years","All persons",21
"W06000023","Powys","Lives in a communal establishment","Aged 55 to 59 years","All persons",31
"W06000023","Powys","Lives in a communal establishment","Aged 60 to 64 years","All persons",29
"W06000023","Powys","Lives in a communal establishment","Aged 65 years","All persons",0
"W06000023","Powys","Lives in a communal establishment","Aged 66 to 69 years","All persons",33
"W06000023","Powys","Lives in a communal establishment","Aged 70 to 74 years","All persons",57
"W06000023","Powys","Lives in a communal establishment","Aged 75 to 79 years","All persons",95
"W06000023","Powys","Lives in a communal establishment","Aged 80 to 84 years","All persons",149
"W06000023","Powys","Lives in a communal establishment","Aged 85 years and over","All persons",457
"W06000024","Merthyr Tydfil","Lives in a communal establishment","Total","All persons",451
"W06000024","Merthyr Tydfil","Lives in a communal establishment","Aged 2 years and under","All persons",0
"W06000024","Merthyr Tydfil","Lives in a communal establishment","Aged 3 to 4 years","All persons",4
"W06000024","Merthyr Tydfil","Lives in a communal establishment","Aged 5 to 7 years","All persons",3
"W06000024","Merthyr Tydfil","Lives in a communal establishment","Aged 8 to 9 years","All persons",1
"W06000024","Merthyr Tydfil","Lives in a communal establishment","Aged 10 to 14 years","All persons",1
"W06000024","Merthyr Tydfil","Lives in a communal establishment","Aged 15 years","All persons",1
"W06000024","Merthyr Tydfil","Lives in a communal establishment","Aged 16 to 17 years","All persons",3
"W06000024","Merthyr Tydfil","Lives in a communal establishment","Aged 18 to 19 years","All persons",3
"W06000024","Merthyr Tydfil","Lives in a communal establishment","Aged 20 to 24 years","All persons",20
"W06000024","Merthyr Tydfil","Lives in a communal establishment","Aged 25 to 29 years","All persons",25
"W06000024","Merthyr Tydfil","Lives in a communal establishment","Aged 30 to 34 years","All persons",44
"W06000024","Merthyr Tydfil","Lives in a communal establishment","Aged 35 to 39 years","All persons",23
"W06000024","Merthyr Tydfil","Lives in a communal establishment","Aged 40 to 44 years","All persons",10
"W06000024","Merthyr Tydfil","Lives in a communal establishment","Aged 45 to 49 years","All persons",15
"W06000024","Merthyr Tydfil","Lives in a communal establishment","Aged 50 to 54 years","All persons",22
"W06000024","Merthyr Tydfil","Lives in a communal establishment","Aged 55 to 59 years","All persons",19
"W06000024","Merthyr Tydfil","Lives in a communal establishment","Aged 60 to 64 years","All persons",15
"W06000024","Merthyr Tydfil","Lives in a communal establishment","Aged 65 years","All persons",3
"W06000024","Merthyr Tydfil","Lives in a communal establishment","Aged 66 to 69 years","All persons",7
"W06000024","Merthyr Tydfil","Lives in a communal establishment","Aged 70 to 74 years","All persons",20
"W06000024","Merthyr Tydfil","Lives in a communal establishment","Aged 75 to 79 years","All persons",29
"W06000024","Merthyr Tydfil","Lives in a communal establishment","Aged 80 to 84 years","All persons",43
"W06000024","Merthyr Tydfil","Lives in a communal establishment","Aged 85 years and over","All persons",140
