"GEOGRAPHY_CODE","GEOGRAPHY_NAME","C2021_RESTYPE_3_NAME","C2021_AGE_24_NAME","C_SEX_NAME","OBS_VALUE"
"E06000001","Hartlepool","Lives in a communal establishment","Total","Female",544
"E06000001","Hartlepool","Lives in a communal establishment","Aged 2 years and under","Female",0
"E06000001","Hartlepool","Lives in a communal establishment","Aged 3 to 4 years","Female",0
"E06000001","Hartlepool","Lives in a communal establishment","Aged 5 to 7 years","Female",0
"E06000001","Hartlepool","Lives in a communal establishment","Aged 8 to 9 years","Female",1
"E06000001","Hartlepool","Lives in a communal establishment","Aged 10 to 14 years","Female",3
"E06000001","Hartlepool","Lives in a communal establishment","Aged 15 years","Female",2
"E06000001","Hartlepool","Lives in a communal establishment","Aged 16 to 17 years","Female",0
"E06000001","Hartlepool","Lives in a communal establishment","Aged 18 to 19 years","Female",13
"E06000001","Hartlepool","Lives in a communal establishment","Aged 20 to 24 years","Female",26
"E06000001","Hartlepool","Lives in a communal establishment","Aged 25 to 29 years","Female",5
"E06000001","Hartlepool","Lives in a communal establishment","Aged 30 to 34 years","Female",1
"E06000001","Hartlepool","Lives in a communal establishment","Aged 35 to 39 years","Female",2
"E06000001","Hartlepool","Lives in a communal establishment","Aged 40 to 44 years","Female",2
"E06000001","Hartlepool","Lives in a communal establishment","Aged 45 to 49 years","Female",1
"E06000001","Hartlepool","Lives in a communal establishment","Aged 50 to 54 years","Female",7
"E06000001","Hartlepool","Lives in a communal establishment","Aged 55 to 59 years","Female",11
"E06000001","Hartlepool","Lives in a communal establishment","Aged 60 to 64 years","Female",10
"E06000001","Hartlepool","Lives in a communal establishment","Aged 65 years","Female",5
"E06000001","Hartlepool","Lives in a communal establishment","Aged 66 to 69 years","Female",18
"E06000001","Hartlepool","Lives in a communal establishment","Aged 70 to 74 years","Female",30
"E06000001","Hartlepool","Lives in a communal establishment","Aged 75 to 79 years","Female",42
"E06000001","Hartlepool","Lives in a communal establishment","Aged 80 to 84 years","Female",100
"E06000001","Hartlepool","Lives in a communal establishment","Aged 85 years and over","Female",265
"E06000002","Middlesbrough","Lives in a communal establishment","Total","Female",1222
"E06000002","Middlesbrough","Lives in a communal establishment","Aged 2 years and under","Female",1
"E06000002","Middlesbrough","Lives in a communal establishment","Aged 3 to 4 years","Female",0
"E06000002","Middlesbrough","Lives in a communal establishment","Aged 5 to 7 years","Female",0
"E06000002","Middlesbrough","Lives in a communal establishment","Aged 8 to 9 years","Female",2
"E06000002","Middlesbrough","Lives in a communal establishment","Aged 10 to 14 years","Female",1
"E06000002","Middlesbrough","Lives in a communal establishment","Aged 15 years","Female",0
"E06000002","Middlesbrough","Lives in a communal establishment","Aged 16 to 17 years","Female",3
"E06000002","Middlesbrough","Lives in a communal establishment","Aged 18 to 19 years","Female",158
"E06000002","Middlesbrough","Lives in a communal establishment","Aged 20 to 24 years","Female",229
"E06000002","Middlesbrough","Lives in a communal establishment","Aged 25 to 29 years","Female",49
"E06000002","Middlesbrough","Lives in a communal establishment","Aged 30 to 34 years","Female",22
"E06000002","Middlesbrough","Lives in a communal establishment","Aged 35 to 39 years","Female",23
"E06000002","Middlesbrough","Lives in a communal establishment","Aged 40 to 44 years","Female",14
"E06000002","Middlesbrough","Lives in a communal establishment","Aged 45 to 49 years","Female",10
"E06000002","Middlesbrough","Lives in a communal establishment","Aged 50 to 54 years","Female",36
"E06000002","Middlesbrough","Lives in a communal establishment","Aged 55 to 59 years","Female",25
"E06000002","Middlesbrough","Lives in a communal establishment","Aged 60 to 64 years","Female",41
"E06000002","Middlesbrough","Lives in a communal establishment","Aged 65 years","Female",4
"E06000002","Middlesbrough","Lives in a communal establishment","Aged 66 to 69 years","Female",30
"E06000002","Middlesbrough","Lives in a communal establishment","Aged 70 to 74 years","Female",32
"E06000002","Middlesbrough","Lives in a communal establishment","Aged 75 to 79 years","Female",71
"E06000002","Middlesbrough","Lives in a communal establishment","Aged 80 to 84 years","Female",137
"E06000002","Middlesbrough","Lives in a communal establishment","Aged 85 years and over","Female",334
"E06000003","Redcar and Cleveland","Lives in a communal establishment","Total","Female",768
"E06000003","Redcar and Cleveland","Lives in a communal establishment","Aged 2 years and under","Female",0
"E06000003","Redcar and Cleveland","Lives in a communal establishment","Aged 3 to 4 years","Female",0
"E06000003","Redcar and Cleveland","Lives in a communal establishment","Aged 5 to 7 years","Female",0
"E06000003","Redcar and Cleveland","Lives in a communal establishment","Aged 8 to 9 years","Female",0
"E06000003","Redcar and Cleveland","Lives in a communal establishment","Aged 10 to 14 years","Female",1
"E06000003","Redcar and Cleveland","Lives in a communal establishment","Aged 15 years","Female",3
"E06000003","Redcar and Cleveland","Lives in a communal establishment","Aged 16 to 17 years","Female",0
"E06000003","Redcar and Cleveland","Lives in a communal establishment","Aged 18 to 19 years","Female",0
"E06000003","Redcar and Cleveland","Lives in a communal establishment","Aged 20 to 24 years","Female",3
"E06000003","Redcar and Cleveland","Lives in a communal establishment","Aged 25 to 29 years","Female",4
"E06000003","Redcar and Cleveland","Lives in a communal establishment","Aged 30 to 34 years","Female",4
"E06000003","Redcar and Cleveland","Lives in a communal establishment","Aged 35 to 39 years","Female",10
"E06000003","Redcar and Cleveland","Lives in a communal establishment","Aged 40 to 44 years","Female",7
"E06000003","Redcar and Cleveland","Lives in a communal establishment","Aged 45 to 49 years","Female",15
"E06000003","Redcar and Cleveland","Lives in a communal establishment","Aged 50 to 54 years","Female",24
"E06000003","Redcar and Cleveland","Lives in a communal establishment","Aged 55 to 59 years","Female",36
"E06000003","Redcar and Cleveland","Lives in a communal establishment","Aged 60 to 64 years","Female",24
"E06000003","Redcar and Cleveland","Lives in a communal establishment","Aged 65 years","Female",8
"E06000003","Redcar and Cleveland","Lives in a communal establishment","Aged 66 to 69 years","Female",32
"E06000003","Redcar and Cleveland","Lives in a communal establishment","Aged 70 to 74 years","Female",28
"E06000003","Redcar and Cleveland","Lives in a communal establishment","Aged 75 to 79 years","Female",84
"E06000003","Redcar and Cleveland","Lives in a communal establishment","Aged 80 to 84 years","Female",125
"E06000003","Redcar and Cleveland","Lives in a communal establishment","Aged 85 years and over","Female",360
"E06000004","Stockton-on-Tees","Lives in a communal establishment","Total","Female",978
"E06000004","Stockton-on-Tees","Lives in a communal establishment","Aged 2 years and under","Female",0
"E06000004","Stockton-on-Tees","Lives in a communal establishment","Aged 3 to 4 years","Female",1
"E06000004","Stockton-on-Tees","Lives in a communal establishment","Aged 5 to 7 years","Female",0
"E06000004","Stockton-on-Tees","Lives in a communal establishment","Aged 8 to 9 years","Female",0
"E06000004","Stockton-on-Tees","Lives in a communal establishment","Aged 10 to 14 years","Female",3
"E06000004","Stockton-on-Tees","Lives in a communal establishment","Aged 15 years","Female",1
"E06000004","Stockton-on-Tees","Lives in a communal establishment","Aged 16 to 17 years","Female",6
"E06000004","Stockton-on-Tees","Lives in a communal establishment","Aged 18 to 19 years","Female",11
"E06000004","Stockton-on-Tees","Lives in a communal establishment","Aged 20 to 24 years","Female",19
"E06000004","Stockton-on-Tees","Lives in a communal establishment","Aged 25 to 29 years","Female",15
"E06000004","Stockton-on-Tees","Lives in a communal establishment","Aged 30 to 34 years","Female",16
"E06000004","Stockton-on-Tees","Lives in a communal establishment","Aged 35 to 39 years","Female",9
"E06000004","Stockton-on-Tees","Lives in a communal establishment","Aged 40 to 44 years","Female",11
"E06000004","Stockton-on-Tees","Lives in a communal establishment","Aged 45 to 49 years","Female",16
"E06000004","Stockton-on-Tees","Lives in a communal establishment","Aged 50 to 54 years","Female",17
"E06000004","Stockton-on-Tees","Lives in a communal establishment","Aged 55 to 59 years","Female",18
"E06000004","Stockton-on-Tees","Lives in a communal establishment","Aged 60 to 64 years","Female",35
"E06000004","Stockton-on-Tees","Lives in a communal establishment","Aged 65 years","Female",16
"E06000004","Stockton-on-Tees","Lives in a communal establishment","Aged 66 to 69 years","Female",36
"E06000004","Stockton-on-Tees","Lives in a communal establishment","Aged 70 to 74 years","Female",53
"E06000004","Stockton-on-Tees","Lives in a communal establishment","Aged 75 to 79 years","Female",78
"E06000004","Stockton-on-Tees","Lives in a communal establishment","Aged 80 to 84 years","Female",148
"E06000004","Stockton-on-Tees","Lives in a communal establishment","Aged 85 years and over","Female",469
"E06000005","Darlington","Lives in a communal establishment","Total","Female",622
"E06000005","Darlington","Lives in a communal establishment","Aged 2 years and under","Female",0
"E06000005","Darlington","Lives in a communal establishment","Aged 3 to 4 years","Female",0
"E06000005","Darlington","Lives in a communal establishment","Aged 5 to 7 years","Female",0
"E06000005","Darlington","Lives in a communal establishment","Aged 8 to 9 years","Female",0
"E06000005","Darlington","Lives in a communal establishment","Aged 10 to 14 years","Female",5
"E06000005","Darlington","Lives in a communal establishment","Aged 15 years","Female",0
"E06000005","Darlington","Lives in a communal establishment","Aged 16 to 17 years","Female",4
"E06000005","Darlington","Lives in a communal establishment","Aged 18 to 19 years","Female",0
"E06000005","Darlington","Lives in a communal establishment","Aged 20 to 24 years","Female",10
"E06000005","Darlington","Lives in a communal establishment","Aged 25 to 29 years","Female",7
"E06000005","Darlington","Lives in a communal establishment","Aged 30 to 34 years","Female",15
"E06000005","Darlington","Lives in a communal establishment","Aged 35 to 39 years","Female",8
"E06000005","Darlington","Lives in a communal establishment","Aged 40 to 44 years","Female",1
"E06000005","Darlington","Lives in a communal establishment","Aged 45 to 49 years","Female",5
"E06000005","Darlington","Lives in a communal establishment","Aged 50 to 54 years","Female",8
"E06000005","Darlington","Lives in a communal establishment","Aged 55 to 59 years","Female",11
"E06000005","Darlington","Lives in a communal establishment","Aged 60 to 64 years","Female",14
"E06000005","Darlington","Lives in a communal establishment","Aged 65 years","Female",1
"E06000005","Darlington","Lives in a communal establishment","Aged 66 to 69 years","Female",19
"E06000005","Darlington","Lives in a communal establishment","Aged 70 to 74 years","Female",43
"E06000005","Darlington","Lives in a communal establishment","Aged 75 to 79 years","Female",48
"E06000005","Darlington","Lives in a communal establishment","Aged 80 to 84 years","Female",92
"E06000005","Darlington","Lives in a communal establishment","Aged 85 years and over","Female",331
"E06000047","County Durham","Lives in a communal establishment","Total","Female",6726
"E06000047","County Durham","Lives in a communal establishment","Aged 2 years and under","Female",0
"E06000047","County Durham","Lives in a communal establishment","Aged 3 to 4 years","Female",2
"E06000047","County Durham","Lives in a communal establishment","Aged 5 to 7 years","Female",1
"E06000047","County Durham","Lives in a communal establishment","Aged 8 to 9 years","Female",6
"E06000047","County Durham","Lives in a communal establishment","Aged 10 to 14 years","Female",23
"E06000047","County Durham","Lives in a communal establishment","Aged 15 years","Female",16
"E06000047","County Durham","Lives in a communal establishment","Aged 16 to 17 years","Female",25
"E06000047","County Durham","Lives in a communal establishment","Aged 18 to 19 years","Female",2328
"E06000047","County Durham","Lives in a communal establishment","Aged 20 to 24 years","Female",1310
"E06000047","County Durham","Lives in a communal establishment","Aged 25 to 29 years","Female",183
"E06000047","County Durham","Lives in a communal establishment","Aged 30 to 34 years","Female",108
"E06000047","County Durham","Lives in a communal establishment","Aged 35 to 39 years","Female",84
"E06000047","County Durham","Lives in a communal establishment","Aged 40 to 44 years","Female",70
"E06000047","County Durham","Lives in a communal establishment","Aged 45 to 49 years","Female",52
"E06000047","County Durham","Lives in a communal establishment","Aged 50 to 54 years","Female",50
"E06000047","County Durham","Lives in a communal establishment","Aged 55 to 59 years","Female",63
"E06000047","County Durham","Lives in a communal establishment","Aged 60 to 64 years","Female",104
"E06000047","County Durham","Lives in a communal establishment","Aged 65 years","Female",17
"E06000047","County Durham","Lives in a communal establishment","Aged 66 to 69 years","Female",78
"E06000047","County Durham","Lives in a communal establishment","Aged 70 to 74 years","Female",164
"E06000047","County Durham","Lives in a communal establishment","Aged 75 to 79 years","Female",284
"E06000047","County Durham","Lives in a communal establishment","Aged 80 to 84 years","Female",434
"E06000047","County Durham","Lives in a communal establishment","Aged 85 years and over","Female",1324
"E06000057","Northumberland","Lives in a communal establishment","Total","Female",1784
"E06000057","Northumberland","Lives in a communal establishment","Aged 2 years and under","Female",0
"E06000057","Northumberland","Lives in a communal establishment","Aged 3 to 4 years","Female",0
"E06000057","Northumberland","Lives in a communal establishment","Aged 5 to 7 years","Female",3
"E06000057","Northumberland","Lives in a communal establishment","Aged 8 to 9 years","Female",2
"E06000057","Northumberland","Lives in a communal establishment","Aged 10 to 14 years","Female",22
"E06000057","Northumberland","Lives in a communal establishment","Aged 15 years","Female",9
"E06000057","Northumberland","Lives in a communal establishment","Aged 16 to 17 years","Female",13
"E06000057","Northumberland","Lives in a communal establishment","Aged 18 to 19 years","Female",12
"E06000057","Northumberland","Lives in a communal establishment","Aged 20 to 24 years","Female",27
"E06000057","Northumberland","Lives in a communal establishment","Aged 25 to 29 years","Female",17
"E06000057","Northumberland","Lives in a communal establishment","Aged 30 to 34 years","Female",9
"E06000057","Northumberland","Lives in a communal establishment","Aged 35 to 39 years","Female",20
"E06000057","Northumberland","Lives in a communal establishment","Aged 40 to 44 years","Female",19
"E06000057","Northumberland","Lives in a communal establishment","Aged 45 to 49 years","Female",19
"E06000057","Northumberland","Lives in a communal establishment","Aged 50 to 54 years","Female",41
"E06000057","Northumberland","Lives in a communal establishment","Aged 55 to 59 years","Female",33
"E06000057","Northumberland","Lives in a communal establishment","Aged 60 to 64 years","Female",40
"E06000057","Northumberland","Lives in a communal establishment","Aged 65 years","Female",12
"E06000057","Northumberland","Lives in a communal establishment","Aged 66 to 69 years","Female",41
"E06000057","Northumberland","Lives in a communal establishment","Aged 70 to 74 years","Female",112
"E06000057","Northumberland","Lives in a communal establishment","Aged 75 to 79 years","Female",159
"E06000057","Northumberland","Lives in a communal establishment","Aged 80 to 84 years","Female",261
"E06000057","Northumberland","Lives in a communal establishment","Aged 85 years and over","Female",913
"E08000021","Newcastle upon Tyne","Lives in a communal establishment","Total","Female",9311
"E08000021","Newcastle upon Tyne","Lives in a communal establishment","Aged 2 years and under","Female",6
"E08000021","Newcastle upon Tyne","Lives in a communal establishment","Aged 3 to 4 years","Female",3
"E08000021","Newcastle upon Tyne","Lives in a communal establishment","Aged 5 to 7 years","Female",3
"E08000021","Newcastle upon Tyne","Lives in a communal establishment","Aged 8 to 9 years","Female",3
"E08000021","Newcastle upon Tyne","Lives in a communal establishment","Aged 10 to 14 years","Female",6
"E08000021","Newcastle upon Tyne","Lives in a communal establishment","Aged 15 years","Female",11
"E08000021","Newcastle upon Tyne","Lives in a communal establishment","Aged 16 to 17 years","Female",19
"E08000021","Newcastle upon Tyne","Lives in a communal establishment","Aged 18 to 19 years","Female",4371
"E08000021","Newcastle upon Tyne","Lives in a communal establishment","Aged 20 to 24 years","Female",2973
"E08000021","Newcastle upon Tyne","Lives in a communal establishment","Aged 25 to 29 years","Female",435
"E08000021","Newcastle upon Tyne","Lives in a communal establishment","Aged 30 to 34 years","Female",117
"E08000021","Newcastle upon Tyne","Lives in a communal establishment","Aged 35 to 39 years","Female",35
"E08000021","Newcastle upon Tyne","Lives in a communal establishment","Aged 40 to 44 years","Female",32
"E08000021","Newcastle upon Tyne","Lives in a communal establishment","Aged 45 to 49 years","Female",25
"E08000021","Newcastle upon Tyne","Lives in a communal establishment","Aged 50 to 54 years","Female",18
"E08000021","Newcastle upon Tyne","Lives in a communal establishment","Aged 55 to 59 years","Female",28
"E08000021","Newcastle upon Tyne","Lives in a communal establishment","Aged 60 to 64 years","Female",46
"E08000021","Newcastle upon Tyne","Lives in a communal establishment","Aged 65 years","Female",10
"E08000021","Newcastle upon Tyne","Lives in a communal establishment","Aged 66 to 69 years","Female",42
"E08000021","Newcastle upon Tyne","Lives in a communal establishment","Aged 70 to 74 years","Female",76
"E08000021","Newcastle upon Tyne","Lives in a communal establishment","Aged 75 to 79 years","Female",122
"E08000021","Newcastle upon Tyne","Lives in a communal establishment","Aged 80 to 84 years","Female",203
"E08000021","Newcastle upon Tyne","Lives in a communal establishment","Aged 85 years and over","Female",727
"E08000022","North Tyneside","Lives in a communal establishment","Total","Female",818
"E08000022","North Tyneside","Lives in a communal establishment","Aged 2 years and under","Female",1
"E08000022","North Tyneside","Lives in a communal establishment","Aged 3 to 4 years","Female",0
"E08000022","North Tyneside","Lives in a communal establishment","Aged 5 to 7 years","Female",0
"E08000022","North Tyneside","Lives in a communal establishment","Aged 8 to 9 years","Female",0
"E08000022","North Tyneside","Lives in a communal establishment","Aged 10 to 14 years","Female",0
"E08000022","North Tyneside","Lives in a communal establishment","Aged 15 years","Female",0
"E08000022","North Tyneside","Lives in a communal establishment","Aged 16 to 17 years","Female",7
"E08000022","North Tyneside","Lives in a communal establishment","Aged 18 to 19 years","Female",3
"E08000022","North Tyneside","Lives in a communal establishment","Aged 20 to 24 years","Female",5
"E08000022","North Tyneside","Lives in a communal establishment","Aged 25 to 29 years","Female",0
"E08000022","North Tyneside","Lives in a communal establishment","Aged 30 to 34 years","Female",0
"E08000022","North Tyneside","Lives in a communal establishment","Aged 35 to 39 years","Female",9
"E08000022","North Tyneside","Lives in a communal establishment","Aged 40 to 44 years","Female",7
"E08000022","North Tyneside","Lives in a communal establishment","Aged 45 to 49 years","Female",7
"E08000022","North Tyneside","Lives in a communal establishment","Aged 50 to 54 years","Female",8
"E08000022","North Tyneside","Lives in a communal establishment","Aged 55 to 59 years","Female",19
"E08000022","North Tyneside","Lives in a communal establishment","Aged 60 to 64 years","Female",21
"E08000022","North Tyneside","Lives in a communal establishment","Aged 65 years","Female",5
"E08000022","North Tyneside","Lives in a communal establishment","Aged 66 to 69 years","Female",21
"E08000022","North Tyneside","Lives in a communal establishment","Aged 70 to 74 years","Female",58
"E08000022","North Tyneside","Lives in a communal establishment","Aged 75 to 79 years","Female",88
"E08000022","North Tyneside","Lives in a communal establishment","Aged 80 to 84 years","Female",131
"E08000022","North Tyneside","Lives in a communal establishment","Aged 85 years and over","Female",428
"E08000023","South Tyneside","Lives in a communal establishment","Total","Female",657
"E08000023","South Tyneside","Lives in a communal establishment","Aged 2 years and under","Female",0
"E08000023","South Tyneside","Lives in a communal establishment","Aged 3 to 4 years","Female",0
"E08000023","South Tyneside","Lives in a communal establishment","Aged 5 to 7 years","Female",0
"E08000023","South Tyneside","Lives in a communal establishment","Aged 8 to 9 years","Female",0
"E08000023","South Tyneside","Lives in a communal establishment","Aged 10 to 14 years","Female",0
"E08000023","South Tyneside","Lives in a communal establishment","Aged 15 years","Female",0
"E08000023","South Tyneside","Lives in a communal establishment","Aged 16 to 17 years","Female",4
"E08000023","South Tyneside","Lives in a communal establishment","Aged 18 to 19 years","Female",11
"E08000023","South Tyneside","Lives in a communal establishment","Aged 20 to 24 years","Female",14
"E08000023","South Tyneside","Lives in a communal establishment","Aged 25 to 29 years","Female",4
"E08000023","South Tyneside","Lives in a communal establishment","Aged 30 to 34 years","Female",5
"E08000023","South Tyneside","Lives in a communal establishment","Aged 35 to 39 years","Female",11
"E08000023","South Tyneside","Lives in a communal establishment","Aged 40 to 44 years","Female",1
"E08000023","South Tyneside","Lives in a communal establishment","Aged 45 to 49 years","Female",5
"E08000023","South Tyneside","Lives in a communal establishment","Aged 50 to 54 years","Female",23
"E08000023","South Tyneside","Lives in a communal establishment","Aged 55 to 59 years","Female",13
"E08000023","South Tyneside","Lives in a communal establishment","Aged 60 to 64 years","Female",20
"E08000023","South Tyneside","Lives in a communal establishment","Aged 65 years","Female",5
"E08000023","South Tyneside","Lives in a communal establishment","Aged 66 to 69 years","Female",30
"E08000023","South Tyneside","Lives in a communal establishment","Aged 70 to 74 years","Female",40
"E08000023","South Tyneside","Lives in a communal establishment","Aged 75 to 79 years","Female",58
"E08000023","South Tyneside","Lives in a communal establishment","Aged 80 to 84 years","Female",92
"E08000023","South Tyneside","Lives in a communal establishment","Aged 85 years and over","Female",321
"E08000024","Sunderland","Lives in a communal establishment","Total","Female",2234
"E08000024","Sunderland","Lives in a communal establishment","Aged 2 years and under","Female",0
"E08000024","Sunderland","Lives in a communal establishment","Aged 3 to 4 years","Female",2
"E08000024","Sunderland","Lives in a communal establishment","Aged 5 to 7 years","Female",0
"E08000024","Sunderland","Lives in a communal establishment","Aged 8 to 9 years","Female",0
"E08000024","Sunderland","Lives in a communal establishment","Aged 10 to 14 years","Female",0
"E08000024","Sunderland","Lives in a communal establishment","Aged 15 years","Female",8
"E08000024","Sunderland","Lives in a communal establishment","Aged 16 to 17 years","Female",18
"E08000024","Sunderland","Lives in a communal establishment","Aged 18 to 19 years","Female",275
"E08000024","Sunderland","Lives in a communal establishment","Aged 20 to 24 years","Female",443
"E08000024","Sunderland","Lives in a communal establishment","Aged 25 to 29 years","Female",105
"E08000024","Sunderland","Lives in a communal establishment","Aged 30 to 34 years","Female",50
"E08000024","Sunderland","Lives in a communal establishment","Aged 35 to 39 years","Female",55
"E08000024","Sunderland","Lives in a communal establishment","Aged 40 to 44 years","Female",35
"E08000024","Sunderland","Lives in a communal establishment","Aged 45 to 49 years","Female",22
"E08000024","Sunderland","Lives in a communal establishment","Aged 50 to 54 years","Female",24
"E08000024","Sunderland","Lives in a communal establishment","Aged 55 to 59 years","Female",27
"E08000024","Sunderland","Lives in a communal establishment","Aged 60 to 64 years","Female",30
"E08000024","Sunderland","Lives in a communal establishment","Aged 65 years","Female",6
"E08000024","Sunderland","Lives in a communal establishment","Aged 66 to 69 years","Female",43
"E08000024","Sunderland","Lives in a communal establishment","Aged 70 to 74 years","Female",67
"E08000024","Sunderland","Lives in a communal establishment","Aged 75 to 79 years","Female",132
"E08000024","Sunderland","Lives in a communal establishment","Aged 80 to 84 years","Female",237
"E08000024","Sunderland","Lives in a communal establishment","Aged 85 years and over","Female",655
"E08000037","Gateshead","Lives in a communal establishment","Total","Female",1488
"E08000037","Gateshead","Lives in a communal establishment","Aged 2 years and under","Female",4
"E08000037","Gateshead","Lives in a communal establishment","Aged 3 to 4 years","Female",0
"E08000037","Gateshead","Lives in a communal establishment","Aged 5 to 7 years","Female",0
"E08000037","Gateshead","Lives in a communal establishment","Aged 8 to 9 years","Female",0
"E08000037","Gateshead","Lives in a communal establishment","Aged 10 to 14 years","Female",2
"E08000037","Gateshead","Lives in a communal establishment","Aged 15 years","Female",1
"E08000037","Gateshead","Lives in a communal establishment","Aged 16 to 17 years","Female",98
"E08000037","Gateshead","Lives in a communal establishment","Aged 18 to 19 years","Female",256
"E08000037","Gateshead","Lives in a communal establishment","Aged 20 to 24 years","Female",120
"E08000037","Gateshead","Lives in a communal establishment","Aged 25 to 29 years","Female",11
"E08000037","Gateshead","Lives in a communal establishment","Aged 30 to 34 years","Female",7
"E08000037","Gateshead","Lives in a communal establishment","Aged 35 to 39 years","Female",10
"E08000037","Gateshead","Lives in a communal establishment","Aged 40 to 44 years","Female",4
"E08000037","Gateshead","Lives in a communal establishment","Aged 45 to 49 years","Female",18
"E08000037","Gateshead","Lives in a communal establishment","Aged 50 to 54 years","Female",24
"E08000037","Gateshead","Lives in a communal establishment","Aged 55 to 59 years","Female",25
"E08000037","Gateshead","Lives in a communal establishment","Aged 60 to 64 years","Female",34
"E08000037","Gateshead","Lives in a communal establishment","Aged 65 years","Female",6
"E08000037","Gateshead","Lives in a communal establishment","Aged 66 to 69 years","Female",30
"E08000037","Gateshead","Lives in a communal establishment","Aged 70 to 74 years","Female",62
"E08000037","Gateshead","Lives in a communal establishment","Aged 75 to 79 years","Female",97
"E08000037","Gateshead","Lives in a communal establishment","Aged 80 to 84 years","Female",154
"E08000037","Gateshead","Lives in a communal establishment","Aged 85 years and over","Female",525
"E06000006","Halton","Lives in a communal establishment","Total","Female",475
"E06000006","Halton","Lives in a communal establishment","Aged 2 years and under","Female",0
"E06000006","Halton","Lives in a communal establishment","Aged 3 to 4 years","Female",0
"E06000006","Halton","Lives in a communal establishment","Aged 5 to 7 years","Female",0
"E06000006","Halton","Lives in a communal establishment","Aged 8 to 9 years","Female",0
"E06000006","Halton","Lives in a communal establishment","Aged 10 to 14 years","Female",3
"E06000006","Halton","Lives in a communal establishment","Aged 15 years","Female",0
"E06000006","Halton","Lives in a communal establishment","Aged 16 to 17 years","Female",0
"E06000006","Halton","Lives in a communal establishment","Aged 18 to 19 years","Female",5
"E06000006","Halton","Lives in a communal establishment","Aged 20 to 24 years","Female",14
"E06000006","Halton","Lives in a communal establishment","Aged 25 to 29 years","Female",9
"E06000006","Halton","Lives in a communal establishment","Aged 30 to 34 years","Female",4
"E06000006","Halton","Lives in a communal establishment","Aged 35 to 39 years","Female",8
"E06000006","Halton","Lives in a communal establishment","Aged 40 to 44 years","Female",8
"E06000006","Halton","Lives in a communal establishment","Aged 45 to 49 years","Female",7
"E06000006","Halton","Lives in a communal establishment","Aged 50 to 54 years","Female",8
"E06000006","Halton","Lives in a communal establishment","Aged 55 to 59 years","Female",10
"E06000006","Halton","Lives in a communal establishment","Aged 60 to 64 years","Female",20
"E06000006","Halton","Lives in a communal establishment","Aged 65 years","Female",3
"E06000006","Halton","Lives in a communal establishment","Aged 66 to 69 years","Female",15
"E06000006","Halton","Lives in a communal establishment","Aged 70 to 74 years","Female",34
"E06000006","Halton","Lives in a communal establishment","Aged 75 to 79 years","Female",38
"E06000006","Halton","Lives in a communal establishment","Aged 80 to 84 years","Female",85
"E06000006","Halton","Lives in a communal establishment","Aged 85 years and over","Female",204
"E06000007","Warrington","Lives in a communal establishment","Total","Female",1168
"E06000007","Warrington","Lives in a communal establishment","Aged 2 years and under","Female",0
"E06000007","Warrington","Lives in a communal establishment","Aged 3 to 4 years","Female",0
"E06000007","Warrington","Lives in a communal establishment","Aged 5 to 7 years","Female",0
"E06000007","Warrington","Lives in a communal establishment","Aged 8 to 9 years","Female",0
"E06000007","Warrington","Lives in a communal establishment","Aged 10 to 14 years","Female",3
"E06000007","Warrington","Lives in a communal establishment","Aged 15 years","Female",0
"E06000007","Warrington","Lives in a communal establishment","Aged 16 to 17 years","Female",0
"E06000007","Warrington","Lives in a communal establishment","Aged 18 to 19 years","Female",16
"E06000007","Warrington","Lives in a communal establishment","Aged 20 to 24 years","Female",90
"E06000007","Warrington","Lives in a communal establishment","Aged 25 to 29 years","Female",24
"E06000007","Warrington","Lives in a communal establishment","Aged 30 to 34 years","Female",12
"E06000007","Warrington","Lives in a communal establishment","Aged 35 to 39 years","Female",12
"E06000007","Warrington","Lives in a communal establishment","Aged 40 to 44 years","Female",11
"E06000007","Warrington","Lives in a communal establishment","Aged 45 to 49 years","Female",4
"E06000007","Warrington","Lives in a communal establishment","Aged 50 to 54 years","Female",15
"E06000007","Warrington","Lives in a communal establishment","Aged 55 to 59 years","Female",22
"E06000007","Warrington","Lives in a communal establishment","Aged 60 to 64 years","Female",14
"E06000007","Warrington","Lives in a communal establishment","Aged 65 years","Female",9
"E06000007","Warrington","Lives in a communal establishment","Aged 66 to 69 years","Female",29
"E06000007","Warrington","Lives in a communal establishment","Aged 70 to 74 years","Female",57
"E06000007","Warrington","Lives in a communal establishment","Aged 75 to 79 years","Female",116
"E06000007","Warrington","Lives in a communal establishment","Aged 80 to 84 years","Female",209
"E06000007","Warrington","Lives in a communal establishment","Aged 85 years and over","Female",525
"E06000008","Blackburn with Darwen","Lives in a communal establishment","Total","Female",621
"E06000008","Blackburn with Darwen","Lives in a communal establishment","Aged 2 years and under","Female",6
"E06000008","Blackburn with Darwen","Lives in a communal establishment","Aged 3 to 4 years","Female",3
"E06000008","Blackburn with Darwen","Lives in a communal establishment","Aged 5 to 7 years","Female",0
"E06000008","Blackburn with Darwen","Lives in a communal establishment","Aged 8 to 9 years","Female",2
"E06000008","Blackburn with Darwen","Lives in a communal establishment","Aged 10 to 14 years","Female",0
"E06000008","Blackburn with Darwen","Lives in a communal establishment","Aged 15 years","Female",0
"E06000008","Blackburn with Darwen","Lives in a communal establishment","Aged 16 to 17 years","Female",11
"E06000008","Blackburn with Darwen","Lives in a communal establishment","Aged 18 to 19 years","Female",16
"E06000008","Blackburn with Darwen","Lives in a communal establishment","Aged 20 to 24 years","Female",20
"E06000008","Blackburn with Darwen","Lives in a communal establishment","Aged 25 to 29 years","Female",15
"E06000008","Blackburn with Darwen","Lives in a communal establishment","Aged 30 to 34 years","Female",7
"E06000008","Blackburn with Darwen","Lives in a communal establishment","Aged 35 to 39 years","Female",3
"E06000008","Blackburn with Darwen","Lives in a communal establishment","Aged 40 to 44 years","Female",9
"E06000008","Blackburn with Darwen","Lives in a communal establishment","Aged 45 to 49 years","Female",3
"E06000008","Blackburn with Darwen","Lives in a communal establishment","Aged 50 to 54 years","Female",17
"E06000008","Blackburn with Darwen","Lives in a communal establishment","Aged 55 to 59 years","Female",10
"E06000008","Blackburn with Darwen","Lives in a communal establishment","Aged 60 to 64 years","Female",19
"E06000008","Blackburn with Darwen","Lives in a communal establishment","Aged 65 years","Female",2
"E06000008","Blackburn with Darwen","Lives in a communal establishment","Aged 66 to 69 years","Female",10
"E06000008","Blackburn with Darwen","Lives in a communal establishment","Aged 70 to 74 years","Female",37
"E06000008","Blackburn with Darwen","Lives in a communal establishment","Aged 75 to 79 years","Female",64
"E06000008","Blackburn with Darwen","Lives in a communal establishment","Aged 80 to 84 years","Female",97
"E06000008","Blackburn with Darwen","Lives in a communal establishment","Aged 85 years and over","Female",270
"E06000009","Blackpool","Lives in a communal establishment","Total","Female",1559
"E06000009","Blackpool","Lives in a communal establishment","Aged 2 years and under","Female",8
"E06000009","Blackpool","Lives in a communal establishment","Aged 3 to 4 years","Female",2
"E06000009","Blackpool","Lives in a communal establishment","Aged 5 to 7 years","Female",1
"E06000009","Blackpool","Lives in a communal establishment","Aged 8 to 9 years","Female",4
"E06000009","Blackpool","Lives in a communal establishment","Aged 10 to 14 years","Female",28
"E06000009","Blackpool","Lives in a communal establishment","Aged 15 years","Female",9
"E06000009","Blackpool","Lives in a communal establishment","Aged 16 to 17 years","Female",17
"E06000009","Blackpool","Lives in a communal establishment","Aged 18 to 19 years","Female",19
"E06000009","Blackpool","Lives in a communal establishment","Aged 20 to 24 years","Female",43
"E06000009","Blackpool","Lives in a communal establishment","Aged 25 to 29 years","Female",46
"E06000009","Blackpool","Lives in a communal establishment","Aged 30 to 34 years","Female",38
"E06000009","Blackpool","Lives in a communal establishment","Aged 35 to 39 years","Female",13
"E06000009","Blackpool","Lives in a communal establishment","Aged 40 to 44 years","Female",45
"E06000009","Blackpool","Lives in a communal establishment","Aged 45 to 49 years","Female",58
"E06000009","Blackpool","Lives in a communal establishment","Aged 50 to 54 years","Female",118
"E06000009","Blackpool","Lives in a communal establishment","Aged 55 to 59 years","Female",119
"E06000009","Blackpool","Lives in a communal establishment","Aged 60 to 64 years","Female",101
"E06000009","Blackpool","Lives in a communal establishment","Aged 65 years","Female",19
"E06000009","Blackpool","Lives in a communal establishment","Aged 66 to 69 years","Female",52
"E06000009","Blackpool","Lives in a communal establishment","Aged 70 to 74 years","Female",79
"E06000009","Blackpool","Lives in a communal establishment","Aged 75 to 79 years","Female",132
"E06000009","Blackpool","Lives in a communal establishment","Aged 80 to 84 years","Female",155
"E06000009","Blackpool","Lives in a communal establishment","Aged 85 years and over","Female",453
"E06000049","Cheshire East","Lives in a communal establishment","Total","Female",3017
"E06000049","Cheshire East","Lives in a communal establishment","Aged 2 years and under","Female",0
"E06000049","Cheshire East","Lives in a communal establishment","Aged 3 to 4 years","Female",0
"E06000049","Cheshire East","Lives in a communal establishment","Aged 5 to 7 years","Female",3
"E06000049","Cheshire East","Lives in a communal establishment","Aged 8 to 9 years","Female",3
"E06000049","Cheshire East","Lives in a communal establishment","Aged 10 to 14 years","Female",2
"E06000049","Cheshire East","Lives in a communal establishment","Aged 15 years","Female",5
"E06000049","Cheshire East","Lives in a communal establishment","Aged 16 to 17 years","Female",86
"E06000049","Cheshire East","Lives in a communal establishment","Aged 18 to 19 years","Female",154
"E06000049","Cheshire East","Lives in a communal establishment","Aged 20 to 24 years","Female",237
"E06000049","Cheshire East","Lives in a communal establishment","Aged 25 to 29 years","Female",165
"E06000049","Cheshire East","Lives in a communal establishment","Aged 30 to 34 years","Female",108
"E06000049","Cheshire East","Lives in a communal establishment","Aged 35 to 39 years","Female",94
"E06000049","Cheshire East","Lives in a communal establishment","Aged 40 to 44 years","Female",58
"E06000049","Cheshire East","Lives in a communal establishment","Aged 45 to 49 years","Female",36
"E06000049","Cheshire East","Lives in a communal establishment","Aged 50 to 54 years","Female",48
"E06000049","Cheshire East","Lives in a communal establishment","Aged 55 to 59 years","Female",37
"E06000049","Cheshire East","Lives in a communal establishment","Aged 60 to 64 years","Female",43
"E06000049","Cheshire East","Lives in a communal establishment","Aged 65 years","Female",8
"E06000049","Cheshire East","Lives in a communal establishment","Aged 66 to 69 years","Female",42
"E06000049","Cheshire East","Lives in a communal establishment","Aged 70 to 74 years","Female",101
"E06000049","Cheshire East","Lives in a communal establishment","Aged 75 to 79 years","Female",209
"E06000049","Cheshire East","Lives in a communal establishment","Aged 80 to 84 years","Female",337
"E06000049","Cheshire East","Lives in a communal establishment","Aged 85 years and over","Female",1241
"E06000050","Cheshire West and Chester","Lives in a communal establishment","Total","Female",2949
"E06000050","Cheshire West and Chester","Lives in a communal establishment","Aged 2 years and under","Female",0
"E06000050","Cheshire West and Chester","Lives in a communal establishment","Aged 3 to 4 years","Female",0
"E06000050","Cheshire West and Chester","Lives in a communal establishment","Aged 5 to 7 years","Female",3
"E06000050","Cheshire West and Chester","Lives in a communal establishment","Aged 8 to 9 years","Female",6
"E06000050","Cheshire West and Chester","Lives in a communal establishment","Aged 10 to 14 years","Female",25
"E06000050","Cheshire West and Chester","Lives in a communal establishment","Aged 15 years","Female",7
"E06000050","Cheshire West and Chester","Lives in a communal establishment","Aged 16 to 17 years","Female",35
"E06000050","Cheshire West and Chester","Lives in a communal establishment","Aged 18 to 19 years","Female",595
"E06000050","Cheshire West and Chester","Lives in a communal establishment","Aged 20 to 24 years","Female",576
"E06000050","Cheshire West and Chester","Lives in a communal establishment","Aged 25 to 29 years","Female",112
"E06000050","Cheshire West and Chester","Lives in a communal establishment","Aged 30 to 34 years","Female",39
"E06000050","Cheshire West and Chester","Lives in a communal establishment","Aged 35 to 39 years","Female",25
"E06000050","Cheshire West and Chester","Lives in a communal establishment","Aged 40 to 44 years","Female",14
"E06000050","Cheshire West and Chester","Lives in a communal establishment","Aged 45 to 49 years","Female",17
"E06000050","Cheshire West and Chester","Lives in a communal establishment","Aged 50 to 54 years","Female",21
"E06000050","Cheshire West and Chester","Lives in a communal establishment","Aged 55 to 59 years","Female",24
"E06000050","Cheshire West and Chester","Lives in a communal establishment","Aged 60 to 64 years","Female",43
"E06000050","Cheshire West and Chester","Lives in a communal establishment","Aged 65 years","Female",14
"E06000050","Cheshire West and Chester","Lives in a communal establishment","Aged 66 to 69 years","Female",29
"E06000050","Cheshire West and Chester","Lives in a communal establishment","Aged 70 to 74 years","Female",82
"E06000050","Cheshire West and Chester","Lives in a communal establishment","Aged 75 to 79 years","Female",132
"E06000050","Cheshire West and Chester","Lives in a communal establishment","Aged 80 to 84 years","Female",234
"E06000050","Cheshire West and Chester","Lives in a communal establishment","Aged 85 years and over","Female",916
"E06000063","Cumberland","Lives in a communal establishment","Total","Female",1565
"E06000063","Cumberland","Lives in a communal establishment","Aged 2 years and under","Female",0
"E06000063","Cumberland","Lives in a communal establishment","Aged 3 to 4 years","Female",0
"E06000063","Cumberland","Lives in a communal establishment","Aged 5 to 7 years","Female",1
"E06000063","Cumberland","Lives in a communal establishment","Aged 8 to 9 years","Female",1
"E06000063","Cumberland","Lives in a communal establishment","Aged 10 to 14 years","Female",20
"E06000063","Cumberland","Lives in a communal establishment","Aged 15 years","Female",6
"E06000063","Cumberland","Lives in a communal establishment","Aged 16 to 17 years","Female",16
"E06000063","Cumberland","Lives in a communal establishment","Aged 18 to 19 years","Female",137
"E06000063","Cumberland","Lives in a communal establishment","Aged 20 to 24 years","Female",108
"E06000063","Cumberland","Lives in a communal establishment","Aged 25 to 29 years","Female",27
"E06000063","Cumberland","Lives in a communal establishment","Aged 30 to 34 years","Female",18
"E06000063","Cumberland","Lives in a communal establishment","Aged 35 to 39 years","Female",10
"E06000063","Cumberland","Lives in a communal establishment","Aged 40 to 44 years","Female",20
"E06000063","Cumberland","Lives in a communal establishment","Aged 45 to 49 years","Female",12
"E06000063","Cumberland","Lives in a communal establishment","Aged 50 to 54 years","Female",34
"E06000063","Cumberland","Lives in a communal establishment","Aged 55 to 59 years","Female",42
"E06000063","Cumberland","Lives in a communal establishment","Aged 60 to 64 years","Female",49
"E06000063","Cumberland","Lives in a communal establishment","Aged 65 years","Female",7
"E06000063","Cumberland","Lives in a communal establishment","Aged 66 to 69 years","Female",37
"E06000063","Cumberland","Lives in a communal establishment","Aged 70 to 74 years","Female",70
"E06000063","Cumberland","Lives in a communal establishment","Aged 75 to 79 years","Female",102
"E06000063","Cumberland","Lives in a communal establishment","Aged 80 to 84 years","Female",175
"E06000063","Cumberland","Lives in a communal establishment","Aged 85 years and over","Female",673
"E06000064","Westmorland and Furness","Lives in a communal establishment","Total","Female",1818
"E06000064","Westmorland and Furness","Lives in a communal establishment","Aged 2 years and under","Female",1
"E06000064","Westmorland and Furness","Lives in a communal establishment","Aged 3 to 4 years","Female",0
"E06000064","Westmorland and Furness","Lives in a communal establishment","Aged 5 to 7 years","Female",5
"E06000064","Westmorland and Furness","Lives in a communal establishment","Aged 8 to 9 years","Female",10
"E06000064","Westmorland and Furness","Lives in a communal establishment","Aged 10 to 14 years","Female",119
"E06000064","Westmorland and Furness","Lives in a communal establishment","Aged 15 years","Female",53
"E06000064","Westmorland and Furness","Lives in a communal establishment","Aged 16 to 17 years","Female",109
"E06000064","Westmorland and Furness","Lives in a communal establishment","Aged 18 to 19 years","Female",56
"E06000064","Westmorland and Furness","Lives in a communal establishment","Aged 20 to 24 years","Female",93
"E06000064","Westmorland and Furness","Lives in a communal establishment","Aged 25 to 29 years","Female",64
"E06000064","Westmorland and Furness","Lives in a communal establishment","Aged 30 to 34 years","Female",39
"E06000064","Westmorland and Furness","Lives in a communal establishment","Aged 35 to 39 years","Female",38
"E06000064","Westmorland and Furness","Lives in a communal establishment","Aged 40 to 44 years","Female",23
"E06000064","Westmorland and Furness","Lives in a communal establishment","Aged 45 to 49 years","Female",35
"E06000064","Westmorland and Furness","Lives in a communal establishment","Aged 50 to 54 years","Female",59
"E06000064","Westmorland and Furness","Lives in a communal establishment","Aged 55 to 59 years","Female",82
"E06000064","Westmorland and Furness","Lives in a communal establishment","Aged 60 to 64 years","Female",72
"E06000064","Westmorland and Furness","Lives in a communal establishment","Aged 65 years","Female",14
"E06000064","Westmorland and Furness","Lives in a communal establishment","Aged 66 to 69 years","Female",32
"E06000064","Westmorland and Furness","Lives in a communal establishment","Aged 70 to 74 years","Female",59
"E06000064","Westmorland and Furness","Lives in a communal establishment","Aged 75 to 79 years","Female",91
"E06000064","Westmorland and Furness","Lives in a communal establishment","Aged 80 to 84 years","Female",169
"E06000064","Westmorland and Furness","Lives in a communal establishment","Aged 85 years and over","Female",595
"E07000117","Burnley","Lives in a communal establishment","Total","Female",583
"E07000117","Burnley","Lives in a communal establishment","Aged 2 years and under","Female",0
"E07000117","Burnley","Lives in a communal establishment","Aged 3 to 4 years","Female",0
"E07000117","Burnley","Lives in a communal establishment","Aged 5 to 7 years","Female",0
"E07000117","Burnley","Lives in a communal establishment","Aged 8 to 9 years","Female",0
"E07000117","Burnley","Lives in a communal establishment","Aged 10 to 14 years","Female",4
"E07000117","Burnley","Lives in a communal establishment","Aged 15 years","Female",1
"E07000117","Burnley","Lives in a communal establishment","Aged 16 to 17 years","Female",7
"E07000117","Burnley","Lives in a communal establishment","Aged 18 to 19 years","Female",25
"E07000117","Burnley","Lives in a communal establishment","Aged 20 to 24 years","Female",6
"E07000117","Burnley","Lives in a communal establishment","Aged 25 to 29 years","Female",3
"E07000117","Burnley","Lives in a communal establishment","Aged 30 to 34 years","Female",2
"E07000117","Burnley","Lives in a communal establishment","Aged 35 to 39 years","Female",3
"E07000117","Burnley","Lives in a communal establishment","Aged 40 to 44 years","Female",5
"E07000117","Burnley","Lives in a communal establishment","Aged 45 to 49 years","Female",4
"E07000117","Burnley","Lives in a communal establishment","Aged 50 to 54 years","Female",9
"E07000117","Burnley","Lives in a communal establishment","Aged 55 to 59 years","Female",19
"E07000117","Burnley","Lives in a communal establishment","Aged 60 to 64 years","Female",18
"E07000117","Burnley","Lives in a communal establishment","Aged 65 years","Female",6
"E07000117","Burnley","Lives in a communal establishment","Aged 66 to 69 years","Female",20
"E07000117","Burnley","Lives in a communal establishment","Aged 70 to 74 years","Female",42
"E07000117","Burnley","Lives in a communal establishment","Aged 75 to 79 years","Female",73
"E07000117","Burnley","Lives in a communal establishment","Aged 80 to 84 years","Female",90
"E07000117","Burnley","Lives in a communal establishment","Aged 85 years and over","Female",246
"E07000118","Chorley","Lives in a communal establishment","Total","Female",592
"E07000118","Chorley","Lives in a communal establishment","Aged 2 years and under","Female",1
"E07000118","Chorley","Lives in a communal establishment","Aged 3 to 4 years","Female",0
"E07000118","Chorley","Lives in a communal establishment","Aged 5 to 7 years","Female",0
"E07000118","Chorley","Lives in a communal establishment","Aged 8 to 9 years","Female",0
"E07000118","Chorley","Lives in a communal establishment","Aged 10 to 14 years","Female",0
"E07000118","Chorley","Lives in a communal establishment","Aged 15 years","Female",0
"E07000118","Chorley","Lives in a communal establishment","Aged 16 to 17 years","Female",2
"E07000118","Chorley","Lives in a communal establishment","Aged 18 to 19 years","Female",2
"E07000118","Chorley","Lives in a communal establishment","Aged 20 to 24 years","Female",5
"E07000118","Chorley","Lives in a communal establishment","Aged 25 to 29 years","Female",4
"E07000118","Chorley","Lives in a communal establishment","Aged 30 to 34 years","Female",13
"E07000118","Chorley","Lives in a communal establishment","Aged 35 to 39 years","Female",6
"E07000118","Chorley","Lives in a communal establishment","Aged 40 to 44 years","Female",9
"E07000118","Chorley","Lives in a communal establishment","Aged 45 to 49 years","Female",8
"E07000118","Chorley","Lives in a communal establishment","Aged 50 to 54 years","Female",4
"E07000118","Chorley","Lives in a communal establishment","Aged 55 to 59 years","Female",10
"E07000118","Chorley","Lives in a communal establishment","Aged 60 to 64 years","Female",15
"E07000118","Chorley","Lives in a communal establishment","Aged 65 years","Female",6
"E07000118","Chorley","Lives in a communal establishment","Aged 66 to 69 years","Female",15
"E07000118","Chorley","Lives in a communal establishment","Aged 70 to 74 years","Female",33
"E07000118","Chorley","Lives in a communal establishment","Aged 75 to 79 years","Female",65
"E07000118","Chorley","Lives in a communal establishment","Aged 80 to 84 years","Female",113
"E07000118","Chorley","Lives in a communal establishment","Aged 85 years and over","Female",281
"E07000119","Fylde","Lives in a communal establishment","Total","Female",667
"E07000119","Fylde","Lives in a communal establishment","Aged 2 years and under","Female",0
"E07000119","Fylde","Lives in a communal establishment","Aged 3 to 4 years","Female",0
"E07000119","Fylde","Lives in a communal establishment","Aged 5 to 7 years","Female",0
"E07000119","Fylde","Lives in a communal establishment","Aged 8 to 9 years","Female",0
"E07000119","Fylde","Lives in a communal establishment","Aged 10 to 14 years","Female",3
"E07000119","Fylde","Lives in a communal establishment","Aged 15 years","Female",1
"E07000119","Fylde","Lives in a communal establishment","Aged 16 to 17 years","Female",6
"E07000119","Fylde","Lives in a communal establishment","Aged 18 to 19 years","Female",1
"E07000119","Fylde","Lives in a communal establishment","Aged 20 to 24 years","Female",0
"E07000119","Fylde","Lives in a communal establishment","Aged 25 to 29 years","Female",6
"E07000119","Fylde","Lives in a communal establishment","Aged 30 to 34 years","Female",3
"E07000119","Fylde","Lives in a communal establishment","Aged 35 to 39 years","Female",0
"E07000119","Fylde","Lives in a communal establishment","Aged 40 to 44 years","Female",2
"E07000119","Fylde","Lives in a communal establishment","Aged 45 to 49 years","Female",8
"E07000119","Fylde","Lives in a communal establishment","Aged 50 to 54 years","Female",5
"E07000119","Fylde","Lives in a communal establishment","Aged 55 to 59 years","Female",13
"E07000119","Fylde","Lives in a communal establishment","Aged 60 to 64 years","Female",15
"E07000119","Fylde","Lives in a communal establishment","Aged 65 years","Female",5
"E07000119","Fylde","Lives in a communal establishment","Aged 66 to 69 years","Female",13
"E07000119","Fylde","Lives in a communal establishment","Aged 70 to 74 years","Female",35
"E07000119","Fylde","Lives in a communal establishment","Aged 75 to 79 years","Female",56
"E07000119","Fylde","Lives in a communal establishment","Aged 80 to 84 years","Female",107
"E07000119","Fylde","Lives in a communal establishment","Aged 85 years and over","Female",388
"E07000120","Hyndburn","Lives in a communal establishment","Total","Female",458
"E07000120","Hyndburn","Lives in a communal establishment","Aged 2 years and under","Female",0
"E07000120","Hyndburn","Lives in a communal establishment","Aged 3 to 4 years","Female",0
"E07000120","Hyndburn","Lives in a communal establishment","Aged 5 to 7 years","Female",0
"E07000120","Hyndburn","Lives in a communal establishment","Aged 8 to 9 years","Female",0
"E07000120","Hyndburn","Lives in a communal establishment","Aged 10 to 14 years","Female",3
"E07000120","Hyndburn","Lives in a communal establishment","Aged 15 years","Female",1
"E07000120","Hyndburn","Lives in a communal establishment","Aged 16 to 17 years","Female",4
"E07000120","Hyndburn","Lives in a communal establishment","Aged 18 to 19 years","Female",1
"E07000120","Hyndburn","Lives in a communal establishment","Aged 20 to 24 years","Female",1
"E07000120","Hyndburn","Lives in a communal establishment","Aged 25 to 29 years","Female",5
"E07000120","Hyndburn","Lives in a communal establishment","Aged 30 to 34 years","Female",0
"E07000120","Hyndburn","Lives in a communal establishment","Aged 35 to 39 years","Female",10
"E07000120","Hyndburn","Lives in a communal establishment","Aged 40 to 44 years","Female",13
"E07000120","Hyndburn","Lives in a communal establishment","Aged 45 to 49 years","Female",11
"E07000120","Hyndburn","Lives in a communal establishment","Aged 50 to 54 years","Female",11
"E07000120","Hyndburn","Lives in a communal establishment","Aged 55 to 59 years","Female",13
"E07000120","Hyndburn","Lives in a communal establishment","Aged 60 to 64 years","Female",20
"E07000120","Hyndburn","Lives in a communal establishment","Aged 65 years","Female",0
"E07000120","Hyndburn","Lives in a communal establishment","Aged 66 to 69 years","Female",13
"E07000120","Hyndburn","Lives in a communal establishment","Aged 70 to 74 years","Female",35
"E07000120","Hyndburn","Lives in a communal establishment","Aged 75 to 79 years","Female",33
"E07000120","Hyndburn","Lives in a communal establishment","Aged 80 to 84 years","Female",70
"E07000120","Hyndburn","Lives in a communal establishment","Aged 85 years and over","Female",214
"E07000121","Lancaster","Lives in a communal establishment","Total","Female",4157
"E07000121","Lancaster","Lives in a communal establishment","Aged 2 years and under","Female",3
"E07000121","Lancaster","Lives in a communal establishment","Aged 3 to 4 years","Female",4
"E07000121","Lancaster","Lives in a communal establishment","Aged 5 to 7 years","Female",5
"E07000121","Lancaster","Lives in a communal establishment","Aged 8 to 9 years","Female",2
"E07000121","Lancaster","Lives in a communal establishment","Aged 10 to 14 years","Female",24
"E07000121","Lancaster","Lives in a communal establishment","Aged 15 years","Female",103
"E07000121","Lancaster","Lives in a communal establishment","Aged 16 to 17 years","Female",103
"E07000121","Lancaster","Lives in a communal establishment","Aged 18 to 19 years","Female",1801
"E07000121","Lancaster","Lives in a communal establishment","Aged 20 to 24 years","Female",1170
"E07000121","Lancaster","Lives in a communal establishment","Aged 25 to 29 years","Female",133
"E07000121","Lancaster","Lives in a communal establishment","Aged 30 to 34 years","Female",52
"E07000121","Lancaster","Lives in a communal establishment","Aged 35 to 39 years","Female",17
"E07000121","Lancaster","Lives in a communal establishment","Aged 40 to 44 years","Female",13
"E07000121","Lancaster","Lives in a communal establishment","Aged 45 to 49 years","Female",14
"E07000121","Lancaster","Lives in a communal establishment","Aged 50 to 54 years","Female",15
"E07000121","Lancaster","Lives in a communal establishment","Aged 55 to 59 years","Female",15
"E07000121","Lancaster","Lives in a communal establishment","Aged 60 to 64 years","Female",19
"E07000121","Lancaster","Lives in a communal establishment","Aged 65 years","Female",5
"E07000121","Lancaster","Lives in a communal establishment","Aged 66 to 69 years","Female",22
"E07000121","Lancaster","Lives in a communal establishment","Aged 70 to 74 years","Female",41
"E07000121","Lancaster","Lives in a communal establishment","Aged 75 to 79 years","Female",91
"E07000121","Lancaster","Lives in a communal establishment","Aged 80 to 84 years","Female",97
"E07000121","Lancaster","Lives in a communal establishment","Aged 85 years and over","Female",408
"E07000122","Pendle","Lives in a communal establishment","Total","Female",341
"E07000122","Pendle","Lives in a communal establishment","Aged 2 years and under","Female",0
"E07000122","Pendle","Lives in a communal establishment","Aged 3 to 4 years","Female",0
"E07000122","Pendle","Lives in a communal establishment","Aged 5 to 7 years","Female",0
"E07000122","Pendle","Lives in a communal establishment","Aged 8 to 9 years","Female",0
"E07000122","Pendle","Lives in a communal establishment","Aged 10 to 14 years","Female",0
"E07000122","Pendle","Lives in a communal establishment","Aged 15 years","Female",0
"E07000122","Pendle","Lives in a communal establishment","Aged 16 to 17 years","Female",3
"E07000122","Pendle","Lives in a communal establishment","Aged 18 to 19 years","Female",0
"E07000122","Pendle","Lives in a communal establishment","Aged 20 to 24 years","Female",0
"E07000122","Pendle","Lives in a communal establishment","Aged 25 to 29 years","Female",4
"E07000122","Pendle","Lives in a communal establishment","Aged 30 to 34 years","Female",0
"E07000122","Pendle","Lives in a communal establishment","Aged 35 to 39 years","Female",3
"E07000122","Pendle","Lives in a communal establishment","Aged 40 to 44 years","Female",3
"E07000122","Pendle","Lives in a communal establishment","Aged 45 to 49 years","Female",2
"E07000122","Pendle","Lives in a communal establishment","Aged 50 to 54 years","Female",1
"E07000122","Pendle","Lives in a communal establishment","Aged 55 to 59 years","Female",7
"E07000122","Pendle","Lives in a communal establishment","Aged 60 to 64 years","Female",2
"E07000122","Pendle","Lives in a communal establishment","Aged 65 years","Female",1
"E07000122","Pendle","Lives in a communal establishment","Aged 66 to 69 years","Female",13
"E07000122","Pendle","Lives in a communal establishment","Aged 70 to 74 years","Female",14
"E07000122","Pendle","Lives in a communal establishment","Aged 75 to 79 years","Female",36
"E07000122","Pendle","Lives in a communal establishment","Aged 80 to 84 years","Female",50
"E07000122","Pendle","Lives in a communal establishment","Aged 85 years and over","Female",202
"E07000123","Preston","Lives in a communal establishment","Total","Female",3010
"E07000123","Preston","Lives in a communal establishment","Aged 2 years and under","Female",1
"E07000123","Preston","Lives in a communal establishment","Aged 3 to 4 years","Female",2
"E07000123","Preston","Lives in a communal establishment","Aged 5 to 7 years","Female",7
"E07000123","Preston","Lives in a communal establishment","Aged 8 to 9 years","Female",6
"E07000123","Preston","Lives in a communal establishment","Aged 10 to 14 years","Female",4
"E07000123","Preston","Lives in a communal establishment","Aged 15 years","Female",0
"E07000123","Preston","Lives in a communal establishment","Aged 16 to 17 years","Female",10
"E07000123","Preston","Lives in a communal establishment","Aged 18 to 19 years","Female",808
"E07000123","Preston","Lives in a communal establishment","Aged 20 to 24 years","Female",1210
"E07000123","Preston","Lives in a communal establishment","Aged 25 to 29 years","Female",176
"E07000123","Preston","Lives in a communal establishment","Aged 30 to 34 years","Female",55
"E07000123","Preston","Lives in a communal establishment","Aged 35 to 39 years","Female",27
"E07000123","Preston","Lives in a communal establishment","Aged 40 to 44 years","Female",33
"E07000123","Preston","Lives in a communal establishment","Aged 45 to 49 years","Female",22
"E07000123","Preston","Lives in a communal establishment","Aged 50 to 54 years","Female",16
"E07000123","Preston","Lives in a communal establishment","Aged 55 to 59 years","Female",20
"E07000123","Preston","Lives in a communal establishment","Aged 60 to 64 years","Female",32
"E07000123","Preston","Lives in a communal establishment","Aged 65 years","Female",13
"E07000123","Preston","Lives in a communal establishment","Aged 66 to 69 years","Female",20
"E07000123","Preston","Lives in a communal establishment","Aged 70 to 74 years","Female",44
"E07000123","Preston","Lives in a communal establishment","Aged 75 to 79 years","Female",56
"E07000123","Preston","Lives in a communal establishment","Aged 80 to 84 years","Female",103
"E07000123","Preston","Lives in a communal establishment","Aged 85 years and over","Female",345
"E07000124","Ribble Valley","Lives in a communal establishment","Total","Female",504
"E07000124","Ribble Valley","Lives in a communal establishment","Aged 2 years and under","Female",0
"E07000124","Ribble Valley","Lives in a communal establishment","Aged 3 to 4 years","Female",0
"E07000124","Ribble Valley","Lives in a communal establishment","Aged 5 to 7 years","Female",2
"E07000124","Ribble Valley","Lives in a communal establishment","Aged 8 to 9 years","Female",5
"E07000124","Ribble Valley","Lives in a communal establishment","Aged 10 to 14 years","Female",69
"E07000124","Ribble Valley","Lives in a communal establishment","Aged 15 years","Female",24
"E07000124","Ribble Valley","Lives in a communal establishment","Aged 16 to 17 years","Female",44
"E07000124","Ribble Valley","Lives in a communal establishment","Aged 18 to 19 years","Female",7
"E07000124","Ribble Valley","Lives in a communal establishment","Aged 20 to 24 years","Female",13
"E07000124","Ribble Valley","Lives in a communal establishment","Aged 25 to 29 years","Female",7
"E07000124","Ribble Valley","Lives in a communal establishment","Aged 30 to 34 years","Female",7
"E07000124","Ribble Valley","Lives in a communal establishment","Aged 35 to 39 years","Female",10
"E07000124","Ribble Valley","Lives in a communal establishment","Aged 40 to 44 years","Female",1
"E07000124","Ribble Valley","Lives in a communal establishment","Aged 45 to 49 years","Female",6
"E07000124","Ribble Valley","Lives in a communal establishment","Aged 50 to 54 years","Female",7
"E07000124","Ribble Valley","Lives in a communal establishment","Aged 55 to 59 years","Female",7
"E07000124","Ribble Valley","Lives in a communal establishment","Aged 60 to 64 years","Female",11
"E07000124","Ribble Valley","Lives in a communal establishment","Aged 65 years","Female",0
"E07000124","Ribble Valley","Lives in a communal establishment","Aged 66 to 69 years","Female",7
"E07000124","Ribble Valley","Lives in a communal establishment","Aged 70 to 74 years","Female",13
"E07000124","Ribble Valley","Lives in a communal establishment","Aged 75 to 79 years","Female",16
"E07000124","Ribble Valley","Lives in a communal establishment","Aged 80 to 84 years","Female",56
"E07000124","Ribble Valley","Lives in a communal establishment","Aged 85 years and over","Female",192
"E07000125","Rossendale","Lives in a communal establishment","Total","Female",464
"E07000125","Rossendale","Lives in a communal establishment","Aged 2 years and under","Female",0
"E07000125","Rossendale","Lives in a communal establishment","Aged 3 to 4 years","Female",0
"E07000125","Rossendale","Lives in a communal establishment","Aged 5 to 7 years","Female",0
"E07000125","Rossendale","Lives in a communal establishment","Aged 8 to 9 years","Female",0
"E07000125","Rossendale","Lives in a communal establishment","Aged 10 to 14 years","Female",2
"E07000125","Rossendale","Lives in a communal establishment","Aged 15 years","Female",0
"E07000125","Rossendale","Lives in a communal establishment","Aged 16 to 17 years","Female",4
"E07000125","Rossendale","Lives in a communal establishment","Aged 18 to 19 years","Female",7
"E07000125","Rossendale","Lives in a communal establishment","Aged 20 to 24 years","Female",0
"E07000125","Rossendale","Lives in a communal establishment","Aged 25 to 29 years","Female",6
"E07000125","Rossendale","Lives in a communal establishment","Aged 30 to 34 years","Female",0
"E07000125","Rossendale","Lives in a communal establishment","Aged 35 to 39 years","Female",3
"E07000125","Rossendale","Lives in a communal establishment","Aged 40 to 44 years","Female",9
"E07000125","Rossendale","Lives in a communal establishment","Aged 45 to 49 years","Female",4
"E07000125","Rossendale","Lives in a communal establishment","Aged 50 to 54 years","Female",7
"E07000125","Rossendale","Lives in a communal establishment","Aged 55 to 59 years","Female",12
"E07000125","Rossendale","Lives in a communal establishment","Aged 60 to 64 years","Female",11
"E07000125","Rossendale","Lives in a communal establishment","Aged 65 years","Female",8
"E07000125","Rossendale","Lives in a communal establishment","Aged 66 to 69 years","Female",22
"E07000125","Rossendale","Lives in a communal establishment","Aged 70 to 74 years","Female",31
"E07000125","Rossendale","Lives in a communal establishment","Aged 75 to 79 years","Female",58
"E07000125","Rossendale","Lives in a communal establishment","Aged 80 to 84 years","Female",65
"E07000125","Rossendale","Lives in a communal establishment","Aged 85 years and over","Female",215
"E07000126","South Ribble","Lives in a communal establishment","Total","Female",449
"E07000126","South Ribble","Lives in a communal establishment","Aged 2 years and under","Female",0
"E07000126","South Ribble","Lives in a communal establishment","Aged 3 to 4 years","Female",0
"E07000126","South Ribble","Lives in a communal establishment","Aged 5 to 7 years","Female",0
"E07000126","South Ribble","Lives in a communal establishment","Aged 8 to 9 years","Female",0
"E07000126","South Ribble","Lives in a communal establishment","Aged 10 to 14 years","Female",0
"E07000126","South Ribble","Lives in a communal establishment","Aged 15 years","Female",4
"E07000126","South Ribble","Lives in a communal establishment","Aged 16 to 17 years","Female",4
"E07000126","South Ribble","Lives in a communal establishment","Aged 18 to 19 years","Female",0
"E07000126","South Ribble","Lives in a communal establishment","Aged 20 to 24 years","Female",4
"E07000126","South Ribble","Lives in a communal establishment","Aged 25 to 29 years","Female",7
"E07000126","South Ribble","Lives in a communal establishment","Aged 30 to 34 years","Female",10
"E07000126","South Ribble","Lives in a communal establishment","Aged 35 to 39 years","Female",5
"E07000126","South Ribble","Lives in a communal establishment","Aged 40 to 44 years","Female",9
"E07000126","South Ribble","Lives in a communal establishment","Aged 45 to 49 years","Female",4
"E07000126","South Ribble","Lives in a communal establishment","Aged 50 to 54 years","Female",12
"E07000126","South Ribble","Lives in a communal establishment","Aged 55 to 59 years","Female",11
"E07000126","South Ribble","Lives in a communal establishment","Aged 60 to 64 years","Female",10
"E07000126","South Ribble","Lives in a communal establishment","Aged 65 years","Female",1
"E07000126","South Ribble","Lives in a communal establishment","Aged 66 to 69 years","Female",9
"E07000126","South Ribble","Lives in a communal establishment","Aged 70 to 74 years","Female",14
"E07000126","South Ribble","Lives in a communal establishment","Aged 75 to 79 years","Female",45
"E07000126","South Ribble","Lives in a communal establishment","Aged 80 to 84 years","Female",56
"E07000126","South Ribble","Lives in a communal establishment","Aged 85 years and over","Female",244
"E07000127","West Lancashire","Lives in a communal establishment","Total","Female",3172
"E07000127","West Lancashire","Lives in a communal establishment","Aged 2 years and under","Female",0
"E07000127","West Lancashire","Lives in a communal establishment","Aged 3 to 4 years","Female",0
"E07000127","West Lancashire","Lives in a communal establishment","Aged 5 to 7 years","Female",0
"E07000127","West Lancashire","Lives in a communal establishment","Aged 8 to 9 years","Female",0
"E07000127","West Lancashire","Lives in a communal establishment","Aged 10 to 14 years","Female",1
"E07000127","West Lancashire","Lives in a communal establishment","Aged 15 years","Female",3
"E07000127","West Lancashire","Lives in a communal establishment","Aged 16 to 17 years","Female",4
"E07000127","West Lancashire","Lives in a communal establishment","Aged 18 to 19 years","Female",1790
"E07000127","West Lancashire","Lives in a communal establishment","Aged 20 to 24 years","Female",726
"E07000127","West Lancashire","Lives in a communal establishment","Aged 25 to 29 years","Female",10
"E07000127","West Lancashire","Lives in a communal establishment","Aged 30 to 34 years","Female",5
"E07000127","West Lancashire","Lives in a communal establishment","Aged 35 to 39 years","Female",5
"E07000127","West Lancashire","Lives in a communal establishment","Aged 40 to 44 years","Female",1
"E07000127","West Lancashire","Lives in a communal establishment","Aged 45 to 49 years","Female",8
"E07000127","West Lancashire","Lives in a communal establishment","Aged 50 to 54 years","Female",2
"E07000127","West Lancashire","Lives in a communal establishment","Aged 55 to 59 years","Female",14
"E07000127","West Lancashire","Lives in a communal establishment","Aged 60 to 64 years","Female",7
"E07000127","West Lancashire","Lives in a communal establishment","Aged 65 years","Female",0
"E07000127","West Lancashire","Lives in a communal establishment","Aged 66 to 69 years","Female",14
"E07000127","West Lancashire","Lives in a communal establishment","Aged 70 to 74 years","Female",35
"E07000127","West Lancashire","Lives in a communal establishment","Aged 75 to 79 years","Female",63
"E07000127","West Lancashire","Lives in a communal establishment","Aged 80 to 84 years","Female",125
"E07000127","West Lancashire","Lives in a communal establishment","Aged 85 years and over","Female",359
"E07000128","Wyre","Lives in a communal establishment","Total","Female",918
"E07000128","Wyre","Lives in a communal establishment","Aged 2 years and under","Female",7
"E07000128","Wyre","Lives in a communal establishment","Aged 3 to 4 years","Female",3
"E07000128","Wyre","Lives in a communal establishment","Aged 5 to 7 years","Female",3
"E07000128","Wyre","Lives in a communal establishment","Aged 8 to 9 years","Female",3
"E07000128","Wyre","Lives in a communal establishment","Aged 10 to 14 years","Female",21
"E07000128","Wyre","Lives in a communal establishment","Aged 15 years","Female",9
"E07000128","Wyre","Lives in a communal establishment","Aged 16 to 17 years","Female",75
"E07000128","Wyre","Lives in a communal establishment","Aged 18 to 19 years","Female",68
"E07000128","Wyre","Lives in a communal establishment","Aged 20 to 24 years","Female",52
"E07000128","Wyre","Lives in a communal establishment","Aged 25 to 29 years","Female",8
"E07000128","Wyre","Lives in a communal establishment","Aged 30 to 34 years","Female",5
"E07000128","Wyre","Lives in a communal establishment","Aged 35 to 39 years","Female",8
"E07000128","Wyre","Lives in a communal establishment","Aged 40 to 44 years","Female",7
"E07000128","Wyre","Lives in a communal establishment","Aged 45 to 49 years","Female",8
"E07000128","Wyre","Lives in a communal establishment","Aged 50 to 54 years","Female",6
"E07000128","Wyre","Lives in a communal establishment","Aged 55 to 59 years","Female",10
"E07000128","Wyre","Lives in a communal establishment","Aged 60 to 64 years","Female",18
"E07000128","Wyre","Lives in a communal establishment","Aged 65 years","Female",5
"E07000128","Wyre","Lives in a communal establishment","Aged 66 to 69 years","Female",10
"E07000128","Wyre","Lives in a communal establishment","Aged 70 to 74 years","Female",48
"E07000128","Wyre","Lives in a communal establishment","Aged 75 to 79 years","Female",54
"E07000128","Wyre","Lives in a communal establishment","Aged 80 to 84 years","Female",105
"E07000128","Wyre","Lives in a communal establishment","Aged 85 years and over","Female",385
"E08000001","Bolton","Lives in a communal establishment","Total","Female",1290
"E08000001","Bolton","Lives in a communal establishment","Aged 2 years and under","Female",5
"E08000001","Bolton","Lives in a communal establishment","Aged 3 to 4 years","Female",0
"E08000001","Bolton","Lives in a communal establishment","Aged 5 to 7 years","Female",0
"E08000001","Bolton","Lives in a communal establishment","Aged 8 to 9 years","Female",1
"E08000001","Bolton","Lives in a communal establishment","Aged 10 to 14 years","Female",0
"E08000001","Bolton","Lives in a communal establishment","Aged 15 years","Female",2
"E08000001","Bolton","Lives in a communal establishment","Aged 16 to 17 years","Female",9
"E08000001","Bolton","Lives in a communal establishment","Aged 18 to 19 years","Female",72
"E08000001","Bolton","Lives in a communal establishment","Aged 20 to 24 years","Female",121
"E08000001","Bolton","Lives in a communal establishment","Aged 25 to 29 years","Female",39
"E08000001","Bolton","Lives in a communal establishment","Aged 30 to 34 years","Female",17
"E08000001","Bolton","Lives in a communal establishment","Aged 35 to 39 years","Female",17
"E08000001","Bolton","Lives in a communal establishment","Aged 40 to 44 years","Female",15
"E08000001","Bolton","Lives in a communal establishment","Aged 45 to 49 years","Female",17
"E08000001","Bolton","Lives in a communal establishment","Aged 50 to 54 years","Female",12
"E08000001","Bolton","Lives in a communal establishment","Aged 55 to 59 years","Female",40
"E08000001","Bolton","Lives in a communal establishment","Aged 60 to 64 years","Female",26
"E08000001","Bolton","Lives in a communal establishment","Aged 65 years","Female",13
"E08000001","Bolton","Lives in a communal establishment","Aged 66 to 69 years","Female",35
"E08000001","Bolton","Lives in a communal establishment","Aged 70 to 74 years","Female",68
"E08000001","Bolton","Lives in a communal establishment","Aged 75 to 79 years","Female",97
"E08000001","Bolton","Lives in a communal establishment","Aged 80 to 84 years","Female",155
"E08000001","Bolton","Lives in a communal establishment","Aged 85 years and over","Female",529
"E08000002","Bury","Lives in a communal establishment","Total","Female",917
"E08000002","Bury","Lives in a communal establishment","Aged 2 years and under","Female",0
"E08000002","Bury","Lives in a communal establishment","Aged 3 to 4 years","Female",0
"E08000002","Bury","Lives in a communal establishment","Aged 5 to 7 years","Female",0
"E08000002","Bury","Lives in a communal establishment","Aged 8 to 9 years","Female",0
"E08000002","Bury","Lives in a communal establishment","Aged 10 to 14 years","Female",2
"E08000002","Bury","Lives in a communal establishment","Aged 15 years","Female",4
"E08000002","Bury","Lives in a communal establishment","Aged 16 to 17 years","Female",6
"E08000002","Bury","Lives in a communal establishment","Aged 18 to 19 years","Female",7
"E08000002","Bury","Lives in a communal establishment","Aged 20 to 24 years","Female",16
"E08000002","Bury","Lives in a communal establishment","Aged 25 to 29 years","Female",8
"E08000002","Bury","Lives in a communal establishment","Aged 30 to 34 years","Female",13
"E08000002","Bury","Lives in a communal establishment","Aged 35 to 39 years","Female",10
"E08000002","Bury","Lives in a communal establishment","Aged 40 to 44 years","Female",8
"E08000002","Bury","Lives in a communal establishment","Aged 45 to 49 years","Female",10
"E08000002","Bury","Lives in a communal establishment","Aged 50 to 54 years","Female",16
"E08000002","Bury","Lives in a communal establishment","Aged 55 to 59 years","Female",27
"E08000002","Bury","Lives in a communal establishment","Aged 60 to 64 years","Female",28
"E08000002","Bury","Lives in a communal establishment","Aged 65 years","Female",6
"E08000002","Bury","Lives in a communal establishment","Aged 66 to 69 years","Female",27
"E08000002","Bury","Lives in a communal establishment","Aged 70 to 74 years","Female",51
"E08000002","Bury","Lives in a communal establishment","Aged 75 to 79 years","Female",89
"E08000002","Bury","Lives in a communal establishment","Aged 80 to 84 years","Female",131
"E08000002","Bury","Lives in a communal establishment","Aged 85 years and over","Female",458
"E08000003","Manchester","Lives in a communal establishment","Total","Female",11290
"E08000003","Manchester","Lives in a communal establishment","Aged 2 years and under","Female",0
"E08000003","Manchester","Lives in a communal establishment","Aged 3 to 4 years","Female",0
"E08000003","Manchester","Lives in a communal establishment","Aged 5 to 7 years","Female",0
"E08000003","Manchester","Lives in a communal establishment","Aged 8 to 9 years","Female",4
"E08000003","Manchester","Lives in a communal establishment","Aged 10 to 14 years","Female",30
"E08000003","Manchester","Lives in a communal establishment","Aged 15 years","Female",10
"E08000003","Manchester","Lives in a communal establishment","Aged 16 to 17 years","Female",99
"E08000003","Manchester","Lives in a communal establishment","Aged 18 to 19 years","Female",5395
"E08000003","Manchester","Lives in a communal establishment","Aged 20 to 24 years","Female",3695
"E08000003","Manchester","Lives in a communal establishment","Aged 25 to 29 years","Female",497
"E08000003","Manchester","Lives in a communal establishment","Aged 30 to 34 years","Female",150
"E08000003","Manchester","Lives in a communal establishment","Aged 35 to 39 years","Female",66
"E08000003","Manchester","Lives in a communal establishment","Aged 40 to 44 years","Female",33
"E08000003","Manchester","Lives in a communal establishment","Aged 45 to 49 years","Female",48
"E08000003","Manchester","Lives in a communal establishment","Aged 50 to 54 years","Female",51
"E08000003","Manchester","Lives in a communal establishment","Aged 55 to 59 years","Female",65
"E08000003","Manchester","Lives in a communal establishment","Aged 60 to 64 years","Female",86
"E08000003","Manchester","Lives in a communal establishment","Aged 65 years","Female",12
"E08000003","Manchester","Lives in a communal establishment","Aged 66 to 69 years","Female",62
"E08000003","Manchester","Lives in a communal establishment","Aged 70 to 74 years","Female",84
"E08000003","Manchester","Lives in a communal establishment","Aged 75 to 79 years","Female",145
"E08000003","Manchester","Lives in a communal establishment","Aged 80 to 84 years","Female",198
"E08000003","Manchester","Lives in a communal establishment","Aged 85 years and over","Female",560
"E08000004","Oldham","Lives in a communal establishment","Total","Female",863
"E08000004","Oldham","Lives in a communal establishment","Aged 2 years and under","Female",6
"E08000004","Oldham","Lives in a communal establishment","Aged 3 to 4 years","Female",0
"E08000004","Oldham","Lives in a communal establishment","Aged 5 to 7 years","Female",2
"E08000004","Oldham","Lives in a communal establishment","Aged 8 to 9 years","Female",1
"E08000004","Oldham","Lives in a communal establishment","Aged 10 to 14 years","Female",0
"E08000004","Oldham","Lives in a communal establishment","Aged 15 years","Female",0
"E08000004","Oldham","Lives in a communal establishment","Aged 16 to 17 years","Female",6
"E08000004","Oldham","Lives in a communal establishment","Aged 18 to 19 years","Female",1
"E08000004","Oldham","Lives in a communal establishment","Aged 20 to 24 years","Female",10
"E08000004","Oldham","Lives in a communal establishment","Aged 25 to 29 years","Female",11
"E08000004","Oldham","Lives in a communal establishment","Aged 30 to 34 years","Female",12
"E08000004","Oldham","Lives in a communal establishment","Aged 35 to 39 years","Female",8
"E08000004","Oldham","Lives in a communal establishment","Aged 40 to 44 years","Female",6
"E08000004","Oldham","Lives in a communal establishment","Aged 45 to 49 years","Female",8
"E08000004","Oldham","Lives in a communal establishment","Aged 50 to 54 years","Female",24
"E08000004","Oldham","Lives in a communal establishment","Aged 55 to 59 years","Female",21
"E08000004","Oldham","Lives in a communal establishment","Aged 60 to 64 years","Female",27
"E08000004","Oldham","Lives in a communal establishment","Aged 65 years","Female",5
"E08000004","Oldham","Lives in a communal establishment","Aged 66 to 69 years","Female",26
"E08000004","Oldham","Lives in a communal establishment","Aged 70 to 74 years","Female",67
"E08000004","Oldham","Lives in a communal establishment","Aged 75 to 79 years","Female",93
"E08000004","Oldham","Lives in a communal establishment","Aged 80 to 84 years","Female",151
"E08000004","Oldham","Lives in a communal establishment","Aged 85 years and over","Female",378
"E08000005","Rochdale","Lives in a communal establishment","Total","Female",826
"E08000005","Rochdale","Lives in a communal establishment","Aged 2 years and under","Female",0
"E08000005","Rochdale","Lives in a communal establishment","Aged 3 to 4 years","Female",0
"E08000005","Rochdale","Lives in a communal establishment","Aged 5 to 7 years","Female",0
"E08000005","Rochdale","Lives in a communal establishment","Aged 8 to 9 years","Female",0
"E08000005","Rochdale","Lives in a communal establishment","Aged 10 to 14 years","Female",0
"E08000005","Rochdale","Lives in a communal establishment","Aged 15 years","Female",0
"E08000005","Rochdale","Lives in a communal establishment","Aged 16 to 17 years","Female",4
"E08000005","Rochdale","Lives in a communal establishment","Aged 18 to 19 years","Female",0
"E08000005","Rochdale","Lives in a communal establishment","Aged 20 to 24 years","Female",8
"E08000005","Rochdale","Lives in a communal establishment","Aged 25 to 29 years","Female",6
"E08000005","Rochdale","Lives in a communal establishment","Aged 30 to 34 years","Female",12
"E08000005","Rochdale","Lives in a communal establishment","Aged 35 to 39 years","Female",5
"E08000005","Rochdale","Lives in a communal establishment","Aged 40 to 44 years","Female",16
"E08000005","Rochdale","Lives in a communal establishment","Aged 45 to 49 years","Female",9
"E08000005","Rochdale","Lives in a communal establishment","Aged 50 to 54 years","Female",14
"E08000005","Rochdale","Lives in a communal establishment","Aged 55 to 59 years","Female",24
"E08000005","Rochdale","Lives in a communal establishment","Aged 60 to 64 years","Female",42
"E08000005","Rochdale","Lives in a communal establishment","Aged 65 years","Female",2
"E08000005","Rochdale","Lives in a communal establishment","Aged 66 to 69 years","Female",30
"E08000005","Rochdale","Lives in a communal establishment","Aged 70 to 74 years","Female",50
"E08000005","Rochdale","Lives in a communal establishment","Aged 75 to 79 years","Female",84
"E08000005","Rochdale","Lives in a communal establishment","Aged 80 to 84 years","Female",114
"E08000005","Rochdale","Lives in a communal establishment","Aged 85 years and over","Female",406
"E08000006","Salford","Lives in a communal establishment","Total","Female",2527
"E08000006","Salford","Lives in a communal establishment","Aged 2 years and under","Female",1
"E08000006","Salford","Lives in a communal establishment","Aged 3 to 4 years","Female",0
"E08000006","Salford","Lives in a communal establishment","Aged 5 to 7 years","Female",3
"E08000006","Salford","Lives in a communal establishment","Aged 8 to 9 years","Female",0
"E08000006","Salford","Lives in a communal establishment","Aged 10 to 14 years","Female",8
"E08000006","Salford","Lives in a communal establishment","Aged 15 years","Female",2
"E08000006","Salford","Lives in a communal establishment","Aged 16 to 17 years","Female",66
"E08000006","Salford","Lives in a communal establishment","Aged 18 to 19 years","Female",1010
"E08000006","Salford","Lives in a communal establishment","Aged 20 to 24 years","Female",664
"E08000006","Salford","Lives in a communal establishment","Aged 25 to 29 years","Female",69
"E08000006","Salford","Lives in a communal establishment","Aged 30 to 34 years","Female",29
"E08000006","Salford","Lives in a communal establishment","Aged 35 to 39 years","Female",15
"E08000006","Salford","Lives in a communal establishment","Aged 40 to 44 years","Female",18
"E08000006","Salford","Lives in a communal establishment","Aged 45 to 49 years","Female",23
"E08000006","Salford","Lives in a communal establishment","Aged 50 to 54 years","Female",24
"E08000006","Salford","Lives in a communal establishment","Aged 55 to 59 years","Female",19
"E08000006","Salford","Lives in a communal establishment","Aged 60 to 64 years","Female",21
"E08000006","Salford","Lives in a communal establishment","Aged 65 years","Female",0
"E08000006","Salford","Lives in a communal establishment","Aged 66 to 69 years","Female",23
"E08000006","Salford","Lives in a communal establishment","Aged 70 to 74 years","Female",42
"E08000006","Salford","Lives in a communal establishment","Aged 75 to 79 years","Female",68
"E08000006","Salford","Lives in a communal establishment","Aged 80 to 84 years","Female",129
"E08000006","Salford","Lives in a communal establishment","Aged 85 years and over","Female",293
"E08000007","Stockport","Lives in a communal establishment","Total","Female",1423
"E08000007","Stockport","Lives in a communal establishment","Aged 2 years and under","Female",0
"E08000007","Stockport","Lives in a communal establishment","Aged 3 to 4 years","Female",0
"E08000007","Stockport","Lives in a communal establishment","Aged 5 to 7 years","Female",2
"E08000007","Stockport","Lives in a communal establishment","Aged 8 to 9 years","Female",1
"E08000007","Stockport","Lives in a communal establishment","Aged 10 to 14 years","Female",13
"E08000007","Stockport","Lives in a communal establishment","Aged 15 years","Female",10
"E08000007","Stockport","Lives in a communal establishment","Aged 16 to 17 years","Female",26
"E08000007","Stockport","Lives in a communal establishment","Aged 18 to 19 years","Female",12
"E08000007","Stockport","Lives in a communal establishment","Aged 20 to 24 years","Female",27
"E08000007","Stockport","Lives in a communal establishment","Aged 25 to 29 years","Female",18
"E08000007","Stockport","Lives in a communal establishment","Aged 30 to 34 years","Female",41
"E08000007","Stockport","Lives in a communal establishment","Aged 35 to 39 years","Female",10
"E08000007","Stockport","Lives in a communal establishment","Aged 40 to 44 years","Female",13
"E08000007","Stockport","Lives in a communal establishment","Aged 45 to 49 years","Female",16
"E08000007","Stockport","Lives in a communal establishment","Aged 50 to 54 years","Female",12
"E08000007","Stockport","Lives in a communal establishment","Aged 55 to 59 years","Female",23
"E08000007","Stockport","Lives in a communal establishment","Aged 60 to 64 years","Female",31
"E08000007","Stockport","Lives in a communal establishment","Aged 65 years","Female",9
"E08000007","Stockport","Lives in a communal establishment","Aged 66 to 69 years","Female",26
"E08000007","Stockport","Lives in a communal establishment","Aged 70 to 74 years","Female",48
"E08000007","Stockport","Lives in a communal establishment","Aged 75 to 79 years","Female",139
"E08000007","Stockport","Lives in a communal establishment","Aged 80 to 84 years","Female",207
"E08000007","Stockport","Lives in a communal establishment","Aged 85 years and over","Female",739
"E08000008","Tameside","Lives in a communal establishment","Total","Female",850
"E08000008","Tameside","Lives in a communal establishment","Aged 2 years and under","Female",0
"E08000008","Tameside","Lives in a communal establishment","Aged 3 to 4 years","Female",5
"E08000008","Tameside","Lives in a communal establishment","Aged 5 to 7 years","Female",0
"E08000008","Tameside","Lives in a communal establishment","Aged 8 to 9 years","Female",1
"E08000008","Tameside","Lives in a communal establishment","Aged 10 to 14 years","Female",11
"E08000008","Tameside","Lives in a communal establishment","Aged 15 years","Female",4
"E08000008","Tameside","Lives in a communal establishment","Aged 16 to 17 years","Female",5
"E08000008","Tameside","Lives in a communal establishment","Aged 18 to 19 years","Female",2
"E08000008","Tameside","Lives in a communal establishment","Aged 20 to 24 years","Female",5
"E08000008","Tameside","Lives in a communal establishment","Aged 25 to 29 years","Female",11
"E08000008","Tameside","Lives in a communal establishment","Aged 30 to 34 years","Female",19
"E08000008","Tameside","Lives in a communal establishment","Aged 35 to 39 years","Female",7
"E08000008","Tameside","Lives in a communal establishment","Aged 40 to 44 years","Female",11
"E08000008","Tameside","Lives in a communal establishment","Aged 45 to 49 years","Female",3
"E08000008","Tameside","Lives in a communal establishment","Aged 50 to 54 years","Female",5
"E08000008","Tameside","Lives in a communal establishment","Aged 55 to 59 years","Female",7
"E08000008","Tameside","Lives in a communal establishment","Aged 60 to 64 years","Female",12
"E08000008","Tameside","Lives in a communal establishment","Aged 65 years","Female",1
"E08000008","Tameside","Lives in a communal establishment","Aged 66 to 69 years","Female",16
"E08000008","Tameside","Lives in a communal establishment","Aged 70 to 74 years","Female",45
"E08000008","Tameside","Lives in a communal establishment","Aged 75 to 79 years","Female",107
"E08000008","Tameside","Lives in a communal establishment","Aged 80 to 84 years","Female",143
"E08000008","Tameside","Lives in a communal establishment","Aged 85 years and over","Female",430
"E08000009","Trafford","Lives in a communal establishment","Total","Female",857
"E08000009","Trafford","Lives in a communal establishment","Aged 2 years and under","Female",0
"E08000009","Trafford","Lives in a communal establishment","Aged 3 to 4 years","Female",0
"E08000009","Trafford","Lives in a communal establishment","Aged 5 to 7 years","Female",0
"E08000009","Trafford","Lives in a communal establishment","Aged 8 to 9 years","Female",0
"E08000009","Trafford","Lives in a communal establishment","Aged 10 to 14 years","Female",2
"E08000009","Trafford","Lives in a communal establishment","Aged 15 years","Female",0
"E08000009","Trafford","Lives in a communal establishment","Aged 16 to 17 years","Female",8
"E08000009","Trafford","Lives in a communal establishment","Aged 18 to 19 years","Female",3
"E08000009","Trafford","Lives in a communal establishment","Aged 20 to 24 years","Female",4
"E08000009","Trafford","Lives in a communal establishment","Aged 25 to 29 years","Female",8
"E08000009","Trafford","Lives in a communal establishment","Aged 30 to 34 years","Female",16
"E08000009","Trafford","Lives in a communal establishment","Aged 35 to 39 years","Female",6
"E08000009","Trafford","Lives in a communal establishment","Aged 40 to 44 years","Female",10
"E08000009","Trafford","Lives in a communal establishment","Aged 45 to 49 years","Female",10
"E08000009","Trafford","Lives in a communal establishment","Aged 50 to 54 years","Female",15
"E08000009","Trafford","Lives in a communal establishment","Aged 55 to 59 years","Female",29
"E08000009","Trafford","Lives in a communal establishment","Aged 60 to 64 years","Female",20
"E08000009","Trafford","Lives in a communal establishment","Aged 65 years","Female",2
"E08000009","Trafford","Lives in a communal establishment","Aged 66 to 69 years","Female",21
"E08000009","Trafford","Lives in a communal establishment","Aged 70 to 74 years","Female",48
"E08000009","Trafford","Lives in a communal establishment","Aged 75 to 79 years","Female",76
"E08000009","Trafford","Lives in a communal establishment","Aged 80 to 84 years","Female",124
"E08000009","Trafford","Lives in a communal establishment","Aged 85 years and over","Female",455
"E08000010","Wigan","Lives in a communal establishment","Total","Female",1213
"E08000010","Wigan","Lives in a communal establishment","Aged 2 years and under","Female",0
"E08000010","Wigan","Lives in a communal establishment","Aged 3 to 4 years","Female",0
"E08000010","Wigan","Lives in a communal establishment","Aged 5 to 7 years","Female",0
"E08000010","Wigan","Lives in a communal establishment","Aged 8 to 9 years","Female",0
"E08000010","Wigan","Lives in a communal establishment","Aged 10 to 14 years","Female",3
"E08000010","Wigan","Lives in a communal establishment","Aged 15 years","Female",2
"E08000010","Wigan","Lives in a communal establishment","Aged 16 to 17 years","Female",5
"E08000010","Wigan","Lives in a communal establishment","Aged 18 to 19 years","Female",16
"E08000010","Wigan","Lives in a communal establishment","Aged 20 to 24 years","Female",4
"E08000010","Wigan","Lives in a communal establishment","Aged 25 to 29 years","Female",0
"E08000010","Wigan","Lives in a communal establishment","Aged 30 to 34 years","Female",7
"E08000010","Wigan","Lives in a communal establishment","Aged 35 to 39 years","Female",3
"E08000010","Wigan","Lives in a communal establishment","Aged 40 to 44 years","Female",6
"E08000010","Wigan","Lives in a communal establishment","Aged 45 to 49 years","Female",6
"E08000010","Wigan","Lives in a communal establishment","Aged 50 to 54 years","Female",16
"E08000010","Wigan","Lives in a communal establishment","Aged 55 to 59 years","Female",16
"E08000010","Wigan","Lives in a communal establishment","Aged 60 to 64 years","Female",32
"E08000010","Wigan","Lives in a communal establishment","Aged 65 years","Female",11
"E08000010","Wigan","Lives in a communal establishment","Aged 66 to 69 years","Female",43
"E08000010","Wigan","Lives in a communal establishment","Aged 70 to 74 years","Female",72
"E08000010","Wigan","Lives in a communal establishment","Aged 75 to 79 years","Female",117
"E08000010","Wigan","Lives in a communal establishment","Aged 80 to 84 years","Female",214
"E08000010","Wigan","Lives in a communal establishment","Aged 85 years and over","Female",640
"E08000011","Knowsley","Lives in a communal establishment","Total","Female",551
"E08000011","Knowsley","Lives in a communal establishment","Aged 2 years and under","Female",0
"E08000011","Knowsley","Lives in a communal establishment","Aged 3 to 4 years","Female",0
"E08000011","Knowsley","Lives in a communal establishment","Aged 5 to 7 years","Female",0
"E08000011","Knowsley","Lives in a communal establishment","Aged 8 to 9 years","Female",0
"E08000011","Knowsley","Lives in a communal establishment","Aged 10 to 14 years","Female",4
"E08000011","Knowsley","Lives in a communal establishment","Aged 15 years","Female",5
"E08000011","Knowsley","Lives in a communal establishment","Aged 16 to 17 years","Female",5
"E08000011","Knowsley","Lives in a communal establishment","Aged 18 to 19 years","Female",2
"E08000011","Knowsley","Lives in a communal establishment","Aged 20 to 24 years","Female",3
"E08000011","Knowsley","Lives in a communal establishment","Aged 25 to 29 years","Female",3
"E08000011","Knowsley","Lives in a communal establishment","Aged 30 to 34 years","Female",10
"E08000011","Knowsley","Lives in a communal establishment","Aged 35 to 39 years","Female",4
"E08000011","Knowsley","Lives in a communal establishment","Aged 40 to 44 years","Female",0
"E08000011","Knowsley","Lives in a communal establishment","Aged 45 to 49 years","Female",8
"E08000011","Knowsley","Lives in a communal establishment","Aged 50 to 54 years","Female",11
"E08000011","Knowsley","Lives in a communal establishment","Aged 55 to 59 years","Female",17
"E08000011","Knowsley","Lives in a communal establishment","Aged 60 to 64 years","Female",10
"E08000011","Knowsley","Lives in a communal establishment","Aged 65 years","Female",4
"E08000011","Knowsley","Lives in a communal establishment","Aged 66 to 69 years","Female",19
"E08000011","Knowsley","Lives in a communal establishment","Aged 70 to 74 years","Female",35
"E08000011","Knowsley","Lives in a communal establishment","Aged 75 to 79 years","Female",61
"E08000011","Knowsley","Lives in a communal establishment","Aged 80 to 84 years","Female",95
"E08000011","Knowsley","Lives in a communal establishment","Aged 85 years and over","Female",255
"E08000012","Liverpool","Lives in a communal establishment","Total","Female",11451
"E08000012","Liverpool","Lives in a communal establishment","Aged 2 years and under","Female",1
"E08000012","Liverpool","Lives in a communal establishment","Aged 3 to 4 years","Female",3
"E08000012","Liverpool","Lives in a communal establishment","Aged 5 to 7 years","Female",4
"E08000012","Liverpool","Lives in a communal establishment","Aged 8 to 9 years","Female",3
"E08000012","Liverpool","Lives in a communal establishment","Aged 10 to 14 years","Female",7
"E08000012","Liverpool","Lives in a communal establishment","Aged 15 years","Female",1
"E08000012","Liverpool","Lives in a communal establishment","Aged 16 to 17 years","Female",26
"E08000012","Liverpool","Lives in a communal establishment","Aged 18 to 19 years","Female",5284
"E08000012","Liverpool","Lives in a communal establishment","Aged 20 to 24 years","Female",3928
"E08000012","Liverpool","Lives in a communal establishment","Aged 25 to 29 years","Female",380
"E08000012","Liverpool","Lives in a communal establishment","Aged 30 to 34 years","Female",133
"E08000012","Liverpool","Lives in a communal establishment","Aged 35 to 39 years","Female",73
"E08000012","Liverpool","Lives in a communal establishment","Aged 40 to 44 years","Female",42
"E08000012","Liverpool","Lives in a communal establishment","Aged 45 to 49 years","Female",47
"E08000012","Liverpool","Lives in a communal establishment","Aged 50 to 54 years","Female",52
"E08000012","Liverpool","Lives in a communal establishment","Aged 55 to 59 years","Female",68
"E08000012","Liverpool","Lives in a communal establishment","Aged 60 to 64 years","Female",66
"E08000012","Liverpool","Lives in a communal establishment","Aged 65 years","Female",7
"E08000012","Liverpool","Lives in a communal establishment","Aged 66 to 69 years","Female",82
"E08000012","Liverpool","Lives in a communal establishment","Aged 70 to 74 years","Female",110
"E08000012","Liverpool","Lives in a communal establishment","Aged 75 to 79 years","Female",169
"E08000012","Liverpool","Lives in a communal establishment","Aged 80 to 84 years","Female",285
"E08000012","Liverpool","Lives in a communal establishment","Aged 85 years and over","Female",680
"E08000013","St. Helens","Lives in a communal establishment","Total","Female",742
"E08000013","St. Helens","Lives in a communal establishment","Aged 2 years and under","Female",0
"E08000013","St. Helens","Lives in a communal establishment","Aged 3 to 4 years","Female",0
"E08000013","St. Helens","Lives in a communal establishment","Aged 5 to 7 years","Female",0
"E08000013","St. Helens","Lives in a communal establishment","Aged 8 to 9 years","Female",0
"E08000013","St. Helens","Lives in a communal establishment","Aged 10 to 14 years","Female",2
"E08000013","St. Helens","Lives in a communal establishment","Aged 15 years","Female",4
"E08000013","St. Helens","Lives in a communal establishment","Aged 16 to 17 years","Female",13
"E08000013","St. Helens","Lives in a communal establishment","Aged 18 to 19 years","Female",11
"E08000013","St. Helens","Lives in a communal establishment","Aged 20 to 24 years","Female",6
"E08000013","St. Helens","Lives in a communal establishment","Aged 25 to 29 years","Female",4
"E08000013","St. Helens","Lives in a communal establishment","Aged 30 to 34 years","Female",13
"E08000013","St. Helens","Lives in a communal establishment","Aged 35 to 39 years","Female",7
"E08000013","St. Helens","Lives in a communal establishment","Aged 40 to 44 years","Female",3
"E08000013","St. Helens","Lives in a communal establishment","Aged 45 to 49 years","Female",7
"E08000013","St. Helens","Lives in a communal establishment","Aged 50 to 54 years","Female",8
"E08000013","St. Helens","Lives in a communal establishment","Aged 55 to 59 years","Female",22
"E08000013","St. Helens","Lives in a communal establishment","Aged 60 to 64 years","Female",15
"E08000013","St. Helens","Lives in a communal establishment","Aged 65 years","Female",6
"E08000013","St. Helens","Lives in a communal establishment","Aged 66 to 69 years","Female",26
"E08000013","St. Helens","Lives in a communal establishment","Aged 70 to 74 years","Female",33
"E08000013","St. Helens","Lives in a communal establishment","Aged 75 to 79 years","Female",66
"E08000013","St. Helens","Lives in a communal establishment","Aged 80 to 84 years","Female",128
"E08000013","St. Helens","Lives in a communal establishment","Aged 85 years and over","Female",368
"E08000014","Sefton","Lives in a communal establishment","Total","Female",2032
"E08000014","Sefton","Lives in a communal establishment","Aged 2 years and under","Female",0
"E08000014","Sefton","Lives in a communal establishment","Aged 3 to 4 years","Female",0
"E08000014","Sefton","Lives in a communal establishment","Aged 5 to 7 years","Female",4
"E08000014","Sefton","Lives in a communal establishment","Aged 8 to 9 years","Female",4
"E08000014","Sefton","Lives in a communal establishment","Aged 10 to 14 years","Female",13
"E08000014","Sefton","Lives in a communal establishment","Aged 15 years","Female",7
"E08000014","Sefton","Lives in a communal establishment","Aged 16 to 17 years","Female",13
"E08000014","Sefton","Lives in a communal establishment","Aged 18 to 19 years","Female",4
"E08000014","Sefton","Lives in a communal establishment","Aged 20 to 24 years","Female",14
"E08000014","Sefton","Lives in a communal establishment","Aged 25 to 29 years","Female",16
"E08000014","Sefton","Lives in a communal establishment","Aged 30 to 34 years","Female",10
"E08000014","Sefton","Lives in a communal establishment","Aged 35 to 39 years","Female",30
"E08000014","Sefton","Lives in a communal establishment","Aged 40 to 44 years","Female",20
"E08000014","Sefton","Lives in a communal establishment","Aged 45 to 49 years","Female",35
"E08000014","Sefton","Lives in a communal establishment","Aged 50 to 54 years","Female",44
"E08000014","Sefton","Lives in a communal establishment","Aged 55 to 59 years","Female",57
"E08000014","Sefton","Lives in a communal establishment","Aged 60 to 64 years","Female",70
"E08000014","Sefton","Lives in a communal establishment","Aged 65 years","Female",18
"E08000014","Sefton","Lives in a communal establishment","Aged 66 to 69 years","Female",82
"E08000014","Sefton","Lives in a communal establishment","Aged 70 to 74 years","Female",86
"E08000014","Sefton","Lives in a communal establishment","Aged 75 to 79 years","Female",168
"E08000014","Sefton","Lives in a communal establishment","Aged 80 to 84 years","Female",275
"E08000014","Sefton","Lives in a communal establishment","Aged 85 years and over","Female",1062
"E08000015","Wirral","Lives in a communal establishment","Total","Female",1704
"E08000015","Wirral","Lives in a communal establishment","Aged 2 years and under","Female",2
"E08000015","Wirral","Lives in a communal establishment","Aged 3 to 4 years","Female",0
"E08000015","Wirral","Lives in a communal establishment","Aged 5 to 7 years","Female",0
"E08000015","Wirral","Lives in a communal establishment","Aged 8 to 9 years","Female",0
"E08000015","Wirral","Lives in a communal establishment","Aged 10 to 14 years","Female",1
"E08000015","Wirral","Lives in a communal establishment","Aged 15 years","Female",1
"E08000015","Wirral","Lives in a communal establishment","Aged 16 to 17 years","Female",5
"E08000015","Wirral","Lives in a communal establishment","Aged 18 to 19 years","Female",5
"E08000015","Wirral","Lives in a communal establishment","Aged 20 to 24 years","Female",14
"E08000015","Wirral","Lives in a communal establishment","Aged 25 to 29 years","Female",17
"E08000015","Wirral","Lives in a communal establishment","Aged 30 to 34 years","Female",11
"E08000015","Wirral","Lives in a communal establishment","Aged 35 to 39 years","Female",12
"E08000015","Wirral","Lives in a communal establishment","Aged 40 to 44 years","Female",11
"E08000015","Wirral","Lives in a communal establishment","Aged 45 to 49 years","Female",36
"E08000015","Wirral","Lives in a communal establishment","Aged 50 to 54 years","Female",39
"E08000015","Wirral","Lives in a communal establishment","Aged 55 to 59 years","Female",44
"E08000015","Wirral","Lives in a communal establishment","Aged 60 to 64 years","Female",64
"E08000015","Wirral","Lives in a communal establishment","Aged 65 years","Female",17
"E08000015","Wirral","Lives in a communal establishment","Aged 66 to 69 years","Female",74
"E08000015","Wirral","Lives in a communal establishment","Aged 70 to 74 years","Female",76
"E08000015","Wirral","Lives in a communal establishment","Aged 75 to 79 years","Female",148
"E08000015","Wirral","Lives in a communal establishment","Aged 80 to 84 years","Female",270
"E08000015","Wirral","Lives in a communal establishment","Aged 85 years and over","Female",857
"E06000010","Kingston upon Hull, City of","Lives in a communal establishment","Total","Female",2046
"E06000010","Kingston upon Hull, City of","Lives in a communal establishment","Aged 2 years and under","Female",0
"E06000010","Kingston upon Hull, City of","Lives in a communal establishment","Aged 3 to 4 years","Female",0
"E06000010","Kingston upon Hull, City of","Lives in a communal establishment","Aged 5 to 7 years","Female",0
"E06000010","Kingston upon Hull, City of","Lives in a communal establishment","Aged 8 to 9 years","Female",2
"E06000010","Kingston upon Hull, City of","Lives in a communal establishment","Aged 10 to 14 years","Female",9
"E06000010","Kingston upon Hull, City of","Lives in a communal establishment","Aged 15 years","Female",1
"E06000010","Kingston upon Hull, City of","Lives in a communal establishment","Aged 16 to 17 years","Female",9
"E06000010","Kingston upon Hull, City of","Lives in a communal establishment","Aged 18 to 19 years","Female",486
"E06000010","Kingston upon Hull, City of","Lives in a communal establishment","Aged 20 to 24 years","Female",365
"E06000010","Kingston upon Hull, City of","Lives in a communal establishment","Aged 25 to 29 years","Female",33
"E06000010","Kingston upon Hull, City of","Lives in a communal establishment","Aged 30 to 34 years","Female",28
"E06000010","Kingston upon Hull, City of","Lives in a communal establishment","Aged 35 to 39 years","Female",30
"E06000010","Kingston upon Hull, City of","Lives in a communal establishment","Aged 40 to 44 years","Female",11
"E06000010","Kingston upon Hull, City of","Lives in a communal establishment","Aged 45 to 49 years","Female",17
"E06000010","Kingston upon Hull, City of","Lives in a communal establishment","Aged 50 to 54 years","Female",29
"E06000010","Kingston upon Hull, City of","Lives in a communal establishment","Aged 55 to 59 years","Female",43
"E06000010","Kingston upon Hull, City of","Lives in a communal establishment","Aged 60 to 64 years","Female",61
"E06000010","Kingston upon Hull, City of","Lives in a communal establishment","Aged 65 years","Female",16
"E06000010","Kingston upon Hull, City of","Lives in a communal establishment","Aged 66 to 69 years","Female",41
"E06000010","Kingston upon Hull, City of","Lives in a communal establishment","Aged 70 to 74 years","Female",91
"E06000010","Kingston upon Hull, City of","Lives in a communal establishment","Aged 75 to 79 years","Female",103
"E06000010","Kingston upon Hull, City of","Lives in a communal establishment","Aged 80 to 84 years","Female",190
"E06000010","Kingston upon Hull, City of","Lives in a communal establishment","Aged 85 years and over","Female",481
"E06000011","East Riding of Yorkshire","Lives in a communal establishment","Total","Female",2777
"E06000011","East Riding of Yorkshire","Lives in a communal establishment","Aged 2 years and under","Female",0
"E06000011","East Riding of Yorkshire","Lives in a communal establishment","Aged 3 to 4 years","Female",2
"E06000011","East Riding of Yorkshire","Lives in a communal establishment","Aged 5 to 7 years","Female",2
"E06000011","East Riding of Yorkshire","Lives in a communal establishment","Aged 8 to 9 years","Female",0
"E06000011","East Riding of Yorkshire","Lives in a communal establishment","Aged 10 to 14 years","Female",7
"E06000011","East Riding of Yorkshire","Lives in a communal establishment","Aged 15 years","Female",3
"E06000011","East Riding of Yorkshire","Lives in a communal establishment","Aged 16 to 17 years","Female",85
"E06000011","East Riding of Yorkshire","Lives in a communal establishment","Aged 18 to 19 years","Female",98
"E06000011","East Riding of Yorkshire","Lives in a communal establishment","Aged 20 to 24 years","Female",47
"E06000011","East Riding of Yorkshire","Lives in a communal establishment","Aged 25 to 29 years","Female",42
"E06000011","East Riding of Yorkshire","Lives in a communal establishment","Aged 30 to 34 years","Female",24
"E06000011","East Riding of Yorkshire","Lives in a communal establishment","Aged 35 to 39 years","Female",33
"E06000011","East Riding of Yorkshire","Lives in a communal establishment","Aged 40 to 44 years","Female",35
"E06000011","East Riding of Yorkshire","Lives in a communal establishment","Aged 45 to 49 years","Female",50
"E06000011","East Riding of Yorkshire","Lives in a communal establishment","Aged 50 to 54 years","Female",63
"E06000011","East Riding of Yorkshire","Lives in a communal establishment","Aged 55 to 59 years","Female",73
"E06000011","East Riding of Yorkshire","Lives in a communal establishment","Aged 60 to 64 years","Female",77
"E06000011","East Riding of Yorkshire","Lives in a communal establishment","Aged 65 years","Female",11
"E06000011","East Riding of Yorkshire","Lives in a communal establishment","Aged 66 to 69 years","Female",56
"E06000011","East Riding of Yorkshire","Lives in a communal establishment","Aged 70 to 74 years","Female",113
"E06000011","East Riding of Yorkshire","Lives in a communal establishment","Aged 75 to 79 years","Female",209
"E06000011","East Riding of Yorkshire","Lives in a communal establishment","Aged 80 to 84 years","Female",365
"E06000011","East Riding of Yorkshire","Lives in a communal establishment","Aged 85 years and over","Female",1382
"E06000012","North East Lincolnshire","Lives in a communal establishment","Total","Female",898
"E06000012","North East Lincolnshire","Lives in a communal establishment","Aged 2 years and under","Female",0
"E06000012","North East Lincolnshire","Lives in a communal establishment","Aged 3 to 4 years","Female",0
"E06000012","North East Lincolnshire","Lives in a communal establishment","Aged 5 to 7 years","Female",0
"E06000012","North East Lincolnshire","Lives in a communal establishment","Aged 8 to 9 years","Female",0
"E06000012","North East Lincolnshire","Lives in a communal establishment","Aged 10 to 14 years","Female",0
"E06000012","North East Lincolnshire","Lives in a communal establishment","Aged 15 years","Female",0
"E06000012","North East Lincolnshire","Lives in a communal establishment","Aged 16 to 17 years","Female",5
"E06000012","North East Lincolnshire","Lives in a communal establishment","Aged 18 to 19 years","Female",12
"E06000012","North East Lincolnshire","Lives in a communal establishment","Aged 20 to 24 years","Female",48
"E06000012","North East Lincolnshire","Lives in a communal establishment","Aged 25 to 29 years","Female",25
"E06000012","North East Lincolnshire","Lives in a communal establishment","Aged 30 to 34 years","Female",18
"E06000012","North East Lincolnshire","Lives in a communal establishment","Aged 35 to 39 years","Female",17
"E06000012","North East Lincolnshire","Lives in a communal establishment","Aged 40 to 44 years","Female",10
"E06000012","North East Lincolnshire","Lives in a communal establishment","Aged 45 to 49 years","Female",17
"E06000012","North East Lincolnshire","Lives in a communal establishment","Aged 50 to 54 years","Female",17
"E06000012","North East Lincolnshire","Lives in a communal establishment","Aged 55 to 59 years","Female",22
"E06000012","North East Lincolnshire","Lives in a communal establishment","Aged 60 to 64 years","Female",30
"E06000012","North East Lincolnshire","Lives in a communal establishment","Aged 65 years","Female",5
"E06000012","North East Lincolnshire","Lives in a communal establishment","Aged 66 to 69 years","Female",16
"E06000012","North East Lincolnshire","Lives in a communal establishment","Aged 70 to 74 years","Female",41
"E06000012","North East Lincolnshire","Lives in a communal establishment","Aged 75 to 79 years","Female",73
"E06000012","North East Lincolnshire","Lives in a communal establishment","Aged 80 to 84 years","Female",129
"E06000012","North East Lincolnshire","Lives in a communal establishment","Aged 85 years and over","Female",413
"E06000013","North Lincolnshire","Lives in a communal establishment","Total","Female",1034
"E06000013","North Lincolnshire","Lives in a communal establishment","Aged 2 years and under","Female",0
"E06000013","North Lincolnshire","Lives in a communal establishment","Aged 3 to 4 years","Female",0
"E06000013","North Lincolnshire","Lives in a communal establishment","Aged 5 to 7 years","Female",0
"E06000013","North Lincolnshire","Lives in a communal establishment","Aged 8 to 9 years","Female",1
"E06000013","North Lincolnshire","Lives in a communal establishment","Aged 10 to 14 years","Female",0
"E06000013","North Lincolnshire","Lives in a communal establishment","Aged 15 years","Female",1
"E06000013","North Lincolnshire","Lives in a communal establishment","Aged 16 to 17 years","Female",3
"E06000013","North Lincolnshire","Lives in a communal establishment","Aged 18 to 19 years","Female",3
"E06000013","North Lincolnshire","Lives in a communal establishment","Aged 20 to 24 years","Female",8
"E06000013","North Lincolnshire","Lives in a communal establishment","Aged 25 to 29 years","Female",13
"E06000013","North Lincolnshire","Lives in a communal establishment","Aged 30 to 34 years","Female",15
"E06000013","North Lincolnshire","Lives in a communal establishment","Aged 35 to 39 years","Female",9
"E06000013","North Lincolnshire","Lives in a communal establishment","Aged 40 to 44 years","Female",13
"E06000013","North Lincolnshire","Lives in a communal establishment","Aged 45 to 49 years","Female",13
"E06000013","North Lincolnshire","Lives in a communal establishment","Aged 50 to 54 years","Female",12
"E06000013","North Lincolnshire","Lives in a communal establishment","Aged 55 to 59 years","Female",35
"E06000013","North Lincolnshire","Lives in a communal establishment","Aged 60 to 64 years","Female",44
"E06000013","North Lincolnshire","Lives in a communal establishment","Aged 65 years","Female",6
"E06000013","North Lincolnshire","Lives in a communal establishment","Aged 66 to 69 years","Female",48
"E06000013","North Lincolnshire","Lives in a communal establishment","Aged 70 to 74 years","Female",52
"E06000013","North Lincolnshire","Lives in a communal establishment","Aged 75 to 79 years","Female",74
"E06000013","North Lincolnshire","Lives in a communal establishment","Aged 80 to 84 years","Female",144
"E06000013","North Lincolnshire","Lives in a communal establishment","Aged 85 years and over","Female",540
"E06000014","York","Lives in a communal establishment","Total","Female",6477
"E06000014","York","Lives in a communal establishment","Aged 2 years and under","Female",2
"E06000014","York","Lives in a communal establishment","Aged 3 to 4 years","Female",0
"E06000014","York","Lives in a communal establishment","Aged 5 to 7 years","Female",0
"E06000014","York","Lives in a communal establishment","Aged 8 to 9 years","Female",0
"E06000014","York","Lives in a communal establishment","Aged 10 to 14 years","Female",35
"E06000014","York","Lives in a communal establishment","Aged 15 years","Female",13
"E06000014","York","Lives in a communal establishment","Aged 16 to 17 years","Female",96
"E06000014","York","Lives in a communal establishment","Aged 18 to 19 years","Female",3079
"E06000014","York","Lives in a communal establishment","Aged 20 to 24 years","Female",1785
"E06000014","York","Lives in a communal establishment","Aged 25 to 29 years","Female",319
"E06000014","York","Lives in a communal establishment","Aged 30 to 34 years","Female",120
"E06000014","York","Lives in a communal establishment","Aged 35 to 39 years","Female",70
"E06000014","York","Lives in a communal establishment","Aged 40 to 44 years","Female",39
"E06000014","York","Lives in a communal establishment","Aged 45 to 49 years","Female",44
"E06000014","York","Lives in a communal establishment","Aged 50 to 54 years","Female",30
"E06000014","York","Lives in a communal establishment","Aged 55 to 59 years","Female",47
"E06000014","York","Lives in a communal establishment","Aged 60 to 64 years","Female",37
"E06000014","York","Lives in a communal establishment","Aged 65 years","Female",1
"E06000014","York","Lives in a communal establishment","Aged 66 to 69 years","Female",29
"E06000014","York","Lives in a communal establishment","Aged 70 to 74 years","Female",30
"E06000014","York","Lives in a communal establishment","Aged 75 to 79 years","Female",70
"E06000014","York","Lives in a communal establishment","Aged 80 to 84 years","Female",118
"E06000014","York","Lives in a communal establishment","Aged 85 years and over","Female",513
"E06000065","North Yorkshire","Lives in a communal establishment","Total","Female",4817
"E06000065","North Yorkshire","Lives in a communal establishment","Aged 2 years and under","Female",3
"E06000065","North Yorkshire","Lives in a communal establishment","Aged 3 to 4 years","Female",0
"E06000065","North Yorkshire","Lives in a communal establishment","Aged 5 to 7 years","Female",10
"E06000065","North Yorkshire","Lives in a communal establishment","Aged 8 to 9 years","Female",11
"E06000065","North Yorkshire","Lives in a communal establishment","Aged 10 to 14 years","Female",345
"E06000065","North Yorkshire","Lives in a communal establishment","Aged 15 years","Female",112
"E06000065","North Yorkshire","Lives in a communal establishment","Aged 16 to 17 years","Female",395
"E06000065","North Yorkshire","Lives in a communal establishment","Aged 18 to 19 years","Female",174
"E06000065","North Yorkshire","Lives in a communal establishment","Aged 20 to 24 years","Female",137
"E06000065","North Yorkshire","Lives in a communal establishment","Aged 25 to 29 years","Female",125
"E06000065","North Yorkshire","Lives in a communal establishment","Aged 30 to 34 years","Female",94
"E06000065","North Yorkshire","Lives in a communal establishment","Aged 35 to 39 years","Female",55
"E06000065","North Yorkshire","Lives in a communal establishment","Aged 40 to 44 years","Female",67
"E06000065","North Yorkshire","Lives in a communal establishment","Aged 45 to 49 years","Female",80
"E06000065","North Yorkshire","Lives in a communal establishment","Aged 50 to 54 years","Female",110
"E06000065","North Yorkshire","Lives in a communal establishment","Aged 55 to 59 years","Female",99
"E06000065","North Yorkshire","Lives in a communal establishment","Aged 60 to 64 years","Female",125
"E06000065","North Yorkshire","Lives in a communal establishment","Aged 65 years","Female",20
"E06000065","North Yorkshire","Lives in a communal establishment","Aged 66 to 69 years","Female",95
"E06000065","North Yorkshire","Lives in a communal establishment","Aged 70 to 74 years","Female",160
"E06000065","North Yorkshire","Lives in a communal establishment","Aged 75 to 79 years","Female",271
"E06000065","North Yorkshire","Lives in a communal establishment","Aged 80 to 84 years","Female",477
"E06000065","North Yorkshire","Lives in a communal establishment","Aged 85 years and over","Female",1852
"E08000016","Barnsley","Lives in a communal establishment","Total","Female",1041
"E08000016","Barnsley","Lives in a communal establishment","Aged 2 years and under","Female",0
"E08000016","Barnsley","Lives in a communal establishment","Aged 3 to 4 years","Female",0
"E08000016","Barnsley","Lives in a communal establishment","Aged 5 to 7 years","Female",0
"E08000016","Barnsley","Lives in a communal establishment","Aged 8 to 9 years","Female",0
"E08000016","Barnsley","Lives in a communal establishment","Aged 10 to 14 years","Female",0
"E08000016","Barnsley","Lives in a communal establishment","Aged 15 years","Female",0
"E08000016","Barnsley","Lives in a communal establishment","Aged 16 to 17 years","Female",8
"E08000016","Barnsley","Lives in a communal establishment","Aged 18 to 19 years","Female",2
"E08000016","Barnsley","Lives in a communal establishment","Aged 20 to 24 years","Female",10
"E08000016","Barnsley","Lives in a communal establishment","Aged 25 to 29 years","Female",7
"E08000016","Barnsley","Lives in a communal establishment","Aged 30 to 34 years","Female",11
"E08000016","Barnsley","Lives in a communal establishment","Aged 35 to 39 years","Female",10
"E08000016","Barnsley","Lives in a communal establishment","Aged 40 to 44 years","Female",10
"E08000016","Barnsley","Lives in a communal establishment","Aged 45 to 49 years","Female",11
"E08000016","Barnsley","Lives in a communal establishment","Aged 50 to 54 years","Female",29
"E08000016","Barnsley","Lives in a communal establishment","Aged 55 to 59 years","Female",26
"E08000016","Barnsley","Lives in a communal establishment","Aged 60 to 64 years","Female",29
"E08000016","Barnsley","Lives in a communal establishment","Aged 65 years","Female",6
"E08000016","Barnsley","Lives in a communal establishment","Aged 66 to 69 years","Female",38
"E08000016","Barnsley","Lives in a communal establishment","Aged 70 to 74 years","Female",52
"E08000016","Barnsley","Lives in a communal establishment","Aged 75 to 79 years","Female",122
"E08000016","Barnsley","Lives in a communal establishment","Aged 80 to 84 years","Female",165
"E08000016","Barnsley","Lives in a communal establishment","Aged 85 years and over","Female",505
"E08000017","Doncaster","Lives in a communal establishment","Total","Female",1171
"E08000017","Doncaster","Lives in a communal establishment","Aged 2 years and under","Female",0
"E08000017","Doncaster","Lives in a communal establishment","Aged 3 to 4 years","Female",0
"E08000017","Doncaster","Lives in a communal establishment","Aged 5 to 7 years","Female",0
"E08000017","Doncaster","Lives in a communal establishment","Aged 8 to 9 years","Female",0
"E08000017","Doncaster","Lives in a communal establishment","Aged 10 to 14 years","Female",10
"E08000017","Doncaster","Lives in a communal establishment","Aged 15 years","Female",3
"E08000017","Doncaster","Lives in a communal establishment","Aged 16 to 17 years","Female",26
"E08000017","Doncaster","Lives in a communal establishment","Aged 18 to 19 years","Female",23
"E08000017","Doncaster","Lives in a communal establishment","Aged 20 to 24 years","Female",24
"E08000017","Doncaster","Lives in a communal establishment","Aged 25 to 29 years","Female",26
"E08000017","Doncaster","Lives in a communal establishment","Aged 30 to 34 years","Female",30
"E08000017","Doncaster","Lives in a communal establishment","Aged 35 to 39 years","Female",39
"E08000017","Doncaster","Lives in a communal establishment","Aged 40 to 44 years","Female",18
"E08000017","Doncaster","Lives in a communal establishment","Aged 45 to 49 years","Female",17
"E08000017","Doncaster","Lives in a communal establishment","Aged 50 to 54 years","Female",21
"E08000017","Doncaster","Lives in a communal establishment","Aged 55 to 59 years","Female",34
"E08000017","Doncaster","Lives in a communal establishment","Aged 60 to 64 years","Female",33
"E08000017","Doncaster","Lives in a communal establishment","Aged 65 years","Female",10
"E08000017","Doncaster","Lives in a communal establishment","Aged 66 to 69 years","Female",33
"E08000017","Doncaster","Lives in a communal establishment","Aged 70 to 74 years","Female",59
"E08000017","Doncaster","Lives in a communal establishment","Aged 75 to 79 years","Female",96
"E08000017","Doncaster","Lives in a communal establishment","Aged 80 to 84 years","Female",150
"E08000017","Doncaster","Lives in a communal establishment","Aged 85 years and over","Female",519
"E08000018","Rotherham","Lives in a communal establishment","Total","Female",1071
"E08000018","Rotherham","Lives in a communal establishment","Aged 2 years and under","Female",0
"E08000018","Rotherham","Lives in a communal establishment","Aged 3 to 4 years","Female",0
"E08000018","Rotherham","Lives in a communal establishment","Aged 5 to 7 years","Female",0
"E08000018","Rotherham","Lives in a communal establishment","Aged 8 to 9 years","Female",0
"E08000018","Rotherham","Lives in a communal establishment","Aged 10 to 14 years","Female",3
"E08000018","Rotherham","Lives in a communal establishment","Aged 15 years","Female",0
"E08000018","Rotherham","Lives in a communal establishment","Aged 16 to 17 years","Female",9
"E08000018","Rotherham","Lives in a communal establishment","Aged 18 to 19 years","Female",4
"E08000018","Rotherham","Lives in a communal establishment","Aged 20 to 24 years","Female",11
"E08000018","Rotherham","Lives in a communal establishment","Aged 25 to 29 years","Female",38
"E08000018","Rotherham","Lives in a communal establishment","Aged 30 to 34 years","Female",22
"E08000018","Rotherham","Lives in a communal establishment","Aged 35 to 39 years","Female",19
"E08000018","Rotherham","Lives in a communal establishment","Aged 40 to 44 years","Female",26
"E08000018","Rotherham","Lives in a communal establishment","Aged 45 to 49 years","Female",24
"E08000018","Rotherham","Lives in a communal establishment","Aged 50 to 54 years","Female",35
"E08000018","Rotherham","Lives in a communal establishment","Aged 55 to 59 years","Female",45
"E08000018","Rotherham","Lives in a communal establishment","Aged 60 to 64 years","Female",29
"E08000018","Rotherham","Lives in a communal establishment","Aged 65 years","Female",5
"E08000018","Rotherham","Lives in a communal establishment","Aged 66 to 69 years","Female",29
"E08000018","Rotherham","Lives in a communal establishment","Aged 70 to 74 years","Female",49
"E08000018","Rotherham","Lives in a communal establishment","Aged 75 to 79 years","Female",104
"E08000018","Rotherham","Lives in a communal establishment","Aged 80 to 84 years","Female",164
"E08000018","Rotherham","Lives in a communal establishment","Aged 85 years and over","Female",455
"E08000019","Sheffield","Lives in a communal establishment","Total","Female",10682
"E08000019","Sheffield","Lives in a communal establishment","Aged 2 years and under","Female",0
"E08000019","Sheffield","Lives in a communal establishment","Aged 3 to 4 years","Female",3
"E08000019","Sheffield","Lives in a communal establishment","Aged 5 to 7 years","Female",1
"E08000019","Sheffield","Lives in a communal establishment","Aged 8 to 9 years","Female",3
"E08000019","Sheffield","Lives in a communal establishment","Aged 10 to 14 years","Female",12
"E08000019","Sheffield","Lives in a communal establishment","Aged 15 years","Female",6
"E08000019","Sheffield","Lives in a communal establishment","Aged 16 to 17 years","Female",35
"E08000019","Sheffield","Lives in a communal establishment","Aged 18 to 19 years","Female",3938
"E08000019","Sheffield","Lives in a communal establishment","Aged 20 to 24 years","Female",3589
"E08000019","Sheffield","Lives in a communal establishment","Aged 25 to 29 years","Female",639
"E08000019","Sheffield","Lives in a communal establishment","Aged 30 to 34 years","Female",188
"E08000019","Sheffield","Lives in a communal establishment","Aged 35 to 39 years","Female",72
"E08000019","Sheffield","Lives in a communal establishment","Aged 40 to 44 years","Female",35
"E08000019","Sheffield","Lives in a communal establishment","Aged 45 to 49 years","Female",59
"E08000019","Sheffield","Lives in a communal establishment","Aged 50 to 54 years","Female",43
"E08000019","Sheffield","Lives in a communal establishment","Aged 55 to 59 years","Female",70
"E08000019","Sheffield","Lives in a communal establishment","Aged 60 to 64 years","Female",65
"E08000019","Sheffield","Lives in a communal establishment","Aged 65 years","Female",22
"E08000019","Sheffield","Lives in a communal establishment","Aged 66 to 69 years","Female",76
"E08000019","Sheffield","Lives in a communal establishment","Aged 70 to 74 years","Female",137
"E08000019","Sheffield","Lives in a communal establishment","Aged 75 to 79 years","Female",223
"E08000019","Sheffield","Lives in a communal establishment","Aged 80 to 84 years","Female",359
"E08000019","Sheffield","Lives in a communal establishment","Aged 85 years and over","Female",1107
"E08000032","Bradford","Lives in a communal establishment","Total","Female",3315
"E08000032","Bradford","Lives in a communal establishment","Aged 2 years and under","Female",0
"E08000032","Bradford","Lives in a communal establishment","Aged 3 to 4 years","Female",1
"E08000032","Bradford","Lives in a communal establishment","Aged 5 to 7 years","Female",2
"E08000032","Bradford","Lives in a communal establishment","Aged 8 to 9 years","Female",5
"E08000032","Bradford","Lives in a communal establishment","Aged 10 to 14 years","Female",294
"E08000032","Bradford","Lives in a communal establishment","Aged 15 years","Female",59
"E08000032","Bradford","Lives in a communal establishment","Aged 16 to 17 years","Female",144
"E08000032","Bradford","Lives in a communal establishment","Aged 18 to 19 years","Female",270
"E08000032","Bradford","Lives in a communal establishment","Aged 20 to 24 years","Female",510
"E08000032","Bradford","Lives in a communal establishment","Aged 25 to 29 years","Female",104
"E08000032","Bradford","Lives in a communal establishment","Aged 30 to 34 years","Female",44
"E08000032","Bradford","Lives in a communal establishment","Aged 35 to 39 years","Female",56
"E08000032","Bradford","Lives in a communal establishment","Aged 40 to 44 years","Female",29
"E08000032","Bradford","Lives in a communal establishment","Aged 45 to 49 years","Female",38
"E08000032","Bradford","Lives in a communal establishment","Aged 50 to 54 years","Female",34
"E08000032","Bradford","Lives in a communal establishment","Aged 55 to 59 years","Female",84
"E08000032","Bradford","Lives in a communal establishment","Aged 60 to 64 years","Female",97
"E08000032","Bradford","Lives in a communal establishment","Aged 65 years","Female",21
"E08000032","Bradford","Lives in a communal establishment","Aged 66 to 69 years","Female",77
"E08000032","Bradford","Lives in a communal establishment","Aged 70 to 74 years","Female",102
"E08000032","Bradford","Lives in a communal establishment","Aged 75 to 79 years","Female",144
"E08000032","Bradford","Lives in a communal establishment","Aged 80 to 84 years","Female",269
"E08000032","Bradford","Lives in a communal establishment","Aged 85 years and over","Female",931
"E08000033","Calderdale","Lives in a communal establishment","Total","Female",763
"E08000033","Calderdale","Lives in a communal establishment","Aged 2 years and under","Female",0
"E08000033","Calderdale","Lives in a communal establishment","Aged 3 to 4 years","Female",0
"E08000033","Calderdale","Lives in a communal establishment","Aged 5 to 7 years","Female",0
"E08000033","Calderdale","Lives in a communal establishment","Aged 8 to 9 years","Female",1
"E08000033","Calderdale","Lives in a communal establishment","Aged 10 to 14 years","Female",4
"E08000033","Calderdale","Lives in a communal establishment","Aged 15 years","Female",0
"E08000033","Calderdale","Lives in a communal establishment","Aged 16 to 17 years","Female",13
"E08000033","Calderdale","Lives in a communal establishment","Aged 18 to 19 years","Female",3
"E08000033","Calderdale","Lives in a communal establishment","Aged 20 to 24 years","Female",5
"E08000033","Calderdale","Lives in a communal establishment","Aged 25 to 29 years","Female",6
"E08000033","Calderdale","Lives in a communal establishment","Aged 30 to 34 years","Female",2
"E08000033","Calderdale","Lives in a communal establishment","Aged 35 to 39 years","Female",7
"E08000033","Calderdale","Lives in a communal establishment","Aged 40 to 44 years","Female",13
"E08000033","Calderdale","Lives in a communal establishment","Aged 45 to 49 years","Female",6
"E08000033","Calderdale","Lives in a communal establishment","Aged 50 to 54 years","Female",3
"E08000033","Calderdale","Lives in a communal establishment","Aged 55 to 59 years","Female",13
"E08000033","Calderdale","Lives in a communal establishment","Aged 60 to 64 years","Female",14
"E08000033","Calderdale","Lives in a communal establishment","Aged 65 years","Female",1
"E08000033","Calderdale","Lives in a communal establishment","Aged 66 to 69 years","Female",24
"E08000033","Calderdale","Lives in a communal establishment","Aged 70 to 74 years","Female",32
"E08000033","Calderdale","Lives in a communal establishment","Aged 75 to 79 years","Female",72
"E08000033","Calderdale","Lives in a communal establishment","Aged 80 to 84 years","Female",119
"E08000033","Calderdale","Lives in a communal establishment","Aged 85 years and over","Female",425
"E08000034","Kirklees","Lives in a communal establishment","Total","Female",3153
"E08000034","Kirklees","Lives in a communal establishment","Aged 2 years and under","Female",1
"E08000034","Kirklees","Lives in a communal establishment","Aged 3 to 4 years","Female",0
"E08000034","Kirklees","Lives in a communal establishment","Aged 5 to 7 years","Female",0
"E08000034","Kirklees","Lives in a communal establishment","Aged 8 to 9 years","Female",1
"E08000034","Kirklees","Lives in a communal establishment","Aged 10 to 14 years","Female",4
"E08000034","Kirklees","Lives in a communal establishment","Aged 15 years","Female",1
"E08000034","Kirklees","Lives in a communal establishment","Aged 16 to 17 years","Female",4
"E08000034","Kirklees","Lives in a communal establishment","Aged 18 to 19 years","Female",549
"E08000034","Kirklees","Lives in a communal establishment","Aged 20 to 24 years","Female",701
"E08000034","Kirklees","Lives in a communal establishment","Aged 25 to 29 years","Female",86
"E08000034","Kirklees","Lives in a communal establishment","Aged 30 to 34 years","Female",42
"E08000034","Kirklees","Lives in a communal establishment","Aged 35 to 39 years","Female",49
"E08000034","Kirklees","Lives in a communal establishment","Aged 40 to 44 years","Female",38
"E08000034","Kirklees","Lives in a communal establishment","Aged 45 to 49 years","Female",39
"E08000034","Kirklees","Lives in a communal establishment","Aged 50 to 54 years","Female",72
"E08000034","Kirklees","Lives in a communal establishment","Aged 55 to 59 years","Female",63
"E08000034","Kirklees","Lives in a communal establishment","Aged 60 to 64 years","Female",58
"E08000034","Kirklees","Lives in a communal establishment","Aged 65 years","Female",11
"E08000034","Kirklees","Lives in a communal establishment","Aged 66 to 69 years","Female",51
"E08000034","Kirklees","Lives in a communal establishment","Aged 70 to 74 years","Female",106
"E08000034","Kirklees","Lives in a communal establishment","Aged 75 to 79 years","Female",160
"E08000034","Kirklees","Lives in a communal establishment","Aged 80 to 84 years","Female",248
"E08000034","Kirklees","Lives in a communal establishment","Aged 85 years and over","Female",869
"E08000035","Leeds","Lives in a communal establishment","Total","Female",11396
"E08000035","Leeds","Lives in a communal establishment","Aged 2 years and under","Female",5
"E08000035","Leeds","Lives in a communal establishment","Aged 3 to 4 years","Female",6
"E08000035","Leeds","Lives in a communal establishment","Aged 5 to 7 years","Female",13
"E08000035","Leeds","Lives in a communal establishment","Aged 8 to 9 years","Female",1
"E08000035","Leeds","Lives in a communal establishment","Aged 10 to 14 years","Female",15
"E08000035","Leeds","Lives in a communal establishment","Aged 15 years","Female",17
"E08000035","Leeds","Lives in a communal establishment","Aged 16 to 17 years","Female",41
"E08000035","Leeds","Lives in a communal establishment","Aged 18 to 19 years","Female",5168
"E08000035","Leeds","Lives in a communal establishment","Aged 20 to 24 years","Female",2818
"E08000035","Leeds","Lives in a communal establishment","Aged 25 to 29 years","Female",421
"E08000035","Leeds","Lives in a communal establishment","Aged 30 to 34 years","Female",188
"E08000035","Leeds","Lives in a communal establishment","Aged 35 to 39 years","Female",90
"E08000035","Leeds","Lives in a communal establishment","Aged 40 to 44 years","Female",60
"E08000035","Leeds","Lives in a communal establishment","Aged 45 to 49 years","Female",51
"E08000035","Leeds","Lives in a communal establishment","Aged 50 to 54 years","Female",59
"E08000035","Leeds","Lives in a communal establishment","Aged 55 to 59 years","Female",75
"E08000035","Leeds","Lives in a communal establishment","Aged 60 to 64 years","Female",70
"E08000035","Leeds","Lives in a communal establishment","Aged 65 years","Female",10
"E08000035","Leeds","Lives in a communal establishment","Aged 66 to 69 years","Female",68
"E08000035","Leeds","Lives in a communal establishment","Aged 70 to 74 years","Female",141
"E08000035","Leeds","Lives in a communal establishment","Aged 75 to 79 years","Female",245
"E08000035","Leeds","Lives in a communal establishment","Aged 80 to 84 years","Female",385
"E08000035","Leeds","Lives in a communal establishment","Aged 85 years and over","Female",1449
"E08000036","Wakefield","Lives in a communal establishment","Total","Female",1698
"E08000036","Wakefield","Lives in a communal establishment","Aged 2 years and under","Female",7
"E08000036","Wakefield","Lives in a communal establishment","Aged 3 to 4 years","Female",0
"E08000036","Wakefield","Lives in a communal establishment","Aged 5 to 7 years","Female",0
"E08000036","Wakefield","Lives in a communal establishment","Aged 8 to 9 years","Female",1
"E08000036","Wakefield","Lives in a communal establishment","Aged 10 to 14 years","Female",11
"E08000036","Wakefield","Lives in a communal establishment","Aged 15 years","Female",2
"E08000036","Wakefield","Lives in a communal establishment","Aged 16 to 17 years","Female",14
"E08000036","Wakefield","Lives in a communal establishment","Aged 18 to 19 years","Female",16
"E08000036","Wakefield","Lives in a communal establishment","Aged 20 to 24 years","Female",33
"E08000036","Wakefield","Lives in a communal establishment","Aged 25 to 29 years","Female",65
"E08000036","Wakefield","Lives in a communal establishment","Aged 30 to 34 years","Female",84
"E08000036","Wakefield","Lives in a communal establishment","Aged 35 to 39 years","Female",57
"E08000036","Wakefield","Lives in a communal establishment","Aged 40 to 44 years","Female",51
"E08000036","Wakefield","Lives in a communal establishment","Aged 45 to 49 years","Female",47
"E08000036","Wakefield","Lives in a communal establishment","Aged 50 to 54 years","Female",62
"E08000036","Wakefield","Lives in a communal establishment","Aged 55 to 59 years","Female",45
"E08000036","Wakefield","Lives in a communal establishment","Aged 60 to 64 years","Female",41
"E08000036","Wakefield","Lives in a communal establishment","Aged 65 years","Female",11
"E08000036","Wakefield","Lives in a communal establishment","Aged 66 to 69 years","Female",41
"E08000036","Wakefield","Lives in a communal establishment","Aged 70 to 74 years","Female",87
"E08000036","Wakefield","Lives in a communal establishment","Aged 75 to 79 years","Female",141
"E08000036","Wakefield","Lives in a communal establishment","Aged 80 to 84 years","Female",212
"E08000036","Wakefield","Lives in a communal establishment","Aged 85 years and over","Female",670
"E06000015","Derby","Lives in a communal establishment","Total","Female",2338
"E06000015","Derby","Lives in a communal establishment","Aged 2 years and under","Female",1
"E06000015","Derby","Lives in a communal establishment","Aged 3 to 4 years","Female",3
"E06000015","Derby","Lives in a communal establishment","Aged 5 to 7 years","Female",1
"E06000015","Derby","Lives in a communal establishment","Aged 8 to 9 years","Female",1
"E06000015","Derby","Lives in a communal establishment","Aged 10 to 14 years","Female",1
"E06000015","Derby","Lives in a communal establishment","Aged 15 years","Female",4
"E06000015","Derby","Lives in a communal establishment","Aged 16 to 17 years","Female",10
"E06000015","Derby","Lives in a communal establishment","Aged 18 to 19 years","Female",630
"E06000015","Derby","Lives in a communal establishment","Aged 20 to 24 years","Female",575
"E06000015","Derby","Lives in a communal establishment","Aged 25 to 29 years","Female",73
"E06000015","Derby","Lives in a communal establishment","Aged 30 to 34 years","Female",34
"E06000015","Derby","Lives in a communal establishment","Aged 35 to 39 years","Female",13
"E06000015","Derby","Lives in a communal establishment","Aged 40 to 44 years","Female",23
"E06000015","Derby","Lives in a communal establishment","Aged 45 to 49 years","Female",18
"E06000015","Derby","Lives in a communal establishment","Aged 50 to 54 years","Female",13
"E06000015","Derby","Lives in a communal establishment","Aged 55 to 59 years","Female",36
"E06000015","Derby","Lives in a communal establishment","Aged 60 to 64 years","Female",30
"E06000015","Derby","Lives in a communal establishment","Aged 65 years","Female",10
"E06000015","Derby","Lives in a communal establishment","Aged 66 to 69 years","Female",19
"E06000015","Derby","Lives in a communal establishment","Aged 70 to 74 years","Female",58
"E06000015","Derby","Lives in a communal establishment","Aged 75 to 79 years","Female",106
"E06000015","Derby","Lives in a communal establishment","Aged 80 to 84 years","Female",159
"E06000015","Derby","Lives in a communal establishment","Aged 85 years and over","Female",520
"E06000016","Leicester","Lives in a communal establishment","Total","Female",7300
"E06000016","Leicester","Lives in a communal establishment","Aged 2 years and under","Female",1
"E06000016","Leicester","Lives in a communal establishment","Aged 3 to 4 years","Female",2
"E06000016","Leicester","Lives in a communal establishment","Aged 5 to 7 years","Female",0
"E06000016","Leicester","Lives in a communal establishment","Aged 8 to 9 years","Female",0
"E06000016","Leicester","Lives in a communal establishment","Aged 10 to 14 years","Female",1
"E06000016","Leicester","Lives in a communal establishment","Aged 15 years","Female",3
"E06000016","Leicester","Lives in a communal establishment","Aged 16 to 17 years","Female",50
"E06000016","Leicester","Lives in a communal establishment","Aged 18 to 19 years","Female",2503
"E06000016","Leicester","Lives in a communal establishment","Aged 20 to 24 years","Female",3146
"E06000016","Leicester","Lives in a communal establishment","Aged 25 to 29 years","Female",236
"E06000016","Leicester","Lives in a communal establishment","Aged 30 to 34 years","Female",66
"E06000016","Leicester","Lives in a communal establishment","Aged 35 to 39 years","Female",33
"E06000016","Leicester","Lives in a communal establishment","Aged 40 to 44 years","Female",22
"E06000016","Leicester","Lives in a communal establishment","Aged 45 to 49 years","Female",35
"E06000016","Leicester","Lives in a communal establishment","Aged 50 to 54 years","Female",55
"E06000016","Leicester","Lives in a communal establishment","Aged 55 to 59 years","Female",38
"E06000016","Leicester","Lives in a communal establishment","Aged 60 to 64 years","Female",84
"E06000016","Leicester","Lives in a communal establishment","Aged 65 years","Female",17
"E06000016","Leicester","Lives in a communal establishment","Aged 66 to 69 years","Female",59
"E06000016","Leicester","Lives in a communal establishment","Aged 70 to 74 years","Female",88
"E06000016","Leicester","Lives in a communal establishment","Aged 75 to 79 years","Female",140
"E06000016","Leicester","Lives in a communal establishment","Aged 80 to 84 years","Female",168
"E06000016","Leicester","Lives in a communal establishment","Aged 85 years and over","Female",553
"E06000017","Rutland","Lives in a communal establishment","Total","Female",800
"E06000017","Rutland","Lives in a communal establishment","Aged 2 years and under","Female",10
"E06000017","Rutland","Lives in a communal establishment","Aged 3 to 4 years","Female",5
"E06000017","Rutland","Lives in a communal establishment","Aged 5 to 7 years","Female",6
"E06000017","Rutland","Lives in a communal establishment","Aged 8 to 9 years","Female",1
"E06000017","Rutland","Lives in a communal establishment","Aged 10 to 14 years","Female",116
"E06000017","Rutland","Lives in a communal establishment","Aged 15 years","Female",73
"E06000017","Rutland","Lives in a communal establishment","Aged 16 to 17 years","Female",193
"E06000017","Rutland","Lives in a communal establishment","Aged 18 to 19 years","Female",86
"E06000017","Rutland","Lives in a communal establishment","Aged 20 to 24 years","Female",32
"E06000017","Rutland","Lives in a communal establishment","Aged 25 to 29 years","Female",39
"E06000017","Rutland","Lives in a communal establishment","Aged 30 to 34 years","Female",16
"E06000017","Rutland","Lives in a communal establishment","Aged 35 to 39 years","Female",16
"E06000017","Rutland","Lives in a communal establishment","Aged 40 to 44 years","Female",13
"E06000017","Rutland","Lives in a communal establishment","Aged 45 to 49 years","Female",8
"E06000017","Rutland","Lives in a communal establishment","Aged 50 to 54 years","Female",8
"E06000017","Rutland","Lives in a communal establishment","Aged 55 to 59 years","Female",5
"E06000017","Rutland","Lives in a communal establishment","Aged 60 to 64 years","Female",3
"E06000017","Rutland","Lives in a communal establishment","Aged 65 years","Female",1
"E06000017","Rutland","Lives in a communal establishment","Aged 66 to 69 years","Female",4
"E06000017","Rutland","Lives in a communal establishment","Aged 70 to 74 years","Female",9
"E06000017","Rutland","Lives in a communal establishment","Aged 75 to 79 years","Female",20
"E06000017","Rutland","Lives in a communal establishment","Aged 80 to 84 years","Female",29
"E06000017","Rutland","Lives in a communal establishment","Aged 85 years and over","Female",107
"E06000018","Nottingham","Lives in a communal establishment","Total","Female",11379
"E06000018","Nottingham","Lives in a communal establishment","Aged 2 years and under","Female",5
"E06000018","Nottingham","Lives in a communal establishment","Aged 3 to 4 years","Female",2
"E06000018","Nottingham","Lives in a communal establishment","Aged 5 to 7 years","Female",3
"E06000018","Nottingham","Lives in a communal establishment","Aged 8 to 9 years","Female",0
"E06000018","Nottingham","Lives in a communal establishment","Aged 10 to 14 years","Female",61
"E06000018","Nottingham","Lives in a communal establishment","Aged 15 years","Female",12
"E06000018","Nottingham","Lives in a communal establishment","Aged 16 to 17 years","Female",56
"E06000018","Nottingham","Lives in a communal establishment","Aged 18 to 19 years","Female",6109
"E06000018","Nottingham","Lives in a communal establishment","Aged 20 to 24 years","Female",3821
"E06000018","Nottingham","Lives in a communal establishment","Aged 25 to 29 years","Female",289
"E06000018","Nottingham","Lives in a communal establishment","Aged 30 to 34 years","Female",107
"E06000018","Nottingham","Lives in a communal establishment","Aged 35 to 39 years","Female",38
"E06000018","Nottingham","Lives in a communal establishment","Aged 40 to 44 years","Female",30
"E06000018","Nottingham","Lives in a communal establishment","Aged 45 to 49 years","Female",13
"E06000018","Nottingham","Lives in a communal establishment","Aged 50 to 54 years","Female",24
"E06000018","Nottingham","Lives in a communal establishment","Aged 55 to 59 years","Female",36
"E06000018","Nottingham","Lives in a communal establishment","Aged 60 to 64 years","Female",46
"E06000018","Nottingham","Lives in a communal establishment","Aged 65 years","Female",11
"E06000018","Nottingham","Lives in a communal establishment","Aged 66 to 69 years","Female",36
"E06000018","Nottingham","Lives in a communal establishment","Aged 70 to 74 years","Female",62
"E06000018","Nottingham","Lives in a communal establishment","Aged 75 to 79 years","Female",89
"E06000018","Nottingham","Lives in a communal establishment","Aged 80 to 84 years","Female",106
"E06000018","Nottingham","Lives in a communal establishment","Aged 85 years and over","Female",423
"E06000061","North Northamptonshire","Lives in a communal establishment","Total","Female",2008
"E06000061","North Northamptonshire","Lives in a communal establishment","Aged 2 years and under","Female",5
"E06000061","North Northamptonshire","Lives in a communal establishment","Aged 3 to 4 years","Female",3
"E06000061","North Northamptonshire","Lives in a communal establishment","Aged 5 to 7 years","Female",1
"E06000061","North Northamptonshire","Lives in a communal establishment","Aged 8 to 9 years","Female",4
"E06000061","North Northamptonshire","Lives in a communal establishment","Aged 10 to 14 years","Female",161
"E06000061","North Northamptonshire","Lives in a communal establishment","Aged 15 years","Female",41
"E06000061","North Northamptonshire","Lives in a communal establishment","Aged 16 to 17 years","Female",110
"E06000061","North Northamptonshire","Lives in a communal establishment","Aged 18 to 19 years","Female",34
"E06000061","North Northamptonshire","Lives in a communal establishment","Aged 20 to 24 years","Female",16
"E06000061","North Northamptonshire","Lives in a communal establishment","Aged 25 to 29 years","Female",47
"E06000061","North Northamptonshire","Lives in a communal establishment","Aged 30 to 34 years","Female",46
"E06000061","North Northamptonshire","Lives in a communal establishment","Aged 35 to 39 years","Female",32
"E06000061","North Northamptonshire","Lives in a communal establishment","Aged 40 to 44 years","Female",37
"E06000061","North Northamptonshire","Lives in a communal establishment","Aged 45 to 49 years","Female",53
"E06000061","North Northamptonshire","Lives in a communal establishment","Aged 50 to 54 years","Female",39
"E06000061","North Northamptonshire","Lives in a communal establishment","Aged 55 to 59 years","Female",49
"E06000061","North Northamptonshire","Lives in a communal establishment","Aged 60 to 64 years","Female",34
"E06000061","North Northamptonshire","Lives in a communal establishment","Aged 65 years","Female",7
"E06000061","North Northamptonshire","Lives in a communal establishment","Aged 66 to 69 years","Female",55
"E06000061","North Northamptonshire","Lives in a communal establishment","Aged 70 to 74 years","Female",81
"E06000061","North Northamptonshire","Lives in a communal establishment","Aged 75 to 79 years","Female",129
"E06000061","North Northamptonshire","Lives in a communal establishment","Aged 80 to 84 years","Female",212
"E06000061","North Northamptonshire","Lives in a communal establishment","Aged 85 years and over","Female",812
"E06000062","West Northamptonshire","Lives in a communal establishment","Total","Female",2904
"E06000062","West Northamptonshire","Lives in a communal establishment","Aged 2 years and under","Female",6
"E06000062","West Northamptonshire","Lives in a communal establishment","Aged 3 to 4 years","Female",1
"E06000062","West Northamptonshire","Lives in a communal establishment","Aged 5 to 7 years","Female",5
"E06000062","West Northamptonshire","Lives in a communal establishment","Aged 8 to 9 years","Female",5
"E06000062","West Northamptonshire","Lives in a communal establishment","Aged 10 to 14 years","Female",45
"E06000062","West Northamptonshire","Lives in a communal establishment","Aged 15 years","Female",10
"E06000062","West Northamptonshire","Lives in a communal establishment","Aged 16 to 17 years","Female",26
"E06000062","West Northamptonshire","Lives in a communal establishment","Aged 18 to 19 years","Female",811
"E06000062","West Northamptonshire","Lives in a communal establishment","Aged 20 to 24 years","Female",348
"E06000062","West Northamptonshire","Lives in a communal establishment","Aged 25 to 29 years","Female",73
"E06000062","West Northamptonshire","Lives in a communal establishment","Aged 30 to 34 years","Female",31
"E06000062","West Northamptonshire","Lives in a communal establishment","Aged 35 to 39 years","Female",38
"E06000062","West Northamptonshire","Lives in a communal establishment","Aged 40 to 44 years","Female",50
"E06000062","West Northamptonshire","Lives in a communal establishment","Aged 45 to 49 years","Female",50
"E06000062","West Northamptonshire","Lives in a communal establishment","Aged 50 to 54 years","Female",50
"E06000062","West Northamptonshire","Lives in a communal establishment","Aged 55 to 59 years","Female",51
"E06000062","West Northamptonshire","Lives in a communal establishment","Aged 60 to 64 years","Female",45
"E06000062","West Northamptonshire","Lives in a communal establishment","Aged 65 years","Female",8
"E06000062","West Northamptonshire","Lives in a communal establishment","Aged 66 to 69 years","Female",56
"E06000062","West Northamptonshire","Lives in a communal establishment","Aged 70 to 74 years","Female",72
"E06000062","West Northamptonshire","Lives in a communal establishment","Aged 75 to 79 years","Female",129
"E06000062","West Northamptonshire","Lives in a communal establishment","Aged 80 to 84 years","Female",212
"E06000062","West Northamptonshire","Lives in a communal establishment","Aged 85 years and over","Female",782
"E07000032","Amber Valley","Lives in a communal establishment","Total","Female",637
"E07000032","Amber Valley","Lives in a communal establishment","Aged 2 years and under","Female",0
"E07000032","Amber Valley","Lives in a communal establishment","Aged 3 to 4 years","Female",0
"E07000032","Amber Valley","Lives in a communal establishment","Aged 5 to 7 years","Female",0
"E07000032","Amber Valley","Lives in a communal establishment","Aged 8 to 9 years","Female",1
"E07000032","Amber Valley","Lives in a communal establishment","Aged 10 to 14 years","Female",0
"E07000032","Amber Valley","Lives in a communal establishment","Aged 15 years","Female",4
"E07000032","Amber Valley","Lives in a communal establishment","Aged 16 to 17 years","Female",6
"E07000032","Amber Valley","Lives in a communal establishment","Aged 18 to 19 years","Female",3
"E07000032","Amber Valley","Lives in a communal establishment","Aged 20 to 24 years","Female",8
"E07000032","Amber Valley","Lives in a communal establishment","Aged 25 to 29 years","Female",8
"E07000032","Amber Valley","Lives in a communal establishment","Aged 30 to 34 years","Female",2
"E07000032","Amber Valley","Lives in a communal establishment","Aged 35 to 39 years","Female",7
"E07000032","Amber Valley","Lives in a communal establishment","Aged 40 to 44 years","Female",5
"E07000032","Amber Valley","Lives in a communal establishment","Aged 45 to 49 years","Female",7
"E07000032","Amber Valley","Lives in a communal establishment","Aged 50 to 54 years","Female",17
"E07000032","Amber Valley","Lives in a communal establishment","Aged 55 to 59 years","Female",10
"E07000032","Amber Valley","Lives in a communal establishment","Aged 60 to 64 years","Female",18
"E07000032","Amber Valley","Lives in a communal establishment","Aged 65 years","Female",3
"E07000032","Amber Valley","Lives in a communal establishment","Aged 66 to 69 years","Female",18
"E07000032","Amber Valley","Lives in a communal establishment","Aged 70 to 74 years","Female",38
"E07000032","Amber Valley","Lives in a communal establishment","Aged 75 to 79 years","Female",63
"E07000032","Amber Valley","Lives in a communal establishment","Aged 80 to 84 years","Female",87
"E07000032","Amber Valley","Lives in a communal establishment","Aged 85 years and over","Female",332
"E07000033","Bolsover","Lives in a communal establishment","Total","Female",378
"E07000033","Bolsover","Lives in a communal establishment","Aged 2 years and under","Female",0
"E07000033","Bolsover","Lives in a communal establishment","Aged 3 to 4 years","Female",0
"E07000033","Bolsover","Lives in a communal establishment","Aged 5 to 7 years","Female",0
"E07000033","Bolsover","Lives in a communal establishment","Aged 8 to 9 years","Female",0
"E07000033","Bolsover","Lives in a communal establishment","Aged 10 to 14 years","Female",0
"E07000033","Bolsover","Lives in a communal establishment","Aged 15 years","Female",0
"E07000033","Bolsover","Lives in a communal establishment","Aged 16 to 17 years","Female",1
"E07000033","Bolsover","Lives in a communal establishment","Aged 18 to 19 years","Female",0
"E07000033","Bolsover","Lives in a communal establishment","Aged 20 to 24 years","Female",0
"E07000033","Bolsover","Lives in a communal establishment","Aged 25 to 29 years","Female",3
"E07000033","Bolsover","Lives in a communal establishment","Aged 30 to 34 years","Female",6
"E07000033","Bolsover","Lives in a communal establishment","Aged 35 to 39 years","Female",4
"E07000033","Bolsover","Lives in a communal establishment","Aged 40 to 44 years","Female",6
"E07000033","Bolsover","Lives in a communal establishment","Aged 45 to 49 years","Female",6
"E07000033","Bolsover","Lives in a communal establishment","Aged 50 to 54 years","Female",7
"E07000033","Bolsover","Lives in a communal establishment","Aged 55 to 59 years","Female",12
"E07000033","Bolsover","Lives in a communal establishment","Aged 60 to 64 years","Female",21
"E07000033","Bolsover","Lives in a communal establishment","Aged 65 years","Female",2
"E07000033","Bolsover","Lives in a communal establishment","Aged 66 to 69 years","Female",19
"E07000033","Bolsover","Lives in a communal establishment","Aged 70 to 74 years","Female",34
"E07000033","Bolsover","Lives in a communal establishment","Aged 75 to 79 years","Female",37
"E07000033","Bolsover","Lives in a communal establishment","Aged 80 to 84 years","Female",65
"E07000033","Bolsover","Lives in a communal establishment","Aged 85 years and over","Female",155
"E07000034","Chesterfield","Lives in a communal establishment","Total","Female",596
"E07000034","Chesterfield","Lives in a communal establishment","Aged 2 years and under","Female",0
"E07000034","Chesterfield","Lives in a communal establishment","Aged 3 to 4 years","Female",0
"E07000034","Chesterfield","Lives in a communal establishment","Aged 5 to 7 years","Female",0
"E07000034","Chesterfield","Lives in a communal establishment","Aged 8 to 9 years","Female",0
"E07000034","Chesterfield","Lives in a communal establishment","Aged 10 to 14 years","Female",1
"E07000034","Chesterfield","Lives in a communal establishment","Aged 15 years","Female",0
"E07000034","Chesterfield","Lives in a communal establishment","Aged 16 to 17 years","Female",4
"E07000034","Chesterfield","Lives in a communal establishment","Aged 18 to 19 years","Female",5
"E07000034","Chesterfield","Lives in a communal establishment","Aged 20 to 24 years","Female",16
"E07000034","Chesterfield","Lives in a communal establishment","Aged 25 to 29 years","Female",18
"E07000034","Chesterfield","Lives in a communal establishment","Aged 30 to 34 years","Female",12
"E07000034","Chesterfield","Lives in a communal establishment","Aged 35 to 39 years","Female",5
"E07000034","Chesterfield","Lives in a communal establishment","Aged 40 to 44 years","Female",10
"E07000034","Chesterfield","Lives in a communal establishment","Aged 45 to 49 years","Female",14
"E07000034","Chesterfield","Lives in a communal establishment","Aged 50 to 54 years","Female",20
"E07000034","Chesterfield","Lives in a communal establishment","Aged 55 to 59 years","Female",19
"E07000034","Chesterfield","Lives in a communal establishment","Aged 60 to 64 years","Female",18
"E07000034","Chesterfield","Lives in a communal establishment","Aged 65 years","Female",4
"E07000034","Chesterfield","Lives in a communal establishment","Aged 66 to 69 years","Female",19
"E07000034","Chesterfield","Lives in a communal establishment","Aged 70 to 74 years","Female",36
"E07000034","Chesterfield","Lives in a communal establishment","Aged 75 to 79 years","Female",49
"E07000034","Chesterfield","Lives in a communal establishment","Aged 80 to 84 years","Female",80
"E07000034","Chesterfield","Lives in a communal establishment","Aged 85 years and over","Female",266
"E07000035","Derbyshire Dales","Lives in a communal establishment","Total","Female",425
"E07000035","Derbyshire Dales","Lives in a communal establishment","Aged 2 years and under","Female",0
"E07000035","Derbyshire Dales","Lives in a communal establishment","Aged 3 to 4 years","Female",0
"E07000035","Derbyshire Dales","Lives in a communal establishment","Aged 5 to 7 years","Female",0
"E07000035","Derbyshire Dales","Lives in a communal establishment","Aged 8 to 9 years","Female",2
"E07000035","Derbyshire Dales","Lives in a communal establishment","Aged 10 to 14 years","Female",18
"E07000035","Derbyshire Dales","Lives in a communal establishment","Aged 15 years","Female",6
"E07000035","Derbyshire Dales","Lives in a communal establishment","Aged 16 to 17 years","Female",15
"E07000035","Derbyshire Dales","Lives in a communal establishment","Aged 18 to 19 years","Female",7
"E07000035","Derbyshire Dales","Lives in a communal establishment","Aged 20 to 24 years","Female",11
"E07000035","Derbyshire Dales","Lives in a communal establishment","Aged 25 to 29 years","Female",6
"E07000035","Derbyshire Dales","Lives in a communal establishment","Aged 30 to 34 years","Female",10
"E07000035","Derbyshire Dales","Lives in a communal establishment","Aged 35 to 39 years","Female",4
"E07000035","Derbyshire Dales","Lives in a communal establishment","Aged 40 to 44 years","Female",6
"E07000035","Derbyshire Dales","Lives in a communal establishment","Aged 45 to 49 years","Female",1
"E07000035","Derbyshire Dales","Lives in a communal establishment","Aged 50 to 54 years","Female",4
"E07000035","Derbyshire Dales","Lives in a communal establishment","Aged 55 to 59 years","Female",8
"E07000035","Derbyshire Dales","Lives in a communal establishment","Aged 60 to 64 years","Female",6
"E07000035","Derbyshire Dales","Lives in a communal establishment","Aged 65 years","Female",4
"E07000035","Derbyshire Dales","Lives in a communal establishment","Aged 66 to 69 years","Female",7
"E07000035","Derbyshire Dales","Lives in a communal establishment","Aged 70 to 74 years","Female",11
"E07000035","Derbyshire Dales","Lives in a communal establishment","Aged 75 to 79 years","Female",26
"E07000035","Derbyshire Dales","Lives in a communal establishment","Aged 80 to 84 years","Female",47
"E07000035","Derbyshire Dales","Lives in a communal establishment","Aged 85 years and over","Female",226
"E07000036","Erewash","Lives in a communal establishment","Total","Female",499
"E07000036","Erewash","Lives in a communal establishment","Aged 2 years and under","Female",0
"E07000036","Erewash","Lives in a communal establishment","Aged 3 to 4 years","Female",0
"E07000036","Erewash","Lives in a communal establishment","Aged 5 to 7 years","Female",0
"E07000036","Erewash","Lives in a communal establishment","Aged 8 to 9 years","Female",0
"E07000036","Erewash","Lives in a communal establishment","Aged 10 to 14 years","Female",5
"E07000036","Erewash","Lives in a communal establishment","Aged 15 years","Female",2
"E07000036","Erewash","Lives in a communal establishment","Aged 16 to 17 years","Female",20
"E07000036","Erewash","Lives in a communal establishment","Aged 18 to 19 years","Female",18
"E07000036","Erewash","Lives in a communal establishment","Aged 20 to 24 years","Female",8
"E07000036","Erewash","Lives in a communal establishment","Aged 25 to 29 years","Female",8
"E07000036","Erewash","Lives in a communal establishment","Aged 30 to 34 years","Female",11
"E07000036","Erewash","Lives in a communal establishment","Aged 35 to 39 years","Female",6
"E07000036","Erewash","Lives in a communal establishment","Aged 40 to 44 years","Female",4
"E07000036","Erewash","Lives in a communal establishment","Aged 45 to 49 years","Female",10
"E07000036","Erewash","Lives in a communal establishment","Aged 50 to 54 years","Female",11
"E07000036","Erewash","Lives in a communal establishment","Aged 55 to 59 years","Female",7
"E07000036","Erewash","Lives in a communal establishment","Aged 60 to 64 years","Female",6
"E07000036","Erewash","Lives in a communal establishment","Aged 65 years","Female",11
"E07000036","Erewash","Lives in a communal establishment","Aged 66 to 69 years","Female",13
"E07000036","Erewash","Lives in a communal establishment","Aged 70 to 74 years","Female",24
"E07000036","Erewash","Lives in a communal establishment","Aged 75 to 79 years","Female",38
"E07000036","Erewash","Lives in a communal establishment","Aged 80 to 84 years","Female",68
"E07000036","Erewash","Lives in a communal establishment","Aged 85 years and over","Female",229
"E07000037","High Peak","Lives in a communal establishment","Total","Female",410
"E07000037","High Peak","Lives in a communal establishment","Aged 2 years and under","Female",1
"E07000037","High Peak","Lives in a communal establishment","Aged 3 to 4 years","Female",0
"E07000037","High Peak","Lives in a communal establishment","Aged 5 to 7 years","Female",0
"E07000037","High Peak","Lives in a communal establishment","Aged 8 to 9 years","Female",3
"E07000037","High Peak","Lives in a communal establishment","Aged 10 to 14 years","Female",7
"E07000037","High Peak","Lives in a communal establishment","Aged 15 years","Female",7
"E07000037","High Peak","Lives in a communal establishment","Aged 16 to 17 years","Female",8
"E07000037","High Peak","Lives in a communal establishment","Aged 18 to 19 years","Female",8
"E07000037","High Peak","Lives in a communal establishment","Aged 20 to 24 years","Female",20
"E07000037","High Peak","Lives in a communal establishment","Aged 25 to 29 years","Female",5
"E07000037","High Peak","Lives in a communal establishment","Aged 30 to 34 years","Female",4
"E07000037","High Peak","Lives in a communal establishment","Aged 35 to 39 years","Female",4
"E07000037","High Peak","Lives in a communal establishment","Aged 40 to 44 years","Female",3
"E07000037","High Peak","Lives in a communal establishment","Aged 45 to 49 years","Female",6
"E07000037","High Peak","Lives in a communal establishment","Aged 50 to 54 years","Female",1
"E07000037","High Peak","Lives in a communal establishment","Aged 55 to 59 years","Female",5
"E07000037","High Peak","Lives in a communal establishment","Aged 60 to 64 years","Female",8
"E07000037","High Peak","Lives in a communal establishment","Aged 65 years","Female",0
"E07000037","High Peak","Lives in a communal establishment","Aged 66 to 69 years","Female",5
"E07000037","High Peak","Lives in a communal establishment","Aged 70 to 74 years","Female",9
"E07000037","High Peak","Lives in a communal establishment","Aged 75 to 79 years","Female",37
"E07000037","High Peak","Lives in a communal establishment","Aged 80 to 84 years","Female",64
"E07000037","High Peak","Lives in a communal establishment","Aged 85 years and over","Female",205
"E07000038","North East Derbyshire","Lives in a communal establishment","Total","Female",465
"E07000038","North East Derbyshire","Lives in a communal establishment","Aged 2 years and under","Female",0
"E07000038","North East Derbyshire","Lives in a communal establishment","Aged 3 to 4 years","Female",0
"E07000038","North East Derbyshire","Lives in a communal establishment","Aged 5 to 7 years","Female",0
"E07000038","North East Derbyshire","Lives in a communal establishment","Aged 8 to 9 years","Female",0
"E07000038","North East Derbyshire","Lives in a communal establishment","Aged 10 to 14 years","Female",0
"E07000038","North East Derbyshire","Lives in a communal establishment","Aged 15 years","Female",1
"E07000038","North East Derbyshire","Lives in a communal establishment","Aged 16 to 17 years","Female",6
"E07000038","North East Derbyshire","Lives in a communal establishment","Aged 18 to 19 years","Female",3
"E07000038","North East Derbyshire","Lives in a communal establishment","Aged 20 to 24 years","Female",1
"E07000038","North East Derbyshire","Lives in a communal establishment","Aged 25 to 29 years","Female",1
"E07000038","North East Derbyshire","Lives in a communal establishment","Aged 30 to 34 years","Female",1
"E07000038","North East Derbyshire","Lives in a communal establishment","Aged 35 to 39 years","Female",2
"E07000038","North East Derbyshire","Lives in a communal establishment","Aged 40 to 44 years","Female",1
"E07000038","North East Derbyshire","Lives in a communal establishment","Aged 45 to 49 years","Female",5
"E07000038","North East Derbyshire","Lives in a communal establishment","Aged 50 to 54 years","Female",7
"E07000038","North East Derbyshire","Lives in a communal establishment","Aged 55 to 59 years","Female",4
"E07000038","North East Derbyshire","Lives in a communal establishment","Aged 60 to 64 years","Female",9
"E07000038","North East Derbyshire","Lives in a communal establishment","Aged 65 years","Female",3
"E07000038","North East Derbyshire","Lives in a communal establishment","Aged 66 to 69 years","Female",6
"E07000038","North East Derbyshire","Lives in a communal establishment","Aged 70 to 74 years","Female",26
"E07000038","North East Derbyshire","Lives in a communal establishment","Aged 75 to 79 years","Female",52
"E07000038","North East Derbyshire","Lives in a communal establishment","Aged 80 to 84 years","Female",68
"E07000038","North East Derbyshire","Lives in a communal establishment","Aged 85 years and over","Female",269
"E07000039","South Derbyshire","Lives in a communal establishment","Total","Female",864
"E07000039","South Derbyshire","Lives in a communal establishment","Aged 2 years and under","Female",2
"E07000039","South Derbyshire","Lives in a communal establishment","Aged 3 to 4 years","Female",2
"E07000039","South Derbyshire","Lives in a communal establishment","Aged 5 to 7 years","Female",2
"E07000039","South Derbyshire","Lives in a communal establishment","Aged 8 to 9 years","Female",6
"E07000039","South Derbyshire","Lives in a communal establishment","Aged 10 to 14 years","Female",55
"E07000039","South Derbyshire","Lives in a communal establishment","Aged 15 years","Female",29
"E07000039","South Derbyshire","Lives in a communal establishment","Aged 16 to 17 years","Female",77
"E07000039","South Derbyshire","Lives in a communal establishment","Aged 18 to 19 years","Female",26
"E07000039","South Derbyshire","Lives in a communal establishment","Aged 20 to 24 years","Female",21
"E07000039","South Derbyshire","Lives in a communal establishment","Aged 25 to 29 years","Female",29
"E07000039","South Derbyshire","Lives in a communal establishment","Aged 30 to 34 years","Female",32
"E07000039","South Derbyshire","Lives in a communal establishment","Aged 35 to 39 years","Female",53
"E07000039","South Derbyshire","Lives in a communal establishment","Aged 40 to 44 years","Female",30
"E07000039","South Derbyshire","Lives in a communal establishment","Aged 45 to 49 years","Female",33
"E07000039","South Derbyshire","Lives in a communal establishment","Aged 50 to 54 years","Female",34
"E07000039","South Derbyshire","Lives in a communal establishment","Aged 55 to 59 years","Female",18
"E07000039","South Derbyshire","Lives in a communal establishment","Aged 60 to 64 years","Female",16
"E07000039","South Derbyshire","Lives in a communal establishment","Aged 65 years","Female",1
"E07000039","South Derbyshire","Lives in a communal establishment","Aged 66 to 69 years","Female",14
"E07000039","South Derbyshire","Lives in a communal establishment","Aged 70 to 74 years","Female",21
"E07000039","South Derbyshire","Lives in a communal establishment","Aged 75 to 79 years","Female",41
"E07000039","South Derbyshire","Lives in a communal establishment","Aged 80 to 84 years","Female",72
"E07000039","South Derbyshire","Lives in a communal establishment","Aged 85 years and over","Female",250
"E07000129","Blaby","Lives in a communal establishment","Total","Female",280
"E07000129","Blaby","Lives in a communal establishment","Aged 2 years and under","Female",0
"E07000129","Blaby","Lives in a communal establishment","Aged 3 to 4 years","Female",0
"E07000129","Blaby","Lives in a communal establishment","Aged 5 to 7 years","Female",0
"E07000129","Blaby","Lives in a communal establishment","Aged 8 to 9 years","Female",0
"E07000129","Blaby","Lives in a communal establishment","Aged 10 to 14 years","Female",0
"E07000129","Blaby","Lives in a communal establishment","Aged 15 years","Female",0
"E07000129","Blaby","Lives in a communal establishment","Aged 16 to 17 years","Female",0
"E07000129","Blaby","Lives in a communal establishment","Aged 18 to 19 years","Female",0
"E07000129","Blaby","Lives in a communal establishment","Aged 20 to 24 years","Female",2
"E07000129","Blaby","Lives in a communal establishment","Aged 25 to 29 years","Female",1
"E07000129","Blaby","Lives in a communal establishment","Aged 30 to 34 years","Female",3
"E07000129","Blaby","Lives in a communal establishment","Aged 35 to 39 years","Female",5
"E07000129","Blaby","Lives in a communal establishment","Aged 40 to 44 years","Female",4
"E07000129","Blaby","Lives in a communal establishment","Aged 45 to 49 years","Female",5
"E07000129","Blaby","Lives in a communal establishment","Aged 50 to 54 years","Female",6
"E07000129","Blaby","Lives in a communal establishment","Aged 55 to 59 years","Female",6
"E07000129","Blaby","Lives in a communal establishment","Aged 60 to 64 years","Female",3
"E07000129","Blaby","Lives in a communal establishment","Aged 65 years","Female",0
"E07000129","Blaby","Lives in a communal establishment","Aged 66 to 69 years","Female",5
"E07000129","Blaby","Lives in a communal establishment","Aged 70 to 74 years","Female",16
"E07000129","Blaby","Lives in a communal establishment","Aged 75 to 79 years","Female",20
"E07000129","Blaby","Lives in a communal establishment","Aged 80 to 84 years","Female",54
"E07000129","Blaby","Lives in a communal establishment","Aged 85 years and over","Female",150
"E07000130","Charnwood","Lives in a communal establishment","Total","Female",3736
"E07000130","Charnwood","Lives in a communal establishment","Aged 2 years and under","Female",0
"E07000130","Charnwood","Lives in a communal establishment","Aged 3 to 4 years","Female",0
"E07000130","Charnwood","Lives in a communal establishment","Aged 5 to 7 years","Female",1
"E07000130","Charnwood","Lives in a communal establishment","Aged 8 to 9 years","Female",1
"E07000130","Charnwood","Lives in a communal establishment","Aged 10 to 14 years","Female",11
"E07000130","Charnwood","Lives in a communal establishment","Aged 15 years","Female",10
"E07000130","Charnwood","Lives in a communal establishment","Aged 16 to 17 years","Female",63
"E07000130","Charnwood","Lives in a communal establishment","Aged 18 to 19 years","Female",1720
"E07000130","Charnwood","Lives in a communal establishment","Aged 20 to 24 years","Female",1010
"E07000130","Charnwood","Lives in a communal establishment","Aged 25 to 29 years","Female",106
"E07000130","Charnwood","Lives in a communal establishment","Aged 30 to 34 years","Female",27
"E07000130","Charnwood","Lives in a communal establishment","Aged 35 to 39 years","Female",23
"E07000130","Charnwood","Lives in a communal establishment","Aged 40 to 44 years","Female",11
"E07000130","Charnwood","Lives in a communal establishment","Aged 45 to 49 years","Female",22
"E07000130","Charnwood","Lives in a communal establishment","Aged 50 to 54 years","Female",31
"E07000130","Charnwood","Lives in a communal establishment","Aged 55 to 59 years","Female",25
"E07000130","Charnwood","Lives in a communal establishment","Aged 60 to 64 years","Female",35
"E07000130","Charnwood","Lives in a communal establishment","Aged 65 years","Female",3
"E07000130","Charnwood","Lives in a communal establishment","Aged 66 to 69 years","Female",34
"E07000130","Charnwood","Lives in a communal establishment","Aged 70 to 74 years","Female",44
"E07000130","Charnwood","Lives in a communal establishment","Aged 75 to 79 years","Female",60
"E07000130","Charnwood","Lives in a communal establishment","Aged 80 to 84 years","Female",104
"E07000130","Charnwood","Lives in a communal establishment","Aged 85 years and over","Female",395
"E07000131","Harborough","Lives in a communal establishment","Total","Female",366
"E07000131","Harborough","Lives in a communal establishment","Aged 2 years and under","Female",2
"E07000131","Harborough","Lives in a communal establishment","Aged 3 to 4 years","Female",3
"E07000131","Harborough","Lives in a communal establishment","Aged 5 to 7 years","Female",1
"E07000131","Harborough","Lives in a communal establishment","Aged 8 to 9 years","Female",0
"E07000131","Harborough","Lives in a communal establishment","Aged 10 to 14 years","Female",1
"E07000131","Harborough","Lives in a communal establishment","Aged 15 years","Female",0
"E07000131","Harborough","Lives in a communal establishment","Aged 16 to 17 years","Female",10
"E07000131","Harborough","Lives in a communal establishment","Aged 18 to 19 years","Female",3
"E07000131","Harborough","Lives in a communal establishment","Aged 20 to 24 years","Female",3
"E07000131","Harborough","Lives in a communal establishment","Aged 25 to 29 years","Female",5
"E07000131","Harborough","Lives in a communal establishment","Aged 30 to 34 years","Female",2
"E07000131","Harborough","Lives in a communal establishment","Aged 35 to 39 years","Female",7
"E07000131","Harborough","Lives in a communal establishment","Aged 40 to 44 years","Female",4
"E07000131","Harborough","Lives in a communal establishment","Aged 45 to 49 years","Female",6
"E07000131","Harborough","Lives in a communal establishment","Aged 50 to 54 years","Female",3
"E07000131","Harborough","Lives in a communal establishment","Aged 55 to 59 years","Female",7
"E07000131","Harborough","Lives in a communal establishment","Aged 60 to 64 years","Female",8
"E07000131","Harborough","Lives in a communal establishment","Aged 65 years","Female",7
"E07000131","Harborough","Lives in a communal establishment","Aged 66 to 69 years","Female",8
"E07000131","Harborough","Lives in a communal establishment","Aged 70 to 74 years","Female",16
"E07000131","Harborough","Lives in a communal establishment","Aged 75 to 79 years","Female",29
"E07000131","Harborough","Lives in a communal establishment","Aged 80 to 84 years","Female",49
"E07000131","Harborough","Lives in a communal establishment","Aged 85 years and over","Female",192
"E07000132","Hinckley and Bosworth","Lives in a communal establishment","Total","Female",513
"E07000132","Hinckley and Bosworth","Lives in a communal establishment","Aged 2 years and under","Female",0
"E07000132","Hinckley and Bosworth","Lives in a communal establishment","Aged 3 to 4 years","Female",3
"E07000132","Hinckley and Bosworth","Lives in a communal establishment","Aged 5 to 7 years","Female",6
"E07000132","Hinckley and Bosworth","Lives in a communal establishment","Aged 8 to 9 years","Female",2
"E07000132","Hinckley and Bosworth","Lives in a communal establishment","Aged 10 to 14 years","Female",8
"E07000132","Hinckley and Bosworth","Lives in a communal establishment","Aged 15 years","Female",6
"E07000132","Hinckley and Bosworth","Lives in a communal establishment","Aged 16 to 17 years","Female",8
"E07000132","Hinckley and Bosworth","Lives in a communal establishment","Aged 18 to 19 years","Female",8
"E07000132","Hinckley and Bosworth","Lives in a communal establishment","Aged 20 to 24 years","Female",8
"E07000132","Hinckley and Bosworth","Lives in a communal establishment","Aged 25 to 29 years","Female",5
"E07000132","Hinckley and Bosworth","Lives in a communal establishment","Aged 30 to 34 years","Female",11
"E07000132","Hinckley and Bosworth","Lives in a communal establishment","Aged 35 to 39 years","Female",13
"E07000132","Hinckley and Bosworth","Lives in a communal establishment","Aged 40 to 44 years","Female",4
"E07000132","Hinckley and Bosworth","Lives in a communal establishment","Aged 45 to 49 years","Female",4
"E07000132","Hinckley and Bosworth","Lives in a communal establishment","Aged 50 to 54 years","Female",6
"E07000132","Hinckley and Bosworth","Lives in a communal establishment","Aged 55 to 59 years","Female",9
"E07000132","Hinckley and Bosworth","Lives in a communal establishment","Aged 60 to 64 years","Female",13
"E07000132","Hinckley and Bosworth","Lives in a communal establishment","Aged 65 years","Female",0
"E07000132","Hinckley and Bosworth","Lives in a communal establishment","Aged 66 to 69 years","Female",13
"E07000132","Hinckley and Bosworth","Lives in a communal establishment","Aged 70 to 74 years","Female",19
"E07000132","Hinckley and Bosworth","Lives in a communal establishment","Aged 75 to 79 years","Female",33
"E07000132","Hinckley and Bosworth","Lives in a communal establishment","Aged 80 to 84 years","Female",58
"E07000132","Hinckley and Bosworth","Lives in a communal establishment","Aged 85 years and over","Female",276
"E07000133","Melton","Lives in a communal establishment","Total","Female",224
"E07000133","Melton","Lives in a communal establishment","Aged 2 years and under","Female",0
"E07000133","Melton","Lives in a communal establishment","Aged 3 to 4 years","Female",0
"E07000133","Melton","Lives in a communal establishment","Aged 5 to 7 years","Female",0
"E07000133","Melton","Lives in a communal establishment","Aged 8 to 9 years","Female",0
"E07000133","Melton","Lives in a communal establishment","Aged 10 to 14 years","Female",7
"E07000133","Melton","Lives in a communal establishment","Aged 15 years","Female",1
"E07000133","Melton","Lives in a communal establishment","Aged 16 to 17 years","Female",9
"E07000133","Melton","Lives in a communal establishment","Aged 18 to 19 years","Female",2
"E07000133","Melton","Lives in a communal establishment","Aged 20 to 24 years","Female",0
"E07000133","Melton","Lives in a communal establishment","Aged 25 to 29 years","Female",0
"E07000133","Melton","Lives in a communal establishment","Aged 30 to 34 years","Female",2
"E07000133","Melton","Lives in a communal establishment","Aged 35 to 39 years","Female",0
"E07000133","Melton","Lives in a communal establishment","Aged 40 to 44 years","Female",0
"E07000133","Melton","Lives in a communal establishment","Aged 45 to 49 years","Female",0
"E07000133","Melton","Lives in a communal establishment","Aged 50 to 54 years","Female",8
"E07000133","Melton","Lives in a communal establishment","Aged 55 to 59 years","Female",3
"E07000133","Melton","Lives in a communal establishment","Aged 60 to 64 years","Female",13
"E07000133","Melton","Lives in a communal establishment","Aged 65 years","Female",0
"E07000133","Melton","Lives in a communal establishment","Aged 66 to 69 years","Female",4
"E07000133","Melton","Lives in a communal establishment","Aged 70 to 74 years","Female",11
"E07000133","Melton","Lives in a communal establishment","Aged 75 to 79 years","Female",14
"E07000133","Melton","Lives in a communal establishment","Aged 80 to 84 years","Female",30
"E07000133","Melton","Lives in a communal establishment","Aged 85 years and over","Female",120
"E07000134","North West Leicestershire","Lives in a communal establishment","Total","Female",296
"E07000134","North West Leicestershire","Lives in a communal establishment","Aged 2 years and under","Female",0
"E07000134","North West Leicestershire","Lives in a communal establishment","Aged 3 to 4 years","Female",0
"E07000134","North West Leicestershire","Lives in a communal establishment","Aged 5 to 7 years","Female",0
"E07000134","North West Leicestershire","Lives in a communal establishment","Aged 8 to 9 years","Female",0
"E07000134","North West Leicestershire","Lives in a communal establishment","Aged 10 to 14 years","Female",1
"E07000134","North West Leicestershire","Lives in a communal establishment","Aged 15 years","Female",3
"E07000134","North West Leicestershire","Lives in a communal establishment","Aged 16 to 17 years","Female",1
"E07000134","North West Leicestershire","Lives in a communal establishment","Aged 18 to 19 years","Female",0
"E07000134","North West Leicestershire","Lives in a communal establishment","Aged 20 to 24 years","Female",2
"E07000134","North West Leicestershire","Lives in a communal establishment","Aged 25 to 29 years","Female",1
"E07000134","North West Leicestershire","Lives in a communal establishment","Aged 30 to 34 years","Female",1
"E07000134","North West Leicestershire","Lives in a communal establishment","Aged 35 to 39 years","Female",3
"E07000134","North West Leicestershire","Lives in a communal establishment","Aged 40 to 44 years","Female",3
"E07000134","North West Leicestershire","Lives in a communal establishment","Aged 45 to 49 years","Female",3
"E07000134","North West Leicestershire","Lives in a communal establishment","Aged 50 to 54 years","Female",6
"E07000134","North West Leicestershire","Lives in a communal establishment","Aged 55 to 59 years","Female",13
"E07000134","North West Leicestershire","Lives in a communal establishment","Aged 60 to 64 years","Female",2
"E07000134","North West Leicestershire","Lives in a communal establishment","Aged 65 years","Female",3
"E07000134","North West Leicestershire","Lives in a communal establishment","Aged 66 to 69 years","Female",8
"E07000134","North West Leicestershire","Lives in a communal establishment","Aged 70 to 74 years","Female",12
"E07000134","North West Leicestershire","Lives in a communal establishment","Aged 75 to 79 years","Female",33
"E07000134","North West Leicestershire","Lives in a communal establishment","Aged 80 to 84 years","Female",43
"E07000134","North West Leicestershire","Lives in a communal establishment","Aged 85 years and over","Female",158
"E07000135","Oadby and Wigston","Lives in a communal establishment","Total","Female",972
"E07000135","Oadby and Wigston","Lives in a communal establishment","Aged 2 years and under","Female",0
"E07000135","Oadby and Wigston","Lives in a communal establishment","Aged 3 to 4 years","Female",0
"E07000135","Oadby and Wigston","Lives in a communal establishment","Aged 5 to 7 years","Female",0
"E07000135","Oadby and Wigston","Lives in a communal establishment","Aged 8 to 9 years","Female",0
"E07000135","Oadby and Wigston","Lives in a communal establishment","Aged 10 to 14 years","Female",0
"E07000135","Oadby and Wigston","Lives in a communal establishment","Aged 15 years","Female",0
"E07000135","Oadby and Wigston","Lives in a communal establishment","Aged 16 to 17 years","Female",0
"E07000135","Oadby and Wigston","Lives in a communal establishment","Aged 18 to 19 years","Female",575
"E07000135","Oadby and Wigston","Lives in a communal establishment","Aged 20 to 24 years","Female",93
"E07000135","Oadby and Wigston","Lives in a communal establishment","Aged 25 to 29 years","Female",6
"E07000135","Oadby and Wigston","Lives in a communal establishment","Aged 30 to 34 years","Female",5
"E07000135","Oadby and Wigston","Lives in a communal establishment","Aged 35 to 39 years","Female",1
"E07000135","Oadby and Wigston","Lives in a communal establishment","Aged 40 to 44 years","Female",4
"E07000135","Oadby and Wigston","Lives in a communal establishment","Aged 45 to 49 years","Female",6
"E07000135","Oadby and Wigston","Lives in a communal establishment","Aged 50 to 54 years","Female",1
"E07000135","Oadby and Wigston","Lives in a communal establishment","Aged 55 to 59 years","Female",9
"E07000135","Oadby and Wigston","Lives in a communal establishment","Aged 60 to 64 years","Female",5
"E07000135","Oadby and Wigston","Lives in a communal establishment","Aged 65 years","Female",3
"E07000135","Oadby and Wigston","Lives in a communal establishment","Aged 66 to 69 years","Female",2
"E07000135","Oadby and Wigston","Lives in a communal establishment","Aged 70 to 74 years","Female",16
"E07000135","Oadby and Wigston","Lives in a communal establishment","Aged 75 to 79 years","Female",26
"E07000135","Oadby and Wigston","Lives in a communal establishment","Aged 80 to 84 years","Female",45
"E07000135","Oadby and Wigston","Lives in a communal establishment","Aged 85 years and over","Female",175
"E07000136","Boston","Lives in a communal establishment","Total","Female",296
"E07000136","Boston","Lives in a communal establishment","Aged 2 years and under","Female",0
"E07000136","Boston","Lives in a communal establishment","Aged 3 to 4 years","Female",0
"E07000136","Boston","Lives in a communal establishment","Aged 5 to 7 years","Female",0
"E07000136","Boston","Lives in a communal establishment","Aged 8 to 9 years","Female",0
"E07000136","Boston","Lives in a communal establishment","Aged 10 to 14 years","Female",0
"E07000136","Boston","Lives in a communal establishment","Aged 15 years","Female",0
"E07000136","Boston","Lives in a communal establishment","Aged 16 to 17 years","Female",1
"E07000136","Boston","Lives in a communal establishment","Aged 18 to 19 years","Female",4
"E07000136","Boston","Lives in a communal establishment","Aged 20 to 24 years","Female",0
"E07000136","Boston","Lives in a communal establishment","Aged 25 to 29 years","Female",0
"E07000136","Boston","Lives in a communal establishment","Aged 30 to 34 years","Female",2
"E07000136","Boston","Lives in a communal establishment","Aged 35 to 39 years","Female",2
"E07000136","Boston","Lives in a communal establishment","Aged 40 to 44 years","Female",0
"E07000136","Boston","Lives in a communal establishment","Aged 45 to 49 years","Female",6
"E07000136","Boston","Lives in a communal establishment","Aged 50 to 54 years","Female",4
"E07000136","Boston","Lives in a communal establishment","Aged 55 to 59 years","Female",8
"E07000136","Boston","Lives in a communal establishment","Aged 60 to 64 years","Female",9
"E07000136","Boston","Lives in a communal establishment","Aged 65 years","Female",1
"E07000136","Boston","Lives in a communal establishment","Aged 66 to 69 years","Female",7
"E07000136","Boston","Lives in a communal establishment","Aged 70 to 74 years","Female",17
"E07000136","Boston","Lives in a communal establishment","Aged 75 to 79 years","Female",31
"E07000136","Boston","Lives in a communal establishment","Aged 80 to 84 years","Female",38
"E07000136","Boston","Lives in a communal establishment","Aged 85 years and over","Female",166
"E07000137","East Lindsey","Lives in a communal establishment","Total","Female",1123
"E07000137","East Lindsey","Lives in a communal establishment","Aged 2 years and under","Female",1
"E07000137","East Lindsey","Lives in a communal establishment","Aged 3 to 4 years","Female",2
"E07000137","East Lindsey","Lives in a communal establishment","Aged 5 to 7 years","Female",8
"E07000137","East Lindsey","Lives in a communal establishment","Aged 8 to 9 years","Female",3
"E07000137","East Lindsey","Lives in a communal establishment","Aged 10 to 14 years","Female",5
"E07000137","East Lindsey","Lives in a communal establishment","Aged 15 years","Female",1
"E07000137","East Lindsey","Lives in a communal establishment","Aged 16 to 17 years","Female",0
"E07000137","East Lindsey","Lives in a communal establishment","Aged 18 to 19 years","Female",11
"E07000137","East Lindsey","Lives in a communal establishment","Aged 20 to 24 years","Female",44
"E07000137","East Lindsey","Lives in a communal establishment","Aged 25 to 29 years","Female",39
"E07000137","East Lindsey","Lives in a communal establishment","Aged 30 to 34 years","Female",35
"E07000137","East Lindsey","Lives in a communal establishment","Aged 35 to 39 years","Female",30
"E07000137","East Lindsey","Lives in a communal establishment","Aged 40 to 44 years","Female",33
"E07000137","East Lindsey","Lives in a communal establishment","Aged 45 to 49 years","Female",23
"E07000137","East Lindsey","Lives in a communal establishment","Aged 50 to 54 years","Female",32
"E07000137","East Lindsey","Lives in a communal establishment","Aged 55 to 59 years","Female",24
"E07000137","East Lindsey","Lives in a communal establishment","Aged 60 to 64 years","Female",27
"E07000137","East Lindsey","Lives in a communal establishment","Aged 65 years","Female",11
"E07000137","East Lindsey","Lives in a communal establishment","Aged 66 to 69 years","Female",23
"E07000137","East Lindsey","Lives in a communal establishment","Aged 70 to 74 years","Female",58
"E07000137","East Lindsey","Lives in a communal establishment","Aged 75 to 79 years","Female",91
"E07000137","East Lindsey","Lives in a communal establishment","Aged 80 to 84 years","Female",160
"E07000137","East Lindsey","Lives in a communal establishment","Aged 85 years and over","Female",462
"E07000138","Lincoln","Lives in a communal establishment","Total","Female",3824
"E07000138","Lincoln","Lives in a communal establishment","Aged 2 years and under","Female",0
"E07000138","Lincoln","Lives in a communal establishment","Aged 3 to 4 years","Female",0
"E07000138","Lincoln","Lives in a communal establishment","Aged 5 to 7 years","Female",3
"E07000138","Lincoln","Lives in a communal establishment","Aged 8 to 9 years","Female",4
"E07000138","Lincoln","Lives in a communal establishment","Aged 10 to 14 years","Female",2
"E07000138","Lincoln","Lives in a communal establishment","Aged 15 years","Female",6
"E07000138","Lincoln","Lives in a communal establishment","Aged 16 to 17 years","Female",9
"E07000138","Lincoln","Lives in a communal establishment","Aged 18 to 19 years","Female",1962
"E07000138","Lincoln","Lives in a communal establishment","Aged 20 to 24 years","Female",1260
"E07000138","Lincoln","Lives in a communal establishment","Aged 25 to 29 years","Female",59
"E07000138","Lincoln","Lives in a communal establishment","Aged 30 to 34 years","Female",14
"E07000138","Lincoln","Lives in a communal establishment","Aged 35 to 39 years","Female",11
"E07000138","Lincoln","Lives in a communal establishment","Aged 40 to 44 years","Female",8
"E07000138","Lincoln","Lives in a communal establishment","Aged 45 to 49 years","Female",17
"E07000138","Lincoln","Lives in a communal establishment","Aged 50 to 54 years","Female",7
"E07000138","Lincoln","Lives in a communal establishment","Aged 55 to 59 years","Female",12
"E07000138","Lincoln","Lives in a communal establishment","Aged 60 to 64 years","Female",13
"E07000138","Lincoln","Lives in a communal establishment","Aged 65 years","Female",4
"E07000138","Lincoln","Lives in a communal establishment","Aged 66 to 69 years","Female",12
"E07000138","Lincoln","Lives in a communal establishment","Aged 70 to 74 years","Female",27
"E07000138","Lincoln","Lives in a communal establishment","Aged 75 to 79 years","Female",34
"E07000138","Lincoln","Lives in a communal establishment","Aged 80 to 84 years","Female",78
"E07000138","Lincoln","Lives in a communal establishment","Aged 85 years and over","Female",282
"E07000139","North Kesteven","Lives in a communal establishment","Total","Female",690
"E07000139","North Kesteven","Lives in a communal establishment","Aged 2 years and under","Female",0
"E07000139","North Kesteven","Lives in a communal establishment","Aged 3 to 4 years","Female",0
"E07000139","North Kesteven","Lives in a communal establishment","Aged 5 to 7 years","Female",0
"E07000139","North Kesteven","Lives in a communal establishment","Aged 8 to 9 years","Female",0
"E07000139","North Kesteven","Lives in a communal establishment","Aged 10 to 14 years","Female",2
"E07000139","North Kesteven","Lives in a communal establishment","Aged 15 years","Female",0
"E07000139","North Kesteven","Lives in a communal establishment","Aged 16 to 17 years","Female",2
"E07000139","North Kesteven","Lives in a communal establishment","Aged 18 to 19 years","Female",14
"E07000139","North Kesteven","Lives in a communal establishment","Aged 20 to 24 years","Female",76
"E07000139","North Kesteven","Lives in a communal establishment","Aged 25 to 29 years","Female",50
"E07000139","North Kesteven","Lives in a communal establishment","Aged 30 to 34 years","Female",41
"E07000139","North Kesteven","Lives in a communal establishment","Aged 35 to 39 years","Female",13
"E07000139","North Kesteven","Lives in a communal establishment","Aged 40 to 44 years","Female",14
"E07000139","North Kesteven","Lives in a communal establishment","Aged 45 to 49 years","Female",8
"E07000139","North Kesteven","Lives in a communal establishment","Aged 50 to 54 years","Female",9
"E07000139","North Kesteven","Lives in a communal establishment","Aged 55 to 59 years","Female",14
"E07000139","North Kesteven","Lives in a communal establishment","Aged 60 to 64 years","Female",14
"E07000139","North Kesteven","Lives in a communal establishment","Aged 65 years","Female",1
"E07000139","North Kesteven","Lives in a communal establishment","Aged 66 to 69 years","Female",16
"E07000139","North Kesteven","Lives in a communal establishment","Aged 70 to 74 years","Female",23
"E07000139","North Kesteven","Lives in a communal establishment","Aged 75 to 79 years","Female",47
"E07000139","North Kesteven","Lives in a communal establishment","Aged 80 to 84 years","Female",80
"E07000139","North Kesteven","Lives in a communal establishment","Aged 85 years and over","Female",266
"E07000140","South Holland","Lives in a communal establishment","Total","Female",525
"E07000140","South Holland","Lives in a communal establishment","Aged 2 years and under","Female",0
"E07000140","South Holland","Lives in a communal establishment","Aged 3 to 4 years","Female",0
"E07000140","South Holland","Lives in a communal establishment","Aged 5 to 7 years","Female",0
"E07000140","South Holland","Lives in a communal establishment","Aged 8 to 9 years","Female",0
"E07000140","South Holland","Lives in a communal establishment","Aged 10 to 14 years","Female",2
"E07000140","South Holland","Lives in a communal establishment","Aged 15 years","Female",1
"E07000140","South Holland","Lives in a communal establishment","Aged 16 to 17 years","Female",2
"E07000140","South Holland","Lives in a communal establishment","Aged 18 to 19 years","Female",2
"E07000140","South Holland","Lives in a communal establishment","Aged 20 to 24 years","Female",4
"E07000140","South Holland","Lives in a communal establishment","Aged 25 to 29 years","Female",0
"E07000140","South Holland","Lives in a communal establishment","Aged 30 to 34 years","Female",3
"E07000140","South Holland","Lives in a communal establishment","Aged 35 to 39 years","Female",0
"E07000140","South Holland","Lives in a communal establishment","Aged 40 to 44 years","Female",2
"E07000140","South Holland","Lives in a communal establishment","Aged 45 to 49 years","Female",6
"E07000140","South Holland","Lives in a communal establishment","Aged 50 to 54 years","Female",6
"E07000140","South Holland","Lives in a communal establishment","Aged 55 to 59 years","Female",9
"E07000140","South Holland","Lives in a communal establishment","Aged 60 to 64 years","Female",11
"E07000140","South Holland","Lives in a communal establishment","Aged 65 years","Female",1
"E07000140","South Holland","Lives in a communal establishment","Aged 66 to 69 years","Female",4
"E07000140","South Holland","Lives in a communal establishment","Aged 70 to 74 years","Female",25
"E07000140","South Holland","Lives in a communal establishment","Aged 75 to 79 years","Female",57
"E07000140","South Holland","Lives in a communal establishment","Aged 80 to 84 years","Female",75
"E07000140","South Holland","Lives in a communal establishment","Aged 85 years and over","Female",315
"E07000141","South Kesteven","Lives in a communal establishment","Total","Female",762
"E07000141","South Kesteven","Lives in a communal establishment","Aged 2 years and under","Female",1
"E07000141","South Kesteven","Lives in a communal establishment","Aged 3 to 4 years","Female",0
"E07000141","South Kesteven","Lives in a communal establishment","Aged 5 to 7 years","Female",2
"E07000141","South Kesteven","Lives in a communal establishment","Aged 8 to 9 years","Female",2
"E07000141","South Kesteven","Lives in a communal establishment","Aged 10 to 14 years","Female",36
"E07000141","South Kesteven","Lives in a communal establishment","Aged 15 years","Female",15
"E07000141","South Kesteven","Lives in a communal establishment","Aged 16 to 17 years","Female",16
"E07000141","South Kesteven","Lives in a communal establishment","Aged 18 to 19 years","Female",2
"E07000141","South Kesteven","Lives in a communal establishment","Aged 20 to 24 years","Female",9
"E07000141","South Kesteven","Lives in a communal establishment","Aged 25 to 29 years","Female",3
"E07000141","South Kesteven","Lives in a communal establishment","Aged 30 to 34 years","Female",7
"E07000141","South Kesteven","Lives in a communal establishment","Aged 35 to 39 years","Female",4
"E07000141","South Kesteven","Lives in a communal establishment","Aged 40 to 44 years","Female",6
"E07000141","South Kesteven","Lives in a communal establishment","Aged 45 to 49 years","Female",6
"E07000141","South Kesteven","Lives in a communal establishment","Aged 50 to 54 years","Female",10
"E07000141","South Kesteven","Lives in a communal establishment","Aged 55 to 59 years","Female",7
"E07000141","South Kesteven","Lives in a communal establishment","Aged 60 to 64 years","Female",14
"E07000141","South Kesteven","Lives in a communal establishment","Aged 65 years","Female",4
"E07000141","South Kesteven","Lives in a communal establishment","Aged 66 to 69 years","Female",10
"E07000141","South Kesteven","Lives in a communal establishment","Aged 70 to 74 years","Female",22
"E07000141","South Kesteven","Lives in a communal establishment","Aged 75 to 79 years","Female",48
"E07000141","South Kesteven","Lives in a communal establishment","Aged 80 to 84 years","Female",100
"E07000141","South Kesteven","Lives in a communal establishment","Aged 85 years and over","Female",438
"E07000142","West Lindsey","Lives in a communal establishment","Total","Female",591
"E07000142","West Lindsey","Lives in a communal establishment","Aged 2 years and under","Female",0
"E07000142","West Lindsey","Lives in a communal establishment","Aged 3 to 4 years","Female",0
"E07000142","West Lindsey","Lives in a communal establishment","Aged 5 to 7 years","Female",0
"E07000142","West Lindsey","Lives in a communal establishment","Aged 8 to 9 years","Female",0
"E07000142","West Lindsey","Lives in a communal establishment","Aged 10 to 14 years","Female",2
"E07000142","West Lindsey","Lives in a communal establishment","Aged 15 years","Female",2
"E07000142","West Lindsey","Lives in a communal establishment","Aged 16 to 17 years","Female",9
"E07000142","West Lindsey","Lives in a communal establishment","Aged 18 to 19 years","Female",10
"E07000142","West Lindsey","Lives in a communal establishment","Aged 20 to 24 years","Female",13
"E07000142","West Lindsey","Lives in a communal establishment","Aged 25 to 29 years","Female",15
"E07000142","West Lindsey","Lives in a communal establishment","Aged 30 to 34 years","Female",16
"E07000142","West Lindsey","Lives in a communal establishment","Aged 35 to 39 years","Female",14
"E07000142","West Lindsey","Lives in a communal establishment","Aged 40 to 44 years","Female",13
"E07000142","West Lindsey","Lives in a communal establishment","Aged 45 to 49 years","Female",12
"E07000142","West Lindsey","Lives in a communal establishment","Aged 50 to 54 years","Female",17
"E07000142","West Lindsey","Lives in a communal establishment","Aged 55 to 59 years","Female",18
"E07000142","West Lindsey","Lives in a communal establishment","Aged 60 to 64 years","Female",20
"E07000142","West Lindsey","Lives in a communal establishment","Aged 65 years","Female",4
"E07000142","West Lindsey","Lives in a communal establishment","Aged 66 to 69 years","Female",21
"E07000142","West Lindsey","Lives in a communal establishment","Aged 70 to 74 years","Female",30
"E07000142","West Lindsey","Lives in a communal establishment","Aged 75 to 79 years","Female",49
"E07000142","West Lindsey","Lives in a communal establishment","Aged 80 to 84 years","Female",71
"E07000142","West Lindsey","Lives in a communal establishment","Aged 85 years and over","Female",255
"E07000170","Ashfield","Lives in a communal establishment","Total","Female",642
"E07000170","Ashfield","Lives in a communal establishment","Aged 2 years and under","Female",0
"E07000170","Ashfield","Lives in a communal establishment","Aged 3 to 4 years","Female",0
"E07000170","Ashfield","Lives in a communal establishment","Aged 5 to 7 years","Female",0
"E07000170","Ashfield","Lives in a communal establishment","Aged 8 to 9 years","Female",0
"E07000170","Ashfield","Lives in a communal establishment","Aged 10 to 14 years","Female",0
"E07000170","Ashfield","Lives in a communal establishment","Aged 15 years","Female",1
"E07000170","Ashfield","Lives in a communal establishment","Aged 16 to 17 years","Female",0
"E07000170","Ashfield","Lives in a communal establishment","Aged 18 to 19 years","Female",2
"E07000170","Ashfield","Lives in a communal establishment","Aged 20 to 24 years","Female",6
"E07000170","Ashfield","Lives in a communal establishment","Aged 25 to 29 years","Female",10
"E07000170","Ashfield","Lives in a communal establishment","Aged 30 to 34 years","Female",14
"E07000170","Ashfield","Lives in a communal establishment","Aged 35 to 39 years","Female",13
"E07000170","Ashfield","Lives in a communal establishment","Aged 40 to 44 years","Female",9
"E07000170","Ashfield","Lives in a communal establishment","Aged 45 to 49 years","Female",16
"E07000170","Ashfield","Lives in a communal establishment","Aged 50 to 54 years","Female",17
"E07000170","Ashfield","Lives in a communal establishment","Aged 55 to 59 years","Female",36
"E07000170","Ashfield","Lives in a communal establishment","Aged 60 to 64 years","Female",31
"E07000170","Ashfield","Lives in a communal establishment","Aged 65 years","Female",5
"E07000170","Ashfield","Lives in a communal establishment","Aged 66 to 69 years","Female",23
"E07000170","Ashfield","Lives in a communal establishment","Aged 70 to 74 years","Female",40
"E07000170","Ashfield","Lives in a communal establishment","Aged 75 to 79 years","Female",46
"E07000170","Ashfield","Lives in a communal establishment","Aged 80 to 84 years","Female",98
"E07000170","Ashfield","Lives in a communal establishment","Aged 85 years and over","Female",275
"E07000171","Bassetlaw","Lives in a communal establishment","Total","Female",689
"E07000171","Bassetlaw","Lives in a communal establishment","Aged 2 years and under","Female",0
"E07000171","Bassetlaw","Lives in a communal establishment","Aged 3 to 4 years","Female",0
"E07000171","Bassetlaw","Lives in a communal establishment","Aged 5 to 7 years","Female",1
"E07000171","Bassetlaw","Lives in a communal establishment","Aged 8 to 9 years","Female",3
"E07000171","Bassetlaw","Lives in a communal establishment","Aged 10 to 14 years","Female",10
"E07000171","Bassetlaw","Lives in a communal establishment","Aged 15 years","Female",4
"E07000171","Bassetlaw","Lives in a communal establishment","Aged 16 to 17 years","Female",8
"E07000171","Bassetlaw","Lives in a communal establishment","Aged 18 to 19 years","Female",5
"E07000171","Bassetlaw","Lives in a communal establishment","Aged 20 to 24 years","Female",10
"E07000171","Bassetlaw","Lives in a communal establishment","Aged 25 to 29 years","Female",15
"E07000171","Bassetlaw","Lives in a communal establishment","Aged 30 to 34 years","Female",15
"E07000171","Bassetlaw","Lives in a communal establishment","Aged 35 to 39 years","Female",11
"E07000171","Bassetlaw","Lives in a communal establishment","Aged 40 to 44 years","Female",15
"E07000171","Bassetlaw","Lives in a communal establishment","Aged 45 to 49 years","Female",17
"E07000171","Bassetlaw","Lives in a communal establishment","Aged 50 to 54 years","Female",6
"E07000171","Bassetlaw","Lives in a communal establishment","Aged 55 to 59 years","Female",8
"E07000171","Bassetlaw","Lives in a communal establishment","Aged 60 to 64 years","Female",5
"E07000171","Bassetlaw","Lives in a communal establishment","Aged 65 years","Female",3
"E07000171","Bassetlaw","Lives in a communal establishment","Aged 66 to 69 years","Female",11
"E07000171","Bassetlaw","Lives in a communal establishment","Aged 70 to 74 years","Female",36
"E07000171","Bassetlaw","Lives in a communal establishment","Aged 75 to 79 years","Female",55
"E07000171","Bassetlaw","Lives in a communal establishment","Aged 80 to 84 years","Female",116
"E07000171","Bassetlaw","Lives in a communal establishment","Aged 85 years and over","Female",335
"E07000172","Broxtowe","Lives in a communal establishment","Total","Female",1166
"E07000172","Broxtowe","Lives in a communal establishment","Aged 2 years and under","Female",2
"E07000172","Broxtowe","Lives in a communal establishment","Aged 3 to 4 years","Female",0
"E07000172","Broxtowe","Lives in a communal establishment","Aged 5 to 7 years","Female",0
"E07000172","Broxtowe","Lives in a communal establishment","Aged 8 to 9 years","Female",1
"E07000172","Broxtowe","Lives in a communal establishment","Aged 10 to 14 years","Female",1
"E07000172","Broxtowe","Lives in a communal establishment","Aged 15 years","Female",0
"E07000172","Broxtowe","Lives in a communal establishment","Aged 16 to 17 years","Female",1
"E07000172","Broxtowe","Lives in a communal establishment","Aged 18 to 19 years","Female",430
"E07000172","Broxtowe","Lives in a communal establishment","Aged 20 to 24 years","Female",143
"E07000172","Broxtowe","Lives in a communal establishment","Aged 25 to 29 years","Female",26
"E07000172","Broxtowe","Lives in a communal establishment","Aged 30 to 34 years","Female",3
"E07000172","Broxtowe","Lives in a communal establishment","Aged 35 to 39 years","Female",9
"E07000172","Broxtowe","Lives in a communal establishment","Aged 40 to 44 years","Female",3
"E07000172","Broxtowe","Lives in a communal establishment","Aged 45 to 49 years","Female",11
"E07000172","Broxtowe","Lives in a communal establishment","Aged 50 to 54 years","Female",14
"E07000172","Broxtowe","Lives in a communal establishment","Aged 55 to 59 years","Female",14
"E07000172","Broxtowe","Lives in a communal establishment","Aged 60 to 64 years","Female",11
"E07000172","Broxtowe","Lives in a communal establishment","Aged 65 years","Female",0
"E07000172","Broxtowe","Lives in a communal establishment","Aged 66 to 69 years","Female",8
"E07000172","Broxtowe","Lives in a communal establishment","Aged 70 to 74 years","Female",29
"E07000172","Broxtowe","Lives in a communal establishment","Aged 75 to 79 years","Female",49
"E07000172","Broxtowe","Lives in a communal establishment","Aged 80 to 84 years","Female",79
"E07000172","Broxtowe","Lives in a communal establishment","Aged 85 years and over","Female",332
"E07000173","Gedling","Lives in a communal establishment","Total","Female",406
"E07000173","Gedling","Lives in a communal establishment","Aged 2 years and under","Female",0
"E07000173","Gedling","Lives in a communal establishment","Aged 3 to 4 years","Female",0
"E07000173","Gedling","Lives in a communal establishment","Aged 5 to 7 years","Female",0
"E07000173","Gedling","Lives in a communal establishment","Aged 8 to 9 years","Female",0
"E07000173","Gedling","Lives in a communal establishment","Aged 10 to 14 years","Female",1
"E07000173","Gedling","Lives in a communal establishment","Aged 15 years","Female",0
"E07000173","Gedling","Lives in a communal establishment","Aged 16 to 17 years","Female",0
"E07000173","Gedling","Lives in a communal establishment","Aged 18 to 19 years","Female",1
"E07000173","Gedling","Lives in a communal establishment","Aged 20 to 24 years","Female",0
"E07000173","Gedling","Lives in a communal establishment","Aged 25 to 29 years","Female",3
"E07000173","Gedling","Lives in a communal establishment","Aged 30 to 34 years","Female",6
"E07000173","Gedling","Lives in a communal establishment","Aged 35 to 39 years","Female",0
"E07000173","Gedling","Lives in a communal establishment","Aged 40 to 44 years","Female",3
"E07000173","Gedling","Lives in a communal establishment","Aged 45 to 49 years","Female",3
"E07000173","Gedling","Lives in a communal establishment","Aged 50 to 54 years","Female",7
"E07000173","Gedling","Lives in a communal establishment","Aged 55 to 59 years","Female",2
"E07000173","Gedling","Lives in a communal establishment","Aged 60 to 64 years","Female",12
"E07000173","Gedling","Lives in a communal establishment","Aged 65 years","Female",2
"E07000173","Gedling","Lives in a communal establishment","Aged 66 to 69 years","Female",6
"E07000173","Gedling","Lives in a communal establishment","Aged 70 to 74 years","Female",19
"E07000173","Gedling","Lives in a communal establishment","Aged 75 to 79 years","Female",45
"E07000173","Gedling","Lives in a communal establishment","Aged 80 to 84 years","Female",69
"E07000173","Gedling","Lives in a communal establishment","Aged 85 years and over","Female",227
"E07000174","Mansfield","Lives in a communal establishment","Total","Female",482
"E07000174","Mansfield","Lives in a communal establishment","Aged 2 years and under","Female",0
"E07000174","Mansfield","Lives in a communal establishment","Aged 3 to 4 years","Female",0
"E07000174","Mansfield","Lives in a communal establishment","Aged 5 to 7 years","Female",0
"E07000174","Mansfield","Lives in a communal establishment","Aged 8 to 9 years","Female",0
"E07000174","Mansfield","Lives in a communal establishment","Aged 10 to 14 years","Female",0
"E07000174","Mansfield","Lives in a communal establishment","Aged 15 years","Female",0
"E07000174","Mansfield","Lives in a communal establishment","Aged 16 to 17 years","Female",0
"E07000174","Mansfield","Lives in a communal establishment","Aged 18 to 19 years","Female",0
"E07000174","Mansfield","Lives in a communal establishment","Aged 20 to 24 years","Female",1
"E07000174","Mansfield","Lives in a communal establishment","Aged 25 to 29 years","Female",2
"E07000174","Mansfield","Lives in a communal establishment","Aged 30 to 34 years","Female",9
"E07000174","Mansfield","Lives in a communal establishment","Aged 35 to 39 years","Female",8
"E07000174","Mansfield","Lives in a communal establishment","Aged 40 to 44 years","Female",6
"E07000174","Mansfield","Lives in a communal establishment","Aged 45 to 49 years","Female",12
"E07000174","Mansfield","Lives in a communal establishment","Aged 50 to 54 years","Female",22
"E07000174","Mansfield","Lives in a communal establishment","Aged 55 to 59 years","Female",15
"E07000174","Mansfield","Lives in a communal establishment","Aged 60 to 64 years","Female",29
"E07000174","Mansfield","Lives in a communal establishment","Aged 65 years","Female",0
"E07000174","Mansfield","Lives in a communal establishment","Aged 66 to 69 years","Female",5
"E07000174","Mansfield","Lives in a communal establishment","Aged 70 to 74 years","Female",27
"E07000174","Mansfield","Lives in a communal establishment","Aged 75 to 79 years","Female",35
"E07000174","Mansfield","Lives in a communal establishment","Aged 80 to 84 years","Female",75
"E07000174","Mansfield","Lives in a communal establishment","Aged 85 years and over","Female",236
"E07000175","Newark and Sherwood","Lives in a communal establishment","Total","Female",973
"E07000175","Newark and Sherwood","Lives in a communal establishment","Aged 2 years and under","Female",0
"E07000175","Newark and Sherwood","Lives in a communal establishment","Aged 3 to 4 years","Female",0
"E07000175","Newark and Sherwood","Lives in a communal establishment","Aged 5 to 7 years","Female",0
"E07000175","Newark and Sherwood","Lives in a communal establishment","Aged 8 to 9 years","Female",0
"E07000175","Newark and Sherwood","Lives in a communal establishment","Aged 10 to 14 years","Female",11
"E07000175","Newark and Sherwood","Lives in a communal establishment","Aged 15 years","Female",11
"E07000175","Newark and Sherwood","Lives in a communal establishment","Aged 16 to 17 years","Female",19
"E07000175","Newark and Sherwood","Lives in a communal establishment","Aged 18 to 19 years","Female",170
"E07000175","Newark and Sherwood","Lives in a communal establishment","Aged 20 to 24 years","Female",177
"E07000175","Newark and Sherwood","Lives in a communal establishment","Aged 25 to 29 years","Female",31
"E07000175","Newark and Sherwood","Lives in a communal establishment","Aged 30 to 34 years","Female",17
"E07000175","Newark and Sherwood","Lives in a communal establishment","Aged 35 to 39 years","Female",14
"E07000175","Newark and Sherwood","Lives in a communal establishment","Aged 40 to 44 years","Female",18
"E07000175","Newark and Sherwood","Lives in a communal establishment","Aged 45 to 49 years","Female",12
"E07000175","Newark and Sherwood","Lives in a communal establishment","Aged 50 to 54 years","Female",13
"E07000175","Newark and Sherwood","Lives in a communal establishment","Aged 55 to 59 years","Female",13
"E07000175","Newark and Sherwood","Lives in a communal establishment","Aged 60 to 64 years","Female",13
"E07000175","Newark and Sherwood","Lives in a communal establishment","Aged 65 years","Female",6
"E07000175","Newark and Sherwood","Lives in a communal establishment","Aged 66 to 69 years","Female",17
"E07000175","Newark and Sherwood","Lives in a communal establishment","Aged 70 to 74 years","Female",26
"E07000175","Newark and Sherwood","Lives in a communal establishment","Aged 75 to 79 years","Female",47
"E07000175","Newark and Sherwood","Lives in a communal establishment","Aged 80 to 84 years","Female",83
"E07000175","Newark and Sherwood","Lives in a communal establishment","Aged 85 years and over","Female",275
"E07000176","Rushcliffe","Lives in a communal establishment","Total","Female",1195
"E07000176","Rushcliffe","Lives in a communal establishment","Aged 2 years and under","Female",0
"E07000176","Rushcliffe","Lives in a communal establishment","Aged 3 to 4 years","Female",0
"E07000176","Rushcliffe","Lives in a communal establishment","Aged 5 to 7 years","Female",0
"E07000176","Rushcliffe","Lives in a communal establishment","Aged 8 to 9 years","Female",0
"E07000176","Rushcliffe","Lives in a communal establishment","Aged 10 to 14 years","Female",0
"E07000176","Rushcliffe","Lives in a communal establishment","Aged 15 years","Female",0
"E07000176","Rushcliffe","Lives in a communal establishment","Aged 16 to 17 years","Female",0
"E07000176","Rushcliffe","Lives in a communal establishment","Aged 18 to 19 years","Female",342
"E07000176","Rushcliffe","Lives in a communal establishment","Aged 20 to 24 years","Female",176
"E07000176","Rushcliffe","Lives in a communal establishment","Aged 25 to 29 years","Female",49
"E07000176","Rushcliffe","Lives in a communal establishment","Aged 30 to 34 years","Female",40
"E07000176","Rushcliffe","Lives in a communal establishment","Aged 35 to 39 years","Female",5
"E07000176","Rushcliffe","Lives in a communal establishment","Aged 40 to 44 years","Female",20
"E07000176","Rushcliffe","Lives in a communal establishment","Aged 45 to 49 years","Female",6
"E07000176","Rushcliffe","Lives in a communal establishment","Aged 50 to 54 years","Female",5
"E07000176","Rushcliffe","Lives in a communal establishment","Aged 55 to 59 years","Female",22
"E07000176","Rushcliffe","Lives in a communal establishment","Aged 60 to 64 years","Female",15
"E07000176","Rushcliffe","Lives in a communal establishment","Aged 65 years","Female",1
"E07000176","Rushcliffe","Lives in a communal establishment","Aged 66 to 69 years","Female",13
"E07000176","Rushcliffe","Lives in a communal establishment","Aged 70 to 74 years","Female",30
"E07000176","Rushcliffe","Lives in a communal establishment","Aged 75 to 79 years","Female",44
"E07000176","Rushcliffe","Lives in a communal establishment","Aged 80 to 84 years","Female",98
"E07000176","Rushcliffe","Lives in a communal establishment","Aged 85 years and over","Female",329
"E06000019","Herefordshire, County of","Lives in a communal establishment","Total","Female",1253
"E06000019","Herefordshire, County of","Lives in a communal establishment","Aged 2 years and under","Female",4
"E06000019","Herefordshire, County of","Lives in a communal establishment","Aged 3 to 4 years","Female",1
"E06000019","Herefordshire, County of","Lives in a communal establishment","Aged 5 to 7 years","Female",2
"E06000019","Herefordshire, County of","Lives in a communal establishment","Aged 8 to 9 years","Female",4
"E06000019","Herefordshire, County of","Lives in a communal establishment","Aged 10 to 14 years","Female",28
"E06000019","Herefordshire, County of","Lives in a communal establishment","Aged 15 years","Female",8
"E06000019","Herefordshire, County of","Lives in a communal establishment","Aged 16 to 17 years","Female",12
"E06000019","Herefordshire, County of","Lives in a communal establishment","Aged 18 to 19 years","Female",40
"E06000019","Herefordshire, County of","Lives in a communal establishment","Aged 20 to 24 years","Female",43
"E06000019","Herefordshire, County of","Lives in a communal establishment","Aged 25 to 29 years","Female",35
"E06000019","Herefordshire, County of","Lives in a communal establishment","Aged 30 to 34 years","Female",26
"E06000019","Herefordshire, County of","Lives in a communal establishment","Aged 35 to 39 years","Female",32
"E06000019","Herefordshire, County of","Lives in a communal establishment","Aged 40 to 44 years","Female",16
"E06000019","Herefordshire, County of","Lives in a communal establishment","Aged 45 to 49 years","Female",33
"E06000019","Herefordshire, County of","Lives in a communal establishment","Aged 50 to 54 years","Female",30
"E06000019","Herefordshire, County of","Lives in a communal establishment","Aged 55 to 59 years","Female",35
"E06000019","Herefordshire, County of","Lives in a communal establishment","Aged 60 to 64 years","Female",39
"E06000019","Herefordshire, County of","Lives in a communal establishment","Aged 65 years","Female",6
"E06000019","Herefordshire, County of","Lives in a communal establishment","Aged 66 to 69 years","Female",29
"E06000019","Herefordshire, County of","Lives in a communal establishment","Aged 70 to 74 years","Female",49
"E06000019","Herefordshire, County of","Lives in a communal establishment","Aged 75 to 79 years","Female",79
"E06000019","Herefordshire, County of","Lives in a communal establishment","Aged 80 to 84 years","Female",143
"E06000019","Herefordshire, County of","Lives in a communal establishment","Aged 85 years and over","Female",559
"E06000020","Telford and Wrekin","Lives in a communal establishment","Total","Female",1068
"E06000020","Telford and Wrekin","Lives in a communal establishment","Aged 2 years and under","Female",0
"E06000020","Telford and Wrekin","Lives in a communal establishment","Aged 3 to 4 years","Female",0
"E06000020","Telford and Wrekin","Lives in a communal establishment","Aged 5 to 7 years","Female",0
"E06000020","Telford and Wrekin","Lives in a communal establishment","Aged 8 to 9 years","Female",1
"E06000020","Telford and Wrekin","Lives in a communal establishment","Aged 10 to 14 years","Female",14
"E06000020","Telford and Wrekin","Lives in a communal establishment","Aged 15 years","Female",7
"E06000020","Telford and Wrekin","Lives in a communal establishment","Aged 16 to 17 years","Female",17
"E06000020","Telford and Wrekin","Lives in a communal establishment","Aged 18 to 19 years","Female",238
"E06000020","Telford and Wrekin","Lives in a communal establishment","Aged 20 to 24 years","Female",147
"E06000020","Telford and Wrekin","Lives in a communal establishment","Aged 25 to 29 years","Female",13
"E06000020","Telford and Wrekin","Lives in a communal establishment","Aged 30 to 34 years","Female",8
"E06000020","Telford and Wrekin","Lives in a communal establishment","Aged 35 to 39 years","Female",5
"E06000020","Telford and Wrekin","Lives in a communal establishment","Aged 40 to 44 years","Female",7
"E06000020","Telford and Wrekin","Lives in a communal establishment","Aged 45 to 49 years","Female",9
"E06000020","Telford and Wrekin","Lives in a communal establishment","Aged 50 to 54 years","Female",14
"E06000020","Telford and Wrekin","Lives in a communal establishment","Aged 55 to 59 years","Female",20
"E06000020","Telford and Wrekin","Lives in a communal establishment","Aged 60 to 64 years","Female",28
"E06000020","Telford and Wrekin","Lives in a communal establishment","Aged 65 years","Female",0
"E06000020","Telford and Wrekin","Lives in a communal establishment","Aged 66 to 69 years","Female",25
"E06000020","Telford and Wrekin","Lives in a communal establishment","Aged 70 to 74 years","Female",43
"E06000020","Telford and Wrekin","Lives in a communal establishment","Aged 75 to 79 years","Female",62
"E06000020","Telford and Wrekin","Lives in a communal establishment","Aged 80 to 84 years","Female",101
"E06000020","Telford and Wrekin","Lives in a communal establishment","Aged 85 years and over","Female",309
"E06000021","Stoke-on-Trent","Lives in a communal establishment","Total","Female",1726
"E06000021","Stoke-on-Trent","Lives in a communal establishment","Aged 2 years and under","Female",0
"E06000021","Stoke-on-Trent","Lives in a communal establishment","Aged 3 to 4 years","Female",0
"E06000021","Stoke-on-Trent","Lives in a communal establishment","Aged 5 to 7 years","Female",0
"E06000021","Stoke-on-Trent","Lives in a communal establishment","Aged 8 to 9 years","Female",0
"E06000021","Stoke-on-Trent","Lives in a communal establishment","Aged 10 to 14 years","Female",3
"E06000021","Stoke-on-Trent","Lives in a communal establishment","Aged 15 years","Female",2
"E06000021","Stoke-on-Trent","Lives in a communal establishment","Aged 16 to 17 years","Female",7
"E06000021","Stoke-on-Trent","Lives in a communal establishment","Aged 18 to 19 years","Female",293
"E06000021","Stoke-on-Trent","Lives in a communal establishment","Aged 20 to 24 years","Female",221
"E06000021","Stoke-on-Trent","Lives in a communal establishment","Aged 25 to 29 years","Female",24
"E06000021","Stoke-on-Trent","Lives in a communal establishment","Aged 30 to 34 years","Female",13
"E06000021","Stoke-on-Trent","Lives in a communal establishment","Aged 35 to 39 years","Female",33
"E06000021","Stoke-on-Trent","Lives in a communal establishment","Aged 40 to 44 years","Female",31
"E06000021","Stoke-on-Trent","Lives in a communal establishment","Aged 45 to 49 years","Female",32
"E06000021","Stoke-on-Trent","Lives in a communal establishment","Aged 50 to 54 years","Female",33
"E06000021","Stoke-on-Trent","Lives in a communal establishment","Aged 55 to 59 years","Female",38
"E06000021","Stoke-on-Trent","Lives in a communal establishment","Aged 60 to 64 years","Female",42
"E06000021","Stoke-on-Trent","Lives in a communal establishment","Aged 65 years","Female",10
"E06000021","Stoke-on-Trent","Lives in a communal establishment","Aged 66 to 69 years","Female",43
"E06000021","Stoke-on-Trent","Lives in a communal establishment","Aged 70 to 74 years","Female",75
"E06000021","Stoke-on-Trent","Lives in a communal establishment","Aged 75 to 79 years","Female",115
"E06000021","Stoke-on-Trent","Lives in a communal establishment","Aged 80 to 84 years","Female",170
"E06000021","Stoke-on-Trent","Lives in a communal establishment","Aged 85 years and over","Female",541
"E06000051","Shropshire","Lives in a communal establishment","Total","Female",2885
"E06000051","Shropshire","Lives in a communal establishment","Aged 2 years and under","Female",2
"E06000051","Shropshire","Lives in a communal establishment","Aged 3 to 4 years","Female",4
"E06000051","Shropshire","Lives in a communal establishment","Aged 5 to 7 years","Female",3
"E06000051","Shropshire","Lives in a communal establishment","Aged 8 to 9 years","Female",6
"E06000051","Shropshire","Lives in a communal establishment","Aged 10 to 14 years","Female",166
"E06000051","Shropshire","Lives in a communal establishment","Aged 15 years","Female",73
"E06000051","Shropshire","Lives in a communal establishment","Aged 16 to 17 years","Female",299
"E06000051","Shropshire","Lives in a communal establishment","Aged 18 to 19 years","Female",184
"E06000051","Shropshire","Lives in a communal establishment","Aged 20 to 24 years","Female",122
"E06000051","Shropshire","Lives in a communal establishment","Aged 25 to 29 years","Female",73
"E06000051","Shropshire","Lives in a communal establishment","Aged 30 to 34 years","Female",63
"E06000051","Shropshire","Lives in a communal establishment","Aged 35 to 39 years","Female",59
"E06000051","Shropshire","Lives in a communal establishment","Aged 40 to 44 years","Female",48
"E06000051","Shropshire","Lives in a communal establishment","Aged 45 to 49 years","Female",51
"E06000051","Shropshire","Lives in a communal establishment","Aged 50 to 54 years","Female",36
"E06000051","Shropshire","Lives in a communal establishment","Aged 55 to 59 years","Female",45
"E06000051","Shropshire","Lives in a communal establishment","Aged 60 to 64 years","Female",39
"E06000051","Shropshire","Lives in a communal establishment","Aged 65 years","Female",8
"E06000051","Shropshire","Lives in a communal establishment","Aged 66 to 69 years","Female",63
"E06000051","Shropshire","Lives in a communal establishment","Aged 70 to 74 years","Female",82
"E06000051","Shropshire","Lives in a communal establishment","Aged 75 to 79 years","Female",146
"E06000051","Shropshire","Lives in a communal establishment","Aged 80 to 84 years","Female",238
"E06000051","Shropshire","Lives in a communal establishment","Aged 85 years and over","Female",1075
"E07000192","Cannock Chase","Lives in a communal establishment","Total","Female",299
"E07000192","Cannock Chase","Lives in a communal establishment","Aged 2 years and under","Female",0
"E07000192","Cannock Chase","Lives in a communal establishment","Aged 3 to 4 years","Female",0
"E07000192","Cannock Chase","Lives in a communal establishment","Aged 5 to 7 years","Female",0
"E07000192","Cannock Chase","Lives in a communal establishment","Aged 8 to 9 years","Female",0
"E07000192","Cannock Chase","Lives in a communal establishment","Aged 10 to 14 years","Female",3
"E07000192","Cannock Chase","Lives in a communal establishment","Aged 15 years","Female",4
"E07000192","Cannock Chase","Lives in a communal establishment","Aged 16 to 17 years","Female",8
"E07000192","Cannock Chase","Lives in a communal establishment","Aged 18 to 19 years","Female",2
"E07000192","Cannock Chase","Lives in a communal establishment","Aged 20 to 24 years","Female",0
"E07000192","Cannock Chase","Lives in a communal establishment","Aged 25 to 29 years","Female",9
"E07000192","Cannock Chase","Lives in a communal establishment","Aged 30 to 34 years","Female",1
"E07000192","Cannock Chase","Lives in a communal establishment","Aged 35 to 39 years","Female",1
"E07000192","Cannock Chase","Lives in a communal establishment","Aged 40 to 44 years","Female",2
"E07000192","Cannock Chase","Lives in a communal establishment","Aged 45 to 49 years","Female",4
"E07000192","Cannock Chase","Lives in a communal establishment","Aged 50 to 54 years","Female",2
"E07000192","Cannock Chase","Lives in a communal establishment","Aged 55 to 59 years","Female",1
"E07000192","Cannock Chase","Lives in a communal establishment","Aged 60 to 64 years","Female",5
"E07000192","Cannock Chase","Lives in a communal establishment","Aged 65 years","Female",1
"E07000192","Cannock Chase","Lives in a communal establishment","Aged 66 to 69 years","Female",7
"E07000192","Cannock Chase","Lives in a communal establishment","Aged 70 to 74 years","Female",12
"E07000192","Cannock Chase","Lives in a communal establishment","Aged 75 to 79 years","Female",26
"E07000192","Cannock Chase","Lives in a communal establishment","Aged 80 to 84 years","Female",56
"E07000192","Cannock Chase","Lives in a communal establishment","Aged 85 years and over","Female",155
"E07000193","East Staffordshire","Lives in a communal establishment","Total","Female",587
"E07000193","East Staffordshire","Lives in a communal establishment","Aged 2 years and under","Female",5
"E07000193","East Staffordshire","Lives in a communal establishment","Aged 3 to 4 years","Female",4
"E07000193","East Staffordshire","Lives in a communal establishment","Aged 5 to 7 years","Female",7
"E07000193","East Staffordshire","Lives in a communal establishment","Aged 8 to 9 years","Female",2
"E07000193","East Staffordshire","Lives in a communal establishment","Aged 10 to 14 years","Female",8
"E07000193","East Staffordshire","Lives in a communal establishment","Aged 15 years","Female",7
"E07000193","East Staffordshire","Lives in a communal establishment","Aged 16 to 17 years","Female",20
"E07000193","East Staffordshire","Lives in a communal establishment","Aged 18 to 19 years","Female",12
"E07000193","East Staffordshire","Lives in a communal establishment","Aged 20 to 24 years","Female",11
"E07000193","East Staffordshire","Lives in a communal establishment","Aged 25 to 29 years","Female",10
"E07000193","East Staffordshire","Lives in a communal establishment","Aged 30 to 34 years","Female",13
"E07000193","East Staffordshire","Lives in a communal establishment","Aged 35 to 39 years","Female",9
"E07000193","East Staffordshire","Lives in a communal establishment","Aged 40 to 44 years","Female",12
"E07000193","East Staffordshire","Lives in a communal establishment","Aged 45 to 49 years","Female",15
"E07000193","East Staffordshire","Lives in a communal establishment","Aged 50 to 54 years","Female",11
"E07000193","East Staffordshire","Lives in a communal establishment","Aged 55 to 59 years","Female",13
"E07000193","East Staffordshire","Lives in a communal establishment","Aged 60 to 64 years","Female",13
"E07000193","East Staffordshire","Lives in a communal establishment","Aged 65 years","Female",5
"E07000193","East Staffordshire","Lives in a communal establishment","Aged 66 to 69 years","Female",9
"E07000193","East Staffordshire","Lives in a communal establishment","Aged 70 to 74 years","Female",30
"E07000193","East Staffordshire","Lives in a communal establishment","Aged 75 to 79 years","Female",40
"E07000193","East Staffordshire","Lives in a communal establishment","Aged 80 to 84 years","Female",80
"E07000193","East Staffordshire","Lives in a communal establishment","Aged 85 years and over","Female",251
"E07000194","Lichfield","Lives in a communal establishment","Total","Female",559
"E07000194","Lichfield","Lives in a communal establishment","Aged 2 years and under","Female",0
"E07000194","Lichfield","Lives in a communal establishment","Aged 3 to 4 years","Female",0
"E07000194","Lichfield","Lives in a communal establishment","Aged 5 to 7 years","Female",0
"E07000194","Lichfield","Lives in a communal establishment","Aged 8 to 9 years","Female",0
"E07000194","Lichfield","Lives in a communal establishment","Aged 10 to 14 years","Female",1
"E07000194","Lichfield","Lives in a communal establishment","Aged 15 years","Female",2
"E07000194","Lichfield","Lives in a communal establishment","Aged 16 to 17 years","Female",3
"E07000194","Lichfield","Lives in a communal establishment","Aged 18 to 19 years","Female",9
"E07000194","Lichfield","Lives in a communal establishment","Aged 20 to 24 years","Female",12
"E07000194","Lichfield","Lives in a communal establishment","Aged 25 to 29 years","Female",15
"E07000194","Lichfield","Lives in a communal establishment","Aged 30 to 34 years","Female",7
"E07000194","Lichfield","Lives in a communal establishment","Aged 35 to 39 years","Female",7
"E07000194","Lichfield","Lives in a communal establishment","Aged 40 to 44 years","Female",1
"E07000194","Lichfield","Lives in a communal establishment","Aged 45 to 49 years","Female",7
"E07000194","Lichfield","Lives in a communal establishment","Aged 50 to 54 years","Female",6
"E07000194","Lichfield","Lives in a communal establishment","Aged 55 to 59 years","Female",7
"E07000194","Lichfield","Lives in a communal establishment","Aged 60 to 64 years","Female",7
"E07000194","Lichfield","Lives in a communal establishment","Aged 65 years","Female",4
"E07000194","Lichfield","Lives in a communal establishment","Aged 66 to 69 years","Female",11
"E07000194","Lichfield","Lives in a communal establishment","Aged 70 to 74 years","Female",32
"E07000194","Lichfield","Lives in a communal establishment","Aged 75 to 79 years","Female",68
"E07000194","Lichfield","Lives in a communal establishment","Aged 80 to 84 years","Female",79
"E07000194","Lichfield","Lives in a communal establishment","Aged 85 years and over","Female",281
"E07000195","Newcastle-under-Lyme","Lives in a communal establishment","Total","Female",1952
"E07000195","Newcastle-under-Lyme","Lives in a communal establishment","Aged 2 years and under","Female",0
"E07000195","Newcastle-under-Lyme","Lives in a communal establishment","Aged 3 to 4 years","Female",0
"E07000195","Newcastle-under-Lyme","Lives in a communal establishment","Aged 5 to 7 years","Female",0
"E07000195","Newcastle-under-Lyme","Lives in a communal establishment","Aged 8 to 9 years","Female",0
"E07000195","Newcastle-under-Lyme","Lives in a communal establishment","Aged 10 to 14 years","Female",2
"E07000195","Newcastle-under-Lyme","Lives in a communal establishment","Aged 15 years","Female",0
"E07000195","Newcastle-under-Lyme","Lives in a communal establishment","Aged 16 to 17 years","Female",0
"E07000195","Newcastle-under-Lyme","Lives in a communal establishment","Aged 18 to 19 years","Female",728
"E07000195","Newcastle-under-Lyme","Lives in a communal establishment","Aged 20 to 24 years","Female",655
"E07000195","Newcastle-under-Lyme","Lives in a communal establishment","Aged 25 to 29 years","Female",25
"E07000195","Newcastle-under-Lyme","Lives in a communal establishment","Aged 30 to 34 years","Female",13
"E07000195","Newcastle-under-Lyme","Lives in a communal establishment","Aged 35 to 39 years","Female",0
"E07000195","Newcastle-under-Lyme","Lives in a communal establishment","Aged 40 to 44 years","Female",2
"E07000195","Newcastle-under-Lyme","Lives in a communal establishment","Aged 45 to 49 years","Female",4
"E07000195","Newcastle-under-Lyme","Lives in a communal establishment","Aged 50 to 54 years","Female",6
"E07000195","Newcastle-under-Lyme","Lives in a communal establishment","Aged 55 to 59 years","Female",5
"E07000195","Newcastle-under-Lyme","Lives in a communal establishment","Aged 60 to 64 years","Female",6
"E07000195","Newcastle-under-Lyme","Lives in a communal establishment","Aged 65 years","Female",3
"E07000195","Newcastle-under-Lyme","Lives in a communal establishment","Aged 66 to 69 years","Female",14
"E07000195","Newcastle-under-Lyme","Lives in a communal establishment","Aged 70 to 74 years","Female",30
"E07000195","Newcastle-under-Lyme","Lives in a communal establishment","Aged 75 to 79 years","Female",38
"E07000195","Newcastle-under-Lyme","Lives in a communal establishment","Aged 80 to 84 years","Female",89
"E07000195","Newcastle-under-Lyme","Lives in a communal establishment","Aged 85 years and over","Female",332
"E07000196","South Staffordshire","Lives in a communal establishment","Total","Female",471
"E07000196","South Staffordshire","Lives in a communal establishment","Aged 2 years and under","Female",0
"E07000196","South Staffordshire","Lives in a communal establishment","Aged 3 to 4 years","Female",1
"E07000196","South Staffordshire","Lives in a communal establishment","Aged 5 to 7 years","Female",0
"E07000196","South Staffordshire","Lives in a communal establishment","Aged 8 to 9 years","Female",0
"E07000196","South Staffordshire","Lives in a communal establishment","Aged 10 to 14 years","Female",9
"E07000196","South Staffordshire","Lives in a communal establishment","Aged 15 years","Female",2
"E07000196","South Staffordshire","Lives in a communal establishment","Aged 16 to 17 years","Female",4
"E07000196","South Staffordshire","Lives in a communal establishment","Aged 18 to 19 years","Female",1
"E07000196","South Staffordshire","Lives in a communal establishment","Aged 20 to 24 years","Female",0
"E07000196","South Staffordshire","Lives in a communal establishment","Aged 25 to 29 years","Female",0
"E07000196","South Staffordshire","Lives in a communal establishment","Aged 30 to 34 years","Female",5
"E07000196","South Staffordshire","Lives in a communal establishment","Aged 35 to 39 years","Female",1
"E07000196","South Staffordshire","Lives in a communal establishment","Aged 40 to 44 years","Female",7
"E07000196","South Staffordshire","Lives in a communal establishment","Aged 45 to 49 years","Female",3
"E07000196","South Staffordshire","Lives in a communal establishment","Aged 50 to 54 years","Female",2
"E07000196","South Staffordshire","Lives in a communal establishment","Aged 55 to 59 years","Female",13
"E07000196","South Staffordshire","Lives in a communal establishment","Aged 60 to 64 years","Female",11
"E07000196","South Staffordshire","Lives in a communal establishment","Aged 65 years","Female",4
"E07000196","South Staffordshire","Lives in a communal establishment","Aged 66 to 69 years","Female",13
"E07000196","South Staffordshire","Lives in a communal establishment","Aged 70 to 74 years","Female",31
"E07000196","South Staffordshire","Lives in a communal establishment","Aged 75 to 79 years","Female",41
"E07000196","South Staffordshire","Lives in a communal establishment","Aged 80 to 84 years","Female",71
"E07000196","South Staffordshire","Lives in a communal establishment","Aged 85 years and over","Female",252
"E07000197","Stafford","Lives in a communal establishment","Total","Female",914
"E07000197","Stafford","Lives in a communal establishment","Aged 2 years and under","Female",0
"E07000197","Stafford","Lives in a communal establishment","Aged 3 to 4 years","Female",0
"E07000197","Stafford","Lives in a communal establishment","Aged 5 to 7 years","Female",0
"E07000197","Stafford","Lives in a communal establishment","Aged 8 to 9 years","Female",0
"E07000197","Stafford","Lives in a communal establishment","Aged 10 to 14 years","Female",3
"E07000197","Stafford","Lives in a communal establishment","Aged 15 years","Female",0
"E07000197","Stafford","Lives in a communal establishment","Aged 16 to 17 years","Female",1
"E07000197","Stafford","Lives in a communal establishment","Aged 18 to 19 years","Female",28
"E07000197","Stafford","Lives in a communal establishment","Aged 20 to 24 years","Female",40
"E07000197","Stafford","Lives in a communal establishment","Aged 25 to 29 years","Female",24
"E07000197","Stafford","Lives in a communal establishment","Aged 30 to 34 years","Female",35
"E07000197","Stafford","Lives in a communal establishment","Aged 35 to 39 years","Female",56
"E07000197","Stafford","Lives in a communal establishment","Aged 40 to 44 years","Female",52
"E07000197","Stafford","Lives in a communal establishment","Aged 45 to 49 years","Female",35
"E07000197","Stafford","Lives in a communal establishment","Aged 50 to 54 years","Female",20
"E07000197","Stafford","Lives in a communal establishment","Aged 55 to 59 years","Female",21
"E07000197","Stafford","Lives in a communal establishment","Aged 60 to 64 years","Female",23
"E07000197","Stafford","Lives in a communal establishment","Aged 65 years","Female",0
"E07000197","Stafford","Lives in a communal establishment","Aged 66 to 69 years","Female",10
"E07000197","Stafford","Lives in a communal establishment","Aged 70 to 74 years","Female",24
"E07000197","Stafford","Lives in a communal establishment","Aged 75 to 79 years","Female",66
"E07000197","Stafford","Lives in a communal establishment","Aged 80 to 84 years","Female",95
"E07000197","Stafford","Lives in a communal establishment","Aged 85 years and over","Female",381
"E07000198","Staffordshire Moorlands","Lives in a communal establishment","Total","Female",559
"E07000198","Staffordshire Moorlands","Lives in a communal establishment","Aged 2 years and under","Female",0
"E07000198","Staffordshire Moorlands","Lives in a communal establishment","Aged 3 to 4 years","Female",0
"E07000198","Staffordshire Moorlands","Lives in a communal establishment","Aged 5 to 7 years","Female",0
"E07000198","Staffordshire Moorlands","Lives in a communal establishment","Aged 8 to 9 years","Female",1
"E07000198","Staffordshire Moorlands","Lives in a communal establishment","Aged 10 to 14 years","Female",6
"E07000198","Staffordshire Moorlands","Lives in a communal establishment","Aged 15 years","Female",2
"E07000198","Staffordshire Moorlands","Lives in a communal establishment","Aged 16 to 17 years","Female",9
"E07000198","Staffordshire Moorlands","Lives in a communal establishment","Aged 18 to 19 years","Female",0
"E07000198","Staffordshire Moorlands","Lives in a communal establishment","Aged 20 to 24 years","Female",2
"E07000198","Staffordshire Moorlands","Lives in a communal establishment","Aged 25 to 29 years","Female",4
"E07000198","Staffordshire Moorlands","Lives in a communal establishment","Aged 30 to 34 years","Female",9
"E07000198","Staffordshire Moorlands","Lives in a communal establishment","Aged 35 to 39 years","Female",3
"E07000198","Staffordshire Moorlands","Lives in a communal establishment","Aged 40 to 44 years","Female",9
"E07000198","Staffordshire Moorlands","Lives in a communal establishment","Aged 45 to 49 years","Female",6
"E07000198","Staffordshire Moorlands","Lives in a communal establishment","Aged 50 to 54 years","Female",17
"E07000198","Staffordshire Moorlands","Lives in a communal establishment","Aged 55 to 59 years","Female",23
"E07000198","Staffordshire Moorlands","Lives in a communal establishment","Aged 60 to 64 years","Female",21
"E07000198","Staffordshire Moorlands","Lives in a communal establishment","Aged 65 years","Female",10
"E07000198","Staffordshire Moorlands","Lives in a communal establishment","Aged 66 to 69 years","Female",19
"E07000198","Staffordshire Moorlands","Lives in a communal establishment","Aged 70 to 74 years","Female",24
"E07000198","Staffordshire Moorlands","Lives in a communal establishment","Aged 75 to 79 years","Female",53
"E07000198","Staffordshire Moorlands","Lives in a communal establishment","Aged 80 to 84 years","Female",94
"E07000198","Staffordshire Moorlands","Lives in a communal establishment","Aged 85 years and over","Female",247
"E07000199","Tamworth","Lives in a communal establishment","Total","Female",222
"E07000199","Tamworth","Lives in a communal establishment","Aged 2 years and under","Female",0
"E07000199","Tamworth","Lives in a communal establishment","Aged 3 to 4 years","Female",0
"E07000199","Tamworth","Lives in a communal establishment","Aged 5 to 7 years","Female",0
"E07000199","Tamworth","Lives in a communal establishment","Aged 8 to 9 years","Female",0
"E07000199","Tamworth","Lives in a communal establishment","Aged 10 to 14 years","Female",1
"E07000199","Tamworth","Lives in a communal establishment","Aged 15 years","Female",0
"E07000199","Tamworth","Lives in a communal establishment","Aged 16 to 17 years","Female",6
"E07000199","Tamworth","Lives in a communal establishment","Aged 18 to 19 years","Female",6
"E07000199","Tamworth","Lives in a communal establishment","Aged 20 to 24 years","Female",8
"E07000199","Tamworth","Lives in a communal establishment","Aged 25 to 29 years","Female",3
"E07000199","Tamworth","Lives in a communal establishment","Aged 30 to 34 years","Female",1
"E07000199","Tamworth","Lives in a communal establishment","Aged 35 to 39 years","Female",1
"E07000199","Tamworth","Lives in a communal establishment","Aged 40 to 44 years","Female",0
"E07000199","Tamworth","Lives in a communal establishment","Aged 45 to 49 years","Female",2
"E07000199","Tamworth","Lives in a communal establishment","Aged 50 to 54 years","Female",4
"E07000199","Tamworth","Lives in a communal establishment","Aged 55 to 59 years","Female",1
"E07000199","Tamworth","Lives in a communal establishment","Aged 60 to 64 years","Female",2
"E07000199","Tamworth","Lives in a communal establishment","Aged 65 years","Female",0
"E07000199","Tamworth","Lives in a communal establishment","Aged 66 to 69 years","Female",4
"E07000199","Tamworth","Lives in a communal establishment","Aged 70 to 74 years","Female",9
"E07000199","Tamworth","Lives in a communal establishment","Aged 75 to 79 years","Female",18
"E07000199","Tamworth","Lives in a communal establishment","Aged 80 to 84 years","Female",31
"E07000199","Tamworth","Lives in a communal establishment","Aged 85 years and over","Female",125
"E07000218","North Warwickshire","Lives in a communal establishment","Total","Female",427
"E07000218","North Warwickshire","Lives in a communal establishment","Aged 2 years and under","Female",0
"E07000218","North Warwickshire","Lives in a communal establishment","Aged 3 to 4 years","Female",0
"E07000218","North Warwickshire","Lives in a communal establishment","Aged 5 to 7 years","Female",0
"E07000218","North Warwickshire","Lives in a communal establishment","Aged 8 to 9 years","Female",1
"E07000218","North Warwickshire","Lives in a communal establishment","Aged 10 to 14 years","Female",5
"E07000218","North Warwickshire","Lives in a communal establishment","Aged 15 years","Female",3
"E07000218","North Warwickshire","Lives in a communal establishment","Aged 16 to 17 years","Female",3
"E07000218","North Warwickshire","Lives in a communal establishment","Aged 18 to 19 years","Female",1
"E07000218","North Warwickshire","Lives in a communal establishment","Aged 20 to 24 years","Female",1
"E07000218","North Warwickshire","Lives in a communal establishment","Aged 25 to 29 years","Female",3
"E07000218","North Warwickshire","Lives in a communal establishment","Aged 30 to 34 years","Female",2
"E07000218","North Warwickshire","Lives in a communal establishment","Aged 35 to 39 years","Female",2
"E07000218","North Warwickshire","Lives in a communal establishment","Aged 40 to 44 years","Female",1
"E07000218","North Warwickshire","Lives in a communal establishment","Aged 45 to 49 years","Female",5
"E07000218","North Warwickshire","Lives in a communal establishment","Aged 50 to 54 years","Female",8
"E07000218","North Warwickshire","Lives in a communal establishment","Aged 55 to 59 years","Female",12
"E07000218","North Warwickshire","Lives in a communal establishment","Aged 60 to 64 years","Female",20
"E07000218","North Warwickshire","Lives in a communal establishment","Aged 65 years","Female",5
"E07000218","North Warwickshire","Lives in a communal establishment","Aged 66 to 69 years","Female",15
"E07000218","North Warwickshire","Lives in a communal establishment","Aged 70 to 74 years","Female",22
"E07000218","North Warwickshire","Lives in a communal establishment","Aged 75 to 79 years","Female",43
"E07000218","North Warwickshire","Lives in a communal establishment","Aged 80 to 84 years","Female",50
"E07000218","North Warwickshire","Lives in a communal establishment","Aged 85 years and over","Female",225
"E07000219","Nuneaton and Bedworth","Lives in a communal establishment","Total","Female",467
"E07000219","Nuneaton and Bedworth","Lives in a communal establishment","Aged 2 years and under","Female",0
"E07000219","Nuneaton and Bedworth","Lives in a communal establishment","Aged 3 to 4 years","Female",0
"E07000219","Nuneaton and Bedworth","Lives in a communal establishment","Aged 5 to 7 years","Female",0
"E07000219","Nuneaton and Bedworth","Lives in a communal establishment","Aged 8 to 9 years","Female",0
"E07000219","Nuneaton and Bedworth","Lives in a communal establishment","Aged 10 to 14 years","Female",0
"E07000219","Nuneaton and Bedworth","Lives in a communal establishment","Aged 15 years","Female",1
"E07000219","Nuneaton and Bedworth","Lives in a communal establishment","Aged 16 to 17 years","Female",1
"E07000219","Nuneaton and Bedworth","Lives in a communal establishment","Aged 18 to 19 years","Female",0
"E07000219","Nuneaton and Bedworth","Lives in a communal establishment","Aged 20 to 24 years","Female",5
"E07000219","Nuneaton and Bedworth","Lives in a communal establishment","Aged 25 to 29 years","Female",5
"E07000219","Nuneaton and Bedworth","Lives in a communal establishment","Aged 30 to 34 years","Female",3
"E07000219","Nuneaton and Bedworth","Lives in a communal establishment","Aged 35 to 39 years","Female",0
"E07000219","Nuneaton and Bedworth","Lives in a communal establishment","Aged 40 to 44 years","Female",1
"E07000219","Nuneaton and Bedworth","Lives in a communal establishment","Aged 45 to 49 years","Female",2
"E07000219","Nuneaton and Bedworth","Lives in a communal establishment","Aged 50 to 54 years","Female",8
"E07000219","Nuneaton and Bedworth","Lives in a communal establishment","Aged 55 to 59 years","Female",8
"E07000219","Nuneaton and Bedworth","Lives in a communal establishment","Aged 60 to 64 years","Female",16
"E07000219","Nuneaton and Bedworth","Lives in a communal establishment","Aged 65 years","Female",1
"E07000219","Nuneaton and Bedworth","Lives in a communal establishment","Aged 66 to 69 years","Female",18
"E07000219","Nuneaton and Bedworth","Lives in a communal establishment","Aged 70 to 74 years","Female",27
"E07000219","Nuneaton and Bedworth","Lives in a communal establishment","Aged 75 to 79 years","Female",52
"E07000219","Nuneaton and Bedworth","Lives in a communal establishment","Aged 80 to 84 years","Female",85
"E07000219","Nuneaton and Bedworth","Lives in a communal establishment","Aged 85 years and over","Female",234
"E07000220","Rugby","Lives in a communal establishment","Total","Female",839
"E07000220","Rugby","Lives in a communal establishment","Aged 2 years and under","Female",1
"E07000220","Rugby","Lives in a communal establishment","Aged 3 to 4 years","Female",0
"E07000220","Rugby","Lives in a communal establishment","Aged 5 to 7 years","Female",0
"E07000220","Rugby","Lives in a communal establishment","Aged 8 to 9 years","Female",1
"E07000220","Rugby","Lives in a communal establishment","Aged 10 to 14 years","Female",60
"E07000220","Rugby","Lives in a communal establishment","Aged 15 years","Female",55
"E07000220","Rugby","Lives in a communal establishment","Aged 16 to 17 years","Female",123
"E07000220","Rugby","Lives in a communal establishment","Aged 18 to 19 years","Female",50
"E07000220","Rugby","Lives in a communal establishment","Aged 20 to 24 years","Female",28
"E07000220","Rugby","Lives in a communal establishment","Aged 25 to 29 years","Female",11
"E07000220","Rugby","Lives in a communal establishment","Aged 30 to 34 years","Female",8
"E07000220","Rugby","Lives in a communal establishment","Aged 35 to 39 years","Female",7
"E07000220","Rugby","Lives in a communal establishment","Aged 40 to 44 years","Female",4
"E07000220","Rugby","Lives in a communal establishment","Aged 45 to 49 years","Female",10
"E07000220","Rugby","Lives in a communal establishment","Aged 50 to 54 years","Female",9
"E07000220","Rugby","Lives in a communal establishment","Aged 55 to 59 years","Female",9
"E07000220","Rugby","Lives in a communal establishment","Aged 60 to 64 years","Female",17
"E07000220","Rugby","Lives in a communal establishment","Aged 65 years","Female",3
"E07000220","Rugby","Lives in a communal establishment","Aged 66 to 69 years","Female",9
"E07000220","Rugby","Lives in a communal establishment","Aged 70 to 74 years","Female",25
"E07000220","Rugby","Lives in a communal establishment","Aged 75 to 79 years","Female",51
"E07000220","Rugby","Lives in a communal establishment","Aged 80 to 84 years","Female",75
"E07000220","Rugby","Lives in a communal establishment","Aged 85 years and over","Female",283
"E07000221","Stratford-on-Avon","Lives in a communal establishment","Total","Female",781
"E07000221","Stratford-on-Avon","Lives in a communal establishment","Aged 2 years and under","Female",0
"E07000221","Stratford-on-Avon","Lives in a communal establishment","Aged 3 to 4 years","Female",0
"E07000221","Stratford-on-Avon","Lives in a communal establishment","Aged 5 to 7 years","Female",0
"E07000221","Stratford-on-Avon","Lives in a communal establishment","Aged 8 to 9 years","Female",0
"E07000221","Stratford-on-Avon","Lives in a communal establishment","Aged 10 to 14 years","Female",0
"E07000221","Stratford-on-Avon","Lives in a communal establishment","Aged 15 years","Female",0
"E07000221","Stratford-on-Avon","Lives in a communal establishment","Aged 16 to 17 years","Female",32
"E07000221","Stratford-on-Avon","Lives in a communal establishment","Aged 18 to 19 years","Female",13
"E07000221","Stratford-on-Avon","Lives in a communal establishment","Aged 20 to 24 years","Female",18
"E07000221","Stratford-on-Avon","Lives in a communal establishment","Aged 25 to 29 years","Female",8
"E07000221","Stratford-on-Avon","Lives in a communal establishment","Aged 30 to 34 years","Female",6
"E07000221","Stratford-on-Avon","Lives in a communal establishment","Aged 35 to 39 years","Female",8
"E07000221","Stratford-on-Avon","Lives in a communal establishment","Aged 40 to 44 years","Female",9
"E07000221","Stratford-on-Avon","Lives in a communal establishment","Aged 45 to 49 years","Female",6
"E07000221","Stratford-on-Avon","Lives in a communal establishment","Aged 50 to 54 years","Female",11
"E07000221","Stratford-on-Avon","Lives in a communal establishment","Aged 55 to 59 years","Female",12
"E07000221","Stratford-on-Avon","Lives in a communal establishment","Aged 60 to 64 years","Female",8
"E07000221","Stratford-on-Avon","Lives in a communal establishment","Aged 65 years","Female",0
"E07000221","Stratford-on-Avon","Lives in a communal establishment","Aged 66 to 69 years","Female",13
"E07000221","Stratford-on-Avon","Lives in a communal establishment","Aged 70 to 74 years","Female",26
"E07000221","Stratford-on-Avon","Lives in a communal establishment","Aged 75 to 79 years","Female",67
"E07000221","Stratford-on-Avon","Lives in a communal establishment","Aged 80 to 84 years","Female",118
"E07000221","Stratford-on-Avon","Lives in a communal establishment","Aged 85 years and over","Female",426
"E07000222","Warwick","Lives in a communal establishment","Total","Female",2042
"E07000222","Warwick","Lives in a communal establishment","Aged 2 years and under","Female",7
"E07000222","Warwick","Lives in a communal establishment","Aged 3 to 4 years","Female",8
"E07000222","Warwick","Lives in a communal establishment","Aged 5 to 7 years","Female",2
"E07000222","Warwick","Lives in a communal establishment","Aged 8 to 9 years","Female",0
"E07000222","Warwick","Lives in a communal establishment","Aged 10 to 14 years","Female",2
"E07000222","Warwick","Lives in a communal establishment","Aged 15 years","Female",0
"E07000222","Warwick","Lives in a communal establishment","Aged 16 to 17 years","Female",8
"E07000222","Warwick","Lives in a communal establishment","Aged 18 to 19 years","Female",833
"E07000222","Warwick","Lives in a communal establishment","Aged 20 to 24 years","Female",350
"E07000222","Warwick","Lives in a communal establishment","Aged 25 to 29 years","Female",79
"E07000222","Warwick","Lives in a communal establishment","Aged 30 to 34 years","Female",52
"E07000222","Warwick","Lives in a communal establishment","Aged 35 to 39 years","Female",34
"E07000222","Warwick","Lives in a communal establishment","Aged 40 to 44 years","Female",9
"E07000222","Warwick","Lives in a communal establishment","Aged 45 to 49 years","Female",11
"E07000222","Warwick","Lives in a communal establishment","Aged 50 to 54 years","Female",23
"E07000222","Warwick","Lives in a communal establishment","Aged 55 to 59 years","Female",25
"E07000222","Warwick","Lives in a communal establishment","Aged 60 to 64 years","Female",24
"E07000222","Warwick","Lives in a communal establishment","Aged 65 years","Female",7
"E07000222","Warwick","Lives in a communal establishment","Aged 66 to 69 years","Female",20
"E07000222","Warwick","Lives in a communal establishment","Aged 70 to 74 years","Female",24
"E07000222","Warwick","Lives in a communal establishment","Aged 75 to 79 years","Female",54
"E07000222","Warwick","Lives in a communal establishment","Aged 80 to 84 years","Female",90
"E07000222","Warwick","Lives in a communal establishment","Aged 85 years and over","Female",380
"E07000234","Bromsgrove","Lives in a communal establishment","Total","Female",869
"E07000234","Bromsgrove","Lives in a communal establishment","Aged 2 years and under","Female",0
"E07000234","Bromsgrove","Lives in a communal establishment","Aged 3 to 4 years","Female",0
"E07000234","Bromsgrove","Lives in a communal establishment","Aged 5 to 7 years","Female",1
"E07000234","Bromsgrove","Lives in a communal establishment","Aged 8 to 9 years","Female",3
"E07000234","Bromsgrove","Lives in a communal establishment","Aged 10 to 14 years","Female",54
"E07000234","Bromsgrove","Lives in a communal establishment","Aged 15 years","Female",12
"E07000234","Bromsgrove","Lives in a communal establishment","Aged 16 to 17 years","Female",60
"E07000234","Bromsgrove","Lives in a communal establishment","Aged 18 to 19 years","Female",31
"E07000234","Bromsgrove","Lives in a communal establishment","Aged 20 to 24 years","Female",0
"E07000234","Bromsgrove","Lives in a communal establishment","Aged 25 to 29 years","Female",2
"E07000234","Bromsgrove","Lives in a communal establishment","Aged 30 to 34 years","Female",0
"E07000234","Bromsgrove","Lives in a communal establishment","Aged 35 to 39 years","Female",2
"E07000234","Bromsgrove","Lives in a communal establishment","Aged 40 to 44 years","Female",7
"E07000234","Bromsgrove","Lives in a communal establishment","Aged 45 to 49 years","Female",6
"E07000234","Bromsgrove","Lives in a communal establishment","Aged 50 to 54 years","Female",8
"E07000234","Bromsgrove","Lives in a communal establishment","Aged 55 to 59 years","Female",8
"E07000234","Bromsgrove","Lives in a communal establishment","Aged 60 to 64 years","Female",13
"E07000234","Bromsgrove","Lives in a communal establishment","Aged 65 years","Female",4
"E07000234","Bromsgrove","Lives in a communal establishment","Aged 66 to 69 years","Female",10
"E07000234","Bromsgrove","Lives in a communal establishment","Aged 70 to 74 years","Female",30
"E07000234","Bromsgrove","Lives in a communal establishment","Aged 75 to 79 years","Female",74
"E07000234","Bromsgrove","Lives in a communal establishment","Aged 80 to 84 years","Female",113
"E07000234","Bromsgrove","Lives in a communal establishment","Aged 85 years and over","Female",431
"E07000235","Malvern Hills","Lives in a communal establishment","Total","Female",1069
"E07000235","Malvern Hills","Lives in a communal establishment","Aged 2 years and under","Female",5
"E07000235","Malvern Hills","Lives in a communal establishment","Aged 3 to 4 years","Female",1
"E07000235","Malvern Hills","Lives in a communal establishment","Aged 5 to 7 years","Female",3
"E07000235","Malvern Hills","Lives in a communal establishment","Aged 8 to 9 years","Female",8
"E07000235","Malvern Hills","Lives in a communal establishment","Aged 10 to 14 years","Female",101
"E07000235","Malvern Hills","Lives in a communal establishment","Aged 15 years","Female",60
"E07000235","Malvern Hills","Lives in a communal establishment","Aged 16 to 17 years","Female",134
"E07000235","Malvern Hills","Lives in a communal establishment","Aged 18 to 19 years","Female",65
"E07000235","Malvern Hills","Lives in a communal establishment","Aged 20 to 24 years","Female",19
"E07000235","Malvern Hills","Lives in a communal establishment","Aged 25 to 29 years","Female",10
"E07000235","Malvern Hills","Lives in a communal establishment","Aged 30 to 34 years","Female",16
"E07000235","Malvern Hills","Lives in a communal establishment","Aged 35 to 39 years","Female",3
"E07000235","Malvern Hills","Lives in a communal establishment","Aged 40 to 44 years","Female",14
"E07000235","Malvern Hills","Lives in a communal establishment","Aged 45 to 49 years","Female",14
"E07000235","Malvern Hills","Lives in a communal establishment","Aged 50 to 54 years","Female",11
"E07000235","Malvern Hills","Lives in a communal establishment","Aged 55 to 59 years","Female",14
"E07000235","Malvern Hills","Lives in a communal establishment","Aged 60 to 64 years","Female",14
"E07000235","Malvern Hills","Lives in a communal establishment","Aged 65 years","Female",6
"E07000235","Malvern Hills","Lives in a communal establishment","Aged 66 to 69 years","Female",11
"E07000235","Malvern Hills","Lives in a communal establishment","Aged 70 to 74 years","Female",23
"E07000235","Malvern Hills","Lives in a communal establishment","Aged 75 to 79 years","Female",53
"E07000235","Malvern Hills","Lives in a communal establishment","Aged 80 to 84 years","Female",87
"E07000235","Malvern Hills","Lives in a communal establishment","Aged 85 years and over","Female",397
"E07000236","Redditch","Lives in a communal establishment","Total","Female",216
"E07000236","Redditch","Lives in a communal establishment","Aged 2 years and under","Female",0
"E07000236","Redditch","Lives in a communal establishment","Aged 3 to 4 years","Female",0
"E07000236","Redditch","Lives in a communal establishment","Aged 5 to 7 years","Female",0
"E07000236","Redditch","Lives in a communal establishment","Aged 8 to 9 years","Female",0
"E07000236","Redditch","Lives in a communal establishment","Aged 10 to 14 years","Female",0
"E07000236","Redditch","Lives in a communal establishment","Aged 15 years","Female",0
"E07000236","Redditch","Lives in a communal establishment","Aged 16 to 17 years","Female",6
"E07000236","Redditch","Lives in a communal establishment","Aged 18 to 19 years","Female",5
"E07000236","Redditch","Lives in a communal establishment","Aged 20 to 24 years","Female",8
"E07000236","Redditch","Lives in a communal establishment","Aged 25 to 29 years","Female",6
"E07000236","Redditch","Lives in a communal establishment","Aged 30 to 34 years","Female",1
"E07000236","Redditch","Lives in a communal establishment","Aged 35 to 39 years","Female",2
"E07000236","Redditch","Lives in a communal establishment","Aged 40 to 44 years","Female",1
"E07000236","Redditch","Lives in a communal establishment","Aged 45 to 49 years","Female",2
"E07000236","Redditch","Lives in a communal establishment","Aged 50 to 54 years","Female",3
"E07000236","Redditch","Lives in a communal establishment","Aged 55 to 59 years","Female",3
"E07000236","Redditch","Lives in a communal establishment","Aged 60 to 64 years","Female",4
"E07000236","Redditch","Lives in a communal establishment","Aged 65 years","Female",0
"E07000236","Redditch","Lives in a communal establishment","Aged 66 to 69 years","Female",4
"E07000236","Redditch","Lives in a communal establishment","Aged 70 to 74 years","Female",16
"E07000236","Redditch","Lives in a communal establishment","Aged 75 to 79 years","Female",22
"E07000236","Redditch","Lives in a communal establishment","Aged 80 to 84 years","Female",24
"E07000236","Redditch","Lives in a communal establishment","Aged 85 years and over","Female",109
"E07000237","Worcester","Lives in a communal establishment","Total","Female",1112
"E07000237","Worcester","Lives in a communal establishment","Aged 2 years and under","Female",0
"E07000237","Worcester","Lives in a communal establishment","Aged 3 to 4 years","Female",0
"E07000237","Worcester","Lives in a communal establishment","Aged 5 to 7 years","Female",0
"E07000237","Worcester","Lives in a communal establishment","Aged 8 to 9 years","Female",0
"E07000237","Worcester","Lives in a communal establishment","Aged 10 to 14 years","Female",10
"E07000237","Worcester","Lives in a communal establishment","Aged 15 years","Female",6
"E07000237","Worcester","Lives in a communal establishment","Aged 16 to 17 years","Female",10
"E07000237","Worcester","Lives in a communal establishment","Aged 18 to 19 years","Female",500
"E07000237","Worcester","Lives in a communal establishment","Aged 20 to 24 years","Female",227
"E07000237","Worcester","Lives in a communal establishment","Aged 25 to 29 years","Female",16
"E07000237","Worcester","Lives in a communal establishment","Aged 30 to 34 years","Female",9
"E07000237","Worcester","Lives in a communal establishment","Aged 35 to 39 years","Female",10
"E07000237","Worcester","Lives in a communal establishment","Aged 40 to 44 years","Female",3
"E07000237","Worcester","Lives in a communal establishment","Aged 45 to 49 years","Female",5
"E07000237","Worcester","Lives in a communal establishment","Aged 50 to 54 years","Female",10
"E07000237","Worcester","Lives in a communal establishment","Aged 55 to 59 years","Female",4
"E07000237","Worcester","Lives in a communal establishment","Aged 60 to 64 years","Female",7
"E07000237","Worcester","Lives in a communal establishment","Aged 65 years","Female",2
"E07000237","Worcester","Lives in a communal establishment","Aged 66 to 69 years","Female",8
"E07000237","Worcester","Lives in a communal establishment","Aged 70 to 74 years","Female",10
"E07000237","Worcester","Lives in a communal establishment","Aged 75 to 79 years","Female",33
"E07000237","Worcester","Lives in a communal establishment","Aged 80 to 84 years","Female",50
"E07000237","Worcester","Lives in a communal establishment","Aged 85 years and over","Female",192
"E07000238","Wychavon","Lives in a communal establishment","Total","Female",615
"E07000238","Wychavon","Lives in a communal establishment","Aged 2 years and under","Female",0
"E07000238","Wychavon","Lives in a communal establishment","Aged 3 to 4 years","Female",0
"E07000238","Wychavon","Lives in a communal establishment","Aged 5 to 7 years","Female",0
"E07000238","Wychavon","Lives in a communal establishment","Aged 8 to 9 years","Female",0
"E07000238","Wychavon","Lives in a communal establishment","Aged 10 to 14 years","Female",2
"E07000238","Wychavon","Lives in a communal establishment","Aged 15 years","Female",0
"E07000238","Wychavon","Lives in a communal establishment","Aged 16 to 17 years","Female",2
"E07000238","Wychavon","Lives in a communal establishment","Aged 18 to 19 years","Female",1
"E07000238","Wychavon","Lives in a communal establishment","Aged 20 to 24 years","Female",15
"E07000238","Wychavon","Lives in a communal establishment","Aged 25 to 29 years","Female",10
"E07000238","Wychavon","Lives in a communal establishment","Aged 30 to 34 years","Female",9
"E07000238","Wychavon","Lives in a communal establishment","Aged 35 to 39 years","Female",6
"E07000238","Wychavon","Lives in a communal establishment","Aged 40 to 44 years","Female",11
"E07000238","Wychavon","Lives in a communal establishment","Aged 45 to 49 years","Female",16
"E07000238","Wychavon","Lives in a communal establishment","Aged 50 to 54 years","Female",10
"E07000238","Wychavon","Lives in a communal establishment","Aged 55 to 59 years","Female",16
"E07000238","Wychavon","Lives in a communal establishment","Aged 60 to 64 years","Female",6
"E07000238","Wychavon","Lives in a communal establishment","Aged 65 years","Female",1
"E07000238","Wychavon","Lives in a communal establishment","Aged 66 to 69 years","Female",16
"E07000238","Wychavon","Lives in a communal establishment","Aged 70 to 74 years","Female",22
"E07000238","Wychavon","Lives in a communal establishment","Aged 75 to 79 years","Female",43
"E07000238","Wychavon","Lives in a communal establishment","Aged 80 to 84 years","Female",71
"E07000238","Wychavon","Lives in a communal establishment","Aged 85 years and over","Female",358
"E07000239","Wyre Forest","Lives in a communal establishment","Total","Female",483
"E07000239","Wyre Forest","Lives in a communal establishment","Aged 2 years and under","Female",0
"E07000239","Wyre Forest","Lives in a communal establishment","Aged 3 to 4 years","Female",0
"E07000239","Wyre Forest","Lives in a communal establishment","Aged 5 to 7 years","Female",0
"E07000239","Wyre Forest","Lives in a communal establishment","Aged 8 to 9 years","Female",0
"E07000239","Wyre Forest","Lives in a communal establishment","Aged 10 to 14 years","Female",2
"E07000239","Wyre Forest","Lives in a communal establishment","Aged 15 years","Female",3
"E07000239","Wyre Forest","Lives in a communal establishment","Aged 16 to 17 years","Female",0
"E07000239","Wyre Forest","Lives in a communal establishment","Aged 18 to 19 years","Female",1
"E07000239","Wyre Forest","Lives in a communal establishment","Aged 20 to 24 years","Female",2
"E07000239","Wyre Forest","Lives in a communal establishment","Aged 25 to 29 years","Female",3
"E07000239","Wyre Forest","Lives in a communal establishment","Aged 30 to 34 years","Female",6
"E07000239","Wyre Forest","Lives in a communal establishment","Aged 35 to 39 years","Female",6
"E07000239","Wyre Forest","Lives in a communal establishment","Aged 40 to 44 years","Female",5
"E07000239","Wyre Forest","Lives in a communal establishment","Aged 45 to 49 years","Female",4
"E07000239","Wyre Forest","Lives in a communal establishment","Aged 50 to 54 years","Female",5
"E07000239","Wyre Forest","Lives in a communal establishment","Aged 55 to 59 years","Female",16
"E07000239","Wyre Forest","Lives in a communal establishment","Aged 60 to 64 years","Female",12
"E07000239","Wyre Forest","Lives in a communal establishment","Aged 65 years","Female",1
"E07000239","Wyre Forest","Lives in a communal establishment","Aged 66 to 69 years","Female",20
"E07000239","Wyre Forest","Lives in a communal establishment","Aged 70 to 74 years","Female",23
"E07000239","Wyre Forest","Lives in a communal establishment","Aged 75 to 79 years","Female",45
"E07000239","Wyre Forest","Lives in a communal establishment","Aged 80 to 84 years","Female",74
"E07000239","Wyre Forest","Lives in a communal establishment","Aged 85 years and over","Female",255
"E08000025","Birmingham","Lives in a communal establishment","Total","Female",14928
"E08000025","Birmingham","Lives in a communal establishment","Aged 2 years and under","Female",74
"E08000025","Birmingham","Lives in a communal establishment","Aged 3 to 4 years","Female",33
"E08000025","Birmingham","Lives in a communal establishment","Aged 5 to 7 years","Female",45
"E08000025","Birmingham","Lives in a communal establishment","Aged 8 to 9 years","Female",23
"E08000025","Birmingham","Lives in a communal establishment","Aged 10 to 14 years","Female",116
"E08000025","Birmingham","Lives in a communal establishment","Aged 15 years","Female",36
"E08000025","Birmingham","Lives in a communal establishment","Aged 16 to 17 years","Female",100
"E08000025","Birmingham","Lives in a communal establishment","Aged 18 to 19 years","Female",5237
"E08000025","Birmingham","Lives in a communal establishment","Aged 20 to 24 years","Female",4154
"E08000025","Birmingham","Lives in a communal establishment","Aged 25 to 29 years","Female",596
"E08000025","Birmingham","Lives in a communal establishment","Aged 30 to 34 years","Female",326
"E08000025","Birmingham","Lives in a communal establishment","Aged 35 to 39 years","Female",240
"E08000025","Birmingham","Lives in a communal establishment","Aged 40 to 44 years","Female",172
"E08000025","Birmingham","Lives in a communal establishment","Aged 45 to 49 years","Female",157
"E08000025","Birmingham","Lives in a communal establishment","Aged 50 to 54 years","Female",174
"E08000025","Birmingham","Lives in a communal establishment","Aged 55 to 59 years","Female",201
"E08000025","Birmingham","Lives in a communal establishment","Aged 60 to 64 years","Female",173
"E08000025","Birmingham","Lives in a communal establishment","Aged 65 years","Female",34
"E08000025","Birmingham","Lives in a communal establishment","Aged 66 to 69 years","Female",165
"E08000025","Birmingham","Lives in a communal establishment","Aged 70 to 74 years","Female",223
"E08000025","Birmingham","Lives in a communal establishment","Aged 75 to 79 years","Female",319
"E08000025","Birmingham","Lives in a communal establishment","Aged 80 to 84 years","Female",549
"E08000025","Birmingham","Lives in a communal establishment","Aged 85 years and over","Female",1781
"E08000026","Coventry","Lives in a communal establishment","Total","Female",6435
"E08000026","Coventry","Lives in a communal establishment","Aged 2 years and under","Female",1
"E08000026","Coventry","Lives in a communal establishment","Aged 3 to 4 years","Female",0
"E08000026","Coventry","Lives in a communal establishment","Aged 5 to 7 years","Female",0
"E08000026","Coventry","Lives in a communal establishment","Aged 8 to 9 years","Female",0
"E08000026","Coventry","Lives in a communal establishment","Aged 10 to 14 years","Female",0
"E08000026","Coventry","Lives in a communal establishment","Aged 15 years","Female",0
"E08000026","Coventry","Lives in a communal establishment","Aged 16 to 17 years","Female",27
"E08000026","Coventry","Lives in a communal establishment","Aged 18 to 19 years","Female",2726
"E08000026","Coventry","Lives in a communal establishment","Aged 20 to 24 years","Female",2267
"E08000026","Coventry","Lives in a communal establishment","Aged 25 to 29 years","Female",312
"E08000026","Coventry","Lives in a communal establishment","Aged 30 to 34 years","Female",86
"E08000026","Coventry","Lives in a communal establishment","Aged 35 to 39 years","Female",22
"E08000026","Coventry","Lives in a communal establishment","Aged 40 to 44 years","Female",29
"E08000026","Coventry","Lives in a communal establishment","Aged 45 to 49 years","Female",14
"E08000026","Coventry","Lives in a communal establishment","Aged 50 to 54 years","Female",20
"E08000026","Coventry","Lives in a communal establishment","Aged 55 to 59 years","Female",34
"E08000026","Coventry","Lives in a communal establishment","Aged 60 to 64 years","Female",37
"E08000026","Coventry","Lives in a communal establishment","Aged 65 years","Female",2
"E08000026","Coventry","Lives in a communal establishment","Aged 66 to 69 years","Female",33
"E08000026","Coventry","Lives in a communal establishment","Aged 70 to 74 years","Female",55
"E08000026","Coventry","Lives in a communal establishment","Aged 75 to 79 years","Female",85
"E08000026","Coventry","Lives in a communal establishment","Aged 80 to 84 years","Female",150
"E08000026","Coventry","Lives in a communal establishment","Aged 85 years and over","Female",535
"E08000027","Dudley","Lives in a communal establishment","Total","Female",1225
"E08000027","Dudley","Lives in a communal establishment","Aged 2 years and under","Female",0
"E08000027","Dudley","Lives in a communal establishment","Aged 3 to 4 years","Female",0
"E08000027","Dudley","Lives in a communal establishment","Aged 5 to 7 years","Female",0
"E08000027","Dudley","Lives in a communal establishment","Aged 8 to 9 years","Female",1
"E08000027","Dudley","Lives in a communal establishment","Aged 10 to 14 years","Female",1
"E08000027","Dudley","Lives in a communal establishment","Aged 15 years","Female",1
"E08000027","Dudley","Lives in a communal establishment","Aged 16 to 17 years","Female",3
"E08000027","Dudley","Lives in a communal establishment","Aged 18 to 19 years","Female",3
"E08000027","Dudley","Lives in a communal establishment","Aged 20 to 24 years","Female",10
"E08000027","Dudley","Lives in a communal establishment","Aged 25 to 29 years","Female",11
"E08000027","Dudley","Lives in a communal establishment","Aged 30 to 34 years","Female",9
"E08000027","Dudley","Lives in a communal establishment","Aged 35 to 39 years","Female",10
"E08000027","Dudley","Lives in a communal establishment","Aged 40 to 44 years","Female",18
"E08000027","Dudley","Lives in a communal establishment","Aged 45 to 49 years","Female",18
"E08000027","Dudley","Lives in a communal establishment","Aged 50 to 54 years","Female",26
"E08000027","Dudley","Lives in a communal establishment","Aged 55 to 59 years","Female",42
"E08000027","Dudley","Lives in a communal establishment","Aged 60 to 64 years","Female",40
"E08000027","Dudley","Lives in a communal establishment","Aged 65 years","Female",7
"E08000027","Dudley","Lives in a communal establishment","Aged 66 to 69 years","Female",33
"E08000027","Dudley","Lives in a communal establishment","Aged 70 to 74 years","Female",63
"E08000027","Dudley","Lives in a communal establishment","Aged 75 to 79 years","Female",102
"E08000027","Dudley","Lives in a communal establishment","Aged 80 to 84 years","Female",171
"E08000027","Dudley","Lives in a communal establishment","Aged 85 years and over","Female",656
"E08000028","Sandwell","Lives in a communal establishment","Total","Female",1138
"E08000028","Sandwell","Lives in a communal establishment","Aged 2 years and under","Female",0
"E08000028","Sandwell","Lives in a communal establishment","Aged 3 to 4 years","Female",0
"E08000028","Sandwell","Lives in a communal establishment","Aged 5 to 7 years","Female",0
"E08000028","Sandwell","Lives in a communal establishment","Aged 8 to 9 years","Female",0
"E08000028","Sandwell","Lives in a communal establishment","Aged 10 to 14 years","Female",3
"E08000028","Sandwell","Lives in a communal establishment","Aged 15 years","Female",3
"E08000028","Sandwell","Lives in a communal establishment","Aged 16 to 17 years","Female",0
"E08000028","Sandwell","Lives in a communal establishment","Aged 18 to 19 years","Female",2
"E08000028","Sandwell","Lives in a communal establishment","Aged 20 to 24 years","Female",23
"E08000028","Sandwell","Lives in a communal establishment","Aged 25 to 29 years","Female",21
"E08000028","Sandwell","Lives in a communal establishment","Aged 30 to 34 years","Female",24
"E08000028","Sandwell","Lives in a communal establishment","Aged 35 to 39 years","Female",16
"E08000028","Sandwell","Lives in a communal establishment","Aged 40 to 44 years","Female",21
"E08000028","Sandwell","Lives in a communal establishment","Aged 45 to 49 years","Female",35
"E08000028","Sandwell","Lives in a communal establishment","Aged 50 to 54 years","Female",34
"E08000028","Sandwell","Lives in a communal establishment","Aged 55 to 59 years","Female",52
"E08000028","Sandwell","Lives in a communal establishment","Aged 60 to 64 years","Female",52
"E08000028","Sandwell","Lives in a communal establishment","Aged 65 years","Female",8
"E08000028","Sandwell","Lives in a communal establishment","Aged 66 to 69 years","Female",51
"E08000028","Sandwell","Lives in a communal establishment","Aged 70 to 74 years","Female",57
"E08000028","Sandwell","Lives in a communal establishment","Aged 75 to 79 years","Female",85
"E08000028","Sandwell","Lives in a communal establishment","Aged 80 to 84 years","Female",174
"E08000028","Sandwell","Lives in a communal establishment","Aged 85 years and over","Female",477
"E08000029","Solihull","Lives in a communal establishment","Total","Female",767
"E08000029","Solihull","Lives in a communal establishment","Aged 2 years and under","Female",0
"E08000029","Solihull","Lives in a communal establishment","Aged 3 to 4 years","Female",0
"E08000029","Solihull","Lives in a communal establishment","Aged 5 to 7 years","Female",0
"E08000029","Solihull","Lives in a communal establishment","Aged 8 to 9 years","Female",0
"E08000029","Solihull","Lives in a communal establishment","Aged 10 to 14 years","Female",0
"E08000029","Solihull","Lives in a communal establishment","Aged 15 years","Female",0
"E08000029","Solihull","Lives in a communal establishment","Aged 16 to 17 years","Female",0
"E08000029","Solihull","Lives in a communal establishment","Aged 18 to 19 years","Female",2
"E08000029","Solihull","Lives in a communal establishment","Aged 20 to 24 years","Female",9
"E08000029","Solihull","Lives in a communal establishment","Aged 25 to 29 years","Female",14
"E08000029","Solihull","Lives in a communal establishment","Aged 30 to 34 years","Female",12
"E08000029","Solihull","Lives in a communal establishment","Aged 35 to 39 years","Female",11
"E08000029","Solihull","Lives in a communal establishment","Aged 40 to 44 years","Female",15
"E08000029","Solihull","Lives in a communal establishment","Aged 45 to 49 years","Female",14
"E08000029","Solihull","Lives in a communal establishment","Aged 50 to 54 years","Female",20
"E08000029","Solihull","Lives in a communal establishment","Aged 55 to 59 years","Female",18
"E08000029","Solihull","Lives in a communal establishment","Aged 60 to 64 years","Female",13
"E08000029","Solihull","Lives in a communal establishment","Aged 65 years","Female",4
"E08000029","Solihull","Lives in a communal establishment","Aged 66 to 69 years","Female",21
"E08000029","Solihull","Lives in a communal establishment","Aged 70 to 74 years","Female",37
"E08000029","Solihull","Lives in a communal establishment","Aged 75 to 79 years","Female",48
"E08000029","Solihull","Lives in a communal establishment","Aged 80 to 84 years","Female",94
"E08000029","Solihull","Lives in a communal establishment","Aged 85 years and over","Female",435
"E08000030","Walsall","Lives in a communal establishment","Total","Female",1090
"E08000030","Walsall","Lives in a communal establishment","Aged 2 years and under","Female",2
"E08000030","Walsall","Lives in a communal establishment","Aged 3 to 4 years","Female",0
"E08000030","Walsall","Lives in a communal establishment","Aged 5 to 7 years","Female",0
"E08000030","Walsall","Lives in a communal establishment","Aged 8 to 9 years","Female",1
"E08000030","Walsall","Lives in a communal establishment","Aged 10 to 14 years","Female",2
"E08000030","Walsall","Lives in a communal establishment","Aged 15 years","Female",2
"E08000030","Walsall","Lives in a communal establishment","Aged 16 to 17 years","Female",9
"E08000030","Walsall","Lives in a communal establishment","Aged 18 to 19 years","Female",86
"E08000030","Walsall","Lives in a communal establishment","Aged 20 to 24 years","Female",112
"E08000030","Walsall","Lives in a communal establishment","Aged 25 to 29 years","Female",16
"E08000030","Walsall","Lives in a communal establishment","Aged 30 to 34 years","Female",22
"E08000030","Walsall","Lives in a communal establishment","Aged 35 to 39 years","Female",26
"E08000030","Walsall","Lives in a communal establishment","Aged 40 to 44 years","Female",13
"E08000030","Walsall","Lives in a communal establishment","Aged 45 to 49 years","Female",12
"E08000030","Walsall","Lives in a communal establishment","Aged 50 to 54 years","Female",11
"E08000030","Walsall","Lives in a communal establishment","Aged 55 to 59 years","Female",17
"E08000030","Walsall","Lives in a communal establishment","Aged 60 to 64 years","Female",13
"E08000030","Walsall","Lives in a communal establishment","Aged 65 years","Female",11
"E08000030","Walsall","Lives in a communal establishment","Aged 66 to 69 years","Female",17
"E08000030","Walsall","Lives in a communal establishment","Aged 70 to 74 years","Female",54
"E08000030","Walsall","Lives in a communal establishment","Aged 75 to 79 years","Female",62
"E08000030","Walsall","Lives in a communal establishment","Aged 80 to 84 years","Female",116
"E08000030","Walsall","Lives in a communal establishment","Aged 85 years and over","Female",486
"E08000031","Wolverhampton","Lives in a communal establishment","Total","Female",1939
"E08000031","Wolverhampton","Lives in a communal establishment","Aged 2 years and under","Female",0
"E08000031","Wolverhampton","Lives in a communal establishment","Aged 3 to 4 years","Female",1
"E08000031","Wolverhampton","Lives in a communal establishment","Aged 5 to 7 years","Female",0
"E08000031","Wolverhampton","Lives in a communal establishment","Aged 8 to 9 years","Female",1
"E08000031","Wolverhampton","Lives in a communal establishment","Aged 10 to 14 years","Female",8
"E08000031","Wolverhampton","Lives in a communal establishment","Aged 15 years","Female",4
"E08000031","Wolverhampton","Lives in a communal establishment","Aged 16 to 17 years","Female",9
"E08000031","Wolverhampton","Lives in a communal establishment","Aged 18 to 19 years","Female",187
"E08000031","Wolverhampton","Lives in a communal establishment","Aged 20 to 24 years","Female",536
"E08000031","Wolverhampton","Lives in a communal establishment","Aged 25 to 29 years","Female",78
"E08000031","Wolverhampton","Lives in a communal establishment","Aged 30 to 34 years","Female",26
"E08000031","Wolverhampton","Lives in a communal establishment","Aged 35 to 39 years","Female",21
"E08000031","Wolverhampton","Lives in a communal establishment","Aged 40 to 44 years","Female",15
"E08000031","Wolverhampton","Lives in a communal establishment","Aged 45 to 49 years","Female",15
"E08000031","Wolverhampton","Lives in a communal establishment","Aged 50 to 54 years","Female",26
"E08000031","Wolverhampton","Lives in a communal establishment","Aged 55 to 59 years","Female",27
"E08000031","Wolverhampton","Lives in a communal establishment","Aged 60 to 64 years","Female",30
"E08000031","Wolverhampton","Lives in a communal establishment","Aged 65 years","Female",13
"E08000031","Wolverhampton","Lives in a communal establishment","Aged 66 to 69 years","Female",35
"E08000031","Wolverhampton","Lives in a communal establishment","Aged 70 to 74 years","Female",62
"E08000031","Wolverhampton","Lives in a communal establishment","Aged 75 to 79 years","Female",94
"E08000031","Wolverhampton","Lives in a communal establishment","Aged 80 to 84 years","Female",167
"E08000031","Wolverhampton","Lives in a communal establishment","Aged 85 years and over","Female",584
"E06000031","Peterborough","Lives in a communal establishment","Total","Female",922
"E06000031","Peterborough","Lives in a communal establishment","Aged 2 years and under","Female",1
"E06000031","Peterborough","Lives in a communal establishment","Aged 3 to 4 years","Female",0
"E06000031","Peterborough","Lives in a communal establishment","Aged 5 to 7 years","Female",0
"E06000031","Peterborough","Lives in a communal establishment","Aged 8 to 9 years","Female",0
"E06000031","Peterborough","Lives in a communal establishment","Aged 10 to 14 years","Female",4
"E06000031","Peterborough","Lives in a communal establishment","Aged 15 years","Female",7
"E06000031","Peterborough","Lives in a communal establishment","Aged 16 to 17 years","Female",11
"E06000031","Peterborough","Lives in a communal establishment","Aged 18 to 19 years","Female",34
"E06000031","Peterborough","Lives in a communal establishment","Aged 20 to 24 years","Female",37
"E06000031","Peterborough","Lives in a communal establishment","Aged 25 to 29 years","Female",48
"E06000031","Peterborough","Lives in a communal establishment","Aged 30 to 34 years","Female",47
"E06000031","Peterborough","Lives in a communal establishment","Aged 35 to 39 years","Female",47
"E06000031","Peterborough","Lives in a communal establishment","Aged 40 to 44 years","Female",33
"E06000031","Peterborough","Lives in a communal establishment","Aged 45 to 49 years","Female",40
"E06000031","Peterborough","Lives in a communal establishment","Aged 50 to 54 years","Female",43
"E06000031","Peterborough","Lives in a communal establishment","Aged 55 to 59 years","Female",40
"E06000031","Peterborough","Lives in a communal establishment","Aged 60 to 64 years","Female",21
"E06000031","Peterborough","Lives in a communal establishment","Aged 65 years","Female",3
"E06000031","Peterborough","Lives in a communal establishment","Aged 66 to 69 years","Female",25
"E06000031","Peterborough","Lives in a communal establishment","Aged 70 to 74 years","Female",28
"E06000031","Peterborough","Lives in a communal establishment","Aged 75 to 79 years","Female",71
"E06000031","Peterborough","Lives in a communal establishment","Aged 80 to 84 years","Female",90
"E06000031","Peterborough","Lives in a communal establishment","Aged 85 years and over","Female",292
"E06000032","Luton","Lives in a communal establishment","Total","Female",1117
"E06000032","Luton","Lives in a communal establishment","Aged 2 years and under","Female",0
"E06000032","Luton","Lives in a communal establishment","Aged 3 to 4 years","Female",0
"E06000032","Luton","Lives in a communal establishment","Aged 5 to 7 years","Female",1
"E06000032","Luton","Lives in a communal establishment","Aged 8 to 9 years","Female",0
"E06000032","Luton","Lives in a communal establishment","Aged 10 to 14 years","Female",0
"E06000032","Luton","Lives in a communal establishment","Aged 15 years","Female",1
"E06000032","Luton","Lives in a communal establishment","Aged 16 to 17 years","Female",7
"E06000032","Luton","Lives in a communal establishment","Aged 18 to 19 years","Female",100
"E06000032","Luton","Lives in a communal establishment","Aged 20 to 24 years","Female",314
"E06000032","Luton","Lives in a communal establishment","Aged 25 to 29 years","Female",104
"E06000032","Luton","Lives in a communal establishment","Aged 30 to 34 years","Female",41
"E06000032","Luton","Lives in a communal establishment","Aged 35 to 39 years","Female",19
"E06000032","Luton","Lives in a communal establishment","Aged 40 to 44 years","Female",28
"E06000032","Luton","Lives in a communal establishment","Aged 45 to 49 years","Female",23
"E06000032","Luton","Lives in a communal establishment","Aged 50 to 54 years","Female",22
"E06000032","Luton","Lives in a communal establishment","Aged 55 to 59 years","Female",30
"E06000032","Luton","Lives in a communal establishment","Aged 60 to 64 years","Female",28
"E06000032","Luton","Lives in a communal establishment","Aged 65 years","Female",5
"E06000032","Luton","Lives in a communal establishment","Aged 66 to 69 years","Female",18
"E06000032","Luton","Lives in a communal establishment","Aged 70 to 74 years","Female",24
"E06000032","Luton","Lives in a communal establishment","Aged 75 to 79 years","Female",48
"E06000032","Luton","Lives in a communal establishment","Aged 80 to 84 years","Female",78
"E06000032","Luton","Lives in a communal establishment","Aged 85 years and over","Female",226
"E06000033","Southend-on-Sea","Lives in a communal establishment","Total","Female",1283
"E06000033","Southend-on-Sea","Lives in a communal establishment","Aged 2 years and under","Female",0
"E06000033","Southend-on-Sea","Lives in a communal establishment","Aged 3 to 4 years","Female",0
"E06000033","Southend-on-Sea","Lives in a communal establishment","Aged 5 to 7 years","Female",0
"E06000033","Southend-on-Sea","Lives in a communal establishment","Aged 8 to 9 years","Female",0
"E06000033","Southend-on-Sea","Lives in a communal establishment","Aged 10 to 14 years","Female",0
"E06000033","Southend-on-Sea","Lives in a communal establishment","Aged 15 years","Female",0
"E06000033","Southend-on-Sea","Lives in a communal establishment","Aged 16 to 17 years","Female",6
"E06000033","Southend-on-Sea","Lives in a communal establishment","Aged 18 to 19 years","Female",81
"E06000033","Southend-on-Sea","Lives in a communal establishment","Aged 20 to 24 years","Female",127
"E06000033","Southend-on-Sea","Lives in a communal establishment","Aged 25 to 29 years","Female",28
"E06000033","Southend-on-Sea","Lives in a communal establishment","Aged 30 to 34 years","Female",23
"E06000033","Southend-on-Sea","Lives in a communal establishment","Aged 35 to 39 years","Female",14
"E06000033","Southend-on-Sea","Lives in a communal establishment","Aged 40 to 44 years","Female",16
"E06000033","Southend-on-Sea","Lives in a communal establishment","Aged 45 to 49 years","Female",24
"E06000033","Southend-on-Sea","Lives in a communal establishment","Aged 50 to 54 years","Female",38
"E06000033","Southend-on-Sea","Lives in a communal establishment","Aged 55 to 59 years","Female",34
"E06000033","Southend-on-Sea","Lives in a communal establishment","Aged 60 to 64 years","Female",32
"E06000033","Southend-on-Sea","Lives in a communal establishment","Aged 65 years","Female",8
"E06000033","Southend-on-Sea","Lives in a communal establishment","Aged 66 to 69 years","Female",27
"E06000033","Southend-on-Sea","Lives in a communal establishment","Aged 70 to 74 years","Female",61
"E06000033","Southend-on-Sea","Lives in a communal establishment","Aged 75 to 79 years","Female",77
"E06000033","Southend-on-Sea","Lives in a communal establishment","Aged 80 to 84 years","Female",146
"E06000033","Southend-on-Sea","Lives in a communal establishment","Aged 85 years and over","Female",541
"E06000034","Thurrock","Lives in a communal establishment","Total","Female",447
"E06000034","Thurrock","Lives in a communal establishment","Aged 2 years and under","Female",0
"E06000034","Thurrock","Lives in a communal establishment","Aged 3 to 4 years","Female",0
"E06000034","Thurrock","Lives in a communal establishment","Aged 5 to 7 years","Female",0
"E06000034","Thurrock","Lives in a communal establishment","Aged 8 to 9 years","Female",0
"E06000034","Thurrock","Lives in a communal establishment","Aged 10 to 14 years","Female",0
"E06000034","Thurrock","Lives in a communal establishment","Aged 15 years","Female",0
"E06000034","Thurrock","Lives in a communal establishment","Aged 16 to 17 years","Female",1
"E06000034","Thurrock","Lives in a communal establishment","Aged 18 to 19 years","Female",1
"E06000034","Thurrock","Lives in a communal establishment","Aged 20 to 24 years","Female",5
"E06000034","Thurrock","Lives in a communal establishment","Aged 25 to 29 years","Female",8
"E06000034","Thurrock","Lives in a communal establishment","Aged 30 to 34 years","Female",6
"E06000034","Thurrock","Lives in a communal establishment","Aged 35 to 39 years","Female",6
"E06000034","Thurrock","Lives in a communal establishment","Aged 40 to 44 years","Female",4
"E06000034","Thurrock","Lives in a communal establishment","Aged 45 to 49 years","Female",5
"E06000034","Thurrock","Lives in a communal establishment","Aged 50 to 54 years","Female",12
"E06000034","Thurrock","Lives in a communal establishment","Aged 55 to 59 years","Female",12
"E06000034","Thurrock","Lives in a communal establishment","Aged 60 to 64 years","Female",12
"E06000034","Thurrock","Lives in a communal establishment","Aged 65 years","Female",5
"E06000034","Thurrock","Lives in a communal establishment","Aged 66 to 69 years","Female",8
"E06000034","Thurrock","Lives in a communal establishment","Aged 70 to 74 years","Female",26
"E06000034","Thurrock","Lives in a communal establishment","Aged 75 to 79 years","Female",46
"E06000034","Thurrock","Lives in a communal establishment","Aged 80 to 84 years","Female",61
"E06000034","Thurrock","Lives in a communal establishment","Aged 85 years and over","Female",229
"E06000055","Bedford","Lives in a communal establishment","Total","Female",1122
"E06000055","Bedford","Lives in a communal establishment","Aged 2 years and under","Female",2
"E06000055","Bedford","Lives in a communal establishment","Aged 3 to 4 years","Female",2
"E06000055","Bedford","Lives in a communal establishment","Aged 5 to 7 years","Female",3
"E06000055","Bedford","Lives in a communal establishment","Aged 8 to 9 years","Female",2
"E06000055","Bedford","Lives in a communal establishment","Aged 10 to 14 years","Female",3
"E06000055","Bedford","Lives in a communal establishment","Aged 15 years","Female",4
"E06000055","Bedford","Lives in a communal establishment","Aged 16 to 17 years","Female",14
"E06000055","Bedford","Lives in a communal establishment","Aged 18 to 19 years","Female",117
"E06000055","Bedford","Lives in a communal establishment","Aged 20 to 24 years","Female",116
"E06000055","Bedford","Lives in a communal establishment","Aged 25 to 29 years","Female",22
"E06000055","Bedford","Lives in a communal establishment","Aged 30 to 34 years","Female",23
"E06000055","Bedford","Lives in a communal establishment","Aged 35 to 39 years","Female",30
"E06000055","Bedford","Lives in a communal establishment","Aged 40 to 44 years","Female",18
"E06000055","Bedford","Lives in a communal establishment","Aged 45 to 49 years","Female",18
"E06000055","Bedford","Lives in a communal establishment","Aged 50 to 54 years","Female",33
"E06000055","Bedford","Lives in a communal establishment","Aged 55 to 59 years","Female",37
"E06000055","Bedford","Lives in a communal establishment","Aged 60 to 64 years","Female",34
"E06000055","Bedford","Lives in a communal establishment","Aged 65 years","Female",3
"E06000055","Bedford","Lives in a communal establishment","Aged 66 to 69 years","Female",28
"E06000055","Bedford","Lives in a communal establishment","Aged 70 to 74 years","Female",43
"E06000055","Bedford","Lives in a communal establishment","Aged 75 to 79 years","Female",64
"E06000055","Bedford","Lives in a communal establishment","Aged 80 to 84 years","Female",108
"E06000055","Bedford","Lives in a communal establishment","Aged 85 years and over","Female",398
"E06000056","Central Bedfordshire","Lives in a communal establishment","Total","Female",1202
"E06000056","Central Bedfordshire","Lives in a communal establishment","Aged 2 years and under","Female",0
"E06000056","Central Bedfordshire","Lives in a communal establishment","Aged 3 to 4 years","Female",0
"E06000056","Central Bedfordshire","Lives in a communal establishment","Aged 5 to 7 years","Female",0
"E06000056","Central Bedfordshire","Lives in a communal establishment","Aged 8 to 9 years","Female",0
"E06000056","Central Bedfordshire","Lives in a communal establishment","Aged 10 to 14 years","Female",1
"E06000056","Central Bedfordshire","Lives in a communal establishment","Aged 15 years","Female",0
"E06000056","Central Bedfordshire","Lives in a communal establishment","Aged 16 to 17 years","Female",19
"E06000056","Central Bedfordshire","Lives in a communal establishment","Aged 18 to 19 years","Female",20
"E06000056","Central Bedfordshire","Lives in a communal establishment","Aged 20 to 24 years","Female",239
"E06000056","Central Bedfordshire","Lives in a communal establishment","Aged 25 to 29 years","Female",100
"E06000056","Central Bedfordshire","Lives in a communal establishment","Aged 30 to 34 years","Female",32
"E06000056","Central Bedfordshire","Lives in a communal establishment","Aged 35 to 39 years","Female",20
"E06000056","Central Bedfordshire","Lives in a communal establishment","Aged 40 to 44 years","Female",16
"E06000056","Central Bedfordshire","Lives in a communal establishment","Aged 45 to 49 years","Female",12
"E06000056","Central Bedfordshire","Lives in a communal establishment","Aged 50 to 54 years","Female",9
"E06000056","Central Bedfordshire","Lives in a communal establishment","Aged 55 to 59 years","Female",17
"E06000056","Central Bedfordshire","Lives in a communal establishment","Aged 60 to 64 years","Female",23
"E06000056","Central Bedfordshire","Lives in a communal establishment","Aged 65 years","Female",1
"E06000056","Central Bedfordshire","Lives in a communal establishment","Aged 66 to 69 years","Female",19
"E06000056","Central Bedfordshire","Lives in a communal establishment","Aged 70 to 74 years","Female",43
"E06000056","Central Bedfordshire","Lives in a communal establishment","Aged 75 to 79 years","Female",62
"E06000056","Central Bedfordshire","Lives in a communal establishment","Aged 80 to 84 years","Female",108
"E06000056","Central Bedfordshire","Lives in a communal establishment","Aged 85 years and over","Female",461
"E07000008","Cambridge","Lives in a communal establishment","Total","Female",9458
"E07000008","Cambridge","Lives in a communal establishment","Aged 2 years and under","Female",5
"E07000008","Cambridge","Lives in a communal establishment","Aged 3 to 4 years","Female",2
"E07000008","Cambridge","Lives in a communal establishment","Aged 5 to 7 years","Female",7
"E07000008","Cambridge","Lives in a communal establishment","Aged 8 to 9 years","Female",5
"E07000008","Cambridge","Lives in a communal establishment","Aged 10 to 14 years","Female",44
"E07000008","Cambridge","Lives in a communal establishment","Aged 15 years","Female",21
"E07000008","Cambridge","Lives in a communal establishment","Aged 16 to 17 years","Female",157
"E07000008","Cambridge","Lives in a communal establishment","Aged 18 to 19 years","Female",2978
"E07000008","Cambridge","Lives in a communal establishment","Aged 20 to 24 years","Female",4461
"E07000008","Cambridge","Lives in a communal establishment","Aged 25 to 29 years","Female",885
"E07000008","Cambridge","Lives in a communal establishment","Aged 30 to 34 years","Female",308
"E07000008","Cambridge","Lives in a communal establishment","Aged 35 to 39 years","Female",89
"E07000008","Cambridge","Lives in a communal establishment","Aged 40 to 44 years","Female",40
"E07000008","Cambridge","Lives in a communal establishment","Aged 45 to 49 years","Female",33
"E07000008","Cambridge","Lives in a communal establishment","Aged 50 to 54 years","Female",27
"E07000008","Cambridge","Lives in a communal establishment","Aged 55 to 59 years","Female",22
"E07000008","Cambridge","Lives in a communal establishment","Aged 60 to 64 years","Female",16
"E07000008","Cambridge","Lives in a communal establishment","Aged 65 years","Female",8
"E07000008","Cambridge","Lives in a communal establishment","Aged 66 to 69 years","Female",18
"E07000008","Cambridge","Lives in a communal establishment","Aged 70 to 74 years","Female",18
"E07000008","Cambridge","Lives in a communal establishment","Aged 75 to 79 years","Female",41
"E07000008","Cambridge","Lives in a communal establishment","Aged 80 to 84 years","Female",53
"E07000008","Cambridge","Lives in a communal establishment","Aged 85 years and over","Female",220
"E07000009","East Cambridgeshire","Lives in a communal establishment","Total","Female",462
"E07000009","East Cambridgeshire","Lives in a communal establishment","Aged 2 years and under","Female",0
"E07000009","East Cambridgeshire","Lives in a communal establishment","Aged 3 to 4 years","Female",1
"E07000009","East Cambridgeshire","Lives in a communal establishment","Aged 5 to 7 years","Female",2
"E07000009","East Cambridgeshire","Lives in a communal establishment","Aged 8 to 9 years","Female",3
"E07000009","East Cambridgeshire","Lives in a communal establishment","Aged 10 to 14 years","Female",13
"E07000009","East Cambridgeshire","Lives in a communal establishment","Aged 15 years","Female",15
"E07000009","East Cambridgeshire","Lives in a communal establishment","Aged 16 to 17 years","Female",27
"E07000009","East Cambridgeshire","Lives in a communal establishment","Aged 18 to 19 years","Female",10
"E07000009","East Cambridgeshire","Lives in a communal establishment","Aged 20 to 24 years","Female",8
"E07000009","East Cambridgeshire","Lives in a communal establishment","Aged 25 to 29 years","Female",13
"E07000009","East Cambridgeshire","Lives in a communal establishment","Aged 30 to 34 years","Female",5
"E07000009","East Cambridgeshire","Lives in a communal establishment","Aged 35 to 39 years","Female",7
"E07000009","East Cambridgeshire","Lives in a communal establishment","Aged 40 to 44 years","Female",8
"E07000009","East Cambridgeshire","Lives in a communal establishment","Aged 45 to 49 years","Female",15
"E07000009","East Cambridgeshire","Lives in a communal establishment","Aged 50 to 54 years","Female",14
"E07000009","East Cambridgeshire","Lives in a communal establishment","Aged 55 to 59 years","Female",10
"E07000009","East Cambridgeshire","Lives in a communal establishment","Aged 60 to 64 years","Female",17
"E07000009","East Cambridgeshire","Lives in a communal establishment","Aged 65 years","Female",1
"E07000009","East Cambridgeshire","Lives in a communal establishment","Aged 66 to 69 years","Female",6
"E07000009","East Cambridgeshire","Lives in a communal establishment","Aged 70 to 74 years","Female",25
"E07000009","East Cambridgeshire","Lives in a communal establishment","Aged 75 to 79 years","Female",24
"E07000009","East Cambridgeshire","Lives in a communal establishment","Aged 80 to 84 years","Female",49
"E07000009","East Cambridgeshire","Lives in a communal establishment","Aged 85 years and over","Female",189
"E07000010","Fenland","Lives in a communal establishment","Total","Female",554
"E07000010","Fenland","Lives in a communal establishment","Aged 2 years and under","Female",0
"E07000010","Fenland","Lives in a communal establishment","Aged 3 to 4 years","Female",0
"E07000010","Fenland","Lives in a communal establishment","Aged 5 to 7 years","Female",1
"E07000010","Fenland","Lives in a communal establishment","Aged 8 to 9 years","Female",0
"E07000010","Fenland","Lives in a communal establishment","Aged 10 to 14 years","Female",1
"E07000010","Fenland","Lives in a communal establishment","Aged 15 years","Female",2
"E07000010","Fenland","Lives in a communal establishment","Aged 16 to 17 years","Female",5
"E07000010","Fenland","Lives in a communal establishment","Aged 18 to 19 years","Female",7
"E07000010","Fenland","Lives in a communal establishment","Aged 20 to 24 years","Female",6
"E07000010","Fenland","Lives in a communal establishment","Aged 25 to 29 years","Female",6
"E07000010","Fenland","Lives in a communal establishment","Aged 30 to 34 years","Female",7
"E07000010","Fenland","Lives in a communal establishment","Aged 35 to 39 years","Female",0
"E07000010","Fenland","Lives in a communal establishment","Aged 40 to 44 years","Female",16
"E07000010","Fenland","Lives in a communal establishment","Aged 45 to 49 years","Female",9
"E07000010","Fenland","Lives in a communal establishment","Aged 50 to 54 years","Female",15
"E07000010","Fenland","Lives in a communal establishment","Aged 55 to 59 years","Female",11
"E07000010","Fenland","Lives in a communal establishment","Aged 60 to 64 years","Female",11
"E07000010","Fenland","Lives in a communal establishment","Aged 65 years","Female",2
"E07000010","Fenland","Lives in a communal establishment","Aged 66 to 69 years","Female",15
"E07000010","Fenland","Lives in a communal establishment","Aged 70 to 74 years","Female",27
"E07000010","Fenland","Lives in a communal establishment","Aged 75 to 79 years","Female",47
"E07000010","Fenland","Lives in a communal establishment","Aged 80 to 84 years","Female",81
"E07000010","Fenland","Lives in a communal establishment","Aged 85 years and over","Female",285
"E07000011","Huntingdonshire","Lives in a communal establishment","Total","Female",725
"E07000011","Huntingdonshire","Lives in a communal establishment","Aged 2 years and under","Female",0
"E07000011","Huntingdonshire","Lives in a communal establishment","Aged 3 to 4 years","Female",0
"E07000011","Huntingdonshire","Lives in a communal establishment","Aged 5 to 7 years","Female",0
"E07000011","Huntingdonshire","Lives in a communal establishment","Aged 8 to 9 years","Female",0
"E07000011","Huntingdonshire","Lives in a communal establishment","Aged 10 to 14 years","Female",8
"E07000011","Huntingdonshire","Lives in a communal establishment","Aged 15 years","Female",2
"E07000011","Huntingdonshire","Lives in a communal establishment","Aged 16 to 17 years","Female",12
"E07000011","Huntingdonshire","Lives in a communal establishment","Aged 18 to 19 years","Female",11
"E07000011","Huntingdonshire","Lives in a communal establishment","Aged 20 to 24 years","Female",42
"E07000011","Huntingdonshire","Lives in a communal establishment","Aged 25 to 29 years","Female",27
"E07000011","Huntingdonshire","Lives in a communal establishment","Aged 30 to 34 years","Female",14
"E07000011","Huntingdonshire","Lives in a communal establishment","Aged 35 to 39 years","Female",11
"E07000011","Huntingdonshire","Lives in a communal establishment","Aged 40 to 44 years","Female",0
"E07000011","Huntingdonshire","Lives in a communal establishment","Aged 45 to 49 years","Female",14
"E07000011","Huntingdonshire","Lives in a communal establishment","Aged 50 to 54 years","Female",3
"E07000011","Huntingdonshire","Lives in a communal establishment","Aged 55 to 59 years","Female",6
"E07000011","Huntingdonshire","Lives in a communal establishment","Aged 60 to 64 years","Female",20
"E07000011","Huntingdonshire","Lives in a communal establishment","Aged 65 years","Female",3
"E07000011","Huntingdonshire","Lives in a communal establishment","Aged 66 to 69 years","Female",11
"E07000011","Huntingdonshire","Lives in a communal establishment","Aged 70 to 74 years","Female",20
"E07000011","Huntingdonshire","Lives in a communal establishment","Aged 75 to 79 years","Female",51
"E07000011","Huntingdonshire","Lives in a communal establishment","Aged 80 to 84 years","Female",86
"E07000011","Huntingdonshire","Lives in a communal establishment","Aged 85 years and over","Female",384
"E07000012","South Cambridgeshire","Lives in a communal establishment","Total","Female",712
"E07000012","South Cambridgeshire","Lives in a communal establishment","Aged 2 years and under","Female",4
"E07000012","South Cambridgeshire","Lives in a communal establishment","Aged 3 to 4 years","Female",0
"E07000012","South Cambridgeshire","Lives in a communal establishment","Aged 5 to 7 years","Female",1
"E07000012","South Cambridgeshire","Lives in a communal establishment","Aged 8 to 9 years","Female",0
"E07000012","South Cambridgeshire","Lives in a communal establishment","Aged 10 to 14 years","Female",6
"E07000012","South Cambridgeshire","Lives in a communal establishment","Aged 15 years","Female",3
"E07000012","South Cambridgeshire","Lives in a communal establishment","Aged 16 to 17 years","Female",17
"E07000012","South Cambridgeshire","Lives in a communal establishment","Aged 18 to 19 years","Female",73
"E07000012","South Cambridgeshire","Lives in a communal establishment","Aged 20 to 24 years","Female",57
"E07000012","South Cambridgeshire","Lives in a communal establishment","Aged 25 to 29 years","Female",23
"E07000012","South Cambridgeshire","Lives in a communal establishment","Aged 30 to 34 years","Female",13
"E07000012","South Cambridgeshire","Lives in a communal establishment","Aged 35 to 39 years","Female",11
"E07000012","South Cambridgeshire","Lives in a communal establishment","Aged 40 to 44 years","Female",12
"E07000012","South Cambridgeshire","Lives in a communal establishment","Aged 45 to 49 years","Female",7
"E07000012","South Cambridgeshire","Lives in a communal establishment","Aged 50 to 54 years","Female",8
"E07000012","South Cambridgeshire","Lives in a communal establishment","Aged 55 to 59 years","Female",12
"E07000012","South Cambridgeshire","Lives in a communal establishment","Aged 60 to 64 years","Female",7
"E07000012","South Cambridgeshire","Lives in a communal establishment","Aged 65 years","Female",5
"E07000012","South Cambridgeshire","Lives in a communal establishment","Aged 66 to 69 years","Female",10
"E07000012","South Cambridgeshire","Lives in a communal establishment","Aged 70 to 74 years","Female",20
"E07000012","South Cambridgeshire","Lives in a communal establishment","Aged 75 to 79 years","Female",46
"E07000012","South Cambridgeshire","Lives in a communal establishment","Aged 80 to 84 years","Female",90
"E07000012","South Cambridgeshire","Lives in a communal establishment","Aged 85 years and over","Female",287
"E07000066","Basildon","Lives in a communal establishment","Total","Female",510
"E07000066","Basildon","Lives in a communal establishment","Aged 2 years and under","Female",1
"E07000066","Basildon","Lives in a communal establishment","Aged 3 to 4 years","Female",0
"E07000066","Basildon","Lives in a communal establishment","Aged 5 to 7 years","Female",0
"E07000066","Basildon","Lives in a communal establishment","Aged 8 to 9 years","Female",0
"E07000066","Basildon","Lives in a communal establishment","Aged 10 to 14 years","Female",0
"E07000066","Basildon","Lives in a communal establishment","Aged 15 years","Female",0
"E07000066","Basildon","Lives in a communal establishment","Aged 16 to 17 years","Female",0
"E07000066","Basildon","Lives in a communal establishment","Aged 18 to 19 years","Female",1
"E07000066","Basildon","Lives in a communal establishment","Aged 20 to 24 years","Female",26
"E07000066","Basildon","Lives in a communal establishment","Aged 25 to 29 years","Female",15
"E07000066","Basildon","Lives in a communal establishment","Aged 30 to 34 years","Female",15
"E07000066","Basildon","Lives in a communal establishment","Aged 35 to 39 years","Female",10
"E07000066","Basildon","Lives in a communal establishment","Aged 40 to 44 years","Female",3
"E07000066","Basildon","Lives in a communal establishment","Aged 45 to 49 years","Female",4
"E07000066","Basildon","Lives in a communal establishment","Aged 50 to 54 years","Female",10
"E07000066","Basildon","Lives in a communal establishment","Aged 55 to 59 years","Female",17
"E07000066","Basildon","Lives in a communal establishment","Aged 60 to 64 years","Female",11
"E07000066","Basildon","Lives in a communal establishment","Aged 65 years","Female",0
"E07000066","Basildon","Lives in a communal establishment","Aged 66 to 69 years","Female",8
"E07000066","Basildon","Lives in a communal establishment","Aged 70 to 74 years","Female",23
"E07000066","Basildon","Lives in a communal establishment","Aged 75 to 79 years","Female",40
"E07000066","Basildon","Lives in a communal establishment","Aged 80 to 84 years","Female",70
"E07000066","Basildon","Lives in a communal establishment","Aged 85 years and over","Female",256
"E07000067","Braintree","Lives in a communal establishment","Total","Female",759
"E07000067","Braintree","Lives in a communal establishment","Aged 2 years and under","Female",0
"E07000067","Braintree","Lives in a communal establishment","Aged 3 to 4 years","Female",0
"E07000067","Braintree","Lives in a communal establishment","Aged 5 to 7 years","Female",0
"E07000067","Braintree","Lives in a communal establishment","Aged 8 to 9 years","Female",0
"E07000067","Braintree","Lives in a communal establishment","Aged 10 to 14 years","Female",2
"E07000067","Braintree","Lives in a communal establishment","Aged 15 years","Female",1
"E07000067","Braintree","Lives in a communal establishment","Aged 16 to 17 years","Female",4
"E07000067","Braintree","Lives in a communal establishment","Aged 18 to 19 years","Female",8
"E07000067","Braintree","Lives in a communal establishment","Aged 20 to 24 years","Female",10
"E07000067","Braintree","Lives in a communal establishment","Aged 25 to 29 years","Female",7
"E07000067","Braintree","Lives in a communal establishment","Aged 30 to 34 years","Female",8
"E07000067","Braintree","Lives in a communal establishment","Aged 35 to 39 years","Female",9
"E07000067","Braintree","Lives in a communal establishment","Aged 40 to 44 years","Female",11
"E07000067","Braintree","Lives in a communal establishment","Aged 45 to 49 years","Female",9
"E07000067","Braintree","Lives in a communal establishment","Aged 50 to 54 years","Female",12
"E07000067","Braintree","Lives in a communal establishment","Aged 55 to 59 years","Female",11
"E07000067","Braintree","Lives in a communal establishment","Aged 60 to 64 years","Female",28
"E07000067","Braintree","Lives in a communal establishment","Aged 65 years","Female",3
"E07000067","Braintree","Lives in a communal establishment","Aged 66 to 69 years","Female",25
"E07000067","Braintree","Lives in a communal establishment","Aged 70 to 74 years","Female",33
"E07000067","Braintree","Lives in a communal establishment","Aged 75 to 79 years","Female",57
"E07000067","Braintree","Lives in a communal establishment","Aged 80 to 84 years","Female",94
"E07000067","Braintree","Lives in a communal establishment","Aged 85 years and over","Female",427
"E07000068","Brentwood","Lives in a communal establishment","Total","Female",432
"E07000068","Brentwood","Lives in a communal establishment","Aged 2 years and under","Female",0
"E07000068","Brentwood","Lives in a communal establishment","Aged 3 to 4 years","Female",0
"E07000068","Brentwood","Lives in a communal establishment","Aged 5 to 7 years","Female",0
"E07000068","Brentwood","Lives in a communal establishment","Aged 8 to 9 years","Female",1
"E07000068","Brentwood","Lives in a communal establishment","Aged 10 to 14 years","Female",0
"E07000068","Brentwood","Lives in a communal establishment","Aged 15 years","Female",6
"E07000068","Brentwood","Lives in a communal establishment","Aged 16 to 17 years","Female",18
"E07000068","Brentwood","Lives in a communal establishment","Aged 18 to 19 years","Female",14
"E07000068","Brentwood","Lives in a communal establishment","Aged 20 to 24 years","Female",0
"E07000068","Brentwood","Lives in a communal establishment","Aged 25 to 29 years","Female",2
"E07000068","Brentwood","Lives in a communal establishment","Aged 30 to 34 years","Female",1
"E07000068","Brentwood","Lives in a communal establishment","Aged 35 to 39 years","Female",3
"E07000068","Brentwood","Lives in a communal establishment","Aged 40 to 44 years","Female",5
"E07000068","Brentwood","Lives in a communal establishment","Aged 45 to 49 years","Female",1
"E07000068","Brentwood","Lives in a communal establishment","Aged 50 to 54 years","Female",1
"E07000068","Brentwood","Lives in a communal establishment","Aged 55 to 59 years","Female",8
"E07000068","Brentwood","Lives in a communal establishment","Aged 60 to 64 years","Female",2
"E07000068","Brentwood","Lives in a communal establishment","Aged 65 years","Female",2
"E07000068","Brentwood","Lives in a communal establishment","Aged 66 to 69 years","Female",1
"E07000068","Brentwood","Lives in a communal establishment","Aged 70 to 74 years","Female",14
"E07000068","Brentwood","Lives in a communal establishment","Aged 75 to 79 years","Female",24
"E07000068","Brentwood","Lives in a communal establishment","Aged 80 to 84 years","Female",60
"E07000068","Brentwood","Lives in a communal establishment","Aged 85 years and over","Female",269
"E07000069","Castle Point","Lives in a communal establishment","Total","Female",301
"E07000069","Castle Point","Lives in a communal establishment","Aged 2 years and under","Female",0
"E07000069","Castle Point","Lives in a communal establishment","Aged 3 to 4 years","Female",0
"E07000069","Castle Point","Lives in a communal establishment","Aged 5 to 7 years","Female",0
"E07000069","Castle Point","Lives in a communal establishment","Aged 8 to 9 years","Female",0
"E07000069","Castle Point","Lives in a communal establishment","Aged 10 to 14 years","Female",0
"E07000069","Castle Point","Lives in a communal establishment","Aged 15 years","Female",0
"E07000069","Castle Point","Lives in a communal establishment","Aged 16 to 17 years","Female",3
"E07000069","Castle Point","Lives in a communal establishment","Aged 18 to 19 years","Female",0
"E07000069","Castle Point","Lives in a communal establishment","Aged 20 to 24 years","Female",0
"E07000069","Castle Point","Lives in a communal establishment","Aged 25 to 29 years","Female",2
"E07000069","Castle Point","Lives in a communal establishment","Aged 30 to 34 years","Female",0
"E07000069","Castle Point","Lives in a communal establishment","Aged 35 to 39 years","Female",3
"E07000069","Castle Point","Lives in a communal establishment","Aged 40 to 44 years","Female",3
"E07000069","Castle Point","Lives in a communal establishment","Aged 45 to 49 years","Female",0
"E07000069","Castle Point","Lives in a communal establishment","Aged 50 to 54 years","Female",1
"E07000069","Castle Point","Lives in a communal establishment","Aged 55 to 59 years","Female",5
"E07000069","Castle Point","Lives in a communal establishment","Aged 60 to 64 years","Female",3
"E07000069","Castle Point","Lives in a communal establishment","Aged 65 years","Female",0
"E07000069","Castle Point","Lives in a communal establishment","Aged 66 to 69 years","Female",4
"E07000069","Castle Point","Lives in a communal establishment","Aged 70 to 74 years","Female",10
"E07000069","Castle Point","Lives in a communal establishment","Aged 75 to 79 years","Female",30
"E07000069","Castle Point","Lives in a communal establishment","Aged 80 to 84 years","Female",46
"E07000069","Castle Point","Lives in a communal establishment","Aged 85 years and over","Female",191
"E07000070","Chelmsford","Lives in a communal establishment","Total","Female",1250
"E07000070","Chelmsford","Lives in a communal establishment","Aged 2 years and under","Female",1
"E07000070","Chelmsford","Lives in a communal establishment","Aged 3 to 4 years","Female",0
"E07000070","Chelmsford","Lives in a communal establishment","Aged 5 to 7 years","Female",1
"E07000070","Chelmsford","Lives in a communal establishment","Aged 8 to 9 years","Female",1
"E07000070","Chelmsford","Lives in a communal establishment","Aged 10 to 14 years","Female",44
"E07000070","Chelmsford","Lives in a communal establishment","Aged 15 years","Female",7
"E07000070","Chelmsford","Lives in a communal establishment","Aged 16 to 17 years","Female",36
"E07000070","Chelmsford","Lives in a communal establishment","Aged 18 to 19 years","Female",231
"E07000070","Chelmsford","Lives in a communal establishment","Aged 20 to 24 years","Female",200
"E07000070","Chelmsford","Lives in a communal establishment","Aged 25 to 29 years","Female",27
"E07000070","Chelmsford","Lives in a communal establishment","Aged 30 to 34 years","Female",34
"E07000070","Chelmsford","Lives in a communal establishment","Aged 35 to 39 years","Female",28
"E07000070","Chelmsford","Lives in a communal establishment","Aged 40 to 44 years","Female",34
"E07000070","Chelmsford","Lives in a communal establishment","Aged 45 to 49 years","Female",29
"E07000070","Chelmsford","Lives in a communal establishment","Aged 50 to 54 years","Female",28
"E07000070","Chelmsford","Lives in a communal establishment","Aged 55 to 59 years","Female",24
"E07000070","Chelmsford","Lives in a communal establishment","Aged 60 to 64 years","Female",21
"E07000070","Chelmsford","Lives in a communal establishment","Aged 65 years","Female",2
"E07000070","Chelmsford","Lives in a communal establishment","Aged 66 to 69 years","Female",6
"E07000070","Chelmsford","Lives in a communal establishment","Aged 70 to 74 years","Female",31
"E07000070","Chelmsford","Lives in a communal establishment","Aged 75 to 79 years","Female",42
"E07000070","Chelmsford","Lives in a communal establishment","Aged 80 to 84 years","Female",69
"E07000070","Chelmsford","Lives in a communal establishment","Aged 85 years and over","Female",354
"E07000071","Colchester","Lives in a communal establishment","Total","Female",2595
"E07000071","Colchester","Lives in a communal establishment","Aged 2 years and under","Female",0
"E07000071","Colchester","Lives in a communal establishment","Aged 3 to 4 years","Female",0
"E07000071","Colchester","Lives in a communal establishment","Aged 5 to 7 years","Female",0
"E07000071","Colchester","Lives in a communal establishment","Aged 8 to 9 years","Female",0
"E07000071","Colchester","Lives in a communal establishment","Aged 10 to 14 years","Female",5
"E07000071","Colchester","Lives in a communal establishment","Aged 15 years","Female",1
"E07000071","Colchester","Lives in a communal establishment","Aged 16 to 17 years","Female",19
"E07000071","Colchester","Lives in a communal establishment","Aged 18 to 19 years","Female",746
"E07000071","Colchester","Lives in a communal establishment","Aged 20 to 24 years","Female",902
"E07000071","Colchester","Lives in a communal establishment","Aged 25 to 29 years","Female",87
"E07000071","Colchester","Lives in a communal establishment","Aged 30 to 34 years","Female",35
"E07000071","Colchester","Lives in a communal establishment","Aged 35 to 39 years","Female",18
"E07000071","Colchester","Lives in a communal establishment","Aged 40 to 44 years","Female",19
"E07000071","Colchester","Lives in a communal establishment","Aged 45 to 49 years","Female",22
"E07000071","Colchester","Lives in a communal establishment","Aged 50 to 54 years","Female",37
"E07000071","Colchester","Lives in a communal establishment","Aged 55 to 59 years","Female",26
"E07000071","Colchester","Lives in a communal establishment","Aged 60 to 64 years","Female",15
"E07000071","Colchester","Lives in a communal establishment","Aged 65 years","Female",4
"E07000071","Colchester","Lives in a communal establishment","Aged 66 to 69 years","Female",24
"E07000071","Colchester","Lives in a communal establishment","Aged 70 to 74 years","Female",34
"E07000071","Colchester","Lives in a communal establishment","Aged 75 to 79 years","Female",71
"E07000071","Colchester","Lives in a communal establishment","Aged 80 to 84 years","Female",109
"E07000071","Colchester","Lives in a communal establishment","Aged 85 years and over","Female",421
"E07000072","Epping Forest","Lives in a communal establishment","Total","Female",597
"E07000072","Epping Forest","Lives in a communal establishment","Aged 2 years and under","Female",1
"E07000072","Epping Forest","Lives in a communal establishment","Aged 3 to 4 years","Female",1
"E07000072","Epping Forest","Lives in a communal establishment","Aged 5 to 7 years","Female",1
"E07000072","Epping Forest","Lives in a communal establishment","Aged 8 to 9 years","Female",1
"E07000072","Epping Forest","Lives in a communal establishment","Aged 10 to 14 years","Female",2
"E07000072","Epping Forest","Lives in a communal establishment","Aged 15 years","Female",0
"E07000072","Epping Forest","Lives in a communal establishment","Aged 16 to 17 years","Female",5
"E07000072","Epping Forest","Lives in a communal establishment","Aged 18 to 19 years","Female",2
"E07000072","Epping Forest","Lives in a communal establishment","Aged 20 to 24 years","Female",3
"E07000072","Epping Forest","Lives in a communal establishment","Aged 25 to 29 years","Female",5
"E07000072","Epping Forest","Lives in a communal establishment","Aged 30 to 34 years","Female",7
"E07000072","Epping Forest","Lives in a communal establishment","Aged 35 to 39 years","Female",10
"E07000072","Epping Forest","Lives in a communal establishment","Aged 40 to 44 years","Female",2
"E07000072","Epping Forest","Lives in a communal establishment","Aged 45 to 49 years","Female",9
"E07000072","Epping Forest","Lives in a communal establishment","Aged 50 to 54 years","Female",9
"E07000072","Epping Forest","Lives in a communal establishment","Aged 55 to 59 years","Female",12
"E07000072","Epping Forest","Lives in a communal establishment","Aged 60 to 64 years","Female",8
"E07000072","Epping Forest","Lives in a communal establishment","Aged 65 years","Female",3
"E07000072","Epping Forest","Lives in a communal establishment","Aged 66 to 69 years","Female",16
"E07000072","Epping Forest","Lives in a communal establishment","Aged 70 to 74 years","Female",37
"E07000072","Epping Forest","Lives in a communal establishment","Aged 75 to 79 years","Female",53
"E07000072","Epping Forest","Lives in a communal establishment","Aged 80 to 84 years","Female",100
"E07000072","Epping Forest","Lives in a communal establishment","Aged 85 years and over","Female",310
"E07000073","Harlow","Lives in a communal establishment","Total","Female",241
"E07000073","Harlow","Lives in a communal establishment","Aged 2 years and under","Female",0
"E07000073","Harlow","Lives in a communal establishment","Aged 3 to 4 years","Female",0
"E07000073","Harlow","Lives in a communal establishment","Aged 5 to 7 years","Female",0
"E07000073","Harlow","Lives in a communal establishment","Aged 8 to 9 years","Female",0
"E07000073","Harlow","Lives in a communal establishment","Aged 10 to 14 years","Female",0
"E07000073","Harlow","Lives in a communal establishment","Aged 15 years","Female",0
"E07000073","Harlow","Lives in a communal establishment","Aged 16 to 17 years","Female",0
"E07000073","Harlow","Lives in a communal establishment","Aged 18 to 19 years","Female",3
"E07000073","Harlow","Lives in a communal establishment","Aged 20 to 24 years","Female",9
"E07000073","Harlow","Lives in a communal establishment","Aged 25 to 29 years","Female",3
"E07000073","Harlow","Lives in a communal establishment","Aged 30 to 34 years","Female",2
"E07000073","Harlow","Lives in a communal establishment","Aged 35 to 39 years","Female",4
"E07000073","Harlow","Lives in a communal establishment","Aged 40 to 44 years","Female",10
"E07000073","Harlow","Lives in a communal establishment","Aged 45 to 49 years","Female",5
"E07000073","Harlow","Lives in a communal establishment","Aged 50 to 54 years","Female",9
"E07000073","Harlow","Lives in a communal establishment","Aged 55 to 59 years","Female",9
"E07000073","Harlow","Lives in a communal establishment","Aged 60 to 64 years","Female",8
"E07000073","Harlow","Lives in a communal establishment","Aged 65 years","Female",2
"E07000073","Harlow","Lives in a communal establishment","Aged 66 to 69 years","Female",2
"E07000073","Harlow","Lives in a communal establishment","Aged 70 to 74 years","Female",14
"E07000073","Harlow","Lives in a communal establishment","Aged 75 to 79 years","Female",28
"E07000073","Harlow","Lives in a communal establishment","Aged 80 to 84 years","Female",28
"E07000073","Harlow","Lives in a communal establishment","Aged 85 years and over","Female",105
"E07000074","Maldon","Lives in a communal establishment","Total","Female",326
"E07000074","Maldon","Lives in a communal establishment","Aged 2 years and under","Female",0
"E07000074","Maldon","Lives in a communal establishment","Aged 3 to 4 years","Female",0
"E07000074","Maldon","Lives in a communal establishment","Aged 5 to 7 years","Female",0
"E07000074","Maldon","Lives in a communal establishment","Aged 8 to 9 years","Female",0
"E07000074","Maldon","Lives in a communal establishment","Aged 10 to 14 years","Female",0
"E07000074","Maldon","Lives in a communal establishment","Aged 15 years","Female",0
"E07000074","Maldon","Lives in a communal establishment","Aged 16 to 17 years","Female",0
"E07000074","Maldon","Lives in a communal establishment","Aged 18 to 19 years","Female",1
"E07000074","Maldon","Lives in a communal establishment","Aged 20 to 24 years","Female",3
"E07000074","Maldon","Lives in a communal establishment","Aged 25 to 29 years","Female",7
"E07000074","Maldon","Lives in a communal establishment","Aged 30 to 34 years","Female",4
"E07000074","Maldon","Lives in a communal establishment","Aged 35 to 39 years","Female",3
"E07000074","Maldon","Lives in a communal establishment","Aged 40 to 44 years","Female",11
"E07000074","Maldon","Lives in a communal establishment","Aged 45 to 49 years","Female",7
"E07000074","Maldon","Lives in a communal establishment","Aged 50 to 54 years","Female",2
"E07000074","Maldon","Lives in a communal establishment","Aged 55 to 59 years","Female",5
"E07000074","Maldon","Lives in a communal establishment","Aged 60 to 64 years","Female",6
"E07000074","Maldon","Lives in a communal establishment","Aged 65 years","Female",0
"E07000074","Maldon","Lives in a communal establishment","Aged 66 to 69 years","Female",11
"E07000074","Maldon","Lives in a communal establishment","Aged 70 to 74 years","Female",8
"E07000074","Maldon","Lives in a communal establishment","Aged 75 to 79 years","Female",21
"E07000074","Maldon","Lives in a communal establishment","Aged 80 to 84 years","Female",50
"E07000074","Maldon","Lives in a communal establishment","Aged 85 years and over","Female",187
"E07000075","Rochford","Lives in a communal establishment","Total","Female",180
"E07000075","Rochford","Lives in a communal establishment","Aged 2 years and under","Female",0
"E07000075","Rochford","Lives in a communal establishment","Aged 3 to 4 years","Female",0
"E07000075","Rochford","Lives in a communal establishment","Aged 5 to 7 years","Female",0
"E07000075","Rochford","Lives in a communal establishment","Aged 8 to 9 years","Female",0
"E07000075","Rochford","Lives in a communal establishment","Aged 10 to 14 years","Female",0
"E07000075","Rochford","Lives in a communal establishment","Aged 15 years","Female",0
"E07000075","Rochford","Lives in a communal establishment","Aged 16 to 17 years","Female",0
"E07000075","Rochford","Lives in a communal establishment","Aged 18 to 19 years","Female",0
"E07000075","Rochford","Lives in a communal establishment","Aged 20 to 24 years","Female",2
"E07000075","Rochford","Lives in a communal establishment","Aged 25 to 29 years","Female",0
"E07000075","Rochford","Lives in a communal establishment","Aged 30 to 34 years","Female",1
"E07000075","Rochford","Lives in a communal establishment","Aged 35 to 39 years","Female",0
"E07000075","Rochford","Lives in a communal establishment","Aged 40 to 44 years","Female",0
"E07000075","Rochford","Lives in a communal establishment","Aged 45 to 49 years","Female",1
"E07000075","Rochford","Lives in a communal establishment","Aged 50 to 54 years","Female",2
"E07000075","Rochford","Lives in a communal establishment","Aged 55 to 59 years","Female",7
"E07000075","Rochford","Lives in a communal establishment","Aged 60 to 64 years","Female",2
"E07000075","Rochford","Lives in a communal establishment","Aged 65 years","Female",0
"E07000075","Rochford","Lives in a communal establishment","Aged 66 to 69 years","Female",1
"E07000075","Rochford","Lives in a communal establishment","Aged 70 to 74 years","Female",15
"E07000075","Rochford","Lives in a communal establishment","Aged 75 to 79 years","Female",12
"E07000075","Rochford","Lives in a communal establishment","Aged 80 to 84 years","Female",28
"E07000075","Rochford","Lives in a communal establishment","Aged 85 years and over","Female",109
"E07000076","Tendring","Lives in a communal establishment","Total","Female",1048
"E07000076","Tendring","Lives in a communal establishment","Aged 2 years and under","Female",0
"E07000076","Tendring","Lives in a communal establishment","Aged 3 to 4 years","Female",0
"E07000076","Tendring","Lives in a communal establishment","Aged 5 to 7 years","Female",0
"E07000076","Tendring","Lives in a communal establishment","Aged 8 to 9 years","Female",0
"E07000076","Tendring","Lives in a communal establishment","Aged 10 to 14 years","Female",2
"E07000076","Tendring","Lives in a communal establishment","Aged 15 years","Female",0
"E07000076","Tendring","Lives in a communal establishment","Aged 16 to 17 years","Female",1
"E07000076","Tendring","Lives in a communal establishment","Aged 18 to 19 years","Female",0
"E07000076","Tendring","Lives in a communal establishment","Aged 20 to 24 years","Female",11
"E07000076","Tendring","Lives in a communal establishment","Aged 25 to 29 years","Female",10
"E07000076","Tendring","Lives in a communal establishment","Aged 30 to 34 years","Female",14
"E07000076","Tendring","Lives in a communal establishment","Aged 35 to 39 years","Female",13
"E07000076","Tendring","Lives in a communal establishment","Aged 40 to 44 years","Female",22
"E07000076","Tendring","Lives in a communal establishment","Aged 45 to 49 years","Female",26
"E07000076","Tendring","Lives in a communal establishment","Aged 50 to 54 years","Female",32
"E07000076","Tendring","Lives in a communal establishment","Aged 55 to 59 years","Female",48
"E07000076","Tendring","Lives in a communal establishment","Aged 60 to 64 years","Female",54
"E07000076","Tendring","Lives in a communal establishment","Aged 65 years","Female",5
"E07000076","Tendring","Lives in a communal establishment","Aged 66 to 69 years","Female",35
"E07000076","Tendring","Lives in a communal establishment","Aged 70 to 74 years","Female",56
"E07000076","Tendring","Lives in a communal establishment","Aged 75 to 79 years","Female",90
"E07000076","Tendring","Lives in a communal establishment","Aged 80 to 84 years","Female",144
"E07000076","Tendring","Lives in a communal establishment","Aged 85 years and over","Female",485
"E07000077","Uttlesford","Lives in a communal establishment","Total","Female",549
"E07000077","Uttlesford","Lives in a communal establishment","Aged 2 years and under","Female",3
"E07000077","Uttlesford","Lives in a communal establishment","Aged 3 to 4 years","Female",2
"E07000077","Uttlesford","Lives in a communal establishment","Aged 5 to 7 years","Female",2
"E07000077","Uttlesford","Lives in a communal establishment","Aged 8 to 9 years","Female",1
"E07000077","Uttlesford","Lives in a communal establishment","Aged 10 to 14 years","Female",11
"E07000077","Uttlesford","Lives in a communal establishment","Aged 15 years","Female",14
"E07000077","Uttlesford","Lives in a communal establishment","Aged 16 to 17 years","Female",55
"E07000077","Uttlesford","Lives in a communal establishment","Aged 18 to 19 years","Female",12
"E07000077","Uttlesford","Lives in a communal establishment","Aged 20 to 24 years","Female",4
"E07000077","Uttlesford","Lives in a communal establishment","Aged 25 to 29 years","Female",8
"E07000077","Uttlesford","Lives in a communal establishment","Aged 30 to 34 years","Female",9
"E07000077","Uttlesford","Lives in a communal establishment","Aged 35 to 39 years","Female",4
"E07000077","Uttlesford","Lives in a communal establishment","Aged 40 to 44 years","Female",6
"E07000077","Uttlesford","Lives in a communal establishment","Aged 45 to 49 years","Female",11
"E07000077","Uttlesford","Lives in a communal establishment","Aged 50 to 54 years","Female",8
"E07000077","Uttlesford","Lives in a communal establishment","Aged 55 to 59 years","Female",9
"E07000077","Uttlesford","Lives in a communal establishment","Aged 60 to 64 years","Female",3
"E07000077","Uttlesford","Lives in a communal establishment","Aged 65 years","Female",3
"E07000077","Uttlesford","Lives in a communal establishment","Aged 66 to 69 years","Female",1
"E07000077","Uttlesford","Lives in a communal establishment","Aged 70 to 74 years","Female",16
"E07000077","Uttlesford","Lives in a communal establishment","Aged 75 to 79 years","Female",24
"E07000077","Uttlesford","Lives in a communal establishment","Aged 80 to 84 years","Female",45
"E07000077","Uttlesford","Lives in a communal establishment","Aged 85 years and over","Female",298
"E07000095","Broxbourne","Lives in a communal establishment","Total","Female",158
"E07000095","Broxbourne","Lives in a communal establishment","Aged 2 years and under","Female",0
"E07000095","Broxbourne","Lives in a communal establishment","Aged 3 to 4 years","Female",0
"E07000095","Broxbourne","Lives in a communal establishment","Aged 5 to 7 years","Female",0
"E07000095","Broxbourne","Lives in a communal establishment","Aged 8 to 9 years","Female",0
"E07000095","Broxbourne","Lives in a communal establishment","Aged 10 to 14 years","Female",0
"E07000095","Broxbourne","Lives in a communal establishment","Aged 15 years","Female",0
"E07000095","Broxbourne","Lives in a communal establishment","Aged 16 to 17 years","Female",2
"E07000095","Broxbourne","Lives in a communal establishment","Aged 18 to 19 years","Female",3
"E07000095","Broxbourne","Lives in a communal establishment","Aged 20 to 24 years","Female",0
"E07000095","Broxbourne","Lives in a communal establishment","Aged 25 to 29 years","Female",1
"E07000095","Broxbourne","Lives in a communal establishment","Aged 30 to 34 years","Female",2
"E07000095","Broxbourne","Lives in a communal establishment","Aged 35 to 39 years","Female",10
"E07000095","Broxbourne","Lives in a communal establishment","Aged 40 to 44 years","Female",4
"E07000095","Broxbourne","Lives in a communal establishment","Aged 45 to 49 years","Female",1
"E07000095","Broxbourne","Lives in a communal establishment","Aged 50 to 54 years","Female",8
"E07000095","Broxbourne","Lives in a communal establishment","Aged 55 to 59 years","Female",7
"E07000095","Broxbourne","Lives in a communal establishment","Aged 60 to 64 years","Female",4
"E07000095","Broxbourne","Lives in a communal establishment","Aged 65 years","Female",0
"E07000095","Broxbourne","Lives in a communal establishment","Aged 66 to 69 years","Female",4
"E07000095","Broxbourne","Lives in a communal establishment","Aged 70 to 74 years","Female",10
"E07000095","Broxbourne","Lives in a communal establishment","Aged 75 to 79 years","Female",11
"E07000095","Broxbourne","Lives in a communal establishment","Aged 80 to 84 years","Female",20
"E07000095","Broxbourne","Lives in a communal establishment","Aged 85 years and over","Female",71
"E07000096","Dacorum","Lives in a communal establishment","Total","Female",775
"E07000096","Dacorum","Lives in a communal establishment","Aged 2 years and under","Female",1
"E07000096","Dacorum","Lives in a communal establishment","Aged 3 to 4 years","Female",0
"E07000096","Dacorum","Lives in a communal establishment","Aged 5 to 7 years","Female",2
"E07000096","Dacorum","Lives in a communal establishment","Aged 8 to 9 years","Female",4
"E07000096","Dacorum","Lives in a communal establishment","Aged 10 to 14 years","Female",34
"E07000096","Dacorum","Lives in a communal establishment","Aged 15 years","Female",15
"E07000096","Dacorum","Lives in a communal establishment","Aged 16 to 17 years","Female",81
"E07000096","Dacorum","Lives in a communal establishment","Aged 18 to 19 years","Female",26
"E07000096","Dacorum","Lives in a communal establishment","Aged 20 to 24 years","Female",19
"E07000096","Dacorum","Lives in a communal establishment","Aged 25 to 29 years","Female",19
"E07000096","Dacorum","Lives in a communal establishment","Aged 30 to 34 years","Female",13
"E07000096","Dacorum","Lives in a communal establishment","Aged 35 to 39 years","Female",8
"E07000096","Dacorum","Lives in a communal establishment","Aged 40 to 44 years","Female",11
"E07000096","Dacorum","Lives in a communal establishment","Aged 45 to 49 years","Female",17
"E07000096","Dacorum","Lives in a communal establishment","Aged 50 to 54 years","Female",12
"E07000096","Dacorum","Lives in a communal establishment","Aged 55 to 59 years","Female",20
"E07000096","Dacorum","Lives in a communal establishment","Aged 60 to 64 years","Female",13
"E07000096","Dacorum","Lives in a communal establishment","Aged 65 years","Female",6
"E07000096","Dacorum","Lives in a communal establishment","Aged 66 to 69 years","Female",15
"E07000096","Dacorum","Lives in a communal establishment","Aged 70 to 74 years","Female",18
"E07000096","Dacorum","Lives in a communal establishment","Aged 75 to 79 years","Female",35
"E07000096","Dacorum","Lives in a communal establishment","Aged 80 to 84 years","Female",91
"E07000096","Dacorum","Lives in a communal establishment","Aged 85 years and over","Female",315
"E07000098","Hertsmere","Lives in a communal establishment","Total","Female",657
"E07000098","Hertsmere","Lives in a communal establishment","Aged 2 years and under","Female",4
"E07000098","Hertsmere","Lives in a communal establishment","Aged 3 to 4 years","Female",6
"E07000098","Hertsmere","Lives in a communal establishment","Aged 5 to 7 years","Female",0
"E07000098","Hertsmere","Lives in a communal establishment","Aged 8 to 9 years","Female",1
"E07000098","Hertsmere","Lives in a communal establishment","Aged 10 to 14 years","Female",19
"E07000098","Hertsmere","Lives in a communal establishment","Aged 15 years","Female",12
"E07000098","Hertsmere","Lives in a communal establishment","Aged 16 to 17 years","Female",16
"E07000098","Hertsmere","Lives in a communal establishment","Aged 18 to 19 years","Female",9
"E07000098","Hertsmere","Lives in a communal establishment","Aged 20 to 24 years","Female",16
"E07000098","Hertsmere","Lives in a communal establishment","Aged 25 to 29 years","Female",11
"E07000098","Hertsmere","Lives in a communal establishment","Aged 30 to 34 years","Female",22
"E07000098","Hertsmere","Lives in a communal establishment","Aged 35 to 39 years","Female",7
"E07000098","Hertsmere","Lives in a communal establishment","Aged 40 to 44 years","Female",13
"E07000098","Hertsmere","Lives in a communal establishment","Aged 45 to 49 years","Female",20
"E07000098","Hertsmere","Lives in a communal establishment","Aged 50 to 54 years","Female",25
"E07000098","Hertsmere","Lives in a communal establishment","Aged 55 to 59 years","Female",27
"E07000098","Hertsmere","Lives in a communal establishment","Aged 60 to 64 years","Female",24
"E07000098","Hertsmere","Lives in a communal establishment","Aged 65 years","Female",3
"E07000098","Hertsmere","Lives in a communal establishment","Aged 66 to 69 years","Female",19
"E07000098","Hertsmere","Lives in a communal establishment","Aged 70 to 74 years","Female",19
"E07000098","Hertsmere","Lives in a communal establishment","Aged 75 to 79 years","Female",33
"E07000098","Hertsmere","Lives in a communal establishment","Aged 80 to 84 years","Female",83
"E07000098","Hertsmere","Lives in a communal establishment","Aged 85 years and over","Female",268
"E07000099","North Hertfordshire","Lives in a communal establishment","Total","Female",704
"E07000099","North Hertfordshire","Lives in a communal establishment","Aged 2 years and under","Female",0
"E07000099","North Hertfordshire","Lives in a communal establishment","Aged 3 to 4 years","Female",0
"E07000099","North Hertfordshire","Lives in a communal establishment","Aged 5 to 7 years","Female",0
"E07000099","North Hertfordshire","Lives in a communal establishment","Aged 8 to 9 years","Female",0
"E07000099","North Hertfordshire","Lives in a communal establishment","Aged 10 to 14 years","Female",14
"E07000099","North Hertfordshire","Lives in a communal establishment","Aged 15 years","Female",10
"E07000099","North Hertfordshire","Lives in a communal establishment","Aged 16 to 17 years","Female",14
"E07000099","North Hertfordshire","Lives in a communal establishment","Aged 18 to 19 years","Female",5
"E07000099","North Hertfordshire","Lives in a communal establishment","Aged 20 to 24 years","Female",18
"E07000099","North Hertfordshire","Lives in a communal establishment","Aged 25 to 29 years","Female",4
"E07000099","North Hertfordshire","Lives in a communal establishment","Aged 30 to 34 years","Female",9
"E07000099","North Hertfordshire","Lives in a communal establishment","Aged 35 to 39 years","Female",12
"E07000099","North Hertfordshire","Lives in a communal establishment","Aged 40 to 44 years","Female",15
"E07000099","North Hertfordshire","Lives in a communal establishment","Aged 45 to 49 years","Female",8
"E07000099","North Hertfordshire","Lives in a communal establishment","Aged 50 to 54 years","Female",11
"E07000099","North Hertfordshire","Lives in a communal establishment","Aged 55 to 59 years","Female",23
"E07000099","North Hertfordshire","Lives in a communal establishment","Aged 60 to 64 years","Female",13
"E07000099","North Hertfordshire","Lives in a communal establishment","Aged 65 years","Female",2
"E07000099","North Hertfordshire","Lives in a communal establishment","Aged 66 to 69 years","Female",24
"E07000099","North Hertfordshire","Lives in a communal establishment","Aged 70 to 74 years","Female",30
"E07000099","North Hertfordshire","Lives in a communal establishment","Aged 75 to 79 years","Female",31
"E07000099","North Hertfordshire","Lives in a communal establishment","Aged 80 to 84 years","Female",98
"E07000099","North Hertfordshire","Lives in a communal establishment","Aged 85 years and over","Female",363
"E07000102","Three Rivers","Lives in a communal establishment","Total","Female",321
"E07000102","Three Rivers","Lives in a communal establishment","Aged 2 years and under","Female",0
"E07000102","Three Rivers","Lives in a communal establishment","Aged 3 to 4 years","Female",0
"E07000102","Three Rivers","Lives in a communal establishment","Aged 5 to 7 years","Female",2
"E07000102","Three Rivers","Lives in a communal establishment","Aged 8 to 9 years","Female",3
"E07000102","Three Rivers","Lives in a communal establishment","Aged 10 to 14 years","Female",33
"E07000102","Three Rivers","Lives in a communal establishment","Aged 15 years","Female",5
"E07000102","Three Rivers","Lives in a communal establishment","Aged 16 to 17 years","Female",34
"E07000102","Three Rivers","Lives in a communal establishment","Aged 18 to 19 years","Female",23
"E07000102","Three Rivers","Lives in a communal establishment","Aged 20 to 24 years","Female",8
"E07000102","Three Rivers","Lives in a communal establishment","Aged 25 to 29 years","Female",11
"E07000102","Three Rivers","Lives in a communal establishment","Aged 30 to 34 years","Female",11
"E07000102","Three Rivers","Lives in a communal establishment","Aged 35 to 39 years","Female",12
"E07000102","Three Rivers","Lives in a communal establishment","Aged 40 to 44 years","Female",8
"E07000102","Three Rivers","Lives in a communal establishment","Aged 45 to 49 years","Female",3
"E07000102","Three Rivers","Lives in a communal establishment","Aged 50 to 54 years","Female",3
"E07000102","Three Rivers","Lives in a communal establishment","Aged 55 to 59 years","Female",5
"E07000102","Three Rivers","Lives in a communal establishment","Aged 60 to 64 years","Female",7
"E07000102","Three Rivers","Lives in a communal establishment","Aged 65 years","Female",3
"E07000102","Three Rivers","Lives in a communal establishment","Aged 66 to 69 years","Female",5
"E07000102","Three Rivers","Lives in a communal establishment","Aged 70 to 74 years","Female",3
"E07000102","Three Rivers","Lives in a communal establishment","Aged 75 to 79 years","Female",13
"E07000102","Three Rivers","Lives in a communal establishment","Aged 80 to 84 years","Female",26
"E07000102","Three Rivers","Lives in a communal establishment","Aged 85 years and over","Female",103
"E07000103","Watford","Lives in a communal establishment","Total","Female",410
"E07000103","Watford","Lives in a communal establishment","Aged 2 years and under","Female",0
"E07000103","Watford","Lives in a communal establishment","Aged 3 to 4 years","Female",0
"E07000103","Watford","Lives in a communal establishment","Aged 5 to 7 years","Female",0
"E07000103","Watford","Lives in a communal establishment","Aged 8 to 9 years","Female",0
"E07000103","Watford","Lives in a communal establishment","Aged 10 to 14 years","Female",0
"E07000103","Watford","Lives in a communal establishment","Aged 15 years","Female",0
"E07000103","Watford","Lives in a communal establishment","Aged 16 to 17 years","Female",0
"E07000103","Watford","Lives in a communal establishment","Aged 18 to 19 years","Female",0
"E07000103","Watford","Lives in a communal establishment","Aged 20 to 24 years","Female",9
"E07000103","Watford","Lives in a communal establishment","Aged 25 to 29 years","Female",10
"E07000103","Watford","Lives in a communal establishment","Aged 30 to 34 years","Female",10
"E07000103","Watford","Lives in a communal establishment","Aged 35 to 39 years","Female",6
"E07000103","Watford","Lives in a communal establishment","Aged 40 to 44 years","Female",10
"E07000103","Watford","Lives in a communal establishment","Aged 45 to 49 years","Female",7
"E07000103","Watford","Lives in a communal establishment","Aged 50 to 54 years","Female",9
"E07000103","Watford","Lives in a communal establishment","Aged 55 to 59 years","Female",4
"E07000103","Watford","Lives in a communal establishment","Aged 60 to 64 years","Female",10
"E07000103","Watford","Lives in a communal establishment","Aged 65 years","Female",3
"E07000103","Watford","Lives in a communal establishment","Aged 66 to 69 years","Female",14
"E07000103","Watford","Lives in a communal establishment","Aged 70 to 74 years","Female",30
"E07000103","Watford","Lives in a communal establishment","Aged 75 to 79 years","Female",31
"E07000103","Watford","Lives in a communal establishment","Aged 80 to 84 years","Female",54
"E07000103","Watford","Lives in a communal establishment","Aged 85 years and over","Female",203
"E07000143","Breckland","Lives in a communal establishment","Total","Female",901
"E07000143","Breckland","Lives in a communal establishment","Aged 2 years and under","Female",0
"E07000143","Breckland","Lives in a communal establishment","Aged 3 to 4 years","Female",0
"E07000143","Breckland","Lives in a communal establishment","Aged 5 to 7 years","Female",0
"E07000143","Breckland","Lives in a communal establishment","Aged 8 to 9 years","Female",0
"E07000143","Breckland","Lives in a communal establishment","Aged 10 to 14 years","Female",0
"E07000143","Breckland","Lives in a communal establishment","Aged 15 years","Female",1
"E07000143","Breckland","Lives in a communal establishment","Aged 16 to 17 years","Female",0
"E07000143","Breckland","Lives in a communal establishment","Aged 18 to 19 years","Female",0
"E07000143","Breckland","Lives in a communal establishment","Aged 20 to 24 years","Female",6
"E07000143","Breckland","Lives in a communal establishment","Aged 25 to 29 years","Female",4
"E07000143","Breckland","Lives in a communal establishment","Aged 30 to 34 years","Female",12
"E07000143","Breckland","Lives in a communal establishment","Aged 35 to 39 years","Female",10
"E07000143","Breckland","Lives in a communal establishment","Aged 40 to 44 years","Female",6
"E07000143","Breckland","Lives in a communal establishment","Aged 45 to 49 years","Female",7
"E07000143","Breckland","Lives in a communal establishment","Aged 50 to 54 years","Female",16
"E07000143","Breckland","Lives in a communal establishment","Aged 55 to 59 years","Female",18
"E07000143","Breckland","Lives in a communal establishment","Aged 60 to 64 years","Female",27
"E07000143","Breckland","Lives in a communal establishment","Aged 65 years","Female",3
"E07000143","Breckland","Lives in a communal establishment","Aged 66 to 69 years","Female",25
"E07000143","Breckland","Lives in a communal establishment","Aged 70 to 74 years","Female",47
"E07000143","Breckland","Lives in a communal establishment","Aged 75 to 79 years","Female",77
"E07000143","Breckland","Lives in a communal establishment","Aged 80 to 84 years","Female",136
"E07000143","Breckland","Lives in a communal establishment","Aged 85 years and over","Female",506
"E07000144","Broadland","Lives in a communal establishment","Total","Female",781
"E07000144","Broadland","Lives in a communal establishment","Aged 2 years and under","Female",0
"E07000144","Broadland","Lives in a communal establishment","Aged 3 to 4 years","Female",0
"E07000144","Broadland","Lives in a communal establishment","Aged 5 to 7 years","Female",0
"E07000144","Broadland","Lives in a communal establishment","Aged 8 to 9 years","Female",0
"E07000144","Broadland","Lives in a communal establishment","Aged 10 to 14 years","Female",2
"E07000144","Broadland","Lives in a communal establishment","Aged 15 years","Female",0
"E07000144","Broadland","Lives in a communal establishment","Aged 16 to 17 years","Female",0
"E07000144","Broadland","Lives in a communal establishment","Aged 18 to 19 years","Female",0
"E07000144","Broadland","Lives in a communal establishment","Aged 20 to 24 years","Female",8
"E07000144","Broadland","Lives in a communal establishment","Aged 25 to 29 years","Female",12
"E07000144","Broadland","Lives in a communal establishment","Aged 30 to 34 years","Female",9
"E07000144","Broadland","Lives in a communal establishment","Aged 35 to 39 years","Female",11
"E07000144","Broadland","Lives in a communal establishment","Aged 40 to 44 years","Female",10
"E07000144","Broadland","Lives in a communal establishment","Aged 45 to 49 years","Female",15
"E07000144","Broadland","Lives in a communal establishment","Aged 50 to 54 years","Female",16
"E07000144","Broadland","Lives in a communal establishment","Aged 55 to 59 years","Female",23
"E07000144","Broadland","Lives in a communal establishment","Aged 60 to 64 years","Female",18
"E07000144","Broadland","Lives in a communal establishment","Aged 65 years","Female",4
"E07000144","Broadland","Lives in a communal establishment","Aged 66 to 69 years","Female",31
"E07000144","Broadland","Lives in a communal establishment","Aged 70 to 74 years","Female",54
"E07000144","Broadland","Lives in a communal establishment","Aged 75 to 79 years","Female",49
"E07000144","Broadland","Lives in a communal establishment","Aged 80 to 84 years","Female",110
"E07000144","Broadland","Lives in a communal establishment","Aged 85 years and over","Female",409
"E07000145","Great Yarmouth","Lives in a communal establishment","Total","Female",565
"E07000145","Great Yarmouth","Lives in a communal establishment","Aged 2 years and under","Female",2
"E07000145","Great Yarmouth","Lives in a communal establishment","Aged 3 to 4 years","Female",0
"E07000145","Great Yarmouth","Lives in a communal establishment","Aged 5 to 7 years","Female",0
"E07000145","Great Yarmouth","Lives in a communal establishment","Aged 8 to 9 years","Female",0
"E07000145","Great Yarmouth","Lives in a communal establishment","Aged 10 to 14 years","Female",0
"E07000145","Great Yarmouth","Lives in a communal establishment","Aged 15 years","Female",1
"E07000145","Great Yarmouth","Lives in a communal establishment","Aged 16 to 17 years","Female",3
"E07000145","Great Yarmouth","Lives in a communal establishment","Aged 18 to 19 years","Female",1
"E07000145","Great Yarmouth","Lives in a communal establishment","Aged 20 to 24 years","Female",5
"E07000145","Great Yarmouth","Lives in a communal establishment","Aged 25 to 29 years","Female",8
"E07000145","Great Yarmouth","Lives in a communal establishment","Aged 30 to 34 years","Female",3
"E07000145","Great Yarmouth","Lives in a communal establishment","Aged 35 to 39 years","Female",11
"E07000145","Great Yarmouth","Lives in a communal establishment","Aged 40 to 44 years","Female",11
"E07000145","Great Yarmouth","Lives in a communal establishment","Aged 45 to 49 years","Female",5
"E07000145","Great Yarmouth","Lives in a communal establishment","Aged 50 to 54 years","Female",23
"E07000145","Great Yarmouth","Lives in a communal establishment","Aged 55 to 59 years","Female",25
"E07000145","Great Yarmouth","Lives in a communal establishment","Aged 60 to 64 years","Female",22
"E07000145","Great Yarmouth","Lives in a communal establishment","Aged 65 years","Female",3
"E07000145","Great Yarmouth","Lives in a communal establishment","Aged 66 to 69 years","Female",19
"E07000145","Great Yarmouth","Lives in a communal establishment","Aged 70 to 74 years","Female",33
"E07000145","Great Yarmouth","Lives in a communal establishment","Aged 75 to 79 years","Female",45
"E07000145","Great Yarmouth","Lives in a communal establishment","Aged 80 to 84 years","Female",76
"E07000145","Great Yarmouth","Lives in a communal establishment","Aged 85 years and over","Female",269
"E07000146","King's Lynn and West Norfolk","Lives in a communal establishment","Total","Female",865
"E07000146","King's Lynn and West Norfolk","Lives in a communal establishment","Aged 2 years and under","Female",1
"E07000146","King's Lynn and West Norfolk","Lives in a communal establishment","Aged 3 to 4 years","Female",1
"E07000146","King's Lynn and West Norfolk","Lives in a communal establishment","Aged 5 to 7 years","Female",1
"E07000146","King's Lynn and West Norfolk","Lives in a communal establishment","Aged 8 to 9 years","Female",4
"E07000146","King's Lynn and West Norfolk","Lives in a communal establishment","Aged 10 to 14 years","Female",6
"E07000146","King's Lynn and West Norfolk","Lives in a communal establishment","Aged 15 years","Female",3
"E07000146","King's Lynn and West Norfolk","Lives in a communal establishment","Aged 16 to 17 years","Female",2
"E07000146","King's Lynn and West Norfolk","Lives in a communal establishment","Aged 18 to 19 years","Female",9
"E07000146","King's Lynn and West Norfolk","Lives in a communal establishment","Aged 20 to 24 years","Female",22
"E07000146","King's Lynn and West Norfolk","Lives in a communal establishment","Aged 25 to 29 years","Female",26
"E07000146","King's Lynn and West Norfolk","Lives in a communal establishment","Aged 30 to 34 years","Female",11
"E07000146","King's Lynn and West Norfolk","Lives in a communal establishment","Aged 35 to 39 years","Female",12
"E07000146","King's Lynn and West Norfolk","Lives in a communal establishment","Aged 40 to 44 years","Female",9
"E07000146","King's Lynn and West Norfolk","Lives in a communal establishment","Aged 45 to 49 years","Female",14
"E07000146","King's Lynn and West Norfolk","Lives in a communal establishment","Aged 50 to 54 years","Female",18
"E07000146","King's Lynn and West Norfolk","Lives in a communal establishment","Aged 55 to 59 years","Female",18
"E07000146","King's Lynn and West Norfolk","Lives in a communal establishment","Aged 60 to 64 years","Female",13
"E07000146","King's Lynn and West Norfolk","Lives in a communal establishment","Aged 65 years","Female",5
"E07000146","King's Lynn and West Norfolk","Lives in a communal establishment","Aged 66 to 69 years","Female",15
"E07000146","King's Lynn and West Norfolk","Lives in a communal establishment","Aged 70 to 74 years","Female",34
"E07000146","King's Lynn and West Norfolk","Lives in a communal establishment","Aged 75 to 79 years","Female",69
"E07000146","King's Lynn and West Norfolk","Lives in a communal establishment","Aged 80 to 84 years","Female",113
"E07000146","King's Lynn and West Norfolk","Lives in a communal establishment","Aged 85 years and over","Female",459
"E07000147","North Norfolk","Lives in a communal establishment","Total","Female",872
"E07000147","North Norfolk","Lives in a communal establishment","Aged 2 years and under","Female",0
"E07000147","North Norfolk","Lives in a communal establishment","Aged 3 to 4 years","Female",2
"E07000147","North Norfolk","Lives in a communal establishment","Aged 5 to 7 years","Female",3
"E07000147","North Norfolk","Lives in a communal establishment","Aged 8 to 9 years","Female",1
"E07000147","North Norfolk","Lives in a communal establishment","Aged 10 to 14 years","Female",53
"E07000147","North Norfolk","Lives in a communal establishment","Aged 15 years","Female",12
"E07000147","North Norfolk","Lives in a communal establishment","Aged 16 to 17 years","Female",23
"E07000147","North Norfolk","Lives in a communal establishment","Aged 18 to 19 years","Female",10
"E07000147","North Norfolk","Lives in a communal establishment","Aged 20 to 24 years","Female",11
"E07000147","North Norfolk","Lives in a communal establishment","Aged 25 to 29 years","Female",2
"E07000147","North Norfolk","Lives in a communal establishment","Aged 30 to 34 years","Female",8
"E07000147","North Norfolk","Lives in a communal establishment","Aged 35 to 39 years","Female",16
"E07000147","North Norfolk","Lives in a communal establishment","Aged 40 to 44 years","Female",21
"E07000147","North Norfolk","Lives in a communal establishment","Aged 45 to 49 years","Female",23
"E07000147","North Norfolk","Lives in a communal establishment","Aged 50 to 54 years","Female",28
"E07000147","North Norfolk","Lives in a communal establishment","Aged 55 to 59 years","Female",30
"E07000147","North Norfolk","Lives in a communal establishment","Aged 60 to 64 years","Female",31
"E07000147","North Norfolk","Lives in a communal establishment","Aged 65 years","Female",5
"E07000147","North Norfolk","Lives in a communal establishment","Aged 66 to 69 years","Female",28
"E07000147","North Norfolk","Lives in a communal establishment","Aged 70 to 74 years","Female",38
"E07000147","North Norfolk","Lives in a communal establishment","Aged 75 to 79 years","Female",52
"E07000147","North Norfolk","Lives in a communal establishment","Aged 80 to 84 years","Female",77
"E07000147","North Norfolk","Lives in a communal establishment","Aged 85 years and over","Female",398
"E07000148","Norwich","Lives in a communal establishment","Total","Female",3266
"E07000148","Norwich","Lives in a communal establishment","Aged 2 years and under","Female",2
"E07000148","Norwich","Lives in a communal establishment","Aged 3 to 4 years","Female",4
"E07000148","Norwich","Lives in a communal establishment","Aged 5 to 7 years","Female",5
"E07000148","Norwich","Lives in a communal establishment","Aged 8 to 9 years","Female",6
"E07000148","Norwich","Lives in a communal establishment","Aged 10 to 14 years","Female",1
"E07000148","Norwich","Lives in a communal establishment","Aged 15 years","Female",0
"E07000148","Norwich","Lives in a communal establishment","Aged 16 to 17 years","Female",23
"E07000148","Norwich","Lives in a communal establishment","Aged 18 to 19 years","Female",1702
"E07000148","Norwich","Lives in a communal establishment","Aged 20 to 24 years","Female",877
"E07000148","Norwich","Lives in a communal establishment","Aged 25 to 29 years","Female",126
"E07000148","Norwich","Lives in a communal establishment","Aged 30 to 34 years","Female",35
"E07000148","Norwich","Lives in a communal establishment","Aged 35 to 39 years","Female",24
"E07000148","Norwich","Lives in a communal establishment","Aged 40 to 44 years","Female",14
"E07000148","Norwich","Lives in a communal establishment","Aged 45 to 49 years","Female",18
"E07000148","Norwich","Lives in a communal establishment","Aged 50 to 54 years","Female",14
"E07000148","Norwich","Lives in a communal establishment","Aged 55 to 59 years","Female",13
"E07000148","Norwich","Lives in a communal establishment","Aged 60 to 64 years","Female",9
"E07000148","Norwich","Lives in a communal establishment","Aged 65 years","Female",3
"E07000148","Norwich","Lives in a communal establishment","Aged 66 to 69 years","Female",13
"E07000148","Norwich","Lives in a communal establishment","Aged 70 to 74 years","Female",17
"E07000148","Norwich","Lives in a communal establishment","Aged 75 to 79 years","Female",31
"E07000148","Norwich","Lives in a communal establishment","Aged 80 to 84 years","Female",53
"E07000148","Norwich","Lives in a communal establishment","Aged 85 years and over","Female",276
"E07000149","South Norfolk","Lives in a communal establishment","Total","Female",1000
"E07000149","South Norfolk","Lives in a communal establishment","Aged 2 years and under","Female",2
"E07000149","South Norfolk","Lives in a communal establishment","Aged 3 to 4 years","Female",2
"E07000149","South Norfolk","Lives in a communal establishment","Aged 5 to 7 years","Female",4
"E07000149","South Norfolk","Lives in a communal establishment","Aged 8 to 9 years","Female",1
"E07000149","South Norfolk","Lives in a communal establishment","Aged 10 to 14 years","Female",104
"E07000149","South Norfolk","Lives in a communal establishment","Aged 15 years","Female",36
"E07000149","South Norfolk","Lives in a communal establishment","Aged 16 to 17 years","Female",90
"E07000149","South Norfolk","Lives in a communal establishment","Aged 18 to 19 years","Female",47
"E07000149","South Norfolk","Lives in a communal establishment","Aged 20 to 24 years","Female",8
"E07000149","South Norfolk","Lives in a communal establishment","Aged 25 to 29 years","Female",9
"E07000149","South Norfolk","Lives in a communal establishment","Aged 30 to 34 years","Female",11
"E07000149","South Norfolk","Lives in a communal establishment","Aged 35 to 39 years","Female",9
"E07000149","South Norfolk","Lives in a communal establishment","Aged 40 to 44 years","Female",13
"E07000149","South Norfolk","Lives in a communal establishment","Aged 45 to 49 years","Female",21
"E07000149","South Norfolk","Lives in a communal establishment","Aged 50 to 54 years","Female",25
"E07000149","South Norfolk","Lives in a communal establishment","Aged 55 to 59 years","Female",13
"E07000149","South Norfolk","Lives in a communal establishment","Aged 60 to 64 years","Female",27
"E07000149","South Norfolk","Lives in a communal establishment","Aged 65 years","Female",1
"E07000149","South Norfolk","Lives in a communal establishment","Aged 66 to 69 years","Female",7
"E07000149","South Norfolk","Lives in a communal establishment","Aged 70 to 74 years","Female",35
"E07000149","South Norfolk","Lives in a communal establishment","Aged 75 to 79 years","Female",51
"E07000149","South Norfolk","Lives in a communal establishment","Aged 80 to 84 years","Female",104
"E07000149","South Norfolk","Lives in a communal establishment","Aged 85 years and over","Female",380
"E07000200","Babergh","Lives in a communal establishment","Total","Female",688
"E07000200","Babergh","Lives in a communal establishment","Aged 2 years and under","Female",4
"E07000200","Babergh","Lives in a communal establishment","Aged 3 to 4 years","Female",1
"E07000200","Babergh","Lives in a communal establishment","Aged 5 to 7 years","Female",3
"E07000200","Babergh","Lives in a communal establishment","Aged 8 to 9 years","Female",0
"E07000200","Babergh","Lives in a communal establishment","Aged 10 to 14 years","Female",73
"E07000200","Babergh","Lives in a communal establishment","Aged 15 years","Female",29
"E07000200","Babergh","Lives in a communal establishment","Aged 16 to 17 years","Female",45
"E07000200","Babergh","Lives in a communal establishment","Aged 18 to 19 years","Female",23
"E07000200","Babergh","Lives in a communal establishment","Aged 20 to 24 years","Female",3
"E07000200","Babergh","Lives in a communal establishment","Aged 25 to 29 years","Female",7
"E07000200","Babergh","Lives in a communal establishment","Aged 30 to 34 years","Female",2
"E07000200","Babergh","Lives in a communal establishment","Aged 35 to 39 years","Female",8
"E07000200","Babergh","Lives in a communal establishment","Aged 40 to 44 years","Female",14
"E07000200","Babergh","Lives in a communal establishment","Aged 45 to 49 years","Female",8
"E07000200","Babergh","Lives in a communal establishment","Aged 50 to 54 years","Female",10
"E07000200","Babergh","Lives in a communal establishment","Aged 55 to 59 years","Female",9
"E07000200","Babergh","Lives in a communal establishment","Aged 60 to 64 years","Female",14
"E07000200","Babergh","Lives in a communal establishment","Aged 65 years","Female",3
"E07000200","Babergh","Lives in a communal establishment","Aged 66 to 69 years","Female",6
"E07000200","Babergh","Lives in a communal establishment","Aged 70 to 74 years","Female",23
"E07000200","Babergh","Lives in a communal establishment","Aged 75 to 79 years","Female",30
"E07000200","Babergh","Lives in a communal establishment","Aged 80 to 84 years","Female",81
"E07000200","Babergh","Lives in a communal establishment","Aged 85 years and over","Female",292
"E07000202","Ipswich","Lives in a communal establishment","Total","Female",948
"E07000202","Ipswich","Lives in a communal establishment","Aged 2 years and under","Female",2
"E07000202","Ipswich","Lives in a communal establishment","Aged 3 to 4 years","Female",0
"E07000202","Ipswich","Lives in a communal establishment","Aged 5 to 7 years","Female",0
"E07000202","Ipswich","Lives in a communal establishment","Aged 8 to 9 years","Female",0
"E07000202","Ipswich","Lives in a communal establishment","Aged 10 to 14 years","Female",14
"E07000202","Ipswich","Lives in a communal establishment","Aged 15 years","Female",7
"E07000202","Ipswich","Lives in a communal establishment","Aged 16 to 17 years","Female",26
"E07000202","Ipswich","Lives in a communal establishment","Aged 18 to 19 years","Female",128
"E07000202","Ipswich","Lives in a communal establishment","Aged 20 to 24 years","Female",208
"E07000202","Ipswich","Lives in a communal establishment","Aged 25 to 29 years","Female",33
"E07000202","Ipswich","Lives in a communal establishment","Aged 30 to 34 years","Female",8
"E07000202","Ipswich","Lives in a communal establishment","Aged 35 to 39 years","Female",4
"E07000202","Ipswich","Lives in a communal establishment","Aged 40 to 44 years","Female",6
"E07000202","Ipswich","Lives in a communal establishment","Aged 45 to 49 years","Female",9
"E07000202","Ipswich","Lives in a communal establishment","Aged 50 to 54 years","Female",8
"E07000202","Ipswich","Lives in a communal establishment","Aged 55 to 59 years","Female",17
"E07000202","Ipswich","Lives in a communal establishment","Aged 60 to 64 years","Female",7
"E07000202","Ipswich","Lives in a communal establishment","Aged 65 years","Female",3
"E07000202","Ipswich","Lives in a communal establishment","Aged 66 to 69 years","Female",13
"E07000202","Ipswich","Lives in a communal establishment","Aged 70 to 74 years","Female",14
"E07000202","Ipswich","Lives in a communal establishment","Aged 75 to 79 years","Female",37
"E07000202","Ipswich","Lives in a communal establishment","Aged 80 to 84 years","Female",81
"E07000202","Ipswich","Lives in a communal establishment","Aged 85 years and over","Female",323
"E07000203","Mid Suffolk","Lives in a communal establishment","Total","Female",524
"E07000203","Mid Suffolk","Lives in a communal establishment","Aged 2 years and under","Female",0
"E07000203","Mid Suffolk","Lives in a communal establishment","Aged 3 to 4 years","Female",0
"E07000203","Mid Suffolk","Lives in a communal establishment","Aged 5 to 7 years","Female",0
"E07000203","Mid Suffolk","Lives in a communal establishment","Aged 8 to 9 years","Female",1
"E07000203","Mid Suffolk","Lives in a communal establishment","Aged 10 to 14 years","Female",11
"E07000203","Mid Suffolk","Lives in a communal establishment","Aged 15 years","Female",2
"E07000203","Mid Suffolk","Lives in a communal establishment","Aged 16 to 17 years","Female",1
"E07000203","Mid Suffolk","Lives in a communal establishment","Aged 18 to 19 years","Female",22
"E07000203","Mid Suffolk","Lives in a communal establishment","Aged 20 to 24 years","Female",4
"E07000203","Mid Suffolk","Lives in a communal establishment","Aged 25 to 29 years","Female",32
"E07000203","Mid Suffolk","Lives in a communal establishment","Aged 30 to 34 years","Female",10
"E07000203","Mid Suffolk","Lives in a communal establishment","Aged 35 to 39 years","Female",11
"E07000203","Mid Suffolk","Lives in a communal establishment","Aged 40 to 44 years","Female",9
"E07000203","Mid Suffolk","Lives in a communal establishment","Aged 45 to 49 years","Female",3
"E07000203","Mid Suffolk","Lives in a communal establishment","Aged 50 to 54 years","Female",2
"E07000203","Mid Suffolk","Lives in a communal establishment","Aged 55 to 59 years","Female",2
"E07000203","Mid Suffolk","Lives in a communal establishment","Aged 60 to 64 years","Female",4
"E07000203","Mid Suffolk","Lives in a communal establishment","Aged 65 years","Female",0
"E07000203","Mid Suffolk","Lives in a communal establishment","Aged 66 to 69 years","Female",8
"E07000203","Mid Suffolk","Lives in a communal establishment","Aged 70 to 74 years","Female",21
"E07000203","Mid Suffolk","Lives in a communal establishment","Aged 75 to 79 years","Female",41
"E07000203","Mid Suffolk","Lives in a communal establishment","Aged 80 to 84 years","Female",73
"E07000203","Mid Suffolk","Lives in a communal establishment","Aged 85 years and over","Female",267
"E07000240","St Albans","Lives in a communal establishment","Total","Female",722
"E07000240","St Albans","Lives in a communal establishment","Aged 2 years and under","Female",1
"E07000240","St Albans","Lives in a communal establishment","Aged 3 to 4 years","Female",0
"E07000240","St Albans","Lives in a communal establishment","Aged 5 to 7 years","Female",0
"E07000240","St Albans","Lives in a communal establishment","Aged 8 to 9 years","Female",0
"E07000240","St Albans","Lives in a communal establishment","Aged 10 to 14 years","Female",19
"E07000240","St Albans","Lives in a communal establishment","Aged 15 years","Female",8
"E07000240","St Albans","Lives in a communal establishment","Aged 16 to 17 years","Female",35
"E07000240","St Albans","Lives in a communal establishment","Aged 18 to 19 years","Female",3
"E07000240","St Albans","Lives in a communal establishment","Aged 20 to 24 years","Female",12
"E07000240","St Albans","Lives in a communal establishment","Aged 25 to 29 years","Female",15
"E07000240","St Albans","Lives in a communal establishment","Aged 30 to 34 years","Female",11
"E07000240","St Albans","Lives in a communal establishment","Aged 35 to 39 years","Female",7
"E07000240","St Albans","Lives in a communal establishment","Aged 40 to 44 years","Female",11
"E07000240","St Albans","Lives in a communal establishment","Aged 45 to 49 years","Female",21
"E07000240","St Albans","Lives in a communal establishment","Aged 50 to 54 years","Female",20
"E07000240","St Albans","Lives in a communal establishment","Aged 55 to 59 years","Female",18
"E07000240","St Albans","Lives in a communal establishment","Aged 60 to 64 years","Female",16
"E07000240","St Albans","Lives in a communal establishment","Aged 65 years","Female",8
"E07000240","St Albans","Lives in a communal establishment","Aged 66 to 69 years","Female",9
"E07000240","St Albans","Lives in a communal establishment","Aged 70 to 74 years","Female",19
"E07000240","St Albans","Lives in a communal establishment","Aged 75 to 79 years","Female",38
"E07000240","St Albans","Lives in a communal establishment","Aged 80 to 84 years","Female",79
"E07000240","St Albans","Lives in a communal establishment","Aged 85 years and over","Female",372
"E07000241","Welwyn Hatfield","Lives in a communal establishment","Total","Female",2919
"E07000241","Welwyn Hatfield","Lives in a communal establishment","Aged 2 years and under","Female",1
"E07000241","Welwyn Hatfield","Lives in a communal establishment","Aged 3 to 4 years","Female",0
"E07000241","Welwyn Hatfield","Lives in a communal establishment","Aged 5 to 7 years","Female",0
"E07000241","Welwyn Hatfield","Lives in a communal establishment","Aged 8 to 9 years","Female",0
"E07000241","Welwyn Hatfield","Lives in a communal establishment","Aged 10 to 14 years","Female",48
"E07000241","Welwyn Hatfield","Lives in a communal establishment","Aged 15 years","Female",22
"E07000241","Welwyn Hatfield","Lives in a communal establishment","Aged 16 to 17 years","Female",37
"E07000241","Welwyn Hatfield","Lives in a communal establishment","Aged 18 to 19 years","Female",959
"E07000241","Welwyn Hatfield","Lives in a communal establishment","Aged 20 to 24 years","Female",1225
"E07000241","Welwyn Hatfield","Lives in a communal establishment","Aged 25 to 29 years","Female",140
"E07000241","Welwyn Hatfield","Lives in a communal establishment","Aged 30 to 34 years","Female",33
"E07000241","Welwyn Hatfield","Lives in a communal establishment","Aged 35 to 39 years","Female",21
"E07000241","Welwyn Hatfield","Lives in a communal establishment","Aged 40 to 44 years","Female",17
"E07000241","Welwyn Hatfield","Lives in a communal establishment","Aged 45 to 49 years","Female",12
"E07000241","Welwyn Hatfield","Lives in a communal establishment","Aged 50 to 54 years","Female",10
"E07000241","Welwyn Hatfield","Lives in a communal establishment","Aged 55 to 59 years","Female",12
"E07000241","Welwyn Hatfield","Lives in a communal establishment","Aged 60 to 64 years","Female",10
"E07000241","Welwyn Hatfield","Lives in a communal establishment","Aged 65 years","Female",2
"E07000241","Welwyn Hatfield","Lives in a communal establishment","Aged 66 to 69 years","Female",12
"E07000241","Welwyn Hatfield","Lives in a communal establishment","Aged 70 to 74 years","Female",20
"E07000241","Welwyn Hatfield","Lives in a communal establishment","Aged 75 to 79 years","Female",24
"E07000241","Welwyn Hatfield","Lives in a communal establishment","Aged 80 to 84 years","Female",69
"E07000241","Welwyn Hatfield","Lives in a communal establishment","Aged 85 years and over","Female",245
"E07000242","East Hertfordshire","Lives in a communal establishment","Total","Female",1039
"E07000242","East Hertfordshire","Lives in a communal establishment","Aged 2 years and under","Female",3
"E07000242","East Hertfordshire","Lives in a communal establishment","Aged 3 to 4 years","Female",4
"E07000242","East Hertfordshire","Lives in a communal establishment","Aged 5 to 7 years","Female",2
"E07000242","East Hertfordshire","Lives in a communal establishment","Aged 8 to 9 years","Female",0
"E07000242","East Hertfordshire","Lives in a communal establishment","Aged 10 to 14 years","Female",116
"E07000242","East Hertfordshire","Lives in a communal establishment","Aged 15 years","Female",69
"E07000242","East Hertfordshire","Lives in a communal establishment","Aged 16 to 17 years","Female",135
"E07000242","East Hertfordshire","Lives in a communal establishment","Aged 18 to 19 years","Female",59
"E07000242","East Hertfordshire","Lives in a communal establishment","Aged 20 to 24 years","Female",24
"E07000242","East Hertfordshire","Lives in a communal establishment","Aged 25 to 29 years","Female",28
"E07000242","East Hertfordshire","Lives in a communal establishment","Aged 30 to 34 years","Female",22
"E07000242","East Hertfordshire","Lives in a communal establishment","Aged 35 to 39 years","Female",22
"E07000242","East Hertfordshire","Lives in a communal establishment","Aged 40 to 44 years","Female",17
"E07000242","East Hertfordshire","Lives in a communal establishment","Aged 45 to 49 years","Female",24
"E07000242","East Hertfordshire","Lives in a communal establishment","Aged 50 to 54 years","Female",16
"E07000242","East Hertfordshire","Lives in a communal establishment","Aged 55 to 59 years","Female",16
"E07000242","East Hertfordshire","Lives in a communal establishment","Aged 60 to 64 years","Female",21
"E07000242","East Hertfordshire","Lives in a communal establishment","Aged 65 years","Female",7
"E07000242","East Hertfordshire","Lives in a communal establishment","Aged 66 to 69 years","Female",9
"E07000242","East Hertfordshire","Lives in a communal establishment","Aged 70 to 74 years","Female",35
"E07000242","East Hertfordshire","Lives in a communal establishment","Aged 75 to 79 years","Female",43
"E07000242","East Hertfordshire","Lives in a communal establishment","Aged 80 to 84 years","Female",87
"E07000242","East Hertfordshire","Lives in a communal establishment","Aged 85 years and over","Female",280
"E07000243","Stevenage","Lives in a communal establishment","Total","Female",378
"E07000243","Stevenage","Lives in a communal establishment","Aged 2 years and under","Female",1
"E07000243","Stevenage","Lives in a communal establishment","Aged 3 to 4 years","Female",0
"E07000243","Stevenage","Lives in a communal establishment","Aged 5 to 7 years","Female",0
"E07000243","Stevenage","Lives in a communal establishment","Aged 8 to 9 years","Female",0
"E07000243","Stevenage","Lives in a communal establishment","Aged 10 to 14 years","Female",1
"E07000243","Stevenage","Lives in a communal establishment","Aged 15 years","Female",4
"E07000243","Stevenage","Lives in a communal establishment","Aged 16 to 17 years","Female",1
"E07000243","Stevenage","Lives in a communal establishment","Aged 18 to 19 years","Female",3
"E07000243","Stevenage","Lives in a communal establishment","Aged 20 to 24 years","Female",12
"E07000243","Stevenage","Lives in a communal establishment","Aged 25 to 29 years","Female",18
"E07000243","Stevenage","Lives in a communal establishment","Aged 30 to 34 years","Female",16
"E07000243","Stevenage","Lives in a communal establishment","Aged 35 to 39 years","Female",15
"E07000243","Stevenage","Lives in a communal establishment","Aged 40 to 44 years","Female",2
"E07000243","Stevenage","Lives in a communal establishment","Aged 45 to 49 years","Female",7
"E07000243","Stevenage","Lives in a communal establishment","Aged 50 to 54 years","Female",11
"E07000243","Stevenage","Lives in a communal establishment","Aged 55 to 59 years","Female",11
"E07000243","Stevenage","Lives in a communal establishment","Aged 60 to 64 years","Female",16
"E07000243","Stevenage","Lives in a communal establishment","Aged 65 years","Female",1
"E07000243","Stevenage","Lives in a communal establishment","Aged 66 to 69 years","Female",7
"E07000243","Stevenage","Lives in a communal establishment","Aged 70 to 74 years","Female",17
"E07000243","Stevenage","Lives in a communal establishment","Aged 75 to 79 years","Female",29
"E07000243","Stevenage","Lives in a communal establishment","Aged 80 to 84 years","Female",41
"E07000243","Stevenage","Lives in a communal establishment","Aged 85 years and over","Female",165
"E07000244","East Suffolk","Lives in a communal establishment","Total","Female",1773
"E07000244","East Suffolk","Lives in a communal establishment","Aged 2 years and under","Female",0
"E07000244","East Suffolk","Lives in a communal establishment","Aged 3 to 4 years","Female",0
"E07000244","East Suffolk","Lives in a communal establishment","Aged 5 to 7 years","Female",2
"E07000244","East Suffolk","Lives in a communal establishment","Aged 8 to 9 years","Female",5
"E07000244","East Suffolk","Lives in a communal establishment","Aged 10 to 14 years","Female",60
"E07000244","East Suffolk","Lives in a communal establishment","Aged 15 years","Female",22
"E07000244","East Suffolk","Lives in a communal establishment","Aged 16 to 17 years","Female",60
"E07000244","East Suffolk","Lives in a communal establishment","Aged 18 to 19 years","Female",33
"E07000244","East Suffolk","Lives in a communal establishment","Aged 20 to 24 years","Female",11
"E07000244","East Suffolk","Lives in a communal establishment","Aged 25 to 29 years","Female",27
"E07000244","East Suffolk","Lives in a communal establishment","Aged 30 to 34 years","Female",15
"E07000244","East Suffolk","Lives in a communal establishment","Aged 35 to 39 years","Female",17
"E07000244","East Suffolk","Lives in a communal establishment","Aged 40 to 44 years","Female",10
"E07000244","East Suffolk","Lives in a communal establishment","Aged 45 to 49 years","Female",23
"E07000244","East Suffolk","Lives in a communal establishment","Aged 50 to 54 years","Female",21
"E07000244","East Suffolk","Lives in a communal establishment","Aged 55 to 59 years","Female",28
"E07000244","East Suffolk","Lives in a communal establishment","Aged 60 to 64 years","Female",22
"E07000244","East Suffolk","Lives in a communal establishment","Aged 65 years","Female",11
"E07000244","East Suffolk","Lives in a communal establishment","Aged 66 to 69 years","Female",37
"E07000244","East Suffolk","Lives in a communal establishment","Aged 70 to 74 years","Female",66
"E07000244","East Suffolk","Lives in a communal establishment","Aged 75 to 79 years","Female",113
"E07000244","East Suffolk","Lives in a communal establishment","Aged 80 to 84 years","Female",203
"E07000244","East Suffolk","Lives in a communal establishment","Aged 85 years and over","Female",987
"E07000245","West Suffolk","Lives in a communal establishment","Total","Female",1196
"E07000245","West Suffolk","Lives in a communal establishment","Aged 2 years and under","Female",2
"E07000245","West Suffolk","Lives in a communal establishment","Aged 3 to 4 years","Female",2
"E07000245","West Suffolk","Lives in a communal establishment","Aged 5 to 7 years","Female",5
"E07000245","West Suffolk","Lives in a communal establishment","Aged 8 to 9 years","Female",1
"E07000245","West Suffolk","Lives in a communal establishment","Aged 10 to 14 years","Female",30
"E07000245","West Suffolk","Lives in a communal establishment","Aged 15 years","Female",10
"E07000245","West Suffolk","Lives in a communal establishment","Aged 16 to 17 years","Female",21
"E07000245","West Suffolk","Lives in a communal establishment","Aged 18 to 19 years","Female",67
"E07000245","West Suffolk","Lives in a communal establishment","Aged 20 to 24 years","Female",186
"E07000245","West Suffolk","Lives in a communal establishment","Aged 25 to 29 years","Female",46
"E07000245","West Suffolk","Lives in a communal establishment","Aged 30 to 34 years","Female",16
"E07000245","West Suffolk","Lives in a communal establishment","Aged 35 to 39 years","Female",12
"E07000245","West Suffolk","Lives in a communal establishment","Aged 40 to 44 years","Female",17
"E07000245","West Suffolk","Lives in a communal establishment","Aged 45 to 49 years","Female",15
"E07000245","West Suffolk","Lives in a communal establishment","Aged 50 to 54 years","Female",15
"E07000245","West Suffolk","Lives in a communal establishment","Aged 55 to 59 years","Female",10
"E07000245","West Suffolk","Lives in a communal establishment","Aged 60 to 64 years","Female",10
"E07000245","West Suffolk","Lives in a communal establishment","Aged 65 years","Female",2
"E07000245","West Suffolk","Lives in a communal establishment","Aged 66 to 69 years","Female",10
"E07000245","West Suffolk","Lives in a communal establishment","Aged 70 to 74 years","Female",38
"E07000245","West Suffolk","Lives in a communal establishment","Aged 75 to 79 years","Female",69
"E07000245","West Suffolk","Lives in a communal establishment","Aged 80 to 84 years","Female",120
"E07000245","West Suffolk","Lives in a communal establishment","Aged 85 years and over","Female",492
"E09000001","City of London","Lives in a communal establishment","Total","Female",55
"E09000001","City of London","Lives in a communal establishment","Aged 2 years and under","Female",0
"E09000001","City of London","Lives in a communal establishment","Aged 3 to 4 years","Female",0
"E09000001","City of London","Lives in a communal establishment","Aged 5 to 7 years","Female",0
"E09000001","City of London","Lives in a communal establishment","Aged 8 to 9 years","Female",0
"E09000001","City of London","Lives in a communal establishment","Aged 10 to 14 years","Female",0
"E09000001","City of London","Lives in a communal establishment","Aged 15 years","Female",0
"E09000001","City of London","Lives in a communal establishment","Aged 16 to 17 years","Female",1
"E09000001","City of London","Lives in a communal establishment","Aged 18 to 19 years","Female",12
"E09000001","City of London","Lives in a communal establishment","Aged 20 to 24 years","Female",11
"E09000001","City of London","Lives in a communal establishment","Aged 25 to 29 years","Female",7
"E09000001","City of London","Lives in a communal establishment","Aged 30 to 34 years","Female",5
"E09000001","City of London","Lives in a communal establishment","Aged 35 to 39 years","Female",6
"E09000001","City of London","Lives in a communal establishment","Aged 40 to 44 years","Female",5
"E09000001","City of London","Lives in a communal establishment","Aged 45 to 49 years","Female",0
"E09000001","City of London","Lives in a communal establishment","Aged 50 to 54 years","Female",4
"E09000001","City of London","Lives in a communal establishment","Aged 55 to 59 years","Female",2
"E09000001","City of London","Lives in a communal establishment","Aged 60 to 64 years","Female",0
"E09000001","City of London","Lives in a communal establishment","Aged 65 years","Female",0
"E09000001","City of London","Lives in a communal establishment","Aged 66 to 69 years","Female",2
"E09000001","City of London","Lives in a communal establishment","Aged 70 to 74 years","Female",0
"E09000001","City of London","Lives in a communal establishment","Aged 75 to 79 years","Female",0
"E09000001","City of London","Lives in a communal establishment","Aged 80 to 84 years","Female",0
"E09000001","City of London","Lives in a communal establishment","Aged 85 years and over","Female",0
"E09000002","Barking and Dagenham","Lives in a communal establishment","Total","Female",497
"E09000002","Barking and Dagenham","Lives in a communal establishment","Aged 2 years and under","Female",8
"E09000002","Barking and Dagenham","Lives in a communal establishment","Aged 3 to 4 years","Female",0
"E09000002","Barking and Dagenham","Lives in a communal establishment","Aged 5 to 7 years","Female",8
"E09000002","Barking and Dagenham","Lives in a communal establishment","Aged 8 to 9 years","Female",2
"E09000002","Barking and Dagenham","Lives in a communal establishment","Aged 10 to 14 years","Female",5
"E09000002","Barking and Dagenham","Lives in a communal establishment","Aged 15 years","Female",2
"E09000002","Barking and Dagenham","Lives in a communal establishment","Aged 16 to 17 years","Female",0
"E09000002","Barking and Dagenham","Lives in a communal establishment","Aged 18 to 19 years","Female",4
"E09000002","Barking and Dagenham","Lives in a communal establishment","Aged 20 to 24 years","Female",17
"E09000002","Barking and Dagenham","Lives in a communal establishment","Aged 25 to 29 years","Female",22
"E09000002","Barking and Dagenham","Lives in a communal establishment","Aged 30 to 34 years","Female",25
"E09000002","Barking and Dagenham","Lives in a communal establishment","Aged 35 to 39 years","Female",19
"E09000002","Barking and Dagenham","Lives in a communal establishment","Aged 40 to 44 years","Female",18
"E09000002","Barking and Dagenham","Lives in a communal establishment","Aged 45 to 49 years","Female",10
"E09000002","Barking and Dagenham","Lives in a communal establishment","Aged 50 to 54 years","Female",12
"E09000002","Barking and Dagenham","Lives in a communal establishment","Aged 55 to 59 years","Female",7
"E09000002","Barking and Dagenham","Lives in a communal establishment","Aged 60 to 64 years","Female",28
"E09000002","Barking and Dagenham","Lives in a communal establishment","Aged 65 years","Female",2
"E09000002","Barking and Dagenham","Lives in a communal establishment","Aged 66 to 69 years","Female",24
"E09000002","Barking and Dagenham","Lives in a communal establishment","Aged 70 to 74 years","Female",27
"E09000002","Barking and Dagenham","Lives in a communal establishment","Aged 75 to 79 years","Female",39
"E09000002","Barking and Dagenham","Lives in a communal establishment","Aged 80 to 84 years","Female",53
"E09000002","Barking and Dagenham","Lives in a communal establishment","Aged 85 years and over","Female",165
"E09000003","Barnet","Lives in a communal establishment","Total","Female",1923
"E09000003","Barnet","Lives in a communal establishment","Aged 2 years and under","Female",3
"E09000003","Barnet","Lives in a communal establishment","Aged 3 to 4 years","Female",12
"E09000003","Barnet","Lives in a communal establishment","Aged 5 to 7 years","Female",4
"E09000003","Barnet","Lives in a communal establishment","Aged 8 to 9 years","Female",1
"E09000003","Barnet","Lives in a communal establishment","Aged 10 to 14 years","Female",14
"E09000003","Barnet","Lives in a communal establishment","Aged 15 years","Female",9
"E09000003","Barnet","Lives in a communal establishment","Aged 16 to 17 years","Female",47
"E09000003","Barnet","Lives in a communal establishment","Aged 18 to 19 years","Female",140
"E09000003","Barnet","Lives in a communal establishment","Aged 20 to 24 years","Female",201
"E09000003","Barnet","Lives in a communal establishment","Aged 25 to 29 years","Female",62
"E09000003","Barnet","Lives in a communal establishment","Aged 30 to 34 years","Female",78
"E09000003","Barnet","Lives in a communal establishment","Aged 35 to 39 years","Female",46
"E09000003","Barnet","Lives in a communal establishment","Aged 40 to 44 years","Female",37
"E09000003","Barnet","Lives in a communal establishment","Aged 45 to 49 years","Female",20
"E09000003","Barnet","Lives in a communal establishment","Aged 50 to 54 years","Female",51
"E09000003","Barnet","Lives in a communal establishment","Aged 55 to 59 years","Female",68
"E09000003","Barnet","Lives in a communal establishment","Aged 60 to 64 years","Female",63
"E09000003","Barnet","Lives in a communal establishment","Aged 65 years","Female",5
"E09000003","Barnet","Lives in a communal establishment","Aged 66 to 69 years","Female",45
"E09000003","Barnet","Lives in a communal establishment","Aged 70 to 74 years","Female",73
"E09000003","Barnet","Lives in a communal establishment","Aged 75 to 79 years","Female",97
"E09000003","Barnet","Lives in a communal establishment","Aged 80 to 84 years","Female",165
"E09000003","Barnet","Lives in a communal establishment","Aged 85 years and over","Female",682
"E09000004","Bexley","Lives in a communal establishment","Total","Female",791
"E09000004","Bexley","Lives in a communal establishment","Aged 2 years and under","Female",0
"E09000004","Bexley","Lives in a communal establishment","Aged 3 to 4 years","Female",0
"E09000004","Bexley","Lives in a communal establishment","Aged 5 to 7 years","Female",0
"E09000004","Bexley","Lives in a communal establishment","Aged 8 to 9 years","Female",0
"E09000004","Bexley","Lives in a communal establishment","Aged 10 to 14 years","Female",1
"E09000004","Bexley","Lives in a communal establishment","Aged 15 years","Female",1
"E09000004","Bexley","Lives in a communal establishment","Aged 16 to 17 years","Female",0
"E09000004","Bexley","Lives in a communal establishment","Aged 18 to 19 years","Female",52
"E09000004","Bexley","Lives in a communal establishment","Aged 20 to 24 years","Female",46
"E09000004","Bexley","Lives in a communal establishment","Aged 25 to 29 years","Female",2
"E09000004","Bexley","Lives in a communal establishment","Aged 30 to 34 years","Female",3
"E09000004","Bexley","Lives in a communal establishment","Aged 35 to 39 years","Female",7
"E09000004","Bexley","Lives in a communal establishment","Aged 40 to 44 years","Female",0
"E09000004","Bexley","Lives in a communal establishment","Aged 45 to 49 years","Female",2
"E09000004","Bexley","Lives in a communal establishment","Aged 50 to 54 years","Female",7
"E09000004","Bexley","Lives in a communal establishment","Aged 55 to 59 years","Female",9
"E09000004","Bexley","Lives in a communal establishment","Aged 60 to 64 years","Female",3
"E09000004","Bexley","Lives in a communal establishment","Aged 65 years","Female",3
"E09000004","Bexley","Lives in a communal establishment","Aged 66 to 69 years","Female",14
"E09000004","Bexley","Lives in a communal establishment","Aged 70 to 74 years","Female",34
"E09000004","Bexley","Lives in a communal establishment","Aged 75 to 79 years","Female",75
"E09000004","Bexley","Lives in a communal establishment","Aged 80 to 84 years","Female",129
"E09000004","Bexley","Lives in a communal establishment","Aged 85 years and over","Female",403
"E09000005","Brent","Lives in a communal establishment","Total","Female",2078
"E09000005","Brent","Lives in a communal establishment","Aged 2 years and under","Female",4
"E09000005","Brent","Lives in a communal establishment","Aged 3 to 4 years","Female",0
"E09000005","Brent","Lives in a communal establishment","Aged 5 to 7 years","Female",4
"E09000005","Brent","Lives in a communal establishment","Aged 8 to 9 years","Female",2
"E09000005","Brent","Lives in a communal establishment","Aged 10 to 14 years","Female",3
"E09000005","Brent","Lives in a communal establishment","Aged 15 years","Female",0
"E09000005","Brent","Lives in a communal establishment","Aged 16 to 17 years","Female",3
"E09000005","Brent","Lives in a communal establishment","Aged 18 to 19 years","Female",520
"E09000005","Brent","Lives in a communal establishment","Aged 20 to 24 years","Female",691
"E09000005","Brent","Lives in a communal establishment","Aged 25 to 29 years","Female",163
"E09000005","Brent","Lives in a communal establishment","Aged 30 to 34 years","Female",61
"E09000005","Brent","Lives in a communal establishment","Aged 35 to 39 years","Female",36
"E09000005","Brent","Lives in a communal establishment","Aged 40 to 44 years","Female",34
"E09000005","Brent","Lives in a communal establishment","Aged 45 to 49 years","Female",27
"E09000005","Brent","Lives in a communal establishment","Aged 50 to 54 years","Female",21
"E09000005","Brent","Lives in a communal establishment","Aged 55 to 59 years","Female",31
"E09000005","Brent","Lives in a communal establishment","Aged 60 to 64 years","Female",47
"E09000005","Brent","Lives in a communal establishment","Aged 65 years","Female",9
"E09000005","Brent","Lives in a communal establishment","Aged 66 to 69 years","Female",30
"E09000005","Brent","Lives in a communal establishment","Aged 70 to 74 years","Female",48
"E09000005","Brent","Lives in a communal establishment","Aged 75 to 79 years","Female",56
"E09000005","Brent","Lives in a communal establishment","Aged 80 to 84 years","Female",67
"E09000005","Brent","Lives in a communal establishment","Aged 85 years and over","Female",221
"E09000006","Bromley","Lives in a communal establishment","Total","Female",1042
"E09000006","Bromley","Lives in a communal establishment","Aged 2 years and under","Female",0
"E09000006","Bromley","Lives in a communal establishment","Aged 3 to 4 years","Female",0
"E09000006","Bromley","Lives in a communal establishment","Aged 5 to 7 years","Female",4
"E09000006","Bromley","Lives in a communal establishment","Aged 8 to 9 years","Female",1
"E09000006","Bromley","Lives in a communal establishment","Aged 10 to 14 years","Female",1
"E09000006","Bromley","Lives in a communal establishment","Aged 15 years","Female",4
"E09000006","Bromley","Lives in a communal establishment","Aged 16 to 17 years","Female",17
"E09000006","Bromley","Lives in a communal establishment","Aged 18 to 19 years","Female",16
"E09000006","Bromley","Lives in a communal establishment","Aged 20 to 24 years","Female",16
"E09000006","Bromley","Lives in a communal establishment","Aged 25 to 29 years","Female",19
"E09000006","Bromley","Lives in a communal establishment","Aged 30 to 34 years","Female",16
"E09000006","Bromley","Lives in a communal establishment","Aged 35 to 39 years","Female",24
"E09000006","Bromley","Lives in a communal establishment","Aged 40 to 44 years","Female",14
"E09000006","Bromley","Lives in a communal establishment","Aged 45 to 49 years","Female",29
"E09000006","Bromley","Lives in a communal establishment","Aged 50 to 54 years","Female",19
"E09000006","Bromley","Lives in a communal establishment","Aged 55 to 59 years","Female",21
"E09000006","Bromley","Lives in a communal establishment","Aged 60 to 64 years","Female",25
"E09000006","Bromley","Lives in a communal establishment","Aged 65 years","Female",7
"E09000006","Bromley","Lives in a communal establishment","Aged 66 to 69 years","Female",17
"E09000006","Bromley","Lives in a communal establishment","Aged 70 to 74 years","Female",41
"E09000006","Bromley","Lives in a communal establishment","Aged 75 to 79 years","Female",76
"E09000006","Bromley","Lives in a communal establishment","Aged 80 to 84 years","Female",115
"E09000006","Bromley","Lives in a communal establishment","Aged 85 years and over","Female",560
"E09000007","Camden","Lives in a communal establishment","Total","Female",4075
"E09000007","Camden","Lives in a communal establishment","Aged 2 years and under","Female",4
"E09000007","Camden","Lives in a communal establishment","Aged 3 to 4 years","Female",2
"E09000007","Camden","Lives in a communal establishment","Aged 5 to 7 years","Female",15
"E09000007","Camden","Lives in a communal establishment","Aged 8 to 9 years","Female",1
"E09000007","Camden","Lives in a communal establishment","Aged 10 to 14 years","Female",6
"E09000007","Camden","Lives in a communal establishment","Aged 15 years","Female",4
"E09000007","Camden","Lives in a communal establishment","Aged 16 to 17 years","Female",15
"E09000007","Camden","Lives in a communal establishment","Aged 18 to 19 years","Female",1896
"E09000007","Camden","Lives in a communal establishment","Aged 20 to 24 years","Female",1186
"E09000007","Camden","Lives in a communal establishment","Aged 25 to 29 years","Female",357
"E09000007","Camden","Lives in a communal establishment","Aged 30 to 34 years","Female",161
"E09000007","Camden","Lives in a communal establishment","Aged 35 to 39 years","Female",73
"E09000007","Camden","Lives in a communal establishment","Aged 40 to 44 years","Female",45
"E09000007","Camden","Lives in a communal establishment","Aged 45 to 49 years","Female",52
"E09000007","Camden","Lives in a communal establishment","Aged 50 to 54 years","Female",28
"E09000007","Camden","Lives in a communal establishment","Aged 55 to 59 years","Female",36
"E09000007","Camden","Lives in a communal establishment","Aged 60 to 64 years","Female",24
"E09000007","Camden","Lives in a communal establishment","Aged 65 years","Female",5
"E09000007","Camden","Lives in a communal establishment","Aged 66 to 69 years","Female",19
"E09000007","Camden","Lives in a communal establishment","Aged 70 to 74 years","Female",17
"E09000007","Camden","Lives in a communal establishment","Aged 75 to 79 years","Female",25
"E09000007","Camden","Lives in a communal establishment","Aged 80 to 84 years","Female",25
"E09000007","Camden","Lives in a communal establishment","Aged 85 years and over","Female",79
"E09000008","Croydon","Lives in a communal establishment","Total","Female",1653
"E09000008","Croydon","Lives in a communal establishment","Aged 2 years and under","Female",2
"E09000008","Croydon","Lives in a communal establishment","Aged 3 to 4 years","Female",2
"E09000008","Croydon","Lives in a communal establishment","Aged 5 to 7 years","Female",0
"E09000008","Croydon","Lives in a communal establishment","Aged 8 to 9 years","Female",3
"E09000008","Croydon","Lives in a communal establishment","Aged 10 to 14 years","Female",13
"E09000008","Croydon","Lives in a communal establishment","Aged 15 years","Female",6
"E09000008","Croydon","Lives in a communal establishment","Aged 16 to 17 years","Female",26
"E09000008","Croydon","Lives in a communal establishment","Aged 18 to 19 years","Female",28
"E09000008","Croydon","Lives in a communal establishment","Aged 20 to 24 years","Female",71
"E09000008","Croydon","Lives in a communal establishment","Aged 25 to 29 years","Female",56
"E09000008","Croydon","Lives in a communal establishment","Aged 30 to 34 years","Female",39
"E09000008","Croydon","Lives in a communal establishment","Aged 35 to 39 years","Female",44
"E09000008","Croydon","Lives in a communal establishment","Aged 40 to 44 years","Female",48
"E09000008","Croydon","Lives in a communal establishment","Aged 45 to 49 years","Female",47
"E09000008","Croydon","Lives in a communal establishment","Aged 50 to 54 years","Female",63
"E09000008","Croydon","Lives in a communal establishment","Aged 55 to 59 years","Female",76
"E09000008","Croydon","Lives in a communal establishment","Aged 60 to 64 years","Female",104
"E09000008","Croydon","Lives in a communal establishment","Aged 65 years","Female",17
"E09000008","Croydon","Lives in a communal establishment","Aged 66 to 69 years","Female",74
"E09000008","Croydon","Lives in a communal establishment","Aged 70 to 74 years","Female",83
"E09000008","Croydon","Lives in a communal establishment","Aged 75 to 79 years","Female",134
"E09000008","Croydon","Lives in a communal establishment","Aged 80 to 84 years","Female",161
"E09000008","Croydon","Lives in a communal establishment","Aged 85 years and over","Female",556
"E09000009","Ealing","Lives in a communal establishment","Total","Female",2174
"E09000009","Ealing","Lives in a communal establishment","Aged 2 years and under","Female",8
"E09000009","Ealing","Lives in a communal establishment","Aged 3 to 4 years","Female",3
"E09000009","Ealing","Lives in a communal establishment","Aged 5 to 7 years","Female",2
"E09000009","Ealing","Lives in a communal establishment","Aged 8 to 9 years","Female",0
"E09000009","Ealing","Lives in a communal establishment","Aged 10 to 14 years","Female",2
"E09000009","Ealing","Lives in a communal establishment","Aged 15 years","Female",4
"E09000009","Ealing","Lives in a communal establishment","Aged 16 to 17 years","Female",8
"E09000009","Ealing","Lives in a communal establishment","Aged 18 to 19 years","Female",660
"E09000009","Ealing","Lives in a communal establishment","Aged 20 to 24 years","Female",448
"E09000009","Ealing","Lives in a communal establishment","Aged 25 to 29 years","Female",73
"E09000009","Ealing","Lives in a communal establishment","Aged 30 to 34 years","Female",45
"E09000009","Ealing","Lives in a communal establishment","Aged 35 to 39 years","Female",17
"E09000009","Ealing","Lives in a communal establishment","Aged 40 to 44 years","Female",27
"E09000009","Ealing","Lives in a communal establishment","Aged 45 to 49 years","Female",27
"E09000009","Ealing","Lives in a communal establishment","Aged 50 to 54 years","Female",37
"E09000009","Ealing","Lives in a communal establishment","Aged 55 to 59 years","Female",62
"E09000009","Ealing","Lives in a communal establishment","Aged 60 to 64 years","Female",69
"E09000009","Ealing","Lives in a communal establishment","Aged 65 years","Female",19
"E09000009","Ealing","Lives in a communal establishment","Aged 66 to 69 years","Female",35
"E09000009","Ealing","Lives in a communal establishment","Aged 70 to 74 years","Female",67
"E09000009","Ealing","Lives in a communal establishment","Aged 75 to 79 years","Female",77
"E09000009","Ealing","Lives in a communal establishment","Aged 80 to 84 years","Female",137
"E09000009","Ealing","Lives in a communal establishment","Aged 85 years and over","Female",347
"E09000010","Enfield","Lives in a communal establishment","Total","Female",1041
"E09000010","Enfield","Lives in a communal establishment","Aged 2 years and under","Female",0
"E09000010","Enfield","Lives in a communal establishment","Aged 3 to 4 years","Female",0
"E09000010","Enfield","Lives in a communal establishment","Aged 5 to 7 years","Female",0
"E09000010","Enfield","Lives in a communal establishment","Aged 8 to 9 years","Female",0
"E09000010","Enfield","Lives in a communal establishment","Aged 10 to 14 years","Female",0
"E09000010","Enfield","Lives in a communal establishment","Aged 15 years","Female",0
"E09000010","Enfield","Lives in a communal establishment","Aged 16 to 17 years","Female",6
"E09000010","Enfield","Lives in a communal establishment","Aged 18 to 19 years","Female",5
"E09000010","Enfield","Lives in a communal establishment","Aged 20 to 24 years","Female",11
"E09000010","Enfield","Lives in a communal establishment","Aged 25 to 29 years","Female",18
"E09000010","Enfield","Lives in a communal establishment","Aged 30 to 34 years","Female",15
"E09000010","Enfield","Lives in a communal establishment","Aged 35 to 39 years","Female",4
"E09000010","Enfield","Lives in a communal establishment","Aged 40 to 44 years","Female",15
"E09000010","Enfield","Lives in a communal establishment","Aged 45 to 49 years","Female",17
"E09000010","Enfield","Lives in a communal establishment","Aged 50 to 54 years","Female",23
"E09000010","Enfield","Lives in a communal establishment","Aged 55 to 59 years","Female",46
"E09000010","Enfield","Lives in a communal establishment","Aged 60 to 64 years","Female",47
"E09000010","Enfield","Lives in a communal establishment","Aged 65 years","Female",17
"E09000010","Enfield","Lives in a communal establishment","Aged 66 to 69 years","Female",42
"E09000010","Enfield","Lives in a communal establishment","Aged 70 to 74 years","Female",52
"E09000010","Enfield","Lives in a communal establishment","Aged 75 to 79 years","Female",93
"E09000010","Enfield","Lives in a communal establishment","Aged 80 to 84 years","Female",118
"E09000010","Enfield","Lives in a communal establishment","Aged 85 years and over","Female",512
"E09000011","Greenwich","Lives in a communal establishment","Total","Female",1715
"E09000011","Greenwich","Lives in a communal establishment","Aged 2 years and under","Female",2
"E09000011","Greenwich","Lives in a communal establishment","Aged 3 to 4 years","Female",0
"E09000011","Greenwich","Lives in a communal establishment","Aged 5 to 7 years","Female",0
"E09000011","Greenwich","Lives in a communal establishment","Aged 8 to 9 years","Female",3
"E09000011","Greenwich","Lives in a communal establishment","Aged 10 to 14 years","Female",2
"E09000011","Greenwich","Lives in a communal establishment","Aged 15 years","Female",0
"E09000011","Greenwich","Lives in a communal establishment","Aged 16 to 17 years","Female",24
"E09000011","Greenwich","Lives in a communal establishment","Aged 18 to 19 years","Female",456
"E09000011","Greenwich","Lives in a communal establishment","Aged 20 to 24 years","Female",543
"E09000011","Greenwich","Lives in a communal establishment","Aged 25 to 29 years","Female",90
"E09000011","Greenwich","Lives in a communal establishment","Aged 30 to 34 years","Female",22
"E09000011","Greenwich","Lives in a communal establishment","Aged 35 to 39 years","Female",12
"E09000011","Greenwich","Lives in a communal establishment","Aged 40 to 44 years","Female",18
"E09000011","Greenwich","Lives in a communal establishment","Aged 45 to 49 years","Female",21
"E09000011","Greenwich","Lives in a communal establishment","Aged 50 to 54 years","Female",36
"E09000011","Greenwich","Lives in a communal establishment","Aged 55 to 59 years","Female",30
"E09000011","Greenwich","Lives in a communal establishment","Aged 60 to 64 years","Female",38
"E09000011","Greenwich","Lives in a communal establishment","Aged 65 years","Female",15
"E09000011","Greenwich","Lives in a communal establishment","Aged 66 to 69 years","Female",32
"E09000011","Greenwich","Lives in a communal establishment","Aged 70 to 74 years","Female",42
"E09000011","Greenwich","Lives in a communal establishment","Aged 75 to 79 years","Female",55
"E09000011","Greenwich","Lives in a communal establishment","Aged 80 to 84 years","Female",62
"E09000011","Greenwich","Lives in a communal establishment","Aged 85 years and over","Female",212
"E09000012","Hackney","Lives in a communal establishment","Total","Female",1307
"E09000012","Hackney","Lives in a communal establishment","Aged 2 years and under","Female",20
"E09000012","Hackney","Lives in a communal establishment","Aged 3 to 4 years","Female",6
"E09000012","Hackney","Lives in a communal establishment","Aged 5 to 7 years","Female",26
"E09000012","Hackney","Lives in a communal establishment","Aged 8 to 9 years","Female",18
"E09000012","Hackney","Lives in a communal establishment","Aged 10 to 14 years","Female",23
"E09000012","Hackney","Lives in a communal establishment","Aged 15 years","Female",10
"E09000012","Hackney","Lives in a communal establishment","Aged 16 to 17 years","Female",12
"E09000012","Hackney","Lives in a communal establishment","Aged 18 to 19 years","Female",166
"E09000012","Hackney","Lives in a communal establishment","Aged 20 to 24 years","Female",355
"E09000012","Hackney","Lives in a communal establishment","Aged 25 to 29 years","Female",116
"E09000012","Hackney","Lives in a communal establishment","Aged 30 to 34 years","Female",70
"E09000012","Hackney","Lives in a communal establishment","Aged 35 to 39 years","Female",46
"E09000012","Hackney","Lives in a communal establishment","Aged 40 to 44 years","Female",56
"E09000012","Hackney","Lives in a communal establishment","Aged 45 to 49 years","Female",47
"E09000012","Hackney","Lives in a communal establishment","Aged 50 to 54 years","Female",53
"E09000012","Hackney","Lives in a communal establishment","Aged 55 to 59 years","Female",37
"E09000012","Hackney","Lives in a communal establishment","Aged 60 to 64 years","Female",35
"E09000012","Hackney","Lives in a communal establishment","Aged 65 years","Female",6
"E09000012","Hackney","Lives in a communal establishment","Aged 66 to 69 years","Female",28
"E09000012","Hackney","Lives in a communal establishment","Aged 70 to 74 years","Female",22
"E09000012","Hackney","Lives in a communal establishment","Aged 75 to 79 years","Female",41
"E09000012","Hackney","Lives in a communal establishment","Aged 80 to 84 years","Female",34
"E09000012","Hackney","Lives in a communal establishment","Aged 85 years and over","Female",80
"E09000013","Hammersmith and Fulham","Lives in a communal establishment","Total","Female",1023
"E09000013","Hammersmith and Fulham","Lives in a communal establishment","Aged 2 years and under","Female",0
"E09000013","Hammersmith and Fulham","Lives in a communal establishment","Aged 3 to 4 years","Female",0
"E09000013","Hammersmith and Fulham","Lives in a communal establishment","Aged 5 to 7 years","Female",1
"E09000013","Hammersmith and Fulham","Lives in a communal establishment","Aged 8 to 9 years","Female",1
"E09000013","Hammersmith and Fulham","Lives in a communal establishment","Aged 10 to 14 years","Female",2
"E09000013","Hammersmith and Fulham","Lives in a communal establishment","Aged 15 years","Female",0
"E09000013","Hammersmith and Fulham","Lives in a communal establishment","Aged 16 to 17 years","Female",4
"E09000013","Hammersmith and Fulham","Lives in a communal establishment","Aged 18 to 19 years","Female",143
"E09000013","Hammersmith and Fulham","Lives in a communal establishment","Aged 20 to 24 years","Female",428
"E09000013","Hammersmith and Fulham","Lives in a communal establishment","Aged 25 to 29 years","Female",127
"E09000013","Hammersmith and Fulham","Lives in a communal establishment","Aged 30 to 34 years","Female",38
"E09000013","Hammersmith and Fulham","Lives in a communal establishment","Aged 35 to 39 years","Female",19
"E09000013","Hammersmith and Fulham","Lives in a communal establishment","Aged 40 to 44 years","Female",14
"E09000013","Hammersmith and Fulham","Lives in a communal establishment","Aged 45 to 49 years","Female",17
"E09000013","Hammersmith and Fulham","Lives in a communal establishment","Aged 50 to 54 years","Female",10
"E09000013","Hammersmith and Fulham","Lives in a communal establishment","Aged 55 to 59 years","Female",17
"E09000013","Hammersmith and Fulham","Lives in a communal establishment","Aged 60 to 64 years","Female",19
"E09000013","Hammersmith and Fulham","Lives in a communal establishment","Aged 65 years","Female",0
"E09000013","Hammersmith and Fulham","Lives in a communal establishment","Aged 66 to 69 years","Female",11
"E09000013","Hammersmith and Fulham","Lives in a communal establishment","Aged 70 to 74 years","Female",19
"E09000013","Hammersmith and Fulham","Lives in a communal establishment","Aged 75 to 79 years","Female",18
"E09000013","Hammersmith and Fulham","Lives in a communal establishment","Aged 80 to 84 years","Female",32
"E09000013","Hammersmith and Fulham","Lives in a communal establishment","Aged 85 years and over","Female",103
"E09000014","Haringey","Lives in a communal establishment","Total","Female",1200
"E09000014","Haringey","Lives in a communal establishment","Aged 2 years and under","Female",1
"E09000014","Haringey","Lives in a communal establishment","Aged 3 to 4 years","Female",1
"E09000014","Haringey","Lives in a communal establishment","Aged 5 to 7 years","Female",2
"E09000014","Haringey","Lives in a communal establishment","Aged 8 to 9 years","Female",0
"E09000014","Haringey","Lives in a communal establishment","Aged 10 to 14 years","Female",3
"E09000014","Haringey","Lives in a communal establishment","Aged 15 years","Female",2
"E09000014","Haringey","Lives in a communal establishment","Aged 16 to 17 years","Female",10
"E09000014","Haringey","Lives in a communal establishment","Aged 18 to 19 years","Female",315
"E09000014","Haringey","Lives in a communal establishment","Aged 20 to 24 years","Female",383
"E09000014","Haringey","Lives in a communal establishment","Aged 25 to 29 years","Female",94
"E09000014","Haringey","Lives in a communal establishment","Aged 30 to 34 years","Female",38
"E09000014","Haringey","Lives in a communal establishment","Aged 35 to 39 years","Female",29
"E09000014","Haringey","Lives in a communal establishment","Aged 40 to 44 years","Female",28
"E09000014","Haringey","Lives in a communal establishment","Aged 45 to 49 years","Female",7
"E09000014","Haringey","Lives in a communal establishment","Aged 50 to 54 years","Female",30
"E09000014","Haringey","Lives in a communal establishment","Aged 55 to 59 years","Female",39
"E09000014","Haringey","Lives in a communal establishment","Aged 60 to 64 years","Female",36
"E09000014","Haringey","Lives in a communal establishment","Aged 65 years","Female",5
"E09000014","Haringey","Lives in a communal establishment","Aged 66 to 69 years","Female",14
"E09000014","Haringey","Lives in a communal establishment","Aged 70 to 74 years","Female",15
"E09000014","Haringey","Lives in a communal establishment","Aged 75 to 79 years","Female",26
"E09000014","Haringey","Lives in a communal establishment","Aged 80 to 84 years","Female",34
"E09000014","Haringey","Lives in a communal establishment","Aged 85 years and over","Female",88
"E09000015","Harrow","Lives in a communal establishment","Total","Female",790
"E09000015","Harrow","Lives in a communal establishment","Aged 2 years and under","Female",0
"E09000015","Harrow","Lives in a communal establishment","Aged 3 to 4 years","Female",1
"E09000015","Harrow","Lives in a communal establishment","Aged 5 to 7 years","Female",0
"E09000015","Harrow","Lives in a communal establishment","Aged 8 to 9 years","Female",1
"E09000015","Harrow","Lives in a communal establishment","Aged 10 to 14 years","Female",3
"E09000015","Harrow","Lives in a communal establishment","Aged 15 years","Female",0
"E09000015","Harrow","Lives in a communal establishment","Aged 16 to 17 years","Female",14
"E09000015","Harrow","Lives in a communal establishment","Aged 18 to 19 years","Female",13
"E09000015","Harrow","Lives in a communal establishment","Aged 20 to 24 years","Female",24
"E09000015","Harrow","Lives in a communal establishment","Aged 25 to 29 years","Female",24
"E09000015","Harrow","Lives in a communal establishment","Aged 30 to 34 years","Female",16
"E09000015","Harrow","Lives in a communal establishment","Aged 35 to 39 years","Female",29
"E09000015","Harrow","Lives in a communal establishment","Aged 40 to 44 years","Female",20
"E09000015","Harrow","Lives in a communal establishment","Aged 45 to 49 years","Female",24
"E09000015","Harrow","Lives in a communal establishment","Aged 50 to 54 years","Female",15
"E09000015","Harrow","Lives in a communal establishment","Aged 55 to 59 years","Female",45
"E09000015","Harrow","Lives in a communal establishment","Aged 60 to 64 years","Female",42
"E09000015","Harrow","Lives in a communal establishment","Aged 65 years","Female",2
"E09000015","Harrow","Lives in a communal establishment","Aged 66 to 69 years","Female",28
"E09000015","Harrow","Lives in a communal establishment","Aged 70 to 74 years","Female",42
"E09000015","Harrow","Lives in a communal establishment","Aged 75 to 79 years","Female",59
"E09000015","Harrow","Lives in a communal establishment","Aged 80 to 84 years","Female",87
"E09000015","Harrow","Lives in a communal establishment","Aged 85 years and over","Female",301
"E09000016","Havering","Lives in a communal establishment","Total","Female",950
"E09000016","Havering","Lives in a communal establishment","Aged 2 years and under","Female",0
"E09000016","Havering","Lives in a communal establishment","Aged 3 to 4 years","Female",0
"E09000016","Havering","Lives in a communal establishment","Aged 5 to 7 years","Female",0
"E09000016","Havering","Lives in a communal establishment","Aged 8 to 9 years","Female",0
"E09000016","Havering","Lives in a communal establishment","Aged 10 to 14 years","Female",0
"E09000016","Havering","Lives in a communal establishment","Aged 15 years","Female",0
"E09000016","Havering","Lives in a communal establishment","Aged 16 to 17 years","Female",9
"E09000016","Havering","Lives in a communal establishment","Aged 18 to 19 years","Female",1
"E09000016","Havering","Lives in a communal establishment","Aged 20 to 24 years","Female",12
"E09000016","Havering","Lives in a communal establishment","Aged 25 to 29 years","Female",18
"E09000016","Havering","Lives in a communal establishment","Aged 30 to 34 years","Female",11
"E09000016","Havering","Lives in a communal establishment","Aged 35 to 39 years","Female",17
"E09000016","Havering","Lives in a communal establishment","Aged 40 to 44 years","Female",1
"E09000016","Havering","Lives in a communal establishment","Aged 45 to 49 years","Female",7
"E09000016","Havering","Lives in a communal establishment","Aged 50 to 54 years","Female",10
"E09000016","Havering","Lives in a communal establishment","Aged 55 to 59 years","Female",25
"E09000016","Havering","Lives in a communal establishment","Aged 60 to 64 years","Female",24
"E09000016","Havering","Lives in a communal establishment","Aged 65 years","Female",9
"E09000016","Havering","Lives in a communal establishment","Aged 66 to 69 years","Female",17
"E09000016","Havering","Lives in a communal establishment","Aged 70 to 74 years","Female",47
"E09000016","Havering","Lives in a communal establishment","Aged 75 to 79 years","Female",79
"E09000016","Havering","Lives in a communal establishment","Aged 80 to 84 years","Female",116
"E09000016","Havering","Lives in a communal establishment","Aged 85 years and over","Female",547
"E09000017","Hillingdon","Lives in a communal establishment","Total","Female",2657
"E09000017","Hillingdon","Lives in a communal establishment","Aged 2 years and under","Female",0
"E09000017","Hillingdon","Lives in a communal establishment","Aged 3 to 4 years","Female",0
"E09000017","Hillingdon","Lives in a communal establishment","Aged 5 to 7 years","Female",0
"E09000017","Hillingdon","Lives in a communal establishment","Aged 8 to 9 years","Female",0
"E09000017","Hillingdon","Lives in a communal establishment","Aged 10 to 14 years","Female",4
"E09000017","Hillingdon","Lives in a communal establishment","Aged 15 years","Female",2
"E09000017","Hillingdon","Lives in a communal establishment","Aged 16 to 17 years","Female",23
"E09000017","Hillingdon","Lives in a communal establishment","Aged 18 to 19 years","Female",572
"E09000017","Hillingdon","Lives in a communal establishment","Aged 20 to 24 years","Female",909
"E09000017","Hillingdon","Lives in a communal establishment","Aged 25 to 29 years","Female",141
"E09000017","Hillingdon","Lives in a communal establishment","Aged 30 to 34 years","Female",87
"E09000017","Hillingdon","Lives in a communal establishment","Aged 35 to 39 years","Female",52
"E09000017","Hillingdon","Lives in a communal establishment","Aged 40 to 44 years","Female",33
"E09000017","Hillingdon","Lives in a communal establishment","Aged 45 to 49 years","Female",27
"E09000017","Hillingdon","Lives in a communal establishment","Aged 50 to 54 years","Female",26
"E09000017","Hillingdon","Lives in a communal establishment","Aged 55 to 59 years","Female",34
"E09000017","Hillingdon","Lives in a communal establishment","Aged 60 to 64 years","Female",31
"E09000017","Hillingdon","Lives in a communal establishment","Aged 65 years","Female",8
"E09000017","Hillingdon","Lives in a communal establishment","Aged 66 to 69 years","Female",45
"E09000017","Hillingdon","Lives in a communal establishment","Aged 70 to 74 years","Female",44
"E09000017","Hillingdon","Lives in a communal establishment","Aged 75 to 79 years","Female",78
"E09000017","Hillingdon","Lives in a communal establishment","Aged 80 to 84 years","Female",107
"E09000017","Hillingdon","Lives in a communal establishment","Aged 85 years and over","Female",434
"E09000018","Hounslow","Lives in a communal establishment","Total","Female",732
"E09000018","Hounslow","Lives in a communal establishment","Aged 2 years and under","Female",9
"E09000018","Hounslow","Lives in a communal establishment","Aged 3 to 4 years","Female",8
"E09000018","Hounslow","Lives in a communal establishment","Aged 5 to 7 years","Female",9
"E09000018","Hounslow","Lives in a communal establishment","Aged 8 to 9 years","Female",0
"E09000018","Hounslow","Lives in a communal establishment","Aged 10 to 14 years","Female",10
"E09000018","Hounslow","Lives in a communal establishment","Aged 15 years","Female",0
"E09000018","Hounslow","Lives in a communal establishment","Aged 16 to 17 years","Female",10
"E09000018","Hounslow","Lives in a communal establishment","Aged 18 to 19 years","Female",11
"E09000018","Hounslow","Lives in a communal establishment","Aged 20 to 24 years","Female",33
"E09000018","Hounslow","Lives in a communal establishment","Aged 25 to 29 years","Female",30
"E09000018","Hounslow","Lives in a communal establishment","Aged 30 to 34 years","Female",35
"E09000018","Hounslow","Lives in a communal establishment","Aged 35 to 39 years","Female",39
"E09000018","Hounslow","Lives in a communal establishment","Aged 40 to 44 years","Female",54
"E09000018","Hounslow","Lives in a communal establishment","Aged 45 to 49 years","Female",25
"E09000018","Hounslow","Lives in a communal establishment","Aged 50 to 54 years","Female",25
"E09000018","Hounslow","Lives in a communal establishment","Aged 55 to 59 years","Female",30
"E09000018","Hounslow","Lives in a communal establishment","Aged 60 to 64 years","Female",25
"E09000018","Hounslow","Lives in a communal establishment","Aged 65 years","Female",3
"E09000018","Hounslow","Lives in a communal establishment","Aged 66 to 69 years","Female",21
"E09000018","Hounslow","Lives in a communal establishment","Aged 70 to 74 years","Female",39
"E09000018","Hounslow","Lives in a communal establishment","Aged 75 to 79 years","Female",48
"E09000018","Hounslow","Lives in a communal establishment","Aged 80 to 84 years","Female",63
"E09000018","Hounslow","Lives in a communal establishment","Aged 85 years and over","Female",205
"E09000019","Islington","Lives in a communal establishment","Total","Female",2717
"E09000019","Islington","Lives in a communal establishment","Aged 2 years and under","Female",3
"E09000019","Islington","Lives in a communal establishment","Aged 3 to 4 years","Female",0
"E09000019","Islington","Lives in a communal establishment","Aged 5 to 7 years","Female",0
"E09000019","Islington","Lives in a communal establishment","Aged 8 to 9 years","Female",0
"E09000019","Islington","Lives in a communal establishment","Aged 10 to 14 years","Female",0
"E09000019","Islington","Lives in a communal establishment","Aged 15 years","Female",0
"E09000019","Islington","Lives in a communal establishment","Aged 16 to 17 years","Female",19
"E09000019","Islington","Lives in a communal establishment","Aged 18 to 19 years","Female",933
"E09000019","Islington","Lives in a communal establishment","Aged 20 to 24 years","Female",992
"E09000019","Islington","Lives in a communal establishment","Aged 25 to 29 years","Female",229
"E09000019","Islington","Lives in a communal establishment","Aged 30 to 34 years","Female",95
"E09000019","Islington","Lives in a communal establishment","Aged 35 to 39 years","Female",56
"E09000019","Islington","Lives in a communal establishment","Aged 40 to 44 years","Female",51
"E09000019","Islington","Lives in a communal establishment","Aged 45 to 49 years","Female",23
"E09000019","Islington","Lives in a communal establishment","Aged 50 to 54 years","Female",24
"E09000019","Islington","Lives in a communal establishment","Aged 55 to 59 years","Female",32
"E09000019","Islington","Lives in a communal establishment","Aged 60 to 64 years","Female",30
"E09000019","Islington","Lives in a communal establishment","Aged 65 years","Female",11
"E09000019","Islington","Lives in a communal establishment","Aged 66 to 69 years","Female",24
"E09000019","Islington","Lives in a communal establishment","Aged 70 to 74 years","Female",31
"E09000019","Islington","Lives in a communal establishment","Aged 75 to 79 years","Female",44
"E09000019","Islington","Lives in a communal establishment","Aged 80 to 84 years","Female",29
"E09000019","Islington","Lives in a communal establishment","Aged 85 years and over","Female",91
"E09000020","Kensington and Chelsea","Lives in a communal establishment","Total","Female",1037
"E09000020","Kensington and Chelsea","Lives in a communal establishment","Aged 2 years and under","Female",0
"E09000020","Kensington and Chelsea","Lives in a communal establishment","Aged 3 to 4 years","Female",4
"E09000020","Kensington and Chelsea","Lives in a communal establishment","Aged 5 to 7 years","Female",4
"E09000020","Kensington and Chelsea","Lives in a communal establishment","Aged 8 to 9 years","Female",1
"E09000020","Kensington and Chelsea","Lives in a communal establishment","Aged 10 to 14 years","Female",5
"E09000020","Kensington and Chelsea","Lives in a communal establishment","Aged 15 years","Female",0
"E09000020","Kensington and Chelsea","Lives in a communal establishment","Aged 16 to 17 years","Female",16
"E09000020","Kensington and Chelsea","Lives in a communal establishment","Aged 18 to 19 years","Female",83
"E09000020","Kensington and Chelsea","Lives in a communal establishment","Aged 20 to 24 years","Female",308
"E09000020","Kensington and Chelsea","Lives in a communal establishment","Aged 25 to 29 years","Female",117
"E09000020","Kensington and Chelsea","Lives in a communal establishment","Aged 30 to 34 years","Female",55
"E09000020","Kensington and Chelsea","Lives in a communal establishment","Aged 35 to 39 years","Female",50
"E09000020","Kensington and Chelsea","Lives in a communal establishment","Aged 40 to 44 years","Female",33
"E09000020","Kensington and Chelsea","Lives in a communal establishment","Aged 45 to 49 years","Female",42
"E09000020","Kensington and Chelsea","Lives in a communal establishment","Aged 50 to 54 years","Female",35
"E09000020","Kensington and Chelsea","Lives in a communal establishment","Aged 55 to 59 years","Female",27
"E09000020","Kensington and Chelsea","Lives in a communal establishment","Aged 60 to 64 years","Female",19
"E09000020","Kensington and Chelsea","Lives in a communal establishment","Aged 65 years","Female",5
"E09000020","Kensington and Chelsea","Lives in a communal establishment","Aged 66 to 69 years","Female",25
"E09000020","Kensington and Chelsea","Lives in a communal establishment","Aged 70 to 74 years","Female",19
"E09000020","Kensington and Chelsea","Lives in a communal establishment","Aged 75 to 79 years","Female",25
"E09000020","Kensington and Chelsea","Lives in a communal establishment","Aged 80 to 84 years","Female",44
"E09000020","Kensington and Chelsea","Lives in a communal establishment","Aged 85 years and over","Female",120
"E09000021","Kingston upon Thames","Lives in a communal establishment","Total","Female",2094
"E09000021","Kingston upon Thames","Lives in a communal establishment","Aged 2 years and under","Female",1
"E09000021","Kingston upon Thames","Lives in a communal establishment","Aged 3 to 4 years","Female",0
"E09000021","Kingston upon Thames","Lives in a communal establishment","Aged 5 to 7 years","Female",0
"E09000021","Kingston upon Thames","Lives in a communal establishment","Aged 8 to 9 years","Female",0
"E09000021","Kingston upon Thames","Lives in a communal establishment","Aged 10 to 14 years","Female",11
"E09000021","Kingston upon Thames","Lives in a communal establishment","Aged 15 years","Female",3
"E09000021","Kingston upon Thames","Lives in a communal establishment","Aged 16 to 17 years","Female",27
"E09000021","Kingston upon Thames","Lives in a communal establishment","Aged 18 to 19 years","Female",481
"E09000021","Kingston upon Thames","Lives in a communal establishment","Aged 20 to 24 years","Female",784
"E09000021","Kingston upon Thames","Lives in a communal establishment","Aged 25 to 29 years","Female",100
"E09000021","Kingston upon Thames","Lives in a communal establishment","Aged 30 to 34 years","Female",24
"E09000021","Kingston upon Thames","Lives in a communal establishment","Aged 35 to 39 years","Female",18
"E09000021","Kingston upon Thames","Lives in a communal establishment","Aged 40 to 44 years","Female",26
"E09000021","Kingston upon Thames","Lives in a communal establishment","Aged 45 to 49 years","Female",29
"E09000021","Kingston upon Thames","Lives in a communal establishment","Aged 50 to 54 years","Female",28
"E09000021","Kingston upon Thames","Lives in a communal establishment","Aged 55 to 59 years","Female",29
"E09000021","Kingston upon Thames","Lives in a communal establishment","Aged 60 to 64 years","Female",26
"E09000021","Kingston upon Thames","Lives in a communal establishment","Aged 65 years","Female",3
"E09000021","Kingston upon Thames","Lives in a communal establishment","Aged 66 to 69 years","Female",12
"E09000021","Kingston upon Thames","Lives in a communal establishment","Aged 70 to 74 years","Female",34
"E09000021","Kingston upon Thames","Lives in a communal establishment","Aged 75 to 79 years","Female",51
"E09000021","Kingston upon Thames","Lives in a communal establishment","Aged 80 to 84 years","Female",82
"E09000021","Kingston upon Thames","Lives in a communal establishment","Aged 85 years and over","Female",325
"E09000022","Lambeth","Lives in a communal establishment","Total","Female",1970
"E09000022","Lambeth","Lives in a communal establishment","Aged 2 years and under","Female",2
"E09000022","Lambeth","Lives in a communal establishment","Aged 3 to 4 years","Female",1
"E09000022","Lambeth","Lives in a communal establishment","Aged 5 to 7 years","Female",0
"E09000022","Lambeth","Lives in a communal establishment","Aged 8 to 9 years","Female",0
"E09000022","Lambeth","Lives in a communal establishment","Aged 10 to 14 years","Female",3
"E09000022","Lambeth","Lives in a communal establishment","Aged 15 years","Female",4
"E09000022","Lambeth","Lives in a communal establishment","Aged 16 to 17 years","Female",38
"E09000022","Lambeth","Lives in a communal establishment","Aged 18 to 19 years","Female",445
"E09000022","Lambeth","Lives in a communal establishment","Aged 20 to 24 years","Female",583
"E09000022","Lambeth","Lives in a communal establishment","Aged 25 to 29 years","Female",121
"E09000022","Lambeth","Lives in a communal establishment","Aged 30 to 34 years","Female",87
"E09000022","Lambeth","Lives in a communal establishment","Aged 35 to 39 years","Female",52
"E09000022","Lambeth","Lives in a communal establishment","Aged 40 to 44 years","Female",41
"E09000022","Lambeth","Lives in a communal establishment","Aged 45 to 49 years","Female",47
"E09000022","Lambeth","Lives in a communal establishment","Aged 50 to 54 years","Female",62
"E09000022","Lambeth","Lives in a communal establishment","Aged 55 to 59 years","Female",53
"E09000022","Lambeth","Lives in a communal establishment","Aged 60 to 64 years","Female",59
"E09000022","Lambeth","Lives in a communal establishment","Aged 65 years","Female",10
"E09000022","Lambeth","Lives in a communal establishment","Aged 66 to 69 years","Female",38
"E09000022","Lambeth","Lives in a communal establishment","Aged 70 to 74 years","Female",33
"E09000022","Lambeth","Lives in a communal establishment","Aged 75 to 79 years","Female",57
"E09000022","Lambeth","Lives in a communal establishment","Aged 80 to 84 years","Female",61
"E09000022","Lambeth","Lives in a communal establishment","Aged 85 years and over","Female",173
"E09000023","Lewisham","Lives in a communal establishment","Total","Female",1514
"E09000023","Lewisham","Lives in a communal establishment","Aged 2 years and under","Female",0
"E09000023","Lewisham","Lives in a communal establishment","Aged 3 to 4 years","Female",0
"E09000023","Lewisham","Lives in a communal establishment","Aged 5 to 7 years","Female",0
"E09000023","Lewisham","Lives in a communal establishment","Aged 8 to 9 years","Female",0
"E09000023","Lewisham","Lives in a communal establishment","Aged 10 to 14 years","Female",9
"E09000023","Lewisham","Lives in a communal establishment","Aged 15 years","Female",1
"E09000023","Lewisham","Lives in a communal establishment","Aged 16 to 17 years","Female",6
"E09000023","Lewisham","Lives in a communal establishment","Aged 18 to 19 years","Female",392
"E09000023","Lewisham","Lives in a communal establishment","Aged 20 to 24 years","Female",347
"E09000023","Lewisham","Lives in a communal establishment","Aged 25 to 29 years","Female",101
"E09000023","Lewisham","Lives in a communal establishment","Aged 30 to 34 years","Female",44
"E09000023","Lewisham","Lives in a communal establishment","Aged 35 to 39 years","Female",16
"E09000023","Lewisham","Lives in a communal establishment","Aged 40 to 44 years","Female",20
"E09000023","Lewisham","Lives in a communal establishment","Aged 45 to 49 years","Female",18
"E09000023","Lewisham","Lives in a communal establishment","Aged 50 to 54 years","Female",52
"E09000023","Lewisham","Lives in a communal establishment","Aged 55 to 59 years","Female",52
"E09000023","Lewisham","Lives in a communal establishment","Aged 60 to 64 years","Female",35
"E09000023","Lewisham","Lives in a communal establishment","Aged 65 years","Female",9
"E09000023","Lewisham","Lives in a communal establishment","Aged 66 to 69 years","Female",39
"E09000023","Lewisham","Lives in a communal establishment","Aged 70 to 74 years","Female",27
"E09000023","Lewisham","Lives in a communal establishment","Aged 75 to 79 years","Female",51
"E09000023","Lewisham","Lives in a communal establishment","Aged 80 to 84 years","Female",85
"E09000023","Lewisham","Lives in a communal establishment","Aged 85 years and over","Female",210
"E09000024","Merton","Lives in a communal establishment","Total","Female",621
"E09000024","Merton","Lives in a communal establishment","Aged 2 years and under","Female",0
"E09000024","Merton","Lives in a communal establishment","Aged 3 to 4 years","Female",1
"E09000024","Merton","Lives in a communal establishment","Aged 5 to 7 years","Female",0
"E09000024","Merton","Lives in a communal establishment","Aged 8 to 9 years","Female",0
"E09000024","Merton","Lives in a communal establishment","Aged 10 to 14 years","Female",2
"E09000024","Merton","Lives in a communal establishment","Aged 15 years","Female",0
"E09000024","Merton","Lives in a communal establishment","Aged 16 to 17 years","Female",3
"E09000024","Merton","Lives in a communal establishment","Aged 18 to 19 years","Female",6
"E09000024","Merton","Lives in a communal establishment","Aged 20 to 24 years","Female",18
"E09000024","Merton","Lives in a communal establishment","Aged 25 to 29 years","Female",22
"E09000024","Merton","Lives in a communal establishment","Aged 30 to 34 years","Female",15
"E09000024","Merton","Lives in a communal establishment","Aged 35 to 39 years","Female",10
"E09000024","Merton","Lives in a communal establishment","Aged 40 to 44 years","Female",8
"E09000024","Merton","Lives in a communal establishment","Aged 45 to 49 years","Female",14
"E09000024","Merton","Lives in a communal establishment","Aged 50 to 54 years","Female",19
"E09000024","Merton","Lives in a communal establishment","Aged 55 to 59 years","Female",27
"E09000024","Merton","Lives in a communal establishment","Aged 60 to 64 years","Female",28
"E09000024","Merton","Lives in a communal establishment","Aged 65 years","Female",2
"E09000024","Merton","Lives in a communal establishment","Aged 66 to 69 years","Female",22
"E09000024","Merton","Lives in a communal establishment","Aged 70 to 74 years","Female",30
"E09000024","Merton","Lives in a communal establishment","Aged 75 to 79 years","Female",49
"E09000024","Merton","Lives in a communal establishment","Aged 80 to 84 years","Female",63
"E09000024","Merton","Lives in a communal establishment","Aged 85 years and over","Female",282
"E09000025","Newham","Lives in a communal establishment","Total","Female",1351
"E09000025","Newham","Lives in a communal establishment","Aged 2 years and under","Female",0
"E09000025","Newham","Lives in a communal establishment","Aged 3 to 4 years","Female",0
"E09000025","Newham","Lives in a communal establishment","Aged 5 to 7 years","Female",0
"E09000025","Newham","Lives in a communal establishment","Aged 8 to 9 years","Female",0
"E09000025","Newham","Lives in a communal establishment","Aged 10 to 14 years","Female",0
"E09000025","Newham","Lives in a communal establishment","Aged 15 years","Female",0
"E09000025","Newham","Lives in a communal establishment","Aged 16 to 17 years","Female",2
"E09000025","Newham","Lives in a communal establishment","Aged 18 to 19 years","Female",331
"E09000025","Newham","Lives in a communal establishment","Aged 20 to 24 years","Female",513
"E09000025","Newham","Lives in a communal establishment","Aged 25 to 29 years","Female",140
"E09000025","Newham","Lives in a communal establishment","Aged 30 to 34 years","Female",41
"E09000025","Newham","Lives in a communal establishment","Aged 35 to 39 years","Female",27
"E09000025","Newham","Lives in a communal establishment","Aged 40 to 44 years","Female",17
"E09000025","Newham","Lives in a communal establishment","Aged 45 to 49 years","Female",19
"E09000025","Newham","Lives in a communal establishment","Aged 50 to 54 years","Female",17
"E09000025","Newham","Lives in a communal establishment","Aged 55 to 59 years","Female",24
"E09000025","Newham","Lives in a communal establishment","Aged 60 to 64 years","Female",25
"E09000025","Newham","Lives in a communal establishment","Aged 65 years","Female",4
"E09000025","Newham","Lives in a communal establishment","Aged 66 to 69 years","Female",7
"E09000025","Newham","Lives in a communal establishment","Aged 70 to 74 years","Female",23
"E09000025","Newham","Lives in a communal establishment","Aged 75 to 79 years","Female",23
"E09000025","Newham","Lives in a communal establishment","Aged 80 to 84 years","Female",37
"E09000025","Newham","Lives in a communal establishment","Aged 85 years and over","Female",101
"E09000026","Redbridge","Lives in a communal establishment","Total","Female",913
"E09000026","Redbridge","Lives in a communal establishment","Aged 2 years and under","Female",6
"E09000026","Redbridge","Lives in a communal establishment","Aged 3 to 4 years","Female",0
"E09000026","Redbridge","Lives in a communal establishment","Aged 5 to 7 years","Female",0
"E09000026","Redbridge","Lives in a communal establishment","Aged 8 to 9 years","Female",0
"E09000026","Redbridge","Lives in a communal establishment","Aged 10 to 14 years","Female",2
"E09000026","Redbridge","Lives in a communal establishment","Aged 15 years","Female",0
"E09000026","Redbridge","Lives in a communal establishment","Aged 16 to 17 years","Female",14
"E09000026","Redbridge","Lives in a communal establishment","Aged 18 to 19 years","Female",44
"E09000026","Redbridge","Lives in a communal establishment","Aged 20 to 24 years","Female",41
"E09000026","Redbridge","Lives in a communal establishment","Aged 25 to 29 years","Female",31
"E09000026","Redbridge","Lives in a communal establishment","Aged 30 to 34 years","Female",19
"E09000026","Redbridge","Lives in a communal establishment","Aged 35 to 39 years","Female",32
"E09000026","Redbridge","Lives in a communal establishment","Aged 40 to 44 years","Female",23
"E09000026","Redbridge","Lives in a communal establishment","Aged 45 to 49 years","Female",36
"E09000026","Redbridge","Lives in a communal establishment","Aged 50 to 54 years","Female",32
"E09000026","Redbridge","Lives in a communal establishment","Aged 55 to 59 years","Female",46
"E09000026","Redbridge","Lives in a communal establishment","Aged 60 to 64 years","Female",48
"E09000026","Redbridge","Lives in a communal establishment","Aged 65 years","Female",9
"E09000026","Redbridge","Lives in a communal establishment","Aged 66 to 69 years","Female",16
"E09000026","Redbridge","Lives in a communal establishment","Aged 70 to 74 years","Female",43
"E09000026","Redbridge","Lives in a communal establishment","Aged 75 to 79 years","Female",78
"E09000026","Redbridge","Lives in a communal establishment","Aged 80 to 84 years","Female",89
"E09000026","Redbridge","Lives in a communal establishment","Aged 85 years and over","Female",304
"E09000027","Richmond upon Thames","Lives in a communal establishment","Total","Female",1044
"E09000027","Richmond upon Thames","Lives in a communal establishment","Aged 2 years and under","Female",0
"E09000027","Richmond upon Thames","Lives in a communal establishment","Aged 3 to 4 years","Female",0
"E09000027","Richmond upon Thames","Lives in a communal establishment","Aged 5 to 7 years","Female",0
"E09000027","Richmond upon Thames","Lives in a communal establishment","Aged 8 to 9 years","Female",0
"E09000027","Richmond upon Thames","Lives in a communal establishment","Aged 10 to 14 years","Female",16
"E09000027","Richmond upon Thames","Lives in a communal establishment","Aged 15 years","Female",0
"E09000027","Richmond upon Thames","Lives in a communal establishment","Aged 16 to 17 years","Female",2
"E09000027","Richmond upon Thames","Lives in a communal establishment","Aged 18 to 19 years","Female",235
"E09000027","Richmond upon Thames","Lives in a communal establishment","Aged 20 to 24 years","Female",181
"E09000027","Richmond upon Thames","Lives in a communal establishment","Aged 25 to 29 years","Female",31
"E09000027","Richmond upon Thames","Lives in a communal establishment","Aged 30 to 34 years","Female",25
"E09000027","Richmond upon Thames","Lives in a communal establishment","Aged 35 to 39 years","Female",10
"E09000027","Richmond upon Thames","Lives in a communal establishment","Aged 40 to 44 years","Female",5
"E09000027","Richmond upon Thames","Lives in a communal establishment","Aged 45 to 49 years","Female",5
"E09000027","Richmond upon Thames","Lives in a communal establishment","Aged 50 to 54 years","Female",10
"E09000027","Richmond upon Thames","Lives in a communal establishment","Aged 55 to 59 years","Female",15
"E09000027","Richmond upon Thames","Lives in a communal establishment","Aged 60 to 64 years","Female",18
"E09000027","Richmond upon Thames","Lives in a communal establishment","Aged 65 years","Female",3
"E09000027","Richmond upon Thames","Lives in a communal establishment","Aged 66 to 69 years","Female",14
"E09000027","Richmond upon Thames","Lives in a communal establishment","Aged 70 to 74 years","Female",33
"E09000027","Richmond upon Thames","Lives in a communal establishment","Aged 75 to 79 years","Female",61
"E09000027","Richmond upon Thames","Lives in a communal establishment","Aged 80 to 84 years","Female",68
"E09000027","Richmond upon Thames","Lives in a communal establishment","Aged 85 years and over","Female",312
"E09000028","Southwark","Lives in a communal establishment","Total","Female",2934
"E09000028","Southwark","Lives in a communal establishment","Aged 2 years and under","Female",0
"E09000028","Southwark","Lives in a communal establishment","Aged 3 to 4 years","Female",0
"E09000028","Southwark","Lives in a communal establishment","Aged 5 to 7 years","Female",2
"E09000028","Southwark","Lives in a communal establishment","Aged 8 to 9 years","Female",2
"E09000028","Southwark","Lives in a communal establishment","Aged 10 to 14 years","Female",0
"E09000028","Southwark","Lives in a communal establishment","Aged 15 years","Female",2
"E09000028","Southwark","Lives in a communal establishment","Aged 16 to 17 years","Female",17
"E09000028","Southwark","Lives in a communal establishment","Aged 18 to 19 years","Female",1173
"E09000028","Southwark","Lives in a communal establishment","Aged 20 to 24 years","Female",1051
"E09000028","Southwark","Lives in a communal establishment","Aged 25 to 29 years","Female",226
"E09000028","Southwark","Lives in a communal establishment","Aged 30 to 34 years","Female",73
"E09000028","Southwark","Lives in a communal establishment","Aged 35 to 39 years","Female",30
"E09000028","Southwark","Lives in a communal establishment","Aged 40 to 44 years","Female",24
"E09000028","Southwark","Lives in a communal establishment","Aged 45 to 49 years","Female",19
"E09000028","Southwark","Lives in a communal establishment","Aged 50 to 54 years","Female",14
"E09000028","Southwark","Lives in a communal establishment","Aged 55 to 59 years","Female",36
"E09000028","Southwark","Lives in a communal establishment","Aged 60 to 64 years","Female",25
"E09000028","Southwark","Lives in a communal establishment","Aged 65 years","Female",7
"E09000028","Southwark","Lives in a communal establishment","Aged 66 to 69 years","Female",18
"E09000028","Southwark","Lives in a communal establishment","Aged 70 to 74 years","Female",25
"E09000028","Southwark","Lives in a communal establishment","Aged 75 to 79 years","Female",31
"E09000028","Southwark","Lives in a communal establishment","Aged 80 to 84 years","Female",38
"E09000028","Southwark","Lives in a communal establishment","Aged 85 years and over","Female",121
"E09000029","Sutton","Lives in a communal establishment","Total","Female",762
"E09000029","Sutton","Lives in a communal establishment","Aged 2 years and under","Female",0
"E09000029","Sutton","Lives in a communal establishment","Aged 3 to 4 years","Female",0
"E09000029","Sutton","Lives in a communal establishment","Aged 5 to 7 years","Female",0
"E09000029","Sutton","Lives in a communal establishment","Aged 8 to 9 years","Female",0
"E09000029","Sutton","Lives in a communal establishment","Aged 10 to 14 years","Female",0
"E09000029","Sutton","Lives in a communal establishment","Aged 15 years","Female",0
"E09000029","Sutton","Lives in a communal establishment","Aged 16 to 17 years","Female",0
"E09000029","Sutton","Lives in a communal establishment","Aged 18 to 19 years","Female",2
"E09000029","Sutton","Lives in a communal establishment","Aged 20 to 24 years","Female",3
"E09000029","Sutton","Lives in a communal establishment","Aged 25 to 29 years","Female",21
"E09000029","Sutton","Lives in a communal establishment","Aged 30 to 34 years","Female",34
"E09000029","Sutton","Lives in a communal establishment","Aged 35 to 39 years","Female",23
"E09000029","Sutton","Lives in a communal establishment","Aged 40 to 44 years","Female",13
"E09000029","Sutton","Lives in a communal establishment","Aged 45 to 49 years","Female",19
"E09000029","Sutton","Lives in a communal establishment","Aged 50 to 54 years","Female",24
"E09000029","Sutton","Lives in a communal establishment","Aged 55 to 59 years","Female",37
"E09000029","Sutton","Lives in a communal establishment","Aged 60 to 64 years","Female",44
"E09000029","Sutton","Lives in a communal establishment","Aged 65 years","Female",6
"E09000029","Sutton","Lives in a communal establishment","Aged 66 to 69 years","Female",12
"E09000029","Sutton","Lives in a communal establishment","Aged 70 to 74 years","Female",40
"E09000029","Sutton","Lives in a communal establishment","Aged 75 to 79 years","Female",44
"E09000029","Sutton","Lives in a communal establishment","Aged 80 to 84 years","Female",71
"E09000029","Sutton","Lives in a communal establishment","Aged 85 years and over","Female",369
"E09000030","Tower Hamlets","Lives in a communal establishment","Total","Female",3515
"E09000030","Tower Hamlets","Lives in a communal establishment","Aged 2 years and under","Female",43
"E09000030","Tower Hamlets","Lives in a communal establishment","Aged 3 to 4 years","Female",41
"E09000030","Tower Hamlets","Lives in a communal establishment","Aged 5 to 7 years","Female",41
"E09000030","Tower Hamlets","Lives in a communal establishment","Aged 8 to 9 years","Female",33
"E09000030","Tower Hamlets","Lives in a communal establishment","Aged 10 to 14 years","Female",86
"E09000030","Tower Hamlets","Lives in a communal establishment","Aged 15 years","Female",17
"E09000030","Tower Hamlets","Lives in a communal establishment","Aged 16 to 17 years","Female",53
"E09000030","Tower Hamlets","Lives in a communal establishment","Aged 18 to 19 years","Female",981
"E09000030","Tower Hamlets","Lives in a communal establishment","Aged 20 to 24 years","Female",1053
"E09000030","Tower Hamlets","Lives in a communal establishment","Aged 25 to 29 years","Female",344
"E09000030","Tower Hamlets","Lives in a communal establishment","Aged 30 to 34 years","Female",178
"E09000030","Tower Hamlets","Lives in a communal establishment","Aged 35 to 39 years","Female",135
"E09000030","Tower Hamlets","Lives in a communal establishment","Aged 40 to 44 years","Female",95
"E09000030","Tower Hamlets","Lives in a communal establishment","Aged 45 to 49 years","Female",70
"E09000030","Tower Hamlets","Lives in a communal establishment","Aged 50 to 54 years","Female",58
"E09000030","Tower Hamlets","Lives in a communal establishment","Aged 55 to 59 years","Female",45
"E09000030","Tower Hamlets","Lives in a communal establishment","Aged 60 to 64 years","Female",50
"E09000030","Tower Hamlets","Lives in a communal establishment","Aged 65 years","Female",6
"E09000030","Tower Hamlets","Lives in a communal establishment","Aged 66 to 69 years","Female",34
"E09000030","Tower Hamlets","Lives in a communal establishment","Aged 70 to 74 years","Female",36
"E09000030","Tower Hamlets","Lives in a communal establishment","Aged 75 to 79 years","Female",29
"E09000030","Tower Hamlets","Lives in a communal establishment","Aged 80 to 84 years","Female",23
"E09000030","Tower Hamlets","Lives in a communal establishment","Aged 85 years and over","Female",64
"E09000031","Waltham Forest","Lives in a communal establishment","Total","Female",809
"E09000031","Waltham Forest","Lives in a communal establishment","Aged 2 years and under","Female",0
"E09000031","Waltham Forest","Lives in a communal establishment","Aged 3 to 4 years","Female",0
"E09000031","Waltham Forest","Lives in a communal establishment","Aged 5 to 7 years","Female",0
"E09000031","Waltham Forest","Lives in a communal establishment","Aged 8 to 9 years","Female",3
"E09000031","Waltham Forest","Lives in a communal establishment","Aged 10 to 14 years","Female",0
"E09000031","Waltham Forest","Lives in a communal establishment","Aged 15 years","Female",2
"E09000031","Waltham Forest","Lives in a communal establishment","Aged 16 to 17 years","Female",5
"E09000031","Waltham Forest","Lives in a communal establishment","Aged 18 to 19 years","Female",89
"E09000031","Waltham Forest","Lives in a communal establishment","Aged 20 to 24 years","Female",121
"E09000031","Waltham Forest","Lives in a communal establishment","Aged 25 to 29 years","Female",46
"E09000031","Waltham Forest","Lives in a communal establishment","Aged 30 to 34 years","Female",26
"E09000031","Waltham Forest","Lives in a communal establishment","Aged 35 to 39 years","Female",16
"E09000031","Waltham Forest","Lives in a communal establishment","Aged 40 to 44 years","Female",29
"E09000031","Waltham Forest","Lives in a communal establishment","Aged 45 to 49 years","Female",16
"E09000031","Waltham Forest","Lives in a communal establishment","Aged 50 to 54 years","Female",18
"E09000031","Waltham Forest","Lives in a communal establishment","Aged 55 to 59 years","Female",28
"E09000031","Waltham Forest","Lives in a communal establishment","Aged 60 to 64 years","Female",36
"E09000031","Waltham Forest","Lives in a communal establishment","Aged 65 years","Female",8
"E09000031","Waltham Forest","Lives in a communal establishment","Aged 66 to 69 years","Female",30
"E09000031","Waltham Forest","Lives in a communal establishment","Aged 70 to 74 years","Female",37
"E09000031","Waltham Forest","Lives in a communal establishment","Aged 75 to 79 years","Female",36
"E09000031","Waltham Forest","Lives in a communal establishment","Aged 80 to 84 years","Female",75
"E09000031","Waltham Forest","Lives in a communal establishment","Aged 85 years and over","Female",188
"E09000032","Wandsworth","Lives in a communal establishment","Total","Female",2194
"E09000032","Wandsworth","Lives in a communal establishment","Aged 2 years and under","Female",0
"E09000032","Wandsworth","Lives in a communal establishment","Aged 3 to 4 years","Female",0
"E09000032","Wandsworth","Lives in a communal establishment","Aged 5 to 7 years","Female",0
"E09000032","Wandsworth","Lives in a communal establishment","Aged 8 to 9 years","Female",1
"E09000032","Wandsworth","Lives in a communal establishment","Aged 10 to 14 years","Female",3
"E09000032","Wandsworth","Lives in a communal establishment","Aged 15 years","Female",2
"E09000032","Wandsworth","Lives in a communal establishment","Aged 16 to 17 years","Female",9
"E09000032","Wandsworth","Lives in a communal establishment","Aged 18 to 19 years","Female",546
"E09000032","Wandsworth","Lives in a communal establishment","Aged 20 to 24 years","Female",733
"E09000032","Wandsworth","Lives in a communal establishment","Aged 25 to 29 years","Female",90
"E09000032","Wandsworth","Lives in a communal establishment","Aged 30 to 34 years","Female",46
"E09000032","Wandsworth","Lives in a communal establishment","Aged 35 to 39 years","Female",24
"E09000032","Wandsworth","Lives in a communal establishment","Aged 40 to 44 years","Female",18
"E09000032","Wandsworth","Lives in a communal establishment","Aged 45 to 49 years","Female",27
"E09000032","Wandsworth","Lives in a communal establishment","Aged 50 to 54 years","Female",38
"E09000032","Wandsworth","Lives in a communal establishment","Aged 55 to 59 years","Female",61
"E09000032","Wandsworth","Lives in a communal establishment","Aged 60 to 64 years","Female",43
"E09000032","Wandsworth","Lives in a communal establishment","Aged 65 years","Female",4
"E09000032","Wandsworth","Lives in a communal establishment","Aged 66 to 69 years","Female",30
"E09000032","Wandsworth","Lives in a communal establishment","Aged 70 to 74 years","Female",51
"E09000032","Wandsworth","Lives in a communal establishment","Aged 75 to 79 years","Female",64
"E09000032","Wandsworth","Lives in a communal establishment","Aged 80 to 84 years","Female",90
"E09000032","Wandsworth","Lives in a communal establishment","Aged 85 years and over","Female",314
"E09000033","Westminster","Lives in a communal establishment","Total","Female",1936
"E09000033","Westminster","Lives in a communal establishment","Aged 2 years and under","Female",2
"E09000033","Westminster","Lives in a communal establishment","Aged 3 to 4 years","Female",3
"E09000033","Westminster","Lives in a communal establishment","Aged 5 to 7 years","Female",2
"E09000033","Westminster","Lives in a communal establishment","Aged 8 to 9 years","Female",3
"E09000033","Westminster","Lives in a communal establishment","Aged 10 to 14 years","Female",34
"E09000033","Westminster","Lives in a communal establishment","Aged 15 years","Female",13
"E09000033","Westminster","Lives in a communal establishment","Aged 16 to 17 years","Female",87
"E09000033","Westminster","Lives in a communal establishment","Aged 18 to 19 years","Female",560
"E09000033","Westminster","Lives in a communal establishment","Aged 20 to 24 years","Female",432
"E09000033","Westminster","Lives in a communal establishment","Aged 25 to 29 years","Female",182
"E09000033","Westminster","Lives in a communal establishment","Aged 30 to 34 years","Female",128
"E09000033","Westminster","Lives in a communal establishment","Aged 35 to 39 years","Female",77
"E09000033","Westminster","Lives in a communal establishment","Aged 40 to 44 years","Female",60
"E09000033","Westminster","Lives in a communal establishment","Aged 45 to 49 years","Female",59
"E09000033","Westminster","Lives in a communal establishment","Aged 50 to 54 years","Female",68
"E09000033","Westminster","Lives in a communal establishment","Aged 55 to 59 years","Female",48
"E09000033","Westminster","Lives in a communal establishment","Aged 60 to 64 years","Female",31
"E09000033","Westminster","Lives in a communal establishment","Aged 65 years","Female",11
"E09000033","Westminster","Lives in a communal establishment","Aged 66 to 69 years","Female",18
"E09000033","Westminster","Lives in a communal establishment","Aged 70 to 74 years","Female",18
"E09000033","Westminster","Lives in a communal establishment","Aged 75 to 79 years","Female",18
"E09000033","Westminster","Lives in a communal establishment","Aged 80 to 84 years","Female",29
"E09000033","Westminster","Lives in a communal establishment","Aged 85 years and over","Female",53
"E06000035","Medway","Lives in a communal establishment","Total","Female",1583
"E06000035","Medway","Lives in a communal establishment","Aged 2 years and under","Female",0
"E06000035","Medway","Lives in a communal establishment","Aged 3 to 4 years","Female",0
"E06000035","Medway","Lives in a communal establishment","Aged 5 to 7 years","Female",2
"E06000035","Medway","Lives in a communal establishment","Aged 8 to 9 years","Female",1
"E06000035","Medway","Lives in a communal establishment","Aged 10 to 14 years","Female",10
"E06000035","Medway","Lives in a communal establishment","Aged 15 years","Female",4
"E06000035","Medway","Lives in a communal establishment","Aged 16 to 17 years","Female",27
"E06000035","Medway","Lives in a communal establishment","Aged 18 to 19 years","Female",292
"E06000035","Medway","Lives in a communal establishment","Aged 20 to 24 years","Female",292
"E06000035","Medway","Lives in a communal establishment","Aged 25 to 29 years","Female",49
"E06000035","Medway","Lives in a communal establishment","Aged 30 to 34 years","Female",28
"E06000035","Medway","Lives in a communal establishment","Aged 35 to 39 years","Female",11
"E06000035","Medway","Lives in a communal establishment","Aged 40 to 44 years","Female",17
"E06000035","Medway","Lives in a communal establishment","Aged 45 to 49 years","Female",17
"E06000035","Medway","Lives in a communal establishment","Aged 50 to 54 years","Female",23
"E06000035","Medway","Lives in a communal establishment","Aged 55 to 59 years","Female",35
"E06000035","Medway","Lives in a communal establishment","Aged 60 to 64 years","Female",23
"E06000035","Medway","Lives in a communal establishment","Aged 65 years","Female",10
"E06000035","Medway","Lives in a communal establishment","Aged 66 to 69 years","Female",35
"E06000035","Medway","Lives in a communal establishment","Aged 70 to 74 years","Female",56
"E06000035","Medway","Lives in a communal establishment","Aged 75 to 79 years","Female",86
"E06000035","Medway","Lives in a communal establishment","Aged 80 to 84 years","Female",140
"E06000035","Medway","Lives in a communal establishment","Aged 85 years and over","Female",425
"E06000036","Bracknell Forest","Lives in a communal establishment","Total","Female",1003
"E06000036","Bracknell Forest","Lives in a communal establishment","Aged 2 years and under","Female",17
"E06000036","Bracknell Forest","Lives in a communal establishment","Aged 3 to 4 years","Female",4
"E06000036","Bracknell Forest","Lives in a communal establishment","Aged 5 to 7 years","Female",6
"E06000036","Bracknell Forest","Lives in a communal establishment","Aged 8 to 9 years","Female",5
"E06000036","Bracknell Forest","Lives in a communal establishment","Aged 10 to 14 years","Female",189
"E06000036","Bracknell Forest","Lives in a communal establishment","Aged 15 years","Female",84
"E06000036","Bracknell Forest","Lives in a communal establishment","Aged 16 to 17 years","Female",194
"E06000036","Bracknell Forest","Lives in a communal establishment","Aged 18 to 19 years","Female",72
"E06000036","Bracknell Forest","Lives in a communal establishment","Aged 20 to 24 years","Female",56
"E06000036","Bracknell Forest","Lives in a communal establishment","Aged 25 to 29 years","Female",38
"E06000036","Bracknell Forest","Lives in a communal establishment","Aged 30 to 34 years","Female",34
"E06000036","Bracknell Forest","Lives in a communal establishment","Aged 35 to 39 years","Female",27
"E06000036","Bracknell Forest","Lives in a communal establishment","Aged 40 to 44 years","Female",24
"E06000036","Bracknell Forest","Lives in a communal establishment","Aged 45 to 49 years","Female",21
"E06000036","Bracknell Forest","Lives in a communal establishment","Aged 50 to 54 years","Female",19
"E06000036","Bracknell Forest","Lives in a communal establishment","Aged 55 to 59 years","Female",6
"E06000036","Bracknell Forest","Lives in a communal establishment","Aged 60 to 64 years","Female",3
"E06000036","Bracknell Forest","Lives in a communal establishment","Aged 65 years","Female",2
"E06000036","Bracknell Forest","Lives in a communal establishment","Aged 66 to 69 years","Female",6
"E06000036","Bracknell Forest","Lives in a communal establishment","Aged 70 to 74 years","Female",9
"E06000036","Bracknell Forest","Lives in a communal establishment","Aged 75 to 79 years","Female",12
"E06000036","Bracknell Forest","Lives in a communal establishment","Aged 80 to 84 years","Female",41
"E06000036","Bracknell Forest","Lives in a communal establishment","Aged 85 years and over","Female",134
"E06000037","West Berkshire","Lives in a communal establishment","Total","Female",1533
"E06000037","West Berkshire","Lives in a communal establishment","Aged 2 years and under","Female",3
"E06000037","West Berkshire","Lives in a communal establishment","Aged 3 to 4 years","Female",4
"E06000037","West Berkshire","Lives in a communal establishment","Aged 5 to 7 years","Female",6
"E06000037","West Berkshire","Lives in a communal establishment","Aged 8 to 9 years","Female",6
"E06000037","West Berkshire","Lives in a communal establishment","Aged 10 to 14 years","Female",383
"E06000037","West Berkshire","Lives in a communal establishment","Aged 15 years","Female",112
"E06000037","West Berkshire","Lives in a communal establishment","Aged 16 to 17 years","Female",282
"E06000037","West Berkshire","Lives in a communal establishment","Aged 18 to 19 years","Female",114
"E06000037","West Berkshire","Lives in a communal establishment","Aged 20 to 24 years","Female",25
"E06000037","West Berkshire","Lives in a communal establishment","Aged 25 to 29 years","Female",44
"E06000037","West Berkshire","Lives in a communal establishment","Aged 30 to 34 years","Female",21
"E06000037","West Berkshire","Lives in a communal establishment","Aged 35 to 39 years","Female",19
"E06000037","West Berkshire","Lives in a communal establishment","Aged 40 to 44 years","Female",13
"E06000037","West Berkshire","Lives in a communal establishment","Aged 45 to 49 years","Female",34
"E06000037","West Berkshire","Lives in a communal establishment","Aged 50 to 54 years","Female",42
"E06000037","West Berkshire","Lives in a communal establishment","Aged 55 to 59 years","Female",28
"E06000037","West Berkshire","Lives in a communal establishment","Aged 60 to 64 years","Female",14
"E06000037","West Berkshire","Lives in a communal establishment","Aged 65 years","Female",2
"E06000037","West Berkshire","Lives in a communal establishment","Aged 66 to 69 years","Female",13
"E06000037","West Berkshire","Lives in a communal establishment","Aged 70 to 74 years","Female",15
"E06000037","West Berkshire","Lives in a communal establishment","Aged 75 to 79 years","Female",36
"E06000037","West Berkshire","Lives in a communal establishment","Aged 80 to 84 years","Female",54
"E06000037","West Berkshire","Lives in a communal establishment","Aged 85 years and over","Female",263
"E06000038","Reading","Lives in a communal establishment","Total","Female",2716
"E06000038","Reading","Lives in a communal establishment","Aged 2 years and under","Female",0
"E06000038","Reading","Lives in a communal establishment","Aged 3 to 4 years","Female",0
"E06000038","Reading","Lives in a communal establishment","Aged 5 to 7 years","Female",1
"E06000038","Reading","Lives in a communal establishment","Aged 8 to 9 years","Female",0
"E06000038","Reading","Lives in a communal establishment","Aged 10 to 14 years","Female",76
"E06000038","Reading","Lives in a communal establishment","Aged 15 years","Female",26
"E06000038","Reading","Lives in a communal establishment","Aged 16 to 17 years","Female",44
"E06000038","Reading","Lives in a communal establishment","Aged 18 to 19 years","Female",1108
"E06000038","Reading","Lives in a communal establishment","Aged 20 to 24 years","Female",815
"E06000038","Reading","Lives in a communal establishment","Aged 25 to 29 years","Female",125
"E06000038","Reading","Lives in a communal establishment","Aged 30 to 34 years","Female",60
"E06000038","Reading","Lives in a communal establishment","Aged 35 to 39 years","Female",20
"E06000038","Reading","Lives in a communal establishment","Aged 40 to 44 years","Female",26
"E06000038","Reading","Lives in a communal establishment","Aged 45 to 49 years","Female",20
"E06000038","Reading","Lives in a communal establishment","Aged 50 to 54 years","Female",19
"E06000038","Reading","Lives in a communal establishment","Aged 55 to 59 years","Female",22
"E06000038","Reading","Lives in a communal establishment","Aged 60 to 64 years","Female",16
"E06000038","Reading","Lives in a communal establishment","Aged 65 years","Female",9
"E06000038","Reading","Lives in a communal establishment","Aged 66 to 69 years","Female",12
"E06000038","Reading","Lives in a communal establishment","Aged 70 to 74 years","Female",18
"E06000038","Reading","Lives in a communal establishment","Aged 75 to 79 years","Female",26
"E06000038","Reading","Lives in a communal establishment","Aged 80 to 84 years","Female",62
"E06000038","Reading","Lives in a communal establishment","Aged 85 years and over","Female",211
"E06000039","Slough","Lives in a communal establishment","Total","Female",292
"E06000039","Slough","Lives in a communal establishment","Aged 2 years and under","Female",0
"E06000039","Slough","Lives in a communal establishment","Aged 3 to 4 years","Female",0
"E06000039","Slough","Lives in a communal establishment","Aged 5 to 7 years","Female",0
"E06000039","Slough","Lives in a communal establishment","Aged 8 to 9 years","Female",0
"E06000039","Slough","Lives in a communal establishment","Aged 10 to 14 years","Female",0
"E06000039","Slough","Lives in a communal establishment","Aged 15 years","Female",0
"E06000039","Slough","Lives in a communal establishment","Aged 16 to 17 years","Female",0
"E06000039","Slough","Lives in a communal establishment","Aged 18 to 19 years","Female",3
"E06000039","Slough","Lives in a communal establishment","Aged 20 to 24 years","Female",8
"E06000039","Slough","Lives in a communal establishment","Aged 25 to 29 years","Female",16
"E06000039","Slough","Lives in a communal establishment","Aged 30 to 34 years","Female",5
"E06000039","Slough","Lives in a communal establishment","Aged 35 to 39 years","Female",8
"E06000039","Slough","Lives in a communal establishment","Aged 40 to 44 years","Female",6
"E06000039","Slough","Lives in a communal establishment","Aged 45 to 49 years","Female",7
"E06000039","Slough","Lives in a communal establishment","Aged 50 to 54 years","Female",8
"E06000039","Slough","Lives in a communal establishment","Aged 55 to 59 years","Female",11
"E06000039","Slough","Lives in a communal establishment","Aged 60 to 64 years","Female",10
"E06000039","Slough","Lives in a communal establishment","Aged 65 years","Female",0
"E06000039","Slough","Lives in a communal establishment","Aged 66 to 69 years","Female",8
"E06000039","Slough","Lives in a communal establishment","Aged 70 to 74 years","Female",18
"E06000039","Slough","Lives in a communal establishment","Aged 75 to 79 years","Female",22
"E06000039","Slough","Lives in a communal establishment","Aged 80 to 84 years","Female",51
"E06000039","Slough","Lives in a communal establishment","Aged 85 years and over","Female",111
"E06000040","Windsor and Maidenhead","Lives in a communal establishment","Total","Female",1556
"E06000040","Windsor and Maidenhead","Lives in a communal establishment","Aged 2 years and under","Female",6
"E06000040","Windsor and Maidenhead","Lives in a communal establishment","Aged 3 to 4 years","Female",10
"E06000040","Windsor and Maidenhead","Lives in a communal establishment","Aged 5 to 7 years","Female",8
"E06000040","Windsor and Maidenhead","Lives in a communal establishment","Aged 8 to 9 years","Female",6
"E06000040","Windsor and Maidenhead","Lives in a communal establishment","Aged 10 to 14 years","Female",234
"E06000040","Windsor and Maidenhead","Lives in a communal establishment","Aged 15 years","Female",86
"E06000040","Windsor and Maidenhead","Lives in a communal establishment","Aged 16 to 17 years","Female",174
"E06000040","Windsor and Maidenhead","Lives in a communal establishment","Aged 18 to 19 years","Female",57
"E06000040","Windsor and Maidenhead","Lives in a communal establishment","Aged 20 to 24 years","Female",47
"E06000040","Windsor and Maidenhead","Lives in a communal establishment","Aged 25 to 29 years","Female",35
"E06000040","Windsor and Maidenhead","Lives in a communal establishment","Aged 30 to 34 years","Female",22
"E06000040","Windsor and Maidenhead","Lives in a communal establishment","Aged 35 to 39 years","Female",30
"E06000040","Windsor and Maidenhead","Lives in a communal establishment","Aged 40 to 44 years","Female",34
"E06000040","Windsor and Maidenhead","Lives in a communal establishment","Aged 45 to 49 years","Female",29
"E06000040","Windsor and Maidenhead","Lives in a communal establishment","Aged 50 to 54 years","Female",40
"E06000040","Windsor and Maidenhead","Lives in a communal establishment","Aged 55 to 59 years","Female",36
"E06000040","Windsor and Maidenhead","Lives in a communal establishment","Aged 60 to 64 years","Female",41
"E06000040","Windsor and Maidenhead","Lives in a communal establishment","Aged 65 years","Female",5
"E06000040","Windsor and Maidenhead","Lives in a communal establishment","Aged 66 to 69 years","Female",26
"E06000040","Windsor and Maidenhead","Lives in a communal establishment","Aged 70 to 74 years","Female",44
"E06000040","Windsor and Maidenhead","Lives in a communal establishment","Aged 75 to 79 years","Female",60
"E06000040","Windsor and Maidenhead","Lives in a communal establishment","Aged 80 to 84 years","Female",100
"E06000040","Windsor and Maidenhead","Lives in a communal establishment","Aged 85 years and over","Female",426
"E06000041","Wokingham","Lives in a communal establishment","Total","Female",1602
"E06000041","Wokingham","Lives in a communal establishment","Aged 2 years and under","Female",0
"E06000041","Wokingham","Lives in a communal establishment","Aged 3 to 4 years","Female",3
"E06000041","Wokingham","Lives in a communal establishment","Aged 5 to 7 years","Female",1
"E06000041","Wokingham","Lives in a communal establishment","Aged 8 to 9 years","Female",1
"E06000041","Wokingham","Lives in a communal establishment","Aged 10 to 14 years","Female",19
"E06000041","Wokingham","Lives in a communal establishment","Aged 15 years","Female",3
"E06000041","Wokingham","Lives in a communal establishment","Aged 16 to 17 years","Female",11
"E06000041","Wokingham","Lives in a communal establishment","Aged 18 to 19 years","Female",420
"E06000041","Wokingham","Lives in a communal establishment","Aged 20 to 24 years","Female",451
"E06000041","Wokingham","Lives in a communal establishment","Aged 25 to 29 years","Female",38
"E06000041","Wokingham","Lives in a communal establishment","Aged 30 to 34 years","Female",20
"E06000041","Wokingham","Lives in a communal establishment","Aged 35 to 39 years","Female",18
"E06000041","Wokingham","Lives in a communal establishment","Aged 40 to 44 years","Female",10
"E06000041","Wokingham","Lives in a communal establishment","Aged 45 to 49 years","Female",13
"E06000041","Wokingham","Lives in a communal establishment","Aged 50 to 54 years","Female",16
"E06000041","Wokingham","Lives in a communal establishment","Aged 55 to 59 years","Female",12
"E06000041","Wokingham","Lives in a communal establishment","Aged 60 to 64 years","Female",10
"E06000041","Wokingham","Lives in a communal establishment","Aged 65 years","Female",1
"E06000041","Wokingham","Lives in a communal establishment","Aged 66 to 69 years","Female",20
"E06000041","Wokingham","Lives in a communal establishment","Aged 70 to 74 years","Female",28
"E06000041","Wokingham","Lives in a communal establishment","Aged 75 to 79 years","Female",44
"E06000041","Wokingham","Lives in a communal establishment","Aged 80 to 84 years","Female",89
"E06000041","Wokingham","Lives in a communal establishment","Aged 85 years and over","Female",374
"E06000042","Milton Keynes","Lives in a communal establishment","Total","Female",936
"E06000042","Milton Keynes","Lives in a communal establishment","Aged 2 years and under","Female",2
"E06000042","Milton Keynes","Lives in a communal establishment","Aged 3 to 4 years","Female",0
"E06000042","Milton Keynes","Lives in a communal establishment","Aged 5 to 7 years","Female",0
"E06000042","Milton Keynes","Lives in a communal establishment","Aged 8 to 9 years","Female",1
"E06000042","Milton Keynes","Lives in a communal establishment","Aged 10 to 14 years","Female",1
"E06000042","Milton Keynes","Lives in a communal establishment","Aged 15 years","Female",0
"E06000042","Milton Keynes","Lives in a communal establishment","Aged 16 to 17 years","Female",3
"E06000042","Milton Keynes","Lives in a communal establishment","Aged 18 to 19 years","Female",17
"E06000042","Milton Keynes","Lives in a communal establishment","Aged 20 to 24 years","Female",29
"E06000042","Milton Keynes","Lives in a communal establishment","Aged 25 to 29 years","Female",21
"E06000042","Milton Keynes","Lives in a communal establishment","Aged 30 to 34 years","Female",12
"E06000042","Milton Keynes","Lives in a communal establishment","Aged 35 to 39 years","Female",18
"E06000042","Milton Keynes","Lives in a communal establishment","Aged 40 to 44 years","Female",10
"E06000042","Milton Keynes","Lives in a communal establishment","Aged 45 to 49 years","Female",24
"E06000042","Milton Keynes","Lives in a communal establishment","Aged 50 to 54 years","Female",32
"E06000042","Milton Keynes","Lives in a communal establishment","Aged 55 to 59 years","Female",33
"E06000042","Milton Keynes","Lives in a communal establishment","Aged 60 to 64 years","Female",23
"E06000042","Milton Keynes","Lives in a communal establishment","Aged 65 years","Female",5
"E06000042","Milton Keynes","Lives in a communal establishment","Aged 66 to 69 years","Female",27
"E06000042","Milton Keynes","Lives in a communal establishment","Aged 70 to 74 years","Female",49
"E06000042","Milton Keynes","Lives in a communal establishment","Aged 75 to 79 years","Female",74
"E06000042","Milton Keynes","Lives in a communal establishment","Aged 80 to 84 years","Female",120
"E06000042","Milton Keynes","Lives in a communal establishment","Aged 85 years and over","Female",435
"E06000043","Brighton and Hove","Lives in a communal establishment","Total","Female",4906
"E06000043","Brighton and Hove","Lives in a communal establishment","Aged 2 years and under","Female",5
"E06000043","Brighton and Hove","Lives in a communal establishment","Aged 3 to 4 years","Female",4
"E06000043","Brighton and Hove","Lives in a communal establishment","Aged 5 to 7 years","Female",2
"E06000043","Brighton and Hove","Lives in a communal establishment","Aged 8 to 9 years","Female",2
"E06000043","Brighton and Hove","Lives in a communal establishment","Aged 10 to 14 years","Female",140
"E06000043","Brighton and Hove","Lives in a communal establishment","Aged 15 years","Female",68
"E06000043","Brighton and Hove","Lives in a communal establishment","Aged 16 to 17 years","Female",185
"E06000043","Brighton and Hove","Lives in a communal establishment","Aged 18 to 19 years","Female",2041
"E06000043","Brighton and Hove","Lives in a communal establishment","Aged 20 to 24 years","Female",1077
"E06000043","Brighton and Hove","Lives in a communal establishment","Aged 25 to 29 years","Female",179
"E06000043","Brighton and Hove","Lives in a communal establishment","Aged 30 to 34 years","Female",77
"E06000043","Brighton and Hove","Lives in a communal establishment","Aged 35 to 39 years","Female",57
"E06000043","Brighton and Hove","Lives in a communal establishment","Aged 40 to 44 years","Female",35
"E06000043","Brighton and Hove","Lives in a communal establishment","Aged 45 to 49 years","Female",28
"E06000043","Brighton and Hove","Lives in a communal establishment","Aged 50 to 54 years","Female",42
"E06000043","Brighton and Hove","Lives in a communal establishment","Aged 55 to 59 years","Female",42
"E06000043","Brighton and Hove","Lives in a communal establishment","Aged 60 to 64 years","Female",45
"E06000043","Brighton and Hove","Lives in a communal establishment","Aged 65 years","Female",7
"E06000043","Brighton and Hove","Lives in a communal establishment","Aged 66 to 69 years","Female",35
"E06000043","Brighton and Hove","Lives in a communal establishment","Aged 70 to 74 years","Female",53
"E06000043","Brighton and Hove","Lives in a communal establishment","Aged 75 to 79 years","Female",99
"E06000043","Brighton and Hove","Lives in a communal establishment","Aged 80 to 84 years","Female",135
"E06000043","Brighton and Hove","Lives in a communal establishment","Aged 85 years and over","Female",548
"E06000044","Portsmouth","Lives in a communal establishment","Total","Female",3233
"E06000044","Portsmouth","Lives in a communal establishment","Aged 2 years and under","Female",0
"E06000044","Portsmouth","Lives in a communal establishment","Aged 3 to 4 years","Female",0
"E06000044","Portsmouth","Lives in a communal establishment","Aged 5 to 7 years","Female",0
"E06000044","Portsmouth","Lives in a communal establishment","Aged 8 to 9 years","Female",1
"E06000044","Portsmouth","Lives in a communal establishment","Aged 10 to 14 years","Female",3
"E06000044","Portsmouth","Lives in a communal establishment","Aged 15 years","Female",0
"E06000044","Portsmouth","Lives in a communal establishment","Aged 16 to 17 years","Female",12
"E06000044","Portsmouth","Lives in a communal establishment","Aged 18 to 19 years","Female",1704
"E06000044","Portsmouth","Lives in a communal establishment","Aged 20 to 24 years","Female",832
"E06000044","Portsmouth","Lives in a communal establishment","Aged 25 to 29 years","Female",72
"E06000044","Portsmouth","Lives in a communal establishment","Aged 30 to 34 years","Female",23
"E06000044","Portsmouth","Lives in a communal establishment","Aged 35 to 39 years","Female",20
"E06000044","Portsmouth","Lives in a communal establishment","Aged 40 to 44 years","Female",16
"E06000044","Portsmouth","Lives in a communal establishment","Aged 45 to 49 years","Female",8
"E06000044","Portsmouth","Lives in a communal establishment","Aged 50 to 54 years","Female",18
"E06000044","Portsmouth","Lives in a communal establishment","Aged 55 to 59 years","Female",14
"E06000044","Portsmouth","Lives in a communal establishment","Aged 60 to 64 years","Female",20
"E06000044","Portsmouth","Lives in a communal establishment","Aged 65 years","Female",2
"E06000044","Portsmouth","Lives in a communal establishment","Aged 66 to 69 years","Female",20
"E06000044","Portsmouth","Lives in a communal establishment","Aged 70 to 74 years","Female",29
"E06000044","Portsmouth","Lives in a communal establishment","Aged 75 to 79 years","Female",51
"E06000044","Portsmouth","Lives in a communal establishment","Aged 80 to 84 years","Female",64
"E06000044","Portsmouth","Lives in a communal establishment","Aged 85 years and over","Female",324
"E06000045","Southampton","Lives in a communal establishment","Total","Female",5021
"E06000045","Southampton","Lives in a communal establishment","Aged 2 years and under","Female",2
"E06000045","Southampton","Lives in a communal establishment","Aged 3 to 4 years","Female",1
"E06000045","Southampton","Lives in a communal establishment","Aged 5 to 7 years","Female",1
"E06000045","Southampton","Lives in a communal establishment","Aged 8 to 9 years","Female",0
"E06000045","Southampton","Lives in a communal establishment","Aged 10 to 14 years","Female",4
"E06000045","Southampton","Lives in a communal establishment","Aged 15 years","Female",0
"E06000045","Southampton","Lives in a communal establishment","Aged 16 to 17 years","Female",13
"E06000045","Southampton","Lives in a communal establishment","Aged 18 to 19 years","Female",1959
"E06000045","Southampton","Lives in a communal establishment","Aged 20 to 24 years","Female",1938
"E06000045","Southampton","Lives in a communal establishment","Aged 25 to 29 years","Female",307
"E06000045","Southampton","Lives in a communal establishment","Aged 30 to 34 years","Female",94
"E06000045","Southampton","Lives in a communal establishment","Aged 35 to 39 years","Female",26
"E06000045","Southampton","Lives in a communal establishment","Aged 40 to 44 years","Female",18
"E06000045","Southampton","Lives in a communal establishment","Aged 45 to 49 years","Female",14
"E06000045","Southampton","Lives in a communal establishment","Aged 50 to 54 years","Female",11
"E06000045","Southampton","Lives in a communal establishment","Aged 55 to 59 years","Female",25
"E06000045","Southampton","Lives in a communal establishment","Aged 60 to 64 years","Female",23
"E06000045","Southampton","Lives in a communal establishment","Aged 65 years","Female",2
"E06000045","Southampton","Lives in a communal establishment","Aged 66 to 69 years","Female",17
"E06000045","Southampton","Lives in a communal establishment","Aged 70 to 74 years","Female",42
"E06000045","Southampton","Lives in a communal establishment","Aged 75 to 79 years","Female",70
"E06000045","Southampton","Lives in a communal establishment","Aged 80 to 84 years","Female",105
"E06000045","Southampton","Lives in a communal establishment","Aged 85 years and over","Female",349
"E06000046","Isle of Wight","Lives in a communal establishment","Total","Female",1240
"E06000046","Isle of Wight","Lives in a communal establishment","Aged 2 years and under","Female",2
"E06000046","Isle of Wight","Lives in a communal establishment","Aged 3 to 4 years","Female",2
"E06000046","Isle of Wight","Lives in a communal establishment","Aged 5 to 7 years","Female",3
"E06000046","Isle of Wight","Lives in a communal establishment","Aged 8 to 9 years","Female",1
"E06000046","Isle of Wight","Lives in a communal establishment","Aged 10 to 14 years","Female",9
"E06000046","Isle of Wight","Lives in a communal establishment","Aged 15 years","Female",4
"E06000046","Isle of Wight","Lives in a communal establishment","Aged 16 to 17 years","Female",12
"E06000046","Isle of Wight","Lives in a communal establishment","Aged 18 to 19 years","Female",17
"E06000046","Isle of Wight","Lives in a communal establishment","Aged 20 to 24 years","Female",34
"E06000046","Isle of Wight","Lives in a communal establishment","Aged 25 to 29 years","Female",18
"E06000046","Isle of Wight","Lives in a communal establishment","Aged 30 to 34 years","Female",25
"E06000046","Isle of Wight","Lives in a communal establishment","Aged 35 to 39 years","Female",22
"E06000046","Isle of Wight","Lives in a communal establishment","Aged 40 to 44 years","Female",25
"E06000046","Isle of Wight","Lives in a communal establishment","Aged 45 to 49 years","Female",31
"E06000046","Isle of Wight","Lives in a communal establishment","Aged 50 to 54 years","Female",55
"E06000046","Isle of Wight","Lives in a communal establishment","Aged 55 to 59 years","Female",67
"E06000046","Isle of Wight","Lives in a communal establishment","Aged 60 to 64 years","Female",63
"E06000046","Isle of Wight","Lives in a communal establishment","Aged 65 years","Female",11
"E06000046","Isle of Wight","Lives in a communal establishment","Aged 66 to 69 years","Female",47
"E06000046","Isle of Wight","Lives in a communal establishment","Aged 70 to 74 years","Female",72
"E06000046","Isle of Wight","Lives in a communal establishment","Aged 75 to 79 years","Female",81
"E06000046","Isle of Wight","Lives in a communal establishment","Aged 80 to 84 years","Female",130
"E06000046","Isle of Wight","Lives in a communal establishment","Aged 85 years and over","Female",509
"E06000060","Buckinghamshire","Lives in a communal establishment","Total","Female",3815
"E06000060","Buckinghamshire","Lives in a communal establishment","Aged 2 years and under","Female",0
"E06000060","Buckinghamshire","Lives in a communal establishment","Aged 3 to 4 years","Female",0
"E06000060","Buckinghamshire","Lives in a communal establishment","Aged 5 to 7 years","Female",5
"E06000060","Buckinghamshire","Lives in a communal establishment","Aged 8 to 9 years","Female",19
"E06000060","Buckinghamshire","Lives in a communal establishment","Aged 10 to 14 years","Female",350
"E06000060","Buckinghamshire","Lives in a communal establishment","Aged 15 years","Female",101
"E06000060","Buckinghamshire","Lives in a communal establishment","Aged 16 to 17 years","Female",285
"E06000060","Buckinghamshire","Lives in a communal establishment","Aged 18 to 19 years","Female",346
"E06000060","Buckinghamshire","Lives in a communal establishment","Aged 20 to 24 years","Female",324
"E06000060","Buckinghamshire","Lives in a communal establishment","Aged 25 to 29 years","Female",105
"E06000060","Buckinghamshire","Lives in a communal establishment","Aged 30 to 34 years","Female",48
"E06000060","Buckinghamshire","Lives in a communal establishment","Aged 35 to 39 years","Female",34
"E06000060","Buckinghamshire","Lives in a communal establishment","Aged 40 to 44 years","Female",56
"E06000060","Buckinghamshire","Lives in a communal establishment","Aged 45 to 49 years","Female",51
"E06000060","Buckinghamshire","Lives in a communal establishment","Aged 50 to 54 years","Female",74
"E06000060","Buckinghamshire","Lives in a communal establishment","Aged 55 to 59 years","Female",71
"E06000060","Buckinghamshire","Lives in a communal establishment","Aged 60 to 64 years","Female",60
"E06000060","Buckinghamshire","Lives in a communal establishment","Aged 65 years","Female",13
"E06000060","Buckinghamshire","Lives in a communal establishment","Aged 66 to 69 years","Female",38
"E06000060","Buckinghamshire","Lives in a communal establishment","Aged 70 to 74 years","Female",78
"E06000060","Buckinghamshire","Lives in a communal establishment","Aged 75 to 79 years","Female",169
"E06000060","Buckinghamshire","Lives in a communal establishment","Aged 80 to 84 years","Female",304
"E06000060","Buckinghamshire","Lives in a communal establishment","Aged 85 years and over","Female",1284
"E07000061","Eastbourne","Lives in a communal establishment","Total","Female",1159
"E07000061","Eastbourne","Lives in a communal establishment","Aged 2 years and under","Female",2
"E07000061","Eastbourne","Lives in a communal establishment","Aged 3 to 4 years","Female",3
"E07000061","Eastbourne","Lives in a communal establishment","Aged 5 to 7 years","Female",0
"E07000061","Eastbourne","Lives in a communal establishment","Aged 8 to 9 years","Female",1
"E07000061","Eastbourne","Lives in a communal establishment","Aged 10 to 14 years","Female",21
"E07000061","Eastbourne","Lives in a communal establishment","Aged 15 years","Female",22
"E07000061","Eastbourne","Lives in a communal establishment","Aged 16 to 17 years","Female",48
"E07000061","Eastbourne","Lives in a communal establishment","Aged 18 to 19 years","Female",81
"E07000061","Eastbourne","Lives in a communal establishment","Aged 20 to 24 years","Female",57
"E07000061","Eastbourne","Lives in a communal establishment","Aged 25 to 29 years","Female",24
"E07000061","Eastbourne","Lives in a communal establishment","Aged 30 to 34 years","Female",16
"E07000061","Eastbourne","Lives in a communal establishment","Aged 35 to 39 years","Female",18
"E07000061","Eastbourne","Lives in a communal establishment","Aged 40 to 44 years","Female",11
"E07000061","Eastbourne","Lives in a communal establishment","Aged 45 to 49 years","Female",13
"E07000061","Eastbourne","Lives in a communal establishment","Aged 50 to 54 years","Female",25
"E07000061","Eastbourne","Lives in a communal establishment","Aged 55 to 59 years","Female",35
"E07000061","Eastbourne","Lives in a communal establishment","Aged 60 to 64 years","Female",43
"E07000061","Eastbourne","Lives in a communal establishment","Aged 65 years","Female",4
"E07000061","Eastbourne","Lives in a communal establishment","Aged 66 to 69 years","Female",18
"E07000061","Eastbourne","Lives in a communal establishment","Aged 70 to 74 years","Female",25
"E07000061","Eastbourne","Lives in a communal establishment","Aged 75 to 79 years","Female",66
"E07000061","Eastbourne","Lives in a communal establishment","Aged 80 to 84 years","Female",124
"E07000061","Eastbourne","Lives in a communal establishment","Aged 85 years and over","Female",502
"E07000062","Hastings","Lives in a communal establishment","Total","Female",728
"E07000062","Hastings","Lives in a communal establishment","Aged 2 years and under","Female",4
"E07000062","Hastings","Lives in a communal establishment","Aged 3 to 4 years","Female",1
"E07000062","Hastings","Lives in a communal establishment","Aged 5 to 7 years","Female",0
"E07000062","Hastings","Lives in a communal establishment","Aged 8 to 9 years","Female",1
"E07000062","Hastings","Lives in a communal establishment","Aged 10 to 14 years","Female",3
"E07000062","Hastings","Lives in a communal establishment","Aged 15 years","Female",0
"E07000062","Hastings","Lives in a communal establishment","Aged 16 to 17 years","Female",3
"E07000062","Hastings","Lives in a communal establishment","Aged 18 to 19 years","Female",5
"E07000062","Hastings","Lives in a communal establishment","Aged 20 to 24 years","Female",6
"E07000062","Hastings","Lives in a communal establishment","Aged 25 to 29 years","Female",6
"E07000062","Hastings","Lives in a communal establishment","Aged 30 to 34 years","Female",14
"E07000062","Hastings","Lives in a communal establishment","Aged 35 to 39 years","Female",18
"E07000062","Hastings","Lives in a communal establishment","Aged 40 to 44 years","Female",4
"E07000062","Hastings","Lives in a communal establishment","Aged 45 to 49 years","Female",14
"E07000062","Hastings","Lives in a communal establishment","Aged 50 to 54 years","Female",17
"E07000062","Hastings","Lives in a communal establishment","Aged 55 to 59 years","Female",30
"E07000062","Hastings","Lives in a communal establishment","Aged 60 to 64 years","Female",18
"E07000062","Hastings","Lives in a communal establishment","Aged 65 years","Female",6
"E07000062","Hastings","Lives in a communal establishment","Aged 66 to 69 years","Female",36
"E07000062","Hastings","Lives in a communal establishment","Aged 70 to 74 years","Female",39
"E07000062","Hastings","Lives in a communal establishment","Aged 75 to 79 years","Female",80
"E07000062","Hastings","Lives in a communal establishment","Aged 80 to 84 years","Female",100
"E07000062","Hastings","Lives in a communal establishment","Aged 85 years and over","Female",323
"E07000063","Lewes","Lives in a communal establishment","Total","Female",750
"E07000063","Lewes","Lives in a communal establishment","Aged 2 years and under","Female",2
"E07000063","Lewes","Lives in a communal establishment","Aged 3 to 4 years","Female",0
"E07000063","Lewes","Lives in a communal establishment","Aged 5 to 7 years","Female",0
"E07000063","Lewes","Lives in a communal establishment","Aged 8 to 9 years","Female",1
"E07000063","Lewes","Lives in a communal establishment","Aged 10 to 14 years","Female",2
"E07000063","Lewes","Lives in a communal establishment","Aged 15 years","Female",2
"E07000063","Lewes","Lives in a communal establishment","Aged 16 to 17 years","Female",19
"E07000063","Lewes","Lives in a communal establishment","Aged 18 to 19 years","Female",39
"E07000063","Lewes","Lives in a communal establishment","Aged 20 to 24 years","Female",13
"E07000063","Lewes","Lives in a communal establishment","Aged 25 to 29 years","Female",8
"E07000063","Lewes","Lives in a communal establishment","Aged 30 to 34 years","Female",9
"E07000063","Lewes","Lives in a communal establishment","Aged 35 to 39 years","Female",6
"E07000063","Lewes","Lives in a communal establishment","Aged 40 to 44 years","Female",2
"E07000063","Lewes","Lives in a communal establishment","Aged 45 to 49 years","Female",5
"E07000063","Lewes","Lives in a communal establishment","Aged 50 to 54 years","Female",5
"E07000063","Lewes","Lives in a communal establishment","Aged 55 to 59 years","Female",14
"E07000063","Lewes","Lives in a communal establishment","Aged 60 to 64 years","Female",8
"E07000063","Lewes","Lives in a communal establishment","Aged 65 years","Female",3
"E07000063","Lewes","Lives in a communal establishment","Aged 66 to 69 years","Female",14
"E07000063","Lewes","Lives in a communal establishment","Aged 70 to 74 years","Female",30
"E07000063","Lewes","Lives in a communal establishment","Aged 75 to 79 years","Female",77
"E07000063","Lewes","Lives in a communal establishment","Aged 80 to 84 years","Female",100
"E07000063","Lewes","Lives in a communal establishment","Aged 85 years and over","Female",391
"E07000064","Rother","Lives in a communal establishment","Total","Female",1070
"E07000064","Rother","Lives in a communal establishment","Aged 2 years and under","Female",9
"E07000064","Rother","Lives in a communal establishment","Aged 3 to 4 years","Female",6
"E07000064","Rother","Lives in a communal establishment","Aged 5 to 7 years","Female",8
"E07000064","Rother","Lives in a communal establishment","Aged 8 to 9 years","Female",5
"E07000064","Rother","Lives in a communal establishment","Aged 10 to 14 years","Female",31
"E07000064","Rother","Lives in a communal establishment","Aged 15 years","Female",13
"E07000064","Rother","Lives in a communal establishment","Aged 16 to 17 years","Female",40
"E07000064","Rother","Lives in a communal establishment","Aged 18 to 19 years","Female",18
"E07000064","Rother","Lives in a communal establishment","Aged 20 to 24 years","Female",33
"E07000064","Rother","Lives in a communal establishment","Aged 25 to 29 years","Female",21
"E07000064","Rother","Lives in a communal establishment","Aged 30 to 34 years","Female",30
"E07000064","Rother","Lives in a communal establishment","Aged 35 to 39 years","Female",15
"E07000064","Rother","Lives in a communal establishment","Aged 40 to 44 years","Female",25
"E07000064","Rother","Lives in a communal establishment","Aged 45 to 49 years","Female",35
"E07000064","Rother","Lives in a communal establishment","Aged 50 to 54 years","Female",24
"E07000064","Rother","Lives in a communal establishment","Aged 55 to 59 years","Female",40
"E07000064","Rother","Lives in a communal establishment","Aged 60 to 64 years","Female",30
"E07000064","Rother","Lives in a communal establishment","Aged 65 years","Female",4
"E07000064","Rother","Lives in a communal establishment","Aged 66 to 69 years","Female",27
"E07000064","Rother","Lives in a communal establishment","Aged 70 to 74 years","Female",46
"E07000064","Rother","Lives in a communal establishment","Aged 75 to 79 years","Female",62
"E07000064","Rother","Lives in a communal establishment","Aged 80 to 84 years","Female",110
"E07000064","Rother","Lives in a communal establishment","Aged 85 years and over","Female",438
"E07000065","Wealden","Lives in a communal establishment","Total","Female",1422
"E07000065","Wealden","Lives in a communal establishment","Aged 2 years and under","Female",3
"E07000065","Wealden","Lives in a communal establishment","Aged 3 to 4 years","Female",0
"E07000065","Wealden","Lives in a communal establishment","Aged 5 to 7 years","Female",0
"E07000065","Wealden","Lives in a communal establishment","Aged 8 to 9 years","Female",0
"E07000065","Wealden","Lives in a communal establishment","Aged 10 to 14 years","Female",74
"E07000065","Wealden","Lives in a communal establishment","Aged 15 years","Female",40
"E07000065","Wealden","Lives in a communal establishment","Aged 16 to 17 years","Female",75
"E07000065","Wealden","Lives in a communal establishment","Aged 18 to 19 years","Female",28
"E07000065","Wealden","Lives in a communal establishment","Aged 20 to 24 years","Female",37
"E07000065","Wealden","Lives in a communal establishment","Aged 25 to 29 years","Female",29
"E07000065","Wealden","Lives in a communal establishment","Aged 30 to 34 years","Female",30
"E07000065","Wealden","Lives in a communal establishment","Aged 35 to 39 years","Female",34
"E07000065","Wealden","Lives in a communal establishment","Aged 40 to 44 years","Female",33
"E07000065","Wealden","Lives in a communal establishment","Aged 45 to 49 years","Female",20
"E07000065","Wealden","Lives in a communal establishment","Aged 50 to 54 years","Female",48
"E07000065","Wealden","Lives in a communal establishment","Aged 55 to 59 years","Female",49
"E07000065","Wealden","Lives in a communal establishment","Aged 60 to 64 years","Female",37
"E07000065","Wealden","Lives in a communal establishment","Aged 65 years","Female",12
"E07000065","Wealden","Lives in a communal establishment","Aged 66 to 69 years","Female",39
"E07000065","Wealden","Lives in a communal establishment","Aged 70 to 74 years","Female",60
"E07000065","Wealden","Lives in a communal establishment","Aged 75 to 79 years","Female",83
"E07000065","Wealden","Lives in a communal establishment","Aged 80 to 84 years","Female",117
"E07000065","Wealden","Lives in a communal establishment","Aged 85 years and over","Female",574
"E07000084","Basingstoke and Deane","Lives in a communal establishment","Total","Female",689
"E07000084","Basingstoke and Deane","Lives in a communal establishment","Aged 2 years and under","Female",1
"E07000084","Basingstoke and Deane","Lives in a communal establishment","Aged 3 to 4 years","Female",1
"E07000084","Basingstoke and Deane","Lives in a communal establishment","Aged 5 to 7 years","Female",2
"E07000084","Basingstoke and Deane","Lives in a communal establishment","Aged 8 to 9 years","Female",0
"E07000084","Basingstoke and Deane","Lives in a communal establishment","Aged 10 to 14 years","Female",4
"E07000084","Basingstoke and Deane","Lives in a communal establishment","Aged 15 years","Female",3
"E07000084","Basingstoke and Deane","Lives in a communal establishment","Aged 16 to 17 years","Female",10
"E07000084","Basingstoke and Deane","Lives in a communal establishment","Aged 18 to 19 years","Female",15
"E07000084","Basingstoke and Deane","Lives in a communal establishment","Aged 20 to 24 years","Female",26
"E07000084","Basingstoke and Deane","Lives in a communal establishment","Aged 25 to 29 years","Female",22
"E07000084","Basingstoke and Deane","Lives in a communal establishment","Aged 30 to 34 years","Female",23
"E07000084","Basingstoke and Deane","Lives in a communal establishment","Aged 35 to 39 years","Female",11
"E07000084","Basingstoke and Deane","Lives in a communal establishment","Aged 40 to 44 years","Female",9
"E07000084","Basingstoke and Deane","Lives in a communal establishment","Aged 45 to 49 years","Female",10
"E07000084","Basingstoke and Deane","Lives in a communal establishment","Aged 50 to 54 years","Female",11
"E07000084","Basingstoke and Deane","Lives in a communal establishment","Aged 55 to 59 years","Female",8
"E07000084","Basingstoke and Deane","Lives in a communal establishment","Aged 60 to 64 years","Female",8
"E07000084","Basingstoke and Deane","Lives in a communal establishment","Aged 65 years","Female",5
"E07000084","Basingstoke and Deane","Lives in a communal establishment","Aged 66 to 69 years","Female",10
"E07000084","Basingstoke and Deane","Lives in a communal establishment","Aged 70 to 74 years","Female",28
"E07000084","Basingstoke and Deane","Lives in a communal establishment","Aged 75 to 79 years","Female",48
"E07000084","Basingstoke and Deane","Lives in a communal establishment","Aged 80 to 84 years","Female",78
"E07000084","Basingstoke and Deane","Lives in a communal establishment","Aged 85 years and over","Female",356
"E07000085","East Hampshire","Lives in a communal establishment","Total","Female",1044
"E07000085","East Hampshire","Lives in a communal establishment","Aged 2 years and under","Female",0
"E07000085","East Hampshire","Lives in a communal establishment","Aged 3 to 4 years","Female",0
"E07000085","East Hampshire","Lives in a communal establishment","Aged 5 to 7 years","Female",1
"E07000085","East Hampshire","Lives in a communal establishment","Aged 8 to 9 years","Female",3
"E07000085","East Hampshire","Lives in a communal establishment","Aged 10 to 14 years","Female",34
"E07000085","East Hampshire","Lives in a communal establishment","Aged 15 years","Female",14
"E07000085","East Hampshire","Lives in a communal establishment","Aged 16 to 17 years","Female",74
"E07000085","East Hampshire","Lives in a communal establishment","Aged 18 to 19 years","Female",38
"E07000085","East Hampshire","Lives in a communal establishment","Aged 20 to 24 years","Female",37
"E07000085","East Hampshire","Lives in a communal establishment","Aged 25 to 29 years","Female",20
"E07000085","East Hampshire","Lives in a communal establishment","Aged 30 to 34 years","Female",22
"E07000085","East Hampshire","Lives in a communal establishment","Aged 35 to 39 years","Female",28
"E07000085","East Hampshire","Lives in a communal establishment","Aged 40 to 44 years","Female",25
"E07000085","East Hampshire","Lives in a communal establishment","Aged 45 to 49 years","Female",18
"E07000085","East Hampshire","Lives in a communal establishment","Aged 50 to 54 years","Female",27
"E07000085","East Hampshire","Lives in a communal establishment","Aged 55 to 59 years","Female",17
"E07000085","East Hampshire","Lives in a communal establishment","Aged 60 to 64 years","Female",11
"E07000085","East Hampshire","Lives in a communal establishment","Aged 65 years","Female",2
"E07000085","East Hampshire","Lives in a communal establishment","Aged 66 to 69 years","Female",9
"E07000085","East Hampshire","Lives in a communal establishment","Aged 70 to 74 years","Female",28
"E07000085","East Hampshire","Lives in a communal establishment","Aged 75 to 79 years","Female",54
"E07000085","East Hampshire","Lives in a communal establishment","Aged 80 to 84 years","Female",118
"E07000085","East Hampshire","Lives in a communal establishment","Aged 85 years and over","Female",464
"E07000086","Eastleigh","Lives in a communal establishment","Total","Female",622
"E07000086","Eastleigh","Lives in a communal establishment","Aged 2 years and under","Female",0
"E07000086","Eastleigh","Lives in a communal establishment","Aged 3 to 4 years","Female",0
"E07000086","Eastleigh","Lives in a communal establishment","Aged 5 to 7 years","Female",1
"E07000086","Eastleigh","Lives in a communal establishment","Aged 8 to 9 years","Female",0
"E07000086","Eastleigh","Lives in a communal establishment","Aged 10 to 14 years","Female",1
"E07000086","Eastleigh","Lives in a communal establishment","Aged 15 years","Female",0
"E07000086","Eastleigh","Lives in a communal establishment","Aged 16 to 17 years","Female",0
"E07000086","Eastleigh","Lives in a communal establishment","Aged 18 to 19 years","Female",6
"E07000086","Eastleigh","Lives in a communal establishment","Aged 20 to 24 years","Female",17
"E07000086","Eastleigh","Lives in a communal establishment","Aged 25 to 29 years","Female",6
"E07000086","Eastleigh","Lives in a communal establishment","Aged 30 to 34 years","Female",15
"E07000086","Eastleigh","Lives in a communal establishment","Aged 35 to 39 years","Female",9
"E07000086","Eastleigh","Lives in a communal establishment","Aged 40 to 44 years","Female",9
"E07000086","Eastleigh","Lives in a communal establishment","Aged 45 to 49 years","Female",13
"E07000086","Eastleigh","Lives in a communal establishment","Aged 50 to 54 years","Female",12
"E07000086","Eastleigh","Lives in a communal establishment","Aged 55 to 59 years","Female",11
"E07000086","Eastleigh","Lives in a communal establishment","Aged 60 to 64 years","Female",17
"E07000086","Eastleigh","Lives in a communal establishment","Aged 65 years","Female",3
"E07000086","Eastleigh","Lives in a communal establishment","Aged 66 to 69 years","Female",10
"E07000086","Eastleigh","Lives in a communal establishment","Aged 70 to 74 years","Female",22
"E07000086","Eastleigh","Lives in a communal establishment","Aged 75 to 79 years","Female",57
"E07000086","Eastleigh","Lives in a communal establishment","Aged 80 to 84 years","Female",66
"E07000086","Eastleigh","Lives in a communal establishment","Aged 85 years and over","Female",347
"E07000087","Fareham","Lives in a communal establishment","Total","Female",806
"E07000087","Fareham","Lives in a communal establishment","Aged 2 years and under","Female",1
"E07000087","Fareham","Lives in a communal establishment","Aged 3 to 4 years","Female",0
"E07000087","Fareham","Lives in a communal establishment","Aged 5 to 7 years","Female",4
"E07000087","Fareham","Lives in a communal establishment","Aged 8 to 9 years","Female",12
"E07000087","Fareham","Lives in a communal establishment","Aged 10 to 14 years","Female",27
"E07000087","Fareham","Lives in a communal establishment","Aged 15 years","Female",4
"E07000087","Fareham","Lives in a communal establishment","Aged 16 to 17 years","Female",1
"E07000087","Fareham","Lives in a communal establishment","Aged 18 to 19 years","Female",21
"E07000087","Fareham","Lives in a communal establishment","Aged 20 to 24 years","Female",41
"E07000087","Fareham","Lives in a communal establishment","Aged 25 to 29 years","Female",10
"E07000087","Fareham","Lives in a communal establishment","Aged 30 to 34 years","Female",8
"E07000087","Fareham","Lives in a communal establishment","Aged 35 to 39 years","Female",15
"E07000087","Fareham","Lives in a communal establishment","Aged 40 to 44 years","Female",7
"E07000087","Fareham","Lives in a communal establishment","Aged 45 to 49 years","Female",7
"E07000087","Fareham","Lives in a communal establishment","Aged 50 to 54 years","Female",12
"E07000087","Fareham","Lives in a communal establishment","Aged 55 to 59 years","Female",15
"E07000087","Fareham","Lives in a communal establishment","Aged 60 to 64 years","Female",12
"E07000087","Fareham","Lives in a communal establishment","Aged 65 years","Female",1
"E07000087","Fareham","Lives in a communal establishment","Aged 66 to 69 years","Female",15
"E07000087","Fareham","Lives in a communal establishment","Aged 70 to 74 years","Female",25
"E07000087","Fareham","Lives in a communal establishment","Aged 75 to 79 years","Female",47
"E07000087","Fareham","Lives in a communal establishment","Aged 80 to 84 years","Female",111
"E07000087","Fareham","Lives in a communal establishment","Aged 85 years and over","Female",410
"E07000088","Gosport","Lives in a communal establishment","Total","Female",502
"E07000088","Gosport","Lives in a communal establishment","Aged 2 years and under","Female",5
"E07000088","Gosport","Lives in a communal establishment","Aged 3 to 4 years","Female",1
"E07000088","Gosport","Lives in a communal establishment","Aged 5 to 7 years","Female",1
"E07000088","Gosport","Lives in a communal establishment","Aged 8 to 9 years","Female",0
"E07000088","Gosport","Lives in a communal establishment","Aged 10 to 14 years","Female",0
"E07000088","Gosport","Lives in a communal establishment","Aged 15 years","Female",0
"E07000088","Gosport","Lives in a communal establishment","Aged 16 to 17 years","Female",2
"E07000088","Gosport","Lives in a communal establishment","Aged 18 to 19 years","Female",5
"E07000088","Gosport","Lives in a communal establishment","Aged 20 to 24 years","Female",11
"E07000088","Gosport","Lives in a communal establishment","Aged 25 to 29 years","Female",9
"E07000088","Gosport","Lives in a communal establishment","Aged 30 to 34 years","Female",4
"E07000088","Gosport","Lives in a communal establishment","Aged 35 to 39 years","Female",10
"E07000088","Gosport","Lives in a communal establishment","Aged 40 to 44 years","Female",5
"E07000088","Gosport","Lives in a communal establishment","Aged 45 to 49 years","Female",8
"E07000088","Gosport","Lives in a communal establishment","Aged 50 to 54 years","Female",7
"E07000088","Gosport","Lives in a communal establishment","Aged 55 to 59 years","Female",8
"E07000088","Gosport","Lives in a communal establishment","Aged 60 to 64 years","Female",113
"E07000088","Gosport","Lives in a communal establishment","Aged 65 years","Female",2
"E07000088","Gosport","Lives in a communal establishment","Aged 66 to 69 years","Female",7
"E07000088","Gosport","Lives in a communal establishment","Aged 70 to 74 years","Female",25
"E07000088","Gosport","Lives in a communal establishment","Aged 75 to 79 years","Female",22
"E07000088","Gosport","Lives in a communal establishment","Aged 80 to 84 years","Female",52
"E07000088","Gosport","Lives in a communal establishment","Aged 85 years and over","Female",205
"E07000089","Hart","Lives in a communal establishment","Total","Female",469
"E07000089","Hart","Lives in a communal establishment","Aged 2 years and under","Female",3
"E07000089","Hart","Lives in a communal establishment","Aged 3 to 4 years","Female",2
"E07000089","Hart","Lives in a communal establishment","Aged 5 to 7 years","Female",2
"E07000089","Hart","Lives in a communal establishment","Aged 8 to 9 years","Female",1
"E07000089","Hart","Lives in a communal establishment","Aged 10 to 14 years","Female",20
"E07000089","Hart","Lives in a communal establishment","Aged 15 years","Female",9
"E07000089","Hart","Lives in a communal establishment","Aged 16 to 17 years","Female",18
"E07000089","Hart","Lives in a communal establishment","Aged 18 to 19 years","Female",19
"E07000089","Hart","Lives in a communal establishment","Aged 20 to 24 years","Female",28
"E07000089","Hart","Lives in a communal establishment","Aged 25 to 29 years","Female",29
"E07000089","Hart","Lives in a communal establishment","Aged 30 to 34 years","Female",19
"E07000089","Hart","Lives in a communal establishment","Aged 35 to 39 years","Female",12
"E07000089","Hart","Lives in a communal establishment","Aged 40 to 44 years","Female",7
"E07000089","Hart","Lives in a communal establishment","Aged 45 to 49 years","Female",7
"E07000089","Hart","Lives in a communal establishment","Aged 50 to 54 years","Female",17
"E07000089","Hart","Lives in a communal establishment","Aged 55 to 59 years","Female",5
"E07000089","Hart","Lives in a communal establishment","Aged 60 to 64 years","Female",4
"E07000089","Hart","Lives in a communal establishment","Aged 65 years","Female",0
"E07000089","Hart","Lives in a communal establishment","Aged 66 to 69 years","Female",4
"E07000089","Hart","Lives in a communal establishment","Aged 70 to 74 years","Female",12
"E07000089","Hart","Lives in a communal establishment","Aged 75 to 79 years","Female",25
"E07000089","Hart","Lives in a communal establishment","Aged 80 to 84 years","Female",40
"E07000089","Hart","Lives in a communal establishment","Aged 85 years and over","Female",186
"E07000090","Havant","Lives in a communal establishment","Total","Female",649
"E07000090","Havant","Lives in a communal establishment","Aged 2 years and under","Female",0
"E07000090","Havant","Lives in a communal establishment","Aged 3 to 4 years","Female",0
"E07000090","Havant","Lives in a communal establishment","Aged 5 to 7 years","Female",0
"E07000090","Havant","Lives in a communal establishment","Aged 8 to 9 years","Female",0
"E07000090","Havant","Lives in a communal establishment","Aged 10 to 14 years","Female",0
"E07000090","Havant","Lives in a communal establishment","Aged 15 years","Female",0
"E07000090","Havant","Lives in a communal establishment","Aged 16 to 17 years","Female",1
"E07000090","Havant","Lives in a communal establishment","Aged 18 to 19 years","Female",2
"E07000090","Havant","Lives in a communal establishment","Aged 20 to 24 years","Female",3
"E07000090","Havant","Lives in a communal establishment","Aged 25 to 29 years","Female",10
"E07000090","Havant","Lives in a communal establishment","Aged 30 to 34 years","Female",18
"E07000090","Havant","Lives in a communal establishment","Aged 35 to 39 years","Female",10
"E07000090","Havant","Lives in a communal establishment","Aged 40 to 44 years","Female",3
"E07000090","Havant","Lives in a communal establishment","Aged 45 to 49 years","Female",20
"E07000090","Havant","Lives in a communal establishment","Aged 50 to 54 years","Female",26
"E07000090","Havant","Lives in a communal establishment","Aged 55 to 59 years","Female",22
"E07000090","Havant","Lives in a communal establishment","Aged 60 to 64 years","Female",23
"E07000090","Havant","Lives in a communal establishment","Aged 65 years","Female",3
"E07000090","Havant","Lives in a communal establishment","Aged 66 to 69 years","Female",23
"E07000090","Havant","Lives in a communal establishment","Aged 70 to 74 years","Female",36
"E07000090","Havant","Lives in a communal establishment","Aged 75 to 79 years","Female",54
"E07000090","Havant","Lives in a communal establishment","Aged 80 to 84 years","Female",90
"E07000090","Havant","Lives in a communal establishment","Aged 85 years and over","Female",305
"E07000091","New Forest","Lives in a communal establishment","Total","Female",1489
"E07000091","New Forest","Lives in a communal establishment","Aged 2 years and under","Female",0
"E07000091","New Forest","Lives in a communal establishment","Aged 3 to 4 years","Female",3
"E07000091","New Forest","Lives in a communal establishment","Aged 5 to 7 years","Female",3
"E07000091","New Forest","Lives in a communal establishment","Aged 8 to 9 years","Female",10
"E07000091","New Forest","Lives in a communal establishment","Aged 10 to 14 years","Female",34
"E07000091","New Forest","Lives in a communal establishment","Aged 15 years","Female",3
"E07000091","New Forest","Lives in a communal establishment","Aged 16 to 17 years","Female",18
"E07000091","New Forest","Lives in a communal establishment","Aged 18 to 19 years","Female",18
"E07000091","New Forest","Lives in a communal establishment","Aged 20 to 24 years","Female",44
"E07000091","New Forest","Lives in a communal establishment","Aged 25 to 29 years","Female",19
"E07000091","New Forest","Lives in a communal establishment","Aged 30 to 34 years","Female",18
"E07000091","New Forest","Lives in a communal establishment","Aged 35 to 39 years","Female",19
"E07000091","New Forest","Lives in a communal establishment","Aged 40 to 44 years","Female",16
"E07000091","New Forest","Lives in a communal establishment","Aged 45 to 49 years","Female",28
"E07000091","New Forest","Lives in a communal establishment","Aged 50 to 54 years","Female",21
"E07000091","New Forest","Lives in a communal establishment","Aged 55 to 59 years","Female",26
"E07000091","New Forest","Lives in a communal establishment","Aged 60 to 64 years","Female",30
"E07000091","New Forest","Lives in a communal establishment","Aged 65 years","Female",8
"E07000091","New Forest","Lives in a communal establishment","Aged 66 to 69 years","Female",29
"E07000091","New Forest","Lives in a communal establishment","Aged 70 to 74 years","Female",49
"E07000091","New Forest","Lives in a communal establishment","Aged 75 to 79 years","Female",82
"E07000091","New Forest","Lives in a communal establishment","Aged 80 to 84 years","Female",188
"E07000091","New Forest","Lives in a communal establishment","Aged 85 years and over","Female",823
"E07000092","Rushmoor","Lives in a communal establishment","Total","Female",338
"E07000092","Rushmoor","Lives in a communal establishment","Aged 2 years and under","Female",0
"E07000092","Rushmoor","Lives in a communal establishment","Aged 3 to 4 years","Female",0
"E07000092","Rushmoor","Lives in a communal establishment","Aged 5 to 7 years","Female",0
"E07000092","Rushmoor","Lives in a communal establishment","Aged 8 to 9 years","Female",0
"E07000092","Rushmoor","Lives in a communal establishment","Aged 10 to 14 years","Female",0
"E07000092","Rushmoor","Lives in a communal establishment","Aged 15 years","Female",0
"E07000092","Rushmoor","Lives in a communal establishment","Aged 16 to 17 years","Female",3
"E07000092","Rushmoor","Lives in a communal establishment","Aged 18 to 19 years","Female",7
"E07000092","Rushmoor","Lives in a communal establishment","Aged 20 to 24 years","Female",15
"E07000092","Rushmoor","Lives in a communal establishment","Aged 25 to 29 years","Female",20
"E07000092","Rushmoor","Lives in a communal establishment","Aged 30 to 34 years","Female",12
"E07000092","Rushmoor","Lives in a communal establishment","Aged 35 to 39 years","Female",12
"E07000092","Rushmoor","Lives in a communal establishment","Aged 40 to 44 years","Female",10
"E07000092","Rushmoor","Lives in a communal establishment","Aged 45 to 49 years","Female",6
"E07000092","Rushmoor","Lives in a communal establishment","Aged 50 to 54 years","Female",9
"E07000092","Rushmoor","Lives in a communal establishment","Aged 55 to 59 years","Female",7
"E07000092","Rushmoor","Lives in a communal establishment","Aged 60 to 64 years","Female",5
"E07000092","Rushmoor","Lives in a communal establishment","Aged 65 years","Female",0
"E07000092","Rushmoor","Lives in a communal establishment","Aged 66 to 69 years","Female",11
"E07000092","Rushmoor","Lives in a communal establishment","Aged 70 to 74 years","Female",12
"E07000092","Rushmoor","Lives in a communal establishment","Aged 75 to 79 years","Female",22
"E07000092","Rushmoor","Lives in a communal establishment","Aged 80 to 84 years","Female",35
"E07000092","Rushmoor","Lives in a communal establishment","Aged 85 years and over","Female",152
"E07000093","Test Valley","Lives in a communal establishment","Total","Female",787
"E07000093","Test Valley","Lives in a communal establishment","Aged 2 years and under","Female",0
"E07000093","Test Valley","Lives in a communal establishment","Aged 3 to 4 years","Female",0
"E07000093","Test Valley","Lives in a communal establishment","Aged 5 to 7 years","Female",2
"E07000093","Test Valley","Lives in a communal establishment","Aged 8 to 9 years","Female",10
"E07000093","Test Valley","Lives in a communal establishment","Aged 10 to 14 years","Female",70
"E07000093","Test Valley","Lives in a communal establishment","Aged 15 years","Female",6
"E07000093","Test Valley","Lives in a communal establishment","Aged 16 to 17 years","Female",14
"E07000093","Test Valley","Lives in a communal establishment","Aged 18 to 19 years","Female",9
"E07000093","Test Valley","Lives in a communal establishment","Aged 20 to 24 years","Female",21
"E07000093","Test Valley","Lives in a communal establishment","Aged 25 to 29 years","Female",14
"E07000093","Test Valley","Lives in a communal establishment","Aged 30 to 34 years","Female",16
"E07000093","Test Valley","Lives in a communal establishment","Aged 35 to 39 years","Female",16
"E07000093","Test Valley","Lives in a communal establishment","Aged 40 to 44 years","Female",8
"E07000093","Test Valley","Lives in a communal establishment","Aged 45 to 49 years","Female",2
"E07000093","Test Valley","Lives in a communal establishment","Aged 50 to 54 years","Female",15
"E07000093","Test Valley","Lives in a communal establishment","Aged 55 to 59 years","Female",24
"E07000093","Test Valley","Lives in a communal establishment","Aged 60 to 64 years","Female",15
"E07000093","Test Valley","Lives in a communal establishment","Aged 65 years","Female",3
"E07000093","Test Valley","Lives in a communal establishment","Aged 66 to 69 years","Female",14
"E07000093","Test Valley","Lives in a communal establishment","Aged 70 to 74 years","Female",36
"E07000093","Test Valley","Lives in a communal establishment","Aged 75 to 79 years","Female",42
"E07000093","Test Valley","Lives in a communal establishment","Aged 80 to 84 years","Female",80
"E07000093","Test Valley","Lives in a communal establishment","Aged 85 years and over","Female",370
"E07000094","Winchester","Lives in a communal establishment","Total","Female",2514
"E07000094","Winchester","Lives in a communal establishment","Aged 2 years and under","Female",3
"E07000094","Winchester","Lives in a communal establishment","Aged 3 to 4 years","Female",1
"E07000094","Winchester","Lives in a communal establishment","Aged 5 to 7 years","Female",3
"E07000094","Winchester","Lives in a communal establishment","Aged 8 to 9 years","Female",3
"E07000094","Winchester","Lives in a communal establishment","Aged 10 to 14 years","Female",73
"E07000094","Winchester","Lives in a communal establishment","Aged 15 years","Female",35
"E07000094","Winchester","Lives in a communal establishment","Aged 16 to 17 years","Female",139
"E07000094","Winchester","Lives in a communal establishment","Aged 18 to 19 years","Female",1040
"E07000094","Winchester","Lives in a communal establishment","Aged 20 to 24 years","Female",422
"E07000094","Winchester","Lives in a communal establishment","Aged 25 to 29 years","Female",56
"E07000094","Winchester","Lives in a communal establishment","Aged 30 to 34 years","Female",16
"E07000094","Winchester","Lives in a communal establishment","Aged 35 to 39 years","Female",24
"E07000094","Winchester","Lives in a communal establishment","Aged 40 to 44 years","Female",16
"E07000094","Winchester","Lives in a communal establishment","Aged 45 to 49 years","Female",12
"E07000094","Winchester","Lives in a communal establishment","Aged 50 to 54 years","Female",23
"E07000094","Winchester","Lives in a communal establishment","Aged 55 to 59 years","Female",17
"E07000094","Winchester","Lives in a communal establishment","Aged 60 to 64 years","Female",10
"E07000094","Winchester","Lives in a communal establishment","Aged 65 years","Female",6
"E07000094","Winchester","Lives in a communal establishment","Aged 66 to 69 years","Female",12
"E07000094","Winchester","Lives in a communal establishment","Aged 70 to 74 years","Female",26
"E07000094","Winchester","Lives in a communal establishment","Aged 75 to 79 years","Female",48
"E07000094","Winchester","Lives in a communal establishment","Aged 80 to 84 years","Female",81
"E07000094","Winchester","Lives in a communal establishment","Aged 85 years and over","Female",448
"E07000105","Ashford","Lives in a communal establishment","Total","Female",540
"E07000105","Ashford","Lives in a communal establishment","Aged 2 years and under","Female",0
"E07000105","Ashford","Lives in a communal establishment","Aged 3 to 4 years","Female",0
"E07000105","Ashford","Lives in a communal establishment","Aged 5 to 7 years","Female",2
"E07000105","Ashford","Lives in a communal establishment","Aged 8 to 9 years","Female",5
"E07000105","Ashford","Lives in a communal establishment","Aged 10 to 14 years","Female",22
"E07000105","Ashford","Lives in a communal establishment","Aged 15 years","Female",4
"E07000105","Ashford","Lives in a communal establishment","Aged 16 to 17 years","Female",0
"E07000105","Ashford","Lives in a communal establishment","Aged 18 to 19 years","Female",0
"E07000105","Ashford","Lives in a communal establishment","Aged 20 to 24 years","Female",1
"E07000105","Ashford","Lives in a communal establishment","Aged 25 to 29 years","Female",6
"E07000105","Ashford","Lives in a communal establishment","Aged 30 to 34 years","Female",9
"E07000105","Ashford","Lives in a communal establishment","Aged 35 to 39 years","Female",1
"E07000105","Ashford","Lives in a communal establishment","Aged 40 to 44 years","Female",15
"E07000105","Ashford","Lives in a communal establishment","Aged 45 to 49 years","Female",14
"E07000105","Ashford","Lives in a communal establishment","Aged 50 to 54 years","Female",10
"E07000105","Ashford","Lives in a communal establishment","Aged 55 to 59 years","Female",8
"E07000105","Ashford","Lives in a communal establishment","Aged 60 to 64 years","Female",16
"E07000105","Ashford","Lives in a communal establishment","Aged 65 years","Female",5
"E07000105","Ashford","Lives in a communal establishment","Aged 66 to 69 years","Female",8
"E07000105","Ashford","Lives in a communal establishment","Aged 70 to 74 years","Female",18
"E07000105","Ashford","Lives in a communal establishment","Aged 75 to 79 years","Female",43
"E07000105","Ashford","Lives in a communal establishment","Aged 80 to 84 years","Female",86
"E07000105","Ashford","Lives in a communal establishment","Aged 85 years and over","Female",267
"E07000106","Canterbury","Lives in a communal establishment","Total","Female",5086
"E07000106","Canterbury","Lives in a communal establishment","Aged 2 years and under","Female",0
"E07000106","Canterbury","Lives in a communal establishment","Aged 3 to 4 years","Female",4
"E07000106","Canterbury","Lives in a communal establishment","Aged 5 to 7 years","Female",7
"E07000106","Canterbury","Lives in a communal establishment","Aged 8 to 9 years","Female",4
"E07000106","Canterbury","Lives in a communal establishment","Aged 10 to 14 years","Female",98
"E07000106","Canterbury","Lives in a communal establishment","Aged 15 years","Female",37
"E07000106","Canterbury","Lives in a communal establishment","Aged 16 to 17 years","Female",181
"E07000106","Canterbury","Lives in a communal establishment","Aged 18 to 19 years","Female",2068
"E07000106","Canterbury","Lives in a communal establishment","Aged 20 to 24 years","Female",1437
"E07000106","Canterbury","Lives in a communal establishment","Aged 25 to 29 years","Female",122
"E07000106","Canterbury","Lives in a communal establishment","Aged 30 to 34 years","Female",57
"E07000106","Canterbury","Lives in a communal establishment","Aged 35 to 39 years","Female",33
"E07000106","Canterbury","Lives in a communal establishment","Aged 40 to 44 years","Female",37
"E07000106","Canterbury","Lives in a communal establishment","Aged 45 to 49 years","Female",39
"E07000106","Canterbury","Lives in a communal establishment","Aged 50 to 54 years","Female",48
"E07000106","Canterbury","Lives in a communal establishment","Aged 55 to 59 years","Female",59
"E07000106","Canterbury","Lives in a communal establishment","Aged 60 to 64 years","Female",54
"E07000106","Canterbury","Lives in a communal establishment","Aged 65 years","Female",6
"E07000106","Canterbury","Lives in a communal establishment","Aged 66 to 69 years","Female",27
"E07000106","Canterbury","Lives in a communal establishment","Aged 70 to 74 years","Female",54
"E07000106","Canterbury","Lives in a communal establishment","Aged 75 to 79 years","Female",76
"E07000106","Canterbury","Lives in a communal establishment","Aged 80 to 84 years","Female",117
"E07000106","Canterbury","Lives in a communal establishment","Aged 85 years and over","Female",521
"E07000107","Dartford","Lives in a communal establishment","Total","Female",422
"E07000107","Dartford","Lives in a communal establishment","Aged 2 years and under","Female",0
"E07000107","Dartford","Lives in a communal establishment","Aged 3 to 4 years","Female",3
"E07000107","Dartford","Lives in a communal establishment","Aged 5 to 7 years","Female",0
"E07000107","Dartford","Lives in a communal establishment","Aged 8 to 9 years","Female",1
"E07000107","Dartford","Lives in a communal establishment","Aged 10 to 14 years","Female",3
"E07000107","Dartford","Lives in a communal establishment","Aged 15 years","Female",0
"E07000107","Dartford","Lives in a communal establishment","Aged 16 to 17 years","Female",5
"E07000107","Dartford","Lives in a communal establishment","Aged 18 to 19 years","Female",4
"E07000107","Dartford","Lives in a communal establishment","Aged 20 to 24 years","Female",10
"E07000107","Dartford","Lives in a communal establishment","Aged 25 to 29 years","Female",12
"E07000107","Dartford","Lives in a communal establishment","Aged 30 to 34 years","Female",8
"E07000107","Dartford","Lives in a communal establishment","Aged 35 to 39 years","Female",3
"E07000107","Dartford","Lives in a communal establishment","Aged 40 to 44 years","Female",3
"E07000107","Dartford","Lives in a communal establishment","Aged 45 to 49 years","Female",5
"E07000107","Dartford","Lives in a communal establishment","Aged 50 to 54 years","Female",6
"E07000107","Dartford","Lives in a communal establishment","Aged 55 to 59 years","Female",9
"E07000107","Dartford","Lives in a communal establishment","Aged 60 to 64 years","Female",10
"E07000107","Dartford","Lives in a communal establishment","Aged 65 years","Female",0
"E07000107","Dartford","Lives in a communal establishment","Aged 66 to 69 years","Female",8
"E07000107","Dartford","Lives in a communal establishment","Aged 70 to 74 years","Female",23
"E07000107","Dartford","Lives in a communal establishment","Aged 75 to 79 years","Female",39
"E07000107","Dartford","Lives in a communal establishment","Aged 80 to 84 years","Female",68
"E07000107","Dartford","Lives in a communal establishment","Aged 85 years and over","Female",202
"E07000108","Dover","Lives in a communal establishment","Total","Female",1081
"E07000108","Dover","Lives in a communal establishment","Aged 2 years and under","Female",12
"E07000108","Dover","Lives in a communal establishment","Aged 3 to 4 years","Female",8
"E07000108","Dover","Lives in a communal establishment","Aged 5 to 7 years","Female",10
"E07000108","Dover","Lives in a communal establishment","Aged 8 to 9 years","Female",12
"E07000108","Dover","Lives in a communal establishment","Aged 10 to 14 years","Female",109
"E07000108","Dover","Lives in a communal establishment","Aged 15 years","Female",29
"E07000108","Dover","Lives in a communal establishment","Aged 16 to 17 years","Female",52
"E07000108","Dover","Lives in a communal establishment","Aged 18 to 19 years","Female",21
"E07000108","Dover","Lives in a communal establishment","Aged 20 to 24 years","Female",14
"E07000108","Dover","Lives in a communal establishment","Aged 25 to 29 years","Female",45
"E07000108","Dover","Lives in a communal establishment","Aged 30 to 34 years","Female",28
"E07000108","Dover","Lives in a communal establishment","Aged 35 to 39 years","Female",33
"E07000108","Dover","Lives in a communal establishment","Aged 40 to 44 years","Female",24
"E07000108","Dover","Lives in a communal establishment","Aged 45 to 49 years","Female",27
"E07000108","Dover","Lives in a communal establishment","Aged 50 to 54 years","Female",27
"E07000108","Dover","Lives in a communal establishment","Aged 55 to 59 years","Female",36
"E07000108","Dover","Lives in a communal establishment","Aged 60 to 64 years","Female",28
"E07000108","Dover","Lives in a communal establishment","Aged 65 years","Female",5
"E07000108","Dover","Lives in a communal establishment","Aged 66 to 69 years","Female",27
"E07000108","Dover","Lives in a communal establishment","Aged 70 to 74 years","Female",50
"E07000108","Dover","Lives in a communal establishment","Aged 75 to 79 years","Female",64
"E07000108","Dover","Lives in a communal establishment","Aged 80 to 84 years","Female",83
"E07000108","Dover","Lives in a communal establishment","Aged 85 years and over","Female",337
"E07000109","Gravesham","Lives in a communal establishment","Total","Female",301
"E07000109","Gravesham","Lives in a communal establishment","Aged 2 years and under","Female",0
"E07000109","Gravesham","Lives in a communal establishment","Aged 3 to 4 years","Female",1
"E07000109","Gravesham","Lives in a communal establishment","Aged 5 to 7 years","Female",0
"E07000109","Gravesham","Lives in a communal establishment","Aged 8 to 9 years","Female",0
"E07000109","Gravesham","Lives in a communal establishment","Aged 10 to 14 years","Female",12
"E07000109","Gravesham","Lives in a communal establishment","Aged 15 years","Female",9
"E07000109","Gravesham","Lives in a communal establishment","Aged 16 to 17 years","Female",12
"E07000109","Gravesham","Lives in a communal establishment","Aged 18 to 19 years","Female",4
"E07000109","Gravesham","Lives in a communal establishment","Aged 20 to 24 years","Female",0
"E07000109","Gravesham","Lives in a communal establishment","Aged 25 to 29 years","Female",3
"E07000109","Gravesham","Lives in a communal establishment","Aged 30 to 34 years","Female",4
"E07000109","Gravesham","Lives in a communal establishment","Aged 35 to 39 years","Female",0
"E07000109","Gravesham","Lives in a communal establishment","Aged 40 to 44 years","Female",4
"E07000109","Gravesham","Lives in a communal establishment","Aged 45 to 49 years","Female",4
"E07000109","Gravesham","Lives in a communal establishment","Aged 50 to 54 years","Female",7
"E07000109","Gravesham","Lives in a communal establishment","Aged 55 to 59 years","Female",5
"E07000109","Gravesham","Lives in a communal establishment","Aged 60 to 64 years","Female",7
"E07000109","Gravesham","Lives in a communal establishment","Aged 65 years","Female",1
"E07000109","Gravesham","Lives in a communal establishment","Aged 66 to 69 years","Female",10
"E07000109","Gravesham","Lives in a communal establishment","Aged 70 to 74 years","Female",15
"E07000109","Gravesham","Lives in a communal establishment","Aged 75 to 79 years","Female",25
"E07000109","Gravesham","Lives in a communal establishment","Aged 80 to 84 years","Female",44
"E07000109","Gravesham","Lives in a communal establishment","Aged 85 years and over","Female",134
"E07000110","Maidstone","Lives in a communal establishment","Total","Female",909
"E07000110","Maidstone","Lives in a communal establishment","Aged 2 years and under","Female",1
"E07000110","Maidstone","Lives in a communal establishment","Aged 3 to 4 years","Female",1
"E07000110","Maidstone","Lives in a communal establishment","Aged 5 to 7 years","Female",0
"E07000110","Maidstone","Lives in a communal establishment","Aged 8 to 9 years","Female",0
"E07000110","Maidstone","Lives in a communal establishment","Aged 10 to 14 years","Female",6
"E07000110","Maidstone","Lives in a communal establishment","Aged 15 years","Female",3
"E07000110","Maidstone","Lives in a communal establishment","Aged 16 to 17 years","Female",14
"E07000110","Maidstone","Lives in a communal establishment","Aged 18 to 19 years","Female",6
"E07000110","Maidstone","Lives in a communal establishment","Aged 20 to 24 years","Female",22
"E07000110","Maidstone","Lives in a communal establishment","Aged 25 to 29 years","Female",25
"E07000110","Maidstone","Lives in a communal establishment","Aged 30 to 34 years","Female",40
"E07000110","Maidstone","Lives in a communal establishment","Aged 35 to 39 years","Female",33
"E07000110","Maidstone","Lives in a communal establishment","Aged 40 to 44 years","Female",19
"E07000110","Maidstone","Lives in a communal establishment","Aged 45 to 49 years","Female",33
"E07000110","Maidstone","Lives in a communal establishment","Aged 50 to 54 years","Female",28
"E07000110","Maidstone","Lives in a communal establishment","Aged 55 to 59 years","Female",26
"E07000110","Maidstone","Lives in a communal establishment","Aged 60 to 64 years","Female",22
"E07000110","Maidstone","Lives in a communal establishment","Aged 65 years","Female",1
"E07000110","Maidstone","Lives in a communal establishment","Aged 66 to 69 years","Female",12
"E07000110","Maidstone","Lives in a communal establishment","Aged 70 to 74 years","Female",33
"E07000110","Maidstone","Lives in a communal establishment","Aged 75 to 79 years","Female",56
"E07000110","Maidstone","Lives in a communal establishment","Aged 80 to 84 years","Female",118
"E07000110","Maidstone","Lives in a communal establishment","Aged 85 years and over","Female",410
"E07000111","Sevenoaks","Lives in a communal establishment","Total","Female",686
"E07000111","Sevenoaks","Lives in a communal establishment","Aged 2 years and under","Female",5
"E07000111","Sevenoaks","Lives in a communal establishment","Aged 3 to 4 years","Female",1
"E07000111","Sevenoaks","Lives in a communal establishment","Aged 5 to 7 years","Female",3
"E07000111","Sevenoaks","Lives in a communal establishment","Aged 8 to 9 years","Female",2
"E07000111","Sevenoaks","Lives in a communal establishment","Aged 10 to 14 years","Female",30
"E07000111","Sevenoaks","Lives in a communal establishment","Aged 15 years","Female",25
"E07000111","Sevenoaks","Lives in a communal establishment","Aged 16 to 17 years","Female",79
"E07000111","Sevenoaks","Lives in a communal establishment","Aged 18 to 19 years","Female",24
"E07000111","Sevenoaks","Lives in a communal establishment","Aged 20 to 24 years","Female",0
"E07000111","Sevenoaks","Lives in a communal establishment","Aged 25 to 29 years","Female",3
"E07000111","Sevenoaks","Lives in a communal establishment","Aged 30 to 34 years","Female",7
"E07000111","Sevenoaks","Lives in a communal establishment","Aged 35 to 39 years","Female",9
"E07000111","Sevenoaks","Lives in a communal establishment","Aged 40 to 44 years","Female",6
"E07000111","Sevenoaks","Lives in a communal establishment","Aged 45 to 49 years","Female",9
"E07000111","Sevenoaks","Lives in a communal establishment","Aged 50 to 54 years","Female",7
"E07000111","Sevenoaks","Lives in a communal establishment","Aged 55 to 59 years","Female",15
"E07000111","Sevenoaks","Lives in a communal establishment","Aged 60 to 64 years","Female",5
"E07000111","Sevenoaks","Lives in a communal establishment","Aged 65 years","Female",1
"E07000111","Sevenoaks","Lives in a communal establishment","Aged 66 to 69 years","Female",9
"E07000111","Sevenoaks","Lives in a communal establishment","Aged 70 to 74 years","Female",33
"E07000111","Sevenoaks","Lives in a communal establishment","Aged 75 to 79 years","Female",34
"E07000111","Sevenoaks","Lives in a communal establishment","Aged 80 to 84 years","Female",60
"E07000111","Sevenoaks","Lives in a communal establishment","Aged 85 years and over","Female",319
"E07000112","Folkestone and Hythe","Lives in a communal establishment","Total","Female",848
"E07000112","Folkestone and Hythe","Lives in a communal establishment","Aged 2 years and under","Female",1
"E07000112","Folkestone and Hythe","Lives in a communal establishment","Aged 3 to 4 years","Female",1
"E07000112","Folkestone and Hythe","Lives in a communal establishment","Aged 5 to 7 years","Female",1
"E07000112","Folkestone and Hythe","Lives in a communal establishment","Aged 8 to 9 years","Female",0
"E07000112","Folkestone and Hythe","Lives in a communal establishment","Aged 10 to 14 years","Female",2
"E07000112","Folkestone and Hythe","Lives in a communal establishment","Aged 15 years","Female",0
"E07000112","Folkestone and Hythe","Lives in a communal establishment","Aged 16 to 17 years","Female",13
"E07000112","Folkestone and Hythe","Lives in a communal establishment","Aged 18 to 19 years","Female",5
"E07000112","Folkestone and Hythe","Lives in a communal establishment","Aged 20 to 24 years","Female",15
"E07000112","Folkestone and Hythe","Lives in a communal establishment","Aged 25 to 29 years","Female",20
"E07000112","Folkestone and Hythe","Lives in a communal establishment","Aged 30 to 34 years","Female",18
"E07000112","Folkestone and Hythe","Lives in a communal establishment","Aged 35 to 39 years","Female",35
"E07000112","Folkestone and Hythe","Lives in a communal establishment","Aged 40 to 44 years","Female",29
"E07000112","Folkestone and Hythe","Lives in a communal establishment","Aged 45 to 49 years","Female",48
"E07000112","Folkestone and Hythe","Lives in a communal establishment","Aged 50 to 54 years","Female",25
"E07000112","Folkestone and Hythe","Lives in a communal establishment","Aged 55 to 59 years","Female",30
"E07000112","Folkestone and Hythe","Lives in a communal establishment","Aged 60 to 64 years","Female",22
"E07000112","Folkestone and Hythe","Lives in a communal establishment","Aged 65 years","Female",7
"E07000112","Folkestone and Hythe","Lives in a communal establishment","Aged 66 to 69 years","Female",23
"E07000112","Folkestone and Hythe","Lives in a communal establishment","Aged 70 to 74 years","Female",45
"E07000112","Folkestone and Hythe","Lives in a communal establishment","Aged 75 to 79 years","Female",54
"E07000112","Folkestone and Hythe","Lives in a communal establishment","Aged 80 to 84 years","Female",87
"E07000112","Folkestone and Hythe","Lives in a communal establishment","Aged 85 years and over","Female",367
"E07000113","Swale","Lives in a communal establishment","Total","Female",500
"E07000113","Swale","Lives in a communal establishment","Aged 2 years and under","Female",1
"E07000113","Swale","Lives in a communal establishment","Aged 3 to 4 years","Female",0
"E07000113","Swale","Lives in a communal establishment","Aged 5 to 7 years","Female",2
"E07000113","Swale","Lives in a communal establishment","Aged 8 to 9 years","Female",0
"E07000113","Swale","Lives in a communal establishment","Aged 10 to 14 years","Female",0
"E07000113","Swale","Lives in a communal establishment","Aged 15 years","Female",0
"E07000113","Swale","Lives in a communal establishment","Aged 16 to 17 years","Female",0
"E07000113","Swale","Lives in a communal establishment","Aged 18 to 19 years","Female",3
"E07000113","Swale","Lives in a communal establishment","Aged 20 to 24 years","Female",5
"E07000113","Swale","Lives in a communal establishment","Aged 25 to 29 years","Female",5
"E07000113","Swale","Lives in a communal establishment","Aged 30 to 34 years","Female",9
"E07000113","Swale","Lives in a communal establishment","Aged 35 to 39 years","Female",5
"E07000113","Swale","Lives in a communal establishment","Aged 40 to 44 years","Female",7
"E07000113","Swale","Lives in a communal establishment","Aged 45 to 49 years","Female",9
"E07000113","Swale","Lives in a communal establishment","Aged 50 to 54 years","Female",13
"E07000113","Swale","Lives in a communal establishment","Aged 55 to 59 years","Female",17
"E07000113","Swale","Lives in a communal establishment","Aged 60 to 64 years","Female",16
"E07000113","Swale","Lives in a communal establishment","Aged 65 years","Female",3
"E07000113","Swale","Lives in a communal establishment","Aged 66 to 69 years","Female",7
"E07000113","Swale","Lives in a communal establishment","Aged 70 to 74 years","Female",28
"E07000113","Swale","Lives in a communal establishment","Aged 75 to 79 years","Female",50
"E07000113","Swale","Lives in a communal establishment","Aged 80 to 84 years","Female",59
"E07000113","Swale","Lives in a communal establishment","Aged 85 years and over","Female",261
"E07000114","Thanet","Lives in a communal establishment","Total","Female",980
"E07000114","Thanet","Lives in a communal establishment","Aged 2 years and under","Female",8
"E07000114","Thanet","Lives in a communal establishment","Aged 3 to 4 years","Female",0
"E07000114","Thanet","Lives in a communal establishment","Aged 5 to 7 years","Female",3
"E07000114","Thanet","Lives in a communal establishment","Aged 8 to 9 years","Female",3
"E07000114","Thanet","Lives in a communal establishment","Aged 10 to 14 years","Female",36
"E07000114","Thanet","Lives in a communal establishment","Aged 15 years","Female",11
"E07000114","Thanet","Lives in a communal establishment","Aged 16 to 17 years","Female",19
"E07000114","Thanet","Lives in a communal establishment","Aged 18 to 19 years","Female",5
"E07000114","Thanet","Lives in a communal establishment","Aged 20 to 24 years","Female",9
"E07000114","Thanet","Lives in a communal establishment","Aged 25 to 29 years","Female",24
"E07000114","Thanet","Lives in a communal establishment","Aged 30 to 34 years","Female",19
"E07000114","Thanet","Lives in a communal establishment","Aged 35 to 39 years","Female",24
"E07000114","Thanet","Lives in a communal establishment","Aged 40 to 44 years","Female",14
"E07000114","Thanet","Lives in a communal establishment","Aged 45 to 49 years","Female",28
"E07000114","Thanet","Lives in a communal establishment","Aged 50 to 54 years","Female",29
"E07000114","Thanet","Lives in a communal establishment","Aged 55 to 59 years","Female",24
"E07000114","Thanet","Lives in a communal establishment","Aged 60 to 64 years","Female",39
"E07000114","Thanet","Lives in a communal establishment","Aged 65 years","Female",5
"E07000114","Thanet","Lives in a communal establishment","Aged 66 to 69 years","Female",24
"E07000114","Thanet","Lives in a communal establishment","Aged 70 to 74 years","Female",45
"E07000114","Thanet","Lives in a communal establishment","Aged 75 to 79 years","Female",74
"E07000114","Thanet","Lives in a communal establishment","Aged 80 to 84 years","Female",118
"E07000114","Thanet","Lives in a communal establishment","Aged 85 years and over","Female",419
"E07000115","Tonbridge and Malling","Lives in a communal establishment","Total","Female",475
"E07000115","Tonbridge and Malling","Lives in a communal establishment","Aged 2 years and under","Female",2
"E07000115","Tonbridge and Malling","Lives in a communal establishment","Aged 3 to 4 years","Female",1
"E07000115","Tonbridge and Malling","Lives in a communal establishment","Aged 5 to 7 years","Female",1
"E07000115","Tonbridge and Malling","Lives in a communal establishment","Aged 8 to 9 years","Female",1
"E07000115","Tonbridge and Malling","Lives in a communal establishment","Aged 10 to 14 years","Female",2
"E07000115","Tonbridge and Malling","Lives in a communal establishment","Aged 15 years","Female",0
"E07000115","Tonbridge and Malling","Lives in a communal establishment","Aged 16 to 17 years","Female",34
"E07000115","Tonbridge and Malling","Lives in a communal establishment","Aged 18 to 19 years","Female",37
"E07000115","Tonbridge and Malling","Lives in a communal establishment","Aged 20 to 24 years","Female",16
"E07000115","Tonbridge and Malling","Lives in a communal establishment","Aged 25 to 29 years","Female",5
"E07000115","Tonbridge and Malling","Lives in a communal establishment","Aged 30 to 34 years","Female",3
"E07000115","Tonbridge and Malling","Lives in a communal establishment","Aged 35 to 39 years","Female",5
"E07000115","Tonbridge and Malling","Lives in a communal establishment","Aged 40 to 44 years","Female",10
"E07000115","Tonbridge and Malling","Lives in a communal establishment","Aged 45 to 49 years","Female",10
"E07000115","Tonbridge and Malling","Lives in a communal establishment","Aged 50 to 54 years","Female",14
"E07000115","Tonbridge and Malling","Lives in a communal establishment","Aged 55 to 59 years","Female",11
"E07000115","Tonbridge and Malling","Lives in a communal establishment","Aged 60 to 64 years","Female",10
"E07000115","Tonbridge and Malling","Lives in a communal establishment","Aged 65 years","Female",6
"E07000115","Tonbridge and Malling","Lives in a communal establishment","Aged 66 to 69 years","Female",5
"E07000115","Tonbridge and Malling","Lives in a communal establishment","Aged 70 to 74 years","Female",24
"E07000115","Tonbridge and Malling","Lives in a communal establishment","Aged 75 to 79 years","Female",31
"E07000115","Tonbridge and Malling","Lives in a communal establishment","Aged 80 to 84 years","Female",48
"E07000115","Tonbridge and Malling","Lives in a communal establishment","Aged 85 years and over","Female",199
"E07000116","Tunbridge Wells","Lives in a communal establishment","Total","Female",1283
"E07000116","Tunbridge Wells","Lives in a communal establishment","Aged 2 years and under","Female",1
"E07000116","Tunbridge Wells","Lives in a communal establishment","Aged 3 to 4 years","Female",0
"E07000116","Tunbridge Wells","Lives in a communal establishment","Aged 5 to 7 years","Female",5
"E07000116","Tunbridge Wells","Lives in a communal establishment","Aged 8 to 9 years","Female",6
"E07000116","Tunbridge Wells","Lives in a communal establishment","Aged 10 to 14 years","Female",198
"E07000116","Tunbridge Wells","Lives in a communal establishment","Aged 15 years","Female",92
"E07000116","Tunbridge Wells","Lives in a communal establishment","Aged 16 to 17 years","Female",208
"E07000116","Tunbridge Wells","Lives in a communal establishment","Aged 18 to 19 years","Female",56
"E07000116","Tunbridge Wells","Lives in a communal establishment","Aged 20 to 24 years","Female",27
"E07000116","Tunbridge Wells","Lives in a communal establishment","Aged 25 to 29 years","Female",16
"E07000116","Tunbridge Wells","Lives in a communal establishment","Aged 30 to 34 years","Female",15
"E07000116","Tunbridge Wells","Lives in a communal establishment","Aged 35 to 39 years","Female",17
"E07000116","Tunbridge Wells","Lives in a communal establishment","Aged 40 to 44 years","Female",20
"E07000116","Tunbridge Wells","Lives in a communal establishment","Aged 45 to 49 years","Female",24
"E07000116","Tunbridge Wells","Lives in a communal establishment","Aged 50 to 54 years","Female",15
"E07000116","Tunbridge Wells","Lives in a communal establishment","Aged 55 to 59 years","Female",30
"E07000116","Tunbridge Wells","Lives in a communal establishment","Aged 60 to 64 years","Female",16
"E07000116","Tunbridge Wells","Lives in a communal establishment","Aged 65 years","Female",0
"E07000116","Tunbridge Wells","Lives in a communal establishment","Aged 66 to 69 years","Female",7
"E07000116","Tunbridge Wells","Lives in a communal establishment","Aged 70 to 74 years","Female",19
"E07000116","Tunbridge Wells","Lives in a communal establishment","Aged 75 to 79 years","Female",51
"E07000116","Tunbridge Wells","Lives in a communal establishment","Aged 80 to 84 years","Female",85
"E07000116","Tunbridge Wells","Lives in a communal establishment","Aged 85 years and over","Female",375
"E07000177","Cherwell","Lives in a communal establishment","Total","Female",927
"E07000177","Cherwell","Lives in a communal establishment","Aged 2 years and under","Female",0
"E07000177","Cherwell","Lives in a communal establishment","Aged 3 to 4 years","Female",0
"E07000177","Cherwell","Lives in a communal establishment","Aged 5 to 7 years","Female",1
"E07000177","Cherwell","Lives in a communal establishment","Aged 8 to 9 years","Female",0
"E07000177","Cherwell","Lives in a communal establishment","Aged 10 to 14 years","Female",85
"E07000177","Cherwell","Lives in a communal establishment","Aged 15 years","Female",44
"E07000177","Cherwell","Lives in a communal establishment","Aged 16 to 17 years","Female",108
"E07000177","Cherwell","Lives in a communal establishment","Aged 18 to 19 years","Female",42
"E07000177","Cherwell","Lives in a communal establishment","Aged 20 to 24 years","Female",8
"E07000177","Cherwell","Lives in a communal establishment","Aged 25 to 29 years","Female",20
"E07000177","Cherwell","Lives in a communal establishment","Aged 30 to 34 years","Female",15
"E07000177","Cherwell","Lives in a communal establishment","Aged 35 to 39 years","Female",14
"E07000177","Cherwell","Lives in a communal establishment","Aged 40 to 44 years","Female",4
"E07000177","Cherwell","Lives in a communal establishment","Aged 45 to 49 years","Female",13
"E07000177","Cherwell","Lives in a communal establishment","Aged 50 to 54 years","Female",11
"E07000177","Cherwell","Lives in a communal establishment","Aged 55 to 59 years","Female",13
"E07000177","Cherwell","Lives in a communal establishment","Aged 60 to 64 years","Female",10
"E07000177","Cherwell","Lives in a communal establishment","Aged 65 years","Female",1
"E07000177","Cherwell","Lives in a communal establishment","Aged 66 to 69 years","Female",21
"E07000177","Cherwell","Lives in a communal establishment","Aged 70 to 74 years","Female",30
"E07000177","Cherwell","Lives in a communal establishment","Aged 75 to 79 years","Female",46
"E07000177","Cherwell","Lives in a communal establishment","Aged 80 to 84 years","Female",100
"E07000177","Cherwell","Lives in a communal establishment","Aged 85 years and over","Female",341
"E07000178","Oxford","Lives in a communal establishment","Total","Female",10803
"E07000178","Oxford","Lives in a communal establishment","Aged 2 years and under","Female",5
"E07000178","Oxford","Lives in a communal establishment","Aged 3 to 4 years","Female",7
"E07000178","Oxford","Lives in a communal establishment","Aged 5 to 7 years","Female",9
"E07000178","Oxford","Lives in a communal establishment","Aged 8 to 9 years","Female",20
"E07000178","Oxford","Lives in a communal establishment","Aged 10 to 14 years","Female",168
"E07000178","Oxford","Lives in a communal establishment","Aged 15 years","Female",75
"E07000178","Oxford","Lives in a communal establishment","Aged 16 to 17 years","Female",231
"E07000178","Oxford","Lives in a communal establishment","Aged 18 to 19 years","Female",4056
"E07000178","Oxford","Lives in a communal establishment","Aged 20 to 24 years","Female",4294
"E07000178","Oxford","Lives in a communal establishment","Aged 25 to 29 years","Female",914
"E07000178","Oxford","Lives in a communal establishment","Aged 30 to 34 years","Female",387
"E07000178","Oxford","Lives in a communal establishment","Aged 35 to 39 years","Female",95
"E07000178","Oxford","Lives in a communal establishment","Aged 40 to 44 years","Female",45
"E07000178","Oxford","Lives in a communal establishment","Aged 45 to 49 years","Female",26
"E07000178","Oxford","Lives in a communal establishment","Aged 50 to 54 years","Female",30
"E07000178","Oxford","Lives in a communal establishment","Aged 55 to 59 years","Female",25
"E07000178","Oxford","Lives in a communal establishment","Aged 60 to 64 years","Female",28
"E07000178","Oxford","Lives in a communal establishment","Aged 65 years","Female",11
"E07000178","Oxford","Lives in a communal establishment","Aged 66 to 69 years","Female",25
"E07000178","Oxford","Lives in a communal establishment","Aged 70 to 74 years","Female",20
"E07000178","Oxford","Lives in a communal establishment","Aged 75 to 79 years","Female",40
"E07000178","Oxford","Lives in a communal establishment","Aged 80 to 84 years","Female",58
"E07000178","Oxford","Lives in a communal establishment","Aged 85 years and over","Female",234
"E07000179","South Oxfordshire","Lives in a communal establishment","Total","Female",828
"E07000179","South Oxfordshire","Lives in a communal establishment","Aged 2 years and under","Female",6
"E07000179","South Oxfordshire","Lives in a communal establishment","Aged 3 to 4 years","Female",5
"E07000179","South Oxfordshire","Lives in a communal establishment","Aged 5 to 7 years","Female",2
"E07000179","South Oxfordshire","Lives in a communal establishment","Aged 8 to 9 years","Female",4
"E07000179","South Oxfordshire","Lives in a communal establishment","Aged 10 to 14 years","Female",16
"E07000179","South Oxfordshire","Lives in a communal establishment","Aged 15 years","Female",1
"E07000179","South Oxfordshire","Lives in a communal establishment","Aged 16 to 17 years","Female",22
"E07000179","South Oxfordshire","Lives in a communal establishment","Aged 18 to 19 years","Female",36
"E07000179","South Oxfordshire","Lives in a communal establishment","Aged 20 to 24 years","Female",16
"E07000179","South Oxfordshire","Lives in a communal establishment","Aged 25 to 29 years","Female",39
"E07000179","South Oxfordshire","Lives in a communal establishment","Aged 30 to 34 years","Female",30
"E07000179","South Oxfordshire","Lives in a communal establishment","Aged 35 to 39 years","Female",19
"E07000179","South Oxfordshire","Lives in a communal establishment","Aged 40 to 44 years","Female",19
"E07000179","South Oxfordshire","Lives in a communal establishment","Aged 45 to 49 years","Female",10
"E07000179","South Oxfordshire","Lives in a communal establishment","Aged 50 to 54 years","Female",19
"E07000179","South Oxfordshire","Lives in a communal establishment","Aged 55 to 59 years","Female",24
"E07000179","South Oxfordshire","Lives in a communal establishment","Aged 60 to 64 years","Female",14
"E07000179","South Oxfordshire","Lives in a communal establishment","Aged 65 years","Female",6
"E07000179","South Oxfordshire","Lives in a communal establishment","Aged 66 to 69 years","Female",14
"E07000179","South Oxfordshire","Lives in a communal establishment","Aged 70 to 74 years","Female",28
"E07000179","South Oxfordshire","Lives in a communal establishment","Aged 75 to 79 years","Female",41
"E07000179","South Oxfordshire","Lives in a communal establishment","Aged 80 to 84 years","Female",91
"E07000179","South Oxfordshire","Lives in a communal establishment","Aged 85 years and over","Female",366
"E07000180","Vale of White Horse","Lives in a communal establishment","Total","Female",898
"E07000180","Vale of White Horse","Lives in a communal establishment","Aged 2 years and under","Female",4
"E07000180","Vale of White Horse","Lives in a communal establishment","Aged 3 to 4 years","Female",0
"E07000180","Vale of White Horse","Lives in a communal establishment","Aged 5 to 7 years","Female",4
"E07000180","Vale of White Horse","Lives in a communal establishment","Aged 8 to 9 years","Female",2
"E07000180","Vale of White Horse","Lives in a communal establishment","Aged 10 to 14 years","Female",33
"E07000180","Vale of White Horse","Lives in a communal establishment","Aged 15 years","Female",2
"E07000180","Vale of White Horse","Lives in a communal establishment","Aged 16 to 17 years","Female",2
"E07000180","Vale of White Horse","Lives in a communal establishment","Aged 18 to 19 years","Female",83
"E07000180","Vale of White Horse","Lives in a communal establishment","Aged 20 to 24 years","Female",127
"E07000180","Vale of White Horse","Lives in a communal establishment","Aged 25 to 29 years","Female",32
"E07000180","Vale of White Horse","Lives in a communal establishment","Aged 30 to 34 years","Female",24
"E07000180","Vale of White Horse","Lives in a communal establishment","Aged 35 to 39 years","Female",10
"E07000180","Vale of White Horse","Lives in a communal establishment","Aged 40 to 44 years","Female",8
"E07000180","Vale of White Horse","Lives in a communal establishment","Aged 45 to 49 years","Female",6
"E07000180","Vale of White Horse","Lives in a communal establishment","Aged 50 to 54 years","Female",8
"E07000180","Vale of White Horse","Lives in a communal establishment","Aged 55 to 59 years","Female",9
"E07000180","Vale of White Horse","Lives in a communal establishment","Aged 60 to 64 years","Female",10
"E07000180","Vale of White Horse","Lives in a communal establishment","Aged 65 years","Female",5
"E07000180","Vale of White Horse","Lives in a communal establishment","Aged 66 to 69 years","Female",19
"E07000180","Vale of White Horse","Lives in a communal establishment","Aged 70 to 74 years","Female",26
"E07000180","Vale of White Horse","Lives in a communal establishment","Aged 75 to 79 years","Female",37
"E07000180","Vale of White Horse","Lives in a communal establishment","Aged 80 to 84 years","Female",92
"E07000180","Vale of White Horse","Lives in a communal establishment","Aged 85 years and over","Female",355
"E07000181","West Oxfordshire","Lives in a communal establishment","Total","Female",924
"E07000181","West Oxfordshire","Lives in a communal establishment","Aged 2 years and under","Female",0
"E07000181","West Oxfordshire","Lives in a communal establishment","Aged 3 to 4 years","Female",3
"E07000181","West Oxfordshire","Lives in a communal establishment","Aged 5 to 7 years","Female",3
"E07000181","West Oxfordshire","Lives in a communal establishment","Aged 8 to 9 years","Female",3
"E07000181","West Oxfordshire","Lives in a communal establishment","Aged 10 to 14 years","Female",47
"E07000181","West Oxfordshire","Lives in a communal establishment","Aged 15 years","Female",20
"E07000181","West Oxfordshire","Lives in a communal establishment","Aged 16 to 17 years","Female",27
"E07000181","West Oxfordshire","Lives in a communal establishment","Aged 18 to 19 years","Female",30
"E07000181","West Oxfordshire","Lives in a communal establishment","Aged 20 to 24 years","Female",57
"E07000181","West Oxfordshire","Lives in a communal establishment","Aged 25 to 29 years","Female",65
"E07000181","West Oxfordshire","Lives in a communal establishment","Aged 30 to 34 years","Female",26
"E07000181","West Oxfordshire","Lives in a communal establishment","Aged 35 to 39 years","Female",11
"E07000181","West Oxfordshire","Lives in a communal establishment","Aged 40 to 44 years","Female",13
"E07000181","West Oxfordshire","Lives in a communal establishment","Aged 45 to 49 years","Female",11
"E07000181","West Oxfordshire","Lives in a communal establishment","Aged 50 to 54 years","Female",7
"E07000181","West Oxfordshire","Lives in a communal establishment","Aged 55 to 59 years","Female",12
"E07000181","West Oxfordshire","Lives in a communal establishment","Aged 60 to 64 years","Female",10
"E07000181","West Oxfordshire","Lives in a communal establishment","Aged 65 years","Female",0
"E07000181","West Oxfordshire","Lives in a communal establishment","Aged 66 to 69 years","Female",7
"E07000181","West Oxfordshire","Lives in a communal establishment","Aged 70 to 74 years","Female",24
"E07000181","West Oxfordshire","Lives in a communal establishment","Aged 75 to 79 years","Female",57
"E07000181","West Oxfordshire","Lives in a communal establishment","Aged 80 to 84 years","Female",97
"E07000181","West Oxfordshire","Lives in a communal establishment","Aged 85 years and over","Female",394
"E07000207","Elmbridge","Lives in a communal establishment","Total","Female",896
"E07000207","Elmbridge","Lives in a communal establishment","Aged 2 years and under","Female",3
"E07000207","Elmbridge","Lives in a communal establishment","Aged 3 to 4 years","Female",0
"E07000207","Elmbridge","Lives in a communal establishment","Aged 5 to 7 years","Female",2
"E07000207","Elmbridge","Lives in a communal establishment","Aged 8 to 9 years","Female",4
"E07000207","Elmbridge","Lives in a communal establishment","Aged 10 to 14 years","Female",17
"E07000207","Elmbridge","Lives in a communal establishment","Aged 15 years","Female",10
"E07000207","Elmbridge","Lives in a communal establishment","Aged 16 to 17 years","Female",55
"E07000207","Elmbridge","Lives in a communal establishment","Aged 18 to 19 years","Female",5
"E07000207","Elmbridge","Lives in a communal establishment","Aged 20 to 24 years","Female",3
"E07000207","Elmbridge","Lives in a communal establishment","Aged 25 to 29 years","Female",5
"E07000207","Elmbridge","Lives in a communal establishment","Aged 30 to 34 years","Female",11
"E07000207","Elmbridge","Lives in a communal establishment","Aged 35 to 39 years","Female",10
"E07000207","Elmbridge","Lives in a communal establishment","Aged 40 to 44 years","Female",10
"E07000207","Elmbridge","Lives in a communal establishment","Aged 45 to 49 years","Female",17
"E07000207","Elmbridge","Lives in a communal establishment","Aged 50 to 54 years","Female",13
"E07000207","Elmbridge","Lives in a communal establishment","Aged 55 to 59 years","Female",23
"E07000207","Elmbridge","Lives in a communal establishment","Aged 60 to 64 years","Female",16
"E07000207","Elmbridge","Lives in a communal establishment","Aged 65 years","Female",5
"E07000207","Elmbridge","Lives in a communal establishment","Aged 66 to 69 years","Female",22
"E07000207","Elmbridge","Lives in a communal establishment","Aged 70 to 74 years","Female",31
"E07000207","Elmbridge","Lives in a communal establishment","Aged 75 to 79 years","Female",53
"E07000207","Elmbridge","Lives in a communal establishment","Aged 80 to 84 years","Female",89
"E07000207","Elmbridge","Lives in a communal establishment","Aged 85 years and over","Female",492
"E07000208","Epsom and Ewell","Lives in a communal establishment","Total","Female",488
"E07000208","Epsom and Ewell","Lives in a communal establishment","Aged 2 years and under","Female",4
"E07000208","Epsom and Ewell","Lives in a communal establishment","Aged 3 to 4 years","Female",1
"E07000208","Epsom and Ewell","Lives in a communal establishment","Aged 5 to 7 years","Female",1
"E07000208","Epsom and Ewell","Lives in a communal establishment","Aged 8 to 9 years","Female",2
"E07000208","Epsom and Ewell","Lives in a communal establishment","Aged 10 to 14 years","Female",24
"E07000208","Epsom and Ewell","Lives in a communal establishment","Aged 15 years","Female",12
"E07000208","Epsom and Ewell","Lives in a communal establishment","Aged 16 to 17 years","Female",34
"E07000208","Epsom and Ewell","Lives in a communal establishment","Aged 18 to 19 years","Female",75
"E07000208","Epsom and Ewell","Lives in a communal establishment","Aged 20 to 24 years","Female",70
"E07000208","Epsom and Ewell","Lives in a communal establishment","Aged 25 to 29 years","Female",13
"E07000208","Epsom and Ewell","Lives in a communal establishment","Aged 30 to 34 years","Female",12
"E07000208","Epsom and Ewell","Lives in a communal establishment","Aged 35 to 39 years","Female",12
"E07000208","Epsom and Ewell","Lives in a communal establishment","Aged 40 to 44 years","Female",12
"E07000208","Epsom and Ewell","Lives in a communal establishment","Aged 45 to 49 years","Female",8
"E07000208","Epsom and Ewell","Lives in a communal establishment","Aged 50 to 54 years","Female",6
"E07000208","Epsom and Ewell","Lives in a communal establishment","Aged 55 to 59 years","Female",8
"E07000208","Epsom and Ewell","Lives in a communal establishment","Aged 60 to 64 years","Female",10
"E07000208","Epsom and Ewell","Lives in a communal establishment","Aged 65 years","Female",1
"E07000208","Epsom and Ewell","Lives in a communal establishment","Aged 66 to 69 years","Female",4
"E07000208","Epsom and Ewell","Lives in a communal establishment","Aged 70 to 74 years","Female",13
"E07000208","Epsom and Ewell","Lives in a communal establishment","Aged 75 to 79 years","Female",12
"E07000208","Epsom and Ewell","Lives in a communal establishment","Aged 80 to 84 years","Female",34
"E07000208","Epsom and Ewell","Lives in a communal establishment","Aged 85 years and over","Female",120
"E07000209","Guildford","Lives in a communal establishment","Total","Female",3992
"E07000209","Guildford","Lives in a communal establishment","Aged 2 years and under","Female",4
"E07000209","Guildford","Lives in a communal establishment","Aged 3 to 4 years","Female",4
"E07000209","Guildford","Lives in a communal establishment","Aged 5 to 7 years","Female",2
"E07000209","Guildford","Lives in a communal establishment","Aged 8 to 9 years","Female",0
"E07000209","Guildford","Lives in a communal establishment","Aged 10 to 14 years","Female",25
"E07000209","Guildford","Lives in a communal establishment","Aged 15 years","Female",19
"E07000209","Guildford","Lives in a communal establishment","Aged 16 to 17 years","Female",76
"E07000209","Guildford","Lives in a communal establishment","Aged 18 to 19 years","Female",1387
"E07000209","Guildford","Lives in a communal establishment","Aged 20 to 24 years","Female",1534
"E07000209","Guildford","Lives in a communal establishment","Aged 25 to 29 years","Female",210
"E07000209","Guildford","Lives in a communal establishment","Aged 30 to 34 years","Female",99
"E07000209","Guildford","Lives in a communal establishment","Aged 35 to 39 years","Female",60
"E07000209","Guildford","Lives in a communal establishment","Aged 40 to 44 years","Female",41
"E07000209","Guildford","Lives in a communal establishment","Aged 45 to 49 years","Female",30
"E07000209","Guildford","Lives in a communal establishment","Aged 50 to 54 years","Female",29
"E07000209","Guildford","Lives in a communal establishment","Aged 55 to 59 years","Female",30
"E07000209","Guildford","Lives in a communal establishment","Aged 60 to 64 years","Female",20
"E07000209","Guildford","Lives in a communal establishment","Aged 65 years","Female",2
"E07000209","Guildford","Lives in a communal establishment","Aged 66 to 69 years","Female",16
"E07000209","Guildford","Lives in a communal establishment","Aged 70 to 74 years","Female",22
"E07000209","Guildford","Lives in a communal establishment","Aged 75 to 79 years","Female",41
"E07000209","Guildford","Lives in a communal establishment","Aged 80 to 84 years","Female",67
"E07000209","Guildford","Lives in a communal establishment","Aged 85 years and over","Female",274
"E07000210","Mole Valley","Lives in a communal establishment","Total","Female",708
"E07000210","Mole Valley","Lives in a communal establishment","Aged 2 years and under","Female",1
"E07000210","Mole Valley","Lives in a communal establishment","Aged 3 to 4 years","Female",4
"E07000210","Mole Valley","Lives in a communal establishment","Aged 5 to 7 years","Female",0
"E07000210","Mole Valley","Lives in a communal establishment","Aged 8 to 9 years","Female",1
"E07000210","Mole Valley","Lives in a communal establishment","Aged 10 to 14 years","Female",46
"E07000210","Mole Valley","Lives in a communal establishment","Aged 15 years","Female",9
"E07000210","Mole Valley","Lives in a communal establishment","Aged 16 to 17 years","Female",46
"E07000210","Mole Valley","Lives in a communal establishment","Aged 18 to 19 years","Female",31
"E07000210","Mole Valley","Lives in a communal establishment","Aged 20 to 24 years","Female",10
"E07000210","Mole Valley","Lives in a communal establishment","Aged 25 to 29 years","Female",16
"E07000210","Mole Valley","Lives in a communal establishment","Aged 30 to 34 years","Female",17
"E07000210","Mole Valley","Lives in a communal establishment","Aged 35 to 39 years","Female",11
"E07000210","Mole Valley","Lives in a communal establishment","Aged 40 to 44 years","Female",10
"E07000210","Mole Valley","Lives in a communal establishment","Aged 45 to 49 years","Female",14
"E07000210","Mole Valley","Lives in a communal establishment","Aged 50 to 54 years","Female",17
"E07000210","Mole Valley","Lives in a communal establishment","Aged 55 to 59 years","Female",14
"E07000210","Mole Valley","Lives in a communal establishment","Aged 60 to 64 years","Female",16
"E07000210","Mole Valley","Lives in a communal establishment","Aged 65 years","Female",9
"E07000210","Mole Valley","Lives in a communal establishment","Aged 66 to 69 years","Female",9
"E07000210","Mole Valley","Lives in a communal establishment","Aged 70 to 74 years","Female",33
"E07000210","Mole Valley","Lives in a communal establishment","Aged 75 to 79 years","Female",36
"E07000210","Mole Valley","Lives in a communal establishment","Aged 80 to 84 years","Female",72
"E07000210","Mole Valley","Lives in a communal establishment","Aged 85 years and over","Female",286
"E07000211","Reigate and Banstead","Lives in a communal establishment","Total","Female",1419
"E07000211","Reigate and Banstead","Lives in a communal establishment","Aged 2 years and under","Female",3
"E07000211","Reigate and Banstead","Lives in a communal establishment","Aged 3 to 4 years","Female",0
"E07000211","Reigate and Banstead","Lives in a communal establishment","Aged 5 to 7 years","Female",1
"E07000211","Reigate and Banstead","Lives in a communal establishment","Aged 8 to 9 years","Female",10
"E07000211","Reigate and Banstead","Lives in a communal establishment","Aged 10 to 14 years","Female",97
"E07000211","Reigate and Banstead","Lives in a communal establishment","Aged 15 years","Female",33
"E07000211","Reigate and Banstead","Lives in a communal establishment","Aged 16 to 17 years","Female",36
"E07000211","Reigate and Banstead","Lives in a communal establishment","Aged 18 to 19 years","Female",16
"E07000211","Reigate and Banstead","Lives in a communal establishment","Aged 20 to 24 years","Female",45
"E07000211","Reigate and Banstead","Lives in a communal establishment","Aged 25 to 29 years","Female",63
"E07000211","Reigate and Banstead","Lives in a communal establishment","Aged 30 to 34 years","Female",55
"E07000211","Reigate and Banstead","Lives in a communal establishment","Aged 35 to 39 years","Female",46
"E07000211","Reigate and Banstead","Lives in a communal establishment","Aged 40 to 44 years","Female",39
"E07000211","Reigate and Banstead","Lives in a communal establishment","Aged 45 to 49 years","Female",29
"E07000211","Reigate and Banstead","Lives in a communal establishment","Aged 50 to 54 years","Female",41
"E07000211","Reigate and Banstead","Lives in a communal establishment","Aged 55 to 59 years","Female",54
"E07000211","Reigate and Banstead","Lives in a communal establishment","Aged 60 to 64 years","Female",39
"E07000211","Reigate and Banstead","Lives in a communal establishment","Aged 65 years","Female",5
"E07000211","Reigate and Banstead","Lives in a communal establishment","Aged 66 to 69 years","Female",26
"E07000211","Reigate and Banstead","Lives in a communal establishment","Aged 70 to 74 years","Female",32
"E07000211","Reigate and Banstead","Lives in a communal establishment","Aged 75 to 79 years","Female",64
"E07000211","Reigate and Banstead","Lives in a communal establishment","Aged 80 to 84 years","Female",83
"E07000211","Reigate and Banstead","Lives in a communal establishment","Aged 85 years and over","Female",602
"E07000212","Runnymede","Lives in a communal establishment","Total","Female",2195
"E07000212","Runnymede","Lives in a communal establishment","Aged 2 years and under","Female",0
"E07000212","Runnymede","Lives in a communal establishment","Aged 3 to 4 years","Female",0
"E07000212","Runnymede","Lives in a communal establishment","Aged 5 to 7 years","Female",0
"E07000212","Runnymede","Lives in a communal establishment","Aged 8 to 9 years","Female",1
"E07000212","Runnymede","Lives in a communal establishment","Aged 10 to 14 years","Female",6
"E07000212","Runnymede","Lives in a communal establishment","Aged 15 years","Female",10
"E07000212","Runnymede","Lives in a communal establishment","Aged 16 to 17 years","Female",55
"E07000212","Runnymede","Lives in a communal establishment","Aged 18 to 19 years","Female",1094
"E07000212","Runnymede","Lives in a communal establishment","Aged 20 to 24 years","Female",611
"E07000212","Runnymede","Lives in a communal establishment","Aged 25 to 29 years","Female",34
"E07000212","Runnymede","Lives in a communal establishment","Aged 30 to 34 years","Female",7
"E07000212","Runnymede","Lives in a communal establishment","Aged 35 to 39 years","Female",6
"E07000212","Runnymede","Lives in a communal establishment","Aged 40 to 44 years","Female",5
"E07000212","Runnymede","Lives in a communal establishment","Aged 45 to 49 years","Female",7
"E07000212","Runnymede","Lives in a communal establishment","Aged 50 to 54 years","Female",9
"E07000212","Runnymede","Lives in a communal establishment","Aged 55 to 59 years","Female",21
"E07000212","Runnymede","Lives in a communal establishment","Aged 60 to 64 years","Female",7
"E07000212","Runnymede","Lives in a communal establishment","Aged 65 years","Female",0
"E07000212","Runnymede","Lives in a communal establishment","Aged 66 to 69 years","Female",8
"E07000212","Runnymede","Lives in a communal establishment","Aged 70 to 74 years","Female",15
"E07000212","Runnymede","Lives in a communal establishment","Aged 75 to 79 years","Female",24
"E07000212","Runnymede","Lives in a communal establishment","Aged 80 to 84 years","Female",49
"E07000212","Runnymede","Lives in a communal establishment","Aged 85 years and over","Female",226
"E07000213","Spelthorne","Lives in a communal establishment","Total","Female",566
"E07000213","Spelthorne","Lives in a communal establishment","Aged 2 years and under","Female",0
"E07000213","Spelthorne","Lives in a communal establishment","Aged 3 to 4 years","Female",0
"E07000213","Spelthorne","Lives in a communal establishment","Aged 5 to 7 years","Female",0
"E07000213","Spelthorne","Lives in a communal establishment","Aged 8 to 9 years","Female",0
"E07000213","Spelthorne","Lives in a communal establishment","Aged 10 to 14 years","Female",0
"E07000213","Spelthorne","Lives in a communal establishment","Aged 15 years","Female",0
"E07000213","Spelthorne","Lives in a communal establishment","Aged 16 to 17 years","Female",0
"E07000213","Spelthorne","Lives in a communal establishment","Aged 18 to 19 years","Female",0
"E07000213","Spelthorne","Lives in a communal establishment","Aged 20 to 24 years","Female",31
"E07000213","Spelthorne","Lives in a communal establishment","Aged 25 to 29 years","Female",36
"E07000213","Spelthorne","Lives in a communal establishment","Aged 30 to 34 years","Female",50
"E07000213","Spelthorne","Lives in a communal establishment","Aged 35 to 39 years","Female",51
"E07000213","Spelthorne","Lives in a communal establishment","Aged 40 to 44 years","Female",29
"E07000213","Spelthorne","Lives in a communal establishment","Aged 45 to 49 years","Female",19
"E07000213","Spelthorne","Lives in a communal establishment","Aged 50 to 54 years","Female",15
"E07000213","Spelthorne","Lives in a communal establishment","Aged 55 to 59 years","Female",13
"E07000213","Spelthorne","Lives in a communal establishment","Aged 60 to 64 years","Female",8
"E07000213","Spelthorne","Lives in a communal establishment","Aged 65 years","Female",2
"E07000213","Spelthorne","Lives in a communal establishment","Aged 66 to 69 years","Female",4
"E07000213","Spelthorne","Lives in a communal establishment","Aged 70 to 74 years","Female",24
"E07000213","Spelthorne","Lives in a communal establishment","Aged 75 to 79 years","Female",35
"E07000213","Spelthorne","Lives in a communal establishment","Aged 80 to 84 years","Female",59
"E07000213","Spelthorne","Lives in a communal establishment","Aged 85 years and over","Female",190
"E07000214","Surrey Heath","Lives in a communal establishment","Total","Female",686
"E07000214","Surrey Heath","Lives in a communal establishment","Aged 2 years and under","Female",0
"E07000214","Surrey Heath","Lives in a communal establishment","Aged 3 to 4 years","Female",0
"E07000214","Surrey Heath","Lives in a communal establishment","Aged 5 to 7 years","Female",0
"E07000214","Surrey Heath","Lives in a communal establishment","Aged 8 to 9 years","Female",0
"E07000214","Surrey Heath","Lives in a communal establishment","Aged 10 to 14 years","Female",44
"E07000214","Surrey Heath","Lives in a communal establishment","Aged 15 years","Female",13
"E07000214","Surrey Heath","Lives in a communal establishment","Aged 16 to 17 years","Female",48
"E07000214","Surrey Heath","Lives in a communal establishment","Aged 18 to 19 years","Female",20
"E07000214","Surrey Heath","Lives in a communal establishment","Aged 20 to 24 years","Female",3
"E07000214","Surrey Heath","Lives in a communal establishment","Aged 25 to 29 years","Female",4
"E07000214","Surrey Heath","Lives in a communal establishment","Aged 30 to 34 years","Female",2
"E07000214","Surrey Heath","Lives in a communal establishment","Aged 35 to 39 years","Female",2
"E07000214","Surrey Heath","Lives in a communal establishment","Aged 40 to 44 years","Female",11
"E07000214","Surrey Heath","Lives in a communal establishment","Aged 45 to 49 years","Female",4
"E07000214","Surrey Heath","Lives in a communal establishment","Aged 50 to 54 years","Female",5
"E07000214","Surrey Heath","Lives in a communal establishment","Aged 55 to 59 years","Female",13
"E07000214","Surrey Heath","Lives in a communal establishment","Aged 60 to 64 years","Female",9
"E07000214","Surrey Heath","Lives in a communal establishment","Aged 65 years","Female",2
"E07000214","Surrey Heath","Lives in a communal establishment","Aged 66 to 69 years","Female",14
"E07000214","Surrey Heath","Lives in a communal establishment","Aged 70 to 74 years","Female",24
"E07000214","Surrey Heath","Lives in a communal establishment","Aged 75 to 79 years","Female",48
"E07000214","Surrey Heath","Lives in a communal establishment","Aged 80 to 84 years","Female",72
"E07000214","Surrey Heath","Lives in a communal establishment","Aged 85 years and over","Female",348
"E07000215","Tandridge","Lives in a communal establishment","Total","Female",1229
"E07000215","Tandridge","Lives in a communal establishment","Aged 2 years and under","Female",2
"E07000215","Tandridge","Lives in a communal establishment","Aged 3 to 4 years","Female",0
"E07000215","Tandridge","Lives in a communal establishment","Aged 5 to 7 years","Female",6
"E07000215","Tandridge","Lives in a communal establishment","Aged 8 to 9 years","Female",11
"E07000215","Tandridge","Lives in a communal establishment","Aged 10 to 14 years","Female",296
"E07000215","Tandridge","Lives in a communal establishment","Aged 15 years","Female",59
"E07000215","Tandridge","Lives in a communal establishment","Aged 16 to 17 years","Female",178
"E07000215","Tandridge","Lives in a communal establishment","Aged 18 to 19 years","Female",51
"E07000215","Tandridge","Lives in a communal establishment","Aged 20 to 24 years","Female",29
"E07000215","Tandridge","Lives in a communal establishment","Aged 25 to 29 years","Female",14
"E07000215","Tandridge","Lives in a communal establishment","Aged 30 to 34 years","Female",21
"E07000215","Tandridge","Lives in a communal establishment","Aged 35 to 39 years","Female",14
"E07000215","Tandridge","Lives in a communal establishment","Aged 40 to 44 years","Female",13
"E07000215","Tandridge","Lives in a communal establishment","Aged 45 to 49 years","Female",11
"E07000215","Tandridge","Lives in a communal establishment","Aged 50 to 54 years","Female",22
"E07000215","Tandridge","Lives in a communal establishment","Aged 55 to 59 years","Female",35
"E07000215","Tandridge","Lives in a communal establishment","Aged 60 to 64 years","Female",20
"E07000215","Tandridge","Lives in a communal establishment","Aged 65 years","Female",4
"E07000215","Tandridge","Lives in a communal establishment","Aged 66 to 69 years","Female",17
"E07000215","Tandridge","Lives in a communal establishment","Aged 70 to 74 years","Female",22
"E07000215","Tandridge","Lives in a communal establishment","Aged 75 to 79 years","Female",36
"E07000215","Tandridge","Lives in a communal establishment","Aged 80 to 84 years","Female",68
"E07000215","Tandridge","Lives in a communal establishment","Aged 85 years and over","Female",300
"E07000216","Waverley","Lives in a communal establishment","Total","Female",2022
"E07000216","Waverley","Lives in a communal establishment","Aged 2 years and under","Female",6
"E07000216","Waverley","Lives in a communal establishment","Aged 3 to 4 years","Female",5
"E07000216","Waverley","Lives in a communal establishment","Aged 5 to 7 years","Female",9
"E07000216","Waverley","Lives in a communal establishment","Aged 8 to 9 years","Female",5
"E07000216","Waverley","Lives in a communal establishment","Aged 10 to 14 years","Female",134
"E07000216","Waverley","Lives in a communal establishment","Aged 15 years","Female",54
"E07000216","Waverley","Lives in a communal establishment","Aged 16 to 17 years","Female",413
"E07000216","Waverley","Lives in a communal establishment","Aged 18 to 19 years","Female",205
"E07000216","Waverley","Lives in a communal establishment","Aged 20 to 24 years","Female",68
"E07000216","Waverley","Lives in a communal establishment","Aged 25 to 29 years","Female",46
"E07000216","Waverley","Lives in a communal establishment","Aged 30 to 34 years","Female",34
"E07000216","Waverley","Lives in a communal establishment","Aged 35 to 39 years","Female",41
"E07000216","Waverley","Lives in a communal establishment","Aged 40 to 44 years","Female",36
"E07000216","Waverley","Lives in a communal establishment","Aged 45 to 49 years","Female",43
"E07000216","Waverley","Lives in a communal establishment","Aged 50 to 54 years","Female",28
"E07000216","Waverley","Lives in a communal establishment","Aged 55 to 59 years","Female",39
"E07000216","Waverley","Lives in a communal establishment","Aged 60 to 64 years","Female",41
"E07000216","Waverley","Lives in a communal establishment","Aged 65 years","Female",9
"E07000216","Waverley","Lives in a communal establishment","Aged 66 to 69 years","Female",16
"E07000216","Waverley","Lives in a communal establishment","Aged 70 to 74 years","Female",50
"E07000216","Waverley","Lives in a communal establishment","Aged 75 to 79 years","Female",84
"E07000216","Waverley","Lives in a communal establishment","Aged 80 to 84 years","Female",123
"E07000216","Waverley","Lives in a communal establishment","Aged 85 years and over","Female",533
"E07000217","Woking","Lives in a communal establishment","Total","Female",416
"E07000217","Woking","Lives in a communal establishment","Aged 2 years and under","Female",0
"E07000217","Woking","Lives in a communal establishment","Aged 3 to 4 years","Female",1
"E07000217","Woking","Lives in a communal establishment","Aged 5 to 7 years","Female",0
"E07000217","Woking","Lives in a communal establishment","Aged 8 to 9 years","Female",0
"E07000217","Woking","Lives in a communal establishment","Aged 10 to 14 years","Female",2
"E07000217","Woking","Lives in a communal establishment","Aged 15 years","Female",0
"E07000217","Woking","Lives in a communal establishment","Aged 16 to 17 years","Female",0
"E07000217","Woking","Lives in a communal establishment","Aged 18 to 19 years","Female",2
"E07000217","Woking","Lives in a communal establishment","Aged 20 to 24 years","Female",10
"E07000217","Woking","Lives in a communal establishment","Aged 25 to 29 years","Female",7
"E07000217","Woking","Lives in a communal establishment","Aged 30 to 34 years","Female",7
"E07000217","Woking","Lives in a communal establishment","Aged 35 to 39 years","Female",11
"E07000217","Woking","Lives in a communal establishment","Aged 40 to 44 years","Female",10
"E07000217","Woking","Lives in a communal establishment","Aged 45 to 49 years","Female",8
"E07000217","Woking","Lives in a communal establishment","Aged 50 to 54 years","Female",12
"E07000217","Woking","Lives in a communal establishment","Aged 55 to 59 years","Female",6
"E07000217","Woking","Lives in a communal establishment","Aged 60 to 64 years","Female",11
"E07000217","Woking","Lives in a communal establishment","Aged 65 years","Female",3
"E07000217","Woking","Lives in a communal establishment","Aged 66 to 69 years","Female",11
"E07000217","Woking","Lives in a communal establishment","Aged 70 to 74 years","Female",12
"E07000217","Woking","Lives in a communal establishment","Aged 75 to 79 years","Female",28
"E07000217","Woking","Lives in a communal establishment","Aged 80 to 84 years","Female",48
"E07000217","Woking","Lives in a communal establishment","Aged 85 years and over","Female",227
"E07000223","Adur","Lives in a communal establishment","Total","Female",426
"E07000223","Adur","Lives in a communal establishment","Aged 2 years and under","Female",0
"E07000223","Adur","Lives in a communal establishment","Aged 3 to 4 years","Female",1
"E07000223","Adur","Lives in a communal establishment","Aged 5 to 7 years","Female",5
"E07000223","Adur","Lives in a communal establishment","Aged 8 to 9 years","Female",1
"E07000223","Adur","Lives in a communal establishment","Aged 10 to 14 years","Female",32
"E07000223","Adur","Lives in a communal establishment","Aged 15 years","Female",17
"E07000223","Adur","Lives in a communal establishment","Aged 16 to 17 years","Female",46
"E07000223","Adur","Lives in a communal establishment","Aged 18 to 19 years","Female",16
"E07000223","Adur","Lives in a communal establishment","Aged 20 to 24 years","Female",4
"E07000223","Adur","Lives in a communal establishment","Aged 25 to 29 years","Female",3
"E07000223","Adur","Lives in a communal establishment","Aged 30 to 34 years","Female",2
"E07000223","Adur","Lives in a communal establishment","Aged 35 to 39 years","Female",5
"E07000223","Adur","Lives in a communal establishment","Aged 40 to 44 years","Female",5
"E07000223","Adur","Lives in a communal establishment","Aged 45 to 49 years","Female",0
"E07000223","Adur","Lives in a communal establishment","Aged 50 to 54 years","Female",4
"E07000223","Adur","Lives in a communal establishment","Aged 55 to 59 years","Female",7
"E07000223","Adur","Lives in a communal establishment","Aged 60 to 64 years","Female",6
"E07000223","Adur","Lives in a communal establishment","Aged 65 years","Female",1
"E07000223","Adur","Lives in a communal establishment","Aged 66 to 69 years","Female",6
"E07000223","Adur","Lives in a communal establishment","Aged 70 to 74 years","Female",20
"E07000223","Adur","Lives in a communal establishment","Aged 75 to 79 years","Female",27
"E07000223","Adur","Lives in a communal establishment","Aged 80 to 84 years","Female",40
"E07000223","Adur","Lives in a communal establishment","Aged 85 years and over","Female",178
"E07000224","Arun","Lives in a communal establishment","Total","Female",1680
"E07000224","Arun","Lives in a communal establishment","Aged 2 years and under","Female",0
"E07000224","Arun","Lives in a communal establishment","Aged 3 to 4 years","Female",0
"E07000224","Arun","Lives in a communal establishment","Aged 5 to 7 years","Female",1
"E07000224","Arun","Lives in a communal establishment","Aged 8 to 9 years","Female",0
"E07000224","Arun","Lives in a communal establishment","Aged 10 to 14 years","Female",3
"E07000224","Arun","Lives in a communal establishment","Aged 15 years","Female",0
"E07000224","Arun","Lives in a communal establishment","Aged 16 to 17 years","Female",3
"E07000224","Arun","Lives in a communal establishment","Aged 18 to 19 years","Female",99
"E07000224","Arun","Lives in a communal establishment","Aged 20 to 24 years","Female",82
"E07000224","Arun","Lives in a communal establishment","Aged 25 to 29 years","Female",39
"E07000224","Arun","Lives in a communal establishment","Aged 30 to 34 years","Female",37
"E07000224","Arun","Lives in a communal establishment","Aged 35 to 39 years","Female",24
"E07000224","Arun","Lives in a communal establishment","Aged 40 to 44 years","Female",33
"E07000224","Arun","Lives in a communal establishment","Aged 45 to 49 years","Female",32
"E07000224","Arun","Lives in a communal establishment","Aged 50 to 54 years","Female",37
"E07000224","Arun","Lives in a communal establishment","Aged 55 to 59 years","Female",38
"E07000224","Arun","Lives in a communal establishment","Aged 60 to 64 years","Female",46
"E07000224","Arun","Lives in a communal establishment","Aged 65 years","Female",11
"E07000224","Arun","Lives in a communal establishment","Aged 66 to 69 years","Female",46
"E07000224","Arun","Lives in a communal establishment","Aged 70 to 74 years","Female",75
"E07000224","Arun","Lives in a communal establishment","Aged 75 to 79 years","Female",92
"E07000224","Arun","Lives in a communal establishment","Aged 80 to 84 years","Female",177
"E07000224","Arun","Lives in a communal establishment","Aged 85 years and over","Female",805
"E07000225","Chichester","Lives in a communal establishment","Total","Female",1870
"E07000225","Chichester","Lives in a communal establishment","Aged 2 years and under","Female",1
"E07000225","Chichester","Lives in a communal establishment","Aged 3 to 4 years","Female",2
"E07000225","Chichester","Lives in a communal establishment","Aged 5 to 7 years","Female",0
"E07000225","Chichester","Lives in a communal establishment","Aged 8 to 9 years","Female",6
"E07000225","Chichester","Lives in a communal establishment","Aged 10 to 14 years","Female",112
"E07000225","Chichester","Lives in a communal establishment","Aged 15 years","Female",15
"E07000225","Chichester","Lives in a communal establishment","Aged 16 to 17 years","Female",51
"E07000225","Chichester","Lives in a communal establishment","Aged 18 to 19 years","Female",522
"E07000225","Chichester","Lives in a communal establishment","Aged 20 to 24 years","Female",256
"E07000225","Chichester","Lives in a communal establishment","Aged 25 to 29 years","Female",65
"E07000225","Chichester","Lives in a communal establishment","Aged 30 to 34 years","Female",33
"E07000225","Chichester","Lives in a communal establishment","Aged 35 to 39 years","Female",24
"E07000225","Chichester","Lives in a communal establishment","Aged 40 to 44 years","Female",12
"E07000225","Chichester","Lives in a communal establishment","Aged 45 to 49 years","Female",21
"E07000225","Chichester","Lives in a communal establishment","Aged 50 to 54 years","Female",6
"E07000225","Chichester","Lives in a communal establishment","Aged 55 to 59 years","Female",13
"E07000225","Chichester","Lives in a communal establishment","Aged 60 to 64 years","Female",13
"E07000225","Chichester","Lives in a communal establishment","Aged 65 years","Female",1
"E07000225","Chichester","Lives in a communal establishment","Aged 66 to 69 years","Female",24
"E07000225","Chichester","Lives in a communal establishment","Aged 70 to 74 years","Female",42
"E07000225","Chichester","Lives in a communal establishment","Aged 75 to 79 years","Female",63
"E07000225","Chichester","Lives in a communal establishment","Aged 80 to 84 years","Female",98
"E07000225","Chichester","Lives in a communal establishment","Aged 85 years and over","Female",490
"E07000226","Crawley","Lives in a communal establishment","Total","Female",267
"E07000226","Crawley","Lives in a communal establishment","Aged 2 years and under","Female",0
"E07000226","Crawley","Lives in a communal establishment","Aged 3 to 4 years","Female",0
"E07000226","Crawley","Lives in a communal establishment","Aged 5 to 7 years","Female",0
"E07000226","Crawley","Lives in a communal establishment","Aged 8 to 9 years","Female",1
"E07000226","Crawley","Lives in a communal establishment","Aged 10 to 14 years","Female",2
"E07000226","Crawley","Lives in a communal establishment","Aged 15 years","Female",1
"E07000226","Crawley","Lives in a communal establishment","Aged 16 to 17 years","Female",5
"E07000226","Crawley","Lives in a communal establishment","Aged 18 to 19 years","Female",0
"E07000226","Crawley","Lives in a communal establishment","Aged 20 to 24 years","Female",14
"E07000226","Crawley","Lives in a communal establishment","Aged 25 to 29 years","Female",9
"E07000226","Crawley","Lives in a communal establishment","Aged 30 to 34 years","Female",11
"E07000226","Crawley","Lives in a communal establishment","Aged 35 to 39 years","Female",7
"E07000226","Crawley","Lives in a communal establishment","Aged 40 to 44 years","Female",5
"E07000226","Crawley","Lives in a communal establishment","Aged 45 to 49 years","Female",2
"E07000226","Crawley","Lives in a communal establishment","Aged 50 to 54 years","Female",6
"E07000226","Crawley","Lives in a communal establishment","Aged 55 to 59 years","Female",3
"E07000226","Crawley","Lives in a communal establishment","Aged 60 to 64 years","Female",6
"E07000226","Crawley","Lives in a communal establishment","Aged 65 years","Female",3
"E07000226","Crawley","Lives in a communal establishment","Aged 66 to 69 years","Female",4
"E07000226","Crawley","Lives in a communal establishment","Aged 70 to 74 years","Female",9
"E07000226","Crawley","Lives in a communal establishment","Aged 75 to 79 years","Female",14
"E07000226","Crawley","Lives in a communal establishment","Aged 80 to 84 years","Female",34
"E07000226","Crawley","Lives in a communal establishment","Aged 85 years and over","Female",131
"E07000227","Horsham","Lives in a communal establishment","Total","Female",1411
"E07000227","Horsham","Lives in a communal establishment","Aged 2 years and under","Female",5
"E07000227","Horsham","Lives in a communal establishment","Aged 3 to 4 years","Female",6
"E07000227","Horsham","Lives in a communal establishment","Aged 5 to 7 years","Female",5
"E07000227","Horsham","Lives in a communal establishment","Aged 8 to 9 years","Female",11
"E07000227","Horsham","Lives in a communal establishment","Aged 10 to 14 years","Female",263
"E07000227","Horsham","Lives in a communal establishment","Aged 15 years","Female",49
"E07000227","Horsham","Lives in a communal establishment","Aged 16 to 17 years","Female",184
"E07000227","Horsham","Lives in a communal establishment","Aged 18 to 19 years","Female",58
"E07000227","Horsham","Lives in a communal establishment","Aged 20 to 24 years","Female",15
"E07000227","Horsham","Lives in a communal establishment","Aged 25 to 29 years","Female",21
"E07000227","Horsham","Lives in a communal establishment","Aged 30 to 34 years","Female",30
"E07000227","Horsham","Lives in a communal establishment","Aged 35 to 39 years","Female",28
"E07000227","Horsham","Lives in a communal establishment","Aged 40 to 44 years","Female",17
"E07000227","Horsham","Lives in a communal establishment","Aged 45 to 49 years","Female",9
"E07000227","Horsham","Lives in a communal establishment","Aged 50 to 54 years","Female",23
"E07000227","Horsham","Lives in a communal establishment","Aged 55 to 59 years","Female",20
"E07000227","Horsham","Lives in a communal establishment","Aged 60 to 64 years","Female",15
"E07000227","Horsham","Lives in a communal establishment","Aged 65 years","Female",6
"E07000227","Horsham","Lives in a communal establishment","Aged 66 to 69 years","Female",18
"E07000227","Horsham","Lives in a communal establishment","Aged 70 to 74 years","Female",37
"E07000227","Horsham","Lives in a communal establishment","Aged 75 to 79 years","Female",53
"E07000227","Horsham","Lives in a communal establishment","Aged 80 to 84 years","Female",67
"E07000227","Horsham","Lives in a communal establishment","Aged 85 years and over","Female",471
"E07000228","Mid Sussex","Lives in a communal establishment","Total","Female",1168
"E07000228","Mid Sussex","Lives in a communal establishment","Aged 2 years and under","Female",7
"E07000228","Mid Sussex","Lives in a communal establishment","Aged 3 to 4 years","Female",5
"E07000228","Mid Sussex","Lives in a communal establishment","Aged 5 to 7 years","Female",3
"E07000228","Mid Sussex","Lives in a communal establishment","Aged 8 to 9 years","Female",3
"E07000228","Mid Sussex","Lives in a communal establishment","Aged 10 to 14 years","Female",100
"E07000228","Mid Sussex","Lives in a communal establishment","Aged 15 years","Female",48
"E07000228","Mid Sussex","Lives in a communal establishment","Aged 16 to 17 years","Female",86
"E07000228","Mid Sussex","Lives in a communal establishment","Aged 18 to 19 years","Female",39
"E07000228","Mid Sussex","Lives in a communal establishment","Aged 20 to 24 years","Female",36
"E07000228","Mid Sussex","Lives in a communal establishment","Aged 25 to 29 years","Female",30
"E07000228","Mid Sussex","Lives in a communal establishment","Aged 30 to 34 years","Female",29
"E07000228","Mid Sussex","Lives in a communal establishment","Aged 35 to 39 years","Female",21
"E07000228","Mid Sussex","Lives in a communal establishment","Aged 40 to 44 years","Female",13
"E07000228","Mid Sussex","Lives in a communal establishment","Aged 45 to 49 years","Female",23
"E07000228","Mid Sussex","Lives in a communal establishment","Aged 50 to 54 years","Female",20
"E07000228","Mid Sussex","Lives in a communal establishment","Aged 55 to 59 years","Female",14
"E07000228","Mid Sussex","Lives in a communal establishment","Aged 60 to 64 years","Female",12
"E07000228","Mid Sussex","Lives in a communal establishment","Aged 65 years","Female",1
"E07000228","Mid Sussex","Lives in a communal establishment","Aged 66 to 69 years","Female",15
"E07000228","Mid Sussex","Lives in a communal establishment","Aged 70 to 74 years","Female",23
"E07000228","Mid Sussex","Lives in a communal establishment","Aged 75 to 79 years","Female",61
"E07000228","Mid Sussex","Lives in a communal establishment","Aged 80 to 84 years","Female",92
"E07000228","Mid Sussex","Lives in a communal establishment","Aged 85 years and over","Female",487
"E07000229","Worthing","Lives in a communal establishment","Total","Female",1015
"E07000229","Worthing","Lives in a communal establishment","Aged 2 years and under","Female",0
"E07000229","Worthing","Lives in a communal establishment","Aged 3 to 4 years","Female",0
"E07000229","Worthing","Lives in a communal establishment","Aged 5 to 7 years","Female",0
"E07000229","Worthing","Lives in a communal establishment","Aged 8 to 9 years","Female",2
"E07000229","Worthing","Lives in a communal establishment","Aged 10 to 14 years","Female",2
"E07000229","Worthing","Lives in a communal establishment","Aged 15 years","Female",1
"E07000229","Worthing","Lives in a communal establishment","Aged 16 to 17 years","Female",5
"E07000229","Worthing","Lives in a communal establishment","Aged 18 to 19 years","Female",17
"E07000229","Worthing","Lives in a communal establishment","Aged 20 to 24 years","Female",6
"E07000229","Worthing","Lives in a communal establishment","Aged 25 to 29 years","Female",20
"E07000229","Worthing","Lives in a communal establishment","Aged 30 to 34 years","Female",14
"E07000229","Worthing","Lives in a communal establishment","Aged 35 to 39 years","Female",6
"E07000229","Worthing","Lives in a communal establishment","Aged 40 to 44 years","Female",16
"E07000229","Worthing","Lives in a communal establishment","Aged 45 to 49 years","Female",21
"E07000229","Worthing","Lives in a communal establishment","Aged 50 to 54 years","Female",25
"E07000229","Worthing","Lives in a communal establishment","Aged 55 to 59 years","Female",15
"E07000229","Worthing","Lives in a communal establishment","Aged 60 to 64 years","Female",27
"E07000229","Worthing","Lives in a communal establishment","Aged 65 years","Female",8
"E07000229","Worthing","Lives in a communal establishment","Aged 66 to 69 years","Female",23
"E07000229","Worthing","Lives in a communal establishment","Aged 70 to 74 years","Female",54
"E07000229","Worthing","Lives in a communal establishment","Aged 75 to 79 years","Female",80
"E07000229","Worthing","Lives in a communal establishment","Aged 80 to 84 years","Female",148
"E07000229","Worthing","Lives in a communal establishment","Aged 85 years and over","Female",525
"E06000022","Bath and North East Somerset","Lives in a communal establishment","Total","Female",4354
"E06000022","Bath and North East Somerset","Lives in a communal establishment","Aged 2 years and under","Female",4
"E06000022","Bath and North East Somerset","Lives in a communal establishment","Aged 3 to 4 years","Female",2
"E06000022","Bath and North East Somerset","Lives in a communal establishment","Aged 5 to 7 years","Female",10
"E06000022","Bath and North East Somerset","Lives in a communal establishment","Aged 8 to 9 years","Female",15
"E06000022","Bath and North East Somerset","Lives in a communal establishment","Aged 10 to 14 years","Female",100
"E06000022","Bath and North East Somerset","Lives in a communal establishment","Aged 15 years","Female",37
"E06000022","Bath and North East Somerset","Lives in a communal establishment","Aged 16 to 17 years","Female",103
"E06000022","Bath and North East Somerset","Lives in a communal establishment","Aged 18 to 19 years","Female",2177
"E06000022","Bath and North East Somerset","Lives in a communal establishment","Aged 20 to 24 years","Female",908
"E06000022","Bath and North East Somerset","Lives in a communal establishment","Aged 25 to 29 years","Female",101
"E06000022","Bath and North East Somerset","Lives in a communal establishment","Aged 30 to 34 years","Female",47
"E06000022","Bath and North East Somerset","Lives in a communal establishment","Aged 35 to 39 years","Female",25
"E06000022","Bath and North East Somerset","Lives in a communal establishment","Aged 40 to 44 years","Female",23
"E06000022","Bath and North East Somerset","Lives in a communal establishment","Aged 45 to 49 years","Female",25
"E06000022","Bath and North East Somerset","Lives in a communal establishment","Aged 50 to 54 years","Female",28
"E06000022","Bath and North East Somerset","Lives in a communal establishment","Aged 55 to 59 years","Female",28
"E06000022","Bath and North East Somerset","Lives in a communal establishment","Aged 60 to 64 years","Female",32
"E06000022","Bath and North East Somerset","Lives in a communal establishment","Aged 65 years","Female",4
"E06000022","Bath and North East Somerset","Lives in a communal establishment","Aged 66 to 69 years","Female",21
"E06000022","Bath and North East Somerset","Lives in a communal establishment","Aged 70 to 74 years","Female",38
"E06000022","Bath and North East Somerset","Lives in a communal establishment","Aged 75 to 79 years","Female",56
"E06000022","Bath and North East Somerset","Lives in a communal establishment","Aged 80 to 84 years","Female",101
"E06000022","Bath and North East Somerset","Lives in a communal establishment","Aged 85 years and over","Female",469
"E06000023","Bristol, City of","Lives in a communal establishment","Total","Female",7601
"E06000023","Bristol, City of","Lives in a communal establishment","Aged 2 years and under","Female",1
"E06000023","Bristol, City of","Lives in a communal establishment","Aged 3 to 4 years","Female",0
"E06000023","Bristol, City of","Lives in a communal establishment","Aged 5 to 7 years","Female",1
"E06000023","Bristol, City of","Lives in a communal establishment","Aged 8 to 9 years","Female",2
"E06000023","Bristol, City of","Lives in a communal establishment","Aged 10 to 14 years","Female",76
"E06000023","Bristol, City of","Lives in a communal establishment","Aged 15 years","Female",42
"E06000023","Bristol, City of","Lives in a communal establishment","Aged 16 to 17 years","Female",101
"E06000023","Bristol, City of","Lives in a communal establishment","Aged 18 to 19 years","Female",3579
"E06000023","Bristol, City of","Lives in a communal establishment","Aged 20 to 24 years","Female",1975
"E06000023","Bristol, City of","Lives in a communal establishment","Aged 25 to 29 years","Female",246
"E06000023","Bristol, City of","Lives in a communal establishment","Aged 30 to 34 years","Female",94
"E06000023","Bristol, City of","Lives in a communal establishment","Aged 35 to 39 years","Female",46
"E06000023","Bristol, City of","Lives in a communal establishment","Aged 40 to 44 years","Female",36
"E06000023","Bristol, City of","Lives in a communal establishment","Aged 45 to 49 years","Female",33
"E06000023","Bristol, City of","Lives in a communal establishment","Aged 50 to 54 years","Female",45
"E06000023","Bristol, City of","Lives in a communal establishment","Aged 55 to 59 years","Female",55
"E06000023","Bristol, City of","Lives in a communal establishment","Aged 60 to 64 years","Female",67
"E06000023","Bristol, City of","Lives in a communal establishment","Aged 65 years","Female",14
"E06000023","Bristol, City of","Lives in a communal establishment","Aged 66 to 69 years","Female",37
"E06000023","Bristol, City of","Lives in a communal establishment","Aged 70 to 74 years","Female",77
"E06000023","Bristol, City of","Lives in a communal establishment","Aged 75 to 79 years","Female",121
"E06000023","Bristol, City of","Lives in a communal establishment","Aged 80 to 84 years","Female",213
"E06000023","Bristol, City of","Lives in a communal establishment","Aged 85 years and over","Female",740
"E06000024","North Somerset","Lives in a communal establishment","Total","Female",1485
"E06000024","North Somerset","Lives in a communal establishment","Aged 2 years and under","Female",0
"E06000024","North Somerset","Lives in a communal establishment","Aged 3 to 4 years","Female",0
"E06000024","North Somerset","Lives in a communal establishment","Aged 5 to 7 years","Female",0
"E06000024","North Somerset","Lives in a communal establishment","Aged 8 to 9 years","Female",0
"E06000024","North Somerset","Lives in a communal establishment","Aged 10 to 14 years","Female",8
"E06000024","North Somerset","Lives in a communal establishment","Aged 15 years","Female",6
"E06000024","North Somerset","Lives in a communal establishment","Aged 16 to 17 years","Female",13
"E06000024","North Somerset","Lives in a communal establishment","Aged 18 to 19 years","Female",21
"E06000024","North Somerset","Lives in a communal establishment","Aged 20 to 24 years","Female",32
"E06000024","North Somerset","Lives in a communal establishment","Aged 25 to 29 years","Female",7
"E06000024","North Somerset","Lives in a communal establishment","Aged 30 to 34 years","Female",17
"E06000024","North Somerset","Lives in a communal establishment","Aged 35 to 39 years","Female",15
"E06000024","North Somerset","Lives in a communal establishment","Aged 40 to 44 years","Female",25
"E06000024","North Somerset","Lives in a communal establishment","Aged 45 to 49 years","Female",32
"E06000024","North Somerset","Lives in a communal establishment","Aged 50 to 54 years","Female",22
"E06000024","North Somerset","Lives in a communal establishment","Aged 55 to 59 years","Female",41
"E06000024","North Somerset","Lives in a communal establishment","Aged 60 to 64 years","Female",42
"E06000024","North Somerset","Lives in a communal establishment","Aged 65 years","Female",6
"E06000024","North Somerset","Lives in a communal establishment","Aged 66 to 69 years","Female",43
"E06000024","North Somerset","Lives in a communal establishment","Aged 70 to 74 years","Female",69
"E06000024","North Somerset","Lives in a communal establishment","Aged 75 to 79 years","Female",138
"E06000024","North Somerset","Lives in a communal establishment","Aged 80 to 84 years","Female",188
"E06000024","North Somerset","Lives in a communal establishment","Aged 85 years and over","Female",760
"E06000025","South Gloucestershire","Lives in a communal establishment","Total","Female",2430
"E06000025","South Gloucestershire","Lives in a communal establishment","Aged 2 years and under","Female",2
"E06000025","South Gloucestershire","Lives in a communal establishment","Aged 3 to 4 years","Female",0
"E06000025","South Gloucestershire","Lives in a communal establishment","Aged 5 to 7 years","Female",0
"E06000025","South Gloucestershire","Lives in a communal establishment","Aged 8 to 9 years","Female",0
"E06000025","South Gloucestershire","Lives in a communal establishment","Aged 10 to 14 years","Female",2
"E06000025","South Gloucestershire","Lives in a communal establishment","Aged 15 years","Female",2
"E06000025","South Gloucestershire","Lives in a communal establishment","Aged 16 to 17 years","Female",6
"E06000025","South Gloucestershire","Lives in a communal establishment","Aged 18 to 19 years","Female",684
"E06000025","South Gloucestershire","Lives in a communal establishment","Aged 20 to 24 years","Female",415
"E06000025","South Gloucestershire","Lives in a communal establishment","Aged 25 to 29 years","Female",93
"E06000025","South Gloucestershire","Lives in a communal establishment","Aged 30 to 34 years","Female",85
"E06000025","South Gloucestershire","Lives in a communal establishment","Aged 35 to 39 years","Female",78
"E06000025","South Gloucestershire","Lives in a communal establishment","Aged 40 to 44 years","Female",44
"E06000025","South Gloucestershire","Lives in a communal establishment","Aged 45 to 49 years","Female",44
"E06000025","South Gloucestershire","Lives in a communal establishment","Aged 50 to 54 years","Female",37
"E06000025","South Gloucestershire","Lives in a communal establishment","Aged 55 to 59 years","Female",49
"E06000025","South Gloucestershire","Lives in a communal establishment","Aged 60 to 64 years","Female",40
"E06000025","South Gloucestershire","Lives in a communal establishment","Aged 65 years","Female",6
"E06000025","South Gloucestershire","Lives in a communal establishment","Aged 66 to 69 years","Female",20
"E06000025","South Gloucestershire","Lives in a communal establishment","Aged 70 to 74 years","Female",35
"E06000025","South Gloucestershire","Lives in a communal establishment","Aged 75 to 79 years","Female",97
"E06000025","South Gloucestershire","Lives in a communal establishment","Aged 80 to 84 years","Female",132
"E06000025","South Gloucestershire","Lives in a communal establishment","Aged 85 years and over","Female",559
"E06000026","Plymouth","Lives in a communal establishment","Total","Female",3931
"E06000026","Plymouth","Lives in a communal establishment","Aged 2 years and under","Female",4
"E06000026","Plymouth","Lives in a communal establishment","Aged 3 to 4 years","Female",0
"E06000026","Plymouth","Lives in a communal establishment","Aged 5 to 7 years","Female",0
"E06000026","Plymouth","Lives in a communal establishment","Aged 8 to 9 years","Female",1
"E06000026","Plymouth","Lives in a communal establishment","Aged 10 to 14 years","Female",14
"E06000026","Plymouth","Lives in a communal establishment","Aged 15 years","Female",10
"E06000026","Plymouth","Lives in a communal establishment","Aged 16 to 17 years","Female",30
"E06000026","Plymouth","Lives in a communal establishment","Aged 18 to 19 years","Female",1325
"E06000026","Plymouth","Lives in a communal establishment","Aged 20 to 24 years","Female",1097
"E06000026","Plymouth","Lives in a communal establishment","Aged 25 to 29 years","Female",113
"E06000026","Plymouth","Lives in a communal establishment","Aged 30 to 34 years","Female",44
"E06000026","Plymouth","Lives in a communal establishment","Aged 35 to 39 years","Female",37
"E06000026","Plymouth","Lives in a communal establishment","Aged 40 to 44 years","Female",27
"E06000026","Plymouth","Lives in a communal establishment","Aged 45 to 49 years","Female",15
"E06000026","Plymouth","Lives in a communal establishment","Aged 50 to 54 years","Female",22
"E06000026","Plymouth","Lives in a communal establishment","Aged 55 to 59 years","Female",44
"E06000026","Plymouth","Lives in a communal establishment","Aged 60 to 64 years","Female",32
"E06000026","Plymouth","Lives in a communal establishment","Aged 65 years","Female",13
"E06000026","Plymouth","Lives in a communal establishment","Aged 66 to 69 years","Female",32
"E06000026","Plymouth","Lives in a communal establishment","Aged 70 to 74 years","Female",74
"E06000026","Plymouth","Lives in a communal establishment","Aged 75 to 79 years","Female",105
"E06000026","Plymouth","Lives in a communal establishment","Aged 80 to 84 years","Female",186
"E06000026","Plymouth","Lives in a communal establishment","Aged 85 years and over","Female",706
"E06000027","Torbay","Lives in a communal establishment","Total","Female",1214
"E06000027","Torbay","Lives in a communal establishment","Aged 2 years and under","Female",1
"E06000027","Torbay","Lives in a communal establishment","Aged 3 to 4 years","Female",3
"E06000027","Torbay","Lives in a communal establishment","Aged 5 to 7 years","Female",0
"E06000027","Torbay","Lives in a communal establishment","Aged 8 to 9 years","Female",0
"E06000027","Torbay","Lives in a communal establishment","Aged 10 to 14 years","Female",1
"E06000027","Torbay","Lives in a communal establishment","Aged 15 years","Female",1
"E06000027","Torbay","Lives in a communal establishment","Aged 16 to 17 years","Female",3
"E06000027","Torbay","Lives in a communal establishment","Aged 18 to 19 years","Female",3
"E06000027","Torbay","Lives in a communal establishment","Aged 20 to 24 years","Female",10
"E06000027","Torbay","Lives in a communal establishment","Aged 25 to 29 years","Female",14
"E06000027","Torbay","Lives in a communal establishment","Aged 30 to 34 years","Female",19
"E06000027","Torbay","Lives in a communal establishment","Aged 35 to 39 years","Female",13
"E06000027","Torbay","Lives in a communal establishment","Aged 40 to 44 years","Female",13
"E06000027","Torbay","Lives in a communal establishment","Aged 45 to 49 years","Female",25
"E06000027","Torbay","Lives in a communal establishment","Aged 50 to 54 years","Female",29
"E06000027","Torbay","Lives in a communal establishment","Aged 55 to 59 years","Female",61
"E06000027","Torbay","Lives in a communal establishment","Aged 60 to 64 years","Female",47
"E06000027","Torbay","Lives in a communal establishment","Aged 65 years","Female",8
"E06000027","Torbay","Lives in a communal establishment","Aged 66 to 69 years","Female",41
"E06000027","Torbay","Lives in a communal establishment","Aged 70 to 74 years","Female",80
"E06000027","Torbay","Lives in a communal establishment","Aged 75 to 79 years","Female",94
"E06000027","Torbay","Lives in a communal establishment","Aged 80 to 84 years","Female",162
"E06000027","Torbay","Lives in a communal establishment","Aged 85 years and over","Female",586
"E06000030","Swindon","Lives in a communal establishment","Total","Female",677
"E06000030","Swindon","Lives in a communal establishment","Aged 2 years and under","Female",0
"E06000030","Swindon","Lives in a communal establishment","Aged 3 to 4 years","Female",0
"E06000030","Swindon","Lives in a communal establishment","Aged 5 to 7 years","Female",0
"E06000030","Swindon","Lives in a communal establishment","Aged 8 to 9 years","Female",0
"E06000030","Swindon","Lives in a communal establishment","Aged 10 to 14 years","Female",0
"E06000030","Swindon","Lives in a communal establishment","Aged 15 years","Female",0
"E06000030","Swindon","Lives in a communal establishment","Aged 16 to 17 years","Female",8
"E06000030","Swindon","Lives in a communal establishment","Aged 18 to 19 years","Female",11
"E06000030","Swindon","Lives in a communal establishment","Aged 20 to 24 years","Female",12
"E06000030","Swindon","Lives in a communal establishment","Aged 25 to 29 years","Female",7
"E06000030","Swindon","Lives in a communal establishment","Aged 30 to 34 years","Female",13
"E06000030","Swindon","Lives in a communal establishment","Aged 35 to 39 years","Female",9
"E06000030","Swindon","Lives in a communal establishment","Aged 40 to 44 years","Female",7
"E06000030","Swindon","Lives in a communal establishment","Aged 45 to 49 years","Female",4
"E06000030","Swindon","Lives in a communal establishment","Aged 50 to 54 years","Female",12
"E06000030","Swindon","Lives in a communal establishment","Aged 55 to 59 years","Female",16
"E06000030","Swindon","Lives in a communal establishment","Aged 60 to 64 years","Female",23
"E06000030","Swindon","Lives in a communal establishment","Aged 65 years","Female",4
"E06000030","Swindon","Lives in a communal establishment","Aged 66 to 69 years","Female",19
"E06000030","Swindon","Lives in a communal establishment","Aged 70 to 74 years","Female",31
"E06000030","Swindon","Lives in a communal establishment","Aged 75 to 79 years","Female",62
"E06000030","Swindon","Lives in a communal establishment","Aged 80 to 84 years","Female",115
"E06000030","Swindon","Lives in a communal establishment","Aged 85 years and over","Female",324
"E06000052","Cornwall","Lives in a communal establishment","Total","Female",4641
"E06000052","Cornwall","Lives in a communal establishment","Aged 2 years and under","Female",4
"E06000052","Cornwall","Lives in a communal establishment","Aged 3 to 4 years","Female",3
"E06000052","Cornwall","Lives in a communal establishment","Aged 5 to 7 years","Female",2
"E06000052","Cornwall","Lives in a communal establishment","Aged 8 to 9 years","Female",4
"E06000052","Cornwall","Lives in a communal establishment","Aged 10 to 14 years","Female",14
"E06000052","Cornwall","Lives in a communal establishment","Aged 15 years","Female",11
"E06000052","Cornwall","Lives in a communal establishment","Aged 16 to 17 years","Female",67
"E06000052","Cornwall","Lives in a communal establishment","Aged 18 to 19 years","Female",881
"E06000052","Cornwall","Lives in a communal establishment","Aged 20 to 24 years","Female",513
"E06000052","Cornwall","Lives in a communal establishment","Aged 25 to 29 years","Female",93
"E06000052","Cornwall","Lives in a communal establishment","Aged 30 to 34 years","Female",75
"E06000052","Cornwall","Lives in a communal establishment","Aged 35 to 39 years","Female",48
"E06000052","Cornwall","Lives in a communal establishment","Aged 40 to 44 years","Female",46
"E06000052","Cornwall","Lives in a communal establishment","Aged 45 to 49 years","Female",73
"E06000052","Cornwall","Lives in a communal establishment","Aged 50 to 54 years","Female",107
"E06000052","Cornwall","Lives in a communal establishment","Aged 55 to 59 years","Female",94
"E06000052","Cornwall","Lives in a communal establishment","Aged 60 to 64 years","Female",97
"E06000052","Cornwall","Lives in a communal establishment","Aged 65 years","Female",24
"E06000052","Cornwall","Lives in a communal establishment","Aged 66 to 69 years","Female",85
"E06000052","Cornwall","Lives in a communal establishment","Aged 70 to 74 years","Female",137
"E06000052","Cornwall","Lives in a communal establishment","Aged 75 to 79 years","Female",223
"E06000052","Cornwall","Lives in a communal establishment","Aged 80 to 84 years","Female",401
"E06000052","Cornwall","Lives in a communal establishment","Aged 85 years and over","Female",1639
"E06000053","Isles of Scilly","Lives in a communal establishment","Total","Female",17
"E06000053","Isles of Scilly","Lives in a communal establishment","Aged 2 years and under","Female",0
"E06000053","Isles of Scilly","Lives in a communal establishment","Aged 3 to 4 years","Female",0
"E06000053","Isles of Scilly","Lives in a communal establishment","Aged 5 to 7 years","Female",0
"E06000053","Isles of Scilly","Lives in a communal establishment","Aged 8 to 9 years","Female",0
"E06000053","Isles of Scilly","Lives in a communal establishment","Aged 10 to 14 years","Female",0
"E06000053","Isles of Scilly","Lives in a communal establishment","Aged 15 years","Female",0
"E06000053","Isles of Scilly","Lives in a communal establishment","Aged 16 to 17 years","Female",0
"E06000053","Isles of Scilly","Lives in a communal establishment","Aged 18 to 19 years","Female",0
"E06000053","Isles of Scilly","Lives in a communal establishment","Aged 20 to 24 years","Female",1
"E06000053","Isles of Scilly","Lives in a communal establishment","Aged 25 to 29 years","Female",1
"E06000053","Isles of Scilly","Lives in a communal establishment","Aged 30 to 34 years","Female",0
"E06000053","Isles of Scilly","Lives in a communal establishment","Aged 35 to 39 years","Female",0
"E06000053","Isles of Scilly","Lives in a communal establishment","Aged 40 to 44 years","Female",1
"E06000053","Isles of Scilly","Lives in a communal establishment","Aged 45 to 49 years","Female",0
"E06000053","Isles of Scilly","Lives in a communal establishment","Aged 50 to 54 years","Female",1
"E06000053","Isles of Scilly","Lives in a communal establishment","Aged 55 to 59 years","Female",0
"E06000053","Isles of Scilly","Lives in a communal establishment","Aged 60 to 64 years","Female",0
"E06000053","Isles of Scilly","Lives in a communal establishment","Aged 65 years","Female",0
"E06000053","Isles of Scilly","Lives in a communal establishment","Aged 66 to 69 years","Female",1
"E06000053","Isles of Scilly","Lives in a communal establishment","Aged 70 to 74 years","Female",1
"E06000053","Isles of Scilly","Lives in a communal establishment","Aged 75 to 79 years","Female",0
"E06000053","Isles of Scilly","Lives in a communal establishment","Aged 80 to 84 years","Female",4
"E06000053","Isles of Scilly","Lives in a communal establishment","Aged 85 years and over","Female",7
"E06000054","Wiltshire","Lives in a communal establishment","Total","Female",4397
"E06000054","Wiltshire","Lives in a communal establishment","Aged 2 years and under","Female",12
"E06000054","Wiltshire","Lives in a communal establishment","Aged 3 to 4 years","Female",2
"E06000054","Wiltshire","Lives in a communal establishment","Aged 5 to 7 years","Female",8
"E06000054","Wiltshire","Lives in a communal establishment","Aged 8 to 9 years","Female",13
"E06000054","Wiltshire","Lives in a communal establishment","Aged 10 to 14 years","Female",418
"E06000054","Wiltshire","Lives in a communal establishment","Aged 15 years","Female",185
"E06000054","Wiltshire","Lives in a communal establishment","Aged 16 to 17 years","Female",448
"E06000054","Wiltshire","Lives in a communal establishment","Aged 18 to 19 years","Female",248
"E06000054","Wiltshire","Lives in a communal establishment","Aged 20 to 24 years","Female",234
"E06000054","Wiltshire","Lives in a communal establishment","Aged 25 to 29 years","Female",244
"E06000054","Wiltshire","Lives in a communal establishment","Aged 30 to 34 years","Female",127
"E06000054","Wiltshire","Lives in a communal establishment","Aged 35 to 39 years","Female",77
"E06000054","Wiltshire","Lives in a communal establishment","Aged 40 to 44 years","Female",73
"E06000054","Wiltshire","Lives in a communal establishment","Aged 45 to 49 years","Female",52
"E06000054","Wiltshire","Lives in a communal establishment","Aged 50 to 54 years","Female",66
"E06000054","Wiltshire","Lives in a communal establishment","Aged 55 to 59 years","Female",69
"E06000054","Wiltshire","Lives in a communal establishment","Aged 60 to 64 years","Female",69
"E06000054","Wiltshire","Lives in a communal establishment","Aged 65 years","Female",16
"E06000054","Wiltshire","Lives in a communal establishment","Aged 66 to 69 years","Female",63
"E06000054","Wiltshire","Lives in a communal establishment","Aged 70 to 74 years","Female",114
"E06000054","Wiltshire","Lives in a communal establishment","Aged 75 to 79 years","Female",161
"E06000054","Wiltshire","Lives in a communal establishment","Aged 80 to 84 years","Female",325
"E06000054","Wiltshire","Lives in a communal establishment","Aged 85 years and over","Female",1373
"E06000058","Bournemouth, Christchurch and Poole","Lives in a communal establishment","Total","Female",5775
"E06000058","Bournemouth, Christchurch and Poole","Lives in a communal establishment","Aged 2 years and under","Female",11
"E06000058","Bournemouth, Christchurch and Poole","Lives in a communal establishment","Aged 3 to 4 years","Female",5
"E06000058","Bournemouth, Christchurch and Poole","Lives in a communal establishment","Aged 5 to 7 years","Female",6
"E06000058","Bournemouth, Christchurch and Poole","Lives in a communal establishment","Aged 8 to 9 years","Female",1
"E06000058","Bournemouth, Christchurch and Poole","Lives in a communal establishment","Aged 10 to 14 years","Female",66
"E06000058","Bournemouth, Christchurch and Poole","Lives in a communal establishment","Aged 15 years","Female",33
"E06000058","Bournemouth, Christchurch and Poole","Lives in a communal establishment","Aged 16 to 17 years","Female",122
"E06000058","Bournemouth, Christchurch and Poole","Lives in a communal establishment","Aged 18 to 19 years","Female",1911
"E06000058","Bournemouth, Christchurch and Poole","Lives in a communal establishment","Aged 20 to 24 years","Female",1180
"E06000058","Bournemouth, Christchurch and Poole","Lives in a communal establishment","Aged 25 to 29 years","Female",192
"E06000058","Bournemouth, Christchurch and Poole","Lives in a communal establishment","Aged 30 to 34 years","Female",90
"E06000058","Bournemouth, Christchurch and Poole","Lives in a communal establishment","Aged 35 to 39 years","Female",59
"E06000058","Bournemouth, Christchurch and Poole","Lives in a communal establishment","Aged 40 to 44 years","Female",66
"E06000058","Bournemouth, Christchurch and Poole","Lives in a communal establishment","Aged 45 to 49 years","Female",62
"E06000058","Bournemouth, Christchurch and Poole","Lives in a communal establishment","Aged 50 to 54 years","Female",71
"E06000058","Bournemouth, Christchurch and Poole","Lives in a communal establishment","Aged 55 to 59 years","Female",77
"E06000058","Bournemouth, Christchurch and Poole","Lives in a communal establishment","Aged 60 to 64 years","Female",60
"E06000058","Bournemouth, Christchurch and Poole","Lives in a communal establishment","Aged 65 years","Female",12
"E06000058","Bournemouth, Christchurch and Poole","Lives in a communal establishment","Aged 66 to 69 years","Female",59
"E06000058","Bournemouth, Christchurch and Poole","Lives in a communal establishment","Aged 70 to 74 years","Female",89
"E06000058","Bournemouth, Christchurch and Poole","Lives in a communal establishment","Aged 75 to 79 years","Female",156
"E06000058","Bournemouth, Christchurch and Poole","Lives in a communal establishment","Aged 80 to 84 years","Female",260
"E06000058","Bournemouth, Christchurch and Poole","Lives in a communal establishment","Aged 85 years and over","Female",1187
"E06000059","Dorset","Lives in a communal establishment","Total","Female",3305
"E06000059","Dorset","Lives in a communal establishment","Aged 2 years and under","Female",7
"E06000059","Dorset","Lives in a communal establishment","Aged 3 to 4 years","Female",5
"E06000059","Dorset","Lives in a communal establishment","Aged 5 to 7 years","Female",6
"E06000059","Dorset","Lives in a communal establishment","Aged 8 to 9 years","Female",32
"E06000059","Dorset","Lives in a communal establishment","Aged 10 to 14 years","Female",310
"E06000059","Dorset","Lives in a communal establishment","Aged 15 years","Female",168
"E06000059","Dorset","Lives in a communal establishment","Aged 16 to 17 years","Female",345
"E06000059","Dorset","Lives in a communal establishment","Aged 18 to 19 years","Female",157
"E06000059","Dorset","Lives in a communal establishment","Aged 20 to 24 years","Female",50
"E06000059","Dorset","Lives in a communal establishment","Aged 25 to 29 years","Female",54
"E06000059","Dorset","Lives in a communal establishment","Aged 30 to 34 years","Female",33
"E06000059","Dorset","Lives in a communal establishment","Aged 35 to 39 years","Female",48
"E06000059","Dorset","Lives in a communal establishment","Aged 40 to 44 years","Female",44
"E06000059","Dorset","Lives in a communal establishment","Aged 45 to 49 years","Female",33
"E06000059","Dorset","Lives in a communal establishment","Aged 50 to 54 years","Female",35
"E06000059","Dorset","Lives in a communal establishment","Aged 55 to 59 years","Female",48
"E06000059","Dorset","Lives in a communal establishment","Aged 60 to 64 years","Female",32
"E06000059","Dorset","Lives in a communal establishment","Aged 65 years","Female",4
"E06000059","Dorset","Lives in a communal establishment","Aged 66 to 69 years","Female",35
"E06000059","Dorset","Lives in a communal establishment","Aged 70 to 74 years","Female",94
"E06000059","Dorset","Lives in a communal establishment","Aged 75 to 79 years","Female",145
"E06000059","Dorset","Lives in a communal establishment","Aged 80 to 84 years","Female",277
"E06000059","Dorset","Lives in a communal establishment","Aged 85 years and over","Female",1343
"E07000040","East Devon","Lives in a communal establishment","Total","Female",1163
"E07000040","East Devon","Lives in a communal establishment","Aged 2 years and under","Female",1
"E07000040","East Devon","Lives in a communal establishment","Aged 3 to 4 years","Female",0
"E07000040","East Devon","Lives in a communal establishment","Aged 5 to 7 years","Female",2
"E07000040","East Devon","Lives in a communal establishment","Aged 8 to 9 years","Female",2
"E07000040","East Devon","Lives in a communal establishment","Aged 10 to 14 years","Female",10
"E07000040","East Devon","Lives in a communal establishment","Aged 15 years","Female",2
"E07000040","East Devon","Lives in a communal establishment","Aged 16 to 17 years","Female",21
"E07000040","East Devon","Lives in a communal establishment","Aged 18 to 19 years","Female",35
"E07000040","East Devon","Lives in a communal establishment","Aged 20 to 24 years","Female",15
"E07000040","East Devon","Lives in a communal establishment","Aged 25 to 29 years","Female",14
"E07000040","East Devon","Lives in a communal establishment","Aged 30 to 34 years","Female",23
"E07000040","East Devon","Lives in a communal establishment","Aged 35 to 39 years","Female",13
"E07000040","East Devon","Lives in a communal establishment","Aged 40 to 44 years","Female",18
"E07000040","East Devon","Lives in a communal establishment","Aged 45 to 49 years","Female",9
"E07000040","East Devon","Lives in a communal establishment","Aged 50 to 54 years","Female",20
"E07000040","East Devon","Lives in a communal establishment","Aged 55 to 59 years","Female",10
"E07000040","East Devon","Lives in a communal establishment","Aged 60 to 64 years","Female",17
"E07000040","East Devon","Lives in a communal establishment","Aged 65 years","Female",1
"E07000040","East Devon","Lives in a communal establishment","Aged 66 to 69 years","Female",13
"E07000040","East Devon","Lives in a communal establishment","Aged 70 to 74 years","Female",46
"E07000040","East Devon","Lives in a communal establishment","Aged 75 to 79 years","Female",69
"E07000040","East Devon","Lives in a communal establishment","Aged 80 to 84 years","Female",133
"E07000040","East Devon","Lives in a communal establishment","Aged 85 years and over","Female",689
"E07000041","Exeter","Lives in a communal establishment","Total","Female",5047
"E07000041","Exeter","Lives in a communal establishment","Aged 2 years and under","Female",1
"E07000041","Exeter","Lives in a communal establishment","Aged 3 to 4 years","Female",2
"E07000041","Exeter","Lives in a communal establishment","Aged 5 to 7 years","Female",0
"E07000041","Exeter","Lives in a communal establishment","Aged 8 to 9 years","Female",0
"E07000041","Exeter","Lives in a communal establishment","Aged 10 to 14 years","Female",4
"E07000041","Exeter","Lives in a communal establishment","Aged 15 years","Female",1
"E07000041","Exeter","Lives in a communal establishment","Aged 16 to 17 years","Female",40
"E07000041","Exeter","Lives in a communal establishment","Aged 18 to 19 years","Female",2812
"E07000041","Exeter","Lives in a communal establishment","Aged 20 to 24 years","Female",1431
"E07000041","Exeter","Lives in a communal establishment","Aged 25 to 29 years","Female",165
"E07000041","Exeter","Lives in a communal establishment","Aged 30 to 34 years","Female",62
"E07000041","Exeter","Lives in a communal establishment","Aged 35 to 39 years","Female",22
"E07000041","Exeter","Lives in a communal establishment","Aged 40 to 44 years","Female",16
"E07000041","Exeter","Lives in a communal establishment","Aged 45 to 49 years","Female",12
"E07000041","Exeter","Lives in a communal establishment","Aged 50 to 54 years","Female",7
"E07000041","Exeter","Lives in a communal establishment","Aged 55 to 59 years","Female",17
"E07000041","Exeter","Lives in a communal establishment","Aged 60 to 64 years","Female",14
"E07000041","Exeter","Lives in a communal establishment","Aged 65 years","Female",0
"E07000041","Exeter","Lives in a communal establishment","Aged 66 to 69 years","Female",9
"E07000041","Exeter","Lives in a communal establishment","Aged 70 to 74 years","Female",24
"E07000041","Exeter","Lives in a communal establishment","Aged 75 to 79 years","Female",47
"E07000041","Exeter","Lives in a communal establishment","Aged 80 to 84 years","Female",78
"E07000041","Exeter","Lives in a communal establishment","Aged 85 years and over","Female",283
"E07000042","Mid Devon","Lives in a communal establishment","Total","Female",397
"E07000042","Mid Devon","Lives in a communal establishment","Aged 2 years and under","Female",0
"E07000042","Mid Devon","Lives in a communal establishment","Aged 3 to 4 years","Female",0
"E07000042","Mid Devon","Lives in a communal establishment","Aged 5 to 7 years","Female",0
"E07000042","Mid Devon","Lives in a communal establishment","Aged 8 to 9 years","Female",0
"E07000042","Mid Devon","Lives in a communal establishment","Aged 10 to 14 years","Female",25
"E07000042","Mid Devon","Lives in a communal establishment","Aged 15 years","Female",4
"E07000042","Mid Devon","Lives in a communal establishment","Aged 16 to 17 years","Female",28
"E07000042","Mid Devon","Lives in a communal establishment","Aged 18 to 19 years","Female",17
"E07000042","Mid Devon","Lives in a communal establishment","Aged 20 to 24 years","Female",4
"E07000042","Mid Devon","Lives in a communal establishment","Aged 25 to 29 years","Female",6
"E07000042","Mid Devon","Lives in a communal establishment","Aged 30 to 34 years","Female",4
"E07000042","Mid Devon","Lives in a communal establishment","Aged 35 to 39 years","Female",6
"E07000042","Mid Devon","Lives in a communal establishment","Aged 40 to 44 years","Female",6
"E07000042","Mid Devon","Lives in a communal establishment","Aged 45 to 49 years","Female",5
"E07000042","Mid Devon","Lives in a communal establishment","Aged 50 to 54 years","Female",12
"E07000042","Mid Devon","Lives in a communal establishment","Aged 55 to 59 years","Female",10
"E07000042","Mid Devon","Lives in a communal establishment","Aged 60 to 64 years","Female",8
"E07000042","Mid Devon","Lives in a communal establishment","Aged 65 years","Female",2
"E07000042","Mid Devon","Lives in a communal establishment","Aged 66 to 69 years","Female",5
"E07000042","Mid Devon","Lives in a communal establishment","Aged 70 to 74 years","Female",5
"E07000042","Mid Devon","Lives in a communal establishment","Aged 75 to 79 years","Female",22
"E07000042","Mid Devon","Lives in a communal establishment","Aged 80 to 84 years","Female",31
"E07000042","Mid Devon","Lives in a communal establishment","Aged 85 years and over","Female",197
"E07000043","North Devon","Lives in a communal establishment","Total","Female",712
"E07000043","North Devon","Lives in a communal establishment","Aged 2 years and under","Female",0
"E07000043","North Devon","Lives in a communal establishment","Aged 3 to 4 years","Female",3
"E07000043","North Devon","Lives in a communal establishment","Aged 5 to 7 years","Female",3
"E07000043","North Devon","Lives in a communal establishment","Aged 8 to 9 years","Female",0
"E07000043","North Devon","Lives in a communal establishment","Aged 10 to 14 years","Female",12
"E07000043","North Devon","Lives in a communal establishment","Aged 15 years","Female",3
"E07000043","North Devon","Lives in a communal establishment","Aged 16 to 17 years","Female",25
"E07000043","North Devon","Lives in a communal establishment","Aged 18 to 19 years","Female",17
"E07000043","North Devon","Lives in a communal establishment","Aged 20 to 24 years","Female",18
"E07000043","North Devon","Lives in a communal establishment","Aged 25 to 29 years","Female",16
"E07000043","North Devon","Lives in a communal establishment","Aged 30 to 34 years","Female",16
"E07000043","North Devon","Lives in a communal establishment","Aged 35 to 39 years","Female",15
"E07000043","North Devon","Lives in a communal establishment","Aged 40 to 44 years","Female",12
"E07000043","North Devon","Lives in a communal establishment","Aged 45 to 49 years","Female",20
"E07000043","North Devon","Lives in a communal establishment","Aged 50 to 54 years","Female",14
"E07000043","North Devon","Lives in a communal establishment","Aged 55 to 59 years","Female",30
"E07000043","North Devon","Lives in a communal establishment","Aged 60 to 64 years","Female",27
"E07000043","North Devon","Lives in a communal establishment","Aged 65 years","Female",13
"E07000043","North Devon","Lives in a communal establishment","Aged 66 to 69 years","Female",17
"E07000043","North Devon","Lives in a communal establishment","Aged 70 to 74 years","Female",31
"E07000043","North Devon","Lives in a communal establishment","Aged 75 to 79 years","Female",54
"E07000043","North Devon","Lives in a communal establishment","Aged 80 to 84 years","Female",67
"E07000043","North Devon","Lives in a communal establishment","Aged 85 years and over","Female",299
"E07000044","South Hams","Lives in a communal establishment","Total","Female",510
"E07000044","South Hams","Lives in a communal establishment","Aged 2 years and under","Female",1
"E07000044","South Hams","Lives in a communal establishment","Aged 3 to 4 years","Female",0
"E07000044","South Hams","Lives in a communal establishment","Aged 5 to 7 years","Female",0
"E07000044","South Hams","Lives in a communal establishment","Aged 8 to 9 years","Female",0
"E07000044","South Hams","Lives in a communal establishment","Aged 10 to 14 years","Female",0
"E07000044","South Hams","Lives in a communal establishment","Aged 15 years","Female",0
"E07000044","South Hams","Lives in a communal establishment","Aged 16 to 17 years","Female",1
"E07000044","South Hams","Lives in a communal establishment","Aged 18 to 19 years","Female",1
"E07000044","South Hams","Lives in a communal establishment","Aged 20 to 24 years","Female",24
"E07000044","South Hams","Lives in a communal establishment","Aged 25 to 29 years","Female",16
"E07000044","South Hams","Lives in a communal establishment","Aged 30 to 34 years","Female",20
"E07000044","South Hams","Lives in a communal establishment","Aged 35 to 39 years","Female",9
"E07000044","South Hams","Lives in a communal establishment","Aged 40 to 44 years","Female",9
"E07000044","South Hams","Lives in a communal establishment","Aged 45 to 49 years","Female",3
"E07000044","South Hams","Lives in a communal establishment","Aged 50 to 54 years","Female",3
"E07000044","South Hams","Lives in a communal establishment","Aged 55 to 59 years","Female",6
"E07000044","South Hams","Lives in a communal establishment","Aged 60 to 64 years","Female",15
"E07000044","South Hams","Lives in a communal establishment","Aged 65 years","Female",0
"E07000044","South Hams","Lives in a communal establishment","Aged 66 to 69 years","Female",18
"E07000044","South Hams","Lives in a communal establishment","Aged 70 to 74 years","Female",18
"E07000044","South Hams","Lives in a communal establishment","Aged 75 to 79 years","Female",40
"E07000044","South Hams","Lives in a communal establishment","Aged 80 to 84 years","Female",50
"E07000044","South Hams","Lives in a communal establishment","Aged 85 years and over","Female",276
"E07000045","Teignbridge","Lives in a communal establishment","Total","Female",907
"E07000045","Teignbridge","Lives in a communal establishment","Aged 2 years and under","Female",0
"E07000045","Teignbridge","Lives in a communal establishment","Aged 3 to 4 years","Female",0
"E07000045","Teignbridge","Lives in a communal establishment","Aged 5 to 7 years","Female",1
"E07000045","Teignbridge","Lives in a communal establishment","Aged 8 to 9 years","Female",2
"E07000045","Teignbridge","Lives in a communal establishment","Aged 10 to 14 years","Female",9
"E07000045","Teignbridge","Lives in a communal establishment","Aged 15 years","Female",1
"E07000045","Teignbridge","Lives in a communal establishment","Aged 16 to 17 years","Female",5
"E07000045","Teignbridge","Lives in a communal establishment","Aged 18 to 19 years","Female",2
"E07000045","Teignbridge","Lives in a communal establishment","Aged 20 to 24 years","Female",7
"E07000045","Teignbridge","Lives in a communal establishment","Aged 25 to 29 years","Female",5
"E07000045","Teignbridge","Lives in a communal establishment","Aged 30 to 34 years","Female",15
"E07000045","Teignbridge","Lives in a communal establishment","Aged 35 to 39 years","Female",7
"E07000045","Teignbridge","Lives in a communal establishment","Aged 40 to 44 years","Female",11
"E07000045","Teignbridge","Lives in a communal establishment","Aged 45 to 49 years","Female",6
"E07000045","Teignbridge","Lives in a communal establishment","Aged 50 to 54 years","Female",30
"E07000045","Teignbridge","Lives in a communal establishment","Aged 55 to 59 years","Female",24
"E07000045","Teignbridge","Lives in a communal establishment","Aged 60 to 64 years","Female",19
"E07000045","Teignbridge","Lives in a communal establishment","Aged 65 years","Female",11
"E07000045","Teignbridge","Lives in a communal establishment","Aged 66 to 69 years","Female",17
"E07000045","Teignbridge","Lives in a communal establishment","Aged 70 to 74 years","Female",38
"E07000045","Teignbridge","Lives in a communal establishment","Aged 75 to 79 years","Female",56
"E07000045","Teignbridge","Lives in a communal establishment","Aged 80 to 84 years","Female",112
"E07000045","Teignbridge","Lives in a communal establishment","Aged 85 years and over","Female",529
"E07000046","Torridge","Lives in a communal establishment","Total","Female",481
"E07000046","Torridge","Lives in a communal establishment","Aged 2 years and under","Female",0
"E07000046","Torridge","Lives in a communal establishment","Aged 3 to 4 years","Female",2
"E07000046","Torridge","Lives in a communal establishment","Aged 5 to 7 years","Female",0
"E07000046","Torridge","Lives in a communal establishment","Aged 8 to 9 years","Female",0
"E07000046","Torridge","Lives in a communal establishment","Aged 10 to 14 years","Female",17
"E07000046","Torridge","Lives in a communal establishment","Aged 15 years","Female",7
"E07000046","Torridge","Lives in a communal establishment","Aged 16 to 17 years","Female",21
"E07000046","Torridge","Lives in a communal establishment","Aged 18 to 19 years","Female",4
"E07000046","Torridge","Lives in a communal establishment","Aged 20 to 24 years","Female",5
"E07000046","Torridge","Lives in a communal establishment","Aged 25 to 29 years","Female",6
"E07000046","Torridge","Lives in a communal establishment","Aged 30 to 34 years","Female",5
"E07000046","Torridge","Lives in a communal establishment","Aged 35 to 39 years","Female",9
"E07000046","Torridge","Lives in a communal establishment","Aged 40 to 44 years","Female",3
"E07000046","Torridge","Lives in a communal establishment","Aged 45 to 49 years","Female",6
"E07000046","Torridge","Lives in a communal establishment","Aged 50 to 54 years","Female",11
"E07000046","Torridge","Lives in a communal establishment","Aged 55 to 59 years","Female",5
"E07000046","Torridge","Lives in a communal establishment","Aged 60 to 64 years","Female",10
"E07000046","Torridge","Lives in a communal establishment","Aged 65 years","Female",1
"E07000046","Torridge","Lives in a communal establishment","Aged 66 to 69 years","Female",6
"E07000046","Torridge","Lives in a communal establishment","Aged 70 to 74 years","Female",15
"E07000046","Torridge","Lives in a communal establishment","Aged 75 to 79 years","Female",32
"E07000046","Torridge","Lives in a communal establishment","Aged 80 to 84 years","Female",55
"E07000046","Torridge","Lives in a communal establishment","Aged 85 years and over","Female",261
"E07000047","West Devon","Lives in a communal establishment","Total","Female",525
"E07000047","West Devon","Lives in a communal establishment","Aged 2 years and under","Female",0
"E07000047","West Devon","Lives in a communal establishment","Aged 3 to 4 years","Female",1
"E07000047","West Devon","Lives in a communal establishment","Aged 5 to 7 years","Female",0
"E07000047","West Devon","Lives in a communal establishment","Aged 8 to 9 years","Female",1
"E07000047","West Devon","Lives in a communal establishment","Aged 10 to 14 years","Female",52
"E07000047","West Devon","Lives in a communal establishment","Aged 15 years","Female",14
"E07000047","West Devon","Lives in a communal establishment","Aged 16 to 17 years","Female",33
"E07000047","West Devon","Lives in a communal establishment","Aged 18 to 19 years","Female",6
"E07000047","West Devon","Lives in a communal establishment","Aged 20 to 24 years","Female",8
"E07000047","West Devon","Lives in a communal establishment","Aged 25 to 29 years","Female",6
"E07000047","West Devon","Lives in a communal establishment","Aged 30 to 34 years","Female",9
"E07000047","West Devon","Lives in a communal establishment","Aged 35 to 39 years","Female",17
"E07000047","West Devon","Lives in a communal establishment","Aged 40 to 44 years","Female",4
"E07000047","West Devon","Lives in a communal establishment","Aged 45 to 49 years","Female",5
"E07000047","West Devon","Lives in a communal establishment","Aged 50 to 54 years","Female",8
"E07000047","West Devon","Lives in a communal establishment","Aged 55 to 59 years","Female",14
"E07000047","West Devon","Lives in a communal establishment","Aged 60 to 64 years","Female",16
"E07000047","West Devon","Lives in a communal establishment","Aged 65 years","Female",6
"E07000047","West Devon","Lives in a communal establishment","Aged 66 to 69 years","Female",6
"E07000047","West Devon","Lives in a communal establishment","Aged 70 to 74 years","Female",18
"E07000047","West Devon","Lives in a communal establishment","Aged 75 to 79 years","Female",39
"E07000047","West Devon","Lives in a communal establishment","Aged 80 to 84 years","Female",60
"E07000047","West Devon","Lives in a communal establishment","Aged 85 years and over","Female",202
"E07000078","Cheltenham","Lives in a communal establishment","Total","Female",2246
"E07000078","Cheltenham","Lives in a communal establishment","Aged 2 years and under","Female",3
"E07000078","Cheltenham","Lives in a communal establishment","Aged 3 to 4 years","Female",1
"E07000078","Cheltenham","Lives in a communal establishment","Aged 5 to 7 years","Female",4
"E07000078","Cheltenham","Lives in a communal establishment","Aged 8 to 9 years","Female",16
"E07000078","Cheltenham","Lives in a communal establishment","Aged 10 to 14 years","Female",358
"E07000078","Cheltenham","Lives in a communal establishment","Aged 15 years","Female",107
"E07000078","Cheltenham","Lives in a communal establishment","Aged 16 to 17 years","Female",263
"E07000078","Cheltenham","Lives in a communal establishment","Aged 18 to 19 years","Female",515
"E07000078","Cheltenham","Lives in a communal establishment","Aged 20 to 24 years","Female",214
"E07000078","Cheltenham","Lives in a communal establishment","Aged 25 to 29 years","Female",21
"E07000078","Cheltenham","Lives in a communal establishment","Aged 30 to 34 years","Female",8
"E07000078","Cheltenham","Lives in a communal establishment","Aged 35 to 39 years","Female",22
"E07000078","Cheltenham","Lives in a communal establishment","Aged 40 to 44 years","Female",20
"E07000078","Cheltenham","Lives in a communal establishment","Aged 45 to 49 years","Female",17
"E07000078","Cheltenham","Lives in a communal establishment","Aged 50 to 54 years","Female",16
"E07000078","Cheltenham","Lives in a communal establishment","Aged 55 to 59 years","Female",14
"E07000078","Cheltenham","Lives in a communal establishment","Aged 60 to 64 years","Female",26
"E07000078","Cheltenham","Lives in a communal establishment","Aged 65 years","Female",0
"E07000078","Cheltenham","Lives in a communal establishment","Aged 66 to 69 years","Female",15
"E07000078","Cheltenham","Lives in a communal establishment","Aged 70 to 74 years","Female",32
"E07000078","Cheltenham","Lives in a communal establishment","Aged 75 to 79 years","Female",56
"E07000078","Cheltenham","Lives in a communal establishment","Aged 80 to 84 years","Female",86
"E07000078","Cheltenham","Lives in a communal establishment","Aged 85 years and over","Female",432
"E07000079","Cotswold","Lives in a communal establishment","Total","Female",641
"E07000079","Cotswold","Lives in a communal establishment","Aged 2 years and under","Female",1
"E07000079","Cotswold","Lives in a communal establishment","Aged 3 to 4 years","Female",1
"E07000079","Cotswold","Lives in a communal establishment","Aged 5 to 7 years","Female",0
"E07000079","Cotswold","Lives in a communal establishment","Aged 8 to 9 years","Female",2
"E07000079","Cotswold","Lives in a communal establishment","Aged 10 to 14 years","Female",29
"E07000079","Cotswold","Lives in a communal establishment","Aged 15 years","Female",9
"E07000079","Cotswold","Lives in a communal establishment","Aged 16 to 17 years","Female",22
"E07000079","Cotswold","Lives in a communal establishment","Aged 18 to 19 years","Female",119
"E07000079","Cotswold","Lives in a communal establishment","Aged 20 to 24 years","Female",64
"E07000079","Cotswold","Lives in a communal establishment","Aged 25 to 29 years","Female",12
"E07000079","Cotswold","Lives in a communal establishment","Aged 30 to 34 years","Female",14
"E07000079","Cotswold","Lives in a communal establishment","Aged 35 to 39 years","Female",5
"E07000079","Cotswold","Lives in a communal establishment","Aged 40 to 44 years","Female",5
"E07000079","Cotswold","Lives in a communal establishment","Aged 45 to 49 years","Female",5
"E07000079","Cotswold","Lives in a communal establishment","Aged 50 to 54 years","Female",6
"E07000079","Cotswold","Lives in a communal establishment","Aged 55 to 59 years","Female",4
"E07000079","Cotswold","Lives in a communal establishment","Aged 60 to 64 years","Female",5
"E07000079","Cotswold","Lives in a communal establishment","Aged 65 years","Female",1
"E07000079","Cotswold","Lives in a communal establishment","Aged 66 to 69 years","Female",3
"E07000079","Cotswold","Lives in a communal establishment","Aged 70 to 74 years","Female",9
"E07000079","Cotswold","Lives in a communal establishment","Aged 75 to 79 years","Female",30
"E07000079","Cotswold","Lives in a communal establishment","Aged 80 to 84 years","Female",39
"E07000079","Cotswold","Lives in a communal establishment","Aged 85 years and over","Female",256
"E07000080","Forest of Dean","Lives in a communal establishment","Total","Female",971
"E07000080","Forest of Dean","Lives in a communal establishment","Aged 2 years and under","Female",0
"E07000080","Forest of Dean","Lives in a communal establishment","Aged 3 to 4 years","Female",0
"E07000080","Forest of Dean","Lives in a communal establishment","Aged 5 to 7 years","Female",1
"E07000080","Forest of Dean","Lives in a communal establishment","Aged 8 to 9 years","Female",0
"E07000080","Forest of Dean","Lives in a communal establishment","Aged 10 to 14 years","Female",4
"E07000080","Forest of Dean","Lives in a communal establishment","Aged 15 years","Female",0
"E07000080","Forest of Dean","Lives in a communal establishment","Aged 16 to 17 years","Female",262
"E07000080","Forest of Dean","Lives in a communal establishment","Aged 18 to 19 years","Female",273
"E07000080","Forest of Dean","Lives in a communal establishment","Aged 20 to 24 years","Female",68
"E07000080","Forest of Dean","Lives in a communal establishment","Aged 25 to 29 years","Female",12
"E07000080","Forest of Dean","Lives in a communal establishment","Aged 30 to 34 years","Female",10
"E07000080","Forest of Dean","Lives in a communal establishment","Aged 35 to 39 years","Female",6
"E07000080","Forest of Dean","Lives in a communal establishment","Aged 40 to 44 years","Female",25
"E07000080","Forest of Dean","Lives in a communal establishment","Aged 45 to 49 years","Female",17
"E07000080","Forest of Dean","Lives in a communal establishment","Aged 50 to 54 years","Female",12
"E07000080","Forest of Dean","Lives in a communal establishment","Aged 55 to 59 years","Female",12
"E07000080","Forest of Dean","Lives in a communal establishment","Aged 60 to 64 years","Female",12
"E07000080","Forest of Dean","Lives in a communal establishment","Aged 65 years","Female",6
"E07000080","Forest of Dean","Lives in a communal establishment","Aged 66 to 69 years","Female",11
"E07000080","Forest of Dean","Lives in a communal establishment","Aged 70 to 74 years","Female",16
"E07000080","Forest of Dean","Lives in a communal establishment","Aged 75 to 79 years","Female",30
"E07000080","Forest of Dean","Lives in a communal establishment","Aged 80 to 84 years","Female",33
"E07000080","Forest of Dean","Lives in a communal establishment","Aged 85 years and over","Female",161
"E07000081","Gloucester","Lives in a communal establishment","Total","Female",979
"E07000081","Gloucester","Lives in a communal establishment","Aged 2 years and under","Female",0
"E07000081","Gloucester","Lives in a communal establishment","Aged 3 to 4 years","Female",0
"E07000081","Gloucester","Lives in a communal establishment","Aged 5 to 7 years","Female",0
"E07000081","Gloucester","Lives in a communal establishment","Aged 8 to 9 years","Female",0
"E07000081","Gloucester","Lives in a communal establishment","Aged 10 to 14 years","Female",2
"E07000081","Gloucester","Lives in a communal establishment","Aged 15 years","Female",0
"E07000081","Gloucester","Lives in a communal establishment","Aged 16 to 17 years","Female",1
"E07000081","Gloucester","Lives in a communal establishment","Aged 18 to 19 years","Female",271
"E07000081","Gloucester","Lives in a communal establishment","Aged 20 to 24 years","Female",97
"E07000081","Gloucester","Lives in a communal establishment","Aged 25 to 29 years","Female",34
"E07000081","Gloucester","Lives in a communal establishment","Aged 30 to 34 years","Female",15
"E07000081","Gloucester","Lives in a communal establishment","Aged 35 to 39 years","Female",25
"E07000081","Gloucester","Lives in a communal establishment","Aged 40 to 44 years","Female",16
"E07000081","Gloucester","Lives in a communal establishment","Aged 45 to 49 years","Female",21
"E07000081","Gloucester","Lives in a communal establishment","Aged 50 to 54 years","Female",28
"E07000081","Gloucester","Lives in a communal establishment","Aged 55 to 59 years","Female",23
"E07000081","Gloucester","Lives in a communal establishment","Aged 60 to 64 years","Female",33
"E07000081","Gloucester","Lives in a communal establishment","Aged 65 years","Female",2
"E07000081","Gloucester","Lives in a communal establishment","Aged 66 to 69 years","Female",9
"E07000081","Gloucester","Lives in a communal establishment","Aged 70 to 74 years","Female",28
"E07000081","Gloucester","Lives in a communal establishment","Aged 75 to 79 years","Female",45
"E07000081","Gloucester","Lives in a communal establishment","Aged 80 to 84 years","Female",68
"E07000081","Gloucester","Lives in a communal establishment","Aged 85 years and over","Female",261
"E07000082","Stroud","Lives in a communal establishment","Total","Female",751
"E07000082","Stroud","Lives in a communal establishment","Aged 2 years and under","Female",0
"E07000082","Stroud","Lives in a communal establishment","Aged 3 to 4 years","Female",1
"E07000082","Stroud","Lives in a communal establishment","Aged 5 to 7 years","Female",1
"E07000082","Stroud","Lives in a communal establishment","Aged 8 to 9 years","Female",4
"E07000082","Stroud","Lives in a communal establishment","Aged 10 to 14 years","Female",43
"E07000082","Stroud","Lives in a communal establishment","Aged 15 years","Female",8
"E07000082","Stroud","Lives in a communal establishment","Aged 16 to 17 years","Female",29
"E07000082","Stroud","Lives in a communal establishment","Aged 18 to 19 years","Female",21
"E07000082","Stroud","Lives in a communal establishment","Aged 20 to 24 years","Female",34
"E07000082","Stroud","Lives in a communal establishment","Aged 25 to 29 years","Female",17
"E07000082","Stroud","Lives in a communal establishment","Aged 30 to 34 years","Female",12
"E07000082","Stroud","Lives in a communal establishment","Aged 35 to 39 years","Female",17
"E07000082","Stroud","Lives in a communal establishment","Aged 40 to 44 years","Female",13
"E07000082","Stroud","Lives in a communal establishment","Aged 45 to 49 years","Female",12
"E07000082","Stroud","Lives in a communal establishment","Aged 50 to 54 years","Female",24
"E07000082","Stroud","Lives in a communal establishment","Aged 55 to 59 years","Female",24
"E07000082","Stroud","Lives in a communal establishment","Aged 60 to 64 years","Female",22
"E07000082","Stroud","Lives in a communal establishment","Aged 65 years","Female",2
"E07000082","Stroud","Lives in a communal establishment","Aged 66 to 69 years","Female",11
"E07000082","Stroud","Lives in a communal establishment","Aged 70 to 74 years","Female",18
"E07000082","Stroud","Lives in a communal establishment","Aged 75 to 79 years","Female",37
"E07000082","Stroud","Lives in a communal establishment","Aged 80 to 84 years","Female",84
"E07000082","Stroud","Lives in a communal establishment","Aged 85 years and over","Female",317
"E07000083","Tewkesbury","Lives in a communal establishment","Total","Female",318
"E07000083","Tewkesbury","Lives in a communal establishment","Aged 2 years and under","Female",0
"E07000083","Tewkesbury","Lives in a communal establishment","Aged 3 to 4 years","Female",0
"E07000083","Tewkesbury","Lives in a communal establishment","Aged 5 to 7 years","Female",0
"E07000083","Tewkesbury","Lives in a communal establishment","Aged 8 to 9 years","Female",0
"E07000083","Tewkesbury","Lives in a communal establishment","Aged 10 to 14 years","Female",0
"E07000083","Tewkesbury","Lives in a communal establishment","Aged 15 years","Female",0
"E07000083","Tewkesbury","Lives in a communal establishment","Aged 16 to 17 years","Female",0
"E07000083","Tewkesbury","Lives in a communal establishment","Aged 18 to 19 years","Female",1
"E07000083","Tewkesbury","Lives in a communal establishment","Aged 20 to 24 years","Female",3
"E07000083","Tewkesbury","Lives in a communal establishment","Aged 25 to 29 years","Female",5
"E07000083","Tewkesbury","Lives in a communal establishment","Aged 30 to 34 years","Female",6
"E07000083","Tewkesbury","Lives in a communal establishment","Aged 35 to 39 years","Female",7
"E07000083","Tewkesbury","Lives in a communal establishment","Aged 40 to 44 years","Female",5
"E07000083","Tewkesbury","Lives in a communal establishment","Aged 45 to 49 years","Female",6
"E07000083","Tewkesbury","Lives in a communal establishment","Aged 50 to 54 years","Female",11
"E07000083","Tewkesbury","Lives in a communal establishment","Aged 55 to 59 years","Female",8
"E07000083","Tewkesbury","Lives in a communal establishment","Aged 60 to 64 years","Female",10
"E07000083","Tewkesbury","Lives in a communal establishment","Aged 65 years","Female",1
"E07000083","Tewkesbury","Lives in a communal establishment","Aged 66 to 69 years","Female",6
"E07000083","Tewkesbury","Lives in a communal establishment","Aged 70 to 74 years","Female",21
"E07000083","Tewkesbury","Lives in a communal establishment","Aged 75 to 79 years","Female",17
"E07000083","Tewkesbury","Lives in a communal establishment","Aged 80 to 84 years","Female",35
"E07000083","Tewkesbury","Lives in a communal establishment","Aged 85 years and over","Female",176
"E06000066","Somerset","Lives in a communal establishment","Total","Female",4791
"E06000066","Somerset","Lives in a communal establishment","Aged 2 years and under","Female",10
"E06000066","Somerset","Lives in a communal establishment","Aged 3 to 4 years","Female",6
"E06000066","Somerset","Lives in a communal establishment","Aged 5 to 7 years","Female",9
"E06000066","Somerset","Lives in a communal establishment","Aged 8 to 9 years","Female",24
"E06000066","Somerset","Lives in a communal establishment","Aged 10 to 14 years","Female",407
"E06000066","Somerset","Lives in a communal establishment","Aged 15 years","Female",130
"E06000066","Somerset","Lives in a communal establishment","Aged 16 to 17 years","Female",424
"E06000066","Somerset","Lives in a communal establishment","Aged 18 to 19 years","Female",190
"E06000066","Somerset","Lives in a communal establishment","Aged 20 to 24 years","Female",130
"E06000066","Somerset","Lives in a communal establishment","Aged 25 to 29 years","Female",101
"E06000066","Somerset","Lives in a communal establishment","Aged 30 to 34 years","Female",105
"E06000066","Somerset","Lives in a communal establishment","Aged 35 to 39 years","Female",79
"E06000066","Somerset","Lives in a communal establishment","Aged 40 to 44 years","Female",81
"E06000066","Somerset","Lives in a communal establishment","Aged 45 to 49 years","Female",86
"E06000066","Somerset","Lives in a communal establishment","Aged 50 to 54 years","Female",89
"E06000066","Somerset","Lives in a communal establishment","Aged 55 to 59 years","Female",99
"E06000066","Somerset","Lives in a communal establishment","Aged 60 to 64 years","Female",77
"E06000066","Somerset","Lives in a communal establishment","Aged 65 years","Female",22
"E06000066","Somerset","Lives in a communal establishment","Aged 66 to 69 years","Female",58
"E06000066","Somerset","Lives in a communal establishment","Aged 70 to 74 years","Female",136
"E06000066","Somerset","Lives in a communal establishment","Aged 75 to 79 years","Female",242
"E06000066","Somerset","Lives in a communal establishment","Aged 80 to 84 years","Female",394
"E06000066","Somerset","Lives in a communal establishment","Aged 85 years and over","Female",1892
"W06000001","Isle of Anglesey","Lives in a communal establishment","Total","Female",407
"W06000001","Isle of Anglesey","Lives in a communal establishment","Aged 2 years and under","Female",0
"W06000001","Isle of Anglesey","Lives in a communal establishment","Aged 3 to 4 years","Female",1
"W06000001","Isle of Anglesey","Lives in a communal establishment","Aged 5 to 7 years","Female",2
"W06000001","Isle of Anglesey","Lives in a communal establishment","Aged 8 to 9 years","Female",0
"W06000001","Isle of Anglesey","Lives in a communal establishment","Aged 10 to 14 years","Female",1
"W06000001","Isle of Anglesey","Lives in a communal establishment","Aged 15 years","Female",2
"W06000001","Isle of Anglesey","Lives in a communal establishment","Aged 16 to 17 years","Female",3
"W06000001","Isle of Anglesey","Lives in a communal establishment","Aged 18 to 19 years","Female",3
"W06000001","Isle of Anglesey","Lives in a communal establishment","Aged 20 to 24 years","Female",6
"W06000001","Isle of Anglesey","Lives in a communal establishment","Aged 25 to 29 years","Female",10
"W06000001","Isle of Anglesey","Lives in a communal establishment","Aged 30 to 34 years","Female",4
"W06000001","Isle of Anglesey","Lives in a communal establishment","Aged 35 to 39 years","Female",7
"W06000001","Isle of Anglesey","Lives in a communal establishment","Aged 40 to 44 years","Female",5
"W06000001","Isle of Anglesey","Lives in a communal establishment","Aged 45 to 49 years","Female",5
"W06000001","Isle of Anglesey","Lives in a communal establishment","Aged 50 to 54 years","Female",11
"W06000001","Isle of Anglesey","Lives in a communal establishment","Aged 55 to 59 years","Female",10
"W06000001","Isle of Anglesey","Lives in a communal establishment","Aged 60 to 64 years","Female",6
"W06000001","Isle of Anglesey","Lives in a communal establishment","Aged 65 years","Female",6
"W06000001","Isle of Anglesey","Lives in a communal establishment","Aged 66 to 69 years","Female",10
"W06000001","Isle of Anglesey","Lives in a communal establishment","Aged 70 to 74 years","Female",20
"W06000001","Isle of Anglesey","Lives in a communal establishment","Aged 75 to 79 years","Female",29
"W06000001","Isle of Anglesey","Lives in a communal establishment","Aged 80 to 84 years","Female",44
"W06000001","Isle of Anglesey","Lives in a communal establishment","Aged 85 years and over","Female",222
"W06000002","Gwynedd","Lives in a communal establishment","Total","Female",2198
"W06000002","Gwynedd","Lives in a communal establishment","Aged 2 years and under","Female",2
"W06000002","Gwynedd","Lives in a communal establishment","Aged 3 to 4 years","Female",1
"W06000002","Gwynedd","Lives in a communal establishment","Aged 5 to 7 years","Female",7
"W06000002","Gwynedd","Lives in a communal establishment","Aged 8 to 9 years","Female",1
"W06000002","Gwynedd","Lives in a communal establishment","Aged 10 to 14 years","Female",4
"W06000002","Gwynedd","Lives in a communal establishment","Aged 15 years","Female",2
"W06000002","Gwynedd","Lives in a communal establishment","Aged 16 to 17 years","Female",7
"W06000002","Gwynedd","Lives in a communal establishment","Aged 18 to 19 years","Female",612
"W06000002","Gwynedd","Lives in a communal establishment","Aged 20 to 24 years","Female",574
"W06000002","Gwynedd","Lives in a communal establishment","Aged 25 to 29 years","Female",75
"W06000002","Gwynedd","Lives in a communal establishment","Aged 30 to 34 years","Female",27
"W06000002","Gwynedd","Lives in a communal establishment","Aged 35 to 39 years","Female",38
"W06000002","Gwynedd","Lives in a communal establishment","Aged 40 to 44 years","Female",24
"W06000002","Gwynedd","Lives in a communal establishment","Aged 45 to 49 years","Female",23
"W06000002","Gwynedd","Lives in a communal establishment","Aged 50 to 54 years","Female",22
"W06000002","Gwynedd","Lives in a communal establishment","Aged 55 to 59 years","Female",31
"W06000002","Gwynedd","Lives in a communal establishment","Aged 60 to 64 years","Female",38
"W06000002","Gwynedd","Lives in a communal establishment","Aged 65 years","Female",11
"W06000002","Gwynedd","Lives in a communal establishment","Aged 66 to 69 years","Female",31
"W06000002","Gwynedd","Lives in a communal establishment","Aged 70 to 74 years","Female",30
"W06000002","Gwynedd","Lives in a communal establishment","Aged 75 to 79 years","Female",67
"W06000002","Gwynedd","Lives in a communal establishment","Aged 80 to 84 years","Female",110
"W06000002","Gwynedd","Lives in a communal establishment","Aged 85 years and over","Female",461
"W06000003","Conwy","Lives in a communal establishment","Total","Female",1079
"W06000003","Conwy","Lives in a communal establishment","Aged 2 years and under","Female",0
"W06000003","Conwy","Lives in a communal establishment","Aged 3 to 4 years","Female",6
"W06000003","Conwy","Lives in a communal establishment","Aged 5 to 7 years","Female",0
"W06000003","Conwy","Lives in a communal establishment","Aged 8 to 9 years","Female",0
"W06000003","Conwy","Lives in a communal establishment","Aged 10 to 14 years","Female",10
"W06000003","Conwy","Lives in a communal establishment","Aged 15 years","Female",5
"W06000003","Conwy","Lives in a communal establishment","Aged 16 to 17 years","Female",3
"W06000003","Conwy","Lives in a communal establishment","Aged 18 to 19 years","Female",10
"W06000003","Conwy","Lives in a communal establishment","Aged 20 to 24 years","Female",11
"W06000003","Conwy","Lives in a communal establishment","Aged 25 to 29 years","Female",11
"W06000003","Conwy","Lives in a communal establishment","Aged 30 to 34 years","Female",36
"W06000003","Conwy","Lives in a communal establishment","Aged 35 to 39 years","Female",18
"W06000003","Conwy","Lives in a communal establishment","Aged 40 to 44 years","Female",17
"W06000003","Conwy","Lives in a communal establishment","Aged 45 to 49 years","Female",21
"W06000003","Conwy","Lives in a communal establishment","Aged 50 to 54 years","Female",45
"W06000003","Conwy","Lives in a communal establishment","Aged 55 to 59 years","Female",54
"W06000003","Conwy","Lives in a communal establishment","Aged 60 to 64 years","Female",29
"W06000003","Conwy","Lives in a communal establishment","Aged 65 years","Female",6
"W06000003","Conwy","Lives in a communal establishment","Aged 66 to 69 years","Female",40
"W06000003","Conwy","Lives in a communal establishment","Aged 70 to 74 years","Female",51
"W06000003","Conwy","Lives in a communal establishment","Aged 75 to 79 years","Female",77
"W06000003","Conwy","Lives in a communal establishment","Aged 80 to 84 years","Female",145
"W06000003","Conwy","Lives in a communal establishment","Aged 85 years and over","Female",484
"W06000004","Denbighshire","Lives in a communal establishment","Total","Female",899
"W06000004","Denbighshire","Lives in a communal establishment","Aged 2 years and under","Female",2
"W06000004","Denbighshire","Lives in a communal establishment","Aged 3 to 4 years","Female",2
"W06000004","Denbighshire","Lives in a communal establishment","Aged 5 to 7 years","Female",1
"W06000004","Denbighshire","Lives in a communal establishment","Aged 8 to 9 years","Female",2
"W06000004","Denbighshire","Lives in a communal establishment","Aged 10 to 14 years","Female",12
"W06000004","Denbighshire","Lives in a communal establishment","Aged 15 years","Female",7
"W06000004","Denbighshire","Lives in a communal establishment","Aged 16 to 17 years","Female",42
"W06000004","Denbighshire","Lives in a communal establishment","Aged 18 to 19 years","Female",29
"W06000004","Denbighshire","Lives in a communal establishment","Aged 20 to 24 years","Female",13
"W06000004","Denbighshire","Lives in a communal establishment","Aged 25 to 29 years","Female",37
"W06000004","Denbighshire","Lives in a communal establishment","Aged 30 to 34 years","Female",18
"W06000004","Denbighshire","Lives in a communal establishment","Aged 35 to 39 years","Female",20
"W06000004","Denbighshire","Lives in a communal establishment","Aged 40 to 44 years","Female",13
"W06000004","Denbighshire","Lives in a communal establishment","Aged 45 to 49 years","Female",24
"W06000004","Denbighshire","Lives in a communal establishment","Aged 50 to 54 years","Female",31
"W06000004","Denbighshire","Lives in a communal establishment","Aged 55 to 59 years","Female",40
"W06000004","Denbighshire","Lives in a communal establishment","Aged 60 to 64 years","Female",38
"W06000004","Denbighshire","Lives in a communal establishment","Aged 65 years","Female",6
"W06000004","Denbighshire","Lives in a communal establishment","Aged 66 to 69 years","Female",29
"W06000004","Denbighshire","Lives in a communal establishment","Aged 70 to 74 years","Female",35
"W06000004","Denbighshire","Lives in a communal establishment","Aged 75 to 79 years","Female",75
"W06000004","Denbighshire","Lives in a communal establishment","Aged 80 to 84 years","Female",96
"W06000004","Denbighshire","Lives in a communal establishment","Aged 85 years and over","Female",327
"W06000005","Flintshire","Lives in a communal establishment","Total","Female",643
"W06000005","Flintshire","Lives in a communal establishment","Aged 2 years and under","Female",8
"W06000005","Flintshire","Lives in a communal establishment","Aged 3 to 4 years","Female",0
"W06000005","Flintshire","Lives in a communal establishment","Aged 5 to 7 years","Female",6
"W06000005","Flintshire","Lives in a communal establishment","Aged 8 to 9 years","Female",0
"W06000005","Flintshire","Lives in a communal establishment","Aged 10 to 14 years","Female",5
"W06000005","Flintshire","Lives in a communal establishment","Aged 15 years","Female",0
"W06000005","Flintshire","Lives in a communal establishment","Aged 16 to 17 years","Female",7
"W06000005","Flintshire","Lives in a communal establishment","Aged 18 to 19 years","Female",17
"W06000005","Flintshire","Lives in a communal establishment","Aged 20 to 24 years","Female",21
"W06000005","Flintshire","Lives in a communal establishment","Aged 25 to 29 years","Female",24
"W06000005","Flintshire","Lives in a communal establishment","Aged 30 to 34 years","Female",9
"W06000005","Flintshire","Lives in a communal establishment","Aged 35 to 39 years","Female",10
"W06000005","Flintshire","Lives in a communal establishment","Aged 40 to 44 years","Female",5
"W06000005","Flintshire","Lives in a communal establishment","Aged 45 to 49 years","Female",9
"W06000005","Flintshire","Lives in a communal establishment","Aged 50 to 54 years","Female",6
"W06000005","Flintshire","Lives in a communal establishment","Aged 55 to 59 years","Female",10
"W06000005","Flintshire","Lives in a communal establishment","Aged 60 to 64 years","Female",13
"W06000005","Flintshire","Lives in a communal establishment","Aged 65 years","Female",5
"W06000005","Flintshire","Lives in a communal establishment","Aged 66 to 69 years","Female",17
"W06000005","Flintshire","Lives in a communal establishment","Aged 70 to 74 years","Female",29
"W06000005","Flintshire","Lives in a communal establishment","Aged 75 to 79 years","Female",50
"W06000005","Flintshire","Lives in a communal establishment","Aged 80 to 84 years","Female",91
"W06000005","Flintshire","Lives in a communal establishment","Aged 85 years and over","Female",301
"W06000006","Wrexham","Lives in a communal establishment","Total","Female",801
"W06000006","Wrexham","Lives in a communal establishment","Aged 2 years and under","Female",0
"W06000006","Wrexham","Lives in a communal establishment","Aged 3 to 4 years","Female",0
"W06000006","Wrexham","Lives in a communal establishment","Aged 5 to 7 years","Female",0
"W06000006","Wrexham","Lives in a communal establishment","Aged 8 to 9 years","Female",0
"W06000006","Wrexham","Lives in a communal establishment","Aged 10 to 14 years","Female",10
"W06000006","Wrexham","Lives in a communal establishment","Aged 15 years","Female",3
"W06000006","Wrexham","Lives in a communal establishment","Aged 16 to 17 years","Female",8
"W06000006","Wrexham","Lives in a communal establishment","Aged 18 to 19 years","Female",30
"W06000006","Wrexham","Lives in a communal establishment","Aged 20 to 24 years","Female",47
"W06000006","Wrexham","Lives in a communal establishment","Aged 25 to 29 years","Female",14
"W06000006","Wrexham","Lives in a communal establishment","Aged 30 to 34 years","Female",14
"W06000006","Wrexham","Lives in a communal establishment","Aged 35 to 39 years","Female",14
"W06000006","Wrexham","Lives in a communal establishment","Aged 40 to 44 years","Female",12
"W06000006","Wrexham","Lives in a communal establishment","Aged 45 to 49 years","Female",19
"W06000006","Wrexham","Lives in a communal establishment","Aged 50 to 54 years","Female",13
"W06000006","Wrexham","Lives in a communal establishment","Aged 55 to 59 years","Female",16
"W06000006","Wrexham","Lives in a communal establishment","Aged 60 to 64 years","Female",25
"W06000006","Wrexham","Lives in a communal establishment","Aged 65 years","Female",6
"W06000006","Wrexham","Lives in a communal establishment","Aged 66 to 69 years","Female",26
"W06000006","Wrexham","Lives in a communal establishment","Aged 70 to 74 years","Female",56
"W06000006","Wrexham","Lives in a communal establishment","Aged 75 to 79 years","Female",73
"W06000006","Wrexham","Lives in a communal establishment","Aged 80 to 84 years","Female",85
"W06000006","Wrexham","Lives in a communal establishment","Aged 85 years and over","Female",330
"W06000008","Ceredigion","Lives in a communal establishment","Total","Female",1972
"W06000008","Ceredigion","Lives in a communal establishment","Aged 2 years and under","Female",0
"W06000008","Ceredigion","Lives in a communal establishment","Aged 3 to 4 years","Female",0
"W06000008","Ceredigion","Lives in a communal establishment","Aged 5 to 7 years","Female",0
"W06000008","Ceredigion","Lives in a communal establishment","Aged 8 to 9 years","Female",0
"W06000008","Ceredigion","Lives in a communal establishment","Aged 10 to 14 years","Female",0
"W06000008","Ceredigion","Lives in a communal establishment","Aged 15 years","Female",0
"W06000008","Ceredigion","Lives in a communal establishment","Aged 16 to 17 years","Female",1
"W06000008","Ceredigion","Lives in a communal establishment","Aged 18 to 19 years","Female",814
"W06000008","Ceredigion","Lives in a communal establishment","Aged 20 to 24 years","Female",765
"W06000008","Ceredigion","Lives in a communal establishment","Aged 25 to 29 years","Female",56
"W06000008","Ceredigion","Lives in a communal establishment","Aged 30 to 34 years","Female",16
"W06000008","Ceredigion","Lives in a communal establishment","Aged 35 to 39 years","Female",6
"W06000008","Ceredigion","Lives in a communal establishment","Aged 40 to 44 years","Female",8
"W06000008","Ceredigion","Lives in a communal establishment","Aged 45 to 49 years","Female",10
"W06000008","Ceredigion","Lives in a communal establishment","Aged 50 to 54 years","Female",5
"W06000008","Ceredigion","Lives in a communal establishment","Aged 55 to 59 years","Female",4
"W06000008","Ceredigion","Lives in a communal establishment","Aged 60 to 64 years","Female",10
"W06000008","Ceredigion","Lives in a communal establishment","Aged 65 years","Female",0
"W06000008","Ceredigion","Lives in a communal establishment","Aged 66 to 69 years","Female",7
"W06000008","Ceredigion","Lives in a communal establishment","Aged 70 to 74 years","Female",16
"W06000008","Ceredigion","Lives in a communal establishment","Aged 75 to 79 years","Female",22
"W06000008","Ceredigion","Lives in a communal establishment","Aged 80 to 84 years","Female",42
"W06000008","Ceredigion","Lives in a communal establishment","Aged 85 years and over","Female",190
"W06000009","Pembrokeshire","Lives in a communal establishment","Total","Female",804
"W06000009","Pembrokeshire","Lives in a communal establishment","Aged 2 years and under","Female",0
"W06000009","Pembrokeshire","Lives in a communal establishment","Aged 3 to 4 years","Female",0
"W06000009","Pembrokeshire","Lives in a communal establishment","Aged 5 to 7 years","Female",0
"W06000009","Pembrokeshire","Lives in a communal establishment","Aged 8 to 9 years","Female",0
"W06000009","Pembrokeshire","Lives in a communal establishment","Aged 10 to 14 years","Female",5
"W06000009","Pembrokeshire","Lives in a communal establishment","Aged 15 years","Female",9
"W06000009","Pembrokeshire","Lives in a communal establishment","Aged 16 to 17 years","Female",4
"W06000009","Pembrokeshire","Lives in a communal establishment","Aged 18 to 19 years","Female",6
"W06000009","Pembrokeshire","Lives in a communal establishment","Aged 20 to 24 years","Female",11
"W06000009","Pembrokeshire","Lives in a communal establishment","Aged 25 to 29 years","Female",23
"W06000009","Pembrokeshire","Lives in a communal establishment","Aged 30 to 34 years","Female",4
"W06000009","Pembrokeshire","Lives in a communal establishment","Aged 35 to 39 years","Female",17
"W06000009","Pembrokeshire","Lives in a communal establishment","Aged 40 to 44 years","Female",8
"W06000009","Pembrokeshire","Lives in a communal establishment","Aged 45 to 49 years","Female",23
"W06000009","Pembrokeshire","Lives in a communal establishment","Aged 50 to 54 years","Female",37
"W06000009","Pembrokeshire","Lives in a communal establishment","Aged 55 to 59 years","Female",34
"W06000009","Pembrokeshire","Lives in a communal establishment","Aged 60 to 64 years","Female",24
"W06000009","Pembrokeshire","Lives in a communal establishment","Aged 65 years","Female",8
"W06000009","Pembrokeshire","Lives in a communal establishment","Aged 66 to 69 years","Female",22
"W06000009","Pembrokeshire","Lives in a communal establishment","Aged 70 to 74 years","Female",54
"W06000009","Pembrokeshire","Lives in a communal establishment","Aged 75 to 79 years","Female",71
"W06000009","Pembrokeshire","Lives in a communal establishment","Aged 80 to 84 years","Female",113
"W06000009","Pembrokeshire","Lives in a communal establishment","Aged 85 years and over","Female",331
"W06000010","Carmarthenshire","Lives in a communal establishment","Total","Female",1303
"W06000010","Carmarthenshire","Lives in a communal establishment","Aged 2 years and under","Female",1
"W06000010","Carmarthenshire","Lives in a communal establishment","Aged 3 to 4 years","Female",0
"W06000010","Carmarthenshire","Lives in a communal establishment","Aged 5 to 7 years","Female",1
"W06000010","Carmarthenshire","Lives in a communal establishment","Aged 8 to 9 years","Female",0
"W06000010","Carmarthenshire","Lives in a communal establishment","Aged 10 to 14 years","Female",11
"W06000010","Carmarthenshire","Lives in a communal establishment","Aged 15 years","Female",6
"W06000010","Carmarthenshire","Lives in a communal establishment","Aged 16 to 17 years","Female",44
"W06000010","Carmarthenshire","Lives in a communal establishment","Aged 18 to 19 years","Female",46
"W06000010","Carmarthenshire","Lives in a communal establishment","Aged 20 to 24 years","Female",74
"W06000010","Carmarthenshire","Lives in a communal establishment","Aged 25 to 29 years","Female",34
"W06000010","Carmarthenshire","Lives in a communal establishment","Aged 30 to 34 years","Female",26
"W06000010","Carmarthenshire","Lives in a communal establishment","Aged 35 to 39 years","Female",21
"W06000010","Carmarthenshire","Lives in a communal establishment","Aged 40 to 44 years","Female",26
"W06000010","Carmarthenshire","Lives in a communal establishment","Aged 45 to 49 years","Female",22
"W06000010","Carmarthenshire","Lives in a communal establishment","Aged 50 to 54 years","Female",27
"W06000010","Carmarthenshire","Lives in a communal establishment","Aged 55 to 59 years","Female",41
"W06000010","Carmarthenshire","Lives in a communal establishment","Aged 60 to 64 years","Female",43
"W06000010","Carmarthenshire","Lives in a communal establishment","Aged 65 years","Female",14
"W06000010","Carmarthenshire","Lives in a communal establishment","Aged 66 to 69 years","Female",33
"W06000010","Carmarthenshire","Lives in a communal establishment","Aged 70 to 74 years","Female",55
"W06000010","Carmarthenshire","Lives in a communal establishment","Aged 75 to 79 years","Female",99
"W06000010","Carmarthenshire","Lives in a communal establishment","Aged 80 to 84 years","Female",155
"W06000010","Carmarthenshire","Lives in a communal establishment","Aged 85 years and over","Female",524
"W06000011","Swansea","Lives in a communal establishment","Total","Female",2625
"W06000011","Swansea","Lives in a communal establishment","Aged 2 years and under","Female",2
"W06000011","Swansea","Lives in a communal establishment","Aged 3 to 4 years","Female",1
"W06000011","Swansea","Lives in a communal establishment","Aged 5 to 7 years","Female",1
"W06000011","Swansea","Lives in a communal establishment","Aged 8 to 9 years","Female",0
"W06000011","Swansea","Lives in a communal establishment","Aged 10 to 14 years","Female",1
"W06000011","Swansea","Lives in a communal establishment","Aged 15 years","Female",1
"W06000011","Swansea","Lives in a communal establishment","Aged 16 to 17 years","Female",2
"W06000011","Swansea","Lives in a communal establishment","Aged 18 to 19 years","Female",859
"W06000011","Swansea","Lives in a communal establishment","Aged 20 to 24 years","Female",522
"W06000011","Swansea","Lives in a communal establishment","Aged 25 to 29 years","Female",62
"W06000011","Swansea","Lives in a communal establishment","Aged 30 to 34 years","Female",50
"W06000011","Swansea","Lives in a communal establishment","Aged 35 to 39 years","Female",24
"W06000011","Swansea","Lives in a communal establishment","Aged 40 to 44 years","Female",31
"W06000011","Swansea","Lives in a communal establishment","Aged 45 to 49 years","Female",14
"W06000011","Swansea","Lives in a communal establishment","Aged 50 to 54 years","Female",24
"W06000011","Swansea","Lives in a communal establishment","Aged 55 to 59 years","Female",31
"W06000011","Swansea","Lives in a communal establishment","Aged 60 to 64 years","Female",28
"W06000011","Swansea","Lives in a communal establishment","Aged 65 years","Female",8
"W06000011","Swansea","Lives in a communal establishment","Aged 66 to 69 years","Female",41
"W06000011","Swansea","Lives in a communal establishment","Aged 70 to 74 years","Female",44
"W06000011","Swansea","Lives in a communal establishment","Aged 75 to 79 years","Female",97
"W06000011","Swansea","Lives in a communal establishment","Aged 80 to 84 years","Female",181
"W06000011","Swansea","Lives in a communal establishment","Aged 85 years and over","Female",601
"W06000012","Neath Port Talbot","Lives in a communal establishment","Total","Female",1210
"W06000012","Neath Port Talbot","Lives in a communal establishment","Aged 2 years and under","Female",0
"W06000012","Neath Port Talbot","Lives in a communal establishment","Aged 3 to 4 years","Female",0
"W06000012","Neath Port Talbot","Lives in a communal establishment","Aged 5 to 7 years","Female",0
"W06000012","Neath Port Talbot","Lives in a communal establishment","Aged 8 to 9 years","Female",5
"W06000012","Neath Port Talbot","Lives in a communal establishment","Aged 10 to 14 years","Female",11
"W06000012","Neath Port Talbot","Lives in a communal establishment","Aged 15 years","Female",8
"W06000012","Neath Port Talbot","Lives in a communal establishment","Aged 16 to 17 years","Female",10
"W06000012","Neath Port Talbot","Lives in a communal establishment","Aged 18 to 19 years","Female",389
"W06000012","Neath Port Talbot","Lives in a communal establishment","Aged 20 to 24 years","Female",153
"W06000012","Neath Port Talbot","Lives in a communal establishment","Aged 25 to 29 years","Female",18
"W06000012","Neath Port Talbot","Lives in a communal establishment","Aged 30 to 34 years","Female",10
"W06000012","Neath Port Talbot","Lives in a communal establishment","Aged 35 to 39 years","Female",4
"W06000012","Neath Port Talbot","Lives in a communal establishment","Aged 40 to 44 years","Female",5
"W06000012","Neath Port Talbot","Lives in a communal establishment","Aged 45 to 49 years","Female",4
"W06000012","Neath Port Talbot","Lives in a communal establishment","Aged 50 to 54 years","Female",14
"W06000012","Neath Port Talbot","Lives in a communal establishment","Aged 55 to 59 years","Female",20
"W06000012","Neath Port Talbot","Lives in a communal establishment","Aged 60 to 64 years","Female",22
"W06000012","Neath Port Talbot","Lives in a communal establishment","Aged 65 years","Female",6
"W06000012","Neath Port Talbot","Lives in a communal establishment","Aged 66 to 69 years","Female",24
"W06000012","Neath Port Talbot","Lives in a communal establishment","Aged 70 to 74 years","Female",38
"W06000012","Neath Port Talbot","Lives in a communal establishment","Aged 75 to 79 years","Female",72
"W06000012","Neath Port Talbot","Lives in a communal establishment","Aged 80 to 84 years","Female",92
"W06000012","Neath Port Talbot","Lives in a communal establishment","Aged 85 years and over","Female",305
"W06000013","Bridgend","Lives in a communal establishment","Total","Female",587
"W06000013","Bridgend","Lives in a communal establishment","Aged 2 years and under","Female",0
"W06000013","Bridgend","Lives in a communal establishment","Aged 3 to 4 years","Female",0
"W06000013","Bridgend","Lives in a communal establishment","Aged 5 to 7 years","Female",2
"W06000013","Bridgend","Lives in a communal establishment","Aged 8 to 9 years","Female",3
"W06000013","Bridgend","Lives in a communal establishment","Aged 10 to 14 years","Female",7
"W06000013","Bridgend","Lives in a communal establishment","Aged 15 years","Female",8
"W06000013","Bridgend","Lives in a communal establishment","Aged 16 to 17 years","Female",6
"W06000013","Bridgend","Lives in a communal establishment","Aged 18 to 19 years","Female",3
"W06000013","Bridgend","Lives in a communal establishment","Aged 20 to 24 years","Female",10
"W06000013","Bridgend","Lives in a communal establishment","Aged 25 to 29 years","Female",27
"W06000013","Bridgend","Lives in a communal establishment","Aged 30 to 34 years","Female",16
"W06000013","Bridgend","Lives in a communal establishment","Aged 35 to 39 years","Female",12
"W06000013","Bridgend","Lives in a communal establishment","Aged 40 to 44 years","Female",2
"W06000013","Bridgend","Lives in a communal establishment","Aged 45 to 49 years","Female",16
"W06000013","Bridgend","Lives in a communal establishment","Aged 50 to 54 years","Female",7
"W06000013","Bridgend","Lives in a communal establishment","Aged 55 to 59 years","Female",11
"W06000013","Bridgend","Lives in a communal establishment","Aged 60 to 64 years","Female",8
"W06000013","Bridgend","Lives in a communal establishment","Aged 65 years","Female",6
"W06000013","Bridgend","Lives in a communal establishment","Aged 66 to 69 years","Female",17
"W06000013","Bridgend","Lives in a communal establishment","Aged 70 to 74 years","Female",24
"W06000013","Bridgend","Lives in a communal establishment","Aged 75 to 79 years","Female",51
"W06000013","Bridgend","Lives in a communal establishment","Aged 80 to 84 years","Female",88
"W06000013","Bridgend","Lives in a communal establishment","Aged 85 years and over","Female",263
"W06000014","Vale of Glamorgan","Lives in a communal establishment","Total","Female",801
"W06000014","Vale of Glamorgan","Lives in a communal establishment","Aged 2 years and under","Female",4
"W06000014","Vale of Glamorgan","Lives in a communal establishment","Aged 3 to 4 years","Female",0
"W06000014","Vale of Glamorgan","Lives in a communal establishment","Aged 5 to 7 years","Female",0
"W06000014","Vale of Glamorgan","Lives in a communal establishment","Aged 8 to 9 years","Female",1
"W06000014","Vale of Glamorgan","Lives in a communal establishment","Aged 10 to 14 years","Female",7
"W06000014","Vale of Glamorgan","Lives in a communal establishment","Aged 15 years","Female",4
"W06000014","Vale of Glamorgan","Lives in a communal establishment","Aged 16 to 17 years","Female",106
"W06000014","Vale of Glamorgan","Lives in a communal establishment","Aged 18 to 19 years","Female",79
"W06000014","Vale of Glamorgan","Lives in a communal establishment","Aged 20 to 24 years","Female",31
"W06000014","Vale of Glamorgan","Lives in a communal establishment","Aged 25 to 29 years","Female",20
"W06000014","Vale of Glamorgan","Lives in a communal establishment","Aged 30 to 34 years","Female",32
"W06000014","Vale of Glamorgan","Lives in a communal establishment","Aged 35 to 39 years","Female",11
"W06000014","Vale of Glamorgan","Lives in a communal establishment","Aged 40 to 44 years","Female",6
"W06000014","Vale of Glamorgan","Lives in a communal establishment","Aged 45 to 49 years","Female",9
"W06000014","Vale of Glamorgan","Lives in a communal establishment","Aged 50 to 54 years","Female",12
"W06000014","Vale of Glamorgan","Lives in a communal establishment","Aged 55 to 59 years","Female",16
"W06000014","Vale of Glamorgan","Lives in a communal establishment","Aged 60 to 64 years","Female",11
"W06000014","Vale of Glamorgan","Lives in a communal establishment","Aged 65 years","Female",4
"W06000014","Vale of Glamorgan","Lives in a communal establishment","Aged 66 to 69 years","Female",14
"W06000014","Vale of Glamorgan","Lives in a communal establishment","Aged 70 to 74 years","Female",29
"W06000014","Vale of Glamorgan","Lives in a communal establishment","Aged 75 to 79 years","Female",37
"W06000014","Vale of Glamorgan","Lives in a communal establishment","Aged 80 to 84 years","Female",76
"W06000014","Vale of Glamorgan","Lives in a communal establishment","Aged 85 years and over","Female",292
"W06000015","Cardiff","Lives in a communal establishment","Total","Female",8278
"W06000015","Cardiff","Lives in a communal establishment","Aged 2 years and under","Female",1
"W06000015","Cardiff","Lives in a communal establishment","Aged 3 to 4 years","Female",7
"W06000015","Cardiff","Lives in a communal establishment","Aged 5 to 7 years","Female",1
"W06000015","Cardiff","Lives in a communal establishment","Aged 8 to 9 years","Female",4
"W06000015","Cardiff","Lives in a communal establishment","Aged 10 to 14 years","Female",16
"W06000015","Cardiff","Lives in a communal establishment","Aged 15 years","Female",8
"W06000015","Cardiff","Lives in a communal establishment","Aged 16 to 17 years","Female",158
"W06000015","Cardiff","Lives in a communal establishment","Aged 18 to 19 years","Female",3967
"W06000015","Cardiff","Lives in a communal establishment","Aged 20 to 24 years","Female",2445
"W06000015","Cardiff","Lives in a communal establishment","Aged 25 to 29 years","Female",383
"W06000015","Cardiff","Lives in a communal establishment","Aged 30 to 34 years","Female",86
"W06000015","Cardiff","Lives in a communal establishment","Aged 35 to 39 years","Female",54
"W06000015","Cardiff","Lives in a communal establishment","Aged 40 to 44 years","Female",43
"W06000015","Cardiff","Lives in a communal establishment","Aged 45 to 49 years","Female",39
"W06000015","Cardiff","Lives in a communal establishment","Aged 50 to 54 years","Female",20
"W06000015","Cardiff","Lives in a communal establishment","Aged 55 to 59 years","Female",39
"W06000015","Cardiff","Lives in a communal establishment","Aged 60 to 64 years","Female",42
"W06000015","Cardiff","Lives in a communal establishment","Aged 65 years","Female",11
"W06000015","Cardiff","Lives in a communal establishment","Aged 66 to 69 years","Female",48
"W06000015","Cardiff","Lives in a communal establishment","Aged 70 to 74 years","Female",61
"W06000015","Cardiff","Lives in a communal establishment","Aged 75 to 79 years","Female",102
"W06000015","Cardiff","Lives in a communal establishment","Aged 80 to 84 years","Female",186
"W06000015","Cardiff","Lives in a communal establishment","Aged 85 years and over","Female",557
"W06000016","Rhondda Cynon Taf","Lives in a communal establishment","Total","Female",1140
"W06000016","Rhondda Cynon Taf","Lives in a communal establishment","Aged 2 years and under","Female",0
"W06000016","Rhondda Cynon Taf","Lives in a communal establishment","Aged 3 to 4 years","Female",0
"W06000016","Rhondda Cynon Taf","Lives in a communal establishment","Aged 5 to 7 years","Female",4
"W06000016","Rhondda Cynon Taf","Lives in a communal establishment","Aged 8 to 9 years","Female",0
"W06000016","Rhondda Cynon Taf","Lives in a communal establishment","Aged 10 to 14 years","Female",6
"W06000016","Rhondda Cynon Taf","Lives in a communal establishment","Aged 15 years","Female",0
"W06000016","Rhondda Cynon Taf","Lives in a communal establishment","Aged 16 to 17 years","Female",9
"W06000016","Rhondda Cynon Taf","Lives in a communal establishment","Aged 18 to 19 years","Female",147
"W06000016","Rhondda Cynon Taf","Lives in a communal establishment","Aged 20 to 24 years","Female",115
"W06000016","Rhondda Cynon Taf","Lives in a communal establishment","Aged 25 to 29 years","Female",35
"W06000016","Rhondda Cynon Taf","Lives in a communal establishment","Aged 30 to 34 years","Female",28
"W06000016","Rhondda Cynon Taf","Lives in a communal establishment","Aged 35 to 39 years","Female",15
"W06000016","Rhondda Cynon Taf","Lives in a communal establishment","Aged 40 to 44 years","Female",6
"W06000016","Rhondda Cynon Taf","Lives in a communal establishment","Aged 45 to 49 years","Female",5
"W06000016","Rhondda Cynon Taf","Lives in a communal establishment","Aged 50 to 54 years","Female",5
"W06000016","Rhondda Cynon Taf","Lives in a communal establishment","Aged 55 to 59 years","Female",12
"W06000016","Rhondda Cynon Taf","Lives in a communal establishment","Aged 60 to 64 years","Female",11
"W06000016","Rhondda Cynon Taf","Lives in a communal establishment","Aged 65 years","Female",6
"W06000016","Rhondda Cynon Taf","Lives in a communal establishment","Aged 66 to 69 years","Female",23
"W06000016","Rhondda Cynon Taf","Lives in a communal establishment","Aged 70 to 74 years","Female",45
"W06000016","Rhondda Cynon Taf","Lives in a communal establishment","Aged 75 to 79 years","Female",87
"W06000016","Rhondda Cynon Taf","Lives in a communal establishment","Aged 80 to 84 years","Female",137
"W06000016","Rhondda Cynon Taf","Lives in a communal establishment","Aged 85 years and over","Female",444
"W06000018","Caerphilly","Lives in a communal establishment","Total","Female",541
"W06000018","Caerphilly","Lives in a communal establishment","Aged 2 years and under","Female",0
"W06000018","Caerphilly","Lives in a communal establishment","Aged 3 to 4 years","Female",0
"W06000018","Caerphilly","Lives in a communal establishment","Aged 5 to 7 years","Female",0
"W06000018","Caerphilly","Lives in a communal establishment","Aged 8 to 9 years","Female",0
"W06000018","Caerphilly","Lives in a communal establishment","Aged 10 to 14 years","Female",2
"W06000018","Caerphilly","Lives in a communal establishment","Aged 15 years","Female",2
"W06000018","Caerphilly","Lives in a communal establishment","Aged 16 to 17 years","Female",2
"W06000018","Caerphilly","Lives in a communal establishment","Aged 18 to 19 years","Female",1
"W06000018","Caerphilly","Lives in a communal establishment","Aged 20 to 24 years","Female",11
"W06000018","Caerphilly","Lives in a communal establishment","Aged 25 to 29 years","Female",7
"W06000018","Caerphilly","Lives in a communal establishment","Aged 30 to 34 years","Female",15
"W06000018","Caerphilly","Lives in a communal establishment","Aged 35 to 39 years","Female",8
"W06000018","Caerphilly","Lives in a communal establishment","Aged 40 to 44 years","Female",13
"W06000018","Caerphilly","Lives in a communal establishment","Aged 45 to 49 years","Female",15
"W06000018","Caerphilly","Lives in a communal establishment","Aged 50 to 54 years","Female",11
"W06000018","Caerphilly","Lives in a communal establishment","Aged 55 to 59 years","Female",21
"W06000018","Caerphilly","Lives in a communal establishment","Aged 60 to 64 years","Female",14
"W06000018","Caerphilly","Lives in a communal establishment","Aged 65 years","Female",7
"W06000018","Caerphilly","Lives in a communal establishment","Aged 66 to 69 years","Female",14
"W06000018","Caerphilly","Lives in a communal establishment","Aged 70 to 74 years","Female",36
"W06000018","Caerphilly","Lives in a communal establishment","Aged 75 to 79 years","Female",52
"W06000018","Caerphilly","Lives in a communal establishment","Aged 80 to 84 years","Female",70
"W06000018","Caerphilly","Lives in a communal establishment","Aged 85 years and over","Female",240
"W06000019","Blaenau Gwent","Lives in a communal establishment","Total","Female",210
"W06000019","Blaenau Gwent","Lives in a communal establishment","Aged 2 years and under","Female",0
"W06000019","Blaenau Gwent","Lives in a communal establishment","Aged 3 to 4 years","Female",0
"W06000019","Blaenau Gwent","Lives in a communal establishment","Aged 5 to 7 years","Female",0
"W06000019","Blaenau Gwent","Lives in a communal establishment","Aged 8 to 9 years","Female",0
"W06000019","Blaenau Gwent","Lives in a communal establishment","Aged 10 to 14 years","Female",1
"W06000019","Blaenau Gwent","Lives in a communal establishment","Aged 15 years","Female",0
"W06000019","Blaenau Gwent","Lives in a communal establishment","Aged 16 to 17 years","Female",0
"W06000019","Blaenau Gwent","Lives in a communal establishment","Aged 18 to 19 years","Female",0
"W06000019","Blaenau Gwent","Lives in a communal establishment","Aged 20 to 24 years","Female",0
"W06000019","Blaenau Gwent","Lives in a communal establishment","Aged 25 to 29 years","Female",0
"W06000019","Blaenau Gwent","Lives in a communal establishment","Aged 30 to 34 years","Female",1
"W06000019","Blaenau Gwent","Lives in a communal establishment","Aged 35 to 39 years","Female",0
"W06000019","Blaenau Gwent","Lives in a communal establishment","Aged 40 to 44 years","Female",3
"W06000019","Blaenau Gwent","Lives in a communal establishment","Aged 45 to 49 years","Female",2
"W06000019","Blaenau Gwent","Lives in a communal establishment","Aged 50 to 54 years","Female",1
"W06000019","Blaenau Gwent","Lives in a communal establishment","Aged 55 to 59 years","Female",6
"W06000019","Blaenau Gwent","Lives in a communal establishment","Aged 60 to 64 years","Female",14
"W06000019","Blaenau Gwent","Lives in a communal establishment","Aged 65 years","Female",1
"W06000019","Blaenau Gwent","Lives in a communal establishment","Aged 66 to 69 years","Female",7
"W06000019","Blaenau Gwent","Lives in a communal establishment","Aged 70 to 74 years","Female",21
"W06000019","Blaenau Gwent","Lives in a communal establishment","Aged 75 to 79 years","Female",13
"W06000019","Blaenau Gwent","Lives in a communal establishment","Aged 80 to 84 years","Female",44
"W06000019","Blaenau Gwent","Lives in a communal establishment","Aged 85 years and over","Female",96
"W06000020","Torfaen","Lives in a communal establishment","Total","Female",363
"W06000020","Torfaen","Lives in a communal establishment","Aged 2 years and under","Female",0
"W06000020","Torfaen","Lives in a communal establishment","Aged 3 to 4 years","Female",0
"W06000020","Torfaen","Lives in a communal establishment","Aged 5 to 7 years","Female",0
"W06000020","Torfaen","Lives in a communal establishment","Aged 8 to 9 years","Female",0
"W06000020","Torfaen","Lives in a communal establishment","Aged 10 to 14 years","Female",0
"W06000020","Torfaen","Lives in a communal establishment","Aged 15 years","Female",0
"W06000020","Torfaen","Lives in a communal establishment","Aged 16 to 17 years","Female",0
"W06000020","Torfaen","Lives in a communal establishment","Aged 18 to 19 years","Female",0
"W06000020","Torfaen","Lives in a communal establishment","Aged 20 to 24 years","Female",0
"W06000020","Torfaen","Lives in a communal establishment","Aged 25 to 29 years","Female",0
"W06000020","Torfaen","Lives in a communal establishment","Aged 30 to 34 years","Female",0
"W06000020","Torfaen","Lives in a communal establishment","Aged 35 to 39 years","Female",6
"W06000020","Torfaen","Lives in a communal establishment","Aged 40 to 44 years","Female",0
"W06000020","Torfaen","Lives in a communal establishment","Aged 45 to 49 years","Female",1
"W06000020","Torfaen","Lives in a communal establishment","Aged 50 to 54 years","Female",1
"W06000020","Torfaen","Lives in a communal establishment","Aged 55 to 59 years","Female",6
"W06000020","Torfaen","Lives in a communal establishment","Aged 60 to 64 years","Female",7
"W06000020","Torfaen","Lives in a communal establishment","Aged 65 years","Female",1
"W06000020","Torfaen","Lives in a communal establishment","Aged 66 to 69 years","Female",9
"W06000020","Torfaen","Lives in a communal establishment","Aged 70 to 74 years","Female",20
"W06000020","Torfaen","Lives in a communal establishment","Aged 75 to 79 years","Female",33
"W06000020","Torfaen","Lives in a communal establishment","Aged 80 to 84 years","Female",78
"W06000020","Torfaen","Lives in a communal establishment","Aged 85 years and over","Female",201
"W06000021","Monmouthshire","Lives in a communal establishment","Total","Female",588
"W06000021","Monmouthshire","Lives in a communal establishment","Aged 2 years and under","Female",0
"W06000021","Monmouthshire","Lives in a communal establishment","Aged 3 to 4 years","Female",0
"W06000021","Monmouthshire","Lives in a communal establishment","Aged 5 to 7 years","Female",1
"W06000021","Monmouthshire","Lives in a communal establishment","Aged 8 to 9 years","Female",0
"W06000021","Monmouthshire","Lives in a communal establishment","Aged 10 to 14 years","Female",28
"W06000021","Monmouthshire","Lives in a communal establishment","Aged 15 years","Female",8
"W06000021","Monmouthshire","Lives in a communal establishment","Aged 16 to 17 years","Female",24
"W06000021","Monmouthshire","Lives in a communal establishment","Aged 18 to 19 years","Female",3
"W06000021","Monmouthshire","Lives in a communal establishment","Aged 20 to 24 years","Female",16
"W06000021","Monmouthshire","Lives in a communal establishment","Aged 25 to 29 years","Female",15
"W06000021","Monmouthshire","Lives in a communal establishment","Aged 30 to 34 years","Female",17
"W06000021","Monmouthshire","Lives in a communal establishment","Aged 35 to 39 years","Female",9
"W06000021","Monmouthshire","Lives in a communal establishment","Aged 40 to 44 years","Female",11
"W06000021","Monmouthshire","Lives in a communal establishment","Aged 45 to 49 years","Female",12
"W06000021","Monmouthshire","Lives in a communal establishment","Aged 50 to 54 years","Female",22
"W06000021","Monmouthshire","Lives in a communal establishment","Aged 55 to 59 years","Female",26
"W06000021","Monmouthshire","Lives in a communal establishment","Aged 60 to 64 years","Female",9
"W06000021","Monmouthshire","Lives in a communal establishment","Aged 65 years","Female",1
"W06000021","Monmouthshire","Lives in a communal establishment","Aged 66 to 69 years","Female",13
"W06000021","Monmouthshire","Lives in a communal establishment","Aged 70 to 74 years","Female",23
"W06000021","Monmouthshire","Lives in a communal establishment","Aged 75 to 79 years","Female",35
"W06000021","Monmouthshire","Lives in a communal establishment","Aged 80 to 84 years","Female",51
"W06000021","Monmouthshire","Lives in a communal establishment","Aged 85 years and over","Female",264
"W06000022","Newport","Lives in a communal establishment","Total","Female",778
"W06000022","Newport","Lives in a communal establishment","Aged 2 years and under","Female",0
"W06000022","Newport","Lives in a communal establishment","Aged 3 to 4 years","Female",0
"W06000022","Newport","Lives in a communal establishment","Aged 5 to 7 years","Female",0
"W06000022","Newport","Lives in a communal establishment","Aged 8 to 9 years","Female",0
"W06000022","Newport","Lives in a communal establishment","Aged 10 to 14 years","Female",4
"W06000022","Newport","Lives in a communal establishment","Aged 15 years","Female",2
"W06000022","Newport","Lives in a communal establishment","Aged 16 to 17 years","Female",2
"W06000022","Newport","Lives in a communal establishment","Aged 18 to 19 years","Female",46
"W06000022","Newport","Lives in a communal establishment","Aged 20 to 24 years","Female",77
"W06000022","Newport","Lives in a communal establishment","Aged 25 to 29 years","Female",36
"W06000022","Newport","Lives in a communal establishment","Aged 30 to 34 years","Female",48
"W06000022","Newport","Lives in a communal establishment","Aged 35 to 39 years","Female",22
"W06000022","Newport","Lives in a communal establishment","Aged 40 to 44 years","Female",13
"W06000022","Newport","Lives in a communal establishment","Aged 45 to 49 years","Female",15
"W06000022","Newport","Lives in a communal establishment","Aged 50 to 54 years","Female",12
"W06000022","Newport","Lives in a communal establishment","Aged 55 to 59 years","Female",25
"W06000022","Newport","Lives in a communal establishment","Aged 60 to 64 years","Female",14
"W06000022","Newport","Lives in a communal establishment","Aged 65 years","Female",4
"W06000022","Newport","Lives in a communal establishment","Aged 66 to 69 years","Female",15
"W06000022","Newport","Lives in a communal establishment","Aged 70 to 74 years","Female",30
"W06000022","Newport","Lives in a communal establishment","Aged 75 to 79 years","Female",41
"W06000022","Newport","Lives in a communal establishment","Aged 80 to 84 years","Female",82
"W06000022","Newport","Lives in a communal establishment","Aged 85 years and over","Female",290
"W06000023","Powys","Lives in a communal establishment","Total","Female",715
"W06000023","Powys","Lives in a communal establishment","Aged 2 years and under","Female",0
"W06000023","Powys","Lives in a communal establishment","Aged 3 to 4 years","Female",0
"W06000023","Powys","Lives in a communal establishment","Aged 5 to 7 years","Female",0
"W06000023","Powys","Lives in a communal establishment","Aged 8 to 9 years","Female",1
"W06000023","Powys","Lives in a communal establishment","Aged 10 to 14 years","Female",16
"W06000023","Powys","Lives in a communal establishment","Aged 15 years","Female",5
"W06000023","Powys","Lives in a communal establishment","Aged 16 to 17 years","Female",27
"W06000023","Powys","Lives in a communal establishment","Aged 18 to 19 years","Female",8
"W06000023","Powys","Lives in a communal establishment","Aged 20 to 24 years","Female",1
"W06000023","Powys","Lives in a communal establishment","Aged 25 to 29 years","Female",10
"W06000023","Powys","Lives in a communal establishment","Aged 30 to 34 years","Female",7
"W06000023","Powys","Lives in a communal establishment","Aged 35 to 39 years","Female",6
"W06000023","Powys","Lives in a communal establishment","Aged 40 to 44 years","Female",20
"W06000023","Powys","Lives in a communal establishment","Aged 45 to 49 years","Female",7
"W06000023","Powys","Lives in a communal establishment","Aged 50 to 54 years","Female",7
"W06000023","Powys","Lives in a communal establishment","Aged 55 to 59 years","Female",12
"W06000023","Powys","Lives in a communal establishment","Aged 60 to 64 years","Female",15
"W06000023","Powys","Lives in a communal establishment","Aged 65 years","Female",0
"W06000023","Powys","Lives in a communal establishment","Aged 66 to 69 years","Female",19
"W06000023","Powys","Lives in a communal establishment","Aged 70 to 74 years","Female",24
"W06000023","Powys","Lives in a communal establishment","Aged 75 to 79 years","Female",60
"W06000023","Powys","Lives in a communal establishment","Aged 80 to 84 years","Female",99
"W06000023","Powys","Lives in a communal establishment","Aged 85 years and over","Female",371
"W06000024","Merthyr Tydfil","Lives in a communal establishment","Total","Female",281
"W06000024","Merthyr Tydfil","Lives in a communal establishment","Aged 2 years and under","Female",0
"W06000024","Merthyr Tydfil","Lives in a communal establishment","Aged 3 to 4 years","Female",0
"W06000024","Merthyr Tydfil","Lives in a communal establishment","Aged 5 to 7 years","Female",0
"W06000024","Merthyr Tydfil","Lives in a communal establishment","Aged 8 to 9 years","Female",0
"W06000024","Merthyr Tydfil","Lives in a communal establishment","Aged 10 to 14 years","Female",0
"W06000024","Merthyr Tydfil","Lives in a communal establishment","Aged 15 years","Female",0
"W06000024","Merthyr Tydfil","Lives in a communal establishment","Aged 16 to 17 years","Female",0
"W06000024","Merthyr Tydfil","Lives in a communal establishment","Aged 18 to 19 years","Female",3
"W06000024","Merthyr Tydfil","Lives in a communal establishment","Aged 20 to 24 years","Female",4
"W06000024","Merthyr Tydfil","Lives in a communal establishment","Aged 25 to 29 years","Female",18
"W06000024","Merthyr Tydfil","Lives in a communal establishment","Aged 30 to 34 years","Female",31
"W06000024","Merthyr Tydfil","Lives in a communal establishment","Aged 35 to 39 years","Female",8
"W06000024","Merthyr Tydfil","Lives in a communal establishment","Aged 40 to 44 years","Female",3
"W06000024","Merthyr Tydfil","Lives in a communal establishment","Aged 45 to 49 years","Female",7
"W06000024","Merthyr Tydfil","Lives in a communal establishment","Aged 50 to 54 years","Female",10
"W06000024","Merthyr Tydfil","Lives in a communal establishment","Aged 55 to 59 years","Female",7
"W06000024","Merthyr Tydfil","Lives in a communal establishment","Aged 60 to 64 years","Female",10
"W06000024","Merthyr Tydfil","Lives in a communal establishment","Aged 65 years","Female",2
"W06000024","Merthyr Tydfil","Lives in a communal establishment","Aged 66 to 69 years","Female",5
"W06000024","Merthyr Tydfil","Lives in a communal establishment","Aged 70 to 74 years","Female",11
"W06000024","Merthyr Tydfil","Lives in a communal establishment","Aged 75 to 79 years","Female",18
"W06000024","Merthyr Tydfil","Lives in a communal establishment","Aged 80 to 84 years","Female",33
"W06000024","Merthyr Tydfil","Lives in a communal establishment","Aged 85 years and over","Female",111
