"GEOGRAPHY_CODE","GEOGRAPHY_NAME","C2021_RESTYPE_3_NAME","C2021_AGE_24_NAME","C_SEX_NAME","OBS_VALUE"
"E06000001","Hartlepool","Lives in a communal establishment","Total","Male",319
"E06000001","Hartlepool","Lives in a communal establishment","Aged 2 years and under","Male",0
"E06000001","Hartlepool","Lives in a communal establishment","Aged 3 to 4 years","Male",0
"E06000001","Hartlepool","Lives in a communal establishment","Aged 5 to 7 years","Male",0
"E06000001","Hartlepool","Lives in a communal establishment","Aged 8 to 9 years","Male",2
"E06000001","Hartlepool","Lives in a communal establishment","Aged 10 to 14 years","Male",3
"E06000001","Hartlepool","Lives in a communal establishment","Aged 15 years","Male",1
"E06000001","Hartlepool","Lives in a communal establishment","Aged 16 to 17 years","Male",1
"E06000001","Hartlepool","Lives in a communal establishment","Aged 18 to 19 years","Male",8
"E06000001","Hartlepool","Lives in a communal establishment","Aged 20 to 24 years","Male",17
"E06000001","Hartlepool","Lives in a communal establishment","Aged 25 to 29 years","Male",7
"E06000001","Hartlepool","Lives in a communal establishment","Aged 30 to 34 years","Male",3
"E06000001","Hartlepool","Lives in a communal establishment","Aged 35 to 39 years","Male",5
"E06000001","Hartlepool","Lives in a communal establishment","Aged 40 to 44 years","Male",10
"E06000001","Hartlepool","Lives in a communal establishment","Aged 45 to 49 years","Male",7
"E06000001","Hartlepool","Lives in a communal establishment","Aged 50 to 54 years","Male",13
"E06000001","Hartlepool","Lives in a communal establishment","Aged 55 to 59 years","Male",16
"E06000001","Hartlepool","Lives in a communal establishment","Aged 60 to 64 years","Male",23
"E06000001","Hartlepool","Lives in a communal establishment","Aged 65 years","Male",4
"E06000001","Hartlepool","Lives in a communal establishment","Aged 66 to 69 years","Male",18
"E06000001","Hartlepool","Lives in a communal establishment","Aged 70 to 74 years","Male",28
"E06000001","Hartlepool","Lives in a communal establishment","Aged 75 to 79 years","Male",33
"E06000001","Hartlepool","Lives in a communal establishment","Aged 80 to 84 years","Male",41
"E06000001","Hartlepool","Lives in a communal establishment","Aged 85 years and over","Male",79
"E06000002","Middlesbrough","Lives in a communal establishment","Total","Male",1282
"E06000002","Middlesbrough","Lives in a communal establishment","Aged 2 years and under","Male",4
"E06000002","Middlesbrough","Lives in a communal establishment","Aged 3 to 4 years","Male",0
"E06000002","Middlesbrough","Lives in a communal establishment","Aged 5 to 7 years","Male",0
"E06000002","Middlesbrough","Lives in a communal establishment","Aged 8 to 9 years","Male",1
"E06000002","Middlesbrough","Lives in a communal establishment","Aged 10 to 14 years","Male",3
"E06000002","Middlesbrough","Lives in a communal establishment","Aged 15 years","Male",0
"E06000002","Middlesbrough","Lives in a communal establishment","Aged 16 to 17 years","Male",3
"E06000002","Middlesbrough","Lives in a communal establishment","Aged 18 to 19 years","Male",139
"E06000002","Middlesbrough","Lives in a communal establishment","Aged 20 to 24 years","Male",305
"E06000002","Middlesbrough","Lives in a communal establishment","Aged 25 to 29 years","Male",85
"E06000002","Middlesbrough","Lives in a communal establishment","Aged 30 to 34 years","Male",80
"E06000002","Middlesbrough","Lives in a communal establishment","Aged 35 to 39 years","Male",59
"E06000002","Middlesbrough","Lives in a communal establishment","Aged 40 to 44 years","Male",46
"E06000002","Middlesbrough","Lives in a communal establishment","Aged 45 to 49 years","Male",58
"E06000002","Middlesbrough","Lives in a communal establishment","Aged 50 to 54 years","Male",50
"E06000002","Middlesbrough","Lives in a communal establishment","Aged 55 to 59 years","Male",47
"E06000002","Middlesbrough","Lives in a communal establishment","Aged 60 to 64 years","Male",45
"E06000002","Middlesbrough","Lives in a communal establishment","Aged 65 years","Male",11
"E06000002","Middlesbrough","Lives in a communal establishment","Aged 66 to 69 years","Male",26
"E06000002","Middlesbrough","Lives in a communal establishment","Aged 70 to 74 years","Male",78
"E06000002","Middlesbrough","Lives in a communal establishment","Aged 75 to 79 years","Male",63
"E06000002","Middlesbrough","Lives in a communal establishment","Aged 80 to 84 years","Male",59
"E06000002","Middlesbrough","Lives in a communal establishment","Aged 85 years and over","Male",120
"E06000003","Redcar and Cleveland","Lives in a communal establishment","Total","Male",466
"E06000003","Redcar and Cleveland","Lives in a communal establishment","Aged 2 years and under","Male",0
"E06000003","Redcar and Cleveland","Lives in a communal establishment","Aged 3 to 4 years","Male",0
"E06000003","Redcar and Cleveland","Lives in a communal establishment","Aged 5 to 7 years","Male",0
"E06000003","Redcar and Cleveland","Lives in a communal establishment","Aged 8 to 9 years","Male",0
"E06000003","Redcar and Cleveland","Lives in a communal establishment","Aged 10 to 14 years","Male",3
"E06000003","Redcar and Cleveland","Lives in a communal establishment","Aged 15 years","Male",1
"E06000003","Redcar and Cleveland","Lives in a communal establishment","Aged 16 to 17 years","Male",3
"E06000003","Redcar and Cleveland","Lives in a communal establishment","Aged 18 to 19 years","Male",1
"E06000003","Redcar and Cleveland","Lives in a communal establishment","Aged 20 to 24 years","Male",5
"E06000003","Redcar and Cleveland","Lives in a communal establishment","Aged 25 to 29 years","Male",15
"E06000003","Redcar and Cleveland","Lives in a communal establishment","Aged 30 to 34 years","Male",12
"E06000003","Redcar and Cleveland","Lives in a communal establishment","Aged 35 to 39 years","Male",8
"E06000003","Redcar and Cleveland","Lives in a communal establishment","Aged 40 to 44 years","Male",12
"E06000003","Redcar and Cleveland","Lives in a communal establishment","Aged 45 to 49 years","Male",30
"E06000003","Redcar and Cleveland","Lives in a communal establishment","Aged 50 to 54 years","Male",30
"E06000003","Redcar and Cleveland","Lives in a communal establishment","Aged 55 to 59 years","Male",22
"E06000003","Redcar and Cleveland","Lives in a communal establishment","Aged 60 to 64 years","Male",46
"E06000003","Redcar and Cleveland","Lives in a communal establishment","Aged 65 years","Male",11
"E06000003","Redcar and Cleveland","Lives in a communal establishment","Aged 66 to 69 years","Male",21
"E06000003","Redcar and Cleveland","Lives in a communal establishment","Aged 70 to 74 years","Male",54
"E06000003","Redcar and Cleveland","Lives in a communal establishment","Aged 75 to 79 years","Male",49
"E06000003","Redcar and Cleveland","Lives in a communal establishment","Aged 80 to 84 years","Male",54
"E06000003","Redcar and Cleveland","Lives in a communal establishment","Aged 85 years and over","Male",89
"E06000004","Stockton-on-Tees","Lives in a communal establishment","Total","Male",1835
"E06000004","Stockton-on-Tees","Lives in a communal establishment","Aged 2 years and under","Male",1
"E06000004","Stockton-on-Tees","Lives in a communal establishment","Aged 3 to 4 years","Male",0
"E06000004","Stockton-on-Tees","Lives in a communal establishment","Aged 5 to 7 years","Male",0
"E06000004","Stockton-on-Tees","Lives in a communal establishment","Aged 8 to 9 years","Male",3
"E06000004","Stockton-on-Tees","Lives in a communal establishment","Aged 10 to 14 years","Male",6
"E06000004","Stockton-on-Tees","Lives in a communal establishment","Aged 15 years","Male",2
"E06000004","Stockton-on-Tees","Lives in a communal establishment","Aged 16 to 17 years","Male",15
"E06000004","Stockton-on-Tees","Lives in a communal establishment","Aged 18 to 19 years","Male",9
"E06000004","Stockton-on-Tees","Lives in a communal establishment","Aged 20 to 24 years","Male",123
"E06000004","Stockton-on-Tees","Lives in a communal establishment","Aged 25 to 29 years","Male",240
"E06000004","Stockton-on-Tees","Lives in a communal establishment","Aged 30 to 34 years","Male",259
"E06000004","Stockton-on-Tees","Lives in a communal establishment","Aged 35 to 39 years","Male",218
"E06000004","Stockton-on-Tees","Lives in a communal establishment","Aged 40 to 44 years","Male",203
"E06000004","Stockton-on-Tees","Lives in a communal establishment","Aged 45 to 49 years","Male",107
"E06000004","Stockton-on-Tees","Lives in a communal establishment","Aged 50 to 54 years","Male",114
"E06000004","Stockton-on-Tees","Lives in a communal establishment","Aged 55 to 59 years","Male",58
"E06000004","Stockton-on-Tees","Lives in a communal establishment","Aged 60 to 64 years","Male",69
"E06000004","Stockton-on-Tees","Lives in a communal establishment","Aged 65 years","Male",6
"E06000004","Stockton-on-Tees","Lives in a communal establishment","Aged 66 to 69 years","Male",46
"E06000004","Stockton-on-Tees","Lives in a communal establishment","Aged 70 to 74 years","Male",49
"E06000004","Stockton-on-Tees","Lives in a communal establishment","Aged 75 to 79 years","Male",73
"E06000004","Stockton-on-Tees","Lives in a communal establishment","Aged 80 to 84 years","Male",83
"E06000004","Stockton-on-Tees","Lives in a communal establishment","Aged 85 years and over","Male",151
"E06000005","Darlington","Lives in a communal establishment","Total","Male",354
"E06000005","Darlington","Lives in a communal establishment","Aged 2 years and under","Male",0
"E06000005","Darlington","Lives in a communal establishment","Aged 3 to 4 years","Male",0
"E06000005","Darlington","Lives in a communal establishment","Aged 5 to 7 years","Male",0
"E06000005","Darlington","Lives in a communal establishment","Aged 8 to 9 years","Male",1
"E06000005","Darlington","Lives in a communal establishment","Aged 10 to 14 years","Male",9
"E06000005","Darlington","Lives in a communal establishment","Aged 15 years","Male",5
"E06000005","Darlington","Lives in a communal establishment","Aged 16 to 17 years","Male",12
"E06000005","Darlington","Lives in a communal establishment","Aged 18 to 19 years","Male",3
"E06000005","Darlington","Lives in a communal establishment","Aged 20 to 24 years","Male",6
"E06000005","Darlington","Lives in a communal establishment","Aged 25 to 29 years","Male",11
"E06000005","Darlington","Lives in a communal establishment","Aged 30 to 34 years","Male",12
"E06000005","Darlington","Lives in a communal establishment","Aged 35 to 39 years","Male",10
"E06000005","Darlington","Lives in a communal establishment","Aged 40 to 44 years","Male",11
"E06000005","Darlington","Lives in a communal establishment","Aged 45 to 49 years","Male",14
"E06000005","Darlington","Lives in a communal establishment","Aged 50 to 54 years","Male",14
"E06000005","Darlington","Lives in a communal establishment","Aged 55 to 59 years","Male",13
"E06000005","Darlington","Lives in a communal establishment","Aged 60 to 64 years","Male",22
"E06000005","Darlington","Lives in a communal establishment","Aged 65 years","Male",1
"E06000005","Darlington","Lives in a communal establishment","Aged 66 to 69 years","Male",10
"E06000005","Darlington","Lives in a communal establishment","Aged 70 to 74 years","Male",23
"E06000005","Darlington","Lives in a communal establishment","Aged 75 to 79 years","Male",26
"E06000005","Darlington","Lives in a communal establishment","Aged 80 to 84 years","Male",58
"E06000005","Darlington","Lives in a communal establishment","Aged 85 years and over","Male",93
"E06000047","County Durham","Lives in a communal establishment","Total","Male",6581
"E06000047","County Durham","Lives in a communal establishment","Aged 2 years and under","Male",1
"E06000047","County Durham","Lives in a communal establishment","Aged 3 to 4 years","Male",1
"E06000047","County Durham","Lives in a communal establishment","Aged 5 to 7 years","Male",5
"E06000047","County Durham","Lives in a communal establishment","Aged 8 to 9 years","Male",5
"E06000047","County Durham","Lives in a communal establishment","Aged 10 to 14 years","Male",47
"E06000047","County Durham","Lives in a communal establishment","Aged 15 years","Male",17
"E06000047","County Durham","Lives in a communal establishment","Aged 16 to 17 years","Male",38
"E06000047","County Durham","Lives in a communal establishment","Aged 18 to 19 years","Male",2104
"E06000047","County Durham","Lives in a communal establishment","Aged 20 to 24 years","Male",1424
"E06000047","County Durham","Lives in a communal establishment","Aged 25 to 29 years","Male",360
"E06000047","County Durham","Lives in a communal establishment","Aged 30 to 34 years","Male",311
"E06000047","County Durham","Lives in a communal establishment","Aged 35 to 39 years","Male",264
"E06000047","County Durham","Lives in a communal establishment","Aged 40 to 44 years","Male",183
"E06000047","County Durham","Lives in a communal establishment","Aged 45 to 49 years","Male",169
"E06000047","County Durham","Lives in a communal establishment","Aged 50 to 54 years","Male",172
"E06000047","County Durham","Lives in a communal establishment","Aged 55 to 59 years","Male",185
"E06000047","County Durham","Lives in a communal establishment","Aged 60 to 64 years","Male",167
"E06000047","County Durham","Lives in a communal establishment","Aged 65 years","Male",29
"E06000047","County Durham","Lives in a communal establishment","Aged 66 to 69 years","Male",114
"E06000047","County Durham","Lives in a communal establishment","Aged 70 to 74 years","Male",150
"E06000047","County Durham","Lives in a communal establishment","Aged 75 to 79 years","Male",183
"E06000047","County Durham","Lives in a communal establishment","Aged 80 to 84 years","Male",251
"E06000047","County Durham","Lives in a communal establishment","Aged 85 years and over","Male",401
"E06000057","Northumberland","Lives in a communal establishment","Total","Male",2677
"E06000057","Northumberland","Lives in a communal establishment","Aged 2 years and under","Male",2
"E06000057","Northumberland","Lives in a communal establishment","Aged 3 to 4 years","Male",3
"E06000057","Northumberland","Lives in a communal establishment","Aged 5 to 7 years","Male",0
"E06000057","Northumberland","Lives in a communal establishment","Aged 8 to 9 years","Male",4
"E06000057","Northumberland","Lives in a communal establishment","Aged 10 to 14 years","Male",25
"E06000057","Northumberland","Lives in a communal establishment","Aged 15 years","Male",10
"E06000057","Northumberland","Lives in a communal establishment","Aged 16 to 17 years","Male",6
"E06000057","Northumberland","Lives in a communal establishment","Aged 18 to 19 years","Male",73
"E06000057","Northumberland","Lives in a communal establishment","Aged 20 to 24 years","Male",176
"E06000057","Northumberland","Lives in a communal establishment","Aged 25 to 29 years","Male",343
"E06000057","Northumberland","Lives in a communal establishment","Aged 30 to 34 years","Male",322
"E06000057","Northumberland","Lives in a communal establishment","Aged 35 to 39 years","Male",265
"E06000057","Northumberland","Lives in a communal establishment","Aged 40 to 44 years","Male",204
"E06000057","Northumberland","Lives in a communal establishment","Aged 45 to 49 years","Male",136
"E06000057","Northumberland","Lives in a communal establishment","Aged 50 to 54 years","Male",125
"E06000057","Northumberland","Lives in a communal establishment","Aged 55 to 59 years","Male",106
"E06000057","Northumberland","Lives in a communal establishment","Aged 60 to 64 years","Male",125
"E06000057","Northumberland","Lives in a communal establishment","Aged 65 years","Male",14
"E06000057","Northumberland","Lives in a communal establishment","Aged 66 to 69 years","Male",75
"E06000057","Northumberland","Lives in a communal establishment","Aged 70 to 74 years","Male",111
"E06000057","Northumberland","Lives in a communal establishment","Aged 75 to 79 years","Male",152
"E06000057","Northumberland","Lives in a communal establishment","Aged 80 to 84 years","Male",152
"E06000057","Northumberland","Lives in a communal establishment","Aged 85 years and over","Male",248
"E08000021","Newcastle upon Tyne","Lives in a communal establishment","Total","Male",7929
"E08000021","Newcastle upon Tyne","Lives in a communal establishment","Aged 2 years and under","Male",5
"E08000021","Newcastle upon Tyne","Lives in a communal establishment","Aged 3 to 4 years","Male",4
"E08000021","Newcastle upon Tyne","Lives in a communal establishment","Aged 5 to 7 years","Male",3
"E08000021","Newcastle upon Tyne","Lives in a communal establishment","Aged 8 to 9 years","Male",0
"E08000021","Newcastle upon Tyne","Lives in a communal establishment","Aged 10 to 14 years","Male",8
"E08000021","Newcastle upon Tyne","Lives in a communal establishment","Aged 15 years","Male",7
"E08000021","Newcastle upon Tyne","Lives in a communal establishment","Aged 16 to 17 years","Male",23
"E08000021","Newcastle upon Tyne","Lives in a communal establishment","Aged 18 to 19 years","Male",3397
"E08000021","Newcastle upon Tyne","Lives in a communal establishment","Aged 20 to 24 years","Male",2713
"E08000021","Newcastle upon Tyne","Lives in a communal establishment","Aged 25 to 29 years","Male",534
"E08000021","Newcastle upon Tyne","Lives in a communal establishment","Aged 30 to 34 years","Male",179
"E08000021","Newcastle upon Tyne","Lives in a communal establishment","Aged 35 to 39 years","Male",129
"E08000021","Newcastle upon Tyne","Lives in a communal establishment","Aged 40 to 44 years","Male",70
"E08000021","Newcastle upon Tyne","Lives in a communal establishment","Aged 45 to 49 years","Male",55
"E08000021","Newcastle upon Tyne","Lives in a communal establishment","Aged 50 to 54 years","Male",66
"E08000021","Newcastle upon Tyne","Lives in a communal establishment","Aged 55 to 59 years","Male",59
"E08000021","Newcastle upon Tyne","Lives in a communal establishment","Aged 60 to 64 years","Male",63
"E08000021","Newcastle upon Tyne","Lives in a communal establishment","Aged 65 years","Male",15
"E08000021","Newcastle upon Tyne","Lives in a communal establishment","Aged 66 to 69 years","Male",69
"E08000021","Newcastle upon Tyne","Lives in a communal establishment","Aged 70 to 74 years","Male",102
"E08000021","Newcastle upon Tyne","Lives in a communal establishment","Aged 75 to 79 years","Male",120
"E08000021","Newcastle upon Tyne","Lives in a communal establishment","Aged 80 to 84 years","Male",104
"E08000021","Newcastle upon Tyne","Lives in a communal establishment","Aged 85 years and over","Male",204
"E08000022","North Tyneside","Lives in a communal establishment","Total","Male",434
"E08000022","North Tyneside","Lives in a communal establishment","Aged 2 years and under","Male",0
"E08000022","North Tyneside","Lives in a communal establishment","Aged 3 to 4 years","Male",0
"E08000022","North Tyneside","Lives in a communal establishment","Aged 5 to 7 years","Male",0
"E08000022","North Tyneside","Lives in a communal establishment","Aged 8 to 9 years","Male",0
"E08000022","North Tyneside","Lives in a communal establishment","Aged 10 to 14 years","Male",0
"E08000022","North Tyneside","Lives in a communal establishment","Aged 15 years","Male",2
"E08000022","North Tyneside","Lives in a communal establishment","Aged 16 to 17 years","Male",3
"E08000022","North Tyneside","Lives in a communal establishment","Aged 18 to 19 years","Male",2
"E08000022","North Tyneside","Lives in a communal establishment","Aged 20 to 24 years","Male",9
"E08000022","North Tyneside","Lives in a communal establishment","Aged 25 to 29 years","Male",4
"E08000022","North Tyneside","Lives in a communal establishment","Aged 30 to 34 years","Male",8
"E08000022","North Tyneside","Lives in a communal establishment","Aged 35 to 39 years","Male",13
"E08000022","North Tyneside","Lives in a communal establishment","Aged 40 to 44 years","Male",15
"E08000022","North Tyneside","Lives in a communal establishment","Aged 45 to 49 years","Male",6
"E08000022","North Tyneside","Lives in a communal establishment","Aged 50 to 54 years","Male",13
"E08000022","North Tyneside","Lives in a communal establishment","Aged 55 to 59 years","Male",29
"E08000022","North Tyneside","Lives in a communal establishment","Aged 60 to 64 years","Male",13
"E08000022","North Tyneside","Lives in a communal establishment","Aged 65 years","Male",9
"E08000022","North Tyneside","Lives in a communal establishment","Aged 66 to 69 years","Male",25
"E08000022","North Tyneside","Lives in a communal establishment","Aged 70 to 74 years","Male",38
"E08000022","North Tyneside","Lives in a communal establishment","Aged 75 to 79 years","Male",50
"E08000022","North Tyneside","Lives in a communal establishment","Aged 80 to 84 years","Male",68
"E08000022","North Tyneside","Lives in a communal establishment","Aged 85 years and over","Male",127
"E08000023","South Tyneside","Lives in a communal establishment","Total","Male",522
"E08000023","South Tyneside","Lives in a communal establishment","Aged 2 years and under","Male",0
"E08000023","South Tyneside","Lives in a communal establishment","Aged 3 to 4 years","Male",0
"E08000023","South Tyneside","Lives in a communal establishment","Aged 5 to 7 years","Male",0
"E08000023","South Tyneside","Lives in a communal establishment","Aged 8 to 9 years","Male",1
"E08000023","South Tyneside","Lives in a communal establishment","Aged 10 to 14 years","Male",2
"E08000023","South Tyneside","Lives in a communal establishment","Aged 15 years","Male",0
"E08000023","South Tyneside","Lives in a communal establishment","Aged 16 to 17 years","Male",6
"E08000023","South Tyneside","Lives in a communal establishment","Aged 18 to 19 years","Male",13
"E08000023","South Tyneside","Lives in a communal establishment","Aged 20 to 24 years","Male",39
"E08000023","South Tyneside","Lives in a communal establishment","Aged 25 to 29 years","Male",20
"E08000023","South Tyneside","Lives in a communal establishment","Aged 30 to 34 years","Male",6
"E08000023","South Tyneside","Lives in a communal establishment","Aged 35 to 39 years","Male",25
"E08000023","South Tyneside","Lives in a communal establishment","Aged 40 to 44 years","Male",17
"E08000023","South Tyneside","Lives in a communal establishment","Aged 45 to 49 years","Male",12
"E08000023","South Tyneside","Lives in a communal establishment","Aged 50 to 54 years","Male",30
"E08000023","South Tyneside","Lives in a communal establishment","Aged 55 to 59 years","Male",27
"E08000023","South Tyneside","Lives in a communal establishment","Aged 60 to 64 years","Male",37
"E08000023","South Tyneside","Lives in a communal establishment","Aged 65 years","Male",6
"E08000023","South Tyneside","Lives in a communal establishment","Aged 66 to 69 years","Male",31
"E08000023","South Tyneside","Lives in a communal establishment","Aged 70 to 74 years","Male",44
"E08000023","South Tyneside","Lives in a communal establishment","Aged 75 to 79 years","Male",60
"E08000023","South Tyneside","Lives in a communal establishment","Aged 80 to 84 years","Male",55
"E08000023","South Tyneside","Lives in a communal establishment","Aged 85 years and over","Male",91
"E08000024","Sunderland","Lives in a communal establishment","Total","Male",1552
"E08000024","Sunderland","Lives in a communal establishment","Aged 2 years and under","Male",2
"E08000024","Sunderland","Lives in a communal establishment","Aged 3 to 4 years","Male",0
"E08000024","Sunderland","Lives in a communal establishment","Aged 5 to 7 years","Male",1
"E08000024","Sunderland","Lives in a communal establishment","Aged 8 to 9 years","Male",2
"E08000024","Sunderland","Lives in a communal establishment","Aged 10 to 14 years","Male",2
"E08000024","Sunderland","Lives in a communal establishment","Aged 15 years","Male",3
"E08000024","Sunderland","Lives in a communal establishment","Aged 16 to 17 years","Male",12
"E08000024","Sunderland","Lives in a communal establishment","Aged 18 to 19 years","Male",215
"E08000024","Sunderland","Lives in a communal establishment","Aged 20 to 24 years","Male",318
"E08000024","Sunderland","Lives in a communal establishment","Aged 25 to 29 years","Male",168
"E08000024","Sunderland","Lives in a communal establishment","Aged 30 to 34 years","Male",92
"E08000024","Sunderland","Lives in a communal establishment","Aged 35 to 39 years","Male",52
"E08000024","Sunderland","Lives in a communal establishment","Aged 40 to 44 years","Male",40
"E08000024","Sunderland","Lives in a communal establishment","Aged 45 to 49 years","Male",34
"E08000024","Sunderland","Lives in a communal establishment","Aged 50 to 54 years","Male",34
"E08000024","Sunderland","Lives in a communal establishment","Aged 55 to 59 years","Male",45
"E08000024","Sunderland","Lives in a communal establishment","Aged 60 to 64 years","Male",47
"E08000024","Sunderland","Lives in a communal establishment","Aged 65 years","Male",15
"E08000024","Sunderland","Lives in a communal establishment","Aged 66 to 69 years","Male",30
"E08000024","Sunderland","Lives in a communal establishment","Aged 70 to 74 years","Male",77
"E08000024","Sunderland","Lives in a communal establishment","Aged 75 to 79 years","Male",78
"E08000024","Sunderland","Lives in a communal establishment","Aged 80 to 84 years","Male",122
"E08000024","Sunderland","Lives in a communal establishment","Aged 85 years and over","Male",163
"E08000037","Gateshead","Lives in a communal establishment","Total","Male",1063
"E08000037","Gateshead","Lives in a communal establishment","Aged 2 years and under","Male",3
"E08000037","Gateshead","Lives in a communal establishment","Aged 3 to 4 years","Male",0
"E08000037","Gateshead","Lives in a communal establishment","Aged 5 to 7 years","Male",0
"E08000037","Gateshead","Lives in a communal establishment","Aged 8 to 9 years","Male",0
"E08000037","Gateshead","Lives in a communal establishment","Aged 10 to 14 years","Male",5
"E08000037","Gateshead","Lives in a communal establishment","Aged 15 years","Male",3
"E08000037","Gateshead","Lives in a communal establishment","Aged 16 to 17 years","Male",6
"E08000037","Gateshead","Lives in a communal establishment","Aged 18 to 19 years","Male",246
"E08000037","Gateshead","Lives in a communal establishment","Aged 20 to 24 years","Male",145
"E08000037","Gateshead","Lives in a communal establishment","Aged 25 to 29 years","Male",19
"E08000037","Gateshead","Lives in a communal establishment","Aged 30 to 34 years","Male",29
"E08000037","Gateshead","Lives in a communal establishment","Aged 35 to 39 years","Male",17
"E08000037","Gateshead","Lives in a communal establishment","Aged 40 to 44 years","Male",11
"E08000037","Gateshead","Lives in a communal establishment","Aged 45 to 49 years","Male",34
"E08000037","Gateshead","Lives in a communal establishment","Aged 50 to 54 years","Male",39
"E08000037","Gateshead","Lives in a communal establishment","Aged 55 to 59 years","Male",33
"E08000037","Gateshead","Lives in a communal establishment","Aged 60 to 64 years","Male",46
"E08000037","Gateshead","Lives in a communal establishment","Aged 65 years","Male",14
"E08000037","Gateshead","Lives in a communal establishment","Aged 66 to 69 years","Male",37
"E08000037","Gateshead","Lives in a communal establishment","Aged 70 to 74 years","Male",61
"E08000037","Gateshead","Lives in a communal establishment","Aged 75 to 79 years","Male",75
"E08000037","Gateshead","Lives in a communal establishment","Aged 80 to 84 years","Male",92
"E08000037","Gateshead","Lives in a communal establishment","Aged 85 years and over","Male",148
"E06000006","Halton","Lives in a communal establishment","Total","Male",405
"E06000006","Halton","Lives in a communal establishment","Aged 2 years and under","Male",0
"E06000006","Halton","Lives in a communal establishment","Aged 3 to 4 years","Male",0
"E06000006","Halton","Lives in a communal establishment","Aged 5 to 7 years","Male",0
"E06000006","Halton","Lives in a communal establishment","Aged 8 to 9 years","Male",0
"E06000006","Halton","Lives in a communal establishment","Aged 10 to 14 years","Male",9
"E06000006","Halton","Lives in a communal establishment","Aged 15 years","Male",3
"E06000006","Halton","Lives in a communal establishment","Aged 16 to 17 years","Male",4
"E06000006","Halton","Lives in a communal establishment","Aged 18 to 19 years","Male",9
"E06000006","Halton","Lives in a communal establishment","Aged 20 to 24 years","Male",46
"E06000006","Halton","Lives in a communal establishment","Aged 25 to 29 years","Male",40
"E06000006","Halton","Lives in a communal establishment","Aged 30 to 34 years","Male",23
"E06000006","Halton","Lives in a communal establishment","Aged 35 to 39 years","Male",20
"E06000006","Halton","Lives in a communal establishment","Aged 40 to 44 years","Male",14
"E06000006","Halton","Lives in a communal establishment","Aged 45 to 49 years","Male",13
"E06000006","Halton","Lives in a communal establishment","Aged 50 to 54 years","Male",17
"E06000006","Halton","Lives in a communal establishment","Aged 55 to 59 years","Male",22
"E06000006","Halton","Lives in a communal establishment","Aged 60 to 64 years","Male",21
"E06000006","Halton","Lives in a communal establishment","Aged 65 years","Male",5
"E06000006","Halton","Lives in a communal establishment","Aged 66 to 69 years","Male",14
"E06000006","Halton","Lives in a communal establishment","Aged 70 to 74 years","Male",34
"E06000006","Halton","Lives in a communal establishment","Aged 75 to 79 years","Male",33
"E06000006","Halton","Lives in a communal establishment","Aged 80 to 84 years","Male",28
"E06000006","Halton","Lives in a communal establishment","Aged 85 years and over","Male",50
"E06000007","Warrington","Lives in a communal establishment","Total","Male",1954
"E06000007","Warrington","Lives in a communal establishment","Aged 2 years and under","Male",1
"E06000007","Warrington","Lives in a communal establishment","Aged 3 to 4 years","Male",1
"E06000007","Warrington","Lives in a communal establishment","Aged 5 to 7 years","Male",0
"E06000007","Warrington","Lives in a communal establishment","Aged 8 to 9 years","Male",1
"E06000007","Warrington","Lives in a communal establishment","Aged 10 to 14 years","Male",3
"E06000007","Warrington","Lives in a communal establishment","Aged 15 years","Male",2
"E06000007","Warrington","Lives in a communal establishment","Aged 16 to 17 years","Male",6
"E06000007","Warrington","Lives in a communal establishment","Aged 18 to 19 years","Male",20
"E06000007","Warrington","Lives in a communal establishment","Aged 20 to 24 years","Male",177
"E06000007","Warrington","Lives in a communal establishment","Aged 25 to 29 years","Male",253
"E06000007","Warrington","Lives in a communal establishment","Aged 30 to 34 years","Male",247
"E06000007","Warrington","Lives in a communal establishment","Aged 35 to 39 years","Male",219
"E06000007","Warrington","Lives in a communal establishment","Aged 40 to 44 years","Male",153
"E06000007","Warrington","Lives in a communal establishment","Aged 45 to 49 years","Male",138
"E06000007","Warrington","Lives in a communal establishment","Aged 50 to 54 years","Male",105
"E06000007","Warrington","Lives in a communal establishment","Aged 55 to 59 years","Male",76
"E06000007","Warrington","Lives in a communal establishment","Aged 60 to 64 years","Male",62
"E06000007","Warrington","Lives in a communal establishment","Aged 65 years","Male",21
"E06000007","Warrington","Lives in a communal establishment","Aged 66 to 69 years","Male",45
"E06000007","Warrington","Lives in a communal establishment","Aged 70 to 74 years","Male",71
"E06000007","Warrington","Lives in a communal establishment","Aged 75 to 79 years","Male",85
"E06000007","Warrington","Lives in a communal establishment","Aged 80 to 84 years","Male",103
"E06000007","Warrington","Lives in a communal establishment","Aged 85 years and over","Male",165
"E06000008","Blackburn with Darwen","Lives in a communal establishment","Total","Male",876
"E06000008","Blackburn with Darwen","Lives in a communal establishment","Aged 2 years and under","Male",6
"E06000008","Blackburn with Darwen","Lives in a communal establishment","Aged 3 to 4 years","Male",0
"E06000008","Blackburn with Darwen","Lives in a communal establishment","Aged 5 to 7 years","Male",0
"E06000008","Blackburn with Darwen","Lives in a communal establishment","Aged 8 to 9 years","Male",0
"E06000008","Blackburn with Darwen","Lives in a communal establishment","Aged 10 to 14 years","Male",9
"E06000008","Blackburn with Darwen","Lives in a communal establishment","Aged 15 years","Male",71
"E06000008","Blackburn with Darwen","Lives in a communal establishment","Aged 16 to 17 years","Male",48
"E06000008","Blackburn with Darwen","Lives in a communal establishment","Aged 18 to 19 years","Male",59
"E06000008","Blackburn with Darwen","Lives in a communal establishment","Aged 20 to 24 years","Male",89
"E06000008","Blackburn with Darwen","Lives in a communal establishment","Aged 25 to 29 years","Male",39
"E06000008","Blackburn with Darwen","Lives in a communal establishment","Aged 30 to 34 years","Male",43
"E06000008","Blackburn with Darwen","Lives in a communal establishment","Aged 35 to 39 years","Male",39
"E06000008","Blackburn with Darwen","Lives in a communal establishment","Aged 40 to 44 years","Male",48
"E06000008","Blackburn with Darwen","Lives in a communal establishment","Aged 45 to 49 years","Male",59
"E06000008","Blackburn with Darwen","Lives in a communal establishment","Aged 50 to 54 years","Male",30
"E06000008","Blackburn with Darwen","Lives in a communal establishment","Aged 55 to 59 years","Male",42
"E06000008","Blackburn with Darwen","Lives in a communal establishment","Aged 60 to 64 years","Male",38
"E06000008","Blackburn with Darwen","Lives in a communal establishment","Aged 65 years","Male",11
"E06000008","Blackburn with Darwen","Lives in a communal establishment","Aged 66 to 69 years","Male",25
"E06000008","Blackburn with Darwen","Lives in a communal establishment","Aged 70 to 74 years","Male",46
"E06000008","Blackburn with Darwen","Lives in a communal establishment","Aged 75 to 79 years","Male",55
"E06000008","Blackburn with Darwen","Lives in a communal establishment","Aged 80 to 84 years","Male",44
"E06000008","Blackburn with Darwen","Lives in a communal establishment","Aged 85 years and over","Male",75
"E06000009","Blackpool","Lives in a communal establishment","Total","Male",1450
"E06000009","Blackpool","Lives in a communal establishment","Aged 2 years and under","Male",2
"E06000009","Blackpool","Lives in a communal establishment","Aged 3 to 4 years","Male",4
"E06000009","Blackpool","Lives in a communal establishment","Aged 5 to 7 years","Male",12
"E06000009","Blackpool","Lives in a communal establishment","Aged 8 to 9 years","Male",6
"E06000009","Blackpool","Lives in a communal establishment","Aged 10 to 14 years","Male",19
"E06000009","Blackpool","Lives in a communal establishment","Aged 15 years","Male",10
"E06000009","Blackpool","Lives in a communal establishment","Aged 16 to 17 years","Male",16
"E06000009","Blackpool","Lives in a communal establishment","Aged 18 to 19 years","Male",26
"E06000009","Blackpool","Lives in a communal establishment","Aged 20 to 24 years","Male",50
"E06000009","Blackpool","Lives in a communal establishment","Aged 25 to 29 years","Male",85
"E06000009","Blackpool","Lives in a communal establishment","Aged 30 to 34 years","Male",48
"E06000009","Blackpool","Lives in a communal establishment","Aged 35 to 39 years","Male",40
"E06000009","Blackpool","Lives in a communal establishment","Aged 40 to 44 years","Male",50
"E06000009","Blackpool","Lives in a communal establishment","Aged 45 to 49 years","Male",86
"E06000009","Blackpool","Lives in a communal establishment","Aged 50 to 54 years","Male",122
"E06000009","Blackpool","Lives in a communal establishment","Aged 55 to 59 years","Male",133
"E06000009","Blackpool","Lives in a communal establishment","Aged 60 to 64 years","Male",139
"E06000009","Blackpool","Lives in a communal establishment","Aged 65 years","Male",29
"E06000009","Blackpool","Lives in a communal establishment","Aged 66 to 69 years","Male",70
"E06000009","Blackpool","Lives in a communal establishment","Aged 70 to 74 years","Male",136
"E06000009","Blackpool","Lives in a communal establishment","Aged 75 to 79 years","Male",125
"E06000009","Blackpool","Lives in a communal establishment","Aged 80 to 84 years","Male",107
"E06000009","Blackpool","Lives in a communal establishment","Aged 85 years and over","Male",135
"E06000049","Cheshire East","Lives in a communal establishment","Total","Male",1389
"E06000049","Cheshire East","Lives in a communal establishment","Aged 2 years and under","Male",2
"E06000049","Cheshire East","Lives in a communal establishment","Aged 3 to 4 years","Male",0
"E06000049","Cheshire East","Lives in a communal establishment","Aged 5 to 7 years","Male",2
"E06000049","Cheshire East","Lives in a communal establishment","Aged 8 to 9 years","Male",0
"E06000049","Cheshire East","Lives in a communal establishment","Aged 10 to 14 years","Male",28
"E06000049","Cheshire East","Lives in a communal establishment","Aged 15 years","Male",8
"E06000049","Cheshire East","Lives in a communal establishment","Aged 16 to 17 years","Male",75
"E06000049","Cheshire East","Lives in a communal establishment","Aged 18 to 19 years","Male",77
"E06000049","Cheshire East","Lives in a communal establishment","Aged 20 to 24 years","Male",110
"E06000049","Cheshire East","Lives in a communal establishment","Aged 25 to 29 years","Male",84
"E06000049","Cheshire East","Lives in a communal establishment","Aged 30 to 34 years","Male",66
"E06000049","Cheshire East","Lives in a communal establishment","Aged 35 to 39 years","Male",42
"E06000049","Cheshire East","Lives in a communal establishment","Aged 40 to 44 years","Male",19
"E06000049","Cheshire East","Lives in a communal establishment","Aged 45 to 49 years","Male",26
"E06000049","Cheshire East","Lives in a communal establishment","Aged 50 to 54 years","Male",30
"E06000049","Cheshire East","Lives in a communal establishment","Aged 55 to 59 years","Male",46
"E06000049","Cheshire East","Lives in a communal establishment","Aged 60 to 64 years","Male",42
"E06000049","Cheshire East","Lives in a communal establishment","Aged 65 years","Male",6
"E06000049","Cheshire East","Lives in a communal establishment","Aged 66 to 69 years","Male",47
"E06000049","Cheshire East","Lives in a communal establishment","Aged 70 to 74 years","Male",84
"E06000049","Cheshire East","Lives in a communal establishment","Aged 75 to 79 years","Male",123
"E06000049","Cheshire East","Lives in a communal establishment","Aged 80 to 84 years","Male",157
"E06000049","Cheshire East","Lives in a communal establishment","Aged 85 years and over","Male",315
"E06000050","Cheshire West and Chester","Lives in a communal establishment","Total","Male",2112
"E06000050","Cheshire West and Chester","Lives in a communal establishment","Aged 2 years and under","Male",0
"E06000050","Cheshire West and Chester","Lives in a communal establishment","Aged 3 to 4 years","Male",0
"E06000050","Cheshire West and Chester","Lives in a communal establishment","Aged 5 to 7 years","Male",2
"E06000050","Cheshire West and Chester","Lives in a communal establishment","Aged 8 to 9 years","Male",0
"E06000050","Cheshire West and Chester","Lives in a communal establishment","Aged 10 to 14 years","Male",21
"E06000050","Cheshire West and Chester","Lives in a communal establishment","Aged 15 years","Male",0
"E06000050","Cheshire West and Chester","Lives in a communal establishment","Aged 16 to 17 years","Male",13
"E06000050","Cheshire West and Chester","Lives in a communal establishment","Aged 18 to 19 years","Male",440
"E06000050","Cheshire West and Chester","Lives in a communal establishment","Aged 20 to 24 years","Male",410
"E06000050","Cheshire West and Chester","Lives in a communal establishment","Aged 25 to 29 years","Male",293
"E06000050","Cheshire West and Chester","Lives in a communal establishment","Aged 30 to 34 years","Male",110
"E06000050","Cheshire West and Chester","Lives in a communal establishment","Aged 35 to 39 years","Male",132
"E06000050","Cheshire West and Chester","Lives in a communal establishment","Aged 40 to 44 years","Male",44
"E06000050","Cheshire West and Chester","Lives in a communal establishment","Aged 45 to 49 years","Male",23
"E06000050","Cheshire West and Chester","Lives in a communal establishment","Aged 50 to 54 years","Male",24
"E06000050","Cheshire West and Chester","Lives in a communal establishment","Aged 55 to 59 years","Male",33
"E06000050","Cheshire West and Chester","Lives in a communal establishment","Aged 60 to 64 years","Male",40
"E06000050","Cheshire West and Chester","Lives in a communal establishment","Aged 65 years","Male",6
"E06000050","Cheshire West and Chester","Lives in a communal establishment","Aged 66 to 69 years","Male",27
"E06000050","Cheshire West and Chester","Lives in a communal establishment","Aged 70 to 74 years","Male",79
"E06000050","Cheshire West and Chester","Lives in a communal establishment","Aged 75 to 79 years","Male",96
"E06000050","Cheshire West and Chester","Lives in a communal establishment","Aged 80 to 84 years","Male",99
"E06000050","Cheshire West and Chester","Lives in a communal establishment","Aged 85 years and over","Male",220
"E06000063","Cumberland","Lives in a communal establishment","Total","Male",1294
"E06000063","Cumberland","Lives in a communal establishment","Aged 2 years and under","Male",0
"E06000063","Cumberland","Lives in a communal establishment","Aged 3 to 4 years","Male",1
"E06000063","Cumberland","Lives in a communal establishment","Aged 5 to 7 years","Male",2
"E06000063","Cumberland","Lives in a communal establishment","Aged 8 to 9 years","Male",3
"E06000063","Cumberland","Lives in a communal establishment","Aged 10 to 14 years","Male",21
"E06000063","Cumberland","Lives in a communal establishment","Aged 15 years","Male",5
"E06000063","Cumberland","Lives in a communal establishment","Aged 16 to 17 years","Male",12
"E06000063","Cumberland","Lives in a communal establishment","Aged 18 to 19 years","Male",73
"E06000063","Cumberland","Lives in a communal establishment","Aged 20 to 24 years","Male",121
"E06000063","Cumberland","Lives in a communal establishment","Aged 25 to 29 years","Male",57
"E06000063","Cumberland","Lives in a communal establishment","Aged 30 to 34 years","Male",61
"E06000063","Cumberland","Lives in a communal establishment","Aged 35 to 39 years","Male",49
"E06000063","Cumberland","Lives in a communal establishment","Aged 40 to 44 years","Male",48
"E06000063","Cumberland","Lives in a communal establishment","Aged 45 to 49 years","Male",64
"E06000063","Cumberland","Lives in a communal establishment","Aged 50 to 54 years","Male",90
"E06000063","Cumberland","Lives in a communal establishment","Aged 55 to 59 years","Male",72
"E06000063","Cumberland","Lives in a communal establishment","Aged 60 to 64 years","Male",87
"E06000063","Cumberland","Lives in a communal establishment","Aged 65 years","Male",16
"E06000063","Cumberland","Lives in a communal establishment","Aged 66 to 69 years","Male",61
"E06000063","Cumberland","Lives in a communal establishment","Aged 70 to 74 years","Male",94
"E06000063","Cumberland","Lives in a communal establishment","Aged 75 to 79 years","Male",71
"E06000063","Cumberland","Lives in a communal establishment","Aged 80 to 84 years","Male",99
"E06000063","Cumberland","Lives in a communal establishment","Aged 85 years and over","Male",187
"E06000064","Westmorland and Furness","Lives in a communal establishment","Total","Male",1644
"E06000064","Westmorland and Furness","Lives in a communal establishment","Aged 2 years and under","Male",2
"E06000064","Westmorland and Furness","Lives in a communal establishment","Aged 3 to 4 years","Male",2
"E06000064","Westmorland and Furness","Lives in a communal establishment","Aged 5 to 7 years","Male",4
"E06000064","Westmorland and Furness","Lives in a communal establishment","Aged 8 to 9 years","Male",12
"E06000064","Westmorland and Furness","Lives in a communal establishment","Aged 10 to 14 years","Male",184
"E06000064","Westmorland and Furness","Lives in a communal establishment","Aged 15 years","Male",92
"E06000064","Westmorland and Furness","Lives in a communal establishment","Aged 16 to 17 years","Male",189
"E06000064","Westmorland and Furness","Lives in a communal establishment","Aged 18 to 19 years","Male",103
"E06000064","Westmorland and Furness","Lives in a communal establishment","Aged 20 to 24 years","Male",128
"E06000064","Westmorland and Furness","Lives in a communal establishment","Aged 25 to 29 years","Male",81
"E06000064","Westmorland and Furness","Lives in a communal establishment","Aged 30 to 34 years","Male",61
"E06000064","Westmorland and Furness","Lives in a communal establishment","Aged 35 to 39 years","Male",46
"E06000064","Westmorland and Furness","Lives in a communal establishment","Aged 40 to 44 years","Male",45
"E06000064","Westmorland and Furness","Lives in a communal establishment","Aged 45 to 49 years","Male",41
"E06000064","Westmorland and Furness","Lives in a communal establishment","Aged 50 to 54 years","Male",48
"E06000064","Westmorland and Furness","Lives in a communal establishment","Aged 55 to 59 years","Male",70
"E06000064","Westmorland and Furness","Lives in a communal establishment","Aged 60 to 64 years","Male",63
"E06000064","Westmorland and Furness","Lives in a communal establishment","Aged 65 years","Male",13
"E06000064","Westmorland and Furness","Lives in a communal establishment","Aged 66 to 69 years","Male",38
"E06000064","Westmorland and Furness","Lives in a communal establishment","Aged 70 to 74 years","Male",62
"E06000064","Westmorland and Furness","Lives in a communal establishment","Aged 75 to 79 years","Male",89
"E06000064","Westmorland and Furness","Lives in a communal establishment","Aged 80 to 84 years","Male",83
"E06000064","Westmorland and Furness","Lives in a communal establishment","Aged 85 years and over","Male",188
"E07000117","Burnley","Lives in a communal establishment","Total","Male",314
"E07000117","Burnley","Lives in a communal establishment","Aged 2 years and under","Male",0
"E07000117","Burnley","Lives in a communal establishment","Aged 3 to 4 years","Male",0
"E07000117","Burnley","Lives in a communal establishment","Aged 5 to 7 years","Male",0
"E07000117","Burnley","Lives in a communal establishment","Aged 8 to 9 years","Male",0
"E07000117","Burnley","Lives in a communal establishment","Aged 10 to 14 years","Male",0
"E07000117","Burnley","Lives in a communal establishment","Aged 15 years","Male",0
"E07000117","Burnley","Lives in a communal establishment","Aged 16 to 17 years","Male",5
"E07000117","Burnley","Lives in a communal establishment","Aged 18 to 19 years","Male",12
"E07000117","Burnley","Lives in a communal establishment","Aged 20 to 24 years","Male",15
"E07000117","Burnley","Lives in a communal establishment","Aged 25 to 29 years","Male",1
"E07000117","Burnley","Lives in a communal establishment","Aged 30 to 34 years","Male",4
"E07000117","Burnley","Lives in a communal establishment","Aged 35 to 39 years","Male",6
"E07000117","Burnley","Lives in a communal establishment","Aged 40 to 44 years","Male",4
"E07000117","Burnley","Lives in a communal establishment","Aged 45 to 49 years","Male",12
"E07000117","Burnley","Lives in a communal establishment","Aged 50 to 54 years","Male",11
"E07000117","Burnley","Lives in a communal establishment","Aged 55 to 59 years","Male",23
"E07000117","Burnley","Lives in a communal establishment","Aged 60 to 64 years","Male",27
"E07000117","Burnley","Lives in a communal establishment","Aged 65 years","Male",4
"E07000117","Burnley","Lives in a communal establishment","Aged 66 to 69 years","Male",23
"E07000117","Burnley","Lives in a communal establishment","Aged 70 to 74 years","Male",34
"E07000117","Burnley","Lives in a communal establishment","Aged 75 to 79 years","Male",36
"E07000117","Burnley","Lives in a communal establishment","Aged 80 to 84 years","Male",37
"E07000117","Burnley","Lives in a communal establishment","Aged 85 years and over","Male",60
"E07000118","Chorley","Lives in a communal establishment","Total","Male",2104
"E07000118","Chorley","Lives in a communal establishment","Aged 2 years and under","Male",1
"E07000118","Chorley","Lives in a communal establishment","Aged 3 to 4 years","Male",0
"E07000118","Chorley","Lives in a communal establishment","Aged 5 to 7 years","Male",0
"E07000118","Chorley","Lives in a communal establishment","Aged 8 to 9 years","Male",0
"E07000118","Chorley","Lives in a communal establishment","Aged 10 to 14 years","Male",1
"E07000118","Chorley","Lives in a communal establishment","Aged 15 years","Male",3
"E07000118","Chorley","Lives in a communal establishment","Aged 16 to 17 years","Male",2
"E07000118","Chorley","Lives in a communal establishment","Aged 18 to 19 years","Male",7
"E07000118","Chorley","Lives in a communal establishment","Aged 20 to 24 years","Male",112
"E07000118","Chorley","Lives in a communal establishment","Aged 25 to 29 years","Male",270
"E07000118","Chorley","Lives in a communal establishment","Aged 30 to 34 years","Male",311
"E07000118","Chorley","Lives in a communal establishment","Aged 35 to 39 years","Male",286
"E07000118","Chorley","Lives in a communal establishment","Aged 40 to 44 years","Male",201
"E07000118","Chorley","Lives in a communal establishment","Aged 45 to 49 years","Male",152
"E07000118","Chorley","Lives in a communal establishment","Aged 50 to 54 years","Male",166
"E07000118","Chorley","Lives in a communal establishment","Aged 55 to 59 years","Male",114
"E07000118","Chorley","Lives in a communal establishment","Aged 60 to 64 years","Male",90
"E07000118","Chorley","Lives in a communal establishment","Aged 65 years","Male",12
"E07000118","Chorley","Lives in a communal establishment","Aged 66 to 69 years","Male",66
"E07000118","Chorley","Lives in a communal establishment","Aged 70 to 74 years","Male",86
"E07000118","Chorley","Lives in a communal establishment","Aged 75 to 79 years","Male",74
"E07000118","Chorley","Lives in a communal establishment","Aged 80 to 84 years","Male",57
"E07000118","Chorley","Lives in a communal establishment","Aged 85 years and over","Male",93
"E07000119","Fylde","Lives in a communal establishment","Total","Male",925
"E07000119","Fylde","Lives in a communal establishment","Aged 2 years and under","Male",0
"E07000119","Fylde","Lives in a communal establishment","Aged 3 to 4 years","Male",0
"E07000119","Fylde","Lives in a communal establishment","Aged 5 to 7 years","Male",0
"E07000119","Fylde","Lives in a communal establishment","Aged 8 to 9 years","Male",1
"E07000119","Fylde","Lives in a communal establishment","Aged 10 to 14 years","Male",8
"E07000119","Fylde","Lives in a communal establishment","Aged 15 years","Male",7
"E07000119","Fylde","Lives in a communal establishment","Aged 16 to 17 years","Male",24
"E07000119","Fylde","Lives in a communal establishment","Aged 18 to 19 years","Male",35
"E07000119","Fylde","Lives in a communal establishment","Aged 20 to 24 years","Male",29
"E07000119","Fylde","Lives in a communal establishment","Aged 25 to 29 years","Male",107
"E07000119","Fylde","Lives in a communal establishment","Aged 30 to 34 years","Male",101
"E07000119","Fylde","Lives in a communal establishment","Aged 35 to 39 years","Male",103
"E07000119","Fylde","Lives in a communal establishment","Aged 40 to 44 years","Male",72
"E07000119","Fylde","Lives in a communal establishment","Aged 45 to 49 years","Male",53
"E07000119","Fylde","Lives in a communal establishment","Aged 50 to 54 years","Male",37
"E07000119","Fylde","Lives in a communal establishment","Aged 55 to 59 years","Male",42
"E07000119","Fylde","Lives in a communal establishment","Aged 60 to 64 years","Male",31
"E07000119","Fylde","Lives in a communal establishment","Aged 65 years","Male",3
"E07000119","Fylde","Lives in a communal establishment","Aged 66 to 69 years","Male",23
"E07000119","Fylde","Lives in a communal establishment","Aged 70 to 74 years","Male",39
"E07000119","Fylde","Lives in a communal establishment","Aged 75 to 79 years","Male",47
"E07000119","Fylde","Lives in a communal establishment","Aged 80 to 84 years","Male",44
"E07000119","Fylde","Lives in a communal establishment","Aged 85 years and over","Male",119
"E07000120","Hyndburn","Lives in a communal establishment","Total","Male",298
"E07000120","Hyndburn","Lives in a communal establishment","Aged 2 years and under","Male",0
"E07000120","Hyndburn","Lives in a communal establishment","Aged 3 to 4 years","Male",0
"E07000120","Hyndburn","Lives in a communal establishment","Aged 5 to 7 years","Male",0
"E07000120","Hyndburn","Lives in a communal establishment","Aged 8 to 9 years","Male",0
"E07000120","Hyndburn","Lives in a communal establishment","Aged 10 to 14 years","Male",0
"E07000120","Hyndburn","Lives in a communal establishment","Aged 15 years","Male",0
"E07000120","Hyndburn","Lives in a communal establishment","Aged 16 to 17 years","Male",10
"E07000120","Hyndburn","Lives in a communal establishment","Aged 18 to 19 years","Male",8
"E07000120","Hyndburn","Lives in a communal establishment","Aged 20 to 24 years","Male",4
"E07000120","Hyndburn","Lives in a communal establishment","Aged 25 to 29 years","Male",5
"E07000120","Hyndburn","Lives in a communal establishment","Aged 30 to 34 years","Male",22
"E07000120","Hyndburn","Lives in a communal establishment","Aged 35 to 39 years","Male",9
"E07000120","Hyndburn","Lives in a communal establishment","Aged 40 to 44 years","Male",24
"E07000120","Hyndburn","Lives in a communal establishment","Aged 45 to 49 years","Male",12
"E07000120","Hyndburn","Lives in a communal establishment","Aged 50 to 54 years","Male",19
"E07000120","Hyndburn","Lives in a communal establishment","Aged 55 to 59 years","Male",8
"E07000120","Hyndburn","Lives in a communal establishment","Aged 60 to 64 years","Male",12
"E07000120","Hyndburn","Lives in a communal establishment","Aged 65 years","Male",7
"E07000120","Hyndburn","Lives in a communal establishment","Aged 66 to 69 years","Male",24
"E07000120","Hyndburn","Lives in a communal establishment","Aged 70 to 74 years","Male",30
"E07000120","Hyndburn","Lives in a communal establishment","Aged 75 to 79 years","Male",29
"E07000120","Hyndburn","Lives in a communal establishment","Aged 80 to 84 years","Male",28
"E07000120","Hyndburn","Lives in a communal establishment","Aged 85 years and over","Male",47
"E07000121","Lancaster","Lives in a communal establishment","Total","Male",4076
"E07000121","Lancaster","Lives in a communal establishment","Aged 2 years and under","Male",0
"E07000121","Lancaster","Lives in a communal establishment","Aged 3 to 4 years","Male",3
"E07000121","Lancaster","Lives in a communal establishment","Aged 5 to 7 years","Male",4
"E07000121","Lancaster","Lives in a communal establishment","Aged 8 to 9 years","Male",2
"E07000121","Lancaster","Lives in a communal establishment","Aged 10 to 14 years","Male",92
"E07000121","Lancaster","Lives in a communal establishment","Aged 15 years","Male",28
"E07000121","Lancaster","Lives in a communal establishment","Aged 16 to 17 years","Male",59
"E07000121","Lancaster","Lives in a communal establishment","Aged 18 to 19 years","Male",1573
"E07000121","Lancaster","Lives in a communal establishment","Aged 20 to 24 years","Male",1270
"E07000121","Lancaster","Lives in a communal establishment","Aged 25 to 29 years","Male",232
"E07000121","Lancaster","Lives in a communal establishment","Aged 30 to 34 years","Male",151
"E07000121","Lancaster","Lives in a communal establishment","Aged 35 to 39 years","Male",113
"E07000121","Lancaster","Lives in a communal establishment","Aged 40 to 44 years","Male",68
"E07000121","Lancaster","Lives in a communal establishment","Aged 45 to 49 years","Male",52
"E07000121","Lancaster","Lives in a communal establishment","Aged 50 to 54 years","Male",38
"E07000121","Lancaster","Lives in a communal establishment","Aged 55 to 59 years","Male",41
"E07000121","Lancaster","Lives in a communal establishment","Aged 60 to 64 years","Male",27
"E07000121","Lancaster","Lives in a communal establishment","Aged 65 years","Male",4
"E07000121","Lancaster","Lives in a communal establishment","Aged 66 to 69 years","Male",23
"E07000121","Lancaster","Lives in a communal establishment","Aged 70 to 74 years","Male",53
"E07000121","Lancaster","Lives in a communal establishment","Aged 75 to 79 years","Male",74
"E07000121","Lancaster","Lives in a communal establishment","Aged 80 to 84 years","Male",45
"E07000121","Lancaster","Lives in a communal establishment","Aged 85 years and over","Male",124
"E07000122","Pendle","Lives in a communal establishment","Total","Male",196
"E07000122","Pendle","Lives in a communal establishment","Aged 2 years and under","Male",0
"E07000122","Pendle","Lives in a communal establishment","Aged 3 to 4 years","Male",0
"E07000122","Pendle","Lives in a communal establishment","Aged 5 to 7 years","Male",0
"E07000122","Pendle","Lives in a communal establishment","Aged 8 to 9 years","Male",0
"E07000122","Pendle","Lives in a communal establishment","Aged 10 to 14 years","Male",0
"E07000122","Pendle","Lives in a communal establishment","Aged 15 years","Male",2
"E07000122","Pendle","Lives in a communal establishment","Aged 16 to 17 years","Male",0
"E07000122","Pendle","Lives in a communal establishment","Aged 18 to 19 years","Male",0
"E07000122","Pendle","Lives in a communal establishment","Aged 20 to 24 years","Male",1
"E07000122","Pendle","Lives in a communal establishment","Aged 25 to 29 years","Male",2
"E07000122","Pendle","Lives in a communal establishment","Aged 30 to 34 years","Male",1
"E07000122","Pendle","Lives in a communal establishment","Aged 35 to 39 years","Male",5
"E07000122","Pendle","Lives in a communal establishment","Aged 40 to 44 years","Male",4
"E07000122","Pendle","Lives in a communal establishment","Aged 45 to 49 years","Male",0
"E07000122","Pendle","Lives in a communal establishment","Aged 50 to 54 years","Male",4
"E07000122","Pendle","Lives in a communal establishment","Aged 55 to 59 years","Male",12
"E07000122","Pendle","Lives in a communal establishment","Aged 60 to 64 years","Male",10
"E07000122","Pendle","Lives in a communal establishment","Aged 65 years","Male",5
"E07000122","Pendle","Lives in a communal establishment","Aged 66 to 69 years","Male",8
"E07000122","Pendle","Lives in a communal establishment","Aged 70 to 74 years","Male",28
"E07000122","Pendle","Lives in a communal establishment","Aged 75 to 79 years","Male",29
"E07000122","Pendle","Lives in a communal establishment","Aged 80 to 84 years","Male",24
"E07000122","Pendle","Lives in a communal establishment","Aged 85 years and over","Male",61
"E07000123","Preston","Lives in a communal establishment","Total","Male",3053
"E07000123","Preston","Lives in a communal establishment","Aged 2 years and under","Male",6
"E07000123","Preston","Lives in a communal establishment","Aged 3 to 4 years","Male",4
"E07000123","Preston","Lives in a communal establishment","Aged 5 to 7 years","Male",4
"E07000123","Preston","Lives in a communal establishment","Aged 8 to 9 years","Male",3
"E07000123","Preston","Lives in a communal establishment","Aged 10 to 14 years","Male",7
"E07000123","Preston","Lives in a communal establishment","Aged 15 years","Male",51
"E07000123","Preston","Lives in a communal establishment","Aged 16 to 17 years","Male",27
"E07000123","Preston","Lives in a communal establishment","Aged 18 to 19 years","Male",593
"E07000123","Preston","Lives in a communal establishment","Aged 20 to 24 years","Male",1109
"E07000123","Preston","Lives in a communal establishment","Aged 25 to 29 years","Male",299
"E07000123","Preston","Lives in a communal establishment","Aged 30 to 34 years","Male",141
"E07000123","Preston","Lives in a communal establishment","Aged 35 to 39 years","Male",127
"E07000123","Preston","Lives in a communal establishment","Aged 40 to 44 years","Male",87
"E07000123","Preston","Lives in a communal establishment","Aged 45 to 49 years","Male",82
"E07000123","Preston","Lives in a communal establishment","Aged 50 to 54 years","Male",69
"E07000123","Preston","Lives in a communal establishment","Aged 55 to 59 years","Male",55
"E07000123","Preston","Lives in a communal establishment","Aged 60 to 64 years","Male",41
"E07000123","Preston","Lives in a communal establishment","Aged 65 years","Male",11
"E07000123","Preston","Lives in a communal establishment","Aged 66 to 69 years","Male",27
"E07000123","Preston","Lives in a communal establishment","Aged 70 to 74 years","Male",62
"E07000123","Preston","Lives in a communal establishment","Aged 75 to 79 years","Male",71
"E07000123","Preston","Lives in a communal establishment","Aged 80 to 84 years","Male",57
"E07000123","Preston","Lives in a communal establishment","Aged 85 years and over","Male",120
"E07000124","Ribble Valley","Lives in a communal establishment","Total","Male",496
"E07000124","Ribble Valley","Lives in a communal establishment","Aged 2 years and under","Male",0
"E07000124","Ribble Valley","Lives in a communal establishment","Aged 3 to 4 years","Male",0
"E07000124","Ribble Valley","Lives in a communal establishment","Aged 5 to 7 years","Male",0
"E07000124","Ribble Valley","Lives in a communal establishment","Aged 8 to 9 years","Male",2
"E07000124","Ribble Valley","Lives in a communal establishment","Aged 10 to 14 years","Male",81
"E07000124","Ribble Valley","Lives in a communal establishment","Aged 15 years","Male",21
"E07000124","Ribble Valley","Lives in a communal establishment","Aged 16 to 17 years","Male",60
"E07000124","Ribble Valley","Lives in a communal establishment","Aged 18 to 19 years","Male",15
"E07000124","Ribble Valley","Lives in a communal establishment","Aged 20 to 24 years","Male",7
"E07000124","Ribble Valley","Lives in a communal establishment","Aged 25 to 29 years","Male",17
"E07000124","Ribble Valley","Lives in a communal establishment","Aged 30 to 34 years","Male",15
"E07000124","Ribble Valley","Lives in a communal establishment","Aged 35 to 39 years","Male",31
"E07000124","Ribble Valley","Lives in a communal establishment","Aged 40 to 44 years","Male",17
"E07000124","Ribble Valley","Lives in a communal establishment","Aged 45 to 49 years","Male",10
"E07000124","Ribble Valley","Lives in a communal establishment","Aged 50 to 54 years","Male",23
"E07000124","Ribble Valley","Lives in a communal establishment","Aged 55 to 59 years","Male",19
"E07000124","Ribble Valley","Lives in a communal establishment","Aged 60 to 64 years","Male",18
"E07000124","Ribble Valley","Lives in a communal establishment","Aged 65 years","Male",2
"E07000124","Ribble Valley","Lives in a communal establishment","Aged 66 to 69 years","Male",23
"E07000124","Ribble Valley","Lives in a communal establishment","Aged 70 to 74 years","Male",18
"E07000124","Ribble Valley","Lives in a communal establishment","Aged 75 to 79 years","Male",24
"E07000124","Ribble Valley","Lives in a communal establishment","Aged 80 to 84 years","Male",26
"E07000124","Ribble Valley","Lives in a communal establishment","Aged 85 years and over","Male",67
"E07000125","Rossendale","Lives in a communal establishment","Total","Male",308
"E07000125","Rossendale","Lives in a communal establishment","Aged 2 years and under","Male",0
"E07000125","Rossendale","Lives in a communal establishment","Aged 3 to 4 years","Male",0
"E07000125","Rossendale","Lives in a communal establishment","Aged 5 to 7 years","Male",0
"E07000125","Rossendale","Lives in a communal establishment","Aged 8 to 9 years","Male",1
"E07000125","Rossendale","Lives in a communal establishment","Aged 10 to 14 years","Male",6
"E07000125","Rossendale","Lives in a communal establishment","Aged 15 years","Male",1
"E07000125","Rossendale","Lives in a communal establishment","Aged 16 to 17 years","Male",3
"E07000125","Rossendale","Lives in a communal establishment","Aged 18 to 19 years","Male",0
"E07000125","Rossendale","Lives in a communal establishment","Aged 20 to 24 years","Male",6
"E07000125","Rossendale","Lives in a communal establishment","Aged 25 to 29 years","Male",6
"E07000125","Rossendale","Lives in a communal establishment","Aged 30 to 34 years","Male",4
"E07000125","Rossendale","Lives in a communal establishment","Aged 35 to 39 years","Male",6
"E07000125","Rossendale","Lives in a communal establishment","Aged 40 to 44 years","Male",13
"E07000125","Rossendale","Lives in a communal establishment","Aged 45 to 49 years","Male",13
"E07000125","Rossendale","Lives in a communal establishment","Aged 50 to 54 years","Male",16
"E07000125","Rossendale","Lives in a communal establishment","Aged 55 to 59 years","Male",19
"E07000125","Rossendale","Lives in a communal establishment","Aged 60 to 64 years","Male",28
"E07000125","Rossendale","Lives in a communal establishment","Aged 65 years","Male",0
"E07000125","Rossendale","Lives in a communal establishment","Aged 66 to 69 years","Male",13
"E07000125","Rossendale","Lives in a communal establishment","Aged 70 to 74 years","Male",37
"E07000125","Rossendale","Lives in a communal establishment","Aged 75 to 79 years","Male",33
"E07000125","Rossendale","Lives in a communal establishment","Aged 80 to 84 years","Male",38
"E07000125","Rossendale","Lives in a communal establishment","Aged 85 years and over","Male",65
"E07000126","South Ribble","Lives in a communal establishment","Total","Male",332
"E07000126","South Ribble","Lives in a communal establishment","Aged 2 years and under","Male",0
"E07000126","South Ribble","Lives in a communal establishment","Aged 3 to 4 years","Male",0
"E07000126","South Ribble","Lives in a communal establishment","Aged 5 to 7 years","Male",0
"E07000126","South Ribble","Lives in a communal establishment","Aged 8 to 9 years","Male",1
"E07000126","South Ribble","Lives in a communal establishment","Aged 10 to 14 years","Male",6
"E07000126","South Ribble","Lives in a communal establishment","Aged 15 years","Male",5
"E07000126","South Ribble","Lives in a communal establishment","Aged 16 to 17 years","Male",8
"E07000126","South Ribble","Lives in a communal establishment","Aged 18 to 19 years","Male",8
"E07000126","South Ribble","Lives in a communal establishment","Aged 20 to 24 years","Male",16
"E07000126","South Ribble","Lives in a communal establishment","Aged 25 to 29 years","Male",29
"E07000126","South Ribble","Lives in a communal establishment","Aged 30 to 34 years","Male",24
"E07000126","South Ribble","Lives in a communal establishment","Aged 35 to 39 years","Male",24
"E07000126","South Ribble","Lives in a communal establishment","Aged 40 to 44 years","Male",19
"E07000126","South Ribble","Lives in a communal establishment","Aged 45 to 49 years","Male",22
"E07000126","South Ribble","Lives in a communal establishment","Aged 50 to 54 years","Male",15
"E07000126","South Ribble","Lives in a communal establishment","Aged 55 to 59 years","Male",17
"E07000126","South Ribble","Lives in a communal establishment","Aged 60 to 64 years","Male",25
"E07000126","South Ribble","Lives in a communal establishment","Aged 65 years","Male",3
"E07000126","South Ribble","Lives in a communal establishment","Aged 66 to 69 years","Male",7
"E07000126","South Ribble","Lives in a communal establishment","Aged 70 to 74 years","Male",9
"E07000126","South Ribble","Lives in a communal establishment","Aged 75 to 79 years","Male",13
"E07000126","South Ribble","Lives in a communal establishment","Aged 80 to 84 years","Male",24
"E07000126","South Ribble","Lives in a communal establishment","Aged 85 years and over","Male",57
"E07000127","West Lancashire","Lives in a communal establishment","Total","Male",1436
"E07000127","West Lancashire","Lives in a communal establishment","Aged 2 years and under","Male",0
"E07000127","West Lancashire","Lives in a communal establishment","Aged 3 to 4 years","Male",0
"E07000127","West Lancashire","Lives in a communal establishment","Aged 5 to 7 years","Male",0
"E07000127","West Lancashire","Lives in a communal establishment","Aged 8 to 9 years","Male",0
"E07000127","West Lancashire","Lives in a communal establishment","Aged 10 to 14 years","Male",4
"E07000127","West Lancashire","Lives in a communal establishment","Aged 15 years","Male",3
"E07000127","West Lancashire","Lives in a communal establishment","Aged 16 to 17 years","Male",5
"E07000127","West Lancashire","Lives in a communal establishment","Aged 18 to 19 years","Male",700
"E07000127","West Lancashire","Lives in a communal establishment","Aged 20 to 24 years","Male",379
"E07000127","West Lancashire","Lives in a communal establishment","Aged 25 to 29 years","Male",21
"E07000127","West Lancashire","Lives in a communal establishment","Aged 30 to 34 years","Male",9
"E07000127","West Lancashire","Lives in a communal establishment","Aged 35 to 39 years","Male",5
"E07000127","West Lancashire","Lives in a communal establishment","Aged 40 to 44 years","Male",2
"E07000127","West Lancashire","Lives in a communal establishment","Aged 45 to 49 years","Male",3
"E07000127","West Lancashire","Lives in a communal establishment","Aged 50 to 54 years","Male",9
"E07000127","West Lancashire","Lives in a communal establishment","Aged 55 to 59 years","Male",16
"E07000127","West Lancashire","Lives in a communal establishment","Aged 60 to 64 years","Male",8
"E07000127","West Lancashire","Lives in a communal establishment","Aged 65 years","Male",4
"E07000127","West Lancashire","Lives in a communal establishment","Aged 66 to 69 years","Male",15
"E07000127","West Lancashire","Lives in a communal establishment","Aged 70 to 74 years","Male",28
"E07000127","West Lancashire","Lives in a communal establishment","Aged 75 to 79 years","Male",47
"E07000127","West Lancashire","Lives in a communal establishment","Aged 80 to 84 years","Male",63
"E07000127","West Lancashire","Lives in a communal establishment","Aged 85 years and over","Male",115
"E07000128","Wyre","Lives in a communal establishment","Total","Male",735
"E07000128","Wyre","Lives in a communal establishment","Aged 2 years and under","Male",3
"E07000128","Wyre","Lives in a communal establishment","Aged 3 to 4 years","Male",2
"E07000128","Wyre","Lives in a communal establishment","Aged 5 to 7 years","Male",2
"E07000128","Wyre","Lives in a communal establishment","Aged 8 to 9 years","Male",4
"E07000128","Wyre","Lives in a communal establishment","Aged 10 to 14 years","Male",29
"E07000128","Wyre","Lives in a communal establishment","Aged 15 years","Male",17
"E07000128","Wyre","Lives in a communal establishment","Aged 16 to 17 years","Male",142
"E07000128","Wyre","Lives in a communal establishment","Aged 18 to 19 years","Male",97
"E07000128","Wyre","Lives in a communal establishment","Aged 20 to 24 years","Male",56
"E07000128","Wyre","Lives in a communal establishment","Aged 25 to 29 years","Male",10
"E07000128","Wyre","Lives in a communal establishment","Aged 30 to 34 years","Male",11
"E07000128","Wyre","Lives in a communal establishment","Aged 35 to 39 years","Male",2
"E07000128","Wyre","Lives in a communal establishment","Aged 40 to 44 years","Male",13
"E07000128","Wyre","Lives in a communal establishment","Aged 45 to 49 years","Male",8
"E07000128","Wyre","Lives in a communal establishment","Aged 50 to 54 years","Male",10
"E07000128","Wyre","Lives in a communal establishment","Aged 55 to 59 years","Male",14
"E07000128","Wyre","Lives in a communal establishment","Aged 60 to 64 years","Male",13
"E07000128","Wyre","Lives in a communal establishment","Aged 65 years","Male",8
"E07000128","Wyre","Lives in a communal establishment","Aged 66 to 69 years","Male",14
"E07000128","Wyre","Lives in a communal establishment","Aged 70 to 74 years","Male",43
"E07000128","Wyre","Lives in a communal establishment","Aged 75 to 79 years","Male",45
"E07000128","Wyre","Lives in a communal establishment","Aged 80 to 84 years","Male",65
"E07000128","Wyre","Lives in a communal establishment","Aged 85 years and over","Male",127
"E08000001","Bolton","Lives in a communal establishment","Total","Male",968
"E08000001","Bolton","Lives in a communal establishment","Aged 2 years and under","Male",2
"E08000001","Bolton","Lives in a communal establishment","Aged 3 to 4 years","Male",0
"E08000001","Bolton","Lives in a communal establishment","Aged 5 to 7 years","Male",0
"E08000001","Bolton","Lives in a communal establishment","Aged 8 to 9 years","Male",2
"E08000001","Bolton","Lives in a communal establishment","Aged 10 to 14 years","Male",41
"E08000001","Bolton","Lives in a communal establishment","Aged 15 years","Male",12
"E08000001","Bolton","Lives in a communal establishment","Aged 16 to 17 years","Male",25
"E08000001","Bolton","Lives in a communal establishment","Aged 18 to 19 years","Male",69
"E08000001","Bolton","Lives in a communal establishment","Aged 20 to 24 years","Male",147
"E08000001","Bolton","Lives in a communal establishment","Aged 25 to 29 years","Male",39
"E08000001","Bolton","Lives in a communal establishment","Aged 30 to 34 years","Male",27
"E08000001","Bolton","Lives in a communal establishment","Aged 35 to 39 years","Male",23
"E08000001","Bolton","Lives in a communal establishment","Aged 40 to 44 years","Male",25
"E08000001","Bolton","Lives in a communal establishment","Aged 45 to 49 years","Male",24
"E08000001","Bolton","Lives in a communal establishment","Aged 50 to 54 years","Male",46
"E08000001","Bolton","Lives in a communal establishment","Aged 55 to 59 years","Male",33
"E08000001","Bolton","Lives in a communal establishment","Aged 60 to 64 years","Male",53
"E08000001","Bolton","Lives in a communal establishment","Aged 65 years","Male",8
"E08000001","Bolton","Lives in a communal establishment","Aged 66 to 69 years","Male",39
"E08000001","Bolton","Lives in a communal establishment","Aged 70 to 74 years","Male",35
"E08000001","Bolton","Lives in a communal establishment","Aged 75 to 79 years","Male",83
"E08000001","Bolton","Lives in a communal establishment","Aged 80 to 84 years","Male",87
"E08000001","Bolton","Lives in a communal establishment","Aged 85 years and over","Male",148
"E08000002","Bury","Lives in a communal establishment","Total","Male",894
"E08000002","Bury","Lives in a communal establishment","Aged 2 years and under","Male",1
"E08000002","Bury","Lives in a communal establishment","Aged 3 to 4 years","Male",0
"E08000002","Bury","Lives in a communal establishment","Aged 5 to 7 years","Male",0
"E08000002","Bury","Lives in a communal establishment","Aged 8 to 9 years","Male",2
"E08000002","Bury","Lives in a communal establishment","Aged 10 to 14 years","Male",8
"E08000002","Bury","Lives in a communal establishment","Aged 15 years","Male",80
"E08000002","Bury","Lives in a communal establishment","Aged 16 to 17 years","Male",40
"E08000002","Bury","Lives in a communal establishment","Aged 18 to 19 years","Male",41
"E08000002","Bury","Lives in a communal establishment","Aged 20 to 24 years","Male",61
"E08000002","Bury","Lives in a communal establishment","Aged 25 to 29 years","Male",34
"E08000002","Bury","Lives in a communal establishment","Aged 30 to 34 years","Male",36
"E08000002","Bury","Lives in a communal establishment","Aged 35 to 39 years","Male",37
"E08000002","Bury","Lives in a communal establishment","Aged 40 to 44 years","Male",23
"E08000002","Bury","Lives in a communal establishment","Aged 45 to 49 years","Male",28
"E08000002","Bury","Lives in a communal establishment","Aged 50 to 54 years","Male",50
"E08000002","Bury","Lives in a communal establishment","Aged 55 to 59 years","Male",67
"E08000002","Bury","Lives in a communal establishment","Aged 60 to 64 years","Male",46
"E08000002","Bury","Lives in a communal establishment","Aged 65 years","Male",11
"E08000002","Bury","Lives in a communal establishment","Aged 66 to 69 years","Male",28
"E08000002","Bury","Lives in a communal establishment","Aged 70 to 74 years","Male",72
"E08000002","Bury","Lives in a communal establishment","Aged 75 to 79 years","Male",60
"E08000002","Bury","Lives in a communal establishment","Aged 80 to 84 years","Male",52
"E08000002","Bury","Lives in a communal establishment","Aged 85 years and over","Male",117
"E08000003","Manchester","Lives in a communal establishment","Total","Male",10509
"E08000003","Manchester","Lives in a communal establishment","Aged 2 years and under","Male",0
"E08000003","Manchester","Lives in a communal establishment","Aged 3 to 4 years","Male",1
"E08000003","Manchester","Lives in a communal establishment","Aged 5 to 7 years","Male",3
"E08000003","Manchester","Lives in a communal establishment","Aged 8 to 9 years","Male",2
"E08000003","Manchester","Lives in a communal establishment","Aged 10 to 14 years","Male",33
"E08000003","Manchester","Lives in a communal establishment","Aged 15 years","Male",16
"E08000003","Manchester","Lives in a communal establishment","Aged 16 to 17 years","Male",98
"E08000003","Manchester","Lives in a communal establishment","Aged 18 to 19 years","Male",4192
"E08000003","Manchester","Lives in a communal establishment","Aged 20 to 24 years","Male",3260
"E08000003","Manchester","Lives in a communal establishment","Aged 25 to 29 years","Male",700
"E08000003","Manchester","Lives in a communal establishment","Aged 30 to 34 years","Male",403
"E08000003","Manchester","Lives in a communal establishment","Aged 35 to 39 years","Male",240
"E08000003","Manchester","Lives in a communal establishment","Aged 40 to 44 years","Male",215
"E08000003","Manchester","Lives in a communal establishment","Aged 45 to 49 years","Male",173
"E08000003","Manchester","Lives in a communal establishment","Aged 50 to 54 years","Male",174
"E08000003","Manchester","Lives in a communal establishment","Aged 55 to 59 years","Male",166
"E08000003","Manchester","Lives in a communal establishment","Aged 60 to 64 years","Male",162
"E08000003","Manchester","Lives in a communal establishment","Aged 65 years","Male",24
"E08000003","Manchester","Lives in a communal establishment","Aged 66 to 69 years","Male",89
"E08000003","Manchester","Lives in a communal establishment","Aged 70 to 74 years","Male",150
"E08000003","Manchester","Lives in a communal establishment","Aged 75 to 79 years","Male",115
"E08000003","Manchester","Lives in a communal establishment","Aged 80 to 84 years","Male",126
"E08000003","Manchester","Lives in a communal establishment","Aged 85 years and over","Male",167
"E08000004","Oldham","Lives in a communal establishment","Total","Male",575
"E08000004","Oldham","Lives in a communal establishment","Aged 2 years and under","Male",4
"E08000004","Oldham","Lives in a communal establishment","Aged 3 to 4 years","Male",5
"E08000004","Oldham","Lives in a communal establishment","Aged 5 to 7 years","Male",1
"E08000004","Oldham","Lives in a communal establishment","Aged 8 to 9 years","Male",0
"E08000004","Oldham","Lives in a communal establishment","Aged 10 to 14 years","Male",2
"E08000004","Oldham","Lives in a communal establishment","Aged 15 years","Male",2
"E08000004","Oldham","Lives in a communal establishment","Aged 16 to 17 years","Male",6
"E08000004","Oldham","Lives in a communal establishment","Aged 18 to 19 years","Male",0
"E08000004","Oldham","Lives in a communal establishment","Aged 20 to 24 years","Male",7
"E08000004","Oldham","Lives in a communal establishment","Aged 25 to 29 years","Male",10
"E08000004","Oldham","Lives in a communal establishment","Aged 30 to 34 years","Male",28
"E08000004","Oldham","Lives in a communal establishment","Aged 35 to 39 years","Male",21
"E08000004","Oldham","Lives in a communal establishment","Aged 40 to 44 years","Male",16
"E08000004","Oldham","Lives in a communal establishment","Aged 45 to 49 years","Male",25
"E08000004","Oldham","Lives in a communal establishment","Aged 50 to 54 years","Male",29
"E08000004","Oldham","Lives in a communal establishment","Aged 55 to 59 years","Male",31
"E08000004","Oldham","Lives in a communal establishment","Aged 60 to 64 years","Male",39
"E08000004","Oldham","Lives in a communal establishment","Aged 65 years","Male",7
"E08000004","Oldham","Lives in a communal establishment","Aged 66 to 69 years","Male",35
"E08000004","Oldham","Lives in a communal establishment","Aged 70 to 74 years","Male",56
"E08000004","Oldham","Lives in a communal establishment","Aged 75 to 79 years","Male",62
"E08000004","Oldham","Lives in a communal establishment","Aged 80 to 84 years","Male",76
"E08000004","Oldham","Lives in a communal establishment","Aged 85 years and over","Male",113
"E08000005","Rochdale","Lives in a communal establishment","Total","Male",1051
"E08000005","Rochdale","Lives in a communal establishment","Aged 2 years and under","Male",0
"E08000005","Rochdale","Lives in a communal establishment","Aged 3 to 4 years","Male",0
"E08000005","Rochdale","Lives in a communal establishment","Aged 5 to 7 years","Male",0
"E08000005","Rochdale","Lives in a communal establishment","Aged 8 to 9 years","Male",0
"E08000005","Rochdale","Lives in a communal establishment","Aged 10 to 14 years","Male",3
"E08000005","Rochdale","Lives in a communal establishment","Aged 15 years","Male",1
"E08000005","Rochdale","Lives in a communal establishment","Aged 16 to 17 years","Male",7
"E08000005","Rochdale","Lives in a communal establishment","Aged 18 to 19 years","Male",2
"E08000005","Rochdale","Lives in a communal establishment","Aged 20 to 24 years","Male",32
"E08000005","Rochdale","Lives in a communal establishment","Aged 25 to 29 years","Male",91
"E08000005","Rochdale","Lives in a communal establishment","Aged 30 to 34 years","Male",130
"E08000005","Rochdale","Lives in a communal establishment","Aged 35 to 39 years","Male",89
"E08000005","Rochdale","Lives in a communal establishment","Aged 40 to 44 years","Male",69
"E08000005","Rochdale","Lives in a communal establishment","Aged 45 to 49 years","Male",63
"E08000005","Rochdale","Lives in a communal establishment","Aged 50 to 54 years","Male",67
"E08000005","Rochdale","Lives in a communal establishment","Aged 55 to 59 years","Male",75
"E08000005","Rochdale","Lives in a communal establishment","Aged 60 to 64 years","Male",53
"E08000005","Rochdale","Lives in a communal establishment","Aged 65 years","Male",9
"E08000005","Rochdale","Lives in a communal establishment","Aged 66 to 69 years","Male",39
"E08000005","Rochdale","Lives in a communal establishment","Aged 70 to 74 years","Male",65
"E08000005","Rochdale","Lives in a communal establishment","Aged 75 to 79 years","Male",93
"E08000005","Rochdale","Lives in a communal establishment","Aged 80 to 84 years","Male",55
"E08000005","Rochdale","Lives in a communal establishment","Aged 85 years and over","Male",108
"E08000006","Salford","Lives in a communal establishment","Total","Male",3156
"E08000006","Salford","Lives in a communal establishment","Aged 2 years and under","Male",1
"E08000006","Salford","Lives in a communal establishment","Aged 3 to 4 years","Male",1
"E08000006","Salford","Lives in a communal establishment","Aged 5 to 7 years","Male",0
"E08000006","Salford","Lives in a communal establishment","Aged 8 to 9 years","Male",1
"E08000006","Salford","Lives in a communal establishment","Aged 10 to 14 years","Male",4
"E08000006","Salford","Lives in a communal establishment","Aged 15 years","Male",0
"E08000006","Salford","Lives in a communal establishment","Aged 16 to 17 years","Male",16
"E08000006","Salford","Lives in a communal establishment","Aged 18 to 19 years","Male",843
"E08000006","Salford","Lives in a communal establishment","Aged 20 to 24 years","Male",852
"E08000006","Salford","Lives in a communal establishment","Aged 25 to 29 years","Male",273
"E08000006","Salford","Lives in a communal establishment","Aged 30 to 34 years","Male",218
"E08000006","Salford","Lives in a communal establishment","Aged 35 to 39 years","Male",218
"E08000006","Salford","Lives in a communal establishment","Aged 40 to 44 years","Male",133
"E08000006","Salford","Lives in a communal establishment","Aged 45 to 49 years","Male",88
"E08000006","Salford","Lives in a communal establishment","Aged 50 to 54 years","Male",84
"E08000006","Salford","Lives in a communal establishment","Aged 55 to 59 years","Male",74
"E08000006","Salford","Lives in a communal establishment","Aged 60 to 64 years","Male",67
"E08000006","Salford","Lives in a communal establishment","Aged 65 years","Male",9
"E08000006","Salford","Lives in a communal establishment","Aged 66 to 69 years","Male",25
"E08000006","Salford","Lives in a communal establishment","Aged 70 to 74 years","Male",62
"E08000006","Salford","Lives in a communal establishment","Aged 75 to 79 years","Male",45
"E08000006","Salford","Lives in a communal establishment","Aged 80 to 84 years","Male",57
"E08000006","Salford","Lives in a communal establishment","Aged 85 years and over","Male",85
"E08000007","Stockport","Lives in a communal establishment","Total","Male",793
"E08000007","Stockport","Lives in a communal establishment","Aged 2 years and under","Male",3
"E08000007","Stockport","Lives in a communal establishment","Aged 3 to 4 years","Male",0
"E08000007","Stockport","Lives in a communal establishment","Aged 5 to 7 years","Male",0
"E08000007","Stockport","Lives in a communal establishment","Aged 8 to 9 years","Male",2
"E08000007","Stockport","Lives in a communal establishment","Aged 10 to 14 years","Male",36
"E08000007","Stockport","Lives in a communal establishment","Aged 15 years","Male",4
"E08000007","Stockport","Lives in a communal establishment","Aged 16 to 17 years","Male",19
"E08000007","Stockport","Lives in a communal establishment","Aged 18 to 19 years","Male",14
"E08000007","Stockport","Lives in a communal establishment","Aged 20 to 24 years","Male",36
"E08000007","Stockport","Lives in a communal establishment","Aged 25 to 29 years","Male",19
"E08000007","Stockport","Lives in a communal establishment","Aged 30 to 34 years","Male",31
"E08000007","Stockport","Lives in a communal establishment","Aged 35 to 39 years","Male",19
"E08000007","Stockport","Lives in a communal establishment","Aged 40 to 44 years","Male",18
"E08000007","Stockport","Lives in a communal establishment","Aged 45 to 49 years","Male",16
"E08000007","Stockport","Lives in a communal establishment","Aged 50 to 54 years","Male",25
"E08000007","Stockport","Lives in a communal establishment","Aged 55 to 59 years","Male",17
"E08000007","Stockport","Lives in a communal establishment","Aged 60 to 64 years","Male",29
"E08000007","Stockport","Lives in a communal establishment","Aged 65 years","Male",4
"E08000007","Stockport","Lives in a communal establishment","Aged 66 to 69 years","Male",38
"E08000007","Stockport","Lives in a communal establishment","Aged 70 to 74 years","Male",62
"E08000007","Stockport","Lives in a communal establishment","Aged 75 to 79 years","Male",83
"E08000007","Stockport","Lives in a communal establishment","Aged 80 to 84 years","Male",118
"E08000007","Stockport","Lives in a communal establishment","Aged 85 years and over","Male",200
"E08000008","Tameside","Lives in a communal establishment","Total","Male",536
"E08000008","Tameside","Lives in a communal establishment","Aged 2 years and under","Male",6
"E08000008","Tameside","Lives in a communal establishment","Aged 3 to 4 years","Male",2
"E08000008","Tameside","Lives in a communal establishment","Aged 5 to 7 years","Male",3
"E08000008","Tameside","Lives in a communal establishment","Aged 8 to 9 years","Male",0
"E08000008","Tameside","Lives in a communal establishment","Aged 10 to 14 years","Male",8
"E08000008","Tameside","Lives in a communal establishment","Aged 15 years","Male",7
"E08000008","Tameside","Lives in a communal establishment","Aged 16 to 17 years","Male",14
"E08000008","Tameside","Lives in a communal establishment","Aged 18 to 19 years","Male",2
"E08000008","Tameside","Lives in a communal establishment","Aged 20 to 24 years","Male",8
"E08000008","Tameside","Lives in a communal establishment","Aged 25 to 29 years","Male",4
"E08000008","Tameside","Lives in a communal establishment","Aged 30 to 34 years","Male",13
"E08000008","Tameside","Lives in a communal establishment","Aged 35 to 39 years","Male",8
"E08000008","Tameside","Lives in a communal establishment","Aged 40 to 44 years","Male",14
"E08000008","Tameside","Lives in a communal establishment","Aged 45 to 49 years","Male",8
"E08000008","Tameside","Lives in a communal establishment","Aged 50 to 54 years","Male",15
"E08000008","Tameside","Lives in a communal establishment","Aged 55 to 59 years","Male",21
"E08000008","Tameside","Lives in a communal establishment","Aged 60 to 64 years","Male",24
"E08000008","Tameside","Lives in a communal establishment","Aged 65 years","Male",5
"E08000008","Tameside","Lives in a communal establishment","Aged 66 to 69 years","Male",27
"E08000008","Tameside","Lives in a communal establishment","Aged 70 to 74 years","Male",57
"E08000008","Tameside","Lives in a communal establishment","Aged 75 to 79 years","Male",95
"E08000008","Tameside","Lives in a communal establishment","Aged 80 to 84 years","Male",76
"E08000008","Tameside","Lives in a communal establishment","Aged 85 years and over","Male",119
"E08000009","Trafford","Lives in a communal establishment","Total","Male",530
"E08000009","Trafford","Lives in a communal establishment","Aged 2 years and under","Male",0
"E08000009","Trafford","Lives in a communal establishment","Aged 3 to 4 years","Male",0
"E08000009","Trafford","Lives in a communal establishment","Aged 5 to 7 years","Male",0
"E08000009","Trafford","Lives in a communal establishment","Aged 8 to 9 years","Male",0
"E08000009","Trafford","Lives in a communal establishment","Aged 10 to 14 years","Male",0
"E08000009","Trafford","Lives in a communal establishment","Aged 15 years","Male",0
"E08000009","Trafford","Lives in a communal establishment","Aged 16 to 17 years","Male",5
"E08000009","Trafford","Lives in a communal establishment","Aged 18 to 19 years","Male",7
"E08000009","Trafford","Lives in a communal establishment","Aged 20 to 24 years","Male",12
"E08000009","Trafford","Lives in a communal establishment","Aged 25 to 29 years","Male",15
"E08000009","Trafford","Lives in a communal establishment","Aged 30 to 34 years","Male",24
"E08000009","Trafford","Lives in a communal establishment","Aged 35 to 39 years","Male",17
"E08000009","Trafford","Lives in a communal establishment","Aged 40 to 44 years","Male",15
"E08000009","Trafford","Lives in a communal establishment","Aged 45 to 49 years","Male",22
"E08000009","Trafford","Lives in a communal establishment","Aged 50 to 54 years","Male",27
"E08000009","Trafford","Lives in a communal establishment","Aged 55 to 59 years","Male",37
"E08000009","Trafford","Lives in a communal establishment","Aged 60 to 64 years","Male",30
"E08000009","Trafford","Lives in a communal establishment","Aged 65 years","Male",0
"E08000009","Trafford","Lives in a communal establishment","Aged 66 to 69 years","Male",24
"E08000009","Trafford","Lives in a communal establishment","Aged 70 to 74 years","Male",41
"E08000009","Trafford","Lives in a communal establishment","Aged 75 to 79 years","Male",69
"E08000009","Trafford","Lives in a communal establishment","Aged 80 to 84 years","Male",49
"E08000009","Trafford","Lives in a communal establishment","Aged 85 years and over","Male",136
"E08000010","Wigan","Lives in a communal establishment","Total","Male",1267
"E08000010","Wigan","Lives in a communal establishment","Aged 2 years and under","Male",0
"E08000010","Wigan","Lives in a communal establishment","Aged 3 to 4 years","Male",0
"E08000010","Wigan","Lives in a communal establishment","Aged 5 to 7 years","Male",0
"E08000010","Wigan","Lives in a communal establishment","Aged 8 to 9 years","Male",0
"E08000010","Wigan","Lives in a communal establishment","Aged 10 to 14 years","Male",10
"E08000010","Wigan","Lives in a communal establishment","Aged 15 years","Male",3
"E08000010","Wigan","Lives in a communal establishment","Aged 16 to 17 years","Male",19
"E08000010","Wigan","Lives in a communal establishment","Aged 18 to 19 years","Male",57
"E08000010","Wigan","Lives in a communal establishment","Aged 20 to 24 years","Male",158
"E08000010","Wigan","Lives in a communal establishment","Aged 25 to 29 years","Male",119
"E08000010","Wigan","Lives in a communal establishment","Aged 30 to 34 years","Male",103
"E08000010","Wigan","Lives in a communal establishment","Aged 35 to 39 years","Male",78
"E08000010","Wigan","Lives in a communal establishment","Aged 40 to 44 years","Male",57
"E08000010","Wigan","Lives in a communal establishment","Aged 45 to 49 years","Male",35
"E08000010","Wigan","Lives in a communal establishment","Aged 50 to 54 years","Male",55
"E08000010","Wigan","Lives in a communal establishment","Aged 55 to 59 years","Male",32
"E08000010","Wigan","Lives in a communal establishment","Aged 60 to 64 years","Male",34
"E08000010","Wigan","Lives in a communal establishment","Aged 65 years","Male",3
"E08000010","Wigan","Lives in a communal establishment","Aged 66 to 69 years","Male",34
"E08000010","Wigan","Lives in a communal establishment","Aged 70 to 74 years","Male",78
"E08000010","Wigan","Lives in a communal establishment","Aged 75 to 79 years","Male",114
"E08000010","Wigan","Lives in a communal establishment","Aged 80 to 84 years","Male",102
"E08000010","Wigan","Lives in a communal establishment","Aged 85 years and over","Male",176
"E08000011","Knowsley","Lives in a communal establishment","Total","Male",282
"E08000011","Knowsley","Lives in a communal establishment","Aged 2 years and under","Male",0
"E08000011","Knowsley","Lives in a communal establishment","Aged 3 to 4 years","Male",0
"E08000011","Knowsley","Lives in a communal establishment","Aged 5 to 7 years","Male",0
"E08000011","Knowsley","Lives in a communal establishment","Aged 8 to 9 years","Male",0
"E08000011","Knowsley","Lives in a communal establishment","Aged 10 to 14 years","Male",0
"E08000011","Knowsley","Lives in a communal establishment","Aged 15 years","Male",2
"E08000011","Knowsley","Lives in a communal establishment","Aged 16 to 17 years","Male",0
"E08000011","Knowsley","Lives in a communal establishment","Aged 18 to 19 years","Male",0
"E08000011","Knowsley","Lives in a communal establishment","Aged 20 to 24 years","Male",5
"E08000011","Knowsley","Lives in a communal establishment","Aged 25 to 29 years","Male",2
"E08000011","Knowsley","Lives in a communal establishment","Aged 30 to 34 years","Male",1
"E08000011","Knowsley","Lives in a communal establishment","Aged 35 to 39 years","Male",1
"E08000011","Knowsley","Lives in a communal establishment","Aged 40 to 44 years","Male",5
"E08000011","Knowsley","Lives in a communal establishment","Aged 45 to 49 years","Male",11
"E08000011","Knowsley","Lives in a communal establishment","Aged 50 to 54 years","Male",16
"E08000011","Knowsley","Lives in a communal establishment","Aged 55 to 59 years","Male",12
"E08000011","Knowsley","Lives in a communal establishment","Aged 60 to 64 years","Male",13
"E08000011","Knowsley","Lives in a communal establishment","Aged 65 years","Male",5
"E08000011","Knowsley","Lives in a communal establishment","Aged 66 to 69 years","Male",13
"E08000011","Knowsley","Lives in a communal establishment","Aged 70 to 74 years","Male",29
"E08000011","Knowsley","Lives in a communal establishment","Aged 75 to 79 years","Male",36
"E08000011","Knowsley","Lives in a communal establishment","Aged 80 to 84 years","Male",48
"E08000011","Knowsley","Lives in a communal establishment","Aged 85 years and over","Male",83
"E08000012","Liverpool","Lives in a communal establishment","Total","Male",10763
"E08000012","Liverpool","Lives in a communal establishment","Aged 2 years and under","Male",9
"E08000012","Liverpool","Lives in a communal establishment","Aged 3 to 4 years","Male",4
"E08000012","Liverpool","Lives in a communal establishment","Aged 5 to 7 years","Male",4
"E08000012","Liverpool","Lives in a communal establishment","Aged 8 to 9 years","Male",0
"E08000012","Liverpool","Lives in a communal establishment","Aged 10 to 14 years","Male",12
"E08000012","Liverpool","Lives in a communal establishment","Aged 15 years","Male",4
"E08000012","Liverpool","Lives in a communal establishment","Aged 16 to 17 years","Male",21
"E08000012","Liverpool","Lives in a communal establishment","Aged 18 to 19 years","Male",3818
"E08000012","Liverpool","Lives in a communal establishment","Aged 20 to 24 years","Male",3645
"E08000012","Liverpool","Lives in a communal establishment","Aged 25 to 29 years","Male",693
"E08000012","Liverpool","Lives in a communal establishment","Aged 30 to 34 years","Male",395
"E08000012","Liverpool","Lives in a communal establishment","Aged 35 to 39 years","Male",310
"E08000012","Liverpool","Lives in a communal establishment","Aged 40 to 44 years","Male",263
"E08000012","Liverpool","Lives in a communal establishment","Aged 45 to 49 years","Male",200
"E08000012","Liverpool","Lives in a communal establishment","Aged 50 to 54 years","Male",191
"E08000012","Liverpool","Lives in a communal establishment","Aged 55 to 59 years","Male",155
"E08000012","Liverpool","Lives in a communal establishment","Aged 60 to 64 years","Male",155
"E08000012","Liverpool","Lives in a communal establishment","Aged 65 years","Male",31
"E08000012","Liverpool","Lives in a communal establishment","Aged 66 to 69 years","Male",108
"E08000012","Liverpool","Lives in a communal establishment","Aged 70 to 74 years","Male",165
"E08000012","Liverpool","Lives in a communal establishment","Aged 75 to 79 years","Male",178
"E08000012","Liverpool","Lives in a communal establishment","Aged 80 to 84 years","Male",177
"E08000012","Liverpool","Lives in a communal establishment","Aged 85 years and over","Male",225
"E08000013","St. Helens","Lives in a communal establishment","Total","Male",482
"E08000013","St. Helens","Lives in a communal establishment","Aged 2 years and under","Male",0
"E08000013","St. Helens","Lives in a communal establishment","Aged 3 to 4 years","Male",0
"E08000013","St. Helens","Lives in a communal establishment","Aged 5 to 7 years","Male",1
"E08000013","St. Helens","Lives in a communal establishment","Aged 8 to 9 years","Male",1
"E08000013","St. Helens","Lives in a communal establishment","Aged 10 to 14 years","Male",3
"E08000013","St. Helens","Lives in a communal establishment","Aged 15 years","Male",1
"E08000013","St. Helens","Lives in a communal establishment","Aged 16 to 17 years","Male",7
"E08000013","St. Helens","Lives in a communal establishment","Aged 18 to 19 years","Male",12
"E08000013","St. Helens","Lives in a communal establishment","Aged 20 to 24 years","Male",28
"E08000013","St. Helens","Lives in a communal establishment","Aged 25 to 29 years","Male",15
"E08000013","St. Helens","Lives in a communal establishment","Aged 30 to 34 years","Male",15
"E08000013","St. Helens","Lives in a communal establishment","Aged 35 to 39 years","Male",17
"E08000013","St. Helens","Lives in a communal establishment","Aged 40 to 44 years","Male",23
"E08000013","St. Helens","Lives in a communal establishment","Aged 45 to 49 years","Male",25
"E08000013","St. Helens","Lives in a communal establishment","Aged 50 to 54 years","Male",22
"E08000013","St. Helens","Lives in a communal establishment","Aged 55 to 59 years","Male",15
"E08000013","St. Helens","Lives in a communal establishment","Aged 60 to 64 years","Male",22
"E08000013","St. Helens","Lives in a communal establishment","Aged 65 years","Male",6
"E08000013","St. Helens","Lives in a communal establishment","Aged 66 to 69 years","Male",24
"E08000013","St. Helens","Lives in a communal establishment","Aged 70 to 74 years","Male",39
"E08000013","St. Helens","Lives in a communal establishment","Aged 75 to 79 years","Male",53
"E08000013","St. Helens","Lives in a communal establishment","Aged 80 to 84 years","Male",49
"E08000013","St. Helens","Lives in a communal establishment","Aged 85 years and over","Male",104
"E08000014","Sefton","Lives in a communal establishment","Total","Male",1501
"E08000014","Sefton","Lives in a communal establishment","Aged 2 years and under","Male",0
"E08000014","Sefton","Lives in a communal establishment","Aged 3 to 4 years","Male",4
"E08000014","Sefton","Lives in a communal establishment","Aged 5 to 7 years","Male",3
"E08000014","Sefton","Lives in a communal establishment","Aged 8 to 9 years","Male",4
"E08000014","Sefton","Lives in a communal establishment","Aged 10 to 14 years","Male",12
"E08000014","Sefton","Lives in a communal establishment","Aged 15 years","Male",1
"E08000014","Sefton","Lives in a communal establishment","Aged 16 to 17 years","Male",10
"E08000014","Sefton","Lives in a communal establishment","Aged 18 to 19 years","Male",10
"E08000014","Sefton","Lives in a communal establishment","Aged 20 to 24 years","Male",53
"E08000014","Sefton","Lives in a communal establishment","Aged 25 to 29 years","Male",74
"E08000014","Sefton","Lives in a communal establishment","Aged 30 to 34 years","Male",71
"E08000014","Sefton","Lives in a communal establishment","Aged 35 to 39 years","Male",50
"E08000014","Sefton","Lives in a communal establishment","Aged 40 to 44 years","Male",63
"E08000014","Sefton","Lives in a communal establishment","Aged 45 to 49 years","Male",90
"E08000014","Sefton","Lives in a communal establishment","Aged 50 to 54 years","Male",87
"E08000014","Sefton","Lives in a communal establishment","Aged 55 to 59 years","Male",67
"E08000014","Sefton","Lives in a communal establishment","Aged 60 to 64 years","Male",93
"E08000014","Sefton","Lives in a communal establishment","Aged 65 years","Male",21
"E08000014","Sefton","Lives in a communal establishment","Aged 66 to 69 years","Male",71
"E08000014","Sefton","Lives in a communal establishment","Aged 70 to 74 years","Male",124
"E08000014","Sefton","Lives in a communal establishment","Aged 75 to 79 years","Male",179
"E08000014","Sefton","Lives in a communal establishment","Aged 80 to 84 years","Male",121
"E08000014","Sefton","Lives in a communal establishment","Aged 85 years and over","Male",293
"E08000015","Wirral","Lives in a communal establishment","Total","Male",1093
"E08000015","Wirral","Lives in a communal establishment","Aged 2 years and under","Male",5
"E08000015","Wirral","Lives in a communal establishment","Aged 3 to 4 years","Male",4
"E08000015","Wirral","Lives in a communal establishment","Aged 5 to 7 years","Male",2
"E08000015","Wirral","Lives in a communal establishment","Aged 8 to 9 years","Male",0
"E08000015","Wirral","Lives in a communal establishment","Aged 10 to 14 years","Male",4
"E08000015","Wirral","Lives in a communal establishment","Aged 15 years","Male",3
"E08000015","Wirral","Lives in a communal establishment","Aged 16 to 17 years","Male",2
"E08000015","Wirral","Lives in a communal establishment","Aged 18 to 19 years","Male",2
"E08000015","Wirral","Lives in a communal establishment","Aged 20 to 24 years","Male",19
"E08000015","Wirral","Lives in a communal establishment","Aged 25 to 29 years","Male",19
"E08000015","Wirral","Lives in a communal establishment","Aged 30 to 34 years","Male",26
"E08000015","Wirral","Lives in a communal establishment","Aged 35 to 39 years","Male",30
"E08000015","Wirral","Lives in a communal establishment","Aged 40 to 44 years","Male",29
"E08000015","Wirral","Lives in a communal establishment","Aged 45 to 49 years","Male",50
"E08000015","Wirral","Lives in a communal establishment","Aged 50 to 54 years","Male",67
"E08000015","Wirral","Lives in a communal establishment","Aged 55 to 59 years","Male",72
"E08000015","Wirral","Lives in a communal establishment","Aged 60 to 64 years","Male",70
"E08000015","Wirral","Lives in a communal establishment","Aged 65 years","Male",11
"E08000015","Wirral","Lives in a communal establishment","Aged 66 to 69 years","Male",66
"E08000015","Wirral","Lives in a communal establishment","Aged 70 to 74 years","Male",114
"E08000015","Wirral","Lives in a communal establishment","Aged 75 to 79 years","Male",130
"E08000015","Wirral","Lives in a communal establishment","Aged 80 to 84 years","Male",114
"E08000015","Wirral","Lives in a communal establishment","Aged 85 years and over","Male",254
"E06000010","Kingston upon Hull, City of","Lives in a communal establishment","Total","Male",2549
"E06000010","Kingston upon Hull, City of","Lives in a communal establishment","Aged 2 years and under","Male",0
"E06000010","Kingston upon Hull, City of","Lives in a communal establishment","Aged 3 to 4 years","Male",1
"E06000010","Kingston upon Hull, City of","Lives in a communal establishment","Aged 5 to 7 years","Male",1
"E06000010","Kingston upon Hull, City of","Lives in a communal establishment","Aged 8 to 9 years","Male",3
"E06000010","Kingston upon Hull, City of","Lives in a communal establishment","Aged 10 to 14 years","Male",11
"E06000010","Kingston upon Hull, City of","Lives in a communal establishment","Aged 15 years","Male",3
"E06000010","Kingston upon Hull, City of","Lives in a communal establishment","Aged 16 to 17 years","Male",14
"E06000010","Kingston upon Hull, City of","Lives in a communal establishment","Aged 18 to 19 years","Male",431
"E06000010","Kingston upon Hull, City of","Lives in a communal establishment","Aged 20 to 24 years","Male",478
"E06000010","Kingston upon Hull, City of","Lives in a communal establishment","Aged 25 to 29 years","Male",193
"E06000010","Kingston upon Hull, City of","Lives in a communal establishment","Aged 30 to 34 years","Male",169
"E06000010","Kingston upon Hull, City of","Lives in a communal establishment","Aged 35 to 39 years","Male",146
"E06000010","Kingston upon Hull, City of","Lives in a communal establishment","Aged 40 to 44 years","Male",93
"E06000010","Kingston upon Hull, City of","Lives in a communal establishment","Aged 45 to 49 years","Male",115
"E06000010","Kingston upon Hull, City of","Lives in a communal establishment","Aged 50 to 54 years","Male",83
"E06000010","Kingston upon Hull, City of","Lives in a communal establishment","Aged 55 to 59 years","Male",109
"E06000010","Kingston upon Hull, City of","Lives in a communal establishment","Aged 60 to 64 years","Male",81
"E06000010","Kingston upon Hull, City of","Lives in a communal establishment","Aged 65 years","Male",17
"E06000010","Kingston upon Hull, City of","Lives in a communal establishment","Aged 66 to 69 years","Male",89
"E06000010","Kingston upon Hull, City of","Lives in a communal establishment","Aged 70 to 74 years","Male",124
"E06000010","Kingston upon Hull, City of","Lives in a communal establishment","Aged 75 to 79 years","Male",127
"E06000010","Kingston upon Hull, City of","Lives in a communal establishment","Aged 80 to 84 years","Male",110
"E06000010","Kingston upon Hull, City of","Lives in a communal establishment","Aged 85 years and over","Male",151
"E06000011","East Riding of Yorkshire","Lives in a communal establishment","Total","Male",3396
"E06000011","East Riding of Yorkshire","Lives in a communal establishment","Aged 2 years and under","Male",3
"E06000011","East Riding of Yorkshire","Lives in a communal establishment","Aged 3 to 4 years","Male",0
"E06000011","East Riding of Yorkshire","Lives in a communal establishment","Aged 5 to 7 years","Male",2
"E06000011","East Riding of Yorkshire","Lives in a communal establishment","Aged 8 to 9 years","Male",3
"E06000011","East Riding of Yorkshire","Lives in a communal establishment","Aged 10 to 14 years","Male",18
"E06000011","East Riding of Yorkshire","Lives in a communal establishment","Aged 15 years","Male",4
"E06000011","East Riding of Yorkshire","Lives in a communal establishment","Aged 16 to 17 years","Male",159
"E06000011","East Riding of Yorkshire","Lives in a communal establishment","Aged 18 to 19 years","Male",153
"E06000011","East Riding of Yorkshire","Lives in a communal establishment","Aged 20 to 24 years","Male",257
"E06000011","East Riding of Yorkshire","Lives in a communal establishment","Aged 25 to 29 years","Male",340
"E06000011","East Riding of Yorkshire","Lives in a communal establishment","Aged 30 to 34 years","Male",346
"E06000011","East Riding of Yorkshire","Lives in a communal establishment","Aged 35 to 39 years","Male",285
"E06000011","East Riding of Yorkshire","Lives in a communal establishment","Aged 40 to 44 years","Male",216
"E06000011","East Riding of Yorkshire","Lives in a communal establishment","Aged 45 to 49 years","Male",191
"E06000011","East Riding of Yorkshire","Lives in a communal establishment","Aged 50 to 54 years","Male",159
"E06000011","East Riding of Yorkshire","Lives in a communal establishment","Aged 55 to 59 years","Male",160
"E06000011","East Riding of Yorkshire","Lives in a communal establishment","Aged 60 to 64 years","Male",132
"E06000011","East Riding of Yorkshire","Lives in a communal establishment","Aged 65 years","Male",13
"E06000011","East Riding of Yorkshire","Lives in a communal establishment","Aged 66 to 69 years","Male",80
"E06000011","East Riding of Yorkshire","Lives in a communal establishment","Aged 70 to 74 years","Male",141
"E06000011","East Riding of Yorkshire","Lives in a communal establishment","Aged 75 to 79 years","Male",172
"E06000011","East Riding of Yorkshire","Lives in a communal establishment","Aged 80 to 84 years","Male",157
"E06000011","East Riding of Yorkshire","Lives in a communal establishment","Aged 85 years and over","Male",405
"E06000012","North East Lincolnshire","Lives in a communal establishment","Total","Male",603
"E06000012","North East Lincolnshire","Lives in a communal establishment","Aged 2 years and under","Male",0
"E06000012","North East Lincolnshire","Lives in a communal establishment","Aged 3 to 4 years","Male",0
"E06000012","North East Lincolnshire","Lives in a communal establishment","Aged 5 to 7 years","Male",0
"E06000012","North East Lincolnshire","Lives in a communal establishment","Aged 8 to 9 years","Male",0
"E06000012","North East Lincolnshire","Lives in a communal establishment","Aged 10 to 14 years","Male",1
"E06000012","North East Lincolnshire","Lives in a communal establishment","Aged 15 years","Male",2
"E06000012","North East Lincolnshire","Lives in a communal establishment","Aged 16 to 17 years","Male",5
"E06000012","North East Lincolnshire","Lives in a communal establishment","Aged 18 to 19 years","Male",14
"E06000012","North East Lincolnshire","Lives in a communal establishment","Aged 20 to 24 years","Male",41
"E06000012","North East Lincolnshire","Lives in a communal establishment","Aged 25 to 29 years","Male",39
"E06000012","North East Lincolnshire","Lives in a communal establishment","Aged 30 to 34 years","Male",30
"E06000012","North East Lincolnshire","Lives in a communal establishment","Aged 35 to 39 years","Male",23
"E06000012","North East Lincolnshire","Lives in a communal establishment","Aged 40 to 44 years","Male",14
"E06000012","North East Lincolnshire","Lives in a communal establishment","Aged 45 to 49 years","Male",28
"E06000012","North East Lincolnshire","Lives in a communal establishment","Aged 50 to 54 years","Male",24
"E06000012","North East Lincolnshire","Lives in a communal establishment","Aged 55 to 59 years","Male",38
"E06000012","North East Lincolnshire","Lives in a communal establishment","Aged 60 to 64 years","Male",28
"E06000012","North East Lincolnshire","Lives in a communal establishment","Aged 65 years","Male",12
"E06000012","North East Lincolnshire","Lives in a communal establishment","Aged 66 to 69 years","Male",22
"E06000012","North East Lincolnshire","Lives in a communal establishment","Aged 70 to 74 years","Male",46
"E06000012","North East Lincolnshire","Lives in a communal establishment","Aged 75 to 79 years","Male",53
"E06000012","North East Lincolnshire","Lives in a communal establishment","Aged 80 to 84 years","Male",50
"E06000012","North East Lincolnshire","Lives in a communal establishment","Aged 85 years and over","Male",133
"E06000013","North Lincolnshire","Lives in a communal establishment","Total","Male",640
"E06000013","North Lincolnshire","Lives in a communal establishment","Aged 2 years and under","Male",0
"E06000013","North Lincolnshire","Lives in a communal establishment","Aged 3 to 4 years","Male",2
"E06000013","North Lincolnshire","Lives in a communal establishment","Aged 5 to 7 years","Male",0
"E06000013","North Lincolnshire","Lives in a communal establishment","Aged 8 to 9 years","Male",0
"E06000013","North Lincolnshire","Lives in a communal establishment","Aged 10 to 14 years","Male",8
"E06000013","North Lincolnshire","Lives in a communal establishment","Aged 15 years","Male",4
"E06000013","North Lincolnshire","Lives in a communal establishment","Aged 16 to 17 years","Male",6
"E06000013","North Lincolnshire","Lives in a communal establishment","Aged 18 to 19 years","Male",6
"E06000013","North Lincolnshire","Lives in a communal establishment","Aged 20 to 24 years","Male",3
"E06000013","North Lincolnshire","Lives in a communal establishment","Aged 25 to 29 years","Male",19
"E06000013","North Lincolnshire","Lives in a communal establishment","Aged 30 to 34 years","Male",32
"E06000013","North Lincolnshire","Lives in a communal establishment","Aged 35 to 39 years","Male",17
"E06000013","North Lincolnshire","Lives in a communal establishment","Aged 40 to 44 years","Male",18
"E06000013","North Lincolnshire","Lives in a communal establishment","Aged 45 to 49 years","Male",26
"E06000013","North Lincolnshire","Lives in a communal establishment","Aged 50 to 54 years","Male",41
"E06000013","North Lincolnshire","Lives in a communal establishment","Aged 55 to 59 years","Male",51
"E06000013","North Lincolnshire","Lives in a communal establishment","Aged 60 to 64 years","Male",34
"E06000013","North Lincolnshire","Lives in a communal establishment","Aged 65 years","Male",4
"E06000013","North Lincolnshire","Lives in a communal establishment","Aged 66 to 69 years","Male",33
"E06000013","North Lincolnshire","Lives in a communal establishment","Aged 70 to 74 years","Male",60
"E06000013","North Lincolnshire","Lives in a communal establishment","Aged 75 to 79 years","Male",60
"E06000013","North Lincolnshire","Lives in a communal establishment","Aged 80 to 84 years","Male",59
"E06000013","North Lincolnshire","Lives in a communal establishment","Aged 85 years and over","Male",157
"E06000014","York","Lives in a communal establishment","Total","Male",4767
"E06000014","York","Lives in a communal establishment","Aged 2 years and under","Male",2
"E06000014","York","Lives in a communal establishment","Aged 3 to 4 years","Male",0
"E06000014","York","Lives in a communal establishment","Aged 5 to 7 years","Male",0
"E06000014","York","Lives in a communal establishment","Aged 8 to 9 years","Male",3
"E06000014","York","Lives in a communal establishment","Aged 10 to 14 years","Male",23
"E06000014","York","Lives in a communal establishment","Aged 15 years","Male",8
"E06000014","York","Lives in a communal establishment","Aged 16 to 17 years","Male",81
"E06000014","York","Lives in a communal establishment","Aged 18 to 19 years","Male",2062
"E06000014","York","Lives in a communal establishment","Aged 20 to 24 years","Male",1488
"E06000014","York","Lives in a communal establishment","Aged 25 to 29 years","Male",304
"E06000014","York","Lives in a communal establishment","Aged 30 to 34 years","Male",140
"E06000014","York","Lives in a communal establishment","Aged 35 to 39 years","Male",86
"E06000014","York","Lives in a communal establishment","Aged 40 to 44 years","Male",41
"E06000014","York","Lives in a communal establishment","Aged 45 to 49 years","Male",62
"E06000014","York","Lives in a communal establishment","Aged 50 to 54 years","Male",60
"E06000014","York","Lives in a communal establishment","Aged 55 to 59 years","Male",66
"E06000014","York","Lives in a communal establishment","Aged 60 to 64 years","Male",33
"E06000014","York","Lives in a communal establishment","Aged 65 years","Male",5
"E06000014","York","Lives in a communal establishment","Aged 66 to 69 years","Male",33
"E06000014","York","Lives in a communal establishment","Aged 70 to 74 years","Male",47
"E06000014","York","Lives in a communal establishment","Aged 75 to 79 years","Male",35
"E06000014","York","Lives in a communal establishment","Aged 80 to 84 years","Male",50
"E06000014","York","Lives in a communal establishment","Aged 85 years and over","Male",138
"E06000065","North Yorkshire","Lives in a communal establishment","Total","Male",7184
"E06000065","North Yorkshire","Lives in a communal establishment","Aged 2 years and under","Male",4
"E06000065","North Yorkshire","Lives in a communal establishment","Aged 3 to 4 years","Male",3
"E06000065","North Yorkshire","Lives in a communal establishment","Aged 5 to 7 years","Male",8
"E06000065","North Yorkshire","Lives in a communal establishment","Aged 8 to 9 years","Male",29
"E06000065","North Yorkshire","Lives in a communal establishment","Aged 10 to 14 years","Male",372
"E06000065","North Yorkshire","Lives in a communal establishment","Aged 15 years","Male",108
"E06000065","North Yorkshire","Lives in a communal establishment","Aged 16 to 17 years","Male",1321
"E06000065","North Yorkshire","Lives in a communal establishment","Aged 18 to 19 years","Male",843
"E06000065","North Yorkshire","Lives in a communal establishment","Aged 20 to 24 years","Male",1127
"E06000065","North Yorkshire","Lives in a communal establishment","Aged 25 to 29 years","Male",1023
"E06000065","North Yorkshire","Lives in a communal establishment","Aged 30 to 34 years","Male",277
"E06000065","North Yorkshire","Lives in a communal establishment","Aged 35 to 39 years","Male",247
"E06000065","North Yorkshire","Lives in a communal establishment","Aged 40 to 44 years","Male",128
"E06000065","North Yorkshire","Lives in a communal establishment","Aged 45 to 49 years","Male",136
"E06000065","North Yorkshire","Lives in a communal establishment","Aged 50 to 54 years","Male",103
"E06000065","North Yorkshire","Lives in a communal establishment","Aged 55 to 59 years","Male",131
"E06000065","North Yorkshire","Lives in a communal establishment","Aged 60 to 64 years","Male",95
"E06000065","North Yorkshire","Lives in a communal establishment","Aged 65 years","Male",26
"E06000065","North Yorkshire","Lives in a communal establishment","Aged 66 to 69 years","Male",81
"E06000065","North Yorkshire","Lives in a communal establishment","Aged 70 to 74 years","Male",140
"E06000065","North Yorkshire","Lives in a communal establishment","Aged 75 to 79 years","Male",211
"E06000065","North Yorkshire","Lives in a communal establishment","Aged 80 to 84 years","Male",246
"E06000065","North Yorkshire","Lives in a communal establishment","Aged 85 years and over","Male",525
"E08000016","Barnsley","Lives in a communal establishment","Total","Male",650
"E08000016","Barnsley","Lives in a communal establishment","Aged 2 years and under","Male",0
"E08000016","Barnsley","Lives in a communal establishment","Aged 3 to 4 years","Male",0
"E08000016","Barnsley","Lives in a communal establishment","Aged 5 to 7 years","Male",0
"E08000016","Barnsley","Lives in a communal establishment","Aged 8 to 9 years","Male",0
"E08000016","Barnsley","Lives in a communal establishment","Aged 10 to 14 years","Male",1
"E08000016","Barnsley","Lives in a communal establishment","Aged 15 years","Male",0
"E08000016","Barnsley","Lives in a communal establishment","Aged 16 to 17 years","Male",7
"E08000016","Barnsley","Lives in a communal establishment","Aged 18 to 19 years","Male",6
"E08000016","Barnsley","Lives in a communal establishment","Aged 20 to 24 years","Male",22
"E08000016","Barnsley","Lives in a communal establishment","Aged 25 to 29 years","Male",34
"E08000016","Barnsley","Lives in a communal establishment","Aged 30 to 34 years","Male",27
"E08000016","Barnsley","Lives in a communal establishment","Aged 35 to 39 years","Male",28
"E08000016","Barnsley","Lives in a communal establishment","Aged 40 to 44 years","Male",20
"E08000016","Barnsley","Lives in a communal establishment","Aged 45 to 49 years","Male",27
"E08000016","Barnsley","Lives in a communal establishment","Aged 50 to 54 years","Male",28
"E08000016","Barnsley","Lives in a communal establishment","Aged 55 to 59 years","Male",31
"E08000016","Barnsley","Lives in a communal establishment","Aged 60 to 64 years","Male",32
"E08000016","Barnsley","Lives in a communal establishment","Aged 65 years","Male",9
"E08000016","Barnsley","Lives in a communal establishment","Aged 66 to 69 years","Male",44
"E08000016","Barnsley","Lives in a communal establishment","Aged 70 to 74 years","Male",65
"E08000016","Barnsley","Lives in a communal establishment","Aged 75 to 79 years","Male",74
"E08000016","Barnsley","Lives in a communal establishment","Aged 80 to 84 years","Male",60
"E08000016","Barnsley","Lives in a communal establishment","Aged 85 years and over","Male",135
"E08000017","Doncaster","Lives in a communal establishment","Total","Male",3759
"E08000017","Doncaster","Lives in a communal establishment","Aged 2 years and under","Male",0
"E08000017","Doncaster","Lives in a communal establishment","Aged 3 to 4 years","Male",0
"E08000017","Doncaster","Lives in a communal establishment","Aged 5 to 7 years","Male",1
"E08000017","Doncaster","Lives in a communal establishment","Aged 8 to 9 years","Male",0
"E08000017","Doncaster","Lives in a communal establishment","Aged 10 to 14 years","Male",7
"E08000017","Doncaster","Lives in a communal establishment","Aged 15 years","Male",13
"E08000017","Doncaster","Lives in a communal establishment","Aged 16 to 17 years","Male",33
"E08000017","Doncaster","Lives in a communal establishment","Aged 18 to 19 years","Male",106
"E08000017","Doncaster","Lives in a communal establishment","Aged 20 to 24 years","Male",402
"E08000017","Doncaster","Lives in a communal establishment","Aged 25 to 29 years","Male",584
"E08000017","Doncaster","Lives in a communal establishment","Aged 30 to 34 years","Male",606
"E08000017","Doncaster","Lives in a communal establishment","Aged 35 to 39 years","Male",528
"E08000017","Doncaster","Lives in a communal establishment","Aged 40 to 44 years","Male",345
"E08000017","Doncaster","Lives in a communal establishment","Aged 45 to 49 years","Male",230
"E08000017","Doncaster","Lives in a communal establishment","Aged 50 to 54 years","Male",183
"E08000017","Doncaster","Lives in a communal establishment","Aged 55 to 59 years","Male",142
"E08000017","Doncaster","Lives in a communal establishment","Aged 60 to 64 years","Male",95
"E08000017","Doncaster","Lives in a communal establishment","Aged 65 years","Male",20
"E08000017","Doncaster","Lives in a communal establishment","Aged 66 to 69 years","Male",49
"E08000017","Doncaster","Lives in a communal establishment","Aged 70 to 74 years","Male",79
"E08000017","Doncaster","Lives in a communal establishment","Aged 75 to 79 years","Male",80
"E08000017","Doncaster","Lives in a communal establishment","Aged 80 to 84 years","Male",100
"E08000017","Doncaster","Lives in a communal establishment","Aged 85 years and over","Male",156
"E08000018","Rotherham","Lives in a communal establishment","Total","Male",779
"E08000018","Rotherham","Lives in a communal establishment","Aged 2 years and under","Male",0
"E08000018","Rotherham","Lives in a communal establishment","Aged 3 to 4 years","Male",0
"E08000018","Rotherham","Lives in a communal establishment","Aged 5 to 7 years","Male",0
"E08000018","Rotherham","Lives in a communal establishment","Aged 8 to 9 years","Male",0
"E08000018","Rotherham","Lives in a communal establishment","Aged 10 to 14 years","Male",3
"E08000018","Rotherham","Lives in a communal establishment","Aged 15 years","Male",1
"E08000018","Rotherham","Lives in a communal establishment","Aged 16 to 17 years","Male",1
"E08000018","Rotherham","Lives in a communal establishment","Aged 18 to 19 years","Male",10
"E08000018","Rotherham","Lives in a communal establishment","Aged 20 to 24 years","Male",14
"E08000018","Rotherham","Lives in a communal establishment","Aged 25 to 29 years","Male",43
"E08000018","Rotherham","Lives in a communal establishment","Aged 30 to 34 years","Male",51
"E08000018","Rotherham","Lives in a communal establishment","Aged 35 to 39 years","Male",38
"E08000018","Rotherham","Lives in a communal establishment","Aged 40 to 44 years","Male",39
"E08000018","Rotherham","Lives in a communal establishment","Aged 45 to 49 years","Male",52
"E08000018","Rotherham","Lives in a communal establishment","Aged 50 to 54 years","Male",55
"E08000018","Rotherham","Lives in a communal establishment","Aged 55 to 59 years","Male",51
"E08000018","Rotherham","Lives in a communal establishment","Aged 60 to 64 years","Male",58
"E08000018","Rotherham","Lives in a communal establishment","Aged 65 years","Male",12
"E08000018","Rotherham","Lives in a communal establishment","Aged 66 to 69 years","Male",36
"E08000018","Rotherham","Lives in a communal establishment","Aged 70 to 74 years","Male",57
"E08000018","Rotherham","Lives in a communal establishment","Aged 75 to 79 years","Male",70
"E08000018","Rotherham","Lives in a communal establishment","Aged 80 to 84 years","Male",72
"E08000018","Rotherham","Lives in a communal establishment","Aged 85 years and over","Male",116
"E08000019","Sheffield","Lives in a communal establishment","Total","Male",9951
"E08000019","Sheffield","Lives in a communal establishment","Aged 2 years and under","Male",2
"E08000019","Sheffield","Lives in a communal establishment","Aged 3 to 4 years","Male",4
"E08000019","Sheffield","Lives in a communal establishment","Aged 5 to 7 years","Male",5
"E08000019","Sheffield","Lives in a communal establishment","Aged 8 to 9 years","Male",4
"E08000019","Sheffield","Lives in a communal establishment","Aged 10 to 14 years","Male",8
"E08000019","Sheffield","Lives in a communal establishment","Aged 15 years","Male",2
"E08000019","Sheffield","Lives in a communal establishment","Aged 16 to 17 years","Male",12
"E08000019","Sheffield","Lives in a communal establishment","Aged 18 to 19 years","Male",3746
"E08000019","Sheffield","Lives in a communal establishment","Aged 20 to 24 years","Male",3637
"E08000019","Sheffield","Lives in a communal establishment","Aged 25 to 29 years","Male",826
"E08000019","Sheffield","Lives in a communal establishment","Aged 30 to 34 years","Male",311
"E08000019","Sheffield","Lives in a communal establishment","Aged 35 to 39 years","Male",153
"E08000019","Sheffield","Lives in a communal establishment","Aged 40 to 44 years","Male",95
"E08000019","Sheffield","Lives in a communal establishment","Aged 45 to 49 years","Male",76
"E08000019","Sheffield","Lives in a communal establishment","Aged 50 to 54 years","Male",94
"E08000019","Sheffield","Lives in a communal establishment","Aged 55 to 59 years","Male",98
"E08000019","Sheffield","Lives in a communal establishment","Aged 60 to 64 years","Male",93
"E08000019","Sheffield","Lives in a communal establishment","Aged 65 years","Male",13
"E08000019","Sheffield","Lives in a communal establishment","Aged 66 to 69 years","Male",73
"E08000019","Sheffield","Lives in a communal establishment","Aged 70 to 74 years","Male",119
"E08000019","Sheffield","Lives in a communal establishment","Aged 75 to 79 years","Male",148
"E08000019","Sheffield","Lives in a communal establishment","Aged 80 to 84 years","Male",155
"E08000019","Sheffield","Lives in a communal establishment","Aged 85 years and over","Male",277
"E08000032","Bradford","Lives in a communal establishment","Total","Male",2549
"E08000032","Bradford","Lives in a communal establishment","Aged 2 years and under","Male",1
"E08000032","Bradford","Lives in a communal establishment","Aged 3 to 4 years","Male",6
"E08000032","Bradford","Lives in a communal establishment","Aged 5 to 7 years","Male",2
"E08000032","Bradford","Lives in a communal establishment","Aged 8 to 9 years","Male",3
"E08000032","Bradford","Lives in a communal establishment","Aged 10 to 14 years","Male",66
"E08000032","Bradford","Lives in a communal establishment","Aged 15 years","Male",18
"E08000032","Bradford","Lives in a communal establishment","Aged 16 to 17 years","Male",90
"E08000032","Bradford","Lives in a communal establishment","Aged 18 to 19 years","Male",167
"E08000032","Bradford","Lives in a communal establishment","Aged 20 to 24 years","Male",424
"E08000032","Bradford","Lives in a communal establishment","Aged 25 to 29 years","Male",207
"E08000032","Bradford","Lives in a communal establishment","Aged 30 to 34 years","Male",166
"E08000032","Bradford","Lives in a communal establishment","Aged 35 to 39 years","Male",142
"E08000032","Bradford","Lives in a communal establishment","Aged 40 to 44 years","Male",128
"E08000032","Bradford","Lives in a communal establishment","Aged 45 to 49 years","Male",74
"E08000032","Bradford","Lives in a communal establishment","Aged 50 to 54 years","Male",69
"E08000032","Bradford","Lives in a communal establishment","Aged 55 to 59 years","Male",97
"E08000032","Bradford","Lives in a communal establishment","Aged 60 to 64 years","Male",126
"E08000032","Bradford","Lives in a communal establishment","Aged 65 years","Male",34
"E08000032","Bradford","Lives in a communal establishment","Aged 66 to 69 years","Male",88
"E08000032","Bradford","Lives in a communal establishment","Aged 70 to 74 years","Male",156
"E08000032","Bradford","Lives in a communal establishment","Aged 75 to 79 years","Male",125
"E08000032","Bradford","Lives in a communal establishment","Aged 80 to 84 years","Male",122
"E08000032","Bradford","Lives in a communal establishment","Aged 85 years and over","Male",238
"E08000033","Calderdale","Lives in a communal establishment","Total","Male",551
"E08000033","Calderdale","Lives in a communal establishment","Aged 2 years and under","Male",0
"E08000033","Calderdale","Lives in a communal establishment","Aged 3 to 4 years","Male",0
"E08000033","Calderdale","Lives in a communal establishment","Aged 5 to 7 years","Male",0
"E08000033","Calderdale","Lives in a communal establishment","Aged 8 to 9 years","Male",4
"E08000033","Calderdale","Lives in a communal establishment","Aged 10 to 14 years","Male",35
"E08000033","Calderdale","Lives in a communal establishment","Aged 15 years","Male",16
"E08000033","Calderdale","Lives in a communal establishment","Aged 16 to 17 years","Male",50
"E08000033","Calderdale","Lives in a communal establishment","Aged 18 to 19 years","Male",7
"E08000033","Calderdale","Lives in a communal establishment","Aged 20 to 24 years","Male",8
"E08000033","Calderdale","Lives in a communal establishment","Aged 25 to 29 years","Male",12
"E08000033","Calderdale","Lives in a communal establishment","Aged 30 to 34 years","Male",8
"E08000033","Calderdale","Lives in a communal establishment","Aged 35 to 39 years","Male",6
"E08000033","Calderdale","Lives in a communal establishment","Aged 40 to 44 years","Male",20
"E08000033","Calderdale","Lives in a communal establishment","Aged 45 to 49 years","Male",26
"E08000033","Calderdale","Lives in a communal establishment","Aged 50 to 54 years","Male",13
"E08000033","Calderdale","Lives in a communal establishment","Aged 55 to 59 years","Male",17
"E08000033","Calderdale","Lives in a communal establishment","Aged 60 to 64 years","Male",37
"E08000033","Calderdale","Lives in a communal establishment","Aged 65 years","Male",3
"E08000033","Calderdale","Lives in a communal establishment","Aged 66 to 69 years","Male",13
"E08000033","Calderdale","Lives in a communal establishment","Aged 70 to 74 years","Male",42
"E08000033","Calderdale","Lives in a communal establishment","Aged 75 to 79 years","Male",47
"E08000033","Calderdale","Lives in a communal establishment","Aged 80 to 84 years","Male",77
"E08000033","Calderdale","Lives in a communal establishment","Aged 85 years and over","Male",110
"E08000034","Kirklees","Lives in a communal establishment","Total","Male",2419
"E08000034","Kirklees","Lives in a communal establishment","Aged 2 years and under","Male",2
"E08000034","Kirklees","Lives in a communal establishment","Aged 3 to 4 years","Male",4
"E08000034","Kirklees","Lives in a communal establishment","Aged 5 to 7 years","Male",0
"E08000034","Kirklees","Lives in a communal establishment","Aged 8 to 9 years","Male",0
"E08000034","Kirklees","Lives in a communal establishment","Aged 10 to 14 years","Male",28
"E08000034","Kirklees","Lives in a communal establishment","Aged 15 years","Male",64
"E08000034","Kirklees","Lives in a communal establishment","Aged 16 to 17 years","Male",39
"E08000034","Kirklees","Lives in a communal establishment","Aged 18 to 19 years","Male",471
"E08000034","Kirklees","Lives in a communal establishment","Aged 20 to 24 years","Male",647
"E08000034","Kirklees","Lives in a communal establishment","Aged 25 to 29 years","Male",123
"E08000034","Kirklees","Lives in a communal establishment","Aged 30 to 34 years","Male",67
"E08000034","Kirklees","Lives in a communal establishment","Aged 35 to 39 years","Male",61
"E08000034","Kirklees","Lives in a communal establishment","Aged 40 to 44 years","Male",26
"E08000034","Kirklees","Lives in a communal establishment","Aged 45 to 49 years","Male",44
"E08000034","Kirklees","Lives in a communal establishment","Aged 50 to 54 years","Male",58
"E08000034","Kirklees","Lives in a communal establishment","Aged 55 to 59 years","Male",72
"E08000034","Kirklees","Lives in a communal establishment","Aged 60 to 64 years","Male",83
"E08000034","Kirklees","Lives in a communal establishment","Aged 65 years","Male",14
"E08000034","Kirklees","Lives in a communal establishment","Aged 66 to 69 years","Male",67
"E08000034","Kirklees","Lives in a communal establishment","Aged 70 to 74 years","Male",134
"E08000034","Kirklees","Lives in a communal establishment","Aged 75 to 79 years","Male",93
"E08000034","Kirklees","Lives in a communal establishment","Aged 80 to 84 years","Male",95
"E08000034","Kirklees","Lives in a communal establishment","Aged 85 years and over","Male",227
"E08000035","Leeds","Lives in a communal establishment","Total","Male",10044
"E08000035","Leeds","Lives in a communal establishment","Aged 2 years and under","Male",19
"E08000035","Leeds","Lives in a communal establishment","Aged 3 to 4 years","Male",9
"E08000035","Leeds","Lives in a communal establishment","Aged 5 to 7 years","Male",6
"E08000035","Leeds","Lives in a communal establishment","Aged 8 to 9 years","Male",6
"E08000035","Leeds","Lives in a communal establishment","Aged 10 to 14 years","Male",32
"E08000035","Leeds","Lives in a communal establishment","Aged 15 years","Male",9
"E08000035","Leeds","Lives in a communal establishment","Aged 16 to 17 years","Male",123
"E08000035","Leeds","Lives in a communal establishment","Aged 18 to 19 years","Male",3906
"E08000035","Leeds","Lives in a communal establishment","Aged 20 to 24 years","Male",2554
"E08000035","Leeds","Lives in a communal establishment","Aged 25 to 29 years","Male",691
"E08000035","Leeds","Lives in a communal establishment","Aged 30 to 34 years","Male",493
"E08000035","Leeds","Lives in a communal establishment","Aged 35 to 39 years","Male",319
"E08000035","Leeds","Lives in a communal establishment","Aged 40 to 44 years","Male",245
"E08000035","Leeds","Lives in a communal establishment","Aged 45 to 49 years","Male",176
"E08000035","Leeds","Lives in a communal establishment","Aged 50 to 54 years","Male",183
"E08000035","Leeds","Lives in a communal establishment","Aged 55 to 59 years","Male",127
"E08000035","Leeds","Lives in a communal establishment","Aged 60 to 64 years","Male",96
"E08000035","Leeds","Lives in a communal establishment","Aged 65 years","Male",16
"E08000035","Leeds","Lives in a communal establishment","Aged 66 to 69 years","Male",91
"E08000035","Leeds","Lives in a communal establishment","Aged 70 to 74 years","Male",139
"E08000035","Leeds","Lives in a communal establishment","Aged 75 to 79 years","Male",198
"E08000035","Leeds","Lives in a communal establishment","Aged 80 to 84 years","Male",191
"E08000035","Leeds","Lives in a communal establishment","Aged 85 years and over","Male",415
"E08000036","Wakefield","Lives in a communal establishment","Total","Male",1845
"E08000036","Wakefield","Lives in a communal establishment","Aged 2 years and under","Male",2
"E08000036","Wakefield","Lives in a communal establishment","Aged 3 to 4 years","Male",0
"E08000036","Wakefield","Lives in a communal establishment","Aged 5 to 7 years","Male",0
"E08000036","Wakefield","Lives in a communal establishment","Aged 8 to 9 years","Male",0
"E08000036","Wakefield","Lives in a communal establishment","Aged 10 to 14 years","Male",12
"E08000036","Wakefield","Lives in a communal establishment","Aged 15 years","Male",10
"E08000036","Wakefield","Lives in a communal establishment","Aged 16 to 17 years","Male",22
"E08000036","Wakefield","Lives in a communal establishment","Aged 18 to 19 years","Male",20
"E08000036","Wakefield","Lives in a communal establishment","Aged 20 to 24 years","Male",79
"E08000036","Wakefield","Lives in a communal establishment","Aged 25 to 29 years","Male",129
"E08000036","Wakefield","Lives in a communal establishment","Aged 30 to 34 years","Male",156
"E08000036","Wakefield","Lives in a communal establishment","Aged 35 to 39 years","Male",159
"E08000036","Wakefield","Lives in a communal establishment","Aged 40 to 44 years","Male",142
"E08000036","Wakefield","Lives in a communal establishment","Aged 45 to 49 years","Male",124
"E08000036","Wakefield","Lives in a communal establishment","Aged 50 to 54 years","Male",159
"E08000036","Wakefield","Lives in a communal establishment","Aged 55 to 59 years","Male",138
"E08000036","Wakefield","Lives in a communal establishment","Aged 60 to 64 years","Male",121
"E08000036","Wakefield","Lives in a communal establishment","Aged 65 years","Male",19
"E08000036","Wakefield","Lives in a communal establishment","Aged 66 to 69 years","Male",66
"E08000036","Wakefield","Lives in a communal establishment","Aged 70 to 74 years","Male",109
"E08000036","Wakefield","Lives in a communal establishment","Aged 75 to 79 years","Male",119
"E08000036","Wakefield","Lives in a communal establishment","Aged 80 to 84 years","Male",99
"E08000036","Wakefield","Lives in a communal establishment","Aged 85 years and over","Male",160
"E06000015","Derby","Lives in a communal establishment","Total","Male",2068
"E06000015","Derby","Lives in a communal establishment","Aged 2 years and under","Male",2
"E06000015","Derby","Lives in a communal establishment","Aged 3 to 4 years","Male",0
"E06000015","Derby","Lives in a communal establishment","Aged 5 to 7 years","Male",2
"E06000015","Derby","Lives in a communal establishment","Aged 8 to 9 years","Male",0
"E06000015","Derby","Lives in a communal establishment","Aged 10 to 14 years","Male",8
"E06000015","Derby","Lives in a communal establishment","Aged 15 years","Male",3
"E06000015","Derby","Lives in a communal establishment","Aged 16 to 17 years","Male",29
"E06000015","Derby","Lives in a communal establishment","Aged 18 to 19 years","Male",658
"E06000015","Derby","Lives in a communal establishment","Aged 20 to 24 years","Male",569
"E06000015","Derby","Lives in a communal establishment","Aged 25 to 29 years","Male",105
"E06000015","Derby","Lives in a communal establishment","Aged 30 to 34 years","Male",61
"E06000015","Derby","Lives in a communal establishment","Aged 35 to 39 years","Male",53
"E06000015","Derby","Lives in a communal establishment","Aged 40 to 44 years","Male",34
"E06000015","Derby","Lives in a communal establishment","Aged 45 to 49 years","Male",33
"E06000015","Derby","Lives in a communal establishment","Aged 50 to 54 years","Male",38
"E06000015","Derby","Lives in a communal establishment","Aged 55 to 59 years","Male",45
"E06000015","Derby","Lives in a communal establishment","Aged 60 to 64 years","Male",34
"E06000015","Derby","Lives in a communal establishment","Aged 65 years","Male",9
"E06000015","Derby","Lives in a communal establishment","Aged 66 to 69 years","Male",35
"E06000015","Derby","Lives in a communal establishment","Aged 70 to 74 years","Male",41
"E06000015","Derby","Lives in a communal establishment","Aged 75 to 79 years","Male",79
"E06000015","Derby","Lives in a communal establishment","Aged 80 to 84 years","Male",77
"E06000015","Derby","Lives in a communal establishment","Aged 85 years and over","Male",153
"E06000016","Leicester","Lives in a communal establishment","Total","Male",5919
"E06000016","Leicester","Lives in a communal establishment","Aged 2 years and under","Male",5
"E06000016","Leicester","Lives in a communal establishment","Aged 3 to 4 years","Male",0
"E06000016","Leicester","Lives in a communal establishment","Aged 5 to 7 years","Male",0
"E06000016","Leicester","Lives in a communal establishment","Aged 8 to 9 years","Male",2
"E06000016","Leicester","Lives in a communal establishment","Aged 10 to 14 years","Male",41
"E06000016","Leicester","Lives in a communal establishment","Aged 15 years","Male",17
"E06000016","Leicester","Lives in a communal establishment","Aged 16 to 17 years","Male",29
"E06000016","Leicester","Lives in a communal establishment","Aged 18 to 19 years","Male",1767
"E06000016","Leicester","Lives in a communal establishment","Aged 20 to 24 years","Male",2506
"E06000016","Leicester","Lives in a communal establishment","Aged 25 to 29 years","Male",294
"E06000016","Leicester","Lives in a communal establishment","Aged 30 to 34 years","Male",111
"E06000016","Leicester","Lives in a communal establishment","Aged 35 to 39 years","Male",95
"E06000016","Leicester","Lives in a communal establishment","Aged 40 to 44 years","Male",92
"E06000016","Leicester","Lives in a communal establishment","Aged 45 to 49 years","Male",70
"E06000016","Leicester","Lives in a communal establishment","Aged 50 to 54 years","Male",82
"E06000016","Leicester","Lives in a communal establishment","Aged 55 to 59 years","Male",112
"E06000016","Leicester","Lives in a communal establishment","Aged 60 to 64 years","Male",112
"E06000016","Leicester","Lives in a communal establishment","Aged 65 years","Male",16
"E06000016","Leicester","Lives in a communal establishment","Aged 66 to 69 years","Male",92
"E06000016","Leicester","Lives in a communal establishment","Aged 70 to 74 years","Male",92
"E06000016","Leicester","Lives in a communal establishment","Aged 75 to 79 years","Male",112
"E06000016","Leicester","Lives in a communal establishment","Aged 80 to 84 years","Male",89
"E06000016","Leicester","Lives in a communal establishment","Aged 85 years and over","Male",183
"E06000017","Rutland","Lives in a communal establishment","Total","Male",2811
"E06000017","Rutland","Lives in a communal establishment","Aged 2 years and under","Male",4
"E06000017","Rutland","Lives in a communal establishment","Aged 3 to 4 years","Male",3
"E06000017","Rutland","Lives in a communal establishment","Aged 5 to 7 years","Male",4
"E06000017","Rutland","Lives in a communal establishment","Aged 8 to 9 years","Male",7
"E06000017","Rutland","Lives in a communal establishment","Aged 10 to 14 years","Male",264
"E06000017","Rutland","Lives in a communal establishment","Aged 15 years","Male",96
"E06000017","Rutland","Lives in a communal establishment","Aged 16 to 17 years","Male",297
"E06000017","Rutland","Lives in a communal establishment","Aged 18 to 19 years","Male",198
"E06000017","Rutland","Lives in a communal establishment","Aged 20 to 24 years","Male",417
"E06000017","Rutland","Lives in a communal establishment","Aged 25 to 29 years","Male",492
"E06000017","Rutland","Lives in a communal establishment","Aged 30 to 34 years","Male",299
"E06000017","Rutland","Lives in a communal establishment","Aged 35 to 39 years","Male",254
"E06000017","Rutland","Lives in a communal establishment","Aged 40 to 44 years","Male",169
"E06000017","Rutland","Lives in a communal establishment","Aged 45 to 49 years","Male",92
"E06000017","Rutland","Lives in a communal establishment","Aged 50 to 54 years","Male",71
"E06000017","Rutland","Lives in a communal establishment","Aged 55 to 59 years","Male",41
"E06000017","Rutland","Lives in a communal establishment","Aged 60 to 64 years","Male",19
"E06000017","Rutland","Lives in a communal establishment","Aged 65 years","Male",4
"E06000017","Rutland","Lives in a communal establishment","Aged 66 to 69 years","Male",7
"E06000017","Rutland","Lives in a communal establishment","Aged 70 to 74 years","Male",9
"E06000017","Rutland","Lives in a communal establishment","Aged 75 to 79 years","Male",15
"E06000017","Rutland","Lives in a communal establishment","Aged 80 to 84 years","Male",6
"E06000017","Rutland","Lives in a communal establishment","Aged 85 years and over","Male",43
"E06000018","Nottingham","Lives in a communal establishment","Total","Male",11192
"E06000018","Nottingham","Lives in a communal establishment","Aged 2 years and under","Male",2
"E06000018","Nottingham","Lives in a communal establishment","Aged 3 to 4 years","Male",0
"E06000018","Nottingham","Lives in a communal establishment","Aged 5 to 7 years","Male",3
"E06000018","Nottingham","Lives in a communal establishment","Aged 8 to 9 years","Male",0
"E06000018","Nottingham","Lives in a communal establishment","Aged 10 to 14 years","Male",6
"E06000018","Nottingham","Lives in a communal establishment","Aged 15 years","Male",14
"E06000018","Nottingham","Lives in a communal establishment","Aged 16 to 17 years","Male",18
"E06000018","Nottingham","Lives in a communal establishment","Aged 18 to 19 years","Male",5942
"E06000018","Nottingham","Lives in a communal establishment","Aged 20 to 24 years","Male",3465
"E06000018","Nottingham","Lives in a communal establishment","Aged 25 to 29 years","Male",422
"E06000018","Nottingham","Lives in a communal establishment","Aged 30 to 34 years","Male",250
"E06000018","Nottingham","Lives in a communal establishment","Aged 35 to 39 years","Male",162
"E06000018","Nottingham","Lives in a communal establishment","Aged 40 to 44 years","Male",132
"E06000018","Nottingham","Lives in a communal establishment","Aged 45 to 49 years","Male",100
"E06000018","Nottingham","Lives in a communal establishment","Aged 50 to 54 years","Male",114
"E06000018","Nottingham","Lives in a communal establishment","Aged 55 to 59 years","Male",95
"E06000018","Nottingham","Lives in a communal establishment","Aged 60 to 64 years","Male",82
"E06000018","Nottingham","Lives in a communal establishment","Aged 65 years","Male",13
"E06000018","Nottingham","Lives in a communal establishment","Aged 66 to 69 years","Male",48
"E06000018","Nottingham","Lives in a communal establishment","Aged 70 to 74 years","Male",81
"E06000018","Nottingham","Lives in a communal establishment","Aged 75 to 79 years","Male",71
"E06000018","Nottingham","Lives in a communal establishment","Aged 80 to 84 years","Male",54
"E06000018","Nottingham","Lives in a communal establishment","Aged 85 years and over","Male",118
"E06000061","North Northamptonshire","Lives in a communal establishment","Total","Male",1422
"E06000061","North Northamptonshire","Lives in a communal establishment","Aged 2 years and under","Male",2
"E06000061","North Northamptonshire","Lives in a communal establishment","Aged 3 to 4 years","Male",1
"E06000061","North Northamptonshire","Lives in a communal establishment","Aged 5 to 7 years","Male",5
"E06000061","North Northamptonshire","Lives in a communal establishment","Aged 8 to 9 years","Male",3
"E06000061","North Northamptonshire","Lives in a communal establishment","Aged 10 to 14 years","Male",182
"E06000061","North Northamptonshire","Lives in a communal establishment","Aged 15 years","Male",100
"E06000061","North Northamptonshire","Lives in a communal establishment","Aged 16 to 17 years","Male",180
"E06000061","North Northamptonshire","Lives in a communal establishment","Aged 18 to 19 years","Male",54
"E06000061","North Northamptonshire","Lives in a communal establishment","Aged 20 to 24 years","Male",39
"E06000061","North Northamptonshire","Lives in a communal establishment","Aged 25 to 29 years","Male",44
"E06000061","North Northamptonshire","Lives in a communal establishment","Aged 30 to 34 years","Male",47
"E06000061","North Northamptonshire","Lives in a communal establishment","Aged 35 to 39 years","Male",44
"E06000061","North Northamptonshire","Lives in a communal establishment","Aged 40 to 44 years","Male",34
"E06000061","North Northamptonshire","Lives in a communal establishment","Aged 45 to 49 years","Male",39
"E06000061","North Northamptonshire","Lives in a communal establishment","Aged 50 to 54 years","Male",40
"E06000061","North Northamptonshire","Lives in a communal establishment","Aged 55 to 59 years","Male",51
"E06000061","North Northamptonshire","Lives in a communal establishment","Aged 60 to 64 years","Male",38
"E06000061","North Northamptonshire","Lives in a communal establishment","Aged 65 years","Male",6
"E06000061","North Northamptonshire","Lives in a communal establishment","Aged 66 to 69 years","Male",35
"E06000061","North Northamptonshire","Lives in a communal establishment","Aged 70 to 74 years","Male",73
"E06000061","North Northamptonshire","Lives in a communal establishment","Aged 75 to 79 years","Male",100
"E06000061","North Northamptonshire","Lives in a communal establishment","Aged 80 to 84 years","Male",104
"E06000061","North Northamptonshire","Lives in a communal establishment","Aged 85 years and over","Male",201
"E06000062","West Northamptonshire","Lives in a communal establishment","Total","Male",3596
"E06000062","West Northamptonshire","Lives in a communal establishment","Aged 2 years and under","Male",5
"E06000062","West Northamptonshire","Lives in a communal establishment","Aged 3 to 4 years","Male",3
"E06000062","West Northamptonshire","Lives in a communal establishment","Aged 5 to 7 years","Male",5
"E06000062","West Northamptonshire","Lives in a communal establishment","Aged 8 to 9 years","Male",3
"E06000062","West Northamptonshire","Lives in a communal establishment","Aged 10 to 14 years","Male",80
"E06000062","West Northamptonshire","Lives in a communal establishment","Aged 15 years","Male",9
"E06000062","West Northamptonshire","Lives in a communal establishment","Aged 16 to 17 years","Male",37
"E06000062","West Northamptonshire","Lives in a communal establishment","Aged 18 to 19 years","Male",412
"E06000062","West Northamptonshire","Lives in a communal establishment","Aged 20 to 24 years","Male",536
"E06000062","West Northamptonshire","Lives in a communal establishment","Aged 25 to 29 years","Male",368
"E06000062","West Northamptonshire","Lives in a communal establishment","Aged 30 to 34 years","Male",313
"E06000062","West Northamptonshire","Lives in a communal establishment","Aged 35 to 39 years","Male",250
"E06000062","West Northamptonshire","Lives in a communal establishment","Aged 40 to 44 years","Male",180
"E06000062","West Northamptonshire","Lives in a communal establishment","Aged 45 to 49 years","Male",167
"E06000062","West Northamptonshire","Lives in a communal establishment","Aged 50 to 54 years","Male",214
"E06000062","West Northamptonshire","Lives in a communal establishment","Aged 55 to 59 years","Male",197
"E06000062","West Northamptonshire","Lives in a communal establishment","Aged 60 to 64 years","Male",120
"E06000062","West Northamptonshire","Lives in a communal establishment","Aged 65 years","Male",20
"E06000062","West Northamptonshire","Lives in a communal establishment","Aged 66 to 69 years","Male",75
"E06000062","West Northamptonshire","Lives in a communal establishment","Aged 70 to 74 years","Male",128
"E06000062","West Northamptonshire","Lives in a communal establishment","Aged 75 to 79 years","Male",131
"E06000062","West Northamptonshire","Lives in a communal establishment","Aged 80 to 84 years","Male",115
"E06000062","West Northamptonshire","Lives in a communal establishment","Aged 85 years and over","Male",228
"E07000032","Amber Valley","Lives in a communal establishment","Total","Male",367
"E07000032","Amber Valley","Lives in a communal establishment","Aged 2 years and under","Male",0
"E07000032","Amber Valley","Lives in a communal establishment","Aged 3 to 4 years","Male",1
"E07000032","Amber Valley","Lives in a communal establishment","Aged 5 to 7 years","Male",1
"E07000032","Amber Valley","Lives in a communal establishment","Aged 8 to 9 years","Male",1
"E07000032","Amber Valley","Lives in a communal establishment","Aged 10 to 14 years","Male",4
"E07000032","Amber Valley","Lives in a communal establishment","Aged 15 years","Male",3
"E07000032","Amber Valley","Lives in a communal establishment","Aged 16 to 17 years","Male",11
"E07000032","Amber Valley","Lives in a communal establishment","Aged 18 to 19 years","Male",2
"E07000032","Amber Valley","Lives in a communal establishment","Aged 20 to 24 years","Male",6
"E07000032","Amber Valley","Lives in a communal establishment","Aged 25 to 29 years","Male",7
"E07000032","Amber Valley","Lives in a communal establishment","Aged 30 to 34 years","Male",13
"E07000032","Amber Valley","Lives in a communal establishment","Aged 35 to 39 years","Male",9
"E07000032","Amber Valley","Lives in a communal establishment","Aged 40 to 44 years","Male",8
"E07000032","Amber Valley","Lives in a communal establishment","Aged 45 to 49 years","Male",13
"E07000032","Amber Valley","Lives in a communal establishment","Aged 50 to 54 years","Male",22
"E07000032","Amber Valley","Lives in a communal establishment","Aged 55 to 59 years","Male",23
"E07000032","Amber Valley","Lives in a communal establishment","Aged 60 to 64 years","Male",16
"E07000032","Amber Valley","Lives in a communal establishment","Aged 65 years","Male",5
"E07000032","Amber Valley","Lives in a communal establishment","Aged 66 to 69 years","Male",19
"E07000032","Amber Valley","Lives in a communal establishment","Aged 70 to 74 years","Male",48
"E07000032","Amber Valley","Lives in a communal establishment","Aged 75 to 79 years","Male",53
"E07000032","Amber Valley","Lives in a communal establishment","Aged 80 to 84 years","Male",25
"E07000032","Amber Valley","Lives in a communal establishment","Aged 85 years and over","Male",77
"E07000033","Bolsover","Lives in a communal establishment","Total","Male",265
"E07000033","Bolsover","Lives in a communal establishment","Aged 2 years and under","Male",0
"E07000033","Bolsover","Lives in a communal establishment","Aged 3 to 4 years","Male",0
"E07000033","Bolsover","Lives in a communal establishment","Aged 5 to 7 years","Male",0
"E07000033","Bolsover","Lives in a communal establishment","Aged 8 to 9 years","Male",0
"E07000033","Bolsover","Lives in a communal establishment","Aged 10 to 14 years","Male",0
"E07000033","Bolsover","Lives in a communal establishment","Aged 15 years","Male",0
"E07000033","Bolsover","Lives in a communal establishment","Aged 16 to 17 years","Male",0
"E07000033","Bolsover","Lives in a communal establishment","Aged 18 to 19 years","Male",1
"E07000033","Bolsover","Lives in a communal establishment","Aged 20 to 24 years","Male",2
"E07000033","Bolsover","Lives in a communal establishment","Aged 25 to 29 years","Male",8
"E07000033","Bolsover","Lives in a communal establishment","Aged 30 to 34 years","Male",12
"E07000033","Bolsover","Lives in a communal establishment","Aged 35 to 39 years","Male",16
"E07000033","Bolsover","Lives in a communal establishment","Aged 40 to 44 years","Male",15
"E07000033","Bolsover","Lives in a communal establishment","Aged 45 to 49 years","Male",13
"E07000033","Bolsover","Lives in a communal establishment","Aged 50 to 54 years","Male",17
"E07000033","Bolsover","Lives in a communal establishment","Aged 55 to 59 years","Male",16
"E07000033","Bolsover","Lives in a communal establishment","Aged 60 to 64 years","Male",23
"E07000033","Bolsover","Lives in a communal establishment","Aged 65 years","Male",2
"E07000033","Bolsover","Lives in a communal establishment","Aged 66 to 69 years","Male",14
"E07000033","Bolsover","Lives in a communal establishment","Aged 70 to 74 years","Male",24
"E07000033","Bolsover","Lives in a communal establishment","Aged 75 to 79 years","Male",27
"E07000033","Bolsover","Lives in a communal establishment","Aged 80 to 84 years","Male",20
"E07000033","Bolsover","Lives in a communal establishment","Aged 85 years and over","Male",55
"E07000034","Chesterfield","Lives in a communal establishment","Total","Male",327
"E07000034","Chesterfield","Lives in a communal establishment","Aged 2 years and under","Male",0
"E07000034","Chesterfield","Lives in a communal establishment","Aged 3 to 4 years","Male",0
"E07000034","Chesterfield","Lives in a communal establishment","Aged 5 to 7 years","Male",0
"E07000034","Chesterfield","Lives in a communal establishment","Aged 8 to 9 years","Male",0
"E07000034","Chesterfield","Lives in a communal establishment","Aged 10 to 14 years","Male",2
"E07000034","Chesterfield","Lives in a communal establishment","Aged 15 years","Male",0
"E07000034","Chesterfield","Lives in a communal establishment","Aged 16 to 17 years","Male",8
"E07000034","Chesterfield","Lives in a communal establishment","Aged 18 to 19 years","Male",4
"E07000034","Chesterfield","Lives in a communal establishment","Aged 20 to 24 years","Male",7
"E07000034","Chesterfield","Lives in a communal establishment","Aged 25 to 29 years","Male",13
"E07000034","Chesterfield","Lives in a communal establishment","Aged 30 to 34 years","Male",13
"E07000034","Chesterfield","Lives in a communal establishment","Aged 35 to 39 years","Male",4
"E07000034","Chesterfield","Lives in a communal establishment","Aged 40 to 44 years","Male",8
"E07000034","Chesterfield","Lives in a communal establishment","Aged 45 to 49 years","Male",16
"E07000034","Chesterfield","Lives in a communal establishment","Aged 50 to 54 years","Male",16
"E07000034","Chesterfield","Lives in a communal establishment","Aged 55 to 59 years","Male",21
"E07000034","Chesterfield","Lives in a communal establishment","Aged 60 to 64 years","Male",29
"E07000034","Chesterfield","Lives in a communal establishment","Aged 65 years","Male",8
"E07000034","Chesterfield","Lives in a communal establishment","Aged 66 to 69 years","Male",10
"E07000034","Chesterfield","Lives in a communal establishment","Aged 70 to 74 years","Male",28
"E07000034","Chesterfield","Lives in a communal establishment","Aged 75 to 79 years","Male",28
"E07000034","Chesterfield","Lives in a communal establishment","Aged 80 to 84 years","Male",36
"E07000034","Chesterfield","Lives in a communal establishment","Aged 85 years and over","Male",76
"E07000035","Derbyshire Dales","Lives in a communal establishment","Total","Male",693
"E07000035","Derbyshire Dales","Lives in a communal establishment","Aged 2 years and under","Male",1
"E07000035","Derbyshire Dales","Lives in a communal establishment","Aged 3 to 4 years","Male",0
"E07000035","Derbyshire Dales","Lives in a communal establishment","Aged 5 to 7 years","Male",3
"E07000035","Derbyshire Dales","Lives in a communal establishment","Aged 8 to 9 years","Male",1
"E07000035","Derbyshire Dales","Lives in a communal establishment","Aged 10 to 14 years","Male",10
"E07000035","Derbyshire Dales","Lives in a communal establishment","Aged 15 years","Male",4
"E07000035","Derbyshire Dales","Lives in a communal establishment","Aged 16 to 17 years","Male",17
"E07000035","Derbyshire Dales","Lives in a communal establishment","Aged 18 to 19 years","Male",12
"E07000035","Derbyshire Dales","Lives in a communal establishment","Aged 20 to 24 years","Male",54
"E07000035","Derbyshire Dales","Lives in a communal establishment","Aged 25 to 29 years","Male",89
"E07000035","Derbyshire Dales","Lives in a communal establishment","Aged 30 to 34 years","Male",102
"E07000035","Derbyshire Dales","Lives in a communal establishment","Aged 35 to 39 years","Male",67
"E07000035","Derbyshire Dales","Lives in a communal establishment","Aged 40 to 44 years","Male",56
"E07000035","Derbyshire Dales","Lives in a communal establishment","Aged 45 to 49 years","Male",48
"E07000035","Derbyshire Dales","Lives in a communal establishment","Aged 50 to 54 years","Male",37
"E07000035","Derbyshire Dales","Lives in a communal establishment","Aged 55 to 59 years","Male",28
"E07000035","Derbyshire Dales","Lives in a communal establishment","Aged 60 to 64 years","Male",22
"E07000035","Derbyshire Dales","Lives in a communal establishment","Aged 65 years","Male",3
"E07000035","Derbyshire Dales","Lives in a communal establishment","Aged 66 to 69 years","Male",10
"E07000035","Derbyshire Dales","Lives in a communal establishment","Aged 70 to 74 years","Male",16
"E07000035","Derbyshire Dales","Lives in a communal establishment","Aged 75 to 79 years","Male",20
"E07000035","Derbyshire Dales","Lives in a communal establishment","Aged 80 to 84 years","Male",34
"E07000035","Derbyshire Dales","Lives in a communal establishment","Aged 85 years and over","Male",59
"E07000036","Erewash","Lives in a communal establishment","Total","Male",270
"E07000036","Erewash","Lives in a communal establishment","Aged 2 years and under","Male",0
"E07000036","Erewash","Lives in a communal establishment","Aged 3 to 4 years","Male",1
"E07000036","Erewash","Lives in a communal establishment","Aged 5 to 7 years","Male",1
"E07000036","Erewash","Lives in a communal establishment","Aged 8 to 9 years","Male",0
"E07000036","Erewash","Lives in a communal establishment","Aged 10 to 14 years","Male",10
"E07000036","Erewash","Lives in a communal establishment","Aged 15 years","Male",5
"E07000036","Erewash","Lives in a communal establishment","Aged 16 to 17 years","Male",16
"E07000036","Erewash","Lives in a communal establishment","Aged 18 to 19 years","Male",11
"E07000036","Erewash","Lives in a communal establishment","Aged 20 to 24 years","Male",4
"E07000036","Erewash","Lives in a communal establishment","Aged 25 to 29 years","Male",7
"E07000036","Erewash","Lives in a communal establishment","Aged 30 to 34 years","Male",4
"E07000036","Erewash","Lives in a communal establishment","Aged 35 to 39 years","Male",15
"E07000036","Erewash","Lives in a communal establishment","Aged 40 to 44 years","Male",7
"E07000036","Erewash","Lives in a communal establishment","Aged 45 to 49 years","Male",6
"E07000036","Erewash","Lives in a communal establishment","Aged 50 to 54 years","Male",4
"E07000036","Erewash","Lives in a communal establishment","Aged 55 to 59 years","Male",18
"E07000036","Erewash","Lives in a communal establishment","Aged 60 to 64 years","Male",9
"E07000036","Erewash","Lives in a communal establishment","Aged 65 years","Male",3
"E07000036","Erewash","Lives in a communal establishment","Aged 66 to 69 years","Male",11
"E07000036","Erewash","Lives in a communal establishment","Aged 70 to 74 years","Male",18
"E07000036","Erewash","Lives in a communal establishment","Aged 75 to 79 years","Male",20
"E07000036","Erewash","Lives in a communal establishment","Aged 80 to 84 years","Male",37
"E07000036","Erewash","Lives in a communal establishment","Aged 85 years and over","Male",63
"E07000037","High Peak","Lives in a communal establishment","Total","Male",251
"E07000037","High Peak","Lives in a communal establishment","Aged 2 years and under","Male",0
"E07000037","High Peak","Lives in a communal establishment","Aged 3 to 4 years","Male",0
"E07000037","High Peak","Lives in a communal establishment","Aged 5 to 7 years","Male",0
"E07000037","High Peak","Lives in a communal establishment","Aged 8 to 9 years","Male",0
"E07000037","High Peak","Lives in a communal establishment","Aged 10 to 14 years","Male",2
"E07000037","High Peak","Lives in a communal establishment","Aged 15 years","Male",0
"E07000037","High Peak","Lives in a communal establishment","Aged 16 to 17 years","Male",7
"E07000037","High Peak","Lives in a communal establishment","Aged 18 to 19 years","Male",9
"E07000037","High Peak","Lives in a communal establishment","Aged 20 to 24 years","Male",13
"E07000037","High Peak","Lives in a communal establishment","Aged 25 to 29 years","Male",10
"E07000037","High Peak","Lives in a communal establishment","Aged 30 to 34 years","Male",6
"E07000037","High Peak","Lives in a communal establishment","Aged 35 to 39 years","Male",5
"E07000037","High Peak","Lives in a communal establishment","Aged 40 to 44 years","Male",10
"E07000037","High Peak","Lives in a communal establishment","Aged 45 to 49 years","Male",9
"E07000037","High Peak","Lives in a communal establishment","Aged 50 to 54 years","Male",12
"E07000037","High Peak","Lives in a communal establishment","Aged 55 to 59 years","Male",12
"E07000037","High Peak","Lives in a communal establishment","Aged 60 to 64 years","Male",4
"E07000037","High Peak","Lives in a communal establishment","Aged 65 years","Male",3
"E07000037","High Peak","Lives in a communal establishment","Aged 66 to 69 years","Male",12
"E07000037","High Peak","Lives in a communal establishment","Aged 70 to 74 years","Male",22
"E07000037","High Peak","Lives in a communal establishment","Aged 75 to 79 years","Male",40
"E07000037","High Peak","Lives in a communal establishment","Aged 80 to 84 years","Male",33
"E07000037","High Peak","Lives in a communal establishment","Aged 85 years and over","Male",42
"E07000038","North East Derbyshire","Lives in a communal establishment","Total","Male",244
"E07000038","North East Derbyshire","Lives in a communal establishment","Aged 2 years and under","Male",0
"E07000038","North East Derbyshire","Lives in a communal establishment","Aged 3 to 4 years","Male",0
"E07000038","North East Derbyshire","Lives in a communal establishment","Aged 5 to 7 years","Male",0
"E07000038","North East Derbyshire","Lives in a communal establishment","Aged 8 to 9 years","Male",0
"E07000038","North East Derbyshire","Lives in a communal establishment","Aged 10 to 14 years","Male",0
"E07000038","North East Derbyshire","Lives in a communal establishment","Aged 15 years","Male",0
"E07000038","North East Derbyshire","Lives in a communal establishment","Aged 16 to 17 years","Male",8
"E07000038","North East Derbyshire","Lives in a communal establishment","Aged 18 to 19 years","Male",4
"E07000038","North East Derbyshire","Lives in a communal establishment","Aged 20 to 24 years","Male",3
"E07000038","North East Derbyshire","Lives in a communal establishment","Aged 25 to 29 years","Male",2
"E07000038","North East Derbyshire","Lives in a communal establishment","Aged 30 to 34 years","Male",6
"E07000038","North East Derbyshire","Lives in a communal establishment","Aged 35 to 39 years","Male",5
"E07000038","North East Derbyshire","Lives in a communal establishment","Aged 40 to 44 years","Male",5
"E07000038","North East Derbyshire","Lives in a communal establishment","Aged 45 to 49 years","Male",1
"E07000038","North East Derbyshire","Lives in a communal establishment","Aged 50 to 54 years","Male",8
"E07000038","North East Derbyshire","Lives in a communal establishment","Aged 55 to 59 years","Male",13
"E07000038","North East Derbyshire","Lives in a communal establishment","Aged 60 to 64 years","Male",18
"E07000038","North East Derbyshire","Lives in a communal establishment","Aged 65 years","Male",3
"E07000038","North East Derbyshire","Lives in a communal establishment","Aged 66 to 69 years","Male",15
"E07000038","North East Derbyshire","Lives in a communal establishment","Aged 70 to 74 years","Male",15
"E07000038","North East Derbyshire","Lives in a communal establishment","Aged 75 to 79 years","Male",30
"E07000038","North East Derbyshire","Lives in a communal establishment","Aged 80 to 84 years","Male",26
"E07000038","North East Derbyshire","Lives in a communal establishment","Aged 85 years and over","Male",82
"E07000039","South Derbyshire","Lives in a communal establishment","Total","Male",464
"E07000039","South Derbyshire","Lives in a communal establishment","Aged 2 years and under","Male",1
"E07000039","South Derbyshire","Lives in a communal establishment","Aged 3 to 4 years","Male",4
"E07000039","South Derbyshire","Lives in a communal establishment","Aged 5 to 7 years","Male",4
"E07000039","South Derbyshire","Lives in a communal establishment","Aged 8 to 9 years","Male",5
"E07000039","South Derbyshire","Lives in a communal establishment","Aged 10 to 14 years","Male",65
"E07000039","South Derbyshire","Lives in a communal establishment","Aged 15 years","Male",27
"E07000039","South Derbyshire","Lives in a communal establishment","Aged 16 to 17 years","Male",87
"E07000039","South Derbyshire","Lives in a communal establishment","Aged 18 to 19 years","Male",29
"E07000039","South Derbyshire","Lives in a communal establishment","Aged 20 to 24 years","Male",6
"E07000039","South Derbyshire","Lives in a communal establishment","Aged 25 to 29 years","Male",11
"E07000039","South Derbyshire","Lives in a communal establishment","Aged 30 to 34 years","Male",15
"E07000039","South Derbyshire","Lives in a communal establishment","Aged 35 to 39 years","Male",18
"E07000039","South Derbyshire","Lives in a communal establishment","Aged 40 to 44 years","Male",4
"E07000039","South Derbyshire","Lives in a communal establishment","Aged 45 to 49 years","Male",18
"E07000039","South Derbyshire","Lives in a communal establishment","Aged 50 to 54 years","Male",13
"E07000039","South Derbyshire","Lives in a communal establishment","Aged 55 to 59 years","Male",16
"E07000039","South Derbyshire","Lives in a communal establishment","Aged 60 to 64 years","Male",18
"E07000039","South Derbyshire","Lives in a communal establishment","Aged 65 years","Male",4
"E07000039","South Derbyshire","Lives in a communal establishment","Aged 66 to 69 years","Male",10
"E07000039","South Derbyshire","Lives in a communal establishment","Aged 70 to 74 years","Male",15
"E07000039","South Derbyshire","Lives in a communal establishment","Aged 75 to 79 years","Male",23
"E07000039","South Derbyshire","Lives in a communal establishment","Aged 80 to 84 years","Male",20
"E07000039","South Derbyshire","Lives in a communal establishment","Aged 85 years and over","Male",51
"E07000129","Blaby","Lives in a communal establishment","Total","Male",134
"E07000129","Blaby","Lives in a communal establishment","Aged 2 years and under","Male",0
"E07000129","Blaby","Lives in a communal establishment","Aged 3 to 4 years","Male",0
"E07000129","Blaby","Lives in a communal establishment","Aged 5 to 7 years","Male",0
"E07000129","Blaby","Lives in a communal establishment","Aged 8 to 9 years","Male",0
"E07000129","Blaby","Lives in a communal establishment","Aged 10 to 14 years","Male",0
"E07000129","Blaby","Lives in a communal establishment","Aged 15 years","Male",0
"E07000129","Blaby","Lives in a communal establishment","Aged 16 to 17 years","Male",0
"E07000129","Blaby","Lives in a communal establishment","Aged 18 to 19 years","Male",0
"E07000129","Blaby","Lives in a communal establishment","Aged 20 to 24 years","Male",2
"E07000129","Blaby","Lives in a communal establishment","Aged 25 to 29 years","Male",5
"E07000129","Blaby","Lives in a communal establishment","Aged 30 to 34 years","Male",5
"E07000129","Blaby","Lives in a communal establishment","Aged 35 to 39 years","Male",5
"E07000129","Blaby","Lives in a communal establishment","Aged 40 to 44 years","Male",6
"E07000129","Blaby","Lives in a communal establishment","Aged 45 to 49 years","Male",4
"E07000129","Blaby","Lives in a communal establishment","Aged 50 to 54 years","Male",12
"E07000129","Blaby","Lives in a communal establishment","Aged 55 to 59 years","Male",7
"E07000129","Blaby","Lives in a communal establishment","Aged 60 to 64 years","Male",7
"E07000129","Blaby","Lives in a communal establishment","Aged 65 years","Male",1
"E07000129","Blaby","Lives in a communal establishment","Aged 66 to 69 years","Male",7
"E07000129","Blaby","Lives in a communal establishment","Aged 70 to 74 years","Male",7
"E07000129","Blaby","Lives in a communal establishment","Aged 75 to 79 years","Male",7
"E07000129","Blaby","Lives in a communal establishment","Aged 80 to 84 years","Male",15
"E07000129","Blaby","Lives in a communal establishment","Aged 85 years and over","Male",44
"E07000130","Charnwood","Lives in a communal establishment","Total","Male",4999
"E07000130","Charnwood","Lives in a communal establishment","Aged 2 years and under","Male",1
"E07000130","Charnwood","Lives in a communal establishment","Aged 3 to 4 years","Male",0
"E07000130","Charnwood","Lives in a communal establishment","Aged 5 to 7 years","Male",3
"E07000130","Charnwood","Lives in a communal establishment","Aged 8 to 9 years","Male",2
"E07000130","Charnwood","Lives in a communal establishment","Aged 10 to 14 years","Male",25
"E07000130","Charnwood","Lives in a communal establishment","Aged 15 years","Male",19
"E07000130","Charnwood","Lives in a communal establishment","Aged 16 to 17 years","Male",113
"E07000130","Charnwood","Lives in a communal establishment","Aged 18 to 19 years","Male",2560
"E07000130","Charnwood","Lives in a communal establishment","Aged 20 to 24 years","Male",1540
"E07000130","Charnwood","Lives in a communal establishment","Aged 25 to 29 years","Male",146
"E07000130","Charnwood","Lives in a communal establishment","Aged 30 to 34 years","Male",75
"E07000130","Charnwood","Lives in a communal establishment","Aged 35 to 39 years","Male",38
"E07000130","Charnwood","Lives in a communal establishment","Aged 40 to 44 years","Male",48
"E07000130","Charnwood","Lives in a communal establishment","Aged 45 to 49 years","Male",41
"E07000130","Charnwood","Lives in a communal establishment","Aged 50 to 54 years","Male",45
"E07000130","Charnwood","Lives in a communal establishment","Aged 55 to 59 years","Male",45
"E07000130","Charnwood","Lives in a communal establishment","Aged 60 to 64 years","Male",37
"E07000130","Charnwood","Lives in a communal establishment","Aged 65 years","Male",10
"E07000130","Charnwood","Lives in a communal establishment","Aged 66 to 69 years","Male",27
"E07000130","Charnwood","Lives in a communal establishment","Aged 70 to 74 years","Male",39
"E07000130","Charnwood","Lives in a communal establishment","Aged 75 to 79 years","Male",51
"E07000130","Charnwood","Lives in a communal establishment","Aged 80 to 84 years","Male",56
"E07000130","Charnwood","Lives in a communal establishment","Aged 85 years and over","Male",78
"E07000131","Harborough","Lives in a communal establishment","Total","Male",966
"E07000131","Harborough","Lives in a communal establishment","Aged 2 years and under","Male",2
"E07000131","Harborough","Lives in a communal establishment","Aged 3 to 4 years","Male",1
"E07000131","Harborough","Lives in a communal establishment","Aged 5 to 7 years","Male",0
"E07000131","Harborough","Lives in a communal establishment","Aged 8 to 9 years","Male",0
"E07000131","Harborough","Lives in a communal establishment","Aged 10 to 14 years","Male",6
"E07000131","Harborough","Lives in a communal establishment","Aged 15 years","Male",18
"E07000131","Harborough","Lives in a communal establishment","Aged 16 to 17 years","Male",67
"E07000131","Harborough","Lives in a communal establishment","Aged 18 to 19 years","Male",22
"E07000131","Harborough","Lives in a communal establishment","Aged 20 to 24 years","Male",34
"E07000131","Harborough","Lives in a communal establishment","Aged 25 to 29 years","Male",84
"E07000131","Harborough","Lives in a communal establishment","Aged 30 to 34 years","Male",108
"E07000131","Harborough","Lives in a communal establishment","Aged 35 to 39 years","Male",89
"E07000131","Harborough","Lives in a communal establishment","Aged 40 to 44 years","Male",74
"E07000131","Harborough","Lives in a communal establishment","Aged 45 to 49 years","Male",74
"E07000131","Harborough","Lives in a communal establishment","Aged 50 to 54 years","Male",67
"E07000131","Harborough","Lives in a communal establishment","Aged 55 to 59 years","Male",60
"E07000131","Harborough","Lives in a communal establishment","Aged 60 to 64 years","Male",58
"E07000131","Harborough","Lives in a communal establishment","Aged 65 years","Male",16
"E07000131","Harborough","Lives in a communal establishment","Aged 66 to 69 years","Male",14
"E07000131","Harborough","Lives in a communal establishment","Aged 70 to 74 years","Male",28
"E07000131","Harborough","Lives in a communal establishment","Aged 75 to 79 years","Male",36
"E07000131","Harborough","Lives in a communal establishment","Aged 80 to 84 years","Male",40
"E07000131","Harborough","Lives in a communal establishment","Aged 85 years and over","Male",68
"E07000132","Hinckley and Bosworth","Lives in a communal establishment","Total","Male",274
"E07000132","Hinckley and Bosworth","Lives in a communal establishment","Aged 2 years and under","Male",1
"E07000132","Hinckley and Bosworth","Lives in a communal establishment","Aged 3 to 4 years","Male",3
"E07000132","Hinckley and Bosworth","Lives in a communal establishment","Aged 5 to 7 years","Male",5
"E07000132","Hinckley and Bosworth","Lives in a communal establishment","Aged 8 to 9 years","Male",3
"E07000132","Hinckley and Bosworth","Lives in a communal establishment","Aged 10 to 14 years","Male",6
"E07000132","Hinckley and Bosworth","Lives in a communal establishment","Aged 15 years","Male",3
"E07000132","Hinckley and Bosworth","Lives in a communal establishment","Aged 16 to 17 years","Male",2
"E07000132","Hinckley and Bosworth","Lives in a communal establishment","Aged 18 to 19 years","Male",3
"E07000132","Hinckley and Bosworth","Lives in a communal establishment","Aged 20 to 24 years","Male",10
"E07000132","Hinckley and Bosworth","Lives in a communal establishment","Aged 25 to 29 years","Male",3
"E07000132","Hinckley and Bosworth","Lives in a communal establishment","Aged 30 to 34 years","Male",17
"E07000132","Hinckley and Bosworth","Lives in a communal establishment","Aged 35 to 39 years","Male",10
"E07000132","Hinckley and Bosworth","Lives in a communal establishment","Aged 40 to 44 years","Male",9
"E07000132","Hinckley and Bosworth","Lives in a communal establishment","Aged 45 to 49 years","Male",11
"E07000132","Hinckley and Bosworth","Lives in a communal establishment","Aged 50 to 54 years","Male",9
"E07000132","Hinckley and Bosworth","Lives in a communal establishment","Aged 55 to 59 years","Male",12
"E07000132","Hinckley and Bosworth","Lives in a communal establishment","Aged 60 to 64 years","Male",17
"E07000132","Hinckley and Bosworth","Lives in a communal establishment","Aged 65 years","Male",2
"E07000132","Hinckley and Bosworth","Lives in a communal establishment","Aged 66 to 69 years","Male",11
"E07000132","Hinckley and Bosworth","Lives in a communal establishment","Aged 70 to 74 years","Male",18
"E07000132","Hinckley and Bosworth","Lives in a communal establishment","Aged 75 to 79 years","Male",20
"E07000132","Hinckley and Bosworth","Lives in a communal establishment","Aged 80 to 84 years","Male",29
"E07000132","Hinckley and Bosworth","Lives in a communal establishment","Aged 85 years and over","Male",70
"E07000133","Melton","Lives in a communal establishment","Total","Male",156
"E07000133","Melton","Lives in a communal establishment","Aged 2 years and under","Male",0
"E07000133","Melton","Lives in a communal establishment","Aged 3 to 4 years","Male",0
"E07000133","Melton","Lives in a communal establishment","Aged 5 to 7 years","Male",1
"E07000133","Melton","Lives in a communal establishment","Aged 8 to 9 years","Male",3
"E07000133","Melton","Lives in a communal establishment","Aged 10 to 14 years","Male",5
"E07000133","Melton","Lives in a communal establishment","Aged 15 years","Male",1
"E07000133","Melton","Lives in a communal establishment","Aged 16 to 17 years","Male",32
"E07000133","Melton","Lives in a communal establishment","Aged 18 to 19 years","Male",10
"E07000133","Melton","Lives in a communal establishment","Aged 20 to 24 years","Male",2
"E07000133","Melton","Lives in a communal establishment","Aged 25 to 29 years","Male",2
"E07000133","Melton","Lives in a communal establishment","Aged 30 to 34 years","Male",4
"E07000133","Melton","Lives in a communal establishment","Aged 35 to 39 years","Male",6
"E07000133","Melton","Lives in a communal establishment","Aged 40 to 44 years","Male",9
"E07000133","Melton","Lives in a communal establishment","Aged 45 to 49 years","Male",2
"E07000133","Melton","Lives in a communal establishment","Aged 50 to 54 years","Male",6
"E07000133","Melton","Lives in a communal establishment","Aged 55 to 59 years","Male",4
"E07000133","Melton","Lives in a communal establishment","Aged 60 to 64 years","Male",5
"E07000133","Melton","Lives in a communal establishment","Aged 65 years","Male",1
"E07000133","Melton","Lives in a communal establishment","Aged 66 to 69 years","Male",7
"E07000133","Melton","Lives in a communal establishment","Aged 70 to 74 years","Male",7
"E07000133","Melton","Lives in a communal establishment","Aged 75 to 79 years","Male",7
"E07000133","Melton","Lives in a communal establishment","Aged 80 to 84 years","Male",16
"E07000133","Melton","Lives in a communal establishment","Aged 85 years and over","Male",26
"E07000134","North West Leicestershire","Lives in a communal establishment","Total","Male",158
"E07000134","North West Leicestershire","Lives in a communal establishment","Aged 2 years and under","Male",0
"E07000134","North West Leicestershire","Lives in a communal establishment","Aged 3 to 4 years","Male",1
"E07000134","North West Leicestershire","Lives in a communal establishment","Aged 5 to 7 years","Male",0
"E07000134","North West Leicestershire","Lives in a communal establishment","Aged 8 to 9 years","Male",0
"E07000134","North West Leicestershire","Lives in a communal establishment","Aged 10 to 14 years","Male",1
"E07000134","North West Leicestershire","Lives in a communal establishment","Aged 15 years","Male",2
"E07000134","North West Leicestershire","Lives in a communal establishment","Aged 16 to 17 years","Male",0
"E07000134","North West Leicestershire","Lives in a communal establishment","Aged 18 to 19 years","Male",0
"E07000134","North West Leicestershire","Lives in a communal establishment","Aged 20 to 24 years","Male",4
"E07000134","North West Leicestershire","Lives in a communal establishment","Aged 25 to 29 years","Male",3
"E07000134","North West Leicestershire","Lives in a communal establishment","Aged 30 to 34 years","Male",7
"E07000134","North West Leicestershire","Lives in a communal establishment","Aged 35 to 39 years","Male",4
"E07000134","North West Leicestershire","Lives in a communal establishment","Aged 40 to 44 years","Male",6
"E07000134","North West Leicestershire","Lives in a communal establishment","Aged 45 to 49 years","Male",3
"E07000134","North West Leicestershire","Lives in a communal establishment","Aged 50 to 54 years","Male",5
"E07000134","North West Leicestershire","Lives in a communal establishment","Aged 55 to 59 years","Male",5
"E07000134","North West Leicestershire","Lives in a communal establishment","Aged 60 to 64 years","Male",12
"E07000134","North West Leicestershire","Lives in a communal establishment","Aged 65 years","Male",2
"E07000134","North West Leicestershire","Lives in a communal establishment","Aged 66 to 69 years","Male",6
"E07000134","North West Leicestershire","Lives in a communal establishment","Aged 70 to 74 years","Male",11
"E07000134","North West Leicestershire","Lives in a communal establishment","Aged 75 to 79 years","Male",22
"E07000134","North West Leicestershire","Lives in a communal establishment","Aged 80 to 84 years","Male",27
"E07000134","North West Leicestershire","Lives in a communal establishment","Aged 85 years and over","Male",37
"E07000135","Oadby and Wigston","Lives in a communal establishment","Total","Male",861
"E07000135","Oadby and Wigston","Lives in a communal establishment","Aged 2 years and under","Male",0
"E07000135","Oadby and Wigston","Lives in a communal establishment","Aged 3 to 4 years","Male",0
"E07000135","Oadby and Wigston","Lives in a communal establishment","Aged 5 to 7 years","Male",0
"E07000135","Oadby and Wigston","Lives in a communal establishment","Aged 8 to 9 years","Male",0
"E07000135","Oadby and Wigston","Lives in a communal establishment","Aged 10 to 14 years","Male",3
"E07000135","Oadby and Wigston","Lives in a communal establishment","Aged 15 years","Male",1
"E07000135","Oadby and Wigston","Lives in a communal establishment","Aged 16 to 17 years","Male",1
"E07000135","Oadby and Wigston","Lives in a communal establishment","Aged 18 to 19 years","Male",590
"E07000135","Oadby and Wigston","Lives in a communal establishment","Aged 20 to 24 years","Male",100
"E07000135","Oadby and Wigston","Lives in a communal establishment","Aged 25 to 29 years","Male",7
"E07000135","Oadby and Wigston","Lives in a communal establishment","Aged 30 to 34 years","Male",2
"E07000135","Oadby and Wigston","Lives in a communal establishment","Aged 35 to 39 years","Male",3
"E07000135","Oadby and Wigston","Lives in a communal establishment","Aged 40 to 44 years","Male",0
"E07000135","Oadby and Wigston","Lives in a communal establishment","Aged 45 to 49 years","Male",5
"E07000135","Oadby and Wigston","Lives in a communal establishment","Aged 50 to 54 years","Male",3
"E07000135","Oadby and Wigston","Lives in a communal establishment","Aged 55 to 59 years","Male",18
"E07000135","Oadby and Wigston","Lives in a communal establishment","Aged 60 to 64 years","Male",8
"E07000135","Oadby and Wigston","Lives in a communal establishment","Aged 65 years","Male",3
"E07000135","Oadby and Wigston","Lives in a communal establishment","Aged 66 to 69 years","Male",7
"E07000135","Oadby and Wigston","Lives in a communal establishment","Aged 70 to 74 years","Male",16
"E07000135","Oadby and Wigston","Lives in a communal establishment","Aged 75 to 79 years","Male",20
"E07000135","Oadby and Wigston","Lives in a communal establishment","Aged 80 to 84 years","Male",16
"E07000135","Oadby and Wigston","Lives in a communal establishment","Aged 85 years and over","Male",58
"E07000136","Boston","Lives in a communal establishment","Total","Male",479
"E07000136","Boston","Lives in a communal establishment","Aged 2 years and under","Male",0
"E07000136","Boston","Lives in a communal establishment","Aged 3 to 4 years","Male",0
"E07000136","Boston","Lives in a communal establishment","Aged 5 to 7 years","Male",0
"E07000136","Boston","Lives in a communal establishment","Aged 8 to 9 years","Male",0
"E07000136","Boston","Lives in a communal establishment","Aged 10 to 14 years","Male",1
"E07000136","Boston","Lives in a communal establishment","Aged 15 years","Male",0
"E07000136","Boston","Lives in a communal establishment","Aged 16 to 17 years","Male",2
"E07000136","Boston","Lives in a communal establishment","Aged 18 to 19 years","Male",3
"E07000136","Boston","Lives in a communal establishment","Aged 20 to 24 years","Male",6
"E07000136","Boston","Lives in a communal establishment","Aged 25 to 29 years","Male",28
"E07000136","Boston","Lives in a communal establishment","Aged 30 to 34 years","Male",35
"E07000136","Boston","Lives in a communal establishment","Aged 35 to 39 years","Male",47
"E07000136","Boston","Lives in a communal establishment","Aged 40 to 44 years","Male",43
"E07000136","Boston","Lives in a communal establishment","Aged 45 to 49 years","Male",40
"E07000136","Boston","Lives in a communal establishment","Aged 50 to 54 years","Male",48
"E07000136","Boston","Lives in a communal establishment","Aged 55 to 59 years","Male",42
"E07000136","Boston","Lives in a communal establishment","Aged 60 to 64 years","Male",28
"E07000136","Boston","Lives in a communal establishment","Aged 65 years","Male",3
"E07000136","Boston","Lives in a communal establishment","Aged 66 to 69 years","Male",13
"E07000136","Boston","Lives in a communal establishment","Aged 70 to 74 years","Male",25
"E07000136","Boston","Lives in a communal establishment","Aged 75 to 79 years","Male",36
"E07000136","Boston","Lives in a communal establishment","Aged 80 to 84 years","Male",20
"E07000136","Boston","Lives in a communal establishment","Aged 85 years and over","Male",59
"E07000137","East Lindsey","Lives in a communal establishment","Total","Male",1249
"E07000137","East Lindsey","Lives in a communal establishment","Aged 2 years and under","Male",3
"E07000137","East Lindsey","Lives in a communal establishment","Aged 3 to 4 years","Male",2
"E07000137","East Lindsey","Lives in a communal establishment","Aged 5 to 7 years","Male",3
"E07000137","East Lindsey","Lives in a communal establishment","Aged 8 to 9 years","Male",1
"E07000137","East Lindsey","Lives in a communal establishment","Aged 10 to 14 years","Male",2
"E07000137","East Lindsey","Lives in a communal establishment","Aged 15 years","Male",0
"E07000137","East Lindsey","Lives in a communal establishment","Aged 16 to 17 years","Male",5
"E07000137","East Lindsey","Lives in a communal establishment","Aged 18 to 19 years","Male",48
"E07000137","East Lindsey","Lives in a communal establishment","Aged 20 to 24 years","Male",226
"E07000137","East Lindsey","Lives in a communal establishment","Aged 25 to 29 years","Male",202
"E07000137","East Lindsey","Lives in a communal establishment","Aged 30 to 34 years","Male",94
"E07000137","East Lindsey","Lives in a communal establishment","Aged 35 to 39 years","Male",53
"E07000137","East Lindsey","Lives in a communal establishment","Aged 40 to 44 years","Male",64
"E07000137","East Lindsey","Lives in a communal establishment","Aged 45 to 49 years","Male",53
"E07000137","East Lindsey","Lives in a communal establishment","Aged 50 to 54 years","Male",44
"E07000137","East Lindsey","Lives in a communal establishment","Aged 55 to 59 years","Male",61
"E07000137","East Lindsey","Lives in a communal establishment","Aged 60 to 64 years","Male",24
"E07000137","East Lindsey","Lives in a communal establishment","Aged 65 years","Male",8
"E07000137","East Lindsey","Lives in a communal establishment","Aged 66 to 69 years","Male",23
"E07000137","East Lindsey","Lives in a communal establishment","Aged 70 to 74 years","Male",47
"E07000137","East Lindsey","Lives in a communal establishment","Aged 75 to 79 years","Male",61
"E07000137","East Lindsey","Lives in a communal establishment","Aged 80 to 84 years","Male",84
"E07000137","East Lindsey","Lives in a communal establishment","Aged 85 years and over","Male",141
"E07000138","Lincoln","Lives in a communal establishment","Total","Male",3429
"E07000138","Lincoln","Lives in a communal establishment","Aged 2 years and under","Male",0
"E07000138","Lincoln","Lives in a communal establishment","Aged 3 to 4 years","Male",0
"E07000138","Lincoln","Lives in a communal establishment","Aged 5 to 7 years","Male",0
"E07000138","Lincoln","Lives in a communal establishment","Aged 8 to 9 years","Male",2
"E07000138","Lincoln","Lives in a communal establishment","Aged 10 to 14 years","Male",4
"E07000138","Lincoln","Lives in a communal establishment","Aged 15 years","Male",2
"E07000138","Lincoln","Lives in a communal establishment","Aged 16 to 17 years","Male",27
"E07000138","Lincoln","Lives in a communal establishment","Aged 18 to 19 years","Male",1411
"E07000138","Lincoln","Lives in a communal establishment","Aged 20 to 24 years","Male",1199
"E07000138","Lincoln","Lives in a communal establishment","Aged 25 to 29 years","Male",164
"E07000138","Lincoln","Lives in a communal establishment","Aged 30 to 34 years","Male",104
"E07000138","Lincoln","Lives in a communal establishment","Aged 35 to 39 years","Male",95
"E07000138","Lincoln","Lives in a communal establishment","Aged 40 to 44 years","Male",70
"E07000138","Lincoln","Lives in a communal establishment","Aged 45 to 49 years","Male",49
"E07000138","Lincoln","Lives in a communal establishment","Aged 50 to 54 years","Male",47
"E07000138","Lincoln","Lives in a communal establishment","Aged 55 to 59 years","Male",27
"E07000138","Lincoln","Lives in a communal establishment","Aged 60 to 64 years","Male",39
"E07000138","Lincoln","Lives in a communal establishment","Aged 65 years","Male",4
"E07000138","Lincoln","Lives in a communal establishment","Aged 66 to 69 years","Male",10
"E07000138","Lincoln","Lives in a communal establishment","Aged 70 to 74 years","Male",22
"E07000138","Lincoln","Lives in a communal establishment","Aged 75 to 79 years","Male",29
"E07000138","Lincoln","Lives in a communal establishment","Aged 80 to 84 years","Male",47
"E07000138","Lincoln","Lives in a communal establishment","Aged 85 years and over","Male",77
"E07000139","North Kesteven","Lives in a communal establishment","Total","Male",1334
"E07000139","North Kesteven","Lives in a communal establishment","Aged 2 years and under","Male",0
"E07000139","North Kesteven","Lives in a communal establishment","Aged 3 to 4 years","Male",0
"E07000139","North Kesteven","Lives in a communal establishment","Aged 5 to 7 years","Male",0
"E07000139","North Kesteven","Lives in a communal establishment","Aged 8 to 9 years","Male",0
"E07000139","North Kesteven","Lives in a communal establishment","Aged 10 to 14 years","Male",9
"E07000139","North Kesteven","Lives in a communal establishment","Aged 15 years","Male",2
"E07000139","North Kesteven","Lives in a communal establishment","Aged 16 to 17 years","Male",16
"E07000139","North Kesteven","Lives in a communal establishment","Aged 18 to 19 years","Male",62
"E07000139","North Kesteven","Lives in a communal establishment","Aged 20 to 24 years","Male",335
"E07000139","North Kesteven","Lives in a communal establishment","Aged 25 to 29 years","Male",339
"E07000139","North Kesteven","Lives in a communal establishment","Aged 30 to 34 years","Male",124
"E07000139","North Kesteven","Lives in a communal establishment","Aged 35 to 39 years","Male",91
"E07000139","North Kesteven","Lives in a communal establishment","Aged 40 to 44 years","Male",41
"E07000139","North Kesteven","Lives in a communal establishment","Aged 45 to 49 years","Male",35
"E07000139","North Kesteven","Lives in a communal establishment","Aged 50 to 54 years","Male",24
"E07000139","North Kesteven","Lives in a communal establishment","Aged 55 to 59 years","Male",26
"E07000139","North Kesteven","Lives in a communal establishment","Aged 60 to 64 years","Male",16
"E07000139","North Kesteven","Lives in a communal establishment","Aged 65 years","Male",3
"E07000139","North Kesteven","Lives in a communal establishment","Aged 66 to 69 years","Male",20
"E07000139","North Kesteven","Lives in a communal establishment","Aged 70 to 74 years","Male",30
"E07000139","North Kesteven","Lives in a communal establishment","Aged 75 to 79 years","Male",30
"E07000139","North Kesteven","Lives in a communal establishment","Aged 80 to 84 years","Male",51
"E07000139","North Kesteven","Lives in a communal establishment","Aged 85 years and over","Male",80
"E07000140","South Holland","Lives in a communal establishment","Total","Male",253
"E07000140","South Holland","Lives in a communal establishment","Aged 2 years and under","Male",0
"E07000140","South Holland","Lives in a communal establishment","Aged 3 to 4 years","Male",0
"E07000140","South Holland","Lives in a communal establishment","Aged 5 to 7 years","Male",0
"E07000140","South Holland","Lives in a communal establishment","Aged 8 to 9 years","Male",0
"E07000140","South Holland","Lives in a communal establishment","Aged 10 to 14 years","Male",3
"E07000140","South Holland","Lives in a communal establishment","Aged 15 years","Male",2
"E07000140","South Holland","Lives in a communal establishment","Aged 16 to 17 years","Male",0
"E07000140","South Holland","Lives in a communal establishment","Aged 18 to 19 years","Male",1
"E07000140","South Holland","Lives in a communal establishment","Aged 20 to 24 years","Male",6
"E07000140","South Holland","Lives in a communal establishment","Aged 25 to 29 years","Male",5
"E07000140","South Holland","Lives in a communal establishment","Aged 30 to 34 years","Male",3
"E07000140","South Holland","Lives in a communal establishment","Aged 35 to 39 years","Male",4
"E07000140","South Holland","Lives in a communal establishment","Aged 40 to 44 years","Male",3
"E07000140","South Holland","Lives in a communal establishment","Aged 45 to 49 years","Male",5
"E07000140","South Holland","Lives in a communal establishment","Aged 50 to 54 years","Male",9
"E07000140","South Holland","Lives in a communal establishment","Aged 55 to 59 years","Male",5
"E07000140","South Holland","Lives in a communal establishment","Aged 60 to 64 years","Male",7
"E07000140","South Holland","Lives in a communal establishment","Aged 65 years","Male",1
"E07000140","South Holland","Lives in a communal establishment","Aged 66 to 69 years","Male",9
"E07000140","South Holland","Lives in a communal establishment","Aged 70 to 74 years","Male",16
"E07000140","South Holland","Lives in a communal establishment","Aged 75 to 79 years","Male",36
"E07000140","South Holland","Lives in a communal establishment","Aged 80 to 84 years","Male",50
"E07000140","South Holland","Lives in a communal establishment","Aged 85 years and over","Male",88
"E07000141","South Kesteven","Lives in a communal establishment","Total","Male",462
"E07000141","South Kesteven","Lives in a communal establishment","Aged 2 years and under","Male",2
"E07000141","South Kesteven","Lives in a communal establishment","Aged 3 to 4 years","Male",1
"E07000141","South Kesteven","Lives in a communal establishment","Aged 5 to 7 years","Male",3
"E07000141","South Kesteven","Lives in a communal establishment","Aged 8 to 9 years","Male",3
"E07000141","South Kesteven","Lives in a communal establishment","Aged 10 to 14 years","Male",45
"E07000141","South Kesteven","Lives in a communal establishment","Aged 15 years","Male",10
"E07000141","South Kesteven","Lives in a communal establishment","Aged 16 to 17 years","Male",41
"E07000141","South Kesteven","Lives in a communal establishment","Aged 18 to 19 years","Male",22
"E07000141","South Kesteven","Lives in a communal establishment","Aged 20 to 24 years","Male",15
"E07000141","South Kesteven","Lives in a communal establishment","Aged 25 to 29 years","Male",5
"E07000141","South Kesteven","Lives in a communal establishment","Aged 30 to 34 years","Male",8
"E07000141","South Kesteven","Lives in a communal establishment","Aged 35 to 39 years","Male",5
"E07000141","South Kesteven","Lives in a communal establishment","Aged 40 to 44 years","Male",10
"E07000141","South Kesteven","Lives in a communal establishment","Aged 45 to 49 years","Male",12
"E07000141","South Kesteven","Lives in a communal establishment","Aged 50 to 54 years","Male",15
"E07000141","South Kesteven","Lives in a communal establishment","Aged 55 to 59 years","Male",6
"E07000141","South Kesteven","Lives in a communal establishment","Aged 60 to 64 years","Male",7
"E07000141","South Kesteven","Lives in a communal establishment","Aged 65 years","Male",3
"E07000141","South Kesteven","Lives in a communal establishment","Aged 66 to 69 years","Male",19
"E07000141","South Kesteven","Lives in a communal establishment","Aged 70 to 74 years","Male",26
"E07000141","South Kesteven","Lives in a communal establishment","Aged 75 to 79 years","Male",39
"E07000141","South Kesteven","Lives in a communal establishment","Aged 80 to 84 years","Male",50
"E07000141","South Kesteven","Lives in a communal establishment","Aged 85 years and over","Male",115
"E07000142","West Lindsey","Lives in a communal establishment","Total","Male",533
"E07000142","West Lindsey","Lives in a communal establishment","Aged 2 years and under","Male",0
"E07000142","West Lindsey","Lives in a communal establishment","Aged 3 to 4 years","Male",0
"E07000142","West Lindsey","Lives in a communal establishment","Aged 5 to 7 years","Male",0
"E07000142","West Lindsey","Lives in a communal establishment","Aged 8 to 9 years","Male",0
"E07000142","West Lindsey","Lives in a communal establishment","Aged 10 to 14 years","Male",7
"E07000142","West Lindsey","Lives in a communal establishment","Aged 15 years","Male",3
"E07000142","West Lindsey","Lives in a communal establishment","Aged 16 to 17 years","Male",21
"E07000142","West Lindsey","Lives in a communal establishment","Aged 18 to 19 years","Male",13
"E07000142","West Lindsey","Lives in a communal establishment","Aged 20 to 24 years","Male",43
"E07000142","West Lindsey","Lives in a communal establishment","Aged 25 to 29 years","Male",47
"E07000142","West Lindsey","Lives in a communal establishment","Aged 30 to 34 years","Male",27
"E07000142","West Lindsey","Lives in a communal establishment","Aged 35 to 39 years","Male",13
"E07000142","West Lindsey","Lives in a communal establishment","Aged 40 to 44 years","Male",18
"E07000142","West Lindsey","Lives in a communal establishment","Aged 45 to 49 years","Male",18
"E07000142","West Lindsey","Lives in a communal establishment","Aged 50 to 54 years","Male",23
"E07000142","West Lindsey","Lives in a communal establishment","Aged 55 to 59 years","Male",45
"E07000142","West Lindsey","Lives in a communal establishment","Aged 60 to 64 years","Male",38
"E07000142","West Lindsey","Lives in a communal establishment","Aged 65 years","Male",7
"E07000142","West Lindsey","Lives in a communal establishment","Aged 66 to 69 years","Male",20
"E07000142","West Lindsey","Lives in a communal establishment","Aged 70 to 74 years","Male",20
"E07000142","West Lindsey","Lives in a communal establishment","Aged 75 to 79 years","Male",39
"E07000142","West Lindsey","Lives in a communal establishment","Aged 80 to 84 years","Male",35
"E07000142","West Lindsey","Lives in a communal establishment","Aged 85 years and over","Male",96
"E07000170","Ashfield","Lives in a communal establishment","Total","Male",471
"E07000170","Ashfield","Lives in a communal establishment","Aged 2 years and under","Male",0
"E07000170","Ashfield","Lives in a communal establishment","Aged 3 to 4 years","Male",0
"E07000170","Ashfield","Lives in a communal establishment","Aged 5 to 7 years","Male",0
"E07000170","Ashfield","Lives in a communal establishment","Aged 8 to 9 years","Male",0
"E07000170","Ashfield","Lives in a communal establishment","Aged 10 to 14 years","Male",0
"E07000170","Ashfield","Lives in a communal establishment","Aged 15 years","Male",0
"E07000170","Ashfield","Lives in a communal establishment","Aged 16 to 17 years","Male",3
"E07000170","Ashfield","Lives in a communal establishment","Aged 18 to 19 years","Male",2
"E07000170","Ashfield","Lives in a communal establishment","Aged 20 to 24 years","Male",17
"E07000170","Ashfield","Lives in a communal establishment","Aged 25 to 29 years","Male",18
"E07000170","Ashfield","Lives in a communal establishment","Aged 30 to 34 years","Male",28
"E07000170","Ashfield","Lives in a communal establishment","Aged 35 to 39 years","Male",23
"E07000170","Ashfield","Lives in a communal establishment","Aged 40 to 44 years","Male",25
"E07000170","Ashfield","Lives in a communal establishment","Aged 45 to 49 years","Male",15
"E07000170","Ashfield","Lives in a communal establishment","Aged 50 to 54 years","Male",25
"E07000170","Ashfield","Lives in a communal establishment","Aged 55 to 59 years","Male",29
"E07000170","Ashfield","Lives in a communal establishment","Aged 60 to 64 years","Male",29
"E07000170","Ashfield","Lives in a communal establishment","Aged 65 years","Male",7
"E07000170","Ashfield","Lives in a communal establishment","Aged 66 to 69 years","Male",18
"E07000170","Ashfield","Lives in a communal establishment","Aged 70 to 74 years","Male",40
"E07000170","Ashfield","Lives in a communal establishment","Aged 75 to 79 years","Male",55
"E07000170","Ashfield","Lives in a communal establishment","Aged 80 to 84 years","Male",35
"E07000170","Ashfield","Lives in a communal establishment","Aged 85 years and over","Male",102
"E07000171","Bassetlaw","Lives in a communal establishment","Total","Male",1562
"E07000171","Bassetlaw","Lives in a communal establishment","Aged 2 years and under","Male",0
"E07000171","Bassetlaw","Lives in a communal establishment","Aged 3 to 4 years","Male",0
"E07000171","Bassetlaw","Lives in a communal establishment","Aged 5 to 7 years","Male",0
"E07000171","Bassetlaw","Lives in a communal establishment","Aged 8 to 9 years","Male",0
"E07000171","Bassetlaw","Lives in a communal establishment","Aged 10 to 14 years","Male",12
"E07000171","Bassetlaw","Lives in a communal establishment","Aged 15 years","Male",2
"E07000171","Bassetlaw","Lives in a communal establishment","Aged 16 to 17 years","Male",13
"E07000171","Bassetlaw","Lives in a communal establishment","Aged 18 to 19 years","Male",4
"E07000171","Bassetlaw","Lives in a communal establishment","Aged 20 to 24 years","Male",146
"E07000171","Bassetlaw","Lives in a communal establishment","Aged 25 to 29 years","Male",228
"E07000171","Bassetlaw","Lives in a communal establishment","Aged 30 to 34 years","Male",254
"E07000171","Bassetlaw","Lives in a communal establishment","Aged 35 to 39 years","Male",207
"E07000171","Bassetlaw","Lives in a communal establishment","Aged 40 to 44 years","Male",153
"E07000171","Bassetlaw","Lives in a communal establishment","Aged 45 to 49 years","Male",99
"E07000171","Bassetlaw","Lives in a communal establishment","Aged 50 to 54 years","Male",58
"E07000171","Bassetlaw","Lives in a communal establishment","Aged 55 to 59 years","Male",58
"E07000171","Bassetlaw","Lives in a communal establishment","Aged 60 to 64 years","Male",34
"E07000171","Bassetlaw","Lives in a communal establishment","Aged 65 years","Male",10
"E07000171","Bassetlaw","Lives in a communal establishment","Aged 66 to 69 years","Male",15
"E07000171","Bassetlaw","Lives in a communal establishment","Aged 70 to 74 years","Male",34
"E07000171","Bassetlaw","Lives in a communal establishment","Aged 75 to 79 years","Male",62
"E07000171","Bassetlaw","Lives in a communal establishment","Aged 80 to 84 years","Male",49
"E07000171","Bassetlaw","Lives in a communal establishment","Aged 85 years and over","Male",124
"E07000172","Broxtowe","Lives in a communal establishment","Total","Male",845
"E07000172","Broxtowe","Lives in a communal establishment","Aged 2 years and under","Male",0
"E07000172","Broxtowe","Lives in a communal establishment","Aged 3 to 4 years","Male",0
"E07000172","Broxtowe","Lives in a communal establishment","Aged 5 to 7 years","Male",0
"E07000172","Broxtowe","Lives in a communal establishment","Aged 8 to 9 years","Male",1
"E07000172","Broxtowe","Lives in a communal establishment","Aged 10 to 14 years","Male",1
"E07000172","Broxtowe","Lives in a communal establishment","Aged 15 years","Male",0
"E07000172","Broxtowe","Lives in a communal establishment","Aged 16 to 17 years","Male",3
"E07000172","Broxtowe","Lives in a communal establishment","Aged 18 to 19 years","Male",304
"E07000172","Broxtowe","Lives in a communal establishment","Aged 20 to 24 years","Male",155
"E07000172","Broxtowe","Lives in a communal establishment","Aged 25 to 29 years","Male",36
"E07000172","Broxtowe","Lives in a communal establishment","Aged 30 to 34 years","Male",36
"E07000172","Broxtowe","Lives in a communal establishment","Aged 35 to 39 years","Male",20
"E07000172","Broxtowe","Lives in a communal establishment","Aged 40 to 44 years","Male",25
"E07000172","Broxtowe","Lives in a communal establishment","Aged 45 to 49 years","Male",17
"E07000172","Broxtowe","Lives in a communal establishment","Aged 50 to 54 years","Male",8
"E07000172","Broxtowe","Lives in a communal establishment","Aged 55 to 59 years","Male",13
"E07000172","Broxtowe","Lives in a communal establishment","Aged 60 to 64 years","Male",21
"E07000172","Broxtowe","Lives in a communal establishment","Aged 65 years","Male",2
"E07000172","Broxtowe","Lives in a communal establishment","Aged 66 to 69 years","Male",7
"E07000172","Broxtowe","Lives in a communal establishment","Aged 70 to 74 years","Male",20
"E07000172","Broxtowe","Lives in a communal establishment","Aged 75 to 79 years","Male",33
"E07000172","Broxtowe","Lives in a communal establishment","Aged 80 to 84 years","Male",34
"E07000172","Broxtowe","Lives in a communal establishment","Aged 85 years and over","Male",109
"E07000173","Gedling","Lives in a communal establishment","Total","Male",200
"E07000173","Gedling","Lives in a communal establishment","Aged 2 years and under","Male",0
"E07000173","Gedling","Lives in a communal establishment","Aged 3 to 4 years","Male",0
"E07000173","Gedling","Lives in a communal establishment","Aged 5 to 7 years","Male",0
"E07000173","Gedling","Lives in a communal establishment","Aged 8 to 9 years","Male",0
"E07000173","Gedling","Lives in a communal establishment","Aged 10 to 14 years","Male",1
"E07000173","Gedling","Lives in a communal establishment","Aged 15 years","Male",0
"E07000173","Gedling","Lives in a communal establishment","Aged 16 to 17 years","Male",1
"E07000173","Gedling","Lives in a communal establishment","Aged 18 to 19 years","Male",4
"E07000173","Gedling","Lives in a communal establishment","Aged 20 to 24 years","Male",9
"E07000173","Gedling","Lives in a communal establishment","Aged 25 to 29 years","Male",5
"E07000173","Gedling","Lives in a communal establishment","Aged 30 to 34 years","Male",3
"E07000173","Gedling","Lives in a communal establishment","Aged 35 to 39 years","Male",3
"E07000173","Gedling","Lives in a communal establishment","Aged 40 to 44 years","Male",2
"E07000173","Gedling","Lives in a communal establishment","Aged 45 to 49 years","Male",5
"E07000173","Gedling","Lives in a communal establishment","Aged 50 to 54 years","Male",5
"E07000173","Gedling","Lives in a communal establishment","Aged 55 to 59 years","Male",10
"E07000173","Gedling","Lives in a communal establishment","Aged 60 to 64 years","Male",4
"E07000173","Gedling","Lives in a communal establishment","Aged 65 years","Male",3
"E07000173","Gedling","Lives in a communal establishment","Aged 66 to 69 years","Male",14
"E07000173","Gedling","Lives in a communal establishment","Aged 70 to 74 years","Male",18
"E07000173","Gedling","Lives in a communal establishment","Aged 75 to 79 years","Male",29
"E07000173","Gedling","Lives in a communal establishment","Aged 80 to 84 years","Male",30
"E07000173","Gedling","Lives in a communal establishment","Aged 85 years and over","Male",54
"E07000174","Mansfield","Lives in a communal establishment","Total","Male",306
"E07000174","Mansfield","Lives in a communal establishment","Aged 2 years and under","Male",0
"E07000174","Mansfield","Lives in a communal establishment","Aged 3 to 4 years","Male",0
"E07000174","Mansfield","Lives in a communal establishment","Aged 5 to 7 years","Male",0
"E07000174","Mansfield","Lives in a communal establishment","Aged 8 to 9 years","Male",0
"E07000174","Mansfield","Lives in a communal establishment","Aged 10 to 14 years","Male",1
"E07000174","Mansfield","Lives in a communal establishment","Aged 15 years","Male",0
"E07000174","Mansfield","Lives in a communal establishment","Aged 16 to 17 years","Male",3
"E07000174","Mansfield","Lives in a communal establishment","Aged 18 to 19 years","Male",2
"E07000174","Mansfield","Lives in a communal establishment","Aged 20 to 24 years","Male",14
"E07000174","Mansfield","Lives in a communal establishment","Aged 25 to 29 years","Male",4
"E07000174","Mansfield","Lives in a communal establishment","Aged 30 to 34 years","Male",16
"E07000174","Mansfield","Lives in a communal establishment","Aged 35 to 39 years","Male",13
"E07000174","Mansfield","Lives in a communal establishment","Aged 40 to 44 years","Male",16
"E07000174","Mansfield","Lives in a communal establishment","Aged 45 to 49 years","Male",12
"E07000174","Mansfield","Lives in a communal establishment","Aged 50 to 54 years","Male",18
"E07000174","Mansfield","Lives in a communal establishment","Aged 55 to 59 years","Male",21
"E07000174","Mansfield","Lives in a communal establishment","Aged 60 to 64 years","Male",25
"E07000174","Mansfield","Lives in a communal establishment","Aged 65 years","Male",4
"E07000174","Mansfield","Lives in a communal establishment","Aged 66 to 69 years","Male",17
"E07000174","Mansfield","Lives in a communal establishment","Aged 70 to 74 years","Male",30
"E07000174","Mansfield","Lives in a communal establishment","Aged 75 to 79 years","Male",24
"E07000174","Mansfield","Lives in a communal establishment","Aged 80 to 84 years","Male",26
"E07000174","Mansfield","Lives in a communal establishment","Aged 85 years and over","Male",60
"E07000175","Newark and Sherwood","Lives in a communal establishment","Total","Male",1376
"E07000175","Newark and Sherwood","Lives in a communal establishment","Aged 2 years and under","Male",0
"E07000175","Newark and Sherwood","Lives in a communal establishment","Aged 3 to 4 years","Male",0
"E07000175","Newark and Sherwood","Lives in a communal establishment","Aged 5 to 7 years","Male",0
"E07000175","Newark and Sherwood","Lives in a communal establishment","Aged 8 to 9 years","Male",0
"E07000175","Newark and Sherwood","Lives in a communal establishment","Aged 10 to 14 years","Male",17
"E07000175","Newark and Sherwood","Lives in a communal establishment","Aged 15 years","Male",1
"E07000175","Newark and Sherwood","Lives in a communal establishment","Aged 16 to 17 years","Male",8
"E07000175","Newark and Sherwood","Lives in a communal establishment","Aged 18 to 19 years","Male",54
"E07000175","Newark and Sherwood","Lives in a communal establishment","Aged 20 to 24 years","Male",157
"E07000175","Newark and Sherwood","Lives in a communal establishment","Aged 25 to 29 years","Male",213
"E07000175","Newark and Sherwood","Lives in a communal establishment","Aged 30 to 34 years","Male",195
"E07000175","Newark and Sherwood","Lives in a communal establishment","Aged 35 to 39 years","Male",151
"E07000175","Newark and Sherwood","Lives in a communal establishment","Aged 40 to 44 years","Male",114
"E07000175","Newark and Sherwood","Lives in a communal establishment","Aged 45 to 49 years","Male",84
"E07000175","Newark and Sherwood","Lives in a communal establishment","Aged 50 to 54 years","Male",74
"E07000175","Newark and Sherwood","Lives in a communal establishment","Aged 55 to 59 years","Male",59
"E07000175","Newark and Sherwood","Lives in a communal establishment","Aged 60 to 64 years","Male",26
"E07000175","Newark and Sherwood","Lives in a communal establishment","Aged 65 years","Male",3
"E07000175","Newark and Sherwood","Lives in a communal establishment","Aged 66 to 69 years","Male",21
"E07000175","Newark and Sherwood","Lives in a communal establishment","Aged 70 to 74 years","Male",31
"E07000175","Newark and Sherwood","Lives in a communal establishment","Aged 75 to 79 years","Male",37
"E07000175","Newark and Sherwood","Lives in a communal establishment","Aged 80 to 84 years","Male",40
"E07000175","Newark and Sherwood","Lives in a communal establishment","Aged 85 years and over","Male",91
"E07000176","Rushcliffe","Lives in a communal establishment","Total","Male",1350
"E07000176","Rushcliffe","Lives in a communal establishment","Aged 2 years and under","Male",0
"E07000176","Rushcliffe","Lives in a communal establishment","Aged 3 to 4 years","Male",0
"E07000176","Rushcliffe","Lives in a communal establishment","Aged 5 to 7 years","Male",0
"E07000176","Rushcliffe","Lives in a communal establishment","Aged 8 to 9 years","Male",0
"E07000176","Rushcliffe","Lives in a communal establishment","Aged 10 to 14 years","Male",1
"E07000176","Rushcliffe","Lives in a communal establishment","Aged 15 years","Male",0
"E07000176","Rushcliffe","Lives in a communal establishment","Aged 16 to 17 years","Male",5
"E07000176","Rushcliffe","Lives in a communal establishment","Aged 18 to 19 years","Male",126
"E07000176","Rushcliffe","Lives in a communal establishment","Aged 20 to 24 years","Male",126
"E07000176","Rushcliffe","Lives in a communal establishment","Aged 25 to 29 years","Male",94
"E07000176","Rushcliffe","Lives in a communal establishment","Aged 30 to 34 years","Male",122
"E07000176","Rushcliffe","Lives in a communal establishment","Aged 35 to 39 years","Male",109
"E07000176","Rushcliffe","Lives in a communal establishment","Aged 40 to 44 years","Male",99
"E07000176","Rushcliffe","Lives in a communal establishment","Aged 45 to 49 years","Male",88
"E07000176","Rushcliffe","Lives in a communal establishment","Aged 50 to 54 years","Male",89
"E07000176","Rushcliffe","Lives in a communal establishment","Aged 55 to 59 years","Male",99
"E07000176","Rushcliffe","Lives in a communal establishment","Aged 60 to 64 years","Male",74
"E07000176","Rushcliffe","Lives in a communal establishment","Aged 65 years","Male",11
"E07000176","Rushcliffe","Lives in a communal establishment","Aged 66 to 69 years","Male",52
"E07000176","Rushcliffe","Lives in a communal establishment","Aged 70 to 74 years","Male",58
"E07000176","Rushcliffe","Lives in a communal establishment","Aged 75 to 79 years","Male",54
"E07000176","Rushcliffe","Lives in a communal establishment","Aged 80 to 84 years","Male",51
"E07000176","Rushcliffe","Lives in a communal establishment","Aged 85 years and over","Male",92
"E06000019","Herefordshire, County of","Lives in a communal establishment","Total","Male",1133
"E06000019","Herefordshire, County of","Lives in a communal establishment","Aged 2 years and under","Male",1
"E06000019","Herefordshire, County of","Lives in a communal establishment","Aged 3 to 4 years","Male",1
"E06000019","Herefordshire, County of","Lives in a communal establishment","Aged 5 to 7 years","Male",3
"E06000019","Herefordshire, County of","Lives in a communal establishment","Aged 8 to 9 years","Male",3
"E06000019","Herefordshire, County of","Lives in a communal establishment","Aged 10 to 14 years","Male",25
"E06000019","Herefordshire, County of","Lives in a communal establishment","Aged 15 years","Male",10
"E06000019","Herefordshire, County of","Lives in a communal establishment","Aged 16 to 17 years","Male",29
"E06000019","Herefordshire, County of","Lives in a communal establishment","Aged 18 to 19 years","Male",50
"E06000019","Herefordshire, County of","Lives in a communal establishment","Aged 20 to 24 years","Male",63
"E06000019","Herefordshire, County of","Lives in a communal establishment","Aged 25 to 29 years","Male",157
"E06000019","Herefordshire, County of","Lives in a communal establishment","Aged 30 to 34 years","Male",55
"E06000019","Herefordshire, County of","Lives in a communal establishment","Aged 35 to 39 years","Male",83
"E06000019","Herefordshire, County of","Lives in a communal establishment","Aged 40 to 44 years","Male",44
"E06000019","Herefordshire, County of","Lives in a communal establishment","Aged 45 to 49 years","Male",64
"E06000019","Herefordshire, County of","Lives in a communal establishment","Aged 50 to 54 years","Male",56
"E06000019","Herefordshire, County of","Lives in a communal establishment","Aged 55 to 59 years","Male",55
"E06000019","Herefordshire, County of","Lives in a communal establishment","Aged 60 to 64 years","Male",41
"E06000019","Herefordshire, County of","Lives in a communal establishment","Aged 65 years","Male",7
"E06000019","Herefordshire, County of","Lives in a communal establishment","Aged 66 to 69 years","Male",22
"E06000019","Herefordshire, County of","Lives in a communal establishment","Aged 70 to 74 years","Male",40
"E06000019","Herefordshire, County of","Lives in a communal establishment","Aged 75 to 79 years","Male",76
"E06000019","Herefordshire, County of","Lives in a communal establishment","Aged 80 to 84 years","Male",73
"E06000019","Herefordshire, County of","Lives in a communal establishment","Aged 85 years and over","Male",175
"E06000020","Telford and Wrekin","Lives in a communal establishment","Total","Male",843
"E06000020","Telford and Wrekin","Lives in a communal establishment","Aged 2 years and under","Male",0
"E06000020","Telford and Wrekin","Lives in a communal establishment","Aged 3 to 4 years","Male",0
"E06000020","Telford and Wrekin","Lives in a communal establishment","Aged 5 to 7 years","Male",0
"E06000020","Telford and Wrekin","Lives in a communal establishment","Aged 8 to 9 years","Male",2
"E06000020","Telford and Wrekin","Lives in a communal establishment","Aged 10 to 14 years","Male",45
"E06000020","Telford and Wrekin","Lives in a communal establishment","Aged 15 years","Male",16
"E06000020","Telford and Wrekin","Lives in a communal establishment","Aged 16 to 17 years","Male",64
"E06000020","Telford and Wrekin","Lives in a communal establishment","Aged 18 to 19 years","Male",159
"E06000020","Telford and Wrekin","Lives in a communal establishment","Aged 20 to 24 years","Male",148
"E06000020","Telford and Wrekin","Lives in a communal establishment","Aged 25 to 29 years","Male",24
"E06000020","Telford and Wrekin","Lives in a communal establishment","Aged 30 to 34 years","Male",10
"E06000020","Telford and Wrekin","Lives in a communal establishment","Aged 35 to 39 years","Male",15
"E06000020","Telford and Wrekin","Lives in a communal establishment","Aged 40 to 44 years","Male",18
"E06000020","Telford and Wrekin","Lives in a communal establishment","Aged 45 to 49 years","Male",16
"E06000020","Telford and Wrekin","Lives in a communal establishment","Aged 50 to 54 years","Male",27
"E06000020","Telford and Wrekin","Lives in a communal establishment","Aged 55 to 59 years","Male",27
"E06000020","Telford and Wrekin","Lives in a communal establishment","Aged 60 to 64 years","Male",37
"E06000020","Telford and Wrekin","Lives in a communal establishment","Aged 65 years","Male",7
"E06000020","Telford and Wrekin","Lives in a communal establishment","Aged 66 to 69 years","Male",19
"E06000020","Telford and Wrekin","Lives in a communal establishment","Aged 70 to 74 years","Male",35
"E06000020","Telford and Wrekin","Lives in a communal establishment","Aged 75 to 79 years","Male",41
"E06000020","Telford and Wrekin","Lives in a communal establishment","Aged 80 to 84 years","Male",52
"E06000020","Telford and Wrekin","Lives in a communal establishment","Aged 85 years and over","Male",81
"E06000021","Stoke-on-Trent","Lives in a communal establishment","Total","Male",1799
"E06000021","Stoke-on-Trent","Lives in a communal establishment","Aged 2 years and under","Male",0
"E06000021","Stoke-on-Trent","Lives in a communal establishment","Aged 3 to 4 years","Male",0
"E06000021","Stoke-on-Trent","Lives in a communal establishment","Aged 5 to 7 years","Male",0
"E06000021","Stoke-on-Trent","Lives in a communal establishment","Aged 8 to 9 years","Male",1
"E06000021","Stoke-on-Trent","Lives in a communal establishment","Aged 10 to 14 years","Male",0
"E06000021","Stoke-on-Trent","Lives in a communal establishment","Aged 15 years","Male",2
"E06000021","Stoke-on-Trent","Lives in a communal establishment","Aged 16 to 17 years","Male",4
"E06000021","Stoke-on-Trent","Lives in a communal establishment","Aged 18 to 19 years","Male",489
"E06000021","Stoke-on-Trent","Lives in a communal establishment","Aged 20 to 24 years","Male",494
"E06000021","Stoke-on-Trent","Lives in a communal establishment","Aged 25 to 29 years","Male",60
"E06000021","Stoke-on-Trent","Lives in a communal establishment","Aged 30 to 34 years","Male",55
"E06000021","Stoke-on-Trent","Lives in a communal establishment","Aged 35 to 39 years","Male",38
"E06000021","Stoke-on-Trent","Lives in a communal establishment","Aged 40 to 44 years","Male",24
"E06000021","Stoke-on-Trent","Lives in a communal establishment","Aged 45 to 49 years","Male",49
"E06000021","Stoke-on-Trent","Lives in a communal establishment","Aged 50 to 54 years","Male",46
"E06000021","Stoke-on-Trent","Lives in a communal establishment","Aged 55 to 59 years","Male",60
"E06000021","Stoke-on-Trent","Lives in a communal establishment","Aged 60 to 64 years","Male",62
"E06000021","Stoke-on-Trent","Lives in a communal establishment","Aged 65 years","Male",13
"E06000021","Stoke-on-Trent","Lives in a communal establishment","Aged 66 to 69 years","Male",44
"E06000021","Stoke-on-Trent","Lives in a communal establishment","Aged 70 to 74 years","Male",79
"E06000021","Stoke-on-Trent","Lives in a communal establishment","Aged 75 to 79 years","Male",69
"E06000021","Stoke-on-Trent","Lives in a communal establishment","Aged 80 to 84 years","Male",86
"E06000021","Stoke-on-Trent","Lives in a communal establishment","Aged 85 years and over","Male",124
"E06000051","Shropshire","Lives in a communal establishment","Total","Male",4445
"E06000051","Shropshire","Lives in a communal establishment","Aged 2 years and under","Male",1
"E06000051","Shropshire","Lives in a communal establishment","Aged 3 to 4 years","Male",3
"E06000051","Shropshire","Lives in a communal establishment","Aged 5 to 7 years","Male",3
"E06000051","Shropshire","Lives in a communal establishment","Aged 8 to 9 years","Male",17
"E06000051","Shropshire","Lives in a communal establishment","Aged 10 to 14 years","Male",191
"E06000051","Shropshire","Lives in a communal establishment","Aged 15 years","Male",96
"E06000051","Shropshire","Lives in a communal establishment","Aged 16 to 17 years","Male",299
"E06000051","Shropshire","Lives in a communal establishment","Aged 18 to 19 years","Male",399
"E06000051","Shropshire","Lives in a communal establishment","Aged 20 to 24 years","Male",902
"E06000051","Shropshire","Lives in a communal establishment","Aged 25 to 29 years","Male",566
"E06000051","Shropshire","Lives in a communal establishment","Aged 30 to 34 years","Male",320
"E06000051","Shropshire","Lives in a communal establishment","Aged 35 to 39 years","Male",390
"E06000051","Shropshire","Lives in a communal establishment","Aged 40 to 44 years","Male",176
"E06000051","Shropshire","Lives in a communal establishment","Aged 45 to 49 years","Male",171
"E06000051","Shropshire","Lives in a communal establishment","Aged 50 to 54 years","Male",134
"E06000051","Shropshire","Lives in a communal establishment","Aged 55 to 59 years","Male",81
"E06000051","Shropshire","Lives in a communal establishment","Aged 60 to 64 years","Male",57
"E06000051","Shropshire","Lives in a communal establishment","Aged 65 years","Male",10
"E06000051","Shropshire","Lives in a communal establishment","Aged 66 to 69 years","Male",38
"E06000051","Shropshire","Lives in a communal establishment","Aged 70 to 74 years","Male",89
"E06000051","Shropshire","Lives in a communal establishment","Aged 75 to 79 years","Male",105
"E06000051","Shropshire","Lives in a communal establishment","Aged 80 to 84 years","Male",126
"E06000051","Shropshire","Lives in a communal establishment","Aged 85 years and over","Male",271
"E07000192","Cannock Chase","Lives in a communal establishment","Total","Male",198
"E07000192","Cannock Chase","Lives in a communal establishment","Aged 2 years and under","Male",0
"E07000192","Cannock Chase","Lives in a communal establishment","Aged 3 to 4 years","Male",0
"E07000192","Cannock Chase","Lives in a communal establishment","Aged 5 to 7 years","Male",0
"E07000192","Cannock Chase","Lives in a communal establishment","Aged 8 to 9 years","Male",0
"E07000192","Cannock Chase","Lives in a communal establishment","Aged 10 to 14 years","Male",5
"E07000192","Cannock Chase","Lives in a communal establishment","Aged 15 years","Male",4
"E07000192","Cannock Chase","Lives in a communal establishment","Aged 16 to 17 years","Male",10
"E07000192","Cannock Chase","Lives in a communal establishment","Aged 18 to 19 years","Male",11
"E07000192","Cannock Chase","Lives in a communal establishment","Aged 20 to 24 years","Male",7
"E07000192","Cannock Chase","Lives in a communal establishment","Aged 25 to 29 years","Male",2
"E07000192","Cannock Chase","Lives in a communal establishment","Aged 30 to 34 years","Male",4
"E07000192","Cannock Chase","Lives in a communal establishment","Aged 35 to 39 years","Male",3
"E07000192","Cannock Chase","Lives in a communal establishment","Aged 40 to 44 years","Male",2
"E07000192","Cannock Chase","Lives in a communal establishment","Aged 45 to 49 years","Male",3
"E07000192","Cannock Chase","Lives in a communal establishment","Aged 50 to 54 years","Male",3
"E07000192","Cannock Chase","Lives in a communal establishment","Aged 55 to 59 years","Male",8
"E07000192","Cannock Chase","Lives in a communal establishment","Aged 60 to 64 years","Male",4
"E07000192","Cannock Chase","Lives in a communal establishment","Aged 65 years","Male",6
"E07000192","Cannock Chase","Lives in a communal establishment","Aged 66 to 69 years","Male",4
"E07000192","Cannock Chase","Lives in a communal establishment","Aged 70 to 74 years","Male",19
"E07000192","Cannock Chase","Lives in a communal establishment","Aged 75 to 79 years","Male",16
"E07000192","Cannock Chase","Lives in a communal establishment","Aged 80 to 84 years","Male",37
"E07000192","Cannock Chase","Lives in a communal establishment","Aged 85 years and over","Male",50
"E07000193","East Staffordshire","Lives in a communal establishment","Total","Male",1378
"E07000193","East Staffordshire","Lives in a communal establishment","Aged 2 years and under","Male",3
"E07000193","East Staffordshire","Lives in a communal establishment","Aged 3 to 4 years","Male",0
"E07000193","East Staffordshire","Lives in a communal establishment","Aged 5 to 7 years","Male",1
"E07000193","East Staffordshire","Lives in a communal establishment","Aged 8 to 9 years","Male",0
"E07000193","East Staffordshire","Lives in a communal establishment","Aged 10 to 14 years","Male",15
"E07000193","East Staffordshire","Lives in a communal establishment","Aged 15 years","Male",10
"E07000193","East Staffordshire","Lives in a communal establishment","Aged 16 to 17 years","Male",26
"E07000193","East Staffordshire","Lives in a communal establishment","Aged 18 to 19 years","Male",22
"E07000193","East Staffordshire","Lives in a communal establishment","Aged 20 to 24 years","Male",117
"E07000193","East Staffordshire","Lives in a communal establishment","Aged 25 to 29 years","Male",195
"E07000193","East Staffordshire","Lives in a communal establishment","Aged 30 to 34 years","Male",222
"E07000193","East Staffordshire","Lives in a communal establishment","Aged 35 to 39 years","Male",182
"E07000193","East Staffordshire","Lives in a communal establishment","Aged 40 to 44 years","Male",140
"E07000193","East Staffordshire","Lives in a communal establishment","Aged 45 to 49 years","Male",114
"E07000193","East Staffordshire","Lives in a communal establishment","Aged 50 to 54 years","Male",61
"E07000193","East Staffordshire","Lives in a communal establishment","Aged 55 to 59 years","Male",58
"E07000193","East Staffordshire","Lives in a communal establishment","Aged 60 to 64 years","Male",35
"E07000193","East Staffordshire","Lives in a communal establishment","Aged 65 years","Male",2
"E07000193","East Staffordshire","Lives in a communal establishment","Aged 66 to 69 years","Male",22
"E07000193","East Staffordshire","Lives in a communal establishment","Aged 70 to 74 years","Male",29
"E07000193","East Staffordshire","Lives in a communal establishment","Aged 75 to 79 years","Male",32
"E07000193","East Staffordshire","Lives in a communal establishment","Aged 80 to 84 years","Male",36
"E07000193","East Staffordshire","Lives in a communal establishment","Aged 85 years and over","Male",56
"E07000194","Lichfield","Lives in a communal establishment","Total","Male",834
"E07000194","Lichfield","Lives in a communal establishment","Aged 2 years and under","Male",0
"E07000194","Lichfield","Lives in a communal establishment","Aged 3 to 4 years","Male",0
"E07000194","Lichfield","Lives in a communal establishment","Aged 5 to 7 years","Male",0
"E07000194","Lichfield","Lives in a communal establishment","Aged 8 to 9 years","Male",0
"E07000194","Lichfield","Lives in a communal establishment","Aged 10 to 14 years","Male",2
"E07000194","Lichfield","Lives in a communal establishment","Aged 15 years","Male",1
"E07000194","Lichfield","Lives in a communal establishment","Aged 16 to 17 years","Male",7
"E07000194","Lichfield","Lives in a communal establishment","Aged 18 to 19 years","Male",122
"E07000194","Lichfield","Lives in a communal establishment","Aged 20 to 24 years","Male",389
"E07000194","Lichfield","Lives in a communal establishment","Aged 25 to 29 years","Male",70
"E07000194","Lichfield","Lives in a communal establishment","Aged 30 to 34 years","Male",12
"E07000194","Lichfield","Lives in a communal establishment","Aged 35 to 39 years","Male",9
"E07000194","Lichfield","Lives in a communal establishment","Aged 40 to 44 years","Male",4
"E07000194","Lichfield","Lives in a communal establishment","Aged 45 to 49 years","Male",8
"E07000194","Lichfield","Lives in a communal establishment","Aged 50 to 54 years","Male",14
"E07000194","Lichfield","Lives in a communal establishment","Aged 55 to 59 years","Male",8
"E07000194","Lichfield","Lives in a communal establishment","Aged 60 to 64 years","Male",18
"E07000194","Lichfield","Lives in a communal establishment","Aged 65 years","Male",3
"E07000194","Lichfield","Lives in a communal establishment","Aged 66 to 69 years","Male",8
"E07000194","Lichfield","Lives in a communal establishment","Aged 70 to 74 years","Male",21
"E07000194","Lichfield","Lives in a communal establishment","Aged 75 to 79 years","Male",28
"E07000194","Lichfield","Lives in a communal establishment","Aged 80 to 84 years","Male",29
"E07000194","Lichfield","Lives in a communal establishment","Aged 85 years and over","Male",81
"E07000195","Newcastle-under-Lyme","Lives in a communal establishment","Total","Male",1268
"E07000195","Newcastle-under-Lyme","Lives in a communal establishment","Aged 2 years and under","Male",0
"E07000195","Newcastle-under-Lyme","Lives in a communal establishment","Aged 3 to 4 years","Male",0
"E07000195","Newcastle-under-Lyme","Lives in a communal establishment","Aged 5 to 7 years","Male",0
"E07000195","Newcastle-under-Lyme","Lives in a communal establishment","Aged 8 to 9 years","Male",1
"E07000195","Newcastle-under-Lyme","Lives in a communal establishment","Aged 10 to 14 years","Male",7
"E07000195","Newcastle-under-Lyme","Lives in a communal establishment","Aged 15 years","Male",4
"E07000195","Newcastle-under-Lyme","Lives in a communal establishment","Aged 16 to 17 years","Male",3
"E07000195","Newcastle-under-Lyme","Lives in a communal establishment","Aged 18 to 19 years","Male",476
"E07000195","Newcastle-under-Lyme","Lives in a communal establishment","Aged 20 to 24 years","Male",483
"E07000195","Newcastle-under-Lyme","Lives in a communal establishment","Aged 25 to 29 years","Male",38
"E07000195","Newcastle-under-Lyme","Lives in a communal establishment","Aged 30 to 34 years","Male",11
"E07000195","Newcastle-under-Lyme","Lives in a communal establishment","Aged 35 to 39 years","Male",6
"E07000195","Newcastle-under-Lyme","Lives in a communal establishment","Aged 40 to 44 years","Male",8
"E07000195","Newcastle-under-Lyme","Lives in a communal establishment","Aged 45 to 49 years","Male",11
"E07000195","Newcastle-under-Lyme","Lives in a communal establishment","Aged 50 to 54 years","Male",5
"E07000195","Newcastle-under-Lyme","Lives in a communal establishment","Aged 55 to 59 years","Male",7
"E07000195","Newcastle-under-Lyme","Lives in a communal establishment","Aged 60 to 64 years","Male",15
"E07000195","Newcastle-under-Lyme","Lives in a communal establishment","Aged 65 years","Male",0
"E07000195","Newcastle-under-Lyme","Lives in a communal establishment","Aged 66 to 69 years","Male",10
"E07000195","Newcastle-under-Lyme","Lives in a communal establishment","Aged 70 to 74 years","Male",27
"E07000195","Newcastle-under-Lyme","Lives in a communal establishment","Aged 75 to 79 years","Male",35
"E07000195","Newcastle-under-Lyme","Lives in a communal establishment","Aged 80 to 84 years","Male",36
"E07000195","Newcastle-under-Lyme","Lives in a communal establishment","Aged 85 years and over","Male",85
"E07000196","South Staffordshire","Lives in a communal establishment","Total","Male",3360
"E07000196","South Staffordshire","Lives in a communal establishment","Aged 2 years and under","Male",2
"E07000196","South Staffordshire","Lives in a communal establishment","Aged 3 to 4 years","Male",0
"E07000196","South Staffordshire","Lives in a communal establishment","Aged 5 to 7 years","Male",0
"E07000196","South Staffordshire","Lives in a communal establishment","Aged 8 to 9 years","Male",0
"E07000196","South Staffordshire","Lives in a communal establishment","Aged 10 to 14 years","Male",0
"E07000196","South Staffordshire","Lives in a communal establishment","Aged 15 years","Male",4
"E07000196","South Staffordshire","Lives in a communal establishment","Aged 16 to 17 years","Male",34
"E07000196","South Staffordshire","Lives in a communal establishment","Aged 18 to 19 years","Male",136
"E07000196","South Staffordshire","Lives in a communal establishment","Aged 20 to 24 years","Male",504
"E07000196","South Staffordshire","Lives in a communal establishment","Aged 25 to 29 years","Male",541
"E07000196","South Staffordshire","Lives in a communal establishment","Aged 30 to 34 years","Male",507
"E07000196","South Staffordshire","Lives in a communal establishment","Aged 35 to 39 years","Male",392
"E07000196","South Staffordshire","Lives in a communal establishment","Aged 40 to 44 years","Male",329
"E07000196","South Staffordshire","Lives in a communal establishment","Aged 45 to 49 years","Male",232
"E07000196","South Staffordshire","Lives in a communal establishment","Aged 50 to 54 years","Male",159
"E07000196","South Staffordshire","Lives in a communal establishment","Aged 55 to 59 years","Male",115
"E07000196","South Staffordshire","Lives in a communal establishment","Aged 60 to 64 years","Male",59
"E07000196","South Staffordshire","Lives in a communal establishment","Aged 65 years","Male",18
"E07000196","South Staffordshire","Lives in a communal establishment","Aged 66 to 69 years","Male",55
"E07000196","South Staffordshire","Lives in a communal establishment","Aged 70 to 74 years","Male",47
"E07000196","South Staffordshire","Lives in a communal establishment","Aged 75 to 79 years","Male",70
"E07000196","South Staffordshire","Lives in a communal establishment","Aged 80 to 84 years","Male",64
"E07000196","South Staffordshire","Lives in a communal establishment","Aged 85 years and over","Male",92
"E07000197","Stafford","Lives in a communal establishment","Total","Male",1297
"E07000197","Stafford","Lives in a communal establishment","Aged 2 years and under","Male",0
"E07000197","Stafford","Lives in a communal establishment","Aged 3 to 4 years","Male",0
"E07000197","Stafford","Lives in a communal establishment","Aged 5 to 7 years","Male",1
"E07000197","Stafford","Lives in a communal establishment","Aged 8 to 9 years","Male",2
"E07000197","Stafford","Lives in a communal establishment","Aged 10 to 14 years","Male",11
"E07000197","Stafford","Lives in a communal establishment","Aged 15 years","Male",2
"E07000197","Stafford","Lives in a communal establishment","Aged 16 to 17 years","Male",5
"E07000197","Stafford","Lives in a communal establishment","Aged 18 to 19 years","Male",20
"E07000197","Stafford","Lives in a communal establishment","Aged 20 to 24 years","Male",159
"E07000197","Stafford","Lives in a communal establishment","Aged 25 to 29 years","Male",155
"E07000197","Stafford","Lives in a communal establishment","Aged 30 to 34 years","Male",136
"E07000197","Stafford","Lives in a communal establishment","Aged 35 to 39 years","Male",85
"E07000197","Stafford","Lives in a communal establishment","Aged 40 to 44 years","Male",77
"E07000197","Stafford","Lives in a communal establishment","Aged 45 to 49 years","Male",70
"E07000197","Stafford","Lives in a communal establishment","Aged 50 to 54 years","Male",83
"E07000197","Stafford","Lives in a communal establishment","Aged 55 to 59 years","Male",83
"E07000197","Stafford","Lives in a communal establishment","Aged 60 to 64 years","Male",71
"E07000197","Stafford","Lives in a communal establishment","Aged 65 years","Male",13
"E07000197","Stafford","Lives in a communal establishment","Aged 66 to 69 years","Male",44
"E07000197","Stafford","Lives in a communal establishment","Aged 70 to 74 years","Male",70
"E07000197","Stafford","Lives in a communal establishment","Aged 75 to 79 years","Male",56
"E07000197","Stafford","Lives in a communal establishment","Aged 80 to 84 years","Male",55
"E07000197","Stafford","Lives in a communal establishment","Aged 85 years and over","Male",99
"E07000198","Staffordshire Moorlands","Lives in a communal establishment","Total","Male",358
"E07000198","Staffordshire Moorlands","Lives in a communal establishment","Aged 2 years and under","Male",0
"E07000198","Staffordshire Moorlands","Lives in a communal establishment","Aged 3 to 4 years","Male",0
"E07000198","Staffordshire Moorlands","Lives in a communal establishment","Aged 5 to 7 years","Male",3
"E07000198","Staffordshire Moorlands","Lives in a communal establishment","Aged 8 to 9 years","Male",5
"E07000198","Staffordshire Moorlands","Lives in a communal establishment","Aged 10 to 14 years","Male",27
"E07000198","Staffordshire Moorlands","Lives in a communal establishment","Aged 15 years","Male",1
"E07000198","Staffordshire Moorlands","Lives in a communal establishment","Aged 16 to 17 years","Male",38
"E07000198","Staffordshire Moorlands","Lives in a communal establishment","Aged 18 to 19 years","Male",22
"E07000198","Staffordshire Moorlands","Lives in a communal establishment","Aged 20 to 24 years","Male",2
"E07000198","Staffordshire Moorlands","Lives in a communal establishment","Aged 25 to 29 years","Male",5
"E07000198","Staffordshire Moorlands","Lives in a communal establishment","Aged 30 to 34 years","Male",6
"E07000198","Staffordshire Moorlands","Lives in a communal establishment","Aged 35 to 39 years","Male",6
"E07000198","Staffordshire Moorlands","Lives in a communal establishment","Aged 40 to 44 years","Male",5
"E07000198","Staffordshire Moorlands","Lives in a communal establishment","Aged 45 to 49 years","Male",8
"E07000198","Staffordshire Moorlands","Lives in a communal establishment","Aged 50 to 54 years","Male",17
"E07000198","Staffordshire Moorlands","Lives in a communal establishment","Aged 55 to 59 years","Male",16
"E07000198","Staffordshire Moorlands","Lives in a communal establishment","Aged 60 to 64 years","Male",13
"E07000198","Staffordshire Moorlands","Lives in a communal establishment","Aged 65 years","Male",3
"E07000198","Staffordshire Moorlands","Lives in a communal establishment","Aged 66 to 69 years","Male",15
"E07000198","Staffordshire Moorlands","Lives in a communal establishment","Aged 70 to 74 years","Male",32
"E07000198","Staffordshire Moorlands","Lives in a communal establishment","Aged 75 to 79 years","Male",31
"E07000198","Staffordshire Moorlands","Lives in a communal establishment","Aged 80 to 84 years","Male",38
"E07000198","Staffordshire Moorlands","Lives in a communal establishment","Aged 85 years and over","Male",65
"E07000199","Tamworth","Lives in a communal establishment","Total","Male",111
"E07000199","Tamworth","Lives in a communal establishment","Aged 2 years and under","Male",0
"E07000199","Tamworth","Lives in a communal establishment","Aged 3 to 4 years","Male",0
"E07000199","Tamworth","Lives in a communal establishment","Aged 5 to 7 years","Male",0
"E07000199","Tamworth","Lives in a communal establishment","Aged 8 to 9 years","Male",3
"E07000199","Tamworth","Lives in a communal establishment","Aged 10 to 14 years","Male",0
"E07000199","Tamworth","Lives in a communal establishment","Aged 15 years","Male",0
"E07000199","Tamworth","Lives in a communal establishment","Aged 16 to 17 years","Male",1
"E07000199","Tamworth","Lives in a communal establishment","Aged 18 to 19 years","Male",1
"E07000199","Tamworth","Lives in a communal establishment","Aged 20 to 24 years","Male",10
"E07000199","Tamworth","Lives in a communal establishment","Aged 25 to 29 years","Male",2
"E07000199","Tamworth","Lives in a communal establishment","Aged 30 to 34 years","Male",4
"E07000199","Tamworth","Lives in a communal establishment","Aged 35 to 39 years","Male",1
"E07000199","Tamworth","Lives in a communal establishment","Aged 40 to 44 years","Male",0
"E07000199","Tamworth","Lives in a communal establishment","Aged 45 to 49 years","Male",4
"E07000199","Tamworth","Lives in a communal establishment","Aged 50 to 54 years","Male",5
"E07000199","Tamworth","Lives in a communal establishment","Aged 55 to 59 years","Male",7
"E07000199","Tamworth","Lives in a communal establishment","Aged 60 to 64 years","Male",5
"E07000199","Tamworth","Lives in a communal establishment","Aged 65 years","Male",1
"E07000199","Tamworth","Lives in a communal establishment","Aged 66 to 69 years","Male",3
"E07000199","Tamworth","Lives in a communal establishment","Aged 70 to 74 years","Male",9
"E07000199","Tamworth","Lives in a communal establishment","Aged 75 to 79 years","Male",14
"E07000199","Tamworth","Lives in a communal establishment","Aged 80 to 84 years","Male",12
"E07000199","Tamworth","Lives in a communal establishment","Aged 85 years and over","Male",29
"E07000218","North Warwickshire","Lives in a communal establishment","Total","Male",238
"E07000218","North Warwickshire","Lives in a communal establishment","Aged 2 years and under","Male",0
"E07000218","North Warwickshire","Lives in a communal establishment","Aged 3 to 4 years","Male",0
"E07000218","North Warwickshire","Lives in a communal establishment","Aged 5 to 7 years","Male",0
"E07000218","North Warwickshire","Lives in a communal establishment","Aged 8 to 9 years","Male",0
"E07000218","North Warwickshire","Lives in a communal establishment","Aged 10 to 14 years","Male",5
"E07000218","North Warwickshire","Lives in a communal establishment","Aged 15 years","Male",4
"E07000218","North Warwickshire","Lives in a communal establishment","Aged 16 to 17 years","Male",1
"E07000218","North Warwickshire","Lives in a communal establishment","Aged 18 to 19 years","Male",0
"E07000218","North Warwickshire","Lives in a communal establishment","Aged 20 to 24 years","Male",1
"E07000218","North Warwickshire","Lives in a communal establishment","Aged 25 to 29 years","Male",4
"E07000218","North Warwickshire","Lives in a communal establishment","Aged 30 to 34 years","Male",0
"E07000218","North Warwickshire","Lives in a communal establishment","Aged 35 to 39 years","Male",1
"E07000218","North Warwickshire","Lives in a communal establishment","Aged 40 to 44 years","Male",4
"E07000218","North Warwickshire","Lives in a communal establishment","Aged 45 to 49 years","Male",9
"E07000218","North Warwickshire","Lives in a communal establishment","Aged 50 to 54 years","Male",5
"E07000218","North Warwickshire","Lives in a communal establishment","Aged 55 to 59 years","Male",10
"E07000218","North Warwickshire","Lives in a communal establishment","Aged 60 to 64 years","Male",18
"E07000218","North Warwickshire","Lives in a communal establishment","Aged 65 years","Male",4
"E07000218","North Warwickshire","Lives in a communal establishment","Aged 66 to 69 years","Male",14
"E07000218","North Warwickshire","Lives in a communal establishment","Aged 70 to 74 years","Male",21
"E07000218","North Warwickshire","Lives in a communal establishment","Aged 75 to 79 years","Male",38
"E07000218","North Warwickshire","Lives in a communal establishment","Aged 80 to 84 years","Male",33
"E07000218","North Warwickshire","Lives in a communal establishment","Aged 85 years and over","Male",66
"E07000219","Nuneaton and Bedworth","Lives in a communal establishment","Total","Male",257
"E07000219","Nuneaton and Bedworth","Lives in a communal establishment","Aged 2 years and under","Male",0
"E07000219","Nuneaton and Bedworth","Lives in a communal establishment","Aged 3 to 4 years","Male",0
"E07000219","Nuneaton and Bedworth","Lives in a communal establishment","Aged 5 to 7 years","Male",0
"E07000219","Nuneaton and Bedworth","Lives in a communal establishment","Aged 8 to 9 years","Male",0
"E07000219","Nuneaton and Bedworth","Lives in a communal establishment","Aged 10 to 14 years","Male",0
"E07000219","Nuneaton and Bedworth","Lives in a communal establishment","Aged 15 years","Male",0
"E07000219","Nuneaton and Bedworth","Lives in a communal establishment","Aged 16 to 17 years","Male",2
"E07000219","Nuneaton and Bedworth","Lives in a communal establishment","Aged 18 to 19 years","Male",0
"E07000219","Nuneaton and Bedworth","Lives in a communal establishment","Aged 20 to 24 years","Male",1
"E07000219","Nuneaton and Bedworth","Lives in a communal establishment","Aged 25 to 29 years","Male",6
"E07000219","Nuneaton and Bedworth","Lives in a communal establishment","Aged 30 to 34 years","Male",5
"E07000219","Nuneaton and Bedworth","Lives in a communal establishment","Aged 35 to 39 years","Male",10
"E07000219","Nuneaton and Bedworth","Lives in a communal establishment","Aged 40 to 44 years","Male",7
"E07000219","Nuneaton and Bedworth","Lives in a communal establishment","Aged 45 to 49 years","Male",12
"E07000219","Nuneaton and Bedworth","Lives in a communal establishment","Aged 50 to 54 years","Male",10
"E07000219","Nuneaton and Bedworth","Lives in a communal establishment","Aged 55 to 59 years","Male",12
"E07000219","Nuneaton and Bedworth","Lives in a communal establishment","Aged 60 to 64 years","Male",19
"E07000219","Nuneaton and Bedworth","Lives in a communal establishment","Aged 65 years","Male",1
"E07000219","Nuneaton and Bedworth","Lives in a communal establishment","Aged 66 to 69 years","Male",11
"E07000219","Nuneaton and Bedworth","Lives in a communal establishment","Aged 70 to 74 years","Male",20
"E07000219","Nuneaton and Bedworth","Lives in a communal establishment","Aged 75 to 79 years","Male",46
"E07000219","Nuneaton and Bedworth","Lives in a communal establishment","Aged 80 to 84 years","Male",30
"E07000219","Nuneaton and Bedworth","Lives in a communal establishment","Aged 85 years and over","Male",65
"E07000220","Rugby","Lives in a communal establishment","Total","Male",860
"E07000220","Rugby","Lives in a communal establishment","Aged 2 years and under","Male",0
"E07000220","Rugby","Lives in a communal establishment","Aged 3 to 4 years","Male",0
"E07000220","Rugby","Lives in a communal establishment","Aged 5 to 7 years","Male",5
"E07000220","Rugby","Lives in a communal establishment","Aged 8 to 9 years","Male",6
"E07000220","Rugby","Lives in a communal establishment","Aged 10 to 14 years","Male",93
"E07000220","Rugby","Lives in a communal establishment","Aged 15 years","Male",59
"E07000220","Rugby","Lives in a communal establishment","Aged 16 to 17 years","Male",151
"E07000220","Rugby","Lives in a communal establishment","Aged 18 to 19 years","Male",80
"E07000220","Rugby","Lives in a communal establishment","Aged 20 to 24 years","Male",103
"E07000220","Rugby","Lives in a communal establishment","Aged 25 to 29 years","Male",69
"E07000220","Rugby","Lives in a communal establishment","Aged 30 to 34 years","Male",21
"E07000220","Rugby","Lives in a communal establishment","Aged 35 to 39 years","Male",15
"E07000220","Rugby","Lives in a communal establishment","Aged 40 to 44 years","Male",7
"E07000220","Rugby","Lives in a communal establishment","Aged 45 to 49 years","Male",9
"E07000220","Rugby","Lives in a communal establishment","Aged 50 to 54 years","Male",17
"E07000220","Rugby","Lives in a communal establishment","Aged 55 to 59 years","Male",16
"E07000220","Rugby","Lives in a communal establishment","Aged 60 to 64 years","Male",22
"E07000220","Rugby","Lives in a communal establishment","Aged 65 years","Male",1
"E07000220","Rugby","Lives in a communal establishment","Aged 66 to 69 years","Male",15
"E07000220","Rugby","Lives in a communal establishment","Aged 70 to 74 years","Male",14
"E07000220","Rugby","Lives in a communal establishment","Aged 75 to 79 years","Male",31
"E07000220","Rugby","Lives in a communal establishment","Aged 80 to 84 years","Male",35
"E07000220","Rugby","Lives in a communal establishment","Aged 85 years and over","Male",91
"E07000221","Stratford-on-Avon","Lives in a communal establishment","Total","Male",351
"E07000221","Stratford-on-Avon","Lives in a communal establishment","Aged 2 years and under","Male",0
"E07000221","Stratford-on-Avon","Lives in a communal establishment","Aged 3 to 4 years","Male",0
"E07000221","Stratford-on-Avon","Lives in a communal establishment","Aged 5 to 7 years","Male",0
"E07000221","Stratford-on-Avon","Lives in a communal establishment","Aged 8 to 9 years","Male",0
"E07000221","Stratford-on-Avon","Lives in a communal establishment","Aged 10 to 14 years","Male",1
"E07000221","Stratford-on-Avon","Lives in a communal establishment","Aged 15 years","Male",0
"E07000221","Stratford-on-Avon","Lives in a communal establishment","Aged 16 to 17 years","Male",10
"E07000221","Stratford-on-Avon","Lives in a communal establishment","Aged 18 to 19 years","Male",15
"E07000221","Stratford-on-Avon","Lives in a communal establishment","Aged 20 to 24 years","Male",4
"E07000221","Stratford-on-Avon","Lives in a communal establishment","Aged 25 to 29 years","Male",9
"E07000221","Stratford-on-Avon","Lives in a communal establishment","Aged 30 to 34 years","Male",7
"E07000221","Stratford-on-Avon","Lives in a communal establishment","Aged 35 to 39 years","Male",4
"E07000221","Stratford-on-Avon","Lives in a communal establishment","Aged 40 to 44 years","Male",7
"E07000221","Stratford-on-Avon","Lives in a communal establishment","Aged 45 to 49 years","Male",7
"E07000221","Stratford-on-Avon","Lives in a communal establishment","Aged 50 to 54 years","Male",11
"E07000221","Stratford-on-Avon","Lives in a communal establishment","Aged 55 to 59 years","Male",12
"E07000221","Stratford-on-Avon","Lives in a communal establishment","Aged 60 to 64 years","Male",15
"E07000221","Stratford-on-Avon","Lives in a communal establishment","Aged 65 years","Male",2
"E07000221","Stratford-on-Avon","Lives in a communal establishment","Aged 66 to 69 years","Male",13
"E07000221","Stratford-on-Avon","Lives in a communal establishment","Aged 70 to 74 years","Male",28
"E07000221","Stratford-on-Avon","Lives in a communal establishment","Aged 75 to 79 years","Male",39
"E07000221","Stratford-on-Avon","Lives in a communal establishment","Aged 80 to 84 years","Male",49
"E07000221","Stratford-on-Avon","Lives in a communal establishment","Aged 85 years and over","Male",118
"E07000222","Warwick","Lives in a communal establishment","Total","Male",1842
"E07000222","Warwick","Lives in a communal establishment","Aged 2 years and under","Male",1
"E07000222","Warwick","Lives in a communal establishment","Aged 3 to 4 years","Male",0
"E07000222","Warwick","Lives in a communal establishment","Aged 5 to 7 years","Male",9
"E07000222","Warwick","Lives in a communal establishment","Aged 8 to 9 years","Male",1
"E07000222","Warwick","Lives in a communal establishment","Aged 10 to 14 years","Male",5
"E07000222","Warwick","Lives in a communal establishment","Aged 15 years","Male",8
"E07000222","Warwick","Lives in a communal establishment","Aged 16 to 17 years","Male",43
"E07000222","Warwick","Lives in a communal establishment","Aged 18 to 19 years","Male",839
"E07000222","Warwick","Lives in a communal establishment","Aged 20 to 24 years","Male",354
"E07000222","Warwick","Lives in a communal establishment","Aged 25 to 29 years","Male",89
"E07000222","Warwick","Lives in a communal establishment","Aged 30 to 34 years","Male",59
"E07000222","Warwick","Lives in a communal establishment","Aged 35 to 39 years","Male",32
"E07000222","Warwick","Lives in a communal establishment","Aged 40 to 44 years","Male",30
"E07000222","Warwick","Lives in a communal establishment","Aged 45 to 49 years","Male",28
"E07000222","Warwick","Lives in a communal establishment","Aged 50 to 54 years","Male",34
"E07000222","Warwick","Lives in a communal establishment","Aged 55 to 59 years","Male",40
"E07000222","Warwick","Lives in a communal establishment","Aged 60 to 64 years","Male",35
"E07000222","Warwick","Lives in a communal establishment","Aged 65 years","Male",5
"E07000222","Warwick","Lives in a communal establishment","Aged 66 to 69 years","Male",28
"E07000222","Warwick","Lives in a communal establishment","Aged 70 to 74 years","Male",37
"E07000222","Warwick","Lives in a communal establishment","Aged 75 to 79 years","Male",36
"E07000222","Warwick","Lives in a communal establishment","Aged 80 to 84 years","Male",45
"E07000222","Warwick","Lives in a communal establishment","Aged 85 years and over","Male",84
"E07000234","Bromsgrove","Lives in a communal establishment","Total","Male",1101
"E07000234","Bromsgrove","Lives in a communal establishment","Aged 2 years and under","Male",0
"E07000234","Bromsgrove","Lives in a communal establishment","Aged 3 to 4 years","Male",1
"E07000234","Bromsgrove","Lives in a communal establishment","Aged 5 to 7 years","Male",0
"E07000234","Bromsgrove","Lives in a communal establishment","Aged 8 to 9 years","Male",1
"E07000234","Bromsgrove","Lives in a communal establishment","Aged 10 to 14 years","Male",99
"E07000234","Bromsgrove","Lives in a communal establishment","Aged 15 years","Male",17
"E07000234","Bromsgrove","Lives in a communal establishment","Aged 16 to 17 years","Male",70
"E07000234","Bromsgrove","Lives in a communal establishment","Aged 18 to 19 years","Male",34
"E07000234","Bromsgrove","Lives in a communal establishment","Aged 20 to 24 years","Male",76
"E07000234","Bromsgrove","Lives in a communal establishment","Aged 25 to 29 years","Male",102
"E07000234","Bromsgrove","Lives in a communal establishment","Aged 30 to 34 years","Male",115
"E07000234","Bromsgrove","Lives in a communal establishment","Aged 35 to 39 years","Male",88
"E07000234","Bromsgrove","Lives in a communal establishment","Aged 40 to 44 years","Male",73
"E07000234","Bromsgrove","Lives in a communal establishment","Aged 45 to 49 years","Male",54
"E07000234","Bromsgrove","Lives in a communal establishment","Aged 50 to 54 years","Male",41
"E07000234","Bromsgrove","Lives in a communal establishment","Aged 55 to 59 years","Male",29
"E07000234","Bromsgrove","Lives in a communal establishment","Aged 60 to 64 years","Male",21
"E07000234","Bromsgrove","Lives in a communal establishment","Aged 65 years","Male",6
"E07000234","Bromsgrove","Lives in a communal establishment","Aged 66 to 69 years","Male",17
"E07000234","Bromsgrove","Lives in a communal establishment","Aged 70 to 74 years","Male",28
"E07000234","Bromsgrove","Lives in a communal establishment","Aged 75 to 79 years","Male",42
"E07000234","Bromsgrove","Lives in a communal establishment","Aged 80 to 84 years","Male",54
"E07000234","Bromsgrove","Lives in a communal establishment","Aged 85 years and over","Male",133
"E07000235","Malvern Hills","Lives in a communal establishment","Total","Male",740
"E07000235","Malvern Hills","Lives in a communal establishment","Aged 2 years and under","Male",2
"E07000235","Malvern Hills","Lives in a communal establishment","Aged 3 to 4 years","Male",1
"E07000235","Malvern Hills","Lives in a communal establishment","Aged 5 to 7 years","Male",0
"E07000235","Malvern Hills","Lives in a communal establishment","Aged 8 to 9 years","Male",7
"E07000235","Malvern Hills","Lives in a communal establishment","Aged 10 to 14 years","Male",115
"E07000235","Malvern Hills","Lives in a communal establishment","Aged 15 years","Male",49
"E07000235","Malvern Hills","Lives in a communal establishment","Aged 16 to 17 years","Male",147
"E07000235","Malvern Hills","Lives in a communal establishment","Aged 18 to 19 years","Male",66
"E07000235","Malvern Hills","Lives in a communal establishment","Aged 20 to 24 years","Male",14
"E07000235","Malvern Hills","Lives in a communal establishment","Aged 25 to 29 years","Male",18
"E07000235","Malvern Hills","Lives in a communal establishment","Aged 30 to 34 years","Male",22
"E07000235","Malvern Hills","Lives in a communal establishment","Aged 35 to 39 years","Male",8
"E07000235","Malvern Hills","Lives in a communal establishment","Aged 40 to 44 years","Male",6
"E07000235","Malvern Hills","Lives in a communal establishment","Aged 45 to 49 years","Male",8
"E07000235","Malvern Hills","Lives in a communal establishment","Aged 50 to 54 years","Male",10
"E07000235","Malvern Hills","Lives in a communal establishment","Aged 55 to 59 years","Male",17
"E07000235","Malvern Hills","Lives in a communal establishment","Aged 60 to 64 years","Male",17
"E07000235","Malvern Hills","Lives in a communal establishment","Aged 65 years","Male",0
"E07000235","Malvern Hills","Lives in a communal establishment","Aged 66 to 69 years","Male",12
"E07000235","Malvern Hills","Lives in a communal establishment","Aged 70 to 74 years","Male",23
"E07000235","Malvern Hills","Lives in a communal establishment","Aged 75 to 79 years","Male",32
"E07000235","Malvern Hills","Lives in a communal establishment","Aged 80 to 84 years","Male",51
"E07000235","Malvern Hills","Lives in a communal establishment","Aged 85 years and over","Male",115
"E07000236","Redditch","Lives in a communal establishment","Total","Male",111
"E07000236","Redditch","Lives in a communal establishment","Aged 2 years and under","Male",0
"E07000236","Redditch","Lives in a communal establishment","Aged 3 to 4 years","Male",1
"E07000236","Redditch","Lives in a communal establishment","Aged 5 to 7 years","Male",0
"E07000236","Redditch","Lives in a communal establishment","Aged 8 to 9 years","Male",0
"E07000236","Redditch","Lives in a communal establishment","Aged 10 to 14 years","Male",2
"E07000236","Redditch","Lives in a communal establishment","Aged 15 years","Male",2
"E07000236","Redditch","Lives in a communal establishment","Aged 16 to 17 years","Male",4
"E07000236","Redditch","Lives in a communal establishment","Aged 18 to 19 years","Male",6
"E07000236","Redditch","Lives in a communal establishment","Aged 20 to 24 years","Male",8
"E07000236","Redditch","Lives in a communal establishment","Aged 25 to 29 years","Male",3
"E07000236","Redditch","Lives in a communal establishment","Aged 30 to 34 years","Male",1
"E07000236","Redditch","Lives in a communal establishment","Aged 35 to 39 years","Male",0
"E07000236","Redditch","Lives in a communal establishment","Aged 40 to 44 years","Male",7
"E07000236","Redditch","Lives in a communal establishment","Aged 45 to 49 years","Male",1
"E07000236","Redditch","Lives in a communal establishment","Aged 50 to 54 years","Male",6
"E07000236","Redditch","Lives in a communal establishment","Aged 55 to 59 years","Male",0
"E07000236","Redditch","Lives in a communal establishment","Aged 60 to 64 years","Male",2
"E07000236","Redditch","Lives in a communal establishment","Aged 65 years","Male",2
"E07000236","Redditch","Lives in a communal establishment","Aged 66 to 69 years","Male",2
"E07000236","Redditch","Lives in a communal establishment","Aged 70 to 74 years","Male",11
"E07000236","Redditch","Lives in a communal establishment","Aged 75 to 79 years","Male",16
"E07000236","Redditch","Lives in a communal establishment","Aged 80 to 84 years","Male",16
"E07000236","Redditch","Lives in a communal establishment","Aged 85 years and over","Male",21
"E07000237","Worcester","Lives in a communal establishment","Total","Male",700
"E07000237","Worcester","Lives in a communal establishment","Aged 2 years and under","Male",0
"E07000237","Worcester","Lives in a communal establishment","Aged 3 to 4 years","Male",0
"E07000237","Worcester","Lives in a communal establishment","Aged 5 to 7 years","Male",0
"E07000237","Worcester","Lives in a communal establishment","Aged 8 to 9 years","Male",0
"E07000237","Worcester","Lives in a communal establishment","Aged 10 to 14 years","Male",17
"E07000237","Worcester","Lives in a communal establishment","Aged 15 years","Male",3
"E07000237","Worcester","Lives in a communal establishment","Aged 16 to 17 years","Male",19
"E07000237","Worcester","Lives in a communal establishment","Aged 18 to 19 years","Male",229
"E07000237","Worcester","Lives in a communal establishment","Aged 20 to 24 years","Male",149
"E07000237","Worcester","Lives in a communal establishment","Aged 25 to 29 years","Male",36
"E07000237","Worcester","Lives in a communal establishment","Aged 30 to 34 years","Male",27
"E07000237","Worcester","Lives in a communal establishment","Aged 35 to 39 years","Male",28
"E07000237","Worcester","Lives in a communal establishment","Aged 40 to 44 years","Male",22
"E07000237","Worcester","Lives in a communal establishment","Aged 45 to 49 years","Male",24
"E07000237","Worcester","Lives in a communal establishment","Aged 50 to 54 years","Male",7
"E07000237","Worcester","Lives in a communal establishment","Aged 55 to 59 years","Male",14
"E07000237","Worcester","Lives in a communal establishment","Aged 60 to 64 years","Male",16
"E07000237","Worcester","Lives in a communal establishment","Aged 65 years","Male",1
"E07000237","Worcester","Lives in a communal establishment","Aged 66 to 69 years","Male",2
"E07000237","Worcester","Lives in a communal establishment","Aged 70 to 74 years","Male",15
"E07000237","Worcester","Lives in a communal establishment","Aged 75 to 79 years","Male",25
"E07000237","Worcester","Lives in a communal establishment","Aged 80 to 84 years","Male",25
"E07000237","Worcester","Lives in a communal establishment","Aged 85 years and over","Male",41
"E07000238","Wychavon","Lives in a communal establishment","Total","Male",863
"E07000238","Wychavon","Lives in a communal establishment","Aged 2 years and under","Male",0
"E07000238","Wychavon","Lives in a communal establishment","Aged 3 to 4 years","Male",0
"E07000238","Wychavon","Lives in a communal establishment","Aged 5 to 7 years","Male",0
"E07000238","Wychavon","Lives in a communal establishment","Aged 8 to 9 years","Male",0
"E07000238","Wychavon","Lives in a communal establishment","Aged 10 to 14 years","Male",6
"E07000238","Wychavon","Lives in a communal establishment","Aged 15 years","Male",4
"E07000238","Wychavon","Lives in a communal establishment","Aged 16 to 17 years","Male",5
"E07000238","Wychavon","Lives in a communal establishment","Aged 18 to 19 years","Male",3
"E07000238","Wychavon","Lives in a communal establishment","Aged 20 to 24 years","Male",55
"E07000238","Wychavon","Lives in a communal establishment","Aged 25 to 29 years","Male",98
"E07000238","Wychavon","Lives in a communal establishment","Aged 30 to 34 years","Male",80
"E07000238","Wychavon","Lives in a communal establishment","Aged 35 to 39 years","Male",99
"E07000238","Wychavon","Lives in a communal establishment","Aged 40 to 44 years","Male",84
"E07000238","Wychavon","Lives in a communal establishment","Aged 45 to 49 years","Male",60
"E07000238","Wychavon","Lives in a communal establishment","Aged 50 to 54 years","Male",59
"E07000238","Wychavon","Lives in a communal establishment","Aged 55 to 59 years","Male",51
"E07000238","Wychavon","Lives in a communal establishment","Aged 60 to 64 years","Male",33
"E07000238","Wychavon","Lives in a communal establishment","Aged 65 years","Male",4
"E07000238","Wychavon","Lives in a communal establishment","Aged 66 to 69 years","Male",21
"E07000238","Wychavon","Lives in a communal establishment","Aged 70 to 74 years","Male",24
"E07000238","Wychavon","Lives in a communal establishment","Aged 75 to 79 years","Male",37
"E07000238","Wychavon","Lives in a communal establishment","Aged 80 to 84 years","Male",34
"E07000238","Wychavon","Lives in a communal establishment","Aged 85 years and over","Male",106
"E07000239","Wyre Forest","Lives in a communal establishment","Total","Male",519
"E07000239","Wyre Forest","Lives in a communal establishment","Aged 2 years and under","Male",0
"E07000239","Wyre Forest","Lives in a communal establishment","Aged 3 to 4 years","Male",0
"E07000239","Wyre Forest","Lives in a communal establishment","Aged 5 to 7 years","Male",0
"E07000239","Wyre Forest","Lives in a communal establishment","Aged 8 to 9 years","Male",0
"E07000239","Wyre Forest","Lives in a communal establishment","Aged 10 to 14 years","Male",103
"E07000239","Wyre Forest","Lives in a communal establishment","Aged 15 years","Male",22
"E07000239","Wyre Forest","Lives in a communal establishment","Aged 16 to 17 years","Male",25
"E07000239","Wyre Forest","Lives in a communal establishment","Aged 18 to 19 years","Male",27
"E07000239","Wyre Forest","Lives in a communal establishment","Aged 20 to 24 years","Male",23
"E07000239","Wyre Forest","Lives in a communal establishment","Aged 25 to 29 years","Male",12
"E07000239","Wyre Forest","Lives in a communal establishment","Aged 30 to 34 years","Male",8
"E07000239","Wyre Forest","Lives in a communal establishment","Aged 35 to 39 years","Male",12
"E07000239","Wyre Forest","Lives in a communal establishment","Aged 40 to 44 years","Male",7
"E07000239","Wyre Forest","Lives in a communal establishment","Aged 45 to 49 years","Male",11
"E07000239","Wyre Forest","Lives in a communal establishment","Aged 50 to 54 years","Male",11
"E07000239","Wyre Forest","Lives in a communal establishment","Aged 55 to 59 years","Male",14
"E07000239","Wyre Forest","Lives in a communal establishment","Aged 60 to 64 years","Male",22
"E07000239","Wyre Forest","Lives in a communal establishment","Aged 65 years","Male",2
"E07000239","Wyre Forest","Lives in a communal establishment","Aged 66 to 69 years","Male",18
"E07000239","Wyre Forest","Lives in a communal establishment","Aged 70 to 74 years","Male",40
"E07000239","Wyre Forest","Lives in a communal establishment","Aged 75 to 79 years","Male",38
"E07000239","Wyre Forest","Lives in a communal establishment","Aged 80 to 84 years","Male",32
"E07000239","Wyre Forest","Lives in a communal establishment","Aged 85 years and over","Male",92
"E08000025","Birmingham","Lives in a communal establishment","Total","Male",12140
"E08000025","Birmingham","Lives in a communal establishment","Aged 2 years and under","Male",82
"E08000025","Birmingham","Lives in a communal establishment","Aged 3 to 4 years","Male",49
"E08000025","Birmingham","Lives in a communal establishment","Aged 5 to 7 years","Male",42
"E08000025","Birmingham","Lives in a communal establishment","Aged 8 to 9 years","Male",32
"E08000025","Birmingham","Lives in a communal establishment","Aged 10 to 14 years","Male",110
"E08000025","Birmingham","Lives in a communal establishment","Aged 15 years","Male",32
"E08000025","Birmingham","Lives in a communal establishment","Aged 16 to 17 years","Male",88
"E08000025","Birmingham","Lives in a communal establishment","Aged 18 to 19 years","Male",3436
"E08000025","Birmingham","Lives in a communal establishment","Aged 20 to 24 years","Male",3102
"E08000025","Birmingham","Lives in a communal establishment","Aged 25 to 29 years","Male",743
"E08000025","Birmingham","Lives in a communal establishment","Aged 30 to 34 years","Male",549
"E08000025","Birmingham","Lives in a communal establishment","Aged 35 to 39 years","Male",483
"E08000025","Birmingham","Lives in a communal establishment","Aged 40 to 44 years","Male",409
"E08000025","Birmingham","Lives in a communal establishment","Aged 45 to 49 years","Male",347
"E08000025","Birmingham","Lives in a communal establishment","Aged 50 to 54 years","Male",374
"E08000025","Birmingham","Lives in a communal establishment","Aged 55 to 59 years","Male",358
"E08000025","Birmingham","Lives in a communal establishment","Aged 60 to 64 years","Male",302
"E08000025","Birmingham","Lives in a communal establishment","Aged 65 years","Male",64
"E08000025","Birmingham","Lives in a communal establishment","Aged 66 to 69 years","Male",221
"E08000025","Birmingham","Lives in a communal establishment","Aged 70 to 74 years","Male",280
"E08000025","Birmingham","Lives in a communal establishment","Aged 75 to 79 years","Male",296
"E08000025","Birmingham","Lives in a communal establishment","Aged 80 to 84 years","Male",260
"E08000025","Birmingham","Lives in a communal establishment","Aged 85 years and over","Male",481
"E08000026","Coventry","Lives in a communal establishment","Total","Male",6284
"E08000026","Coventry","Lives in a communal establishment","Aged 2 years and under","Male",0
"E08000026","Coventry","Lives in a communal establishment","Aged 3 to 4 years","Male",0
"E08000026","Coventry","Lives in a communal establishment","Aged 5 to 7 years","Male",0
"E08000026","Coventry","Lives in a communal establishment","Aged 8 to 9 years","Male",0
"E08000026","Coventry","Lives in a communal establishment","Aged 10 to 14 years","Male",6
"E08000026","Coventry","Lives in a communal establishment","Aged 15 years","Male",0
"E08000026","Coventry","Lives in a communal establishment","Aged 16 to 17 years","Male",41
"E08000026","Coventry","Lives in a communal establishment","Aged 18 to 19 years","Male",2610
"E08000026","Coventry","Lives in a communal establishment","Aged 20 to 24 years","Male",2343
"E08000026","Coventry","Lives in a communal establishment","Aged 25 to 29 years","Male",442
"E08000026","Coventry","Lives in a communal establishment","Aged 30 to 34 years","Male",131
"E08000026","Coventry","Lives in a communal establishment","Aged 35 to 39 years","Male",55
"E08000026","Coventry","Lives in a communal establishment","Aged 40 to 44 years","Male",51
"E08000026","Coventry","Lives in a communal establishment","Aged 45 to 49 years","Male",59
"E08000026","Coventry","Lives in a communal establishment","Aged 50 to 54 years","Male",49
"E08000026","Coventry","Lives in a communal establishment","Aged 55 to 59 years","Male",38
"E08000026","Coventry","Lives in a communal establishment","Aged 60 to 64 years","Male",42
"E08000026","Coventry","Lives in a communal establishment","Aged 65 years","Male",10
"E08000026","Coventry","Lives in a communal establishment","Aged 66 to 69 years","Male",30
"E08000026","Coventry","Lives in a communal establishment","Aged 70 to 74 years","Male",57
"E08000026","Coventry","Lives in a communal establishment","Aged 75 to 79 years","Male",99
"E08000026","Coventry","Lives in a communal establishment","Aged 80 to 84 years","Male",72
"E08000026","Coventry","Lives in a communal establishment","Aged 85 years and over","Male",149
"E08000027","Dudley","Lives in a communal establishment","Total","Male",775
"E08000027","Dudley","Lives in a communal establishment","Aged 2 years and under","Male",0
"E08000027","Dudley","Lives in a communal establishment","Aged 3 to 4 years","Male",0
"E08000027","Dudley","Lives in a communal establishment","Aged 5 to 7 years","Male",2
"E08000027","Dudley","Lives in a communal establishment","Aged 8 to 9 years","Male",3
"E08000027","Dudley","Lives in a communal establishment","Aged 10 to 14 years","Male",67
"E08000027","Dudley","Lives in a communal establishment","Aged 15 years","Male",34
"E08000027","Dudley","Lives in a communal establishment","Aged 16 to 17 years","Male",38
"E08000027","Dudley","Lives in a communal establishment","Aged 18 to 19 years","Male",15
"E08000027","Dudley","Lives in a communal establishment","Aged 20 to 24 years","Male",12
"E08000027","Dudley","Lives in a communal establishment","Aged 25 to 29 years","Male",12
"E08000027","Dudley","Lives in a communal establishment","Aged 30 to 34 years","Male",19
"E08000027","Dudley","Lives in a communal establishment","Aged 35 to 39 years","Male",17
"E08000027","Dudley","Lives in a communal establishment","Aged 40 to 44 years","Male",19
"E08000027","Dudley","Lives in a communal establishment","Aged 45 to 49 years","Male",28
"E08000027","Dudley","Lives in a communal establishment","Aged 50 to 54 years","Male",36
"E08000027","Dudley","Lives in a communal establishment","Aged 55 to 59 years","Male",30
"E08000027","Dudley","Lives in a communal establishment","Aged 60 to 64 years","Male",46
"E08000027","Dudley","Lives in a communal establishment","Aged 65 years","Male",3
"E08000027","Dudley","Lives in a communal establishment","Aged 66 to 69 years","Male",34
"E08000027","Dudley","Lives in a communal establishment","Aged 70 to 74 years","Male",59
"E08000027","Dudley","Lives in a communal establishment","Aged 75 to 79 years","Male",78
"E08000027","Dudley","Lives in a communal establishment","Aged 80 to 84 years","Male",74
"E08000027","Dudley","Lives in a communal establishment","Aged 85 years and over","Male",149
"E08000028","Sandwell","Lives in a communal establishment","Total","Male",900
"E08000028","Sandwell","Lives in a communal establishment","Aged 2 years and under","Male",1
"E08000028","Sandwell","Lives in a communal establishment","Aged 3 to 4 years","Male",1
"E08000028","Sandwell","Lives in a communal establishment","Aged 5 to 7 years","Male",0
"E08000028","Sandwell","Lives in a communal establishment","Aged 8 to 9 years","Male",0
"E08000028","Sandwell","Lives in a communal establishment","Aged 10 to 14 years","Male",41
"E08000028","Sandwell","Lives in a communal establishment","Aged 15 years","Male",9
"E08000028","Sandwell","Lives in a communal establishment","Aged 16 to 17 years","Male",6
"E08000028","Sandwell","Lives in a communal establishment","Aged 18 to 19 years","Male",7
"E08000028","Sandwell","Lives in a communal establishment","Aged 20 to 24 years","Male",25
"E08000028","Sandwell","Lives in a communal establishment","Aged 25 to 29 years","Male",39
"E08000028","Sandwell","Lives in a communal establishment","Aged 30 to 34 years","Male",46
"E08000028","Sandwell","Lives in a communal establishment","Aged 35 to 39 years","Male",37
"E08000028","Sandwell","Lives in a communal establishment","Aged 40 to 44 years","Male",44
"E08000028","Sandwell","Lives in a communal establishment","Aged 45 to 49 years","Male",49
"E08000028","Sandwell","Lives in a communal establishment","Aged 50 to 54 years","Male",52
"E08000028","Sandwell","Lives in a communal establishment","Aged 55 to 59 years","Male",70
"E08000028","Sandwell","Lives in a communal establishment","Aged 60 to 64 years","Male",66
"E08000028","Sandwell","Lives in a communal establishment","Aged 65 years","Male",7
"E08000028","Sandwell","Lives in a communal establishment","Aged 66 to 69 years","Male",48
"E08000028","Sandwell","Lives in a communal establishment","Aged 70 to 74 years","Male",67
"E08000028","Sandwell","Lives in a communal establishment","Aged 75 to 79 years","Male",88
"E08000028","Sandwell","Lives in a communal establishment","Aged 80 to 84 years","Male",66
"E08000028","Sandwell","Lives in a communal establishment","Aged 85 years and over","Male",131
"E08000029","Solihull","Lives in a communal establishment","Total","Male",501
"E08000029","Solihull","Lives in a communal establishment","Aged 2 years and under","Male",0
"E08000029","Solihull","Lives in a communal establishment","Aged 3 to 4 years","Male",0
"E08000029","Solihull","Lives in a communal establishment","Aged 5 to 7 years","Male",0
"E08000029","Solihull","Lives in a communal establishment","Aged 8 to 9 years","Male",0
"E08000029","Solihull","Lives in a communal establishment","Aged 10 to 14 years","Male",0
"E08000029","Solihull","Lives in a communal establishment","Aged 15 years","Male",1
"E08000029","Solihull","Lives in a communal establishment","Aged 16 to 17 years","Male",0
"E08000029","Solihull","Lives in a communal establishment","Aged 18 to 19 years","Male",3
"E08000029","Solihull","Lives in a communal establishment","Aged 20 to 24 years","Male",13
"E08000029","Solihull","Lives in a communal establishment","Aged 25 to 29 years","Male",14
"E08000029","Solihull","Lives in a communal establishment","Aged 30 to 34 years","Male",34
"E08000029","Solihull","Lives in a communal establishment","Aged 35 to 39 years","Male",36
"E08000029","Solihull","Lives in a communal establishment","Aged 40 to 44 years","Male",24
"E08000029","Solihull","Lives in a communal establishment","Aged 45 to 49 years","Male",29
"E08000029","Solihull","Lives in a communal establishment","Aged 50 to 54 years","Male",29
"E08000029","Solihull","Lives in a communal establishment","Aged 55 to 59 years","Male",34
"E08000029","Solihull","Lives in a communal establishment","Aged 60 to 64 years","Male",25
"E08000029","Solihull","Lives in a communal establishment","Aged 65 years","Male",2
"E08000029","Solihull","Lives in a communal establishment","Aged 66 to 69 years","Male",27
"E08000029","Solihull","Lives in a communal establishment","Aged 70 to 74 years","Male",33
"E08000029","Solihull","Lives in a communal establishment","Aged 75 to 79 years","Male",42
"E08000029","Solihull","Lives in a communal establishment","Aged 80 to 84 years","Male",48
"E08000029","Solihull","Lives in a communal establishment","Aged 85 years and over","Male",107
"E08000030","Walsall","Lives in a communal establishment","Total","Male",643
"E08000030","Walsall","Lives in a communal establishment","Aged 2 years and under","Male",3
"E08000030","Walsall","Lives in a communal establishment","Aged 3 to 4 years","Male",1
"E08000030","Walsall","Lives in a communal establishment","Aged 5 to 7 years","Male",0
"E08000030","Walsall","Lives in a communal establishment","Aged 8 to 9 years","Male",0
"E08000030","Walsall","Lives in a communal establishment","Aged 10 to 14 years","Male",9
"E08000030","Walsall","Lives in a communal establishment","Aged 15 years","Male",0
"E08000030","Walsall","Lives in a communal establishment","Aged 16 to 17 years","Male",3
"E08000030","Walsall","Lives in a communal establishment","Aged 18 to 19 years","Male",65
"E08000030","Walsall","Lives in a communal establishment","Aged 20 to 24 years","Male",58
"E08000030","Walsall","Lives in a communal establishment","Aged 25 to 29 years","Male",12
"E08000030","Walsall","Lives in a communal establishment","Aged 30 to 34 years","Male",19
"E08000030","Walsall","Lives in a communal establishment","Aged 35 to 39 years","Male",32
"E08000030","Walsall","Lives in a communal establishment","Aged 40 to 44 years","Male",17
"E08000030","Walsall","Lives in a communal establishment","Aged 45 to 49 years","Male",19
"E08000030","Walsall","Lives in a communal establishment","Aged 50 to 54 years","Male",10
"E08000030","Walsall","Lives in a communal establishment","Aged 55 to 59 years","Male",25
"E08000030","Walsall","Lives in a communal establishment","Aged 60 to 64 years","Male",26
"E08000030","Walsall","Lives in a communal establishment","Aged 65 years","Male",5
"E08000030","Walsall","Lives in a communal establishment","Aged 66 to 69 years","Male",30
"E08000030","Walsall","Lives in a communal establishment","Aged 70 to 74 years","Male",53
"E08000030","Walsall","Lives in a communal establishment","Aged 75 to 79 years","Male",51
"E08000030","Walsall","Lives in a communal establishment","Aged 80 to 84 years","Male",70
"E08000030","Walsall","Lives in a communal establishment","Aged 85 years and over","Male",135
"E08000031","Wolverhampton","Lives in a communal establishment","Total","Male",1464
"E08000031","Wolverhampton","Lives in a communal establishment","Aged 2 years and under","Male",2
"E08000031","Wolverhampton","Lives in a communal establishment","Aged 3 to 4 years","Male",0
"E08000031","Wolverhampton","Lives in a communal establishment","Aged 5 to 7 years","Male",1
"E08000031","Wolverhampton","Lives in a communal establishment","Aged 8 to 9 years","Male",0
"E08000031","Wolverhampton","Lives in a communal establishment","Aged 10 to 14 years","Male",24
"E08000031","Wolverhampton","Lives in a communal establishment","Aged 15 years","Male",11
"E08000031","Wolverhampton","Lives in a communal establishment","Aged 16 to 17 years","Male",24
"E08000031","Wolverhampton","Lives in a communal establishment","Aged 18 to 19 years","Male",119
"E08000031","Wolverhampton","Lives in a communal establishment","Aged 20 to 24 years","Male",469
"E08000031","Wolverhampton","Lives in a communal establishment","Aged 25 to 29 years","Male",104
"E08000031","Wolverhampton","Lives in a communal establishment","Aged 30 to 34 years","Male",41
"E08000031","Wolverhampton","Lives in a communal establishment","Aged 35 to 39 years","Male",28
"E08000031","Wolverhampton","Lives in a communal establishment","Aged 40 to 44 years","Male",29
"E08000031","Wolverhampton","Lives in a communal establishment","Aged 45 to 49 years","Male",36
"E08000031","Wolverhampton","Lives in a communal establishment","Aged 50 to 54 years","Male",38
"E08000031","Wolverhampton","Lives in a communal establishment","Aged 55 to 59 years","Male",37
"E08000031","Wolverhampton","Lives in a communal establishment","Aged 60 to 64 years","Male",52
"E08000031","Wolverhampton","Lives in a communal establishment","Aged 65 years","Male",11
"E08000031","Wolverhampton","Lives in a communal establishment","Aged 66 to 69 years","Male",40
"E08000031","Wolverhampton","Lives in a communal establishment","Aged 70 to 74 years","Male",85
"E08000031","Wolverhampton","Lives in a communal establishment","Aged 75 to 79 years","Male",60
"E08000031","Wolverhampton","Lives in a communal establishment","Aged 80 to 84 years","Male",88
"E08000031","Wolverhampton","Lives in a communal establishment","Aged 85 years and over","Male",165
"E06000031","Peterborough","Lives in a communal establishment","Total","Male",1288
"E06000031","Peterborough","Lives in a communal establishment","Aged 2 years and under","Male",0
"E06000031","Peterborough","Lives in a communal establishment","Aged 3 to 4 years","Male",0
"E06000031","Peterborough","Lives in a communal establishment","Aged 5 to 7 years","Male",0
"E06000031","Peterborough","Lives in a communal establishment","Aged 8 to 9 years","Male",0
"E06000031","Peterborough","Lives in a communal establishment","Aged 10 to 14 years","Male",6
"E06000031","Peterborough","Lives in a communal establishment","Aged 15 years","Male",1
"E06000031","Peterborough","Lives in a communal establishment","Aged 16 to 17 years","Male",5
"E06000031","Peterborough","Lives in a communal establishment","Aged 18 to 19 years","Male",55
"E06000031","Peterborough","Lives in a communal establishment","Aged 20 to 24 years","Male",189
"E06000031","Peterborough","Lives in a communal establishment","Aged 25 to 29 years","Male",181
"E06000031","Peterborough","Lives in a communal establishment","Aged 30 to 34 years","Male",152
"E06000031","Peterborough","Lives in a communal establishment","Aged 35 to 39 years","Male",119
"E06000031","Peterborough","Lives in a communal establishment","Aged 40 to 44 years","Male",82
"E06000031","Peterborough","Lives in a communal establishment","Aged 45 to 49 years","Male",67
"E06000031","Peterborough","Lives in a communal establishment","Aged 50 to 54 years","Male",72
"E06000031","Peterborough","Lives in a communal establishment","Aged 55 to 59 years","Male",56
"E06000031","Peterborough","Lives in a communal establishment","Aged 60 to 64 years","Male",34
"E06000031","Peterborough","Lives in a communal establishment","Aged 65 years","Male",3
"E06000031","Peterborough","Lives in a communal establishment","Aged 66 to 69 years","Male",30
"E06000031","Peterborough","Lives in a communal establishment","Aged 70 to 74 years","Male",46
"E06000031","Peterborough","Lives in a communal establishment","Aged 75 to 79 years","Male",46
"E06000031","Peterborough","Lives in a communal establishment","Aged 80 to 84 years","Male",53
"E06000031","Peterborough","Lives in a communal establishment","Aged 85 years and over","Male",91
"E06000032","Luton","Lives in a communal establishment","Total","Male",1184
"E06000032","Luton","Lives in a communal establishment","Aged 2 years and under","Male",0
"E06000032","Luton","Lives in a communal establishment","Aged 3 to 4 years","Male",0
"E06000032","Luton","Lives in a communal establishment","Aged 5 to 7 years","Male",0
"E06000032","Luton","Lives in a communal establishment","Aged 8 to 9 years","Male",0
"E06000032","Luton","Lives in a communal establishment","Aged 10 to 14 years","Male",0
"E06000032","Luton","Lives in a communal establishment","Aged 15 years","Male",0
"E06000032","Luton","Lives in a communal establishment","Aged 16 to 17 years","Male",4
"E06000032","Luton","Lives in a communal establishment","Aged 18 to 19 years","Male",69
"E06000032","Luton","Lives in a communal establishment","Aged 20 to 24 years","Male",250
"E06000032","Luton","Lives in a communal establishment","Aged 25 to 29 years","Male",133
"E06000032","Luton","Lives in a communal establishment","Aged 30 to 34 years","Male",98
"E06000032","Luton","Lives in a communal establishment","Aged 35 to 39 years","Male",84
"E06000032","Luton","Lives in a communal establishment","Aged 40 to 44 years","Male",83
"E06000032","Luton","Lives in a communal establishment","Aged 45 to 49 years","Male",82
"E06000032","Luton","Lives in a communal establishment","Aged 50 to 54 years","Male",59
"E06000032","Luton","Lives in a communal establishment","Aged 55 to 59 years","Male",51
"E06000032","Luton","Lives in a communal establishment","Aged 60 to 64 years","Male",54
"E06000032","Luton","Lives in a communal establishment","Aged 65 years","Male",5
"E06000032","Luton","Lives in a communal establishment","Aged 66 to 69 years","Male",49
"E06000032","Luton","Lives in a communal establishment","Aged 70 to 74 years","Male",35
"E06000032","Luton","Lives in a communal establishment","Aged 75 to 79 years","Male",32
"E06000032","Luton","Lives in a communal establishment","Aged 80 to 84 years","Male",41
"E06000032","Luton","Lives in a communal establishment","Aged 85 years and over","Male",55
"E06000033","Southend-on-Sea","Lives in a communal establishment","Total","Male",756
"E06000033","Southend-on-Sea","Lives in a communal establishment","Aged 2 years and under","Male",0
"E06000033","Southend-on-Sea","Lives in a communal establishment","Aged 3 to 4 years","Male",0
"E06000033","Southend-on-Sea","Lives in a communal establishment","Aged 5 to 7 years","Male",0
"E06000033","Southend-on-Sea","Lives in a communal establishment","Aged 8 to 9 years","Male",0
"E06000033","Southend-on-Sea","Lives in a communal establishment","Aged 10 to 14 years","Male",0
"E06000033","Southend-on-Sea","Lives in a communal establishment","Aged 15 years","Male",0
"E06000033","Southend-on-Sea","Lives in a communal establishment","Aged 16 to 17 years","Male",5
"E06000033","Southend-on-Sea","Lives in a communal establishment","Aged 18 to 19 years","Male",44
"E06000033","Southend-on-Sea","Lives in a communal establishment","Aged 20 to 24 years","Male",78
"E06000033","Southend-on-Sea","Lives in a communal establishment","Aged 25 to 29 years","Male",26
"E06000033","Southend-on-Sea","Lives in a communal establishment","Aged 30 to 34 years","Male",29
"E06000033","Southend-on-Sea","Lives in a communal establishment","Aged 35 to 39 years","Male",21
"E06000033","Southend-on-Sea","Lives in a communal establishment","Aged 40 to 44 years","Male",22
"E06000033","Southend-on-Sea","Lives in a communal establishment","Aged 45 to 49 years","Male",26
"E06000033","Southend-on-Sea","Lives in a communal establishment","Aged 50 to 54 years","Male",49
"E06000033","Southend-on-Sea","Lives in a communal establishment","Aged 55 to 59 years","Male",47
"E06000033","Southend-on-Sea","Lives in a communal establishment","Aged 60 to 64 years","Male",54
"E06000033","Southend-on-Sea","Lives in a communal establishment","Aged 65 years","Male",11
"E06000033","Southend-on-Sea","Lives in a communal establishment","Aged 66 to 69 years","Male",46
"E06000033","Southend-on-Sea","Lives in a communal establishment","Aged 70 to 74 years","Male",72
"E06000033","Southend-on-Sea","Lives in a communal establishment","Aged 75 to 79 years","Male",46
"E06000033","Southend-on-Sea","Lives in a communal establishment","Aged 80 to 84 years","Male",57
"E06000033","Southend-on-Sea","Lives in a communal establishment","Aged 85 years and over","Male",123
"E06000034","Thurrock","Lives in a communal establishment","Total","Male",218
"E06000034","Thurrock","Lives in a communal establishment","Aged 2 years and under","Male",0
"E06000034","Thurrock","Lives in a communal establishment","Aged 3 to 4 years","Male",0
"E06000034","Thurrock","Lives in a communal establishment","Aged 5 to 7 years","Male",0
"E06000034","Thurrock","Lives in a communal establishment","Aged 8 to 9 years","Male",0
"E06000034","Thurrock","Lives in a communal establishment","Aged 10 to 14 years","Male",0
"E06000034","Thurrock","Lives in a communal establishment","Aged 15 years","Male",1
"E06000034","Thurrock","Lives in a communal establishment","Aged 16 to 17 years","Male",0
"E06000034","Thurrock","Lives in a communal establishment","Aged 18 to 19 years","Male",1
"E06000034","Thurrock","Lives in a communal establishment","Aged 20 to 24 years","Male",9
"E06000034","Thurrock","Lives in a communal establishment","Aged 25 to 29 years","Male",7
"E06000034","Thurrock","Lives in a communal establishment","Aged 30 to 34 years","Male",8
"E06000034","Thurrock","Lives in a communal establishment","Aged 35 to 39 years","Male",9
"E06000034","Thurrock","Lives in a communal establishment","Aged 40 to 44 years","Male",6
"E06000034","Thurrock","Lives in a communal establishment","Aged 45 to 49 years","Male",8
"E06000034","Thurrock","Lives in a communal establishment","Aged 50 to 54 years","Male",4
"E06000034","Thurrock","Lives in a communal establishment","Aged 55 to 59 years","Male",7
"E06000034","Thurrock","Lives in a communal establishment","Aged 60 to 64 years","Male",12
"E06000034","Thurrock","Lives in a communal establishment","Aged 65 years","Male",5
"E06000034","Thurrock","Lives in a communal establishment","Aged 66 to 69 years","Male",14
"E06000034","Thurrock","Lives in a communal establishment","Aged 70 to 74 years","Male",27
"E06000034","Thurrock","Lives in a communal establishment","Aged 75 to 79 years","Male",17
"E06000034","Thurrock","Lives in a communal establishment","Aged 80 to 84 years","Male",33
"E06000034","Thurrock","Lives in a communal establishment","Aged 85 years and over","Male",50
"E06000055","Bedford","Lives in a communal establishment","Total","Male",1233
"E06000055","Bedford","Lives in a communal establishment","Aged 2 years and under","Male",0
"E06000055","Bedford","Lives in a communal establishment","Aged 3 to 4 years","Male",1
"E06000055","Bedford","Lives in a communal establishment","Aged 5 to 7 years","Male",1
"E06000055","Bedford","Lives in a communal establishment","Aged 8 to 9 years","Male",1
"E06000055","Bedford","Lives in a communal establishment","Aged 10 to 14 years","Male",43
"E06000055","Bedford","Lives in a communal establishment","Aged 15 years","Male",30
"E06000055","Bedford","Lives in a communal establishment","Aged 16 to 17 years","Male",82
"E06000055","Bedford","Lives in a communal establishment","Aged 18 to 19 years","Male",65
"E06000055","Bedford","Lives in a communal establishment","Aged 20 to 24 years","Male",186
"E06000055","Bedford","Lives in a communal establishment","Aged 25 to 29 years","Male",60
"E06000055","Bedford","Lives in a communal establishment","Aged 30 to 34 years","Male",71
"E06000055","Bedford","Lives in a communal establishment","Aged 35 to 39 years","Male",73
"E06000055","Bedford","Lives in a communal establishment","Aged 40 to 44 years","Male",39
"E06000055","Bedford","Lives in a communal establishment","Aged 45 to 49 years","Male",65
"E06000055","Bedford","Lives in a communal establishment","Aged 50 to 54 years","Male",53
"E06000055","Bedford","Lives in a communal establishment","Aged 55 to 59 years","Male",53
"E06000055","Bedford","Lives in a communal establishment","Aged 60 to 64 years","Male",57
"E06000055","Bedford","Lives in a communal establishment","Aged 65 years","Male",7
"E06000055","Bedford","Lives in a communal establishment","Aged 66 to 69 years","Male",46
"E06000055","Bedford","Lives in a communal establishment","Aged 70 to 74 years","Male",48
"E06000055","Bedford","Lives in a communal establishment","Aged 75 to 79 years","Male",76
"E06000055","Bedford","Lives in a communal establishment","Aged 80 to 84 years","Male",58
"E06000055","Bedford","Lives in a communal establishment","Aged 85 years and over","Male",118
"E06000056","Central Bedfordshire","Lives in a communal establishment","Total","Male",1262
"E06000056","Central Bedfordshire","Lives in a communal establishment","Aged 2 years and under","Male",0
"E06000056","Central Bedfordshire","Lives in a communal establishment","Aged 3 to 4 years","Male",0
"E06000056","Central Bedfordshire","Lives in a communal establishment","Aged 5 to 7 years","Male",0
"E06000056","Central Bedfordshire","Lives in a communal establishment","Aged 8 to 9 years","Male",0
"E06000056","Central Bedfordshire","Lives in a communal establishment","Aged 10 to 14 years","Male",2
"E06000056","Central Bedfordshire","Lives in a communal establishment","Aged 15 years","Male",0
"E06000056","Central Bedfordshire","Lives in a communal establishment","Aged 16 to 17 years","Male",8
"E06000056","Central Bedfordshire","Lives in a communal establishment","Aged 18 to 19 years","Male",34
"E06000056","Central Bedfordshire","Lives in a communal establishment","Aged 20 to 24 years","Male",376
"E06000056","Central Bedfordshire","Lives in a communal establishment","Aged 25 to 29 years","Male",233
"E06000056","Central Bedfordshire","Lives in a communal establishment","Aged 30 to 34 years","Male",100
"E06000056","Central Bedfordshire","Lives in a communal establishment","Aged 35 to 39 years","Male",55
"E06000056","Central Bedfordshire","Lives in a communal establishment","Aged 40 to 44 years","Male",37
"E06000056","Central Bedfordshire","Lives in a communal establishment","Aged 45 to 49 years","Male",27
"E06000056","Central Bedfordshire","Lives in a communal establishment","Aged 50 to 54 years","Male",32
"E06000056","Central Bedfordshire","Lives in a communal establishment","Aged 55 to 59 years","Male",41
"E06000056","Central Bedfordshire","Lives in a communal establishment","Aged 60 to 64 years","Male",20
"E06000056","Central Bedfordshire","Lives in a communal establishment","Aged 65 years","Male",6
"E06000056","Central Bedfordshire","Lives in a communal establishment","Aged 66 to 69 years","Male",28
"E06000056","Central Bedfordshire","Lives in a communal establishment","Aged 70 to 74 years","Male",50
"E06000056","Central Bedfordshire","Lives in a communal establishment","Aged 75 to 79 years","Male",46
"E06000056","Central Bedfordshire","Lives in a communal establishment","Aged 80 to 84 years","Male",56
"E06000056","Central Bedfordshire","Lives in a communal establishment","Aged 85 years and over","Male",111
"E07000008","Cambridge","Lives in a communal establishment","Total","Male",9831
"E07000008","Cambridge","Lives in a communal establishment","Aged 2 years and under","Male",4
"E07000008","Cambridge","Lives in a communal establishment","Aged 3 to 4 years","Male",5
"E07000008","Cambridge","Lives in a communal establishment","Aged 5 to 7 years","Male",7
"E07000008","Cambridge","Lives in a communal establishment","Aged 8 to 9 years","Male",16
"E07000008","Cambridge","Lives in a communal establishment","Aged 10 to 14 years","Male",88
"E07000008","Cambridge","Lives in a communal establishment","Aged 15 years","Male",17
"E07000008","Cambridge","Lives in a communal establishment","Aged 16 to 17 years","Male",100
"E07000008","Cambridge","Lives in a communal establishment","Aged 18 to 19 years","Male",2602
"E07000008","Cambridge","Lives in a communal establishment","Aged 20 to 24 years","Male",4929
"E07000008","Cambridge","Lives in a communal establishment","Aged 25 to 29 years","Male",1163
"E07000008","Cambridge","Lives in a communal establishment","Aged 30 to 34 years","Male",415
"E07000008","Cambridge","Lives in a communal establishment","Aged 35 to 39 years","Male",107
"E07000008","Cambridge","Lives in a communal establishment","Aged 40 to 44 years","Male",50
"E07000008","Cambridge","Lives in a communal establishment","Aged 45 to 49 years","Male",49
"E07000008","Cambridge","Lives in a communal establishment","Aged 50 to 54 years","Male",28
"E07000008","Cambridge","Lives in a communal establishment","Aged 55 to 59 years","Male",40
"E07000008","Cambridge","Lives in a communal establishment","Aged 60 to 64 years","Male",42
"E07000008","Cambridge","Lives in a communal establishment","Aged 65 years","Male",5
"E07000008","Cambridge","Lives in a communal establishment","Aged 66 to 69 years","Male",12
"E07000008","Cambridge","Lives in a communal establishment","Aged 70 to 74 years","Male",26
"E07000008","Cambridge","Lives in a communal establishment","Aged 75 to 79 years","Male",21
"E07000008","Cambridge","Lives in a communal establishment","Aged 80 to 84 years","Male",26
"E07000008","Cambridge","Lives in a communal establishment","Aged 85 years and over","Male",79
"E07000009","East Cambridgeshire","Lives in a communal establishment","Total","Male",300
"E07000009","East Cambridgeshire","Lives in a communal establishment","Aged 2 years and under","Male",1
"E07000009","East Cambridgeshire","Lives in a communal establishment","Aged 3 to 4 years","Male",0
"E07000009","East Cambridgeshire","Lives in a communal establishment","Aged 5 to 7 years","Male",1
"E07000009","East Cambridgeshire","Lives in a communal establishment","Aged 8 to 9 years","Male",7
"E07000009","East Cambridgeshire","Lives in a communal establishment","Aged 10 to 14 years","Male",25
"E07000009","East Cambridgeshire","Lives in a communal establishment","Aged 15 years","Male",11
"E07000009","East Cambridgeshire","Lives in a communal establishment","Aged 16 to 17 years","Male",15
"E07000009","East Cambridgeshire","Lives in a communal establishment","Aged 18 to 19 years","Male",10
"E07000009","East Cambridgeshire","Lives in a communal establishment","Aged 20 to 24 years","Male",17
"E07000009","East Cambridgeshire","Lives in a communal establishment","Aged 25 to 29 years","Male",12
"E07000009","East Cambridgeshire","Lives in a communal establishment","Aged 30 to 34 years","Male",12
"E07000009","East Cambridgeshire","Lives in a communal establishment","Aged 35 to 39 years","Male",11
"E07000009","East Cambridgeshire","Lives in a communal establishment","Aged 40 to 44 years","Male",21
"E07000009","East Cambridgeshire","Lives in a communal establishment","Aged 45 to 49 years","Male",15
"E07000009","East Cambridgeshire","Lives in a communal establishment","Aged 50 to 54 years","Male",12
"E07000009","East Cambridgeshire","Lives in a communal establishment","Aged 55 to 59 years","Male",7
"E07000009","East Cambridgeshire","Lives in a communal establishment","Aged 60 to 64 years","Male",14
"E07000009","East Cambridgeshire","Lives in a communal establishment","Aged 65 years","Male",0
"E07000009","East Cambridgeshire","Lives in a communal establishment","Aged 66 to 69 years","Male",8
"E07000009","East Cambridgeshire","Lives in a communal establishment","Aged 70 to 74 years","Male",17
"E07000009","East Cambridgeshire","Lives in a communal establishment","Aged 75 to 79 years","Male",17
"E07000009","East Cambridgeshire","Lives in a communal establishment","Aged 80 to 84 years","Male",22
"E07000009","East Cambridgeshire","Lives in a communal establishment","Aged 85 years and over","Male",45
"E07000010","Fenland","Lives in a communal establishment","Total","Male",851
"E07000010","Fenland","Lives in a communal establishment","Aged 2 years and under","Male",0
"E07000010","Fenland","Lives in a communal establishment","Aged 3 to 4 years","Male",0
"E07000010","Fenland","Lives in a communal establishment","Aged 5 to 7 years","Male",0
"E07000010","Fenland","Lives in a communal establishment","Aged 8 to 9 years","Male",1
"E07000010","Fenland","Lives in a communal establishment","Aged 10 to 14 years","Male",9
"E07000010","Fenland","Lives in a communal establishment","Aged 15 years","Male",3
"E07000010","Fenland","Lives in a communal establishment","Aged 16 to 17 years","Male",7
"E07000010","Fenland","Lives in a communal establishment","Aged 18 to 19 years","Male",5
"E07000010","Fenland","Lives in a communal establishment","Aged 20 to 24 years","Male",62
"E07000010","Fenland","Lives in a communal establishment","Aged 25 to 29 years","Male",85
"E07000010","Fenland","Lives in a communal establishment","Aged 30 to 34 years","Male",102
"E07000010","Fenland","Lives in a communal establishment","Aged 35 to 39 years","Male",86
"E07000010","Fenland","Lives in a communal establishment","Aged 40 to 44 years","Male",71
"E07000010","Fenland","Lives in a communal establishment","Aged 45 to 49 years","Male",54
"E07000010","Fenland","Lives in a communal establishment","Aged 50 to 54 years","Male",45
"E07000010","Fenland","Lives in a communal establishment","Aged 55 to 59 years","Male",55
"E07000010","Fenland","Lives in a communal establishment","Aged 60 to 64 years","Male",37
"E07000010","Fenland","Lives in a communal establishment","Aged 65 years","Male",4
"E07000010","Fenland","Lives in a communal establishment","Aged 66 to 69 years","Male",24
"E07000010","Fenland","Lives in a communal establishment","Aged 70 to 74 years","Male",32
"E07000010","Fenland","Lives in a communal establishment","Aged 75 to 79 years","Male",44
"E07000010","Fenland","Lives in a communal establishment","Aged 80 to 84 years","Male",49
"E07000010","Fenland","Lives in a communal establishment","Aged 85 years and over","Male",76
"E07000011","Huntingdonshire","Lives in a communal establishment","Total","Male",1725
"E07000011","Huntingdonshire","Lives in a communal establishment","Aged 2 years and under","Male",0
"E07000011","Huntingdonshire","Lives in a communal establishment","Aged 3 to 4 years","Male",0
"E07000011","Huntingdonshire","Lives in a communal establishment","Aged 5 to 7 years","Male",0
"E07000011","Huntingdonshire","Lives in a communal establishment","Aged 8 to 9 years","Male",0
"E07000011","Huntingdonshire","Lives in a communal establishment","Aged 10 to 14 years","Male",2
"E07000011","Huntingdonshire","Lives in a communal establishment","Aged 15 years","Male",1
"E07000011","Huntingdonshire","Lives in a communal establishment","Aged 16 to 17 years","Male",12
"E07000011","Huntingdonshire","Lives in a communal establishment","Aged 18 to 19 years","Male",24
"E07000011","Huntingdonshire","Lives in a communal establishment","Aged 20 to 24 years","Male",159
"E07000011","Huntingdonshire","Lives in a communal establishment","Aged 25 to 29 years","Male",195
"E07000011","Huntingdonshire","Lives in a communal establishment","Aged 30 to 34 years","Male",146
"E07000011","Huntingdonshire","Lives in a communal establishment","Aged 35 to 39 years","Male",137
"E07000011","Huntingdonshire","Lives in a communal establishment","Aged 40 to 44 years","Male",131
"E07000011","Huntingdonshire","Lives in a communal establishment","Aged 45 to 49 years","Male",120
"E07000011","Huntingdonshire","Lives in a communal establishment","Aged 50 to 54 years","Male",121
"E07000011","Huntingdonshire","Lives in a communal establishment","Aged 55 to 59 years","Male",157
"E07000011","Huntingdonshire","Lives in a communal establishment","Aged 60 to 64 years","Male",108
"E07000011","Huntingdonshire","Lives in a communal establishment","Aged 65 years","Male",23
"E07000011","Huntingdonshire","Lives in a communal establishment","Aged 66 to 69 years","Male",62
"E07000011","Huntingdonshire","Lives in a communal establishment","Aged 70 to 74 years","Male",72
"E07000011","Huntingdonshire","Lives in a communal establishment","Aged 75 to 79 years","Male",80
"E07000011","Huntingdonshire","Lives in a communal establishment","Aged 80 to 84 years","Male",80
"E07000011","Huntingdonshire","Lives in a communal establishment","Aged 85 years and over","Male",95
"E07000012","South Cambridgeshire","Lives in a communal establishment","Total","Male",614
"E07000012","South Cambridgeshire","Lives in a communal establishment","Aged 2 years and under","Male",0
"E07000012","South Cambridgeshire","Lives in a communal establishment","Aged 3 to 4 years","Male",0
"E07000012","South Cambridgeshire","Lives in a communal establishment","Aged 5 to 7 years","Male",0
"E07000012","South Cambridgeshire","Lives in a communal establishment","Aged 8 to 9 years","Male",0
"E07000012","South Cambridgeshire","Lives in a communal establishment","Aged 10 to 14 years","Male",15
"E07000012","South Cambridgeshire","Lives in a communal establishment","Aged 15 years","Male",3
"E07000012","South Cambridgeshire","Lives in a communal establishment","Aged 16 to 17 years","Male",17
"E07000012","South Cambridgeshire","Lives in a communal establishment","Aged 18 to 19 years","Male",75
"E07000012","South Cambridgeshire","Lives in a communal establishment","Aged 20 to 24 years","Male",79
"E07000012","South Cambridgeshire","Lives in a communal establishment","Aged 25 to 29 years","Male",39
"E07000012","South Cambridgeshire","Lives in a communal establishment","Aged 30 to 34 years","Male",24
"E07000012","South Cambridgeshire","Lives in a communal establishment","Aged 35 to 39 years","Male",36
"E07000012","South Cambridgeshire","Lives in a communal establishment","Aged 40 to 44 years","Male",27
"E07000012","South Cambridgeshire","Lives in a communal establishment","Aged 45 to 49 years","Male",21
"E07000012","South Cambridgeshire","Lives in a communal establishment","Aged 50 to 54 years","Male",20
"E07000012","South Cambridgeshire","Lives in a communal establishment","Aged 55 to 59 years","Male",26
"E07000012","South Cambridgeshire","Lives in a communal establishment","Aged 60 to 64 years","Male",25
"E07000012","South Cambridgeshire","Lives in a communal establishment","Aged 65 years","Male",4
"E07000012","South Cambridgeshire","Lives in a communal establishment","Aged 66 to 69 years","Male",17
"E07000012","South Cambridgeshire","Lives in a communal establishment","Aged 70 to 74 years","Male",29
"E07000012","South Cambridgeshire","Lives in a communal establishment","Aged 75 to 79 years","Male",22
"E07000012","South Cambridgeshire","Lives in a communal establishment","Aged 80 to 84 years","Male",37
"E07000012","South Cambridgeshire","Lives in a communal establishment","Aged 85 years and over","Male",98
"E07000066","Basildon","Lives in a communal establishment","Total","Male",276
"E07000066","Basildon","Lives in a communal establishment","Aged 2 years and under","Male",0
"E07000066","Basildon","Lives in a communal establishment","Aged 3 to 4 years","Male",0
"E07000066","Basildon","Lives in a communal establishment","Aged 5 to 7 years","Male",0
"E07000066","Basildon","Lives in a communal establishment","Aged 8 to 9 years","Male",0
"E07000066","Basildon","Lives in a communal establishment","Aged 10 to 14 years","Male",2
"E07000066","Basildon","Lives in a communal establishment","Aged 15 years","Male",0
"E07000066","Basildon","Lives in a communal establishment","Aged 16 to 17 years","Male",0
"E07000066","Basildon","Lives in a communal establishment","Aged 18 to 19 years","Male",2
"E07000066","Basildon","Lives in a communal establishment","Aged 20 to 24 years","Male",19
"E07000066","Basildon","Lives in a communal establishment","Aged 25 to 29 years","Male",13
"E07000066","Basildon","Lives in a communal establishment","Aged 30 to 34 years","Male",11
"E07000066","Basildon","Lives in a communal establishment","Aged 35 to 39 years","Male",6
"E07000066","Basildon","Lives in a communal establishment","Aged 40 to 44 years","Male",19
"E07000066","Basildon","Lives in a communal establishment","Aged 45 to 49 years","Male",16
"E07000066","Basildon","Lives in a communal establishment","Aged 50 to 54 years","Male",14
"E07000066","Basildon","Lives in a communal establishment","Aged 55 to 59 years","Male",16
"E07000066","Basildon","Lives in a communal establishment","Aged 60 to 64 years","Male",13
"E07000066","Basildon","Lives in a communal establishment","Aged 65 years","Male",0
"E07000066","Basildon","Lives in a communal establishment","Aged 66 to 69 years","Male",11
"E07000066","Basildon","Lives in a communal establishment","Aged 70 to 74 years","Male",22
"E07000066","Basildon","Lives in a communal establishment","Aged 75 to 79 years","Male",24
"E07000066","Basildon","Lives in a communal establishment","Aged 80 to 84 years","Male",27
"E07000066","Basildon","Lives in a communal establishment","Aged 85 years and over","Male",61
"E07000067","Braintree","Lives in a communal establishment","Total","Male",471
"E07000067","Braintree","Lives in a communal establishment","Aged 2 years and under","Male",1
"E07000067","Braintree","Lives in a communal establishment","Aged 3 to 4 years","Male",0
"E07000067","Braintree","Lives in a communal establishment","Aged 5 to 7 years","Male",0
"E07000067","Braintree","Lives in a communal establishment","Aged 8 to 9 years","Male",1
"E07000067","Braintree","Lives in a communal establishment","Aged 10 to 14 years","Male",1
"E07000067","Braintree","Lives in a communal establishment","Aged 15 years","Male",3
"E07000067","Braintree","Lives in a communal establishment","Aged 16 to 17 years","Male",3
"E07000067","Braintree","Lives in a communal establishment","Aged 18 to 19 years","Male",10
"E07000067","Braintree","Lives in a communal establishment","Aged 20 to 24 years","Male",32
"E07000067","Braintree","Lives in a communal establishment","Aged 25 to 29 years","Male",20
"E07000067","Braintree","Lives in a communal establishment","Aged 30 to 34 years","Male",42
"E07000067","Braintree","Lives in a communal establishment","Aged 35 to 39 years","Male",13
"E07000067","Braintree","Lives in a communal establishment","Aged 40 to 44 years","Male",13
"E07000067","Braintree","Lives in a communal establishment","Aged 45 to 49 years","Male",25
"E07000067","Braintree","Lives in a communal establishment","Aged 50 to 54 years","Male",20
"E07000067","Braintree","Lives in a communal establishment","Aged 55 to 59 years","Male",24
"E07000067","Braintree","Lives in a communal establishment","Aged 60 to 64 years","Male",18
"E07000067","Braintree","Lives in a communal establishment","Aged 65 years","Male",3
"E07000067","Braintree","Lives in a communal establishment","Aged 66 to 69 years","Male",22
"E07000067","Braintree","Lives in a communal establishment","Aged 70 to 74 years","Male",42
"E07000067","Braintree","Lives in a communal establishment","Aged 75 to 79 years","Male",47
"E07000067","Braintree","Lives in a communal establishment","Aged 80 to 84 years","Male",48
"E07000067","Braintree","Lives in a communal establishment","Aged 85 years and over","Male",83
"E07000068","Brentwood","Lives in a communal establishment","Total","Male",190
"E07000068","Brentwood","Lives in a communal establishment","Aged 2 years and under","Male",0
"E07000068","Brentwood","Lives in a communal establishment","Aged 3 to 4 years","Male",0
"E07000068","Brentwood","Lives in a communal establishment","Aged 5 to 7 years","Male",0
"E07000068","Brentwood","Lives in a communal establishment","Aged 8 to 9 years","Male",0
"E07000068","Brentwood","Lives in a communal establishment","Aged 10 to 14 years","Male",8
"E07000068","Brentwood","Lives in a communal establishment","Aged 15 years","Male",5
"E07000068","Brentwood","Lives in a communal establishment","Aged 16 to 17 years","Male",12
"E07000068","Brentwood","Lives in a communal establishment","Aged 18 to 19 years","Male",7
"E07000068","Brentwood","Lives in a communal establishment","Aged 20 to 24 years","Male",1
"E07000068","Brentwood","Lives in a communal establishment","Aged 25 to 29 years","Male",3
"E07000068","Brentwood","Lives in a communal establishment","Aged 30 to 34 years","Male",7
"E07000068","Brentwood","Lives in a communal establishment","Aged 35 to 39 years","Male",4
"E07000068","Brentwood","Lives in a communal establishment","Aged 40 to 44 years","Male",6
"E07000068","Brentwood","Lives in a communal establishment","Aged 45 to 49 years","Male",6
"E07000068","Brentwood","Lives in a communal establishment","Aged 50 to 54 years","Male",6
"E07000068","Brentwood","Lives in a communal establishment","Aged 55 to 59 years","Male",8
"E07000068","Brentwood","Lives in a communal establishment","Aged 60 to 64 years","Male",5
"E07000068","Brentwood","Lives in a communal establishment","Aged 65 years","Male",3
"E07000068","Brentwood","Lives in a communal establishment","Aged 66 to 69 years","Male",2
"E07000068","Brentwood","Lives in a communal establishment","Aged 70 to 74 years","Male",12
"E07000068","Brentwood","Lives in a communal establishment","Aged 75 to 79 years","Male",17
"E07000068","Brentwood","Lives in a communal establishment","Aged 80 to 84 years","Male",25
"E07000068","Brentwood","Lives in a communal establishment","Aged 85 years and over","Male",53
"E07000069","Castle Point","Lives in a communal establishment","Total","Male",131
"E07000069","Castle Point","Lives in a communal establishment","Aged 2 years and under","Male",0
"E07000069","Castle Point","Lives in a communal establishment","Aged 3 to 4 years","Male",0
"E07000069","Castle Point","Lives in a communal establishment","Aged 5 to 7 years","Male",0
"E07000069","Castle Point","Lives in a communal establishment","Aged 8 to 9 years","Male",0
"E07000069","Castle Point","Lives in a communal establishment","Aged 10 to 14 years","Male",0
"E07000069","Castle Point","Lives in a communal establishment","Aged 15 years","Male",0
"E07000069","Castle Point","Lives in a communal establishment","Aged 16 to 17 years","Male",3
"E07000069","Castle Point","Lives in a communal establishment","Aged 18 to 19 years","Male",0
"E07000069","Castle Point","Lives in a communal establishment","Aged 20 to 24 years","Male",1
"E07000069","Castle Point","Lives in a communal establishment","Aged 25 to 29 years","Male",0
"E07000069","Castle Point","Lives in a communal establishment","Aged 30 to 34 years","Male",1
"E07000069","Castle Point","Lives in a communal establishment","Aged 35 to 39 years","Male",2
"E07000069","Castle Point","Lives in a communal establishment","Aged 40 to 44 years","Male",3
"E07000069","Castle Point","Lives in a communal establishment","Aged 45 to 49 years","Male",0
"E07000069","Castle Point","Lives in a communal establishment","Aged 50 to 54 years","Male",3
"E07000069","Castle Point","Lives in a communal establishment","Aged 55 to 59 years","Male",4
"E07000069","Castle Point","Lives in a communal establishment","Aged 60 to 64 years","Male",10
"E07000069","Castle Point","Lives in a communal establishment","Aged 65 years","Male",1
"E07000069","Castle Point","Lives in a communal establishment","Aged 66 to 69 years","Male",7
"E07000069","Castle Point","Lives in a communal establishment","Aged 70 to 74 years","Male",17
"E07000069","Castle Point","Lives in a communal establishment","Aged 75 to 79 years","Male",19
"E07000069","Castle Point","Lives in a communal establishment","Aged 80 to 84 years","Male",16
"E07000069","Castle Point","Lives in a communal establishment","Aged 85 years and over","Male",44
"E07000070","Chelmsford","Lives in a communal establishment","Total","Male",1181
"E07000070","Chelmsford","Lives in a communal establishment","Aged 2 years and under","Male",0
"E07000070","Chelmsford","Lives in a communal establishment","Aged 3 to 4 years","Male",1
"E07000070","Chelmsford","Lives in a communal establishment","Aged 5 to 7 years","Male",1
"E07000070","Chelmsford","Lives in a communal establishment","Aged 8 to 9 years","Male",1
"E07000070","Chelmsford","Lives in a communal establishment","Aged 10 to 14 years","Male",35
"E07000070","Chelmsford","Lives in a communal establishment","Aged 15 years","Male",14
"E07000070","Chelmsford","Lives in a communal establishment","Aged 16 to 17 years","Male",33
"E07000070","Chelmsford","Lives in a communal establishment","Aged 18 to 19 years","Male",122
"E07000070","Chelmsford","Lives in a communal establishment","Aged 20 to 24 years","Male",165
"E07000070","Chelmsford","Lives in a communal establishment","Aged 25 to 29 years","Male",136
"E07000070","Chelmsford","Lives in a communal establishment","Aged 30 to 34 years","Male",109
"E07000070","Chelmsford","Lives in a communal establishment","Aged 35 to 39 years","Male",91
"E07000070","Chelmsford","Lives in a communal establishment","Aged 40 to 44 years","Male",80
"E07000070","Chelmsford","Lives in a communal establishment","Aged 45 to 49 years","Male",61
"E07000070","Chelmsford","Lives in a communal establishment","Aged 50 to 54 years","Male",53
"E07000070","Chelmsford","Lives in a communal establishment","Aged 55 to 59 years","Male",34
"E07000070","Chelmsford","Lives in a communal establishment","Aged 60 to 64 years","Male",33
"E07000070","Chelmsford","Lives in a communal establishment","Aged 65 years","Male",3
"E07000070","Chelmsford","Lives in a communal establishment","Aged 66 to 69 years","Male",20
"E07000070","Chelmsford","Lives in a communal establishment","Aged 70 to 74 years","Male",35
"E07000070","Chelmsford","Lives in a communal establishment","Aged 75 to 79 years","Male",22
"E07000070","Chelmsford","Lives in a communal establishment","Aged 80 to 84 years","Male",44
"E07000070","Chelmsford","Lives in a communal establishment","Aged 85 years and over","Male",88
"E07000071","Colchester","Lives in a communal establishment","Total","Male",2506
"E07000071","Colchester","Lives in a communal establishment","Aged 2 years and under","Male",0
"E07000071","Colchester","Lives in a communal establishment","Aged 3 to 4 years","Male",0
"E07000071","Colchester","Lives in a communal establishment","Aged 5 to 7 years","Male",0
"E07000071","Colchester","Lives in a communal establishment","Aged 8 to 9 years","Male",2
"E07000071","Colchester","Lives in a communal establishment","Aged 10 to 14 years","Male",5
"E07000071","Colchester","Lives in a communal establishment","Aged 15 years","Male",2
"E07000071","Colchester","Lives in a communal establishment","Aged 16 to 17 years","Male",17
"E07000071","Colchester","Lives in a communal establishment","Aged 18 to 19 years","Male",632
"E07000071","Colchester","Lives in a communal establishment","Aged 20 to 24 years","Male",1043
"E07000071","Colchester","Lives in a communal establishment","Aged 25 to 29 years","Male",203
"E07000071","Colchester","Lives in a communal establishment","Aged 30 to 34 years","Male",98
"E07000071","Colchester","Lives in a communal establishment","Aged 35 to 39 years","Male",73
"E07000071","Colchester","Lives in a communal establishment","Aged 40 to 44 years","Male",34
"E07000071","Colchester","Lives in a communal establishment","Aged 45 to 49 years","Male",40
"E07000071","Colchester","Lives in a communal establishment","Aged 50 to 54 years","Male",44
"E07000071","Colchester","Lives in a communal establishment","Aged 55 to 59 years","Male",33
"E07000071","Colchester","Lives in a communal establishment","Aged 60 to 64 years","Male",30
"E07000071","Colchester","Lives in a communal establishment","Aged 65 years","Male",7
"E07000071","Colchester","Lives in a communal establishment","Aged 66 to 69 years","Male",23
"E07000071","Colchester","Lives in a communal establishment","Aged 70 to 74 years","Male",33
"E07000071","Colchester","Lives in a communal establishment","Aged 75 to 79 years","Male",42
"E07000071","Colchester","Lives in a communal establishment","Aged 80 to 84 years","Male",39
"E07000071","Colchester","Lives in a communal establishment","Aged 85 years and over","Male",106
"E07000072","Epping Forest","Lives in a communal establishment","Total","Male",419
"E07000072","Epping Forest","Lives in a communal establishment","Aged 2 years and under","Male",3
"E07000072","Epping Forest","Lives in a communal establishment","Aged 3 to 4 years","Male",3
"E07000072","Epping Forest","Lives in a communal establishment","Aged 5 to 7 years","Male",8
"E07000072","Epping Forest","Lives in a communal establishment","Aged 8 to 9 years","Male",19
"E07000072","Epping Forest","Lives in a communal establishment","Aged 10 to 14 years","Male",13
"E07000072","Epping Forest","Lives in a communal establishment","Aged 15 years","Male",1
"E07000072","Epping Forest","Lives in a communal establishment","Aged 16 to 17 years","Male",2
"E07000072","Epping Forest","Lives in a communal establishment","Aged 18 to 19 years","Male",9
"E07000072","Epping Forest","Lives in a communal establishment","Aged 20 to 24 years","Male",6
"E07000072","Epping Forest","Lives in a communal establishment","Aged 25 to 29 years","Male",6
"E07000072","Epping Forest","Lives in a communal establishment","Aged 30 to 34 years","Male",9
"E07000072","Epping Forest","Lives in a communal establishment","Aged 35 to 39 years","Male",8
"E07000072","Epping Forest","Lives in a communal establishment","Aged 40 to 44 years","Male",9
"E07000072","Epping Forest","Lives in a communal establishment","Aged 45 to 49 years","Male",12
"E07000072","Epping Forest","Lives in a communal establishment","Aged 50 to 54 years","Male",27
"E07000072","Epping Forest","Lives in a communal establishment","Aged 55 to 59 years","Male",17
"E07000072","Epping Forest","Lives in a communal establishment","Aged 60 to 64 years","Male",15
"E07000072","Epping Forest","Lives in a communal establishment","Aged 65 years","Male",3
"E07000072","Epping Forest","Lives in a communal establishment","Aged 66 to 69 years","Male",21
"E07000072","Epping Forest","Lives in a communal establishment","Aged 70 to 74 years","Male",42
"E07000072","Epping Forest","Lives in a communal establishment","Aged 75 to 79 years","Male",56
"E07000072","Epping Forest","Lives in a communal establishment","Aged 80 to 84 years","Male",41
"E07000072","Epping Forest","Lives in a communal establishment","Aged 85 years and over","Male",89
"E07000073","Harlow","Lives in a communal establishment","Total","Male",115
"E07000073","Harlow","Lives in a communal establishment","Aged 2 years and under","Male",0
"E07000073","Harlow","Lives in a communal establishment","Aged 3 to 4 years","Male",0
"E07000073","Harlow","Lives in a communal establishment","Aged 5 to 7 years","Male",0
"E07000073","Harlow","Lives in a communal establishment","Aged 8 to 9 years","Male",0
"E07000073","Harlow","Lives in a communal establishment","Aged 10 to 14 years","Male",0
"E07000073","Harlow","Lives in a communal establishment","Aged 15 years","Male",0
"E07000073","Harlow","Lives in a communal establishment","Aged 16 to 17 years","Male",0
"E07000073","Harlow","Lives in a communal establishment","Aged 18 to 19 years","Male",2
"E07000073","Harlow","Lives in a communal establishment","Aged 20 to 24 years","Male",11
"E07000073","Harlow","Lives in a communal establishment","Aged 25 to 29 years","Male",3
"E07000073","Harlow","Lives in a communal establishment","Aged 30 to 34 years","Male",3
"E07000073","Harlow","Lives in a communal establishment","Aged 35 to 39 years","Male",4
"E07000073","Harlow","Lives in a communal establishment","Aged 40 to 44 years","Male",3
"E07000073","Harlow","Lives in a communal establishment","Aged 45 to 49 years","Male",6
"E07000073","Harlow","Lives in a communal establishment","Aged 50 to 54 years","Male",2
"E07000073","Harlow","Lives in a communal establishment","Aged 55 to 59 years","Male",9
"E07000073","Harlow","Lives in a communal establishment","Aged 60 to 64 years","Male",10
"E07000073","Harlow","Lives in a communal establishment","Aged 65 years","Male",2
"E07000073","Harlow","Lives in a communal establishment","Aged 66 to 69 years","Male",6
"E07000073","Harlow","Lives in a communal establishment","Aged 70 to 74 years","Male",11
"E07000073","Harlow","Lives in a communal establishment","Aged 75 to 79 years","Male",5
"E07000073","Harlow","Lives in a communal establishment","Aged 80 to 84 years","Male",5
"E07000073","Harlow","Lives in a communal establishment","Aged 85 years and over","Male",33
"E07000074","Maldon","Lives in a communal establishment","Total","Male",163
"E07000074","Maldon","Lives in a communal establishment","Aged 2 years and under","Male",0
"E07000074","Maldon","Lives in a communal establishment","Aged 3 to 4 years","Male",0
"E07000074","Maldon","Lives in a communal establishment","Aged 5 to 7 years","Male",0
"E07000074","Maldon","Lives in a communal establishment","Aged 8 to 9 years","Male",0
"E07000074","Maldon","Lives in a communal establishment","Aged 10 to 14 years","Male",0
"E07000074","Maldon","Lives in a communal establishment","Aged 15 years","Male",0
"E07000074","Maldon","Lives in a communal establishment","Aged 16 to 17 years","Male",0
"E07000074","Maldon","Lives in a communal establishment","Aged 18 to 19 years","Male",2
"E07000074","Maldon","Lives in a communal establishment","Aged 20 to 24 years","Male",4
"E07000074","Maldon","Lives in a communal establishment","Aged 25 to 29 years","Male",8
"E07000074","Maldon","Lives in a communal establishment","Aged 30 to 34 years","Male",10
"E07000074","Maldon","Lives in a communal establishment","Aged 35 to 39 years","Male",7
"E07000074","Maldon","Lives in a communal establishment","Aged 40 to 44 years","Male",14
"E07000074","Maldon","Lives in a communal establishment","Aged 45 to 49 years","Male",7
"E07000074","Maldon","Lives in a communal establishment","Aged 50 to 54 years","Male",4
"E07000074","Maldon","Lives in a communal establishment","Aged 55 to 59 years","Male",6
"E07000074","Maldon","Lives in a communal establishment","Aged 60 to 64 years","Male",4
"E07000074","Maldon","Lives in a communal establishment","Aged 65 years","Male",1
"E07000074","Maldon","Lives in a communal establishment","Aged 66 to 69 years","Male",9
"E07000074","Maldon","Lives in a communal establishment","Aged 70 to 74 years","Male",10
"E07000074","Maldon","Lives in a communal establishment","Aged 75 to 79 years","Male",15
"E07000074","Maldon","Lives in a communal establishment","Aged 80 to 84 years","Male",18
"E07000074","Maldon","Lives in a communal establishment","Aged 85 years and over","Male",44
"E07000075","Rochford","Lives in a communal establishment","Total","Male",109
"E07000075","Rochford","Lives in a communal establishment","Aged 2 years and under","Male",0
"E07000075","Rochford","Lives in a communal establishment","Aged 3 to 4 years","Male",0
"E07000075","Rochford","Lives in a communal establishment","Aged 5 to 7 years","Male",0
"E07000075","Rochford","Lives in a communal establishment","Aged 8 to 9 years","Male",0
"E07000075","Rochford","Lives in a communal establishment","Aged 10 to 14 years","Male",0
"E07000075","Rochford","Lives in a communal establishment","Aged 15 years","Male",0
"E07000075","Rochford","Lives in a communal establishment","Aged 16 to 17 years","Male",0
"E07000075","Rochford","Lives in a communal establishment","Aged 18 to 19 years","Male",0
"E07000075","Rochford","Lives in a communal establishment","Aged 20 to 24 years","Male",2
"E07000075","Rochford","Lives in a communal establishment","Aged 25 to 29 years","Male",0
"E07000075","Rochford","Lives in a communal establishment","Aged 30 to 34 years","Male",3
"E07000075","Rochford","Lives in a communal establishment","Aged 35 to 39 years","Male",0
"E07000075","Rochford","Lives in a communal establishment","Aged 40 to 44 years","Male",1
"E07000075","Rochford","Lives in a communal establishment","Aged 45 to 49 years","Male",4
"E07000075","Rochford","Lives in a communal establishment","Aged 50 to 54 years","Male",4
"E07000075","Rochford","Lives in a communal establishment","Aged 55 to 59 years","Male",7
"E07000075","Rochford","Lives in a communal establishment","Aged 60 to 64 years","Male",10
"E07000075","Rochford","Lives in a communal establishment","Aged 65 years","Male",2
"E07000075","Rochford","Lives in a communal establishment","Aged 66 to 69 years","Male",7
"E07000075","Rochford","Lives in a communal establishment","Aged 70 to 74 years","Male",12
"E07000075","Rochford","Lives in a communal establishment","Aged 75 to 79 years","Male",10
"E07000075","Rochford","Lives in a communal establishment","Aged 80 to 84 years","Male",19
"E07000075","Rochford","Lives in a communal establishment","Aged 85 years and over","Male",28
"E07000076","Tendring","Lives in a communal establishment","Total","Male",611
"E07000076","Tendring","Lives in a communal establishment","Aged 2 years and under","Male",0
"E07000076","Tendring","Lives in a communal establishment","Aged 3 to 4 years","Male",0
"E07000076","Tendring","Lives in a communal establishment","Aged 5 to 7 years","Male",0
"E07000076","Tendring","Lives in a communal establishment","Aged 8 to 9 years","Male",0
"E07000076","Tendring","Lives in a communal establishment","Aged 10 to 14 years","Male",1
"E07000076","Tendring","Lives in a communal establishment","Aged 15 years","Male",0
"E07000076","Tendring","Lives in a communal establishment","Aged 16 to 17 years","Male",1
"E07000076","Tendring","Lives in a communal establishment","Aged 18 to 19 years","Male",4
"E07000076","Tendring","Lives in a communal establishment","Aged 20 to 24 years","Male",10
"E07000076","Tendring","Lives in a communal establishment","Aged 25 to 29 years","Male",12
"E07000076","Tendring","Lives in a communal establishment","Aged 30 to 34 years","Male",16
"E07000076","Tendring","Lives in a communal establishment","Aged 35 to 39 years","Male",19
"E07000076","Tendring","Lives in a communal establishment","Aged 40 to 44 years","Male",21
"E07000076","Tendring","Lives in a communal establishment","Aged 45 to 49 years","Male",30
"E07000076","Tendring","Lives in a communal establishment","Aged 50 to 54 years","Male",32
"E07000076","Tendring","Lives in a communal establishment","Aged 55 to 59 years","Male",60
"E07000076","Tendring","Lives in a communal establishment","Aged 60 to 64 years","Male",51
"E07000076","Tendring","Lives in a communal establishment","Aged 65 years","Male",10
"E07000076","Tendring","Lives in a communal establishment","Aged 66 to 69 years","Male",38
"E07000076","Tendring","Lives in a communal establishment","Aged 70 to 74 years","Male",45
"E07000076","Tendring","Lives in a communal establishment","Aged 75 to 79 years","Male",68
"E07000076","Tendring","Lives in a communal establishment","Aged 80 to 84 years","Male",62
"E07000076","Tendring","Lives in a communal establishment","Aged 85 years and over","Male",131
"E07000077","Uttlesford","Lives in a communal establishment","Total","Male",323
"E07000077","Uttlesford","Lives in a communal establishment","Aged 2 years and under","Male",1
"E07000077","Uttlesford","Lives in a communal establishment","Aged 3 to 4 years","Male",0
"E07000077","Uttlesford","Lives in a communal establishment","Aged 5 to 7 years","Male",0
"E07000077","Uttlesford","Lives in a communal establishment","Aged 8 to 9 years","Male",1
"E07000077","Uttlesford","Lives in a communal establishment","Aged 10 to 14 years","Male",18
"E07000077","Uttlesford","Lives in a communal establishment","Aged 15 years","Male",12
"E07000077","Uttlesford","Lives in a communal establishment","Aged 16 to 17 years","Male",49
"E07000077","Uttlesford","Lives in a communal establishment","Aged 18 to 19 years","Male",15
"E07000077","Uttlesford","Lives in a communal establishment","Aged 20 to 24 years","Male",16
"E07000077","Uttlesford","Lives in a communal establishment","Aged 25 to 29 years","Male",28
"E07000077","Uttlesford","Lives in a communal establishment","Aged 30 to 34 years","Male",17
"E07000077","Uttlesford","Lives in a communal establishment","Aged 35 to 39 years","Male",13
"E07000077","Uttlesford","Lives in a communal establishment","Aged 40 to 44 years","Male",10
"E07000077","Uttlesford","Lives in a communal establishment","Aged 45 to 49 years","Male",13
"E07000077","Uttlesford","Lives in a communal establishment","Aged 50 to 54 years","Male",4
"E07000077","Uttlesford","Lives in a communal establishment","Aged 55 to 59 years","Male",9
"E07000077","Uttlesford","Lives in a communal establishment","Aged 60 to 64 years","Male",0
"E07000077","Uttlesford","Lives in a communal establishment","Aged 65 years","Male",0
"E07000077","Uttlesford","Lives in a communal establishment","Aged 66 to 69 years","Male",4
"E07000077","Uttlesford","Lives in a communal establishment","Aged 70 to 74 years","Male",5
"E07000077","Uttlesford","Lives in a communal establishment","Aged 75 to 79 years","Male",21
"E07000077","Uttlesford","Lives in a communal establishment","Aged 80 to 84 years","Male",21
"E07000077","Uttlesford","Lives in a communal establishment","Aged 85 years and over","Male",66
"E07000095","Broxbourne","Lives in a communal establishment","Total","Male",77
"E07000095","Broxbourne","Lives in a communal establishment","Aged 2 years and under","Male",0
"E07000095","Broxbourne","Lives in a communal establishment","Aged 3 to 4 years","Male",0
"E07000095","Broxbourne","Lives in a communal establishment","Aged 5 to 7 years","Male",0
"E07000095","Broxbourne","Lives in a communal establishment","Aged 8 to 9 years","Male",0
"E07000095","Broxbourne","Lives in a communal establishment","Aged 10 to 14 years","Male",0
"E07000095","Broxbourne","Lives in a communal establishment","Aged 15 years","Male",0
"E07000095","Broxbourne","Lives in a communal establishment","Aged 16 to 17 years","Male",0
"E07000095","Broxbourne","Lives in a communal establishment","Aged 18 to 19 years","Male",5
"E07000095","Broxbourne","Lives in a communal establishment","Aged 20 to 24 years","Male",3
"E07000095","Broxbourne","Lives in a communal establishment","Aged 25 to 29 years","Male",2
"E07000095","Broxbourne","Lives in a communal establishment","Aged 30 to 34 years","Male",3
"E07000095","Broxbourne","Lives in a communal establishment","Aged 35 to 39 years","Male",0
"E07000095","Broxbourne","Lives in a communal establishment","Aged 40 to 44 years","Male",1
"E07000095","Broxbourne","Lives in a communal establishment","Aged 45 to 49 years","Male",0
"E07000095","Broxbourne","Lives in a communal establishment","Aged 50 to 54 years","Male",1
"E07000095","Broxbourne","Lives in a communal establishment","Aged 55 to 59 years","Male",7
"E07000095","Broxbourne","Lives in a communal establishment","Aged 60 to 64 years","Male",4
"E07000095","Broxbourne","Lives in a communal establishment","Aged 65 years","Male",2
"E07000095","Broxbourne","Lives in a communal establishment","Aged 66 to 69 years","Male",1
"E07000095","Broxbourne","Lives in a communal establishment","Aged 70 to 74 years","Male",9
"E07000095","Broxbourne","Lives in a communal establishment","Aged 75 to 79 years","Male",7
"E07000095","Broxbourne","Lives in a communal establishment","Aged 80 to 84 years","Male",6
"E07000095","Broxbourne","Lives in a communal establishment","Aged 85 years and over","Male",26
"E07000096","Dacorum","Lives in a communal establishment","Total","Male",1457
"E07000096","Dacorum","Lives in a communal establishment","Aged 2 years and under","Male",0
"E07000096","Dacorum","Lives in a communal establishment","Aged 3 to 4 years","Male",0
"E07000096","Dacorum","Lives in a communal establishment","Aged 5 to 7 years","Male",0
"E07000096","Dacorum","Lives in a communal establishment","Aged 8 to 9 years","Male",0
"E07000096","Dacorum","Lives in a communal establishment","Aged 10 to 14 years","Male",34
"E07000096","Dacorum","Lives in a communal establishment","Aged 15 years","Male",12
"E07000096","Dacorum","Lives in a communal establishment","Aged 16 to 17 years","Male",39
"E07000096","Dacorum","Lives in a communal establishment","Aged 18 to 19 years","Male",31
"E07000096","Dacorum","Lives in a communal establishment","Aged 20 to 24 years","Male",124
"E07000096","Dacorum","Lives in a communal establishment","Aged 25 to 29 years","Male",250
"E07000096","Dacorum","Lives in a communal establishment","Aged 30 to 34 years","Male",232
"E07000096","Dacorum","Lives in a communal establishment","Aged 35 to 39 years","Male",151
"E07000096","Dacorum","Lives in a communal establishment","Aged 40 to 44 years","Male",142
"E07000096","Dacorum","Lives in a communal establishment","Aged 45 to 49 years","Male",85
"E07000096","Dacorum","Lives in a communal establishment","Aged 50 to 54 years","Male",62
"E07000096","Dacorum","Lives in a communal establishment","Aged 55 to 59 years","Male",45
"E07000096","Dacorum","Lives in a communal establishment","Aged 60 to 64 years","Male",33
"E07000096","Dacorum","Lives in a communal establishment","Aged 65 years","Male",3
"E07000096","Dacorum","Lives in a communal establishment","Aged 66 to 69 years","Male",22
"E07000096","Dacorum","Lives in a communal establishment","Aged 70 to 74 years","Male",30
"E07000096","Dacorum","Lives in a communal establishment","Aged 75 to 79 years","Male",24
"E07000096","Dacorum","Lives in a communal establishment","Aged 80 to 84 years","Male",41
"E07000096","Dacorum","Lives in a communal establishment","Aged 85 years and over","Male",97
"E07000098","Hertsmere","Lives in a communal establishment","Total","Male",356
"E07000098","Hertsmere","Lives in a communal establishment","Aged 2 years and under","Male",3
"E07000098","Hertsmere","Lives in a communal establishment","Aged 3 to 4 years","Male",0
"E07000098","Hertsmere","Lives in a communal establishment","Aged 5 to 7 years","Male",4
"E07000098","Hertsmere","Lives in a communal establishment","Aged 8 to 9 years","Male",0
"E07000098","Hertsmere","Lives in a communal establishment","Aged 10 to 14 years","Male",10
"E07000098","Hertsmere","Lives in a communal establishment","Aged 15 years","Male",2
"E07000098","Hertsmere","Lives in a communal establishment","Aged 16 to 17 years","Male",8
"E07000098","Hertsmere","Lives in a communal establishment","Aged 18 to 19 years","Male",4
"E07000098","Hertsmere","Lives in a communal establishment","Aged 20 to 24 years","Male",11
"E07000098","Hertsmere","Lives in a communal establishment","Aged 25 to 29 years","Male",16
"E07000098","Hertsmere","Lives in a communal establishment","Aged 30 to 34 years","Male",11
"E07000098","Hertsmere","Lives in a communal establishment","Aged 35 to 39 years","Male",14
"E07000098","Hertsmere","Lives in a communal establishment","Aged 40 to 44 years","Male",17
"E07000098","Hertsmere","Lives in a communal establishment","Aged 45 to 49 years","Male",13
"E07000098","Hertsmere","Lives in a communal establishment","Aged 50 to 54 years","Male",23
"E07000098","Hertsmere","Lives in a communal establishment","Aged 55 to 59 years","Male",34
"E07000098","Hertsmere","Lives in a communal establishment","Aged 60 to 64 years","Male",24
"E07000098","Hertsmere","Lives in a communal establishment","Aged 65 years","Male",3
"E07000098","Hertsmere","Lives in a communal establishment","Aged 66 to 69 years","Male",16
"E07000098","Hertsmere","Lives in a communal establishment","Aged 70 to 74 years","Male",27
"E07000098","Hertsmere","Lives in a communal establishment","Aged 75 to 79 years","Male",20
"E07000098","Hertsmere","Lives in a communal establishment","Aged 80 to 84 years","Male",32
"E07000098","Hertsmere","Lives in a communal establishment","Aged 85 years and over","Male",64
"E07000099","North Hertfordshire","Lives in a communal establishment","Total","Male",359
"E07000099","North Hertfordshire","Lives in a communal establishment","Aged 2 years and under","Male",0
"E07000099","North Hertfordshire","Lives in a communal establishment","Aged 3 to 4 years","Male",0
"E07000099","North Hertfordshire","Lives in a communal establishment","Aged 5 to 7 years","Male",0
"E07000099","North Hertfordshire","Lives in a communal establishment","Aged 8 to 9 years","Male",0
"E07000099","North Hertfordshire","Lives in a communal establishment","Aged 10 to 14 years","Male",6
"E07000099","North Hertfordshire","Lives in a communal establishment","Aged 15 years","Male",4
"E07000099","North Hertfordshire","Lives in a communal establishment","Aged 16 to 17 years","Male",6
"E07000099","North Hertfordshire","Lives in a communal establishment","Aged 18 to 19 years","Male",2
"E07000099","North Hertfordshire","Lives in a communal establishment","Aged 20 to 24 years","Male",13
"E07000099","North Hertfordshire","Lives in a communal establishment","Aged 25 to 29 years","Male",14
"E07000099","North Hertfordshire","Lives in a communal establishment","Aged 30 to 34 years","Male",14
"E07000099","North Hertfordshire","Lives in a communal establishment","Aged 35 to 39 years","Male",19
"E07000099","North Hertfordshire","Lives in a communal establishment","Aged 40 to 44 years","Male",9
"E07000099","North Hertfordshire","Lives in a communal establishment","Aged 45 to 49 years","Male",8
"E07000099","North Hertfordshire","Lives in a communal establishment","Aged 50 to 54 years","Male",13
"E07000099","North Hertfordshire","Lives in a communal establishment","Aged 55 to 59 years","Male",15
"E07000099","North Hertfordshire","Lives in a communal establishment","Aged 60 to 64 years","Male",10
"E07000099","North Hertfordshire","Lives in a communal establishment","Aged 65 years","Male",3
"E07000099","North Hertfordshire","Lives in a communal establishment","Aged 66 to 69 years","Male",18
"E07000099","North Hertfordshire","Lives in a communal establishment","Aged 70 to 74 years","Male",27
"E07000099","North Hertfordshire","Lives in a communal establishment","Aged 75 to 79 years","Male",49
"E07000099","North Hertfordshire","Lives in a communal establishment","Aged 80 to 84 years","Male",30
"E07000099","North Hertfordshire","Lives in a communal establishment","Aged 85 years and over","Male",99
"E07000102","Three Rivers","Lives in a communal establishment","Total","Male",361
"E07000102","Three Rivers","Lives in a communal establishment","Aged 2 years and under","Male",0
"E07000102","Three Rivers","Lives in a communal establishment","Aged 3 to 4 years","Male",0
"E07000102","Three Rivers","Lives in a communal establishment","Aged 5 to 7 years","Male",1
"E07000102","Three Rivers","Lives in a communal establishment","Aged 8 to 9 years","Male",0
"E07000102","Three Rivers","Lives in a communal establishment","Aged 10 to 14 years","Male",1
"E07000102","Three Rivers","Lives in a communal establishment","Aged 15 years","Male",0
"E07000102","Three Rivers","Lives in a communal establishment","Aged 16 to 17 years","Male",0
"E07000102","Three Rivers","Lives in a communal establishment","Aged 18 to 19 years","Male",3
"E07000102","Three Rivers","Lives in a communal establishment","Aged 20 to 24 years","Male",30
"E07000102","Three Rivers","Lives in a communal establishment","Aged 25 to 29 years","Male",50
"E07000102","Three Rivers","Lives in a communal establishment","Aged 30 to 34 years","Male",26
"E07000102","Three Rivers","Lives in a communal establishment","Aged 35 to 39 years","Male",37
"E07000102","Three Rivers","Lives in a communal establishment","Aged 40 to 44 years","Male",33
"E07000102","Three Rivers","Lives in a communal establishment","Aged 45 to 49 years","Male",27
"E07000102","Three Rivers","Lives in a communal establishment","Aged 50 to 54 years","Male",37
"E07000102","Three Rivers","Lives in a communal establishment","Aged 55 to 59 years","Male",14
"E07000102","Three Rivers","Lives in a communal establishment","Aged 60 to 64 years","Male",5
"E07000102","Three Rivers","Lives in a communal establishment","Aged 65 years","Male",0
"E07000102","Three Rivers","Lives in a communal establishment","Aged 66 to 69 years","Male",8
"E07000102","Three Rivers","Lives in a communal establishment","Aged 70 to 74 years","Male",18
"E07000102","Three Rivers","Lives in a communal establishment","Aged 75 to 79 years","Male",10
"E07000102","Three Rivers","Lives in a communal establishment","Aged 80 to 84 years","Male",15
"E07000102","Three Rivers","Lives in a communal establishment","Aged 85 years and over","Male",46
"E07000103","Watford","Lives in a communal establishment","Total","Male",301
"E07000103","Watford","Lives in a communal establishment","Aged 2 years and under","Male",0
"E07000103","Watford","Lives in a communal establishment","Aged 3 to 4 years","Male",0
"E07000103","Watford","Lives in a communal establishment","Aged 5 to 7 years","Male",0
"E07000103","Watford","Lives in a communal establishment","Aged 8 to 9 years","Male",0
"E07000103","Watford","Lives in a communal establishment","Aged 10 to 14 years","Male",0
"E07000103","Watford","Lives in a communal establishment","Aged 15 years","Male",0
"E07000103","Watford","Lives in a communal establishment","Aged 16 to 17 years","Male",0
"E07000103","Watford","Lives in a communal establishment","Aged 18 to 19 years","Male",3
"E07000103","Watford","Lives in a communal establishment","Aged 20 to 24 years","Male",16
"E07000103","Watford","Lives in a communal establishment","Aged 25 to 29 years","Male",21
"E07000103","Watford","Lives in a communal establishment","Aged 30 to 34 years","Male",12
"E07000103","Watford","Lives in a communal establishment","Aged 35 to 39 years","Male",14
"E07000103","Watford","Lives in a communal establishment","Aged 40 to 44 years","Male",14
"E07000103","Watford","Lives in a communal establishment","Aged 45 to 49 years","Male",19
"E07000103","Watford","Lives in a communal establishment","Aged 50 to 54 years","Male",17
"E07000103","Watford","Lives in a communal establishment","Aged 55 to 59 years","Male",19
"E07000103","Watford","Lives in a communal establishment","Aged 60 to 64 years","Male",5
"E07000103","Watford","Lives in a communal establishment","Aged 65 years","Male",3
"E07000103","Watford","Lives in a communal establishment","Aged 66 to 69 years","Male",17
"E07000103","Watford","Lives in a communal establishment","Aged 70 to 74 years","Male",26
"E07000103","Watford","Lives in a communal establishment","Aged 75 to 79 years","Male",30
"E07000103","Watford","Lives in a communal establishment","Aged 80 to 84 years","Male",31
"E07000103","Watford","Lives in a communal establishment","Aged 85 years and over","Male",54
"E07000143","Breckland","Lives in a communal establishment","Total","Male",1502
"E07000143","Breckland","Lives in a communal establishment","Aged 2 years and under","Male",0
"E07000143","Breckland","Lives in a communal establishment","Aged 3 to 4 years","Male",0
"E07000143","Breckland","Lives in a communal establishment","Aged 5 to 7 years","Male",0
"E07000143","Breckland","Lives in a communal establishment","Aged 8 to 9 years","Male",0
"E07000143","Breckland","Lives in a communal establishment","Aged 10 to 14 years","Male",2
"E07000143","Breckland","Lives in a communal establishment","Aged 15 years","Male",0
"E07000143","Breckland","Lives in a communal establishment","Aged 16 to 17 years","Male",0
"E07000143","Breckland","Lives in a communal establishment","Aged 18 to 19 years","Male",24
"E07000143","Breckland","Lives in a communal establishment","Aged 20 to 24 years","Male",152
"E07000143","Breckland","Lives in a communal establishment","Aged 25 to 29 years","Male",210
"E07000143","Breckland","Lives in a communal establishment","Aged 30 to 34 years","Male",202
"E07000143","Breckland","Lives in a communal establishment","Aged 35 to 39 years","Male",163
"E07000143","Breckland","Lives in a communal establishment","Aged 40 to 44 years","Male",114
"E07000143","Breckland","Lives in a communal establishment","Aged 45 to 49 years","Male",92
"E07000143","Breckland","Lives in a communal establishment","Aged 50 to 54 years","Male",80
"E07000143","Breckland","Lives in a communal establishment","Aged 55 to 59 years","Male",48
"E07000143","Breckland","Lives in a communal establishment","Aged 60 to 64 years","Male",41
"E07000143","Breckland","Lives in a communal establishment","Aged 65 years","Male",5
"E07000143","Breckland","Lives in a communal establishment","Aged 66 to 69 years","Male",36
"E07000143","Breckland","Lives in a communal establishment","Aged 70 to 74 years","Male",55
"E07000143","Breckland","Lives in a communal establishment","Aged 75 to 79 years","Male",65
"E07000143","Breckland","Lives in a communal establishment","Aged 80 to 84 years","Male",60
"E07000143","Breckland","Lives in a communal establishment","Aged 85 years and over","Male",153
"E07000144","Broadland","Lives in a communal establishment","Total","Male",531
"E07000144","Broadland","Lives in a communal establishment","Aged 2 years and under","Male",0
"E07000144","Broadland","Lives in a communal establishment","Aged 3 to 4 years","Male",0
"E07000144","Broadland","Lives in a communal establishment","Aged 5 to 7 years","Male",0
"E07000144","Broadland","Lives in a communal establishment","Aged 8 to 9 years","Male",0
"E07000144","Broadland","Lives in a communal establishment","Aged 10 to 14 years","Male",1
"E07000144","Broadland","Lives in a communal establishment","Aged 15 years","Male",0
"E07000144","Broadland","Lives in a communal establishment","Aged 16 to 17 years","Male",1
"E07000144","Broadland","Lives in a communal establishment","Aged 18 to 19 years","Male",0
"E07000144","Broadland","Lives in a communal establishment","Aged 20 to 24 years","Male",7
"E07000144","Broadland","Lives in a communal establishment","Aged 25 to 29 years","Male",24
"E07000144","Broadland","Lives in a communal establishment","Aged 30 to 34 years","Male",28
"E07000144","Broadland","Lives in a communal establishment","Aged 35 to 39 years","Male",12
"E07000144","Broadland","Lives in a communal establishment","Aged 40 to 44 years","Male",22
"E07000144","Broadland","Lives in a communal establishment","Aged 45 to 49 years","Male",25
"E07000144","Broadland","Lives in a communal establishment","Aged 50 to 54 years","Male",33
"E07000144","Broadland","Lives in a communal establishment","Aged 55 to 59 years","Male",39
"E07000144","Broadland","Lives in a communal establishment","Aged 60 to 64 years","Male",35
"E07000144","Broadland","Lives in a communal establishment","Aged 65 years","Male",5
"E07000144","Broadland","Lives in a communal establishment","Aged 66 to 69 years","Male",17
"E07000144","Broadland","Lives in a communal establishment","Aged 70 to 74 years","Male",35
"E07000144","Broadland","Lives in a communal establishment","Aged 75 to 79 years","Male",42
"E07000144","Broadland","Lives in a communal establishment","Aged 80 to 84 years","Male",71
"E07000144","Broadland","Lives in a communal establishment","Aged 85 years and over","Male",134
"E07000145","Great Yarmouth","Lives in a communal establishment","Total","Male",391
"E07000145","Great Yarmouth","Lives in a communal establishment","Aged 2 years and under","Male",0
"E07000145","Great Yarmouth","Lives in a communal establishment","Aged 3 to 4 years","Male",0
"E07000145","Great Yarmouth","Lives in a communal establishment","Aged 5 to 7 years","Male",0
"E07000145","Great Yarmouth","Lives in a communal establishment","Aged 8 to 9 years","Male",0
"E07000145","Great Yarmouth","Lives in a communal establishment","Aged 10 to 14 years","Male",4
"E07000145","Great Yarmouth","Lives in a communal establishment","Aged 15 years","Male",0
"E07000145","Great Yarmouth","Lives in a communal establishment","Aged 16 to 17 years","Male",0
"E07000145","Great Yarmouth","Lives in a communal establishment","Aged 18 to 19 years","Male",3
"E07000145","Great Yarmouth","Lives in a communal establishment","Aged 20 to 24 years","Male",13
"E07000145","Great Yarmouth","Lives in a communal establishment","Aged 25 to 29 years","Male",8
"E07000145","Great Yarmouth","Lives in a communal establishment","Aged 30 to 34 years","Male",9
"E07000145","Great Yarmouth","Lives in a communal establishment","Aged 35 to 39 years","Male",10
"E07000145","Great Yarmouth","Lives in a communal establishment","Aged 40 to 44 years","Male",24
"E07000145","Great Yarmouth","Lives in a communal establishment","Aged 45 to 49 years","Male",15
"E07000145","Great Yarmouth","Lives in a communal establishment","Aged 50 to 54 years","Male",25
"E07000145","Great Yarmouth","Lives in a communal establishment","Aged 55 to 59 years","Male",21
"E07000145","Great Yarmouth","Lives in a communal establishment","Aged 60 to 64 years","Male",19
"E07000145","Great Yarmouth","Lives in a communal establishment","Aged 65 years","Male",10
"E07000145","Great Yarmouth","Lives in a communal establishment","Aged 66 to 69 years","Male",28
"E07000145","Great Yarmouth","Lives in a communal establishment","Aged 70 to 74 years","Male",43
"E07000145","Great Yarmouth","Lives in a communal establishment","Aged 75 to 79 years","Male",40
"E07000145","Great Yarmouth","Lives in a communal establishment","Aged 80 to 84 years","Male",32
"E07000145","Great Yarmouth","Lives in a communal establishment","Aged 85 years and over","Male",87
"E07000146","King's Lynn and West Norfolk","Lives in a communal establishment","Total","Male",901
"E07000146","King's Lynn and West Norfolk","Lives in a communal establishment","Aged 2 years and under","Male",2
"E07000146","King's Lynn and West Norfolk","Lives in a communal establishment","Aged 3 to 4 years","Male",0
"E07000146","King's Lynn and West Norfolk","Lives in a communal establishment","Aged 5 to 7 years","Male",4
"E07000146","King's Lynn and West Norfolk","Lives in a communal establishment","Aged 8 to 9 years","Male",0
"E07000146","King's Lynn and West Norfolk","Lives in a communal establishment","Aged 10 to 14 years","Male",5
"E07000146","King's Lynn and West Norfolk","Lives in a communal establishment","Aged 15 years","Male",1
"E07000146","King's Lynn and West Norfolk","Lives in a communal establishment","Aged 16 to 17 years","Male",4
"E07000146","King's Lynn and West Norfolk","Lives in a communal establishment","Aged 18 to 19 years","Male",31
"E07000146","King's Lynn and West Norfolk","Lives in a communal establishment","Aged 20 to 24 years","Male",225
"E07000146","King's Lynn and West Norfolk","Lives in a communal establishment","Aged 25 to 29 years","Male",142
"E07000146","King's Lynn and West Norfolk","Lives in a communal establishment","Aged 30 to 34 years","Male",51
"E07000146","King's Lynn and West Norfolk","Lives in a communal establishment","Aged 35 to 39 years","Male",43
"E07000146","King's Lynn and West Norfolk","Lives in a communal establishment","Aged 40 to 44 years","Male",21
"E07000146","King's Lynn and West Norfolk","Lives in a communal establishment","Aged 45 to 49 years","Male",19
"E07000146","King's Lynn and West Norfolk","Lives in a communal establishment","Aged 50 to 54 years","Male",24
"E07000146","King's Lynn and West Norfolk","Lives in a communal establishment","Aged 55 to 59 years","Male",17
"E07000146","King's Lynn and West Norfolk","Lives in a communal establishment","Aged 60 to 64 years","Male",21
"E07000146","King's Lynn and West Norfolk","Lives in a communal establishment","Aged 65 years","Male",4
"E07000146","King's Lynn and West Norfolk","Lives in a communal establishment","Aged 66 to 69 years","Male",16
"E07000146","King's Lynn and West Norfolk","Lives in a communal establishment","Aged 70 to 74 years","Male",36
"E07000146","King's Lynn and West Norfolk","Lives in a communal establishment","Aged 75 to 79 years","Male",41
"E07000146","King's Lynn and West Norfolk","Lives in a communal establishment","Aged 80 to 84 years","Male",47
"E07000146","King's Lynn and West Norfolk","Lives in a communal establishment","Aged 85 years and over","Male",147
"E07000147","North Norfolk","Lives in a communal establishment","Total","Male",1236
"E07000147","North Norfolk","Lives in a communal establishment","Aged 2 years and under","Male",3
"E07000147","North Norfolk","Lives in a communal establishment","Aged 3 to 4 years","Male",1
"E07000147","North Norfolk","Lives in a communal establishment","Aged 5 to 7 years","Male",5
"E07000147","North Norfolk","Lives in a communal establishment","Aged 8 to 9 years","Male",3
"E07000147","North Norfolk","Lives in a communal establishment","Aged 10 to 14 years","Male",49
"E07000147","North Norfolk","Lives in a communal establishment","Aged 15 years","Male",32
"E07000147","North Norfolk","Lives in a communal establishment","Aged 16 to 17 years","Male",37
"E07000147","North Norfolk","Lives in a communal establishment","Aged 18 to 19 years","Male",27
"E07000147","North Norfolk","Lives in a communal establishment","Aged 20 to 24 years","Male",47
"E07000147","North Norfolk","Lives in a communal establishment","Aged 25 to 29 years","Male",66
"E07000147","North Norfolk","Lives in a communal establishment","Aged 30 to 34 years","Male",86
"E07000147","North Norfolk","Lives in a communal establishment","Aged 35 to 39 years","Male",84
"E07000147","North Norfolk","Lives in a communal establishment","Aged 40 to 44 years","Male",76
"E07000147","North Norfolk","Lives in a communal establishment","Aged 45 to 49 years","Male",70
"E07000147","North Norfolk","Lives in a communal establishment","Aged 50 to 54 years","Male",95
"E07000147","North Norfolk","Lives in a communal establishment","Aged 55 to 59 years","Male",92
"E07000147","North Norfolk","Lives in a communal establishment","Aged 60 to 64 years","Male",76
"E07000147","North Norfolk","Lives in a communal establishment","Aged 65 years","Male",20
"E07000147","North Norfolk","Lives in a communal establishment","Aged 66 to 69 years","Male",65
"E07000147","North Norfolk","Lives in a communal establishment","Aged 70 to 74 years","Male",63
"E07000147","North Norfolk","Lives in a communal establishment","Aged 75 to 79 years","Male",71
"E07000147","North Norfolk","Lives in a communal establishment","Aged 80 to 84 years","Male",61
"E07000147","North Norfolk","Lives in a communal establishment","Aged 85 years and over","Male",107
"E07000148","Norwich","Lives in a communal establishment","Total","Male",3173
"E07000148","Norwich","Lives in a communal establishment","Aged 2 years and under","Male",7
"E07000148","Norwich","Lives in a communal establishment","Aged 3 to 4 years","Male",0
"E07000148","Norwich","Lives in a communal establishment","Aged 5 to 7 years","Male",7
"E07000148","Norwich","Lives in a communal establishment","Aged 8 to 9 years","Male",2
"E07000148","Norwich","Lives in a communal establishment","Aged 10 to 14 years","Male",1
"E07000148","Norwich","Lives in a communal establishment","Aged 15 years","Male",0
"E07000148","Norwich","Lives in a communal establishment","Aged 16 to 17 years","Male",13
"E07000148","Norwich","Lives in a communal establishment","Aged 18 to 19 years","Male",1405
"E07000148","Norwich","Lives in a communal establishment","Aged 20 to 24 years","Male",818
"E07000148","Norwich","Lives in a communal establishment","Aged 25 to 29 years","Male",229
"E07000148","Norwich","Lives in a communal establishment","Aged 30 to 34 years","Male",141
"E07000148","Norwich","Lives in a communal establishment","Aged 35 to 39 years","Male",83
"E07000148","Norwich","Lives in a communal establishment","Aged 40 to 44 years","Male",87
"E07000148","Norwich","Lives in a communal establishment","Aged 45 to 49 years","Male",69
"E07000148","Norwich","Lives in a communal establishment","Aged 50 to 54 years","Male",45
"E07000148","Norwich","Lives in a communal establishment","Aged 55 to 59 years","Male",38
"E07000148","Norwich","Lives in a communal establishment","Aged 60 to 64 years","Male",27
"E07000148","Norwich","Lives in a communal establishment","Aged 65 years","Male",5
"E07000148","Norwich","Lives in a communal establishment","Aged 66 to 69 years","Male",18
"E07000148","Norwich","Lives in a communal establishment","Aged 70 to 74 years","Male",24
"E07000148","Norwich","Lives in a communal establishment","Aged 75 to 79 years","Male",45
"E07000148","Norwich","Lives in a communal establishment","Aged 80 to 84 years","Male",33
"E07000148","Norwich","Lives in a communal establishment","Aged 85 years and over","Male",76
"E07000149","South Norfolk","Lives in a communal establishment","Total","Male",786
"E07000149","South Norfolk","Lives in a communal establishment","Aged 2 years and under","Male",0
"E07000149","South Norfolk","Lives in a communal establishment","Aged 3 to 4 years","Male",3
"E07000149","South Norfolk","Lives in a communal establishment","Aged 5 to 7 years","Male",3
"E07000149","South Norfolk","Lives in a communal establishment","Aged 8 to 9 years","Male",0
"E07000149","South Norfolk","Lives in a communal establishment","Aged 10 to 14 years","Male",124
"E07000149","South Norfolk","Lives in a communal establishment","Aged 15 years","Male",51
"E07000149","South Norfolk","Lives in a communal establishment","Aged 16 to 17 years","Male",106
"E07000149","South Norfolk","Lives in a communal establishment","Aged 18 to 19 years","Male",44
"E07000149","South Norfolk","Lives in a communal establishment","Aged 20 to 24 years","Male",20
"E07000149","South Norfolk","Lives in a communal establishment","Aged 25 to 29 years","Male",18
"E07000149","South Norfolk","Lives in a communal establishment","Aged 30 to 34 years","Male",26
"E07000149","South Norfolk","Lives in a communal establishment","Aged 35 to 39 years","Male",20
"E07000149","South Norfolk","Lives in a communal establishment","Aged 40 to 44 years","Male",10
"E07000149","South Norfolk","Lives in a communal establishment","Aged 45 to 49 years","Male",30
"E07000149","South Norfolk","Lives in a communal establishment","Aged 50 to 54 years","Male",27
"E07000149","South Norfolk","Lives in a communal establishment","Aged 55 to 59 years","Male",35
"E07000149","South Norfolk","Lives in a communal establishment","Aged 60 to 64 years","Male",25
"E07000149","South Norfolk","Lives in a communal establishment","Aged 65 years","Male",4
"E07000149","South Norfolk","Lives in a communal establishment","Aged 66 to 69 years","Male",16
"E07000149","South Norfolk","Lives in a communal establishment","Aged 70 to 74 years","Male",31
"E07000149","South Norfolk","Lives in a communal establishment","Aged 75 to 79 years","Male",40
"E07000149","South Norfolk","Lives in a communal establishment","Aged 80 to 84 years","Male",51
"E07000149","South Norfolk","Lives in a communal establishment","Aged 85 years and over","Male",102
"E07000200","Babergh","Lives in a communal establishment","Total","Male",487
"E07000200","Babergh","Lives in a communal establishment","Aged 2 years and under","Male",1
"E07000200","Babergh","Lives in a communal establishment","Aged 3 to 4 years","Male",0
"E07000200","Babergh","Lives in a communal establishment","Aged 5 to 7 years","Male",4
"E07000200","Babergh","Lives in a communal establishment","Aged 8 to 9 years","Male",4
"E07000200","Babergh","Lives in a communal establishment","Aged 10 to 14 years","Male",82
"E07000200","Babergh","Lives in a communal establishment","Aged 15 years","Male",17
"E07000200","Babergh","Lives in a communal establishment","Aged 16 to 17 years","Male",50
"E07000200","Babergh","Lives in a communal establishment","Aged 18 to 19 years","Male",24
"E07000200","Babergh","Lives in a communal establishment","Aged 20 to 24 years","Male",12
"E07000200","Babergh","Lives in a communal establishment","Aged 25 to 29 years","Male",10
"E07000200","Babergh","Lives in a communal establishment","Aged 30 to 34 years","Male",11
"E07000200","Babergh","Lives in a communal establishment","Aged 35 to 39 years","Male",10
"E07000200","Babergh","Lives in a communal establishment","Aged 40 to 44 years","Male",9
"E07000200","Babergh","Lives in a communal establishment","Aged 45 to 49 years","Male",9
"E07000200","Babergh","Lives in a communal establishment","Aged 50 to 54 years","Male",11
"E07000200","Babergh","Lives in a communal establishment","Aged 55 to 59 years","Male",8
"E07000200","Babergh","Lives in a communal establishment","Aged 60 to 64 years","Male",19
"E07000200","Babergh","Lives in a communal establishment","Aged 65 years","Male",3
"E07000200","Babergh","Lives in a communal establishment","Aged 66 to 69 years","Male",9
"E07000200","Babergh","Lives in a communal establishment","Aged 70 to 74 years","Male",20
"E07000200","Babergh","Lives in a communal establishment","Aged 75 to 79 years","Male",54
"E07000200","Babergh","Lives in a communal establishment","Aged 80 to 84 years","Male",39
"E07000200","Babergh","Lives in a communal establishment","Aged 85 years and over","Male",81
"E07000202","Ipswich","Lives in a communal establishment","Total","Male",717
"E07000202","Ipswich","Lives in a communal establishment","Aged 2 years and under","Male",0
"E07000202","Ipswich","Lives in a communal establishment","Aged 3 to 4 years","Male",1
"E07000202","Ipswich","Lives in a communal establishment","Aged 5 to 7 years","Male",0
"E07000202","Ipswich","Lives in a communal establishment","Aged 8 to 9 years","Male",0
"E07000202","Ipswich","Lives in a communal establishment","Aged 10 to 14 years","Male",14
"E07000202","Ipswich","Lives in a communal establishment","Aged 15 years","Male",11
"E07000202","Ipswich","Lives in a communal establishment","Aged 16 to 17 years","Male",49
"E07000202","Ipswich","Lives in a communal establishment","Aged 18 to 19 years","Male",90
"E07000202","Ipswich","Lives in a communal establishment","Aged 20 to 24 years","Male",159
"E07000202","Ipswich","Lives in a communal establishment","Aged 25 to 29 years","Male",35
"E07000202","Ipswich","Lives in a communal establishment","Aged 30 to 34 years","Male",20
"E07000202","Ipswich","Lives in a communal establishment","Aged 35 to 39 years","Male",33
"E07000202","Ipswich","Lives in a communal establishment","Aged 40 to 44 years","Male",12
"E07000202","Ipswich","Lives in a communal establishment","Aged 45 to 49 years","Male",17
"E07000202","Ipswich","Lives in a communal establishment","Aged 50 to 54 years","Male",18
"E07000202","Ipswich","Lives in a communal establishment","Aged 55 to 59 years","Male",9
"E07000202","Ipswich","Lives in a communal establishment","Aged 60 to 64 years","Male",18
"E07000202","Ipswich","Lives in a communal establishment","Aged 65 years","Male",4
"E07000202","Ipswich","Lives in a communal establishment","Aged 66 to 69 years","Male",17
"E07000202","Ipswich","Lives in a communal establishment","Aged 70 to 74 years","Male",27
"E07000202","Ipswich","Lives in a communal establishment","Aged 75 to 79 years","Male",38
"E07000202","Ipswich","Lives in a communal establishment","Aged 80 to 84 years","Male",44
"E07000202","Ipswich","Lives in a communal establishment","Aged 85 years and over","Male",101
"E07000203","Mid Suffolk","Lives in a communal establishment","Total","Male",711
"E07000203","Mid Suffolk","Lives in a communal establishment","Aged 2 years and under","Male",0
"E07000203","Mid Suffolk","Lives in a communal establishment","Aged 3 to 4 years","Male",0
"E07000203","Mid Suffolk","Lives in a communal establishment","Aged 5 to 7 years","Male",0
"E07000203","Mid Suffolk","Lives in a communal establishment","Aged 8 to 9 years","Male",0
"E07000203","Mid Suffolk","Lives in a communal establishment","Aged 10 to 14 years","Male",24
"E07000203","Mid Suffolk","Lives in a communal establishment","Aged 15 years","Male",9
"E07000203","Mid Suffolk","Lives in a communal establishment","Aged 16 to 17 years","Male",6
"E07000203","Mid Suffolk","Lives in a communal establishment","Aged 18 to 19 years","Male",168
"E07000203","Mid Suffolk","Lives in a communal establishment","Aged 20 to 24 years","Male",51
"E07000203","Mid Suffolk","Lives in a communal establishment","Aged 25 to 29 years","Male",154
"E07000203","Mid Suffolk","Lives in a communal establishment","Aged 30 to 34 years","Male",39
"E07000203","Mid Suffolk","Lives in a communal establishment","Aged 35 to 39 years","Male",41
"E07000203","Mid Suffolk","Lives in a communal establishment","Aged 40 to 44 years","Male",12
"E07000203","Mid Suffolk","Lives in a communal establishment","Aged 45 to 49 years","Male",10
"E07000203","Mid Suffolk","Lives in a communal establishment","Aged 50 to 54 years","Male",7
"E07000203","Mid Suffolk","Lives in a communal establishment","Aged 55 to 59 years","Male",9
"E07000203","Mid Suffolk","Lives in a communal establishment","Aged 60 to 64 years","Male",5
"E07000203","Mid Suffolk","Lives in a communal establishment","Aged 65 years","Male",0
"E07000203","Mid Suffolk","Lives in a communal establishment","Aged 66 to 69 years","Male",6
"E07000203","Mid Suffolk","Lives in a communal establishment","Aged 70 to 74 years","Male",12
"E07000203","Mid Suffolk","Lives in a communal establishment","Aged 75 to 79 years","Male",22
"E07000203","Mid Suffolk","Lives in a communal establishment","Aged 80 to 84 years","Male",48
"E07000203","Mid Suffolk","Lives in a communal establishment","Aged 85 years and over","Male",88
"E07000240","St Albans","Lives in a communal establishment","Total","Male",492
"E07000240","St Albans","Lives in a communal establishment","Aged 2 years and under","Male",0
"E07000240","St Albans","Lives in a communal establishment","Aged 3 to 4 years","Male",0
"E07000240","St Albans","Lives in a communal establishment","Aged 5 to 7 years","Male",0
"E07000240","St Albans","Lives in a communal establishment","Aged 8 to 9 years","Male",1
"E07000240","St Albans","Lives in a communal establishment","Aged 10 to 14 years","Male",21
"E07000240","St Albans","Lives in a communal establishment","Aged 15 years","Male",8
"E07000240","St Albans","Lives in a communal establishment","Aged 16 to 17 years","Male",57
"E07000240","St Albans","Lives in a communal establishment","Aged 18 to 19 years","Male",20
"E07000240","St Albans","Lives in a communal establishment","Aged 20 to 24 years","Male",15
"E07000240","St Albans","Lives in a communal establishment","Aged 25 to 29 years","Male",38
"E07000240","St Albans","Lives in a communal establishment","Aged 30 to 34 years","Male",23
"E07000240","St Albans","Lives in a communal establishment","Aged 35 to 39 years","Male",37
"E07000240","St Albans","Lives in a communal establishment","Aged 40 to 44 years","Male",17
"E07000240","St Albans","Lives in a communal establishment","Aged 45 to 49 years","Male",24
"E07000240","St Albans","Lives in a communal establishment","Aged 50 to 54 years","Male",27
"E07000240","St Albans","Lives in a communal establishment","Aged 55 to 59 years","Male",33
"E07000240","St Albans","Lives in a communal establishment","Aged 60 to 64 years","Male",20
"E07000240","St Albans","Lives in a communal establishment","Aged 65 years","Male",0
"E07000240","St Albans","Lives in a communal establishment","Aged 66 to 69 years","Male",13
"E07000240","St Albans","Lives in a communal establishment","Aged 70 to 74 years","Male",15
"E07000240","St Albans","Lives in a communal establishment","Aged 75 to 79 years","Male",13
"E07000240","St Albans","Lives in a communal establishment","Aged 80 to 84 years","Male",22
"E07000240","St Albans","Lives in a communal establishment","Aged 85 years and over","Male",88
"E07000241","Welwyn Hatfield","Lives in a communal establishment","Total","Male",2206
"E07000241","Welwyn Hatfield","Lives in a communal establishment","Aged 2 years and under","Male",0
"E07000241","Welwyn Hatfield","Lives in a communal establishment","Aged 3 to 4 years","Male",1
"E07000241","Welwyn Hatfield","Lives in a communal establishment","Aged 5 to 7 years","Male",0
"E07000241","Welwyn Hatfield","Lives in a communal establishment","Aged 8 to 9 years","Male",1
"E07000241","Welwyn Hatfield","Lives in a communal establishment","Aged 10 to 14 years","Male",2
"E07000241","Welwyn Hatfield","Lives in a communal establishment","Aged 15 years","Male",0
"E07000241","Welwyn Hatfield","Lives in a communal establishment","Aged 16 to 17 years","Male",14
"E07000241","Welwyn Hatfield","Lives in a communal establishment","Aged 18 to 19 years","Male",740
"E07000241","Welwyn Hatfield","Lives in a communal establishment","Aged 20 to 24 years","Male",1073
"E07000241","Welwyn Hatfield","Lives in a communal establishment","Aged 25 to 29 years","Male",121
"E07000241","Welwyn Hatfield","Lives in a communal establishment","Aged 30 to 34 years","Male",14
"E07000241","Welwyn Hatfield","Lives in a communal establishment","Aged 35 to 39 years","Male",15
"E07000241","Welwyn Hatfield","Lives in a communal establishment","Aged 40 to 44 years","Male",17
"E07000241","Welwyn Hatfield","Lives in a communal establishment","Aged 45 to 49 years","Male",11
"E07000241","Welwyn Hatfield","Lives in a communal establishment","Aged 50 to 54 years","Male",15
"E07000241","Welwyn Hatfield","Lives in a communal establishment","Aged 55 to 59 years","Male",17
"E07000241","Welwyn Hatfield","Lives in a communal establishment","Aged 60 to 64 years","Male",7
"E07000241","Welwyn Hatfield","Lives in a communal establishment","Aged 65 years","Male",7
"E07000241","Welwyn Hatfield","Lives in a communal establishment","Aged 66 to 69 years","Male",5
"E07000241","Welwyn Hatfield","Lives in a communal establishment","Aged 70 to 74 years","Male",29
"E07000241","Welwyn Hatfield","Lives in a communal establishment","Aged 75 to 79 years","Male",21
"E07000241","Welwyn Hatfield","Lives in a communal establishment","Aged 80 to 84 years","Male",24
"E07000241","Welwyn Hatfield","Lives in a communal establishment","Aged 85 years and over","Male",72
"E07000242","East Hertfordshire","Lives in a communal establishment","Total","Male",897
"E07000242","East Hertfordshire","Lives in a communal establishment","Aged 2 years and under","Male",5
"E07000242","East Hertfordshire","Lives in a communal establishment","Aged 3 to 4 years","Male",4
"E07000242","East Hertfordshire","Lives in a communal establishment","Aged 5 to 7 years","Male",3
"E07000242","East Hertfordshire","Lives in a communal establishment","Aged 8 to 9 years","Male",0
"E07000242","East Hertfordshire","Lives in a communal establishment","Aged 10 to 14 years","Male",147
"E07000242","East Hertfordshire","Lives in a communal establishment","Aged 15 years","Male",85
"E07000242","East Hertfordshire","Lives in a communal establishment","Aged 16 to 17 years","Male",166
"E07000242","East Hertfordshire","Lives in a communal establishment","Aged 18 to 19 years","Male",49
"E07000242","East Hertfordshire","Lives in a communal establishment","Aged 20 to 24 years","Male",31
"E07000242","East Hertfordshire","Lives in a communal establishment","Aged 25 to 29 years","Male",35
"E07000242","East Hertfordshire","Lives in a communal establishment","Aged 30 to 34 years","Male",29
"E07000242","East Hertfordshire","Lives in a communal establishment","Aged 35 to 39 years","Male",20
"E07000242","East Hertfordshire","Lives in a communal establishment","Aged 40 to 44 years","Male",28
"E07000242","East Hertfordshire","Lives in a communal establishment","Aged 45 to 49 years","Male",16
"E07000242","East Hertfordshire","Lives in a communal establishment","Aged 50 to 54 years","Male",19
"E07000242","East Hertfordshire","Lives in a communal establishment","Aged 55 to 59 years","Male",38
"E07000242","East Hertfordshire","Lives in a communal establishment","Aged 60 to 64 years","Male",25
"E07000242","East Hertfordshire","Lives in a communal establishment","Aged 65 years","Male",5
"E07000242","East Hertfordshire","Lives in a communal establishment","Aged 66 to 69 years","Male",23
"E07000242","East Hertfordshire","Lives in a communal establishment","Aged 70 to 74 years","Male",28
"E07000242","East Hertfordshire","Lives in a communal establishment","Aged 75 to 79 years","Male",23
"E07000242","East Hertfordshire","Lives in a communal establishment","Aged 80 to 84 years","Male",29
"E07000242","East Hertfordshire","Lives in a communal establishment","Aged 85 years and over","Male",89
"E07000243","Stevenage","Lives in a communal establishment","Total","Male",288
"E07000243","Stevenage","Lives in a communal establishment","Aged 2 years and under","Male",0
"E07000243","Stevenage","Lives in a communal establishment","Aged 3 to 4 years","Male",0
"E07000243","Stevenage","Lives in a communal establishment","Aged 5 to 7 years","Male",0
"E07000243","Stevenage","Lives in a communal establishment","Aged 8 to 9 years","Male",0
"E07000243","Stevenage","Lives in a communal establishment","Aged 10 to 14 years","Male",2
"E07000243","Stevenage","Lives in a communal establishment","Aged 15 years","Male",1
"E07000243","Stevenage","Lives in a communal establishment","Aged 16 to 17 years","Male",8
"E07000243","Stevenage","Lives in a communal establishment","Aged 18 to 19 years","Male",1
"E07000243","Stevenage","Lives in a communal establishment","Aged 20 to 24 years","Male",17
"E07000243","Stevenage","Lives in a communal establishment","Aged 25 to 29 years","Male",28
"E07000243","Stevenage","Lives in a communal establishment","Aged 30 to 34 years","Male",24
"E07000243","Stevenage","Lives in a communal establishment","Aged 35 to 39 years","Male",21
"E07000243","Stevenage","Lives in a communal establishment","Aged 40 to 44 years","Male",15
"E07000243","Stevenage","Lives in a communal establishment","Aged 45 to 49 years","Male",9
"E07000243","Stevenage","Lives in a communal establishment","Aged 50 to 54 years","Male",18
"E07000243","Stevenage","Lives in a communal establishment","Aged 55 to 59 years","Male",12
"E07000243","Stevenage","Lives in a communal establishment","Aged 60 to 64 years","Male",17
"E07000243","Stevenage","Lives in a communal establishment","Aged 65 years","Male",1
"E07000243","Stevenage","Lives in a communal establishment","Aged 66 to 69 years","Male",12
"E07000243","Stevenage","Lives in a communal establishment","Aged 70 to 74 years","Male",14
"E07000243","Stevenage","Lives in a communal establishment","Aged 75 to 79 years","Male",22
"E07000243","Stevenage","Lives in a communal establishment","Aged 80 to 84 years","Male",19
"E07000243","Stevenage","Lives in a communal establishment","Aged 85 years and over","Male",47
"E07000244","East Suffolk","Lives in a communal establishment","Total","Male",1889
"E07000244","East Suffolk","Lives in a communal establishment","Aged 2 years and under","Male",1
"E07000244","East Suffolk","Lives in a communal establishment","Aged 3 to 4 years","Male",1
"E07000244","East Suffolk","Lives in a communal establishment","Aged 5 to 7 years","Male",4
"E07000244","East Suffolk","Lives in a communal establishment","Aged 8 to 9 years","Male",2
"E07000244","East Suffolk","Lives in a communal establishment","Aged 10 to 14 years","Male",90
"E07000244","East Suffolk","Lives in a communal establishment","Aged 15 years","Male",27
"E07000244","East Suffolk","Lives in a communal establishment","Aged 16 to 17 years","Male",62
"E07000244","East Suffolk","Lives in a communal establishment","Aged 18 to 19 years","Male",65
"E07000244","East Suffolk","Lives in a communal establishment","Aged 20 to 24 years","Male",174
"E07000244","East Suffolk","Lives in a communal establishment","Aged 25 to 29 years","Male",140
"E07000244","East Suffolk","Lives in a communal establishment","Aged 30 to 34 years","Male",139
"E07000244","East Suffolk","Lives in a communal establishment","Aged 35 to 39 years","Male",125
"E07000244","East Suffolk","Lives in a communal establishment","Aged 40 to 44 years","Male",116
"E07000244","East Suffolk","Lives in a communal establishment","Aged 45 to 49 years","Male",90
"E07000244","East Suffolk","Lives in a communal establishment","Aged 50 to 54 years","Male",113
"E07000244","East Suffolk","Lives in a communal establishment","Aged 55 to 59 years","Male",87
"E07000244","East Suffolk","Lives in a communal establishment","Aged 60 to 64 years","Male",60
"E07000244","East Suffolk","Lives in a communal establishment","Aged 65 years","Male",19
"E07000244","East Suffolk","Lives in a communal establishment","Aged 66 to 69 years","Male",33
"E07000244","East Suffolk","Lives in a communal establishment","Aged 70 to 74 years","Male",65
"E07000244","East Suffolk","Lives in a communal establishment","Aged 75 to 79 years","Male",98
"E07000244","East Suffolk","Lives in a communal establishment","Aged 80 to 84 years","Male",108
"E07000244","East Suffolk","Lives in a communal establishment","Aged 85 years and over","Male",270
"E07000245","West Suffolk","Lives in a communal establishment","Total","Male",3252
"E07000245","West Suffolk","Lives in a communal establishment","Aged 2 years and under","Male",0
"E07000245","West Suffolk","Lives in a communal establishment","Aged 3 to 4 years","Male",4
"E07000245","West Suffolk","Lives in a communal establishment","Aged 5 to 7 years","Male",2
"E07000245","West Suffolk","Lives in a communal establishment","Aged 8 to 9 years","Male",6
"E07000245","West Suffolk","Lives in a communal establishment","Aged 10 to 14 years","Male",26
"E07000245","West Suffolk","Lives in a communal establishment","Aged 15 years","Male",4
"E07000245","West Suffolk","Lives in a communal establishment","Aged 16 to 17 years","Male",31
"E07000245","West Suffolk","Lives in a communal establishment","Aged 18 to 19 years","Male",234
"E07000245","West Suffolk","Lives in a communal establishment","Aged 20 to 24 years","Male",1007
"E07000245","West Suffolk","Lives in a communal establishment","Aged 25 to 29 years","Male",489
"E07000245","West Suffolk","Lives in a communal establishment","Aged 30 to 34 years","Male",349
"E07000245","West Suffolk","Lives in a communal establishment","Aged 35 to 39 years","Male",230
"E07000245","West Suffolk","Lives in a communal establishment","Aged 40 to 44 years","Male",187
"E07000245","West Suffolk","Lives in a communal establishment","Aged 45 to 49 years","Male",138
"E07000245","West Suffolk","Lives in a communal establishment","Aged 50 to 54 years","Male",95
"E07000245","West Suffolk","Lives in a communal establishment","Aged 55 to 59 years","Male",67
"E07000245","West Suffolk","Lives in a communal establishment","Aged 60 to 64 years","Male",34
"E07000245","West Suffolk","Lives in a communal establishment","Aged 65 years","Male",3
"E07000245","West Suffolk","Lives in a communal establishment","Aged 66 to 69 years","Male",22
"E07000245","West Suffolk","Lives in a communal establishment","Aged 70 to 74 years","Male",42
"E07000245","West Suffolk","Lives in a communal establishment","Aged 75 to 79 years","Male",42
"E07000245","West Suffolk","Lives in a communal establishment","Aged 80 to 84 years","Male",83
"E07000245","West Suffolk","Lives in a communal establishment","Aged 85 years and over","Male",157
"E09000001","City of London","Lives in a communal establishment","Total","Male",158
"E09000001","City of London","Lives in a communal establishment","Aged 2 years and under","Male",0
"E09000001","City of London","Lives in a communal establishment","Aged 3 to 4 years","Male",0
"E09000001","City of London","Lives in a communal establishment","Aged 5 to 7 years","Male",0
"E09000001","City of London","Lives in a communal establishment","Aged 8 to 9 years","Male",2
"E09000001","City of London","Lives in a communal establishment","Aged 10 to 14 years","Male",24
"E09000001","City of London","Lives in a communal establishment","Aged 15 years","Male",2
"E09000001","City of London","Lives in a communal establishment","Aged 16 to 17 years","Male",4
"E09000001","City of London","Lives in a communal establishment","Aged 18 to 19 years","Male",5
"E09000001","City of London","Lives in a communal establishment","Aged 20 to 24 years","Male",15
"E09000001","City of London","Lives in a communal establishment","Aged 25 to 29 years","Male",11
"E09000001","City of London","Lives in a communal establishment","Aged 30 to 34 years","Male",15
"E09000001","City of London","Lives in a communal establishment","Aged 35 to 39 years","Male",10
"E09000001","City of London","Lives in a communal establishment","Aged 40 to 44 years","Male",10
"E09000001","City of London","Lives in a communal establishment","Aged 45 to 49 years","Male",22
"E09000001","City of London","Lives in a communal establishment","Aged 50 to 54 years","Male",10
"E09000001","City of London","Lives in a communal establishment","Aged 55 to 59 years","Male",9
"E09000001","City of London","Lives in a communal establishment","Aged 60 to 64 years","Male",8
"E09000001","City of London","Lives in a communal establishment","Aged 65 years","Male",1
"E09000001","City of London","Lives in a communal establishment","Aged 66 to 69 years","Male",4
"E09000001","City of London","Lives in a communal establishment","Aged 70 to 74 years","Male",3
"E09000001","City of London","Lives in a communal establishment","Aged 75 to 79 years","Male",2
"E09000001","City of London","Lives in a communal establishment","Aged 80 to 84 years","Male",1
"E09000001","City of London","Lives in a communal establishment","Aged 85 years and over","Male",0
"E09000002","Barking and Dagenham","Lives in a communal establishment","Total","Male",430
"E09000002","Barking and Dagenham","Lives in a communal establishment","Aged 2 years and under","Male",3
"E09000002","Barking and Dagenham","Lives in a communal establishment","Aged 3 to 4 years","Male",1
"E09000002","Barking and Dagenham","Lives in a communal establishment","Aged 5 to 7 years","Male",2
"E09000002","Barking and Dagenham","Lives in a communal establishment","Aged 8 to 9 years","Male",5
"E09000002","Barking and Dagenham","Lives in a communal establishment","Aged 10 to 14 years","Male",8
"E09000002","Barking and Dagenham","Lives in a communal establishment","Aged 15 years","Male",4
"E09000002","Barking and Dagenham","Lives in a communal establishment","Aged 16 to 17 years","Male",8
"E09000002","Barking and Dagenham","Lives in a communal establishment","Aged 18 to 19 years","Male",13
"E09000002","Barking and Dagenham","Lives in a communal establishment","Aged 20 to 24 years","Male",33
"E09000002","Barking and Dagenham","Lives in a communal establishment","Aged 25 to 29 years","Male",34
"E09000002","Barking and Dagenham","Lives in a communal establishment","Aged 30 to 34 years","Male",23
"E09000002","Barking and Dagenham","Lives in a communal establishment","Aged 35 to 39 years","Male",12
"E09000002","Barking and Dagenham","Lives in a communal establishment","Aged 40 to 44 years","Male",10
"E09000002","Barking and Dagenham","Lives in a communal establishment","Aged 45 to 49 years","Male",13
"E09000002","Barking and Dagenham","Lives in a communal establishment","Aged 50 to 54 years","Male",18
"E09000002","Barking and Dagenham","Lives in a communal establishment","Aged 55 to 59 years","Male",18
"E09000002","Barking and Dagenham","Lives in a communal establishment","Aged 60 to 64 years","Male",23
"E09000002","Barking and Dagenham","Lives in a communal establishment","Aged 65 years","Male",7
"E09000002","Barking and Dagenham","Lives in a communal establishment","Aged 66 to 69 years","Male",20
"E09000002","Barking and Dagenham","Lives in a communal establishment","Aged 70 to 74 years","Male",33
"E09000002","Barking and Dagenham","Lives in a communal establishment","Aged 75 to 79 years","Male",34
"E09000002","Barking and Dagenham","Lives in a communal establishment","Aged 80 to 84 years","Male",45
"E09000002","Barking and Dagenham","Lives in a communal establishment","Aged 85 years and over","Male",63
"E09000003","Barnet","Lives in a communal establishment","Total","Male",1469
"E09000003","Barnet","Lives in a communal establishment","Aged 2 years and under","Male",10
"E09000003","Barnet","Lives in a communal establishment","Aged 3 to 4 years","Male",3
"E09000003","Barnet","Lives in a communal establishment","Aged 5 to 7 years","Male",2
"E09000003","Barnet","Lives in a communal establishment","Aged 8 to 9 years","Male",2
"E09000003","Barnet","Lives in a communal establishment","Aged 10 to 14 years","Male",13
"E09000003","Barnet","Lives in a communal establishment","Aged 15 years","Male",6
"E09000003","Barnet","Lives in a communal establishment","Aged 16 to 17 years","Male",64
"E09000003","Barnet","Lives in a communal establishment","Aged 18 to 19 years","Male",119
"E09000003","Barnet","Lives in a communal establishment","Aged 20 to 24 years","Male",149
"E09000003","Barnet","Lives in a communal establishment","Aged 25 to 29 years","Male",95
"E09000003","Barnet","Lives in a communal establishment","Aged 30 to 34 years","Male",103
"E09000003","Barnet","Lives in a communal establishment","Aged 35 to 39 years","Male",77
"E09000003","Barnet","Lives in a communal establishment","Aged 40 to 44 years","Male",59
"E09000003","Barnet","Lives in a communal establishment","Aged 45 to 49 years","Male",49
"E09000003","Barnet","Lives in a communal establishment","Aged 50 to 54 years","Male",57
"E09000003","Barnet","Lives in a communal establishment","Aged 55 to 59 years","Male",79
"E09000003","Barnet","Lives in a communal establishment","Aged 60 to 64 years","Male",63
"E09000003","Barnet","Lives in a communal establishment","Aged 65 years","Male",15
"E09000003","Barnet","Lives in a communal establishment","Aged 66 to 69 years","Male",60
"E09000003","Barnet","Lives in a communal establishment","Aged 70 to 74 years","Male",104
"E09000003","Barnet","Lives in a communal establishment","Aged 75 to 79 years","Male",84
"E09000003","Barnet","Lives in a communal establishment","Aged 80 to 84 years","Male",76
"E09000003","Barnet","Lives in a communal establishment","Aged 85 years and over","Male",180
"E09000004","Bexley","Lives in a communal establishment","Total","Male",414
"E09000004","Bexley","Lives in a communal establishment","Aged 2 years and under","Male",0
"E09000004","Bexley","Lives in a communal establishment","Aged 3 to 4 years","Male",0
"E09000004","Bexley","Lives in a communal establishment","Aged 5 to 7 years","Male",0
"E09000004","Bexley","Lives in a communal establishment","Aged 8 to 9 years","Male",0
"E09000004","Bexley","Lives in a communal establishment","Aged 10 to 14 years","Male",0
"E09000004","Bexley","Lives in a communal establishment","Aged 15 years","Male",1
"E09000004","Bexley","Lives in a communal establishment","Aged 16 to 17 years","Male",3
"E09000004","Bexley","Lives in a communal establishment","Aged 18 to 19 years","Male",37
"E09000004","Bexley","Lives in a communal establishment","Aged 20 to 24 years","Male",41
"E09000004","Bexley","Lives in a communal establishment","Aged 25 to 29 years","Male",8
"E09000004","Bexley","Lives in a communal establishment","Aged 30 to 34 years","Male",5
"E09000004","Bexley","Lives in a communal establishment","Aged 35 to 39 years","Male",2
"E09000004","Bexley","Lives in a communal establishment","Aged 40 to 44 years","Male",3
"E09000004","Bexley","Lives in a communal establishment","Aged 45 to 49 years","Male",6
"E09000004","Bexley","Lives in a communal establishment","Aged 50 to 54 years","Male",12
"E09000004","Bexley","Lives in a communal establishment","Aged 55 to 59 years","Male",18
"E09000004","Bexley","Lives in a communal establishment","Aged 60 to 64 years","Male",14
"E09000004","Bexley","Lives in a communal establishment","Aged 65 years","Male",10
"E09000004","Bexley","Lives in a communal establishment","Aged 66 to 69 years","Male",16
"E09000004","Bexley","Lives in a communal establishment","Aged 70 to 74 years","Male",46
"E09000004","Bexley","Lives in a communal establishment","Aged 75 to 79 years","Male",49
"E09000004","Bexley","Lives in a communal establishment","Aged 80 to 84 years","Male",62
"E09000004","Bexley","Lives in a communal establishment","Aged 85 years and over","Male",81
"E09000005","Brent","Lives in a communal establishment","Total","Male",1934
"E09000005","Brent","Lives in a communal establishment","Aged 2 years and under","Male",3
"E09000005","Brent","Lives in a communal establishment","Aged 3 to 4 years","Male",2
"E09000005","Brent","Lives in a communal establishment","Aged 5 to 7 years","Male",0
"E09000005","Brent","Lives in a communal establishment","Aged 8 to 9 years","Male",0
"E09000005","Brent","Lives in a communal establishment","Aged 10 to 14 years","Male",5
"E09000005","Brent","Lives in a communal establishment","Aged 15 years","Male",0
"E09000005","Brent","Lives in a communal establishment","Aged 16 to 17 years","Male",7
"E09000005","Brent","Lives in a communal establishment","Aged 18 to 19 years","Male",411
"E09000005","Brent","Lives in a communal establishment","Aged 20 to 24 years","Male",601
"E09000005","Brent","Lives in a communal establishment","Aged 25 to 29 years","Male",134
"E09000005","Brent","Lives in a communal establishment","Aged 30 to 34 years","Male",59
"E09000005","Brent","Lives in a communal establishment","Aged 35 to 39 years","Male",66
"E09000005","Brent","Lives in a communal establishment","Aged 40 to 44 years","Male",46
"E09000005","Brent","Lives in a communal establishment","Aged 45 to 49 years","Male",53
"E09000005","Brent","Lives in a communal establishment","Aged 50 to 54 years","Male",70
"E09000005","Brent","Lives in a communal establishment","Aged 55 to 59 years","Male",78
"E09000005","Brent","Lives in a communal establishment","Aged 60 to 64 years","Male",60
"E09000005","Brent","Lives in a communal establishment","Aged 65 years","Male",14
"E09000005","Brent","Lives in a communal establishment","Aged 66 to 69 years","Male",57
"E09000005","Brent","Lives in a communal establishment","Aged 70 to 74 years","Male",71
"E09000005","Brent","Lives in a communal establishment","Aged 75 to 79 years","Male",61
"E09000005","Brent","Lives in a communal establishment","Aged 80 to 84 years","Male",50
"E09000005","Brent","Lives in a communal establishment","Aged 85 years and over","Male",86
"E09000006","Bromley","Lives in a communal establishment","Total","Male",751
"E09000006","Bromley","Lives in a communal establishment","Aged 2 years and under","Male",0
"E09000006","Bromley","Lives in a communal establishment","Aged 3 to 4 years","Male",0
"E09000006","Bromley","Lives in a communal establishment","Aged 5 to 7 years","Male",0
"E09000006","Bromley","Lives in a communal establishment","Aged 8 to 9 years","Male",0
"E09000006","Bromley","Lives in a communal establishment","Aged 10 to 14 years","Male",110
"E09000006","Bromley","Lives in a communal establishment","Aged 15 years","Male",35
"E09000006","Bromley","Lives in a communal establishment","Aged 16 to 17 years","Male",33
"E09000006","Bromley","Lives in a communal establishment","Aged 18 to 19 years","Male",27
"E09000006","Bromley","Lives in a communal establishment","Aged 20 to 24 years","Male",27
"E09000006","Bromley","Lives in a communal establishment","Aged 25 to 29 years","Male",26
"E09000006","Bromley","Lives in a communal establishment","Aged 30 to 34 years","Male",22
"E09000006","Bromley","Lives in a communal establishment","Aged 35 to 39 years","Male",27
"E09000006","Bromley","Lives in a communal establishment","Aged 40 to 44 years","Male",20
"E09000006","Bromley","Lives in a communal establishment","Aged 45 to 49 years","Male",25
"E09000006","Bromley","Lives in a communal establishment","Aged 50 to 54 years","Male",34
"E09000006","Bromley","Lives in a communal establishment","Aged 55 to 59 years","Male",38
"E09000006","Bromley","Lives in a communal establishment","Aged 60 to 64 years","Male",27
"E09000006","Bromley","Lives in a communal establishment","Aged 65 years","Male",2
"E09000006","Bromley","Lives in a communal establishment","Aged 66 to 69 years","Male",21
"E09000006","Bromley","Lives in a communal establishment","Aged 70 to 74 years","Male",35
"E09000006","Bromley","Lives in a communal establishment","Aged 75 to 79 years","Male",45
"E09000006","Bromley","Lives in a communal establishment","Aged 80 to 84 years","Male",48
"E09000006","Bromley","Lives in a communal establishment","Aged 85 years and over","Male",149
"E09000007","Camden","Lives in a communal establishment","Total","Male",3367
"E09000007","Camden","Lives in a communal establishment","Aged 2 years and under","Male",3
"E09000007","Camden","Lives in a communal establishment","Aged 3 to 4 years","Male",4
"E09000007","Camden","Lives in a communal establishment","Aged 5 to 7 years","Male",12
"E09000007","Camden","Lives in a communal establishment","Aged 8 to 9 years","Male",3
"E09000007","Camden","Lives in a communal establishment","Aged 10 to 14 years","Male",5
"E09000007","Camden","Lives in a communal establishment","Aged 15 years","Male",0
"E09000007","Camden","Lives in a communal establishment","Aged 16 to 17 years","Male",15
"E09000007","Camden","Lives in a communal establishment","Aged 18 to 19 years","Male",1347
"E09000007","Camden","Lives in a communal establishment","Aged 20 to 24 years","Male",906
"E09000007","Camden","Lives in a communal establishment","Aged 25 to 29 years","Male",341
"E09000007","Camden","Lives in a communal establishment","Aged 30 to 34 years","Male",160
"E09000007","Camden","Lives in a communal establishment","Aged 35 to 39 years","Male",87
"E09000007","Camden","Lives in a communal establishment","Aged 40 to 44 years","Male",90
"E09000007","Camden","Lives in a communal establishment","Aged 45 to 49 years","Male",78
"E09000007","Camden","Lives in a communal establishment","Aged 50 to 54 years","Male",60
"E09000007","Camden","Lives in a communal establishment","Aged 55 to 59 years","Male",59
"E09000007","Camden","Lives in a communal establishment","Aged 60 to 64 years","Male",51
"E09000007","Camden","Lives in a communal establishment","Aged 65 years","Male",11
"E09000007","Camden","Lives in a communal establishment","Aged 66 to 69 years","Male",29
"E09000007","Camden","Lives in a communal establishment","Aged 70 to 74 years","Male",27
"E09000007","Camden","Lives in a communal establishment","Aged 75 to 79 years","Male",24
"E09000007","Camden","Lives in a communal establishment","Aged 80 to 84 years","Male",22
"E09000007","Camden","Lives in a communal establishment","Aged 85 years and over","Male",33
"E09000008","Croydon","Lives in a communal establishment","Total","Male",1697
"E09000008","Croydon","Lives in a communal establishment","Aged 2 years and under","Male",2
"E09000008","Croydon","Lives in a communal establishment","Aged 3 to 4 years","Male",0
"E09000008","Croydon","Lives in a communal establishment","Aged 5 to 7 years","Male",3
"E09000008","Croydon","Lives in a communal establishment","Aged 8 to 9 years","Male",0
"E09000008","Croydon","Lives in a communal establishment","Aged 10 to 14 years","Male",19
"E09000008","Croydon","Lives in a communal establishment","Aged 15 years","Male",15
"E09000008","Croydon","Lives in a communal establishment","Aged 16 to 17 years","Male",64
"E09000008","Croydon","Lives in a communal establishment","Aged 18 to 19 years","Male",45
"E09000008","Croydon","Lives in a communal establishment","Aged 20 to 24 years","Male",80
"E09000008","Croydon","Lives in a communal establishment","Aged 25 to 29 years","Male",77
"E09000008","Croydon","Lives in a communal establishment","Aged 30 to 34 years","Male",96
"E09000008","Croydon","Lives in a communal establishment","Aged 35 to 39 years","Male",78
"E09000008","Croydon","Lives in a communal establishment","Aged 40 to 44 years","Male",66
"E09000008","Croydon","Lives in a communal establishment","Aged 45 to 49 years","Male",111
"E09000008","Croydon","Lives in a communal establishment","Aged 50 to 54 years","Male",116
"E09000008","Croydon","Lives in a communal establishment","Aged 55 to 59 years","Male",147
"E09000008","Croydon","Lives in a communal establishment","Aged 60 to 64 years","Male",134
"E09000008","Croydon","Lives in a communal establishment","Aged 65 years","Male",22
"E09000008","Croydon","Lives in a communal establishment","Aged 66 to 69 years","Male",85
"E09000008","Croydon","Lives in a communal establishment","Aged 70 to 74 years","Male",140
"E09000008","Croydon","Lives in a communal establishment","Aged 75 to 79 years","Male",116
"E09000008","Croydon","Lives in a communal establishment","Aged 80 to 84 years","Male",105
"E09000008","Croydon","Lives in a communal establishment","Aged 85 years and over","Male",176
"E09000009","Ealing","Lives in a communal establishment","Total","Male",2037
"E09000009","Ealing","Lives in a communal establishment","Aged 2 years and under","Male",11
"E09000009","Ealing","Lives in a communal establishment","Aged 3 to 4 years","Male",0
"E09000009","Ealing","Lives in a communal establishment","Aged 5 to 7 years","Male",0
"E09000009","Ealing","Lives in a communal establishment","Aged 8 to 9 years","Male",0
"E09000009","Ealing","Lives in a communal establishment","Aged 10 to 14 years","Male",2
"E09000009","Ealing","Lives in a communal establishment","Aged 15 years","Male",0
"E09000009","Ealing","Lives in a communal establishment","Aged 16 to 17 years","Male",1
"E09000009","Ealing","Lives in a communal establishment","Aged 18 to 19 years","Male",618
"E09000009","Ealing","Lives in a communal establishment","Aged 20 to 24 years","Male",336
"E09000009","Ealing","Lives in a communal establishment","Aged 25 to 29 years","Male",131
"E09000009","Ealing","Lives in a communal establishment","Aged 30 to 34 years","Male",59
"E09000009","Ealing","Lives in a communal establishment","Aged 35 to 39 years","Male",59
"E09000009","Ealing","Lives in a communal establishment","Aged 40 to 44 years","Male",57
"E09000009","Ealing","Lives in a communal establishment","Aged 45 to 49 years","Male",65
"E09000009","Ealing","Lives in a communal establishment","Aged 50 to 54 years","Male",74
"E09000009","Ealing","Lives in a communal establishment","Aged 55 to 59 years","Male",85
"E09000009","Ealing","Lives in a communal establishment","Aged 60 to 64 years","Male",80
"E09000009","Ealing","Lives in a communal establishment","Aged 65 years","Male",9
"E09000009","Ealing","Lives in a communal establishment","Aged 66 to 69 years","Male",55
"E09000009","Ealing","Lives in a communal establishment","Aged 70 to 74 years","Male",86
"E09000009","Ealing","Lives in a communal establishment","Aged 75 to 79 years","Male",80
"E09000009","Ealing","Lives in a communal establishment","Aged 80 to 84 years","Male",95
"E09000009","Ealing","Lives in a communal establishment","Aged 85 years and over","Male",134
"E09000010","Enfield","Lives in a communal establishment","Total","Male",834
"E09000010","Enfield","Lives in a communal establishment","Aged 2 years and under","Male",2
"E09000010","Enfield","Lives in a communal establishment","Aged 3 to 4 years","Male",0
"E09000010","Enfield","Lives in a communal establishment","Aged 5 to 7 years","Male",0
"E09000010","Enfield","Lives in a communal establishment","Aged 8 to 9 years","Male",0
"E09000010","Enfield","Lives in a communal establishment","Aged 10 to 14 years","Male",0
"E09000010","Enfield","Lives in a communal establishment","Aged 15 years","Male",0
"E09000010","Enfield","Lives in a communal establishment","Aged 16 to 17 years","Male",12
"E09000010","Enfield","Lives in a communal establishment","Aged 18 to 19 years","Male",5
"E09000010","Enfield","Lives in a communal establishment","Aged 20 to 24 years","Male",16
"E09000010","Enfield","Lives in a communal establishment","Aged 25 to 29 years","Male",28
"E09000010","Enfield","Lives in a communal establishment","Aged 30 to 34 years","Male",24
"E09000010","Enfield","Lives in a communal establishment","Aged 35 to 39 years","Male",26
"E09000010","Enfield","Lives in a communal establishment","Aged 40 to 44 years","Male",33
"E09000010","Enfield","Lives in a communal establishment","Aged 45 to 49 years","Male",44
"E09000010","Enfield","Lives in a communal establishment","Aged 50 to 54 years","Male",55
"E09000010","Enfield","Lives in a communal establishment","Aged 55 to 59 years","Male",64
"E09000010","Enfield","Lives in a communal establishment","Aged 60 to 64 years","Male",81
"E09000010","Enfield","Lives in a communal establishment","Aged 65 years","Male",12
"E09000010","Enfield","Lives in a communal establishment","Aged 66 to 69 years","Male",48
"E09000010","Enfield","Lives in a communal establishment","Aged 70 to 74 years","Male",72
"E09000010","Enfield","Lives in a communal establishment","Aged 75 to 79 years","Male",92
"E09000010","Enfield","Lives in a communal establishment","Aged 80 to 84 years","Male",77
"E09000010","Enfield","Lives in a communal establishment","Aged 85 years and over","Male",143
"E09000011","Greenwich","Lives in a communal establishment","Total","Male",2705
"E09000011","Greenwich","Lives in a communal establishment","Aged 2 years and under","Male",0
"E09000011","Greenwich","Lives in a communal establishment","Aged 3 to 4 years","Male",0
"E09000011","Greenwich","Lives in a communal establishment","Aged 5 to 7 years","Male",0
"E09000011","Greenwich","Lives in a communal establishment","Aged 8 to 9 years","Male",0
"E09000011","Greenwich","Lives in a communal establishment","Aged 10 to 14 years","Male",3
"E09000011","Greenwich","Lives in a communal establishment","Aged 15 years","Male",5
"E09000011","Greenwich","Lives in a communal establishment","Aged 16 to 17 years","Male",9
"E09000011","Greenwich","Lives in a communal establishment","Aged 18 to 19 years","Male",417
"E09000011","Greenwich","Lives in a communal establishment","Aged 20 to 24 years","Male",851
"E09000011","Greenwich","Lives in a communal establishment","Aged 25 to 29 years","Male",364
"E09000011","Greenwich","Lives in a communal establishment","Aged 30 to 34 years","Male",202
"E09000011","Greenwich","Lives in a communal establishment","Aged 35 to 39 years","Male",154
"E09000011","Greenwich","Lives in a communal establishment","Aged 40 to 44 years","Male",111
"E09000011","Greenwich","Lives in a communal establishment","Aged 45 to 49 years","Male",112
"E09000011","Greenwich","Lives in a communal establishment","Aged 50 to 54 years","Male",86
"E09000011","Greenwich","Lives in a communal establishment","Aged 55 to 59 years","Male",65
"E09000011","Greenwich","Lives in a communal establishment","Aged 60 to 64 years","Male",68
"E09000011","Greenwich","Lives in a communal establishment","Aged 65 years","Male",6
"E09000011","Greenwich","Lives in a communal establishment","Aged 66 to 69 years","Male",40
"E09000011","Greenwich","Lives in a communal establishment","Aged 70 to 74 years","Male",51
"E09000011","Greenwich","Lives in a communal establishment","Aged 75 to 79 years","Male",51
"E09000011","Greenwich","Lives in a communal establishment","Aged 80 to 84 years","Male",42
"E09000011","Greenwich","Lives in a communal establishment","Aged 85 years and over","Male",68
"E09000012","Hackney","Lives in a communal establishment","Total","Male",1201
"E09000012","Hackney","Lives in a communal establishment","Aged 2 years and under","Male",15
"E09000012","Hackney","Lives in a communal establishment","Aged 3 to 4 years","Male",13
"E09000012","Hackney","Lives in a communal establishment","Aged 5 to 7 years","Male",12
"E09000012","Hackney","Lives in a communal establishment","Aged 8 to 9 years","Male",7
"E09000012","Hackney","Lives in a communal establishment","Aged 10 to 14 years","Male",31
"E09000012","Hackney","Lives in a communal establishment","Aged 15 years","Male",6
"E09000012","Hackney","Lives in a communal establishment","Aged 16 to 17 years","Male",16
"E09000012","Hackney","Lives in a communal establishment","Aged 18 to 19 years","Male",92
"E09000012","Hackney","Lives in a communal establishment","Aged 20 to 24 years","Male",229
"E09000012","Hackney","Lives in a communal establishment","Aged 25 to 29 years","Male",117
"E09000012","Hackney","Lives in a communal establishment","Aged 30 to 34 years","Male",91
"E09000012","Hackney","Lives in a communal establishment","Aged 35 to 39 years","Male",71
"E09000012","Hackney","Lives in a communal establishment","Aged 40 to 44 years","Male",76
"E09000012","Hackney","Lives in a communal establishment","Aged 45 to 49 years","Male",68
"E09000012","Hackney","Lives in a communal establishment","Aged 50 to 54 years","Male",82
"E09000012","Hackney","Lives in a communal establishment","Aged 55 to 59 years","Male",96
"E09000012","Hackney","Lives in a communal establishment","Aged 60 to 64 years","Male",48
"E09000012","Hackney","Lives in a communal establishment","Aged 65 years","Male",7
"E09000012","Hackney","Lives in a communal establishment","Aged 66 to 69 years","Male",29
"E09000012","Hackney","Lives in a communal establishment","Aged 70 to 74 years","Male",22
"E09000012","Hackney","Lives in a communal establishment","Aged 75 to 79 years","Male",34
"E09000012","Hackney","Lives in a communal establishment","Aged 80 to 84 years","Male",18
"E09000012","Hackney","Lives in a communal establishment","Aged 85 years and over","Male",21
"E09000013","Hammersmith and Fulham","Lives in a communal establishment","Total","Male",1554
"E09000013","Hammersmith and Fulham","Lives in a communal establishment","Aged 2 years and under","Male",2
"E09000013","Hammersmith and Fulham","Lives in a communal establishment","Aged 3 to 4 years","Male",0
"E09000013","Hammersmith and Fulham","Lives in a communal establishment","Aged 5 to 7 years","Male",1
"E09000013","Hammersmith and Fulham","Lives in a communal establishment","Aged 8 to 9 years","Male",0
"E09000013","Hammersmith and Fulham","Lives in a communal establishment","Aged 10 to 14 years","Male",5
"E09000013","Hammersmith and Fulham","Lives in a communal establishment","Aged 15 years","Male",2
"E09000013","Hammersmith and Fulham","Lives in a communal establishment","Aged 16 to 17 years","Male",6
"E09000013","Hammersmith and Fulham","Lives in a communal establishment","Aged 18 to 19 years","Male",108
"E09000013","Hammersmith and Fulham","Lives in a communal establishment","Aged 20 to 24 years","Male",487
"E09000013","Hammersmith and Fulham","Lives in a communal establishment","Aged 25 to 29 years","Male",269
"E09000013","Hammersmith and Fulham","Lives in a communal establishment","Aged 30 to 34 years","Male",170
"E09000013","Hammersmith and Fulham","Lives in a communal establishment","Aged 35 to 39 years","Male",130
"E09000013","Hammersmith and Fulham","Lives in a communal establishment","Aged 40 to 44 years","Male",90
"E09000013","Hammersmith and Fulham","Lives in a communal establishment","Aged 45 to 49 years","Male",47
"E09000013","Hammersmith and Fulham","Lives in a communal establishment","Aged 50 to 54 years","Male",53
"E09000013","Hammersmith and Fulham","Lives in a communal establishment","Aged 55 to 59 years","Male",48
"E09000013","Hammersmith and Fulham","Lives in a communal establishment","Aged 60 to 64 years","Male",33
"E09000013","Hammersmith and Fulham","Lives in a communal establishment","Aged 65 years","Male",9
"E09000013","Hammersmith and Fulham","Lives in a communal establishment","Aged 66 to 69 years","Male",12
"E09000013","Hammersmith and Fulham","Lives in a communal establishment","Aged 70 to 74 years","Male",14
"E09000013","Hammersmith and Fulham","Lives in a communal establishment","Aged 75 to 79 years","Male",23
"E09000013","Hammersmith and Fulham","Lives in a communal establishment","Aged 80 to 84 years","Male",26
"E09000013","Hammersmith and Fulham","Lives in a communal establishment","Aged 85 years and over","Male",19
"E09000014","Haringey","Lives in a communal establishment","Total","Male",967
"E09000014","Haringey","Lives in a communal establishment","Aged 2 years and under","Male",0
"E09000014","Haringey","Lives in a communal establishment","Aged 3 to 4 years","Male",2
"E09000014","Haringey","Lives in a communal establishment","Aged 5 to 7 years","Male",0
"E09000014","Haringey","Lives in a communal establishment","Aged 8 to 9 years","Male",1
"E09000014","Haringey","Lives in a communal establishment","Aged 10 to 14 years","Male",1
"E09000014","Haringey","Lives in a communal establishment","Aged 15 years","Male",0
"E09000014","Haringey","Lives in a communal establishment","Aged 16 to 17 years","Male",4
"E09000014","Haringey","Lives in a communal establishment","Aged 18 to 19 years","Male",133
"E09000014","Haringey","Lives in a communal establishment","Aged 20 to 24 years","Male",269
"E09000014","Haringey","Lives in a communal establishment","Aged 25 to 29 years","Male",117
"E09000014","Haringey","Lives in a communal establishment","Aged 30 to 34 years","Male",58
"E09000014","Haringey","Lives in a communal establishment","Aged 35 to 39 years","Male",43
"E09000014","Haringey","Lives in a communal establishment","Aged 40 to 44 years","Male",46
"E09000014","Haringey","Lives in a communal establishment","Aged 45 to 49 years","Male",48
"E09000014","Haringey","Lives in a communal establishment","Aged 50 to 54 years","Male",41
"E09000014","Haringey","Lives in a communal establishment","Aged 55 to 59 years","Male",32
"E09000014","Haringey","Lives in a communal establishment","Aged 60 to 64 years","Male",34
"E09000014","Haringey","Lives in a communal establishment","Aged 65 years","Male",14
"E09000014","Haringey","Lives in a communal establishment","Aged 66 to 69 years","Male",13
"E09000014","Haringey","Lives in a communal establishment","Aged 70 to 74 years","Male",32
"E09000014","Haringey","Lives in a communal establishment","Aged 75 to 79 years","Male",31
"E09000014","Haringey","Lives in a communal establishment","Aged 80 to 84 years","Male",19
"E09000014","Haringey","Lives in a communal establishment","Aged 85 years and over","Male",29
"E09000015","Harrow","Lives in a communal establishment","Total","Male",1412
"E09000015","Harrow","Lives in a communal establishment","Aged 2 years and under","Male",3
"E09000015","Harrow","Lives in a communal establishment","Aged 3 to 4 years","Male",2
"E09000015","Harrow","Lives in a communal establishment","Aged 5 to 7 years","Male",3
"E09000015","Harrow","Lives in a communal establishment","Aged 8 to 9 years","Male",1
"E09000015","Harrow","Lives in a communal establishment","Aged 10 to 14 years","Male",168
"E09000015","Harrow","Lives in a communal establishment","Aged 15 years","Male",143
"E09000015","Harrow","Lives in a communal establishment","Aged 16 to 17 years","Male",322
"E09000015","Harrow","Lives in a communal establishment","Aged 18 to 19 years","Male",140
"E09000015","Harrow","Lives in a communal establishment","Aged 20 to 24 years","Male",75
"E09000015","Harrow","Lives in a communal establishment","Aged 25 to 29 years","Male",37
"E09000015","Harrow","Lives in a communal establishment","Aged 30 to 34 years","Male",44
"E09000015","Harrow","Lives in a communal establishment","Aged 35 to 39 years","Male",34
"E09000015","Harrow","Lives in a communal establishment","Aged 40 to 44 years","Male",34
"E09000015","Harrow","Lives in a communal establishment","Aged 45 to 49 years","Male",27
"E09000015","Harrow","Lives in a communal establishment","Aged 50 to 54 years","Male",35
"E09000015","Harrow","Lives in a communal establishment","Aged 55 to 59 years","Male",43
"E09000015","Harrow","Lives in a communal establishment","Aged 60 to 64 years","Male",69
"E09000015","Harrow","Lives in a communal establishment","Aged 65 years","Male",4
"E09000015","Harrow","Lives in a communal establishment","Aged 66 to 69 years","Male",31
"E09000015","Harrow","Lives in a communal establishment","Aged 70 to 74 years","Male",31
"E09000015","Harrow","Lives in a communal establishment","Aged 75 to 79 years","Male",51
"E09000015","Harrow","Lives in a communal establishment","Aged 80 to 84 years","Male",40
"E09000015","Harrow","Lives in a communal establishment","Aged 85 years and over","Male",75
"E09000016","Havering","Lives in a communal establishment","Total","Male",544
"E09000016","Havering","Lives in a communal establishment","Aged 2 years and under","Male",0
"E09000016","Havering","Lives in a communal establishment","Aged 3 to 4 years","Male",0
"E09000016","Havering","Lives in a communal establishment","Aged 5 to 7 years","Male",0
"E09000016","Havering","Lives in a communal establishment","Aged 8 to 9 years","Male",0
"E09000016","Havering","Lives in a communal establishment","Aged 10 to 14 years","Male",3
"E09000016","Havering","Lives in a communal establishment","Aged 15 years","Male",0
"E09000016","Havering","Lives in a communal establishment","Aged 16 to 17 years","Male",16
"E09000016","Havering","Lives in a communal establishment","Aged 18 to 19 years","Male",7
"E09000016","Havering","Lives in a communal establishment","Aged 20 to 24 years","Male",21
"E09000016","Havering","Lives in a communal establishment","Aged 25 to 29 years","Male",15
"E09000016","Havering","Lives in a communal establishment","Aged 30 to 34 years","Male",8
"E09000016","Havering","Lives in a communal establishment","Aged 35 to 39 years","Male",15
"E09000016","Havering","Lives in a communal establishment","Aged 40 to 44 years","Male",4
"E09000016","Havering","Lives in a communal establishment","Aged 45 to 49 years","Male",8
"E09000016","Havering","Lives in a communal establishment","Aged 50 to 54 years","Male",27
"E09000016","Havering","Lives in a communal establishment","Aged 55 to 59 years","Male",28
"E09000016","Havering","Lives in a communal establishment","Aged 60 to 64 years","Male",41
"E09000016","Havering","Lives in a communal establishment","Aged 65 years","Male",8
"E09000016","Havering","Lives in a communal establishment","Aged 66 to 69 years","Male",38
"E09000016","Havering","Lives in a communal establishment","Aged 70 to 74 years","Male",62
"E09000016","Havering","Lives in a communal establishment","Aged 75 to 79 years","Male",55
"E09000016","Havering","Lives in a communal establishment","Aged 80 to 84 years","Male",60
"E09000016","Havering","Lives in a communal establishment","Aged 85 years and over","Male",128
"E09000017","Hillingdon","Lives in a communal establishment","Total","Male",2836
"E09000017","Hillingdon","Lives in a communal establishment","Aged 2 years and under","Male",0
"E09000017","Hillingdon","Lives in a communal establishment","Aged 3 to 4 years","Male",3
"E09000017","Hillingdon","Lives in a communal establishment","Aged 5 to 7 years","Male",0
"E09000017","Hillingdon","Lives in a communal establishment","Aged 8 to 9 years","Male",0
"E09000017","Hillingdon","Lives in a communal establishment","Aged 10 to 14 years","Male",5
"E09000017","Hillingdon","Lives in a communal establishment","Aged 15 years","Male",0
"E09000017","Hillingdon","Lives in a communal establishment","Aged 16 to 17 years","Male",21
"E09000017","Hillingdon","Lives in a communal establishment","Aged 18 to 19 years","Male",751
"E09000017","Hillingdon","Lives in a communal establishment","Aged 20 to 24 years","Male",1143
"E09000017","Hillingdon","Lives in a communal establishment","Aged 25 to 29 years","Male",215
"E09000017","Hillingdon","Lives in a communal establishment","Aged 30 to 34 years","Male",108
"E09000017","Hillingdon","Lives in a communal establishment","Aged 35 to 39 years","Male",65
"E09000017","Hillingdon","Lives in a communal establishment","Aged 40 to 44 years","Male",41
"E09000017","Hillingdon","Lives in a communal establishment","Aged 45 to 49 years","Male",31
"E09000017","Hillingdon","Lives in a communal establishment","Aged 50 to 54 years","Male",58
"E09000017","Hillingdon","Lives in a communal establishment","Aged 55 to 59 years","Male",41
"E09000017","Hillingdon","Lives in a communal establishment","Aged 60 to 64 years","Male",38
"E09000017","Hillingdon","Lives in a communal establishment","Aged 65 years","Male",14
"E09000017","Hillingdon","Lives in a communal establishment","Aged 66 to 69 years","Male",17
"E09000017","Hillingdon","Lives in a communal establishment","Aged 70 to 74 years","Male",49
"E09000017","Hillingdon","Lives in a communal establishment","Aged 75 to 79 years","Male",55
"E09000017","Hillingdon","Lives in a communal establishment","Aged 80 to 84 years","Male",84
"E09000017","Hillingdon","Lives in a communal establishment","Aged 85 years and over","Male",97
"E09000018","Hounslow","Lives in a communal establishment","Total","Male",1070
"E09000018","Hounslow","Lives in a communal establishment","Aged 2 years and under","Male",10
"E09000018","Hounslow","Lives in a communal establishment","Aged 3 to 4 years","Male",11
"E09000018","Hounslow","Lives in a communal establishment","Aged 5 to 7 years","Male",6
"E09000018","Hounslow","Lives in a communal establishment","Aged 8 to 9 years","Male",5
"E09000018","Hounslow","Lives in a communal establishment","Aged 10 to 14 years","Male",7
"E09000018","Hounslow","Lives in a communal establishment","Aged 15 years","Male",4
"E09000018","Hounslow","Lives in a communal establishment","Aged 16 to 17 years","Male",45
"E09000018","Hounslow","Lives in a communal establishment","Aged 18 to 19 years","Male",89
"E09000018","Hounslow","Lives in a communal establishment","Aged 20 to 24 years","Male",277
"E09000018","Hounslow","Lives in a communal establishment","Aged 25 to 29 years","Male",100
"E09000018","Hounslow","Lives in a communal establishment","Aged 30 to 34 years","Male",79
"E09000018","Hounslow","Lives in a communal establishment","Aged 35 to 39 years","Male",53
"E09000018","Hounslow","Lives in a communal establishment","Aged 40 to 44 years","Male",58
"E09000018","Hounslow","Lives in a communal establishment","Aged 45 to 49 years","Male",46
"E09000018","Hounslow","Lives in a communal establishment","Aged 50 to 54 years","Male",32
"E09000018","Hounslow","Lives in a communal establishment","Aged 55 to 59 years","Male",40
"E09000018","Hounslow","Lives in a communal establishment","Aged 60 to 64 years","Male",42
"E09000018","Hounslow","Lives in a communal establishment","Aged 65 years","Male",8
"E09000018","Hounslow","Lives in a communal establishment","Aged 66 to 69 years","Male",16
"E09000018","Hounslow","Lives in a communal establishment","Aged 70 to 74 years","Male",24
"E09000018","Hounslow","Lives in a communal establishment","Aged 75 to 79 years","Male",31
"E09000018","Hounslow","Lives in a communal establishment","Aged 80 to 84 years","Male",37
"E09000018","Hounslow","Lives in a communal establishment","Aged 85 years and over","Male",50
"E09000019","Islington","Lives in a communal establishment","Total","Male",2543
"E09000019","Islington","Lives in a communal establishment","Aged 2 years and under","Male",2
"E09000019","Islington","Lives in a communal establishment","Aged 3 to 4 years","Male",0
"E09000019","Islington","Lives in a communal establishment","Aged 5 to 7 years","Male",0
"E09000019","Islington","Lives in a communal establishment","Aged 8 to 9 years","Male",0
"E09000019","Islington","Lives in a communal establishment","Aged 10 to 14 years","Male",1
"E09000019","Islington","Lives in a communal establishment","Aged 15 years","Male",0
"E09000019","Islington","Lives in a communal establishment","Aged 16 to 17 years","Male",13
"E09000019","Islington","Lives in a communal establishment","Aged 18 to 19 years","Male",643
"E09000019","Islington","Lives in a communal establishment","Aged 20 to 24 years","Male",733
"E09000019","Islington","Lives in a communal establishment","Aged 25 to 29 years","Male",291
"E09000019","Islington","Lives in a communal establishment","Aged 30 to 34 years","Male",185
"E09000019","Islington","Lives in a communal establishment","Aged 35 to 39 years","Male",124
"E09000019","Islington","Lives in a communal establishment","Aged 40 to 44 years","Male",94
"E09000019","Islington","Lives in a communal establishment","Aged 45 to 49 years","Male",65
"E09000019","Islington","Lives in a communal establishment","Aged 50 to 54 years","Male",54
"E09000019","Islington","Lives in a communal establishment","Aged 55 to 59 years","Male",69
"E09000019","Islington","Lives in a communal establishment","Aged 60 to 64 years","Male",53
"E09000019","Islington","Lives in a communal establishment","Aged 65 years","Male",7
"E09000019","Islington","Lives in a communal establishment","Aged 66 to 69 years","Male",39
"E09000019","Islington","Lives in a communal establishment","Aged 70 to 74 years","Male",56
"E09000019","Islington","Lives in a communal establishment","Aged 75 to 79 years","Male",45
"E09000019","Islington","Lives in a communal establishment","Aged 80 to 84 years","Male",23
"E09000019","Islington","Lives in a communal establishment","Aged 85 years and over","Male",46
"E09000020","Kensington and Chelsea","Lives in a communal establishment","Total","Male",1264
"E09000020","Kensington and Chelsea","Lives in a communal establishment","Aged 2 years and under","Male",6
"E09000020","Kensington and Chelsea","Lives in a communal establishment","Aged 3 to 4 years","Male",0
"E09000020","Kensington and Chelsea","Lives in a communal establishment","Aged 5 to 7 years","Male",1
"E09000020","Kensington and Chelsea","Lives in a communal establishment","Aged 8 to 9 years","Male",2
"E09000020","Kensington and Chelsea","Lives in a communal establishment","Aged 10 to 14 years","Male",5
"E09000020","Kensington and Chelsea","Lives in a communal establishment","Aged 15 years","Male",0
"E09000020","Kensington and Chelsea","Lives in a communal establishment","Aged 16 to 17 years","Male",13
"E09000020","Kensington and Chelsea","Lives in a communal establishment","Aged 18 to 19 years","Male",88
"E09000020","Kensington and Chelsea","Lives in a communal establishment","Aged 20 to 24 years","Male",307
"E09000020","Kensington and Chelsea","Lives in a communal establishment","Aged 25 to 29 years","Male",121
"E09000020","Kensington and Chelsea","Lives in a communal establishment","Aged 30 to 34 years","Male",86
"E09000020","Kensington and Chelsea","Lives in a communal establishment","Aged 35 to 39 years","Male",58
"E09000020","Kensington and Chelsea","Lives in a communal establishment","Aged 40 to 44 years","Male",63
"E09000020","Kensington and Chelsea","Lives in a communal establishment","Aged 45 to 49 years","Male",45
"E09000020","Kensington and Chelsea","Lives in a communal establishment","Aged 50 to 54 years","Male",33
"E09000020","Kensington and Chelsea","Lives in a communal establishment","Aged 55 to 59 years","Male",42
"E09000020","Kensington and Chelsea","Lives in a communal establishment","Aged 60 to 64 years","Male",27
"E09000020","Kensington and Chelsea","Lives in a communal establishment","Aged 65 years","Male",5
"E09000020","Kensington and Chelsea","Lives in a communal establishment","Aged 66 to 69 years","Male",35
"E09000020","Kensington and Chelsea","Lives in a communal establishment","Aged 70 to 74 years","Male",56
"E09000020","Kensington and Chelsea","Lives in a communal establishment","Aged 75 to 79 years","Male",82
"E09000020","Kensington and Chelsea","Lives in a communal establishment","Aged 80 to 84 years","Male",72
"E09000020","Kensington and Chelsea","Lives in a communal establishment","Aged 85 years and over","Male",117
"E09000021","Kingston upon Thames","Lives in a communal establishment","Total","Male",1277
"E09000021","Kingston upon Thames","Lives in a communal establishment","Aged 2 years and under","Male",1
"E09000021","Kingston upon Thames","Lives in a communal establishment","Aged 3 to 4 years","Male",2
"E09000021","Kingston upon Thames","Lives in a communal establishment","Aged 5 to 7 years","Male",0
"E09000021","Kingston upon Thames","Lives in a communal establishment","Aged 8 to 9 years","Male",0
"E09000021","Kingston upon Thames","Lives in a communal establishment","Aged 10 to 14 years","Male",3
"E09000021","Kingston upon Thames","Lives in a communal establishment","Aged 15 years","Male",1
"E09000021","Kingston upon Thames","Lives in a communal establishment","Aged 16 to 17 years","Male",2
"E09000021","Kingston upon Thames","Lives in a communal establishment","Aged 18 to 19 years","Male",235
"E09000021","Kingston upon Thames","Lives in a communal establishment","Aged 20 to 24 years","Male",480
"E09000021","Kingston upon Thames","Lives in a communal establishment","Aged 25 to 29 years","Male",115
"E09000021","Kingston upon Thames","Lives in a communal establishment","Aged 30 to 34 years","Male",36
"E09000021","Kingston upon Thames","Lives in a communal establishment","Aged 35 to 39 years","Male",28
"E09000021","Kingston upon Thames","Lives in a communal establishment","Aged 40 to 44 years","Male",19
"E09000021","Kingston upon Thames","Lives in a communal establishment","Aged 45 to 49 years","Male",24
"E09000021","Kingston upon Thames","Lives in a communal establishment","Aged 50 to 54 years","Male",35
"E09000021","Kingston upon Thames","Lives in a communal establishment","Aged 55 to 59 years","Male",49
"E09000021","Kingston upon Thames","Lives in a communal establishment","Aged 60 to 64 years","Male",31
"E09000021","Kingston upon Thames","Lives in a communal establishment","Aged 65 years","Male",7
"E09000021","Kingston upon Thames","Lives in a communal establishment","Aged 66 to 69 years","Male",23
"E09000021","Kingston upon Thames","Lives in a communal establishment","Aged 70 to 74 years","Male",27
"E09000021","Kingston upon Thames","Lives in a communal establishment","Aged 75 to 79 years","Male",37
"E09000021","Kingston upon Thames","Lives in a communal establishment","Aged 80 to 84 years","Male",31
"E09000021","Kingston upon Thames","Lives in a communal establishment","Aged 85 years and over","Male",91
"E09000022","Lambeth","Lives in a communal establishment","Total","Male",2417
"E09000022","Lambeth","Lives in a communal establishment","Aged 2 years and under","Male",4
"E09000022","Lambeth","Lives in a communal establishment","Aged 3 to 4 years","Male",4
"E09000022","Lambeth","Lives in a communal establishment","Aged 5 to 7 years","Male",5
"E09000022","Lambeth","Lives in a communal establishment","Aged 8 to 9 years","Male",1
"E09000022","Lambeth","Lives in a communal establishment","Aged 10 to 14 years","Male",4
"E09000022","Lambeth","Lives in a communal establishment","Aged 15 years","Male",2
"E09000022","Lambeth","Lives in a communal establishment","Aged 16 to 17 years","Male",16
"E09000022","Lambeth","Lives in a communal establishment","Aged 18 to 19 years","Male",285
"E09000022","Lambeth","Lives in a communal establishment","Aged 20 to 24 years","Male",418
"E09000022","Lambeth","Lives in a communal establishment","Aged 25 to 29 years","Male",255
"E09000022","Lambeth","Lives in a communal establishment","Aged 30 to 34 years","Male",199
"E09000022","Lambeth","Lives in a communal establishment","Aged 35 to 39 years","Male",171
"E09000022","Lambeth","Lives in a communal establishment","Aged 40 to 44 years","Male",154
"E09000022","Lambeth","Lives in a communal establishment","Aged 45 to 49 years","Male",136
"E09000022","Lambeth","Lives in a communal establishment","Aged 50 to 54 years","Male",174
"E09000022","Lambeth","Lives in a communal establishment","Aged 55 to 59 years","Male",115
"E09000022","Lambeth","Lives in a communal establishment","Aged 60 to 64 years","Male",127
"E09000022","Lambeth","Lives in a communal establishment","Aged 65 years","Male",14
"E09000022","Lambeth","Lives in a communal establishment","Aged 66 to 69 years","Male",71
"E09000022","Lambeth","Lives in a communal establishment","Aged 70 to 74 years","Male",90
"E09000022","Lambeth","Lives in a communal establishment","Aged 75 to 79 years","Male",67
"E09000022","Lambeth","Lives in a communal establishment","Aged 80 to 84 years","Male",43
"E09000022","Lambeth","Lives in a communal establishment","Aged 85 years and over","Male",62
"E09000023","Lewisham","Lives in a communal establishment","Total","Male",1158
"E09000023","Lewisham","Lives in a communal establishment","Aged 2 years and under","Male",0
"E09000023","Lewisham","Lives in a communal establishment","Aged 3 to 4 years","Male",1
"E09000023","Lewisham","Lives in a communal establishment","Aged 5 to 7 years","Male",2
"E09000023","Lewisham","Lives in a communal establishment","Aged 8 to 9 years","Male",0
"E09000023","Lewisham","Lives in a communal establishment","Aged 10 to 14 years","Male",2
"E09000023","Lewisham","Lives in a communal establishment","Aged 15 years","Male",0
"E09000023","Lewisham","Lives in a communal establishment","Aged 16 to 17 years","Male",16
"E09000023","Lewisham","Lives in a communal establishment","Aged 18 to 19 years","Male",168
"E09000023","Lewisham","Lives in a communal establishment","Aged 20 to 24 years","Male",201
"E09000023","Lewisham","Lives in a communal establishment","Aged 25 to 29 years","Male",59
"E09000023","Lewisham","Lives in a communal establishment","Aged 30 to 34 years","Male",57
"E09000023","Lewisham","Lives in a communal establishment","Aged 35 to 39 years","Male",45
"E09000023","Lewisham","Lives in a communal establishment","Aged 40 to 44 years","Male",56
"E09000023","Lewisham","Lives in a communal establishment","Aged 45 to 49 years","Male",60
"E09000023","Lewisham","Lives in a communal establishment","Aged 50 to 54 years","Male",79
"E09000023","Lewisham","Lives in a communal establishment","Aged 55 to 59 years","Male",90
"E09000023","Lewisham","Lives in a communal establishment","Aged 60 to 64 years","Male",46
"E09000023","Lewisham","Lives in a communal establishment","Aged 65 years","Male",23
"E09000023","Lewisham","Lives in a communal establishment","Aged 66 to 69 years","Male",44
"E09000023","Lewisham","Lives in a communal establishment","Aged 70 to 74 years","Male",44
"E09000023","Lewisham","Lives in a communal establishment","Aged 75 to 79 years","Male",53
"E09000023","Lewisham","Lives in a communal establishment","Aged 80 to 84 years","Male",43
"E09000023","Lewisham","Lives in a communal establishment","Aged 85 years and over","Male",69
"E09000024","Merton","Lives in a communal establishment","Total","Male",453
"E09000024","Merton","Lives in a communal establishment","Aged 2 years and under","Male",2
"E09000024","Merton","Lives in a communal establishment","Aged 3 to 4 years","Male",0
"E09000024","Merton","Lives in a communal establishment","Aged 5 to 7 years","Male",0
"E09000024","Merton","Lives in a communal establishment","Aged 8 to 9 years","Male",0
"E09000024","Merton","Lives in a communal establishment","Aged 10 to 14 years","Male",0
"E09000024","Merton","Lives in a communal establishment","Aged 15 years","Male",0
"E09000024","Merton","Lives in a communal establishment","Aged 16 to 17 years","Male",1
"E09000024","Merton","Lives in a communal establishment","Aged 18 to 19 years","Male",16
"E09000024","Merton","Lives in a communal establishment","Aged 20 to 24 years","Male",17
"E09000024","Merton","Lives in a communal establishment","Aged 25 to 29 years","Male",34
"E09000024","Merton","Lives in a communal establishment","Aged 30 to 34 years","Male",31
"E09000024","Merton","Lives in a communal establishment","Aged 35 to 39 years","Male",18
"E09000024","Merton","Lives in a communal establishment","Aged 40 to 44 years","Male",18
"E09000024","Merton","Lives in a communal establishment","Aged 45 to 49 years","Male",16
"E09000024","Merton","Lives in a communal establishment","Aged 50 to 54 years","Male",20
"E09000024","Merton","Lives in a communal establishment","Aged 55 to 59 years","Male",22
"E09000024","Merton","Lives in a communal establishment","Aged 60 to 64 years","Male",30
"E09000024","Merton","Lives in a communal establishment","Aged 65 years","Male",6
"E09000024","Merton","Lives in a communal establishment","Aged 66 to 69 years","Male",28
"E09000024","Merton","Lives in a communal establishment","Aged 70 to 74 years","Male",50
"E09000024","Merton","Lives in a communal establishment","Aged 75 to 79 years","Male",31
"E09000024","Merton","Lives in a communal establishment","Aged 80 to 84 years","Male",40
"E09000024","Merton","Lives in a communal establishment","Aged 85 years and over","Male",73
"E09000025","Newham","Lives in a communal establishment","Total","Male",1274
"E09000025","Newham","Lives in a communal establishment","Aged 2 years and under","Male",2
"E09000025","Newham","Lives in a communal establishment","Aged 3 to 4 years","Male",0
"E09000025","Newham","Lives in a communal establishment","Aged 5 to 7 years","Male",2
"E09000025","Newham","Lives in a communal establishment","Aged 8 to 9 years","Male",0
"E09000025","Newham","Lives in a communal establishment","Aged 10 to 14 years","Male",2
"E09000025","Newham","Lives in a communal establishment","Aged 15 years","Male",2
"E09000025","Newham","Lives in a communal establishment","Aged 16 to 17 years","Male",0
"E09000025","Newham","Lives in a communal establishment","Aged 18 to 19 years","Male",193
"E09000025","Newham","Lives in a communal establishment","Aged 20 to 24 years","Male",443
"E09000025","Newham","Lives in a communal establishment","Aged 25 to 29 years","Male",175
"E09000025","Newham","Lives in a communal establishment","Aged 30 to 34 years","Male",66
"E09000025","Newham","Lives in a communal establishment","Aged 35 to 39 years","Male",56
"E09000025","Newham","Lives in a communal establishment","Aged 40 to 44 years","Male",30
"E09000025","Newham","Lives in a communal establishment","Aged 45 to 49 years","Male",40
"E09000025","Newham","Lives in a communal establishment","Aged 50 to 54 years","Male",39
"E09000025","Newham","Lives in a communal establishment","Aged 55 to 59 years","Male",39
"E09000025","Newham","Lives in a communal establishment","Aged 60 to 64 years","Male",30
"E09000025","Newham","Lives in a communal establishment","Aged 65 years","Male",7
"E09000025","Newham","Lives in a communal establishment","Aged 66 to 69 years","Male",25
"E09000025","Newham","Lives in a communal establishment","Aged 70 to 74 years","Male",37
"E09000025","Newham","Lives in a communal establishment","Aged 75 to 79 years","Male",16
"E09000025","Newham","Lives in a communal establishment","Aged 80 to 84 years","Male",32
"E09000025","Newham","Lives in a communal establishment","Aged 85 years and over","Male",38
"E09000026","Redbridge","Lives in a communal establishment","Total","Male",855
"E09000026","Redbridge","Lives in a communal establishment","Aged 2 years and under","Male",2
"E09000026","Redbridge","Lives in a communal establishment","Aged 3 to 4 years","Male",1
"E09000026","Redbridge","Lives in a communal establishment","Aged 5 to 7 years","Male",3
"E09000026","Redbridge","Lives in a communal establishment","Aged 8 to 9 years","Male",0
"E09000026","Redbridge","Lives in a communal establishment","Aged 10 to 14 years","Male",7
"E09000026","Redbridge","Lives in a communal establishment","Aged 15 years","Male",3
"E09000026","Redbridge","Lives in a communal establishment","Aged 16 to 17 years","Male",19
"E09000026","Redbridge","Lives in a communal establishment","Aged 18 to 19 years","Male",23
"E09000026","Redbridge","Lives in a communal establishment","Aged 20 to 24 years","Male",56
"E09000026","Redbridge","Lives in a communal establishment","Aged 25 to 29 years","Male",36
"E09000026","Redbridge","Lives in a communal establishment","Aged 30 to 34 years","Male",37
"E09000026","Redbridge","Lives in a communal establishment","Aged 35 to 39 years","Male",52
"E09000026","Redbridge","Lives in a communal establishment","Aged 40 to 44 years","Male",56
"E09000026","Redbridge","Lives in a communal establishment","Aged 45 to 49 years","Male",50
"E09000026","Redbridge","Lives in a communal establishment","Aged 50 to 54 years","Male",71
"E09000026","Redbridge","Lives in a communal establishment","Aged 55 to 59 years","Male",55
"E09000026","Redbridge","Lives in a communal establishment","Aged 60 to 64 years","Male",59
"E09000026","Redbridge","Lives in a communal establishment","Aged 65 years","Male",18
"E09000026","Redbridge","Lives in a communal establishment","Aged 66 to 69 years","Male",58
"E09000026","Redbridge","Lives in a communal establishment","Aged 70 to 74 years","Male",54
"E09000026","Redbridge","Lives in a communal establishment","Aged 75 to 79 years","Male",62
"E09000026","Redbridge","Lives in a communal establishment","Aged 80 to 84 years","Male",44
"E09000026","Redbridge","Lives in a communal establishment","Aged 85 years and over","Male",89
"E09000027","Richmond upon Thames","Lives in a communal establishment","Total","Male",825
"E09000027","Richmond upon Thames","Lives in a communal establishment","Aged 2 years and under","Male",3
"E09000027","Richmond upon Thames","Lives in a communal establishment","Aged 3 to 4 years","Male",0
"E09000027","Richmond upon Thames","Lives in a communal establishment","Aged 5 to 7 years","Male",0
"E09000027","Richmond upon Thames","Lives in a communal establishment","Aged 8 to 9 years","Male",0
"E09000027","Richmond upon Thames","Lives in a communal establishment","Aged 10 to 14 years","Male",13
"E09000027","Richmond upon Thames","Lives in a communal establishment","Aged 15 years","Male",3
"E09000027","Richmond upon Thames","Lives in a communal establishment","Aged 16 to 17 years","Male",27
"E09000027","Richmond upon Thames","Lives in a communal establishment","Aged 18 to 19 years","Male",222
"E09000027","Richmond upon Thames","Lives in a communal establishment","Aged 20 to 24 years","Male",196
"E09000027","Richmond upon Thames","Lives in a communal establishment","Aged 25 to 29 years","Male",31
"E09000027","Richmond upon Thames","Lives in a communal establishment","Aged 30 to 34 years","Male",19
"E09000027","Richmond upon Thames","Lives in a communal establishment","Aged 35 to 39 years","Male",30
"E09000027","Richmond upon Thames","Lives in a communal establishment","Aged 40 to 44 years","Male",8
"E09000027","Richmond upon Thames","Lives in a communal establishment","Aged 45 to 49 years","Male",25
"E09000027","Richmond upon Thames","Lives in a communal establishment","Aged 50 to 54 years","Male",11
"E09000027","Richmond upon Thames","Lives in a communal establishment","Aged 55 to 59 years","Male",22
"E09000027","Richmond upon Thames","Lives in a communal establishment","Aged 60 to 64 years","Male",19
"E09000027","Richmond upon Thames","Lives in a communal establishment","Aged 65 years","Male",11
"E09000027","Richmond upon Thames","Lives in a communal establishment","Aged 66 to 69 years","Male",12
"E09000027","Richmond upon Thames","Lives in a communal establishment","Aged 70 to 74 years","Male",23
"E09000027","Richmond upon Thames","Lives in a communal establishment","Aged 75 to 79 years","Male",38
"E09000027","Richmond upon Thames","Lives in a communal establishment","Aged 80 to 84 years","Male",30
"E09000027","Richmond upon Thames","Lives in a communal establishment","Aged 85 years and over","Male",82
"E09000028","Southwark","Lives in a communal establishment","Total","Male",2205
"E09000028","Southwark","Lives in a communal establishment","Aged 2 years and under","Male",0
"E09000028","Southwark","Lives in a communal establishment","Aged 3 to 4 years","Male",0
"E09000028","Southwark","Lives in a communal establishment","Aged 5 to 7 years","Male",0
"E09000028","Southwark","Lives in a communal establishment","Aged 8 to 9 years","Male",2
"E09000028","Southwark","Lives in a communal establishment","Aged 10 to 14 years","Male",11
"E09000028","Southwark","Lives in a communal establishment","Aged 15 years","Male",21
"E09000028","Southwark","Lives in a communal establishment","Aged 16 to 17 years","Male",78
"E09000028","Southwark","Lives in a communal establishment","Aged 18 to 19 years","Male",683
"E09000028","Southwark","Lives in a communal establishment","Aged 20 to 24 years","Male",645
"E09000028","Southwark","Lives in a communal establishment","Aged 25 to 29 years","Male",149
"E09000028","Southwark","Lives in a communal establishment","Aged 30 to 34 years","Male",102
"E09000028","Southwark","Lives in a communal establishment","Aged 35 to 39 years","Male",68
"E09000028","Southwark","Lives in a communal establishment","Aged 40 to 44 years","Male",47
"E09000028","Southwark","Lives in a communal establishment","Aged 45 to 49 years","Male",56
"E09000028","Southwark","Lives in a communal establishment","Aged 50 to 54 years","Male",56
"E09000028","Southwark","Lives in a communal establishment","Aged 55 to 59 years","Male",53
"E09000028","Southwark","Lives in a communal establishment","Aged 60 to 64 years","Male",47
"E09000028","Southwark","Lives in a communal establishment","Aged 65 years","Male",2
"E09000028","Southwark","Lives in a communal establishment","Aged 66 to 69 years","Male",35
"E09000028","Southwark","Lives in a communal establishment","Aged 70 to 74 years","Male",53
"E09000028","Southwark","Lives in a communal establishment","Aged 75 to 79 years","Male",37
"E09000028","Southwark","Lives in a communal establishment","Aged 80 to 84 years","Male",21
"E09000028","Southwark","Lives in a communal establishment","Aged 85 years and over","Male",39
"E09000029","Sutton","Lives in a communal establishment","Total","Male",453
"E09000029","Sutton","Lives in a communal establishment","Aged 2 years and under","Male",0
"E09000029","Sutton","Lives in a communal establishment","Aged 3 to 4 years","Male",0
"E09000029","Sutton","Lives in a communal establishment","Aged 5 to 7 years","Male",2
"E09000029","Sutton","Lives in a communal establishment","Aged 8 to 9 years","Male",0
"E09000029","Sutton","Lives in a communal establishment","Aged 10 to 14 years","Male",0
"E09000029","Sutton","Lives in a communal establishment","Aged 15 years","Male",0
"E09000029","Sutton","Lives in a communal establishment","Aged 16 to 17 years","Male",0
"E09000029","Sutton","Lives in a communal establishment","Aged 18 to 19 years","Male",0
"E09000029","Sutton","Lives in a communal establishment","Aged 20 to 24 years","Male",8
"E09000029","Sutton","Lives in a communal establishment","Aged 25 to 29 years","Male",28
"E09000029","Sutton","Lives in a communal establishment","Aged 30 to 34 years","Male",20
"E09000029","Sutton","Lives in a communal establishment","Aged 35 to 39 years","Male",20
"E09000029","Sutton","Lives in a communal establishment","Aged 40 to 44 years","Male",30
"E09000029","Sutton","Lives in a communal establishment","Aged 45 to 49 years","Male",28
"E09000029","Sutton","Lives in a communal establishment","Aged 50 to 54 years","Male",28
"E09000029","Sutton","Lives in a communal establishment","Aged 55 to 59 years","Male",43
"E09000029","Sutton","Lives in a communal establishment","Aged 60 to 64 years","Male",32
"E09000029","Sutton","Lives in a communal establishment","Aged 65 years","Male",5
"E09000029","Sutton","Lives in a communal establishment","Aged 66 to 69 years","Male",30
"E09000029","Sutton","Lives in a communal establishment","Aged 70 to 74 years","Male",32
"E09000029","Sutton","Lives in a communal establishment","Aged 75 to 79 years","Male",39
"E09000029","Sutton","Lives in a communal establishment","Aged 80 to 84 years","Male",35
"E09000029","Sutton","Lives in a communal establishment","Aged 85 years and over","Male",73
"E09000030","Tower Hamlets","Lives in a communal establishment","Total","Male",3112
"E09000030","Tower Hamlets","Lives in a communal establishment","Aged 2 years and under","Male",54
"E09000030","Tower Hamlets","Lives in a communal establishment","Aged 3 to 4 years","Male",37
"E09000030","Tower Hamlets","Lives in a communal establishment","Aged 5 to 7 years","Male",49
"E09000030","Tower Hamlets","Lives in a communal establishment","Aged 8 to 9 years","Male",39
"E09000030","Tower Hamlets","Lives in a communal establishment","Aged 10 to 14 years","Male",86
"E09000030","Tower Hamlets","Lives in a communal establishment","Aged 15 years","Male",13
"E09000030","Tower Hamlets","Lives in a communal establishment","Aged 16 to 17 years","Male",53
"E09000030","Tower Hamlets","Lives in a communal establishment","Aged 18 to 19 years","Male",648
"E09000030","Tower Hamlets","Lives in a communal establishment","Aged 20 to 24 years","Male",812
"E09000030","Tower Hamlets","Lives in a communal establishment","Aged 25 to 29 years","Male",314
"E09000030","Tower Hamlets","Lives in a communal establishment","Aged 30 to 34 years","Male",189
"E09000030","Tower Hamlets","Lives in a communal establishment","Aged 35 to 39 years","Male",137
"E09000030","Tower Hamlets","Lives in a communal establishment","Aged 40 to 44 years","Male",130
"E09000030","Tower Hamlets","Lives in a communal establishment","Aged 45 to 49 years","Male",97
"E09000030","Tower Hamlets","Lives in a communal establishment","Aged 50 to 54 years","Male",93
"E09000030","Tower Hamlets","Lives in a communal establishment","Aged 55 to 59 years","Male",98
"E09000030","Tower Hamlets","Lives in a communal establishment","Aged 60 to 64 years","Male",89
"E09000030","Tower Hamlets","Lives in a communal establishment","Aged 65 years","Male",11
"E09000030","Tower Hamlets","Lives in a communal establishment","Aged 66 to 69 years","Male",41
"E09000030","Tower Hamlets","Lives in a communal establishment","Aged 70 to 74 years","Male",53
"E09000030","Tower Hamlets","Lives in a communal establishment","Aged 75 to 79 years","Male",26
"E09000030","Tower Hamlets","Lives in a communal establishment","Aged 80 to 84 years","Male",21
"E09000030","Tower Hamlets","Lives in a communal establishment","Aged 85 years and over","Male",22
"E09000031","Waltham Forest","Lives in a communal establishment","Total","Male",928
"E09000031","Waltham Forest","Lives in a communal establishment","Aged 2 years and under","Male",0
"E09000031","Waltham Forest","Lives in a communal establishment","Aged 3 to 4 years","Male",0
"E09000031","Waltham Forest","Lives in a communal establishment","Aged 5 to 7 years","Male",0
"E09000031","Waltham Forest","Lives in a communal establishment","Aged 8 to 9 years","Male",0
"E09000031","Waltham Forest","Lives in a communal establishment","Aged 10 to 14 years","Male",8
"E09000031","Waltham Forest","Lives in a communal establishment","Aged 15 years","Male",2
"E09000031","Waltham Forest","Lives in a communal establishment","Aged 16 to 17 years","Male",7
"E09000031","Waltham Forest","Lives in a communal establishment","Aged 18 to 19 years","Male",59
"E09000031","Waltham Forest","Lives in a communal establishment","Aged 20 to 24 years","Male",101
"E09000031","Waltham Forest","Lives in a communal establishment","Aged 25 to 29 years","Male",67
"E09000031","Waltham Forest","Lives in a communal establishment","Aged 30 to 34 years","Male",64
"E09000031","Waltham Forest","Lives in a communal establishment","Aged 35 to 39 years","Male",42
"E09000031","Waltham Forest","Lives in a communal establishment","Aged 40 to 44 years","Male",52
"E09000031","Waltham Forest","Lives in a communal establishment","Aged 45 to 49 years","Male",51
"E09000031","Waltham Forest","Lives in a communal establishment","Aged 50 to 54 years","Male",63
"E09000031","Waltham Forest","Lives in a communal establishment","Aged 55 to 59 years","Male",58
"E09000031","Waltham Forest","Lives in a communal establishment","Aged 60 to 64 years","Male",66
"E09000031","Waltham Forest","Lives in a communal establishment","Aged 65 years","Male",15
"E09000031","Waltham Forest","Lives in a communal establishment","Aged 66 to 69 years","Male",49
"E09000031","Waltham Forest","Lives in a communal establishment","Aged 70 to 74 years","Male",48
"E09000031","Waltham Forest","Lives in a communal establishment","Aged 75 to 79 years","Male",56
"E09000031","Waltham Forest","Lives in a communal establishment","Aged 80 to 84 years","Male",57
"E09000031","Waltham Forest","Lives in a communal establishment","Aged 85 years and over","Male",63
"E09000032","Wandsworth","Lives in a communal establishment","Total","Male",2311
"E09000032","Wandsworth","Lives in a communal establishment","Aged 2 years and under","Male",0
"E09000032","Wandsworth","Lives in a communal establishment","Aged 3 to 4 years","Male",0
"E09000032","Wandsworth","Lives in a communal establishment","Aged 5 to 7 years","Male",0
"E09000032","Wandsworth","Lives in a communal establishment","Aged 8 to 9 years","Male",0
"E09000032","Wandsworth","Lives in a communal establishment","Aged 10 to 14 years","Male",8
"E09000032","Wandsworth","Lives in a communal establishment","Aged 15 years","Male",5
"E09000032","Wandsworth","Lives in a communal establishment","Aged 16 to 17 years","Male",9
"E09000032","Wandsworth","Lives in a communal establishment","Aged 18 to 19 years","Male",244
"E09000032","Wandsworth","Lives in a communal establishment","Aged 20 to 24 years","Male",590
"E09000032","Wandsworth","Lives in a communal establishment","Aged 25 to 29 years","Male",289
"E09000032","Wandsworth","Lives in a communal establishment","Aged 30 to 34 years","Male",215
"E09000032","Wandsworth","Lives in a communal establishment","Aged 35 to 39 years","Male",158
"E09000032","Wandsworth","Lives in a communal establishment","Aged 40 to 44 years","Male",129
"E09000032","Wandsworth","Lives in a communal establishment","Aged 45 to 49 years","Male",133
"E09000032","Wandsworth","Lives in a communal establishment","Aged 50 to 54 years","Male",102
"E09000032","Wandsworth","Lives in a communal establishment","Aged 55 to 59 years","Male",87
"E09000032","Wandsworth","Lives in a communal establishment","Aged 60 to 64 years","Male",44
"E09000032","Wandsworth","Lives in a communal establishment","Aged 65 years","Male",4
"E09000032","Wandsworth","Lives in a communal establishment","Aged 66 to 69 years","Male",33
"E09000032","Wandsworth","Lives in a communal establishment","Aged 70 to 74 years","Male",53
"E09000032","Wandsworth","Lives in a communal establishment","Aged 75 to 79 years","Male",40
"E09000032","Wandsworth","Lives in a communal establishment","Aged 80 to 84 years","Male",59
"E09000032","Wandsworth","Lives in a communal establishment","Aged 85 years and over","Male",109
"E09000033","Westminster","Lives in a communal establishment","Total","Male",2364
"E09000033","Westminster","Lives in a communal establishment","Aged 2 years and under","Male",4
"E09000033","Westminster","Lives in a communal establishment","Aged 3 to 4 years","Male",0
"E09000033","Westminster","Lives in a communal establishment","Aged 5 to 7 years","Male",2
"E09000033","Westminster","Lives in a communal establishment","Aged 8 to 9 years","Male",27
"E09000033","Westminster","Lives in a communal establishment","Aged 10 to 14 years","Male",114
"E09000033","Westminster","Lives in a communal establishment","Aged 15 years","Male",21
"E09000033","Westminster","Lives in a communal establishment","Aged 16 to 17 years","Male",73
"E09000033","Westminster","Lives in a communal establishment","Aged 18 to 19 years","Male",754
"E09000033","Westminster","Lives in a communal establishment","Aged 20 to 24 years","Male",449
"E09000033","Westminster","Lives in a communal establishment","Aged 25 to 29 years","Male",227
"E09000033","Westminster","Lives in a communal establishment","Aged 30 to 34 years","Male",134
"E09000033","Westminster","Lives in a communal establishment","Aged 35 to 39 years","Male",112
"E09000033","Westminster","Lives in a communal establishment","Aged 40 to 44 years","Male",85
"E09000033","Westminster","Lives in a communal establishment","Aged 45 to 49 years","Male",78
"E09000033","Westminster","Lives in a communal establishment","Aged 50 to 54 years","Male",80
"E09000033","Westminster","Lives in a communal establishment","Aged 55 to 59 years","Male",53
"E09000033","Westminster","Lives in a communal establishment","Aged 60 to 64 years","Male",35
"E09000033","Westminster","Lives in a communal establishment","Aged 65 years","Male",9
"E09000033","Westminster","Lives in a communal establishment","Aged 66 to 69 years","Male",26
"E09000033","Westminster","Lives in a communal establishment","Aged 70 to 74 years","Male",37
"E09000033","Westminster","Lives in a communal establishment","Aged 75 to 79 years","Male",14
"E09000033","Westminster","Lives in a communal establishment","Aged 80 to 84 years","Male",7
"E09000033","Westminster","Lives in a communal establishment","Aged 85 years and over","Male",23
"E06000035","Medway","Lives in a communal establishment","Total","Male",2169
"E06000035","Medway","Lives in a communal establishment","Aged 2 years and under","Male",0
"E06000035","Medway","Lives in a communal establishment","Aged 3 to 4 years","Male",0
"E06000035","Medway","Lives in a communal establishment","Aged 5 to 7 years","Male",1
"E06000035","Medway","Lives in a communal establishment","Aged 8 to 9 years","Male",2
"E06000035","Medway","Lives in a communal establishment","Aged 10 to 14 years","Male",9
"E06000035","Medway","Lives in a communal establishment","Aged 15 years","Male",5
"E06000035","Medway","Lives in a communal establishment","Aged 16 to 17 years","Male",77
"E06000035","Medway","Lives in a communal establishment","Aged 18 to 19 years","Male",349
"E06000035","Medway","Lives in a communal establishment","Aged 20 to 24 years","Male",608
"E06000035","Medway","Lives in a communal establishment","Aged 25 to 29 years","Male",255
"E06000035","Medway","Lives in a communal establishment","Aged 30 to 34 years","Male",143
"E06000035","Medway","Lives in a communal establishment","Aged 35 to 39 years","Male",118
"E06000035","Medway","Lives in a communal establishment","Aged 40 to 44 years","Male",95
"E06000035","Medway","Lives in a communal establishment","Aged 45 to 49 years","Male",72
"E06000035","Medway","Lives in a communal establishment","Aged 50 to 54 years","Male",56
"E06000035","Medway","Lives in a communal establishment","Aged 55 to 59 years","Male",58
"E06000035","Medway","Lives in a communal establishment","Aged 60 to 64 years","Male",29
"E06000035","Medway","Lives in a communal establishment","Aged 65 years","Male",9
"E06000035","Medway","Lives in a communal establishment","Aged 66 to 69 years","Male",24
"E06000035","Medway","Lives in a communal establishment","Aged 70 to 74 years","Male",43
"E06000035","Medway","Lives in a communal establishment","Aged 75 to 79 years","Male",50
"E06000035","Medway","Lives in a communal establishment","Aged 80 to 84 years","Male",63
"E06000035","Medway","Lives in a communal establishment","Aged 85 years and over","Male",103
"E06000036","Bracknell Forest","Lives in a communal establishment","Total","Male",1491
"E06000036","Bracknell Forest","Lives in a communal establishment","Aged 2 years and under","Male",6
"E06000036","Bracknell Forest","Lives in a communal establishment","Aged 3 to 4 years","Male",8
"E06000036","Bracknell Forest","Lives in a communal establishment","Aged 5 to 7 years","Male",13
"E06000036","Bracknell Forest","Lives in a communal establishment","Aged 8 to 9 years","Male",7
"E06000036","Bracknell Forest","Lives in a communal establishment","Aged 10 to 14 years","Male",129
"E06000036","Bracknell Forest","Lives in a communal establishment","Aged 15 years","Male",72
"E06000036","Bracknell Forest","Lives in a communal establishment","Aged 16 to 17 years","Male",198
"E06000036","Bracknell Forest","Lives in a communal establishment","Aged 18 to 19 years","Male",164
"E06000036","Bracknell Forest","Lives in a communal establishment","Aged 20 to 24 years","Male",277
"E06000036","Bracknell Forest","Lives in a communal establishment","Aged 25 to 29 years","Male",246
"E06000036","Bracknell Forest","Lives in a communal establishment","Aged 30 to 34 years","Male",81
"E06000036","Bracknell Forest","Lives in a communal establishment","Aged 35 to 39 years","Male",60
"E06000036","Bracknell Forest","Lives in a communal establishment","Aged 40 to 44 years","Male",43
"E06000036","Bracknell Forest","Lives in a communal establishment","Aged 45 to 49 years","Male",48
"E06000036","Bracknell Forest","Lives in a communal establishment","Aged 50 to 54 years","Male",36
"E06000036","Bracknell Forest","Lives in a communal establishment","Aged 55 to 59 years","Male",22
"E06000036","Bracknell Forest","Lives in a communal establishment","Aged 60 to 64 years","Male",11
"E06000036","Bracknell Forest","Lives in a communal establishment","Aged 65 years","Male",0
"E06000036","Bracknell Forest","Lives in a communal establishment","Aged 66 to 69 years","Male",5
"E06000036","Bracknell Forest","Lives in a communal establishment","Aged 70 to 74 years","Male",7
"E06000036","Bracknell Forest","Lives in a communal establishment","Aged 75 to 79 years","Male",8
"E06000036","Bracknell Forest","Lives in a communal establishment","Aged 80 to 84 years","Male",20
"E06000036","Bracknell Forest","Lives in a communal establishment","Aged 85 years and over","Male",30
"E06000037","West Berkshire","Lives in a communal establishment","Total","Male",1329
"E06000037","West Berkshire","Lives in a communal establishment","Aged 2 years and under","Male",6
"E06000037","West Berkshire","Lives in a communal establishment","Aged 3 to 4 years","Male",1
"E06000037","West Berkshire","Lives in a communal establishment","Aged 5 to 7 years","Male",3
"E06000037","West Berkshire","Lives in a communal establishment","Aged 8 to 9 years","Male",9
"E06000037","West Berkshire","Lives in a communal establishment","Aged 10 to 14 years","Male",234
"E06000037","West Berkshire","Lives in a communal establishment","Aged 15 years","Male",87
"E06000037","West Berkshire","Lives in a communal establishment","Aged 16 to 17 years","Male",259
"E06000037","West Berkshire","Lives in a communal establishment","Aged 18 to 19 years","Male",100
"E06000037","West Berkshire","Lives in a communal establishment","Aged 20 to 24 years","Male",69
"E06000037","West Berkshire","Lives in a communal establishment","Aged 25 to 29 years","Male",80
"E06000037","West Berkshire","Lives in a communal establishment","Aged 30 to 34 years","Male",54
"E06000037","West Berkshire","Lives in a communal establishment","Aged 35 to 39 years","Male",42
"E06000037","West Berkshire","Lives in a communal establishment","Aged 40 to 44 years","Male",28
"E06000037","West Berkshire","Lives in a communal establishment","Aged 45 to 49 years","Male",45
"E06000037","West Berkshire","Lives in a communal establishment","Aged 50 to 54 years","Male",42
"E06000037","West Berkshire","Lives in a communal establishment","Aged 55 to 59 years","Male",38
"E06000037","West Berkshire","Lives in a communal establishment","Aged 60 to 64 years","Male",30
"E06000037","West Berkshire","Lives in a communal establishment","Aged 65 years","Male",3
"E06000037","West Berkshire","Lives in a communal establishment","Aged 66 to 69 years","Male",17
"E06000037","West Berkshire","Lives in a communal establishment","Aged 70 to 74 years","Male",30
"E06000037","West Berkshire","Lives in a communal establishment","Aged 75 to 79 years","Male",48
"E06000037","West Berkshire","Lives in a communal establishment","Aged 80 to 84 years","Male",30
"E06000037","West Berkshire","Lives in a communal establishment","Aged 85 years and over","Male",74
"E06000038","Reading","Lives in a communal establishment","Total","Male",2348
"E06000038","Reading","Lives in a communal establishment","Aged 2 years and under","Male",1
"E06000038","Reading","Lives in a communal establishment","Aged 3 to 4 years","Male",2
"E06000038","Reading","Lives in a communal establishment","Aged 5 to 7 years","Male",1
"E06000038","Reading","Lives in a communal establishment","Aged 8 to 9 years","Male",0
"E06000038","Reading","Lives in a communal establishment","Aged 10 to 14 years","Male",47
"E06000038","Reading","Lives in a communal establishment","Aged 15 years","Male",36
"E06000038","Reading","Lives in a communal establishment","Aged 16 to 17 years","Male",33
"E06000038","Reading","Lives in a communal establishment","Aged 18 to 19 years","Male",1012
"E06000038","Reading","Lives in a communal establishment","Aged 20 to 24 years","Male",644
"E06000038","Reading","Lives in a communal establishment","Aged 25 to 29 years","Male",139
"E06000038","Reading","Lives in a communal establishment","Aged 30 to 34 years","Male",65
"E06000038","Reading","Lives in a communal establishment","Aged 35 to 39 years","Male",41
"E06000038","Reading","Lives in a communal establishment","Aged 40 to 44 years","Male",43
"E06000038","Reading","Lives in a communal establishment","Aged 45 to 49 years","Male",40
"E06000038","Reading","Lives in a communal establishment","Aged 50 to 54 years","Male",38
"E06000038","Reading","Lives in a communal establishment","Aged 55 to 59 years","Male",28
"E06000038","Reading","Lives in a communal establishment","Aged 60 to 64 years","Male",38
"E06000038","Reading","Lives in a communal establishment","Aged 65 years","Male",4
"E06000038","Reading","Lives in a communal establishment","Aged 66 to 69 years","Male",12
"E06000038","Reading","Lives in a communal establishment","Aged 70 to 74 years","Male",19
"E06000038","Reading","Lives in a communal establishment","Aged 75 to 79 years","Male",27
"E06000038","Reading","Lives in a communal establishment","Aged 80 to 84 years","Male",24
"E06000038","Reading","Lives in a communal establishment","Aged 85 years and over","Male",54
"E06000039","Slough","Lives in a communal establishment","Total","Male",282
"E06000039","Slough","Lives in a communal establishment","Aged 2 years and under","Male",0
"E06000039","Slough","Lives in a communal establishment","Aged 3 to 4 years","Male",0
"E06000039","Slough","Lives in a communal establishment","Aged 5 to 7 years","Male",0
"E06000039","Slough","Lives in a communal establishment","Aged 8 to 9 years","Male",0
"E06000039","Slough","Lives in a communal establishment","Aged 10 to 14 years","Male",0
"E06000039","Slough","Lives in a communal establishment","Aged 15 years","Male",0
"E06000039","Slough","Lives in a communal establishment","Aged 16 to 17 years","Male",5
"E06000039","Slough","Lives in a communal establishment","Aged 18 to 19 years","Male",3
"E06000039","Slough","Lives in a communal establishment","Aged 20 to 24 years","Male",16
"E06000039","Slough","Lives in a communal establishment","Aged 25 to 29 years","Male",27
"E06000039","Slough","Lives in a communal establishment","Aged 30 to 34 years","Male",19
"E06000039","Slough","Lives in a communal establishment","Aged 35 to 39 years","Male",20
"E06000039","Slough","Lives in a communal establishment","Aged 40 to 44 years","Male",21
"E06000039","Slough","Lives in a communal establishment","Aged 45 to 49 years","Male",15
"E06000039","Slough","Lives in a communal establishment","Aged 50 to 54 years","Male",15
"E06000039","Slough","Lives in a communal establishment","Aged 55 to 59 years","Male",12
"E06000039","Slough","Lives in a communal establishment","Aged 60 to 64 years","Male",13
"E06000039","Slough","Lives in a communal establishment","Aged 65 years","Male",6
"E06000039","Slough","Lives in a communal establishment","Aged 66 to 69 years","Male",16
"E06000039","Slough","Lives in a communal establishment","Aged 70 to 74 years","Male",15
"E06000039","Slough","Lives in a communal establishment","Aged 75 to 79 years","Male",27
"E06000039","Slough","Lives in a communal establishment","Aged 80 to 84 years","Male",21
"E06000039","Slough","Lives in a communal establishment","Aged 85 years and over","Male",31
"E06000040","Windsor and Maidenhead","Lives in a communal establishment","Total","Male",2521
"E06000040","Windsor and Maidenhead","Lives in a communal establishment","Aged 2 years and under","Male",10
"E06000040","Windsor and Maidenhead","Lives in a communal establishment","Aged 3 to 4 years","Male",3
"E06000040","Windsor and Maidenhead","Lives in a communal establishment","Aged 5 to 7 years","Male",14
"E06000040","Windsor and Maidenhead","Lives in a communal establishment","Aged 8 to 9 years","Male",24
"E06000040","Windsor and Maidenhead","Lives in a communal establishment","Aged 10 to 14 years","Male",523
"E06000040","Windsor and Maidenhead","Lives in a communal establishment","Aged 15 years","Male",252
"E06000040","Windsor and Maidenhead","Lives in a communal establishment","Aged 16 to 17 years","Male",555
"E06000040","Windsor and Maidenhead","Lives in a communal establishment","Aged 18 to 19 years","Male",258
"E06000040","Windsor and Maidenhead","Lives in a communal establishment","Aged 20 to 24 years","Male",169
"E06000040","Windsor and Maidenhead","Lives in a communal establishment","Aged 25 to 29 years","Male",138
"E06000040","Windsor and Maidenhead","Lives in a communal establishment","Aged 30 to 34 years","Male",65
"E06000040","Windsor and Maidenhead","Lives in a communal establishment","Aged 35 to 39 years","Male",37
"E06000040","Windsor and Maidenhead","Lives in a communal establishment","Aged 40 to 44 years","Male",40
"E06000040","Windsor and Maidenhead","Lives in a communal establishment","Aged 45 to 49 years","Male",36
"E06000040","Windsor and Maidenhead","Lives in a communal establishment","Aged 50 to 54 years","Male",41
"E06000040","Windsor and Maidenhead","Lives in a communal establishment","Aged 55 to 59 years","Male",31
"E06000040","Windsor and Maidenhead","Lives in a communal establishment","Aged 60 to 64 years","Male",27
"E06000040","Windsor and Maidenhead","Lives in a communal establishment","Aged 65 years","Male",2
"E06000040","Windsor and Maidenhead","Lives in a communal establishment","Aged 66 to 69 years","Male",26
"E06000040","Windsor and Maidenhead","Lives in a communal establishment","Aged 70 to 74 years","Male",37
"E06000040","Windsor and Maidenhead","Lives in a communal establishment","Aged 75 to 79 years","Male",45
"E06000040","Windsor and Maidenhead","Lives in a communal establishment","Aged 80 to 84 years","Male",62
"E06000040","Windsor and Maidenhead","Lives in a communal establishment","Aged 85 years and over","Male",126
"E06000041","Wokingham","Lives in a communal establishment","Total","Male",1219
"E06000041","Wokingham","Lives in a communal establishment","Aged 2 years and under","Male",3
"E06000041","Wokingham","Lives in a communal establishment","Aged 3 to 4 years","Male",0
"E06000041","Wokingham","Lives in a communal establishment","Aged 5 to 7 years","Male",3
"E06000041","Wokingham","Lives in a communal establishment","Aged 8 to 9 years","Male",39
"E06000041","Wokingham","Lives in a communal establishment","Aged 10 to 14 years","Male",146
"E06000041","Wokingham","Lives in a communal establishment","Aged 15 years","Male",5
"E06000041","Wokingham","Lives in a communal establishment","Aged 16 to 17 years","Male",8
"E06000041","Wokingham","Lives in a communal establishment","Aged 18 to 19 years","Male",270
"E06000041","Wokingham","Lives in a communal establishment","Aged 20 to 24 years","Male",313
"E06000041","Wokingham","Lives in a communal establishment","Aged 25 to 29 years","Male",35
"E06000041","Wokingham","Lives in a communal establishment","Aged 30 to 34 years","Male",22
"E06000041","Wokingham","Lives in a communal establishment","Aged 35 to 39 years","Male",13
"E06000041","Wokingham","Lives in a communal establishment","Aged 40 to 44 years","Male",12
"E06000041","Wokingham","Lives in a communal establishment","Aged 45 to 49 years","Male",24
"E06000041","Wokingham","Lives in a communal establishment","Aged 50 to 54 years","Male",32
"E06000041","Wokingham","Lives in a communal establishment","Aged 55 to 59 years","Male",28
"E06000041","Wokingham","Lives in a communal establishment","Aged 60 to 64 years","Male",29
"E06000041","Wokingham","Lives in a communal establishment","Aged 65 years","Male",2
"E06000041","Wokingham","Lives in a communal establishment","Aged 66 to 69 years","Male",20
"E06000041","Wokingham","Lives in a communal establishment","Aged 70 to 74 years","Male",30
"E06000041","Wokingham","Lives in a communal establishment","Aged 75 to 79 years","Male",38
"E06000041","Wokingham","Lives in a communal establishment","Aged 80 to 84 years","Male",32
"E06000041","Wokingham","Lives in a communal establishment","Aged 85 years and over","Male",115
"E06000042","Milton Keynes","Lives in a communal establishment","Total","Male",1129
"E06000042","Milton Keynes","Lives in a communal establishment","Aged 2 years and under","Male",0
"E06000042","Milton Keynes","Lives in a communal establishment","Aged 3 to 4 years","Male",1
"E06000042","Milton Keynes","Lives in a communal establishment","Aged 5 to 7 years","Male",1
"E06000042","Milton Keynes","Lives in a communal establishment","Aged 8 to 9 years","Male",0
"E06000042","Milton Keynes","Lives in a communal establishment","Aged 10 to 14 years","Male",1
"E06000042","Milton Keynes","Lives in a communal establishment","Aged 15 years","Male",11
"E06000042","Milton Keynes","Lives in a communal establishment","Aged 16 to 17 years","Male",20
"E06000042","Milton Keynes","Lives in a communal establishment","Aged 18 to 19 years","Male",14
"E06000042","Milton Keynes","Lives in a communal establishment","Aged 20 to 24 years","Male",119
"E06000042","Milton Keynes","Lives in a communal establishment","Aged 25 to 29 years","Male",158
"E06000042","Milton Keynes","Lives in a communal establishment","Aged 30 to 34 years","Male",127
"E06000042","Milton Keynes","Lives in a communal establishment","Aged 35 to 39 years","Male",104
"E06000042","Milton Keynes","Lives in a communal establishment","Aged 40 to 44 years","Male",79
"E06000042","Milton Keynes","Lives in a communal establishment","Aged 45 to 49 years","Male",61
"E06000042","Milton Keynes","Lives in a communal establishment","Aged 50 to 54 years","Male",78
"E06000042","Milton Keynes","Lives in a communal establishment","Aged 55 to 59 years","Male",45
"E06000042","Milton Keynes","Lives in a communal establishment","Aged 60 to 64 years","Male",47
"E06000042","Milton Keynes","Lives in a communal establishment","Aged 65 years","Male",5
"E06000042","Milton Keynes","Lives in a communal establishment","Aged 66 to 69 years","Male",25
"E06000042","Milton Keynes","Lives in a communal establishment","Aged 70 to 74 years","Male",42
"E06000042","Milton Keynes","Lives in a communal establishment","Aged 75 to 79 years","Male",42
"E06000042","Milton Keynes","Lives in a communal establishment","Aged 80 to 84 years","Male",51
"E06000042","Milton Keynes","Lives in a communal establishment","Aged 85 years and over","Male",98
"E06000043","Brighton and Hove","Lives in a communal establishment","Total","Male",3598
"E06000043","Brighton and Hove","Lives in a communal establishment","Aged 2 years and under","Male",2
"E06000043","Brighton and Hove","Lives in a communal establishment","Aged 3 to 4 years","Male",1
"E06000043","Brighton and Hove","Lives in a communal establishment","Aged 5 to 7 years","Male",3
"E06000043","Brighton and Hove","Lives in a communal establishment","Aged 8 to 9 years","Male",1
"E06000043","Brighton and Hove","Lives in a communal establishment","Aged 10 to 14 years","Male",54
"E06000043","Brighton and Hove","Lives in a communal establishment","Aged 15 years","Male",31
"E06000043","Brighton and Hove","Lives in a communal establishment","Aged 16 to 17 years","Male",95
"E06000043","Brighton and Hove","Lives in a communal establishment","Aged 18 to 19 years","Male",1411
"E06000043","Brighton and Hove","Lives in a communal establishment","Aged 20 to 24 years","Male",917
"E06000043","Brighton and Hove","Lives in a communal establishment","Aged 25 to 29 years","Male",158
"E06000043","Brighton and Hove","Lives in a communal establishment","Aged 30 to 34 years","Male",102
"E06000043","Brighton and Hove","Lives in a communal establishment","Aged 35 to 39 years","Male",87
"E06000043","Brighton and Hove","Lives in a communal establishment","Aged 40 to 44 years","Male",62
"E06000043","Brighton and Hove","Lives in a communal establishment","Aged 45 to 49 years","Male",57
"E06000043","Brighton and Hove","Lives in a communal establishment","Aged 50 to 54 years","Male",66
"E06000043","Brighton and Hove","Lives in a communal establishment","Aged 55 to 59 years","Male",83
"E06000043","Brighton and Hove","Lives in a communal establishment","Aged 60 to 64 years","Male",58
"E06000043","Brighton and Hove","Lives in a communal establishment","Aged 65 years","Male",7
"E06000043","Brighton and Hove","Lives in a communal establishment","Aged 66 to 69 years","Male",41
"E06000043","Brighton and Hove","Lives in a communal establishment","Aged 70 to 74 years","Male",66
"E06000043","Brighton and Hove","Lives in a communal establishment","Aged 75 to 79 years","Male",67
"E06000043","Brighton and Hove","Lives in a communal establishment","Aged 80 to 84 years","Male",62
"E06000043","Brighton and Hove","Lives in a communal establishment","Aged 85 years and over","Male",167
"E06000044","Portsmouth","Lives in a communal establishment","Total","Male",3405
"E06000044","Portsmouth","Lives in a communal establishment","Aged 2 years and under","Male",0
"E06000044","Portsmouth","Lives in a communal establishment","Aged 3 to 4 years","Male",0
"E06000044","Portsmouth","Lives in a communal establishment","Aged 5 to 7 years","Male",0
"E06000044","Portsmouth","Lives in a communal establishment","Aged 8 to 9 years","Male",0
"E06000044","Portsmouth","Lives in a communal establishment","Aged 10 to 14 years","Male",4
"E06000044","Portsmouth","Lives in a communal establishment","Aged 15 years","Male",1
"E06000044","Portsmouth","Lives in a communal establishment","Aged 16 to 17 years","Male",23
"E06000044","Portsmouth","Lives in a communal establishment","Aged 18 to 19 years","Male",1812
"E06000044","Portsmouth","Lives in a communal establishment","Aged 20 to 24 years","Male",1003
"E06000044","Portsmouth","Lives in a communal establishment","Aged 25 to 29 years","Male",134
"E06000044","Portsmouth","Lives in a communal establishment","Aged 30 to 34 years","Male",32
"E06000044","Portsmouth","Lives in a communal establishment","Aged 35 to 39 years","Male",30
"E06000044","Portsmouth","Lives in a communal establishment","Aged 40 to 44 years","Male",30
"E06000044","Portsmouth","Lives in a communal establishment","Aged 45 to 49 years","Male",36
"E06000044","Portsmouth","Lives in a communal establishment","Aged 50 to 54 years","Male",27
"E06000044","Portsmouth","Lives in a communal establishment","Aged 55 to 59 years","Male",32
"E06000044","Portsmouth","Lives in a communal establishment","Aged 60 to 64 years","Male",22
"E06000044","Portsmouth","Lives in a communal establishment","Aged 65 years","Male",8
"E06000044","Portsmouth","Lives in a communal establishment","Aged 66 to 69 years","Male",29
"E06000044","Portsmouth","Lives in a communal establishment","Aged 70 to 74 years","Male",41
"E06000044","Portsmouth","Lives in a communal establishment","Aged 75 to 79 years","Male",36
"E06000044","Portsmouth","Lives in a communal establishment","Aged 80 to 84 years","Male",34
"E06000044","Portsmouth","Lives in a communal establishment","Aged 85 years and over","Male",71
"E06000045","Southampton","Lives in a communal establishment","Total","Male",5139
"E06000045","Southampton","Lives in a communal establishment","Aged 2 years and under","Male",2
"E06000045","Southampton","Lives in a communal establishment","Aged 3 to 4 years","Male",0
"E06000045","Southampton","Lives in a communal establishment","Aged 5 to 7 years","Male",1
"E06000045","Southampton","Lives in a communal establishment","Aged 8 to 9 years","Male",0
"E06000045","Southampton","Lives in a communal establishment","Aged 10 to 14 years","Male",6
"E06000045","Southampton","Lives in a communal establishment","Aged 15 years","Male",0
"E06000045","Southampton","Lives in a communal establishment","Aged 16 to 17 years","Male",21
"E06000045","Southampton","Lives in a communal establishment","Aged 18 to 19 years","Male",2206
"E06000045","Southampton","Lives in a communal establishment","Aged 20 to 24 years","Male",2011
"E06000045","Southampton","Lives in a communal establishment","Aged 25 to 29 years","Male",312
"E06000045","Southampton","Lives in a communal establishment","Aged 30 to 34 years","Male",93
"E06000045","Southampton","Lives in a communal establishment","Aged 35 to 39 years","Male",49
"E06000045","Southampton","Lives in a communal establishment","Aged 40 to 44 years","Male",34
"E06000045","Southampton","Lives in a communal establishment","Aged 45 to 49 years","Male",40
"E06000045","Southampton","Lives in a communal establishment","Aged 50 to 54 years","Male",27
"E06000045","Southampton","Lives in a communal establishment","Aged 55 to 59 years","Male",33
"E06000045","Southampton","Lives in a communal establishment","Aged 60 to 64 years","Male",23
"E06000045","Southampton","Lives in a communal establishment","Aged 65 years","Male",8
"E06000045","Southampton","Lives in a communal establishment","Aged 66 to 69 years","Male",28
"E06000045","Southampton","Lives in a communal establishment","Aged 70 to 74 years","Male",44
"E06000045","Southampton","Lives in a communal establishment","Aged 75 to 79 years","Male",50
"E06000045","Southampton","Lives in a communal establishment","Aged 80 to 84 years","Male",51
"E06000045","Southampton","Lives in a communal establishment","Aged 85 years and over","Male",100
"E06000046","Isle of Wight","Lives in a communal establishment","Total","Male",1703
"E06000046","Isle of Wight","Lives in a communal establishment","Aged 2 years and under","Male",3
"E06000046","Isle of Wight","Lives in a communal establishment","Aged 3 to 4 years","Male",0
"E06000046","Isle of Wight","Lives in a communal establishment","Aged 5 to 7 years","Male",6
"E06000046","Isle of Wight","Lives in a communal establishment","Aged 8 to 9 years","Male",4
"E06000046","Isle of Wight","Lives in a communal establishment","Aged 10 to 14 years","Male",10
"E06000046","Isle of Wight","Lives in a communal establishment","Aged 15 years","Male",8
"E06000046","Isle of Wight","Lives in a communal establishment","Aged 16 to 17 years","Male",18
"E06000046","Isle of Wight","Lives in a communal establishment","Aged 18 to 19 years","Male",28
"E06000046","Isle of Wight","Lives in a communal establishment","Aged 20 to 24 years","Male",113
"E06000046","Isle of Wight","Lives in a communal establishment","Aged 25 to 29 years","Male",129
"E06000046","Isle of Wight","Lives in a communal establishment","Aged 30 to 34 years","Male",139
"E06000046","Isle of Wight","Lives in a communal establishment","Aged 35 to 39 years","Male",134
"E06000046","Isle of Wight","Lives in a communal establishment","Aged 40 to 44 years","Male",118
"E06000046","Isle of Wight","Lives in a communal establishment","Aged 45 to 49 years","Male",107
"E06000046","Isle of Wight","Lives in a communal establishment","Aged 50 to 54 years","Male",148
"E06000046","Isle of Wight","Lives in a communal establishment","Aged 55 to 59 years","Male",135
"E06000046","Isle of Wight","Lives in a communal establishment","Aged 60 to 64 years","Male",114
"E06000046","Isle of Wight","Lives in a communal establishment","Aged 65 years","Male",23
"E06000046","Isle of Wight","Lives in a communal establishment","Aged 66 to 69 years","Male",69
"E06000046","Isle of Wight","Lives in a communal establishment","Aged 70 to 74 years","Male",95
"E06000046","Isle of Wight","Lives in a communal establishment","Aged 75 to 79 years","Male",90
"E06000046","Isle of Wight","Lives in a communal establishment","Aged 80 to 84 years","Male",81
"E06000046","Isle of Wight","Lives in a communal establishment","Aged 85 years and over","Male",131
"E06000060","Buckinghamshire","Lives in a communal establishment","Total","Male",3477
"E06000060","Buckinghamshire","Lives in a communal establishment","Aged 2 years and under","Male",2
"E06000060","Buckinghamshire","Lives in a communal establishment","Aged 3 to 4 years","Male",3
"E06000060","Buckinghamshire","Lives in a communal establishment","Aged 5 to 7 years","Male",2
"E06000060","Buckinghamshire","Lives in a communal establishment","Aged 8 to 9 years","Male",3
"E06000060","Buckinghamshire","Lives in a communal establishment","Aged 10 to 14 years","Male",230
"E06000060","Buckinghamshire","Lives in a communal establishment","Aged 15 years","Male",62
"E06000060","Buckinghamshire","Lives in a communal establishment","Aged 16 to 17 years","Male",207
"E06000060","Buckinghamshire","Lives in a communal establishment","Aged 18 to 19 years","Male",528
"E06000060","Buckinghamshire","Lives in a communal establishment","Aged 20 to 24 years","Male",536
"E06000060","Buckinghamshire","Lives in a communal establishment","Aged 25 to 29 years","Male",300
"E06000060","Buckinghamshire","Lives in a communal establishment","Aged 30 to 34 years","Male",130
"E06000060","Buckinghamshire","Lives in a communal establishment","Aged 35 to 39 years","Male",185
"E06000060","Buckinghamshire","Lives in a communal establishment","Aged 40 to 44 years","Male",158
"E06000060","Buckinghamshire","Lives in a communal establishment","Aged 45 to 49 years","Male",139
"E06000060","Buckinghamshire","Lives in a communal establishment","Aged 50 to 54 years","Male",132
"E06000060","Buckinghamshire","Lives in a communal establishment","Aged 55 to 59 years","Male",100
"E06000060","Buckinghamshire","Lives in a communal establishment","Aged 60 to 64 years","Male",65
"E06000060","Buckinghamshire","Lives in a communal establishment","Aged 65 years","Male",16
"E06000060","Buckinghamshire","Lives in a communal establishment","Aged 66 to 69 years","Male",36
"E06000060","Buckinghamshire","Lives in a communal establishment","Aged 70 to 74 years","Male",68
"E06000060","Buckinghamshire","Lives in a communal establishment","Aged 75 to 79 years","Male",92
"E06000060","Buckinghamshire","Lives in a communal establishment","Aged 80 to 84 years","Male",129
"E06000060","Buckinghamshire","Lives in a communal establishment","Aged 85 years and over","Male",354
"E07000061","Eastbourne","Lives in a communal establishment","Total","Male",858
"E07000061","Eastbourne","Lives in a communal establishment","Aged 2 years and under","Male",2
"E07000061","Eastbourne","Lives in a communal establishment","Aged 3 to 4 years","Male",0
"E07000061","Eastbourne","Lives in a communal establishment","Aged 5 to 7 years","Male",0
"E07000061","Eastbourne","Lives in a communal establishment","Aged 8 to 9 years","Male",1
"E07000061","Eastbourne","Lives in a communal establishment","Aged 10 to 14 years","Male",54
"E07000061","Eastbourne","Lives in a communal establishment","Aged 15 years","Male",27
"E07000061","Eastbourne","Lives in a communal establishment","Aged 16 to 17 years","Male",47
"E07000061","Eastbourne","Lives in a communal establishment","Aged 18 to 19 years","Male",106
"E07000061","Eastbourne","Lives in a communal establishment","Aged 20 to 24 years","Male",67
"E07000061","Eastbourne","Lives in a communal establishment","Aged 25 to 29 years","Male",30
"E07000061","Eastbourne","Lives in a communal establishment","Aged 30 to 34 years","Male",38
"E07000061","Eastbourne","Lives in a communal establishment","Aged 35 to 39 years","Male",25
"E07000061","Eastbourne","Lives in a communal establishment","Aged 40 to 44 years","Male",22
"E07000061","Eastbourne","Lives in a communal establishment","Aged 45 to 49 years","Male",37
"E07000061","Eastbourne","Lives in a communal establishment","Aged 50 to 54 years","Male",32
"E07000061","Eastbourne","Lives in a communal establishment","Aged 55 to 59 years","Male",25
"E07000061","Eastbourne","Lives in a communal establishment","Aged 60 to 64 years","Male",41
"E07000061","Eastbourne","Lives in a communal establishment","Aged 65 years","Male",10
"E07000061","Eastbourne","Lives in a communal establishment","Aged 66 to 69 years","Male",33
"E07000061","Eastbourne","Lives in a communal establishment","Aged 70 to 74 years","Male",37
"E07000061","Eastbourne","Lives in a communal establishment","Aged 75 to 79 years","Male",48
"E07000061","Eastbourne","Lives in a communal establishment","Aged 80 to 84 years","Male",46
"E07000061","Eastbourne","Lives in a communal establishment","Aged 85 years and over","Male",130
"E07000062","Hastings","Lives in a communal establishment","Total","Male",628
"E07000062","Hastings","Lives in a communal establishment","Aged 2 years and under","Male",0
"E07000062","Hastings","Lives in a communal establishment","Aged 3 to 4 years","Male",1
"E07000062","Hastings","Lives in a communal establishment","Aged 5 to 7 years","Male",0
"E07000062","Hastings","Lives in a communal establishment","Aged 8 to 9 years","Male",1
"E07000062","Hastings","Lives in a communal establishment","Aged 10 to 14 years","Male",9
"E07000062","Hastings","Lives in a communal establishment","Aged 15 years","Male",7
"E07000062","Hastings","Lives in a communal establishment","Aged 16 to 17 years","Male",29
"E07000062","Hastings","Lives in a communal establishment","Aged 18 to 19 years","Male",28
"E07000062","Hastings","Lives in a communal establishment","Aged 20 to 24 years","Male",14
"E07000062","Hastings","Lives in a communal establishment","Aged 25 to 29 years","Male",23
"E07000062","Hastings","Lives in a communal establishment","Aged 30 to 34 years","Male",21
"E07000062","Hastings","Lives in a communal establishment","Aged 35 to 39 years","Male",33
"E07000062","Hastings","Lives in a communal establishment","Aged 40 to 44 years","Male",34
"E07000062","Hastings","Lives in a communal establishment","Aged 45 to 49 years","Male",35
"E07000062","Hastings","Lives in a communal establishment","Aged 50 to 54 years","Male",32
"E07000062","Hastings","Lives in a communal establishment","Aged 55 to 59 years","Male",46
"E07000062","Hastings","Lives in a communal establishment","Aged 60 to 64 years","Male",51
"E07000062","Hastings","Lives in a communal establishment","Aged 65 years","Male",9
"E07000062","Hastings","Lives in a communal establishment","Aged 66 to 69 years","Male",34
"E07000062","Hastings","Lives in a communal establishment","Aged 70 to 74 years","Male",46
"E07000062","Hastings","Lives in a communal establishment","Aged 75 to 79 years","Male",48
"E07000062","Hastings","Lives in a communal establishment","Aged 80 to 84 years","Male",36
"E07000062","Hastings","Lives in a communal establishment","Aged 85 years and over","Male",91
"E07000063","Lewes","Lives in a communal establishment","Total","Male",750
"E07000063","Lewes","Lives in a communal establishment","Aged 2 years and under","Male",0
"E07000063","Lewes","Lives in a communal establishment","Aged 3 to 4 years","Male",0
"E07000063","Lewes","Lives in a communal establishment","Aged 5 to 7 years","Male",1
"E07000063","Lewes","Lives in a communal establishment","Aged 8 to 9 years","Male",3
"E07000063","Lewes","Lives in a communal establishment","Aged 10 to 14 years","Male",9
"E07000063","Lewes","Lives in a communal establishment","Aged 15 years","Male",2
"E07000063","Lewes","Lives in a communal establishment","Aged 16 to 17 years","Male",31
"E07000063","Lewes","Lives in a communal establishment","Aged 18 to 19 years","Male",32
"E07000063","Lewes","Lives in a communal establishment","Aged 20 to 24 years","Male",72
"E07000063","Lewes","Lives in a communal establishment","Aged 25 to 29 years","Male",67
"E07000063","Lewes","Lives in a communal establishment","Aged 30 to 34 years","Male",84
"E07000063","Lewes","Lives in a communal establishment","Aged 35 to 39 years","Male",58
"E07000063","Lewes","Lives in a communal establishment","Aged 40 to 44 years","Male",46
"E07000063","Lewes","Lives in a communal establishment","Aged 45 to 49 years","Male",34
"E07000063","Lewes","Lives in a communal establishment","Aged 50 to 54 years","Male",41
"E07000063","Lewes","Lives in a communal establishment","Aged 55 to 59 years","Male",25
"E07000063","Lewes","Lives in a communal establishment","Aged 60 to 64 years","Male",21
"E07000063","Lewes","Lives in a communal establishment","Aged 65 years","Male",7
"E07000063","Lewes","Lives in a communal establishment","Aged 66 to 69 years","Male",17
"E07000063","Lewes","Lives in a communal establishment","Aged 70 to 74 years","Male",33
"E07000063","Lewes","Lives in a communal establishment","Aged 75 to 79 years","Male",38
"E07000063","Lewes","Lives in a communal establishment","Aged 80 to 84 years","Male",41
"E07000063","Lewes","Lives in a communal establishment","Aged 85 years and over","Male",88
"E07000064","Rother","Lives in a communal establishment","Total","Male",728
"E07000064","Rother","Lives in a communal establishment","Aged 2 years and under","Male",14
"E07000064","Rother","Lives in a communal establishment","Aged 3 to 4 years","Male",5
"E07000064","Rother","Lives in a communal establishment","Aged 5 to 7 years","Male",9
"E07000064","Rother","Lives in a communal establishment","Aged 8 to 9 years","Male",9
"E07000064","Rother","Lives in a communal establishment","Aged 10 to 14 years","Male",48
"E07000064","Rother","Lives in a communal establishment","Aged 15 years","Male",14
"E07000064","Rother","Lives in a communal establishment","Aged 16 to 17 years","Male",54
"E07000064","Rother","Lives in a communal establishment","Aged 18 to 19 years","Male",32
"E07000064","Rother","Lives in a communal establishment","Aged 20 to 24 years","Male",29
"E07000064","Rother","Lives in a communal establishment","Aged 25 to 29 years","Male",24
"E07000064","Rother","Lives in a communal establishment","Aged 30 to 34 years","Male",26
"E07000064","Rother","Lives in a communal establishment","Aged 35 to 39 years","Male",19
"E07000064","Rother","Lives in a communal establishment","Aged 40 to 44 years","Male",22
"E07000064","Rother","Lives in a communal establishment","Aged 45 to 49 years","Male",27
"E07000064","Rother","Lives in a communal establishment","Aged 50 to 54 years","Male",23
"E07000064","Rother","Lives in a communal establishment","Aged 55 to 59 years","Male",47
"E07000064","Rother","Lives in a communal establishment","Aged 60 to 64 years","Male",21
"E07000064","Rother","Lives in a communal establishment","Aged 65 years","Male",6
"E07000064","Rother","Lives in a communal establishment","Aged 66 to 69 years","Male",32
"E07000064","Rother","Lives in a communal establishment","Aged 70 to 74 years","Male",50
"E07000064","Rother","Lives in a communal establishment","Aged 75 to 79 years","Male",39
"E07000064","Rother","Lives in a communal establishment","Aged 80 to 84 years","Male",36
"E07000064","Rother","Lives in a communal establishment","Aged 85 years and over","Male",142
"E07000065","Wealden","Lives in a communal establishment","Total","Male",910
"E07000065","Wealden","Lives in a communal establishment","Aged 2 years and under","Male",0
"E07000065","Wealden","Lives in a communal establishment","Aged 3 to 4 years","Male",0
"E07000065","Wealden","Lives in a communal establishment","Aged 5 to 7 years","Male",1
"E07000065","Wealden","Lives in a communal establishment","Aged 8 to 9 years","Male",2
"E07000065","Wealden","Lives in a communal establishment","Aged 10 to 14 years","Male",56
"E07000065","Wealden","Lives in a communal establishment","Aged 15 years","Male",26
"E07000065","Wealden","Lives in a communal establishment","Aged 16 to 17 years","Male",53
"E07000065","Wealden","Lives in a communal establishment","Aged 18 to 19 years","Male",20
"E07000065","Wealden","Lives in a communal establishment","Aged 20 to 24 years","Male",23
"E07000065","Wealden","Lives in a communal establishment","Aged 25 to 29 years","Male",34
"E07000065","Wealden","Lives in a communal establishment","Aged 30 to 34 years","Male",50
"E07000065","Wealden","Lives in a communal establishment","Aged 35 to 39 years","Male",33
"E07000065","Wealden","Lives in a communal establishment","Aged 40 to 44 years","Male",40
"E07000065","Wealden","Lives in a communal establishment","Aged 45 to 49 years","Male",29
"E07000065","Wealden","Lives in a communal establishment","Aged 50 to 54 years","Male",40
"E07000065","Wealden","Lives in a communal establishment","Aged 55 to 59 years","Male",68
"E07000065","Wealden","Lives in a communal establishment","Aged 60 to 64 years","Male",49
"E07000065","Wealden","Lives in a communal establishment","Aged 65 years","Male",10
"E07000065","Wealden","Lives in a communal establishment","Aged 66 to 69 years","Male",38
"E07000065","Wealden","Lives in a communal establishment","Aged 70 to 74 years","Male",48
"E07000065","Wealden","Lives in a communal establishment","Aged 75 to 79 years","Male",64
"E07000065","Wealden","Lives in a communal establishment","Aged 80 to 84 years","Male",59
"E07000065","Wealden","Lives in a communal establishment","Aged 85 years and over","Male",167
"E07000084","Basingstoke and Deane","Lives in a communal establishment","Total","Male",583
"E07000084","Basingstoke and Deane","Lives in a communal establishment","Aged 2 years and under","Male",0
"E07000084","Basingstoke and Deane","Lives in a communal establishment","Aged 3 to 4 years","Male",1
"E07000084","Basingstoke and Deane","Lives in a communal establishment","Aged 5 to 7 years","Male",0
"E07000084","Basingstoke and Deane","Lives in a communal establishment","Aged 8 to 9 years","Male",8
"E07000084","Basingstoke and Deane","Lives in a communal establishment","Aged 10 to 14 years","Male",89
"E07000084","Basingstoke and Deane","Lives in a communal establishment","Aged 15 years","Male",3
"E07000084","Basingstoke and Deane","Lives in a communal establishment","Aged 16 to 17 years","Male",21
"E07000084","Basingstoke and Deane","Lives in a communal establishment","Aged 18 to 19 years","Male",19
"E07000084","Basingstoke and Deane","Lives in a communal establishment","Aged 20 to 24 years","Male",38
"E07000084","Basingstoke and Deane","Lives in a communal establishment","Aged 25 to 29 years","Male",44
"E07000084","Basingstoke and Deane","Lives in a communal establishment","Aged 30 to 34 years","Male",33
"E07000084","Basingstoke and Deane","Lives in a communal establishment","Aged 35 to 39 years","Male",27
"E07000084","Basingstoke and Deane","Lives in a communal establishment","Aged 40 to 44 years","Male",25
"E07000084","Basingstoke and Deane","Lives in a communal establishment","Aged 45 to 49 years","Male",20
"E07000084","Basingstoke and Deane","Lives in a communal establishment","Aged 50 to 54 years","Male",9
"E07000084","Basingstoke and Deane","Lives in a communal establishment","Aged 55 to 59 years","Male",17
"E07000084","Basingstoke and Deane","Lives in a communal establishment","Aged 60 to 64 years","Male",7
"E07000084","Basingstoke and Deane","Lives in a communal establishment","Aged 65 years","Male",3
"E07000084","Basingstoke and Deane","Lives in a communal establishment","Aged 66 to 69 years","Male",20
"E07000084","Basingstoke and Deane","Lives in a communal establishment","Aged 70 to 74 years","Male",31
"E07000084","Basingstoke and Deane","Lives in a communal establishment","Aged 75 to 79 years","Male",18
"E07000084","Basingstoke and Deane","Lives in a communal establishment","Aged 80 to 84 years","Male",44
"E07000084","Basingstoke and Deane","Lives in a communal establishment","Aged 85 years and over","Male",106
"E07000085","East Hampshire","Lives in a communal establishment","Total","Male",587
"E07000085","East Hampshire","Lives in a communal establishment","Aged 2 years and under","Male",2
"E07000085","East Hampshire","Lives in a communal establishment","Aged 3 to 4 years","Male",2
"E07000085","East Hampshire","Lives in a communal establishment","Aged 5 to 7 years","Male",1
"E07000085","East Hampshire","Lives in a communal establishment","Aged 8 to 9 years","Male",3
"E07000085","East Hampshire","Lives in a communal establishment","Aged 10 to 14 years","Male",37
"E07000085","East Hampshire","Lives in a communal establishment","Aged 15 years","Male",21
"E07000085","East Hampshire","Lives in a communal establishment","Aged 16 to 17 years","Male",60
"E07000085","East Hampshire","Lives in a communal establishment","Aged 18 to 19 years","Male",41
"E07000085","East Hampshire","Lives in a communal establishment","Aged 20 to 24 years","Male",31
"E07000085","East Hampshire","Lives in a communal establishment","Aged 25 to 29 years","Male",16
"E07000085","East Hampshire","Lives in a communal establishment","Aged 30 to 34 years","Male",12
"E07000085","East Hampshire","Lives in a communal establishment","Aged 35 to 39 years","Male",19
"E07000085","East Hampshire","Lives in a communal establishment","Aged 40 to 44 years","Male",21
"E07000085","East Hampshire","Lives in a communal establishment","Aged 45 to 49 years","Male",36
"E07000085","East Hampshire","Lives in a communal establishment","Aged 50 to 54 years","Male",17
"E07000085","East Hampshire","Lives in a communal establishment","Aged 55 to 59 years","Male",19
"E07000085","East Hampshire","Lives in a communal establishment","Aged 60 to 64 years","Male",15
"E07000085","East Hampshire","Lives in a communal establishment","Aged 65 years","Male",3
"E07000085","East Hampshire","Lives in a communal establishment","Aged 66 to 69 years","Male",9
"E07000085","East Hampshire","Lives in a communal establishment","Aged 70 to 74 years","Male",21
"E07000085","East Hampshire","Lives in a communal establishment","Aged 75 to 79 years","Male",36
"E07000085","East Hampshire","Lives in a communal establishment","Aged 80 to 84 years","Male",41
"E07000085","East Hampshire","Lives in a communal establishment","Aged 85 years and over","Male",124
"E07000086","Eastleigh","Lives in a communal establishment","Total","Male",363
"E07000086","Eastleigh","Lives in a communal establishment","Aged 2 years and under","Male",0
"E07000086","Eastleigh","Lives in a communal establishment","Aged 3 to 4 years","Male",1
"E07000086","Eastleigh","Lives in a communal establishment","Aged 5 to 7 years","Male",0
"E07000086","Eastleigh","Lives in a communal establishment","Aged 8 to 9 years","Male",0
"E07000086","Eastleigh","Lives in a communal establishment","Aged 10 to 14 years","Male",2
"E07000086","Eastleigh","Lives in a communal establishment","Aged 15 years","Male",0
"E07000086","Eastleigh","Lives in a communal establishment","Aged 16 to 17 years","Male",1
"E07000086","Eastleigh","Lives in a communal establishment","Aged 18 to 19 years","Male",3
"E07000086","Eastleigh","Lives in a communal establishment","Aged 20 to 24 years","Male",18
"E07000086","Eastleigh","Lives in a communal establishment","Aged 25 to 29 years","Male",17
"E07000086","Eastleigh","Lives in a communal establishment","Aged 30 to 34 years","Male",27
"E07000086","Eastleigh","Lives in a communal establishment","Aged 35 to 39 years","Male",14
"E07000086","Eastleigh","Lives in a communal establishment","Aged 40 to 44 years","Male",17
"E07000086","Eastleigh","Lives in a communal establishment","Aged 45 to 49 years","Male",9
"E07000086","Eastleigh","Lives in a communal establishment","Aged 50 to 54 years","Male",10
"E07000086","Eastleigh","Lives in a communal establishment","Aged 55 to 59 years","Male",13
"E07000086","Eastleigh","Lives in a communal establishment","Aged 60 to 64 years","Male",12
"E07000086","Eastleigh","Lives in a communal establishment","Aged 65 years","Male",3
"E07000086","Eastleigh","Lives in a communal establishment","Aged 66 to 69 years","Male",7
"E07000086","Eastleigh","Lives in a communal establishment","Aged 70 to 74 years","Male",27
"E07000086","Eastleigh","Lives in a communal establishment","Aged 75 to 79 years","Male",30
"E07000086","Eastleigh","Lives in a communal establishment","Aged 80 to 84 years","Male",34
"E07000086","Eastleigh","Lives in a communal establishment","Aged 85 years and over","Male",118
"E07000087","Fareham","Lives in a communal establishment","Total","Male",1003
"E07000087","Fareham","Lives in a communal establishment","Aged 2 years and under","Male",0
"E07000087","Fareham","Lives in a communal establishment","Aged 3 to 4 years","Male",3
"E07000087","Fareham","Lives in a communal establishment","Aged 5 to 7 years","Male",0
"E07000087","Fareham","Lives in a communal establishment","Aged 8 to 9 years","Male",5
"E07000087","Fareham","Lives in a communal establishment","Aged 10 to 14 years","Male",28
"E07000087","Fareham","Lives in a communal establishment","Aged 15 years","Male",2
"E07000087","Fareham","Lives in a communal establishment","Aged 16 to 17 years","Male",42
"E07000087","Fareham","Lives in a communal establishment","Aged 18 to 19 years","Male",73
"E07000087","Fareham","Lives in a communal establishment","Aged 20 to 24 years","Male",321
"E07000087","Fareham","Lives in a communal establishment","Aged 25 to 29 years","Male",82
"E07000087","Fareham","Lives in a communal establishment","Aged 30 to 34 years","Male",58
"E07000087","Fareham","Lives in a communal establishment","Aged 35 to 39 years","Male",38
"E07000087","Fareham","Lives in a communal establishment","Aged 40 to 44 years","Male",14
"E07000087","Fareham","Lives in a communal establishment","Aged 45 to 49 years","Male",14
"E07000087","Fareham","Lives in a communal establishment","Aged 50 to 54 years","Male",28
"E07000087","Fareham","Lives in a communal establishment","Aged 55 to 59 years","Male",20
"E07000087","Fareham","Lives in a communal establishment","Aged 60 to 64 years","Male",25
"E07000087","Fareham","Lives in a communal establishment","Aged 65 years","Male",8
"E07000087","Fareham","Lives in a communal establishment","Aged 66 to 69 years","Male",14
"E07000087","Fareham","Lives in a communal establishment","Aged 70 to 74 years","Male",23
"E07000087","Fareham","Lives in a communal establishment","Aged 75 to 79 years","Male",42
"E07000087","Fareham","Lives in a communal establishment","Aged 80 to 84 years","Male",50
"E07000087","Fareham","Lives in a communal establishment","Aged 85 years and over","Male",113
"E07000088","Gosport","Lives in a communal establishment","Total","Male",621
"E07000088","Gosport","Lives in a communal establishment","Aged 2 years and under","Male",1
"E07000088","Gosport","Lives in a communal establishment","Aged 3 to 4 years","Male",1
"E07000088","Gosport","Lives in a communal establishment","Aged 5 to 7 years","Male",1
"E07000088","Gosport","Lives in a communal establishment","Aged 8 to 9 years","Male",0
"E07000088","Gosport","Lives in a communal establishment","Aged 10 to 14 years","Male",1
"E07000088","Gosport","Lives in a communal establishment","Aged 15 years","Male",0
"E07000088","Gosport","Lives in a communal establishment","Aged 16 to 17 years","Male",5
"E07000088","Gosport","Lives in a communal establishment","Aged 18 to 19 years","Male",40
"E07000088","Gosport","Lives in a communal establishment","Aged 20 to 24 years","Male",174
"E07000088","Gosport","Lives in a communal establishment","Aged 25 to 29 years","Male",90
"E07000088","Gosport","Lives in a communal establishment","Aged 30 to 34 years","Male",63
"E07000088","Gosport","Lives in a communal establishment","Aged 35 to 39 years","Male",25
"E07000088","Gosport","Lives in a communal establishment","Aged 40 to 44 years","Male",13
"E07000088","Gosport","Lives in a communal establishment","Aged 45 to 49 years","Male",22
"E07000088","Gosport","Lives in a communal establishment","Aged 50 to 54 years","Male",22
"E07000088","Gosport","Lives in a communal establishment","Aged 55 to 59 years","Male",14
"E07000088","Gosport","Lives in a communal establishment","Aged 60 to 64 years","Male",17
"E07000088","Gosport","Lives in a communal establishment","Aged 65 years","Male",2
"E07000088","Gosport","Lives in a communal establishment","Aged 66 to 69 years","Male",7
"E07000088","Gosport","Lives in a communal establishment","Aged 70 to 74 years","Male",20
"E07000088","Gosport","Lives in a communal establishment","Aged 75 to 79 years","Male",25
"E07000088","Gosport","Lives in a communal establishment","Aged 80 to 84 years","Male",27
"E07000088","Gosport","Lives in a communal establishment","Aged 85 years and over","Male",51
"E07000089","Hart","Lives in a communal establishment","Total","Male",1297
"E07000089","Hart","Lives in a communal establishment","Aged 2 years and under","Male",3
"E07000089","Hart","Lives in a communal establishment","Aged 3 to 4 years","Male",3
"E07000089","Hart","Lives in a communal establishment","Aged 5 to 7 years","Male",1
"E07000089","Hart","Lives in a communal establishment","Aged 8 to 9 years","Male",1
"E07000089","Hart","Lives in a communal establishment","Aged 10 to 14 years","Male",21
"E07000089","Hart","Lives in a communal establishment","Aged 15 years","Male",12
"E07000089","Hart","Lives in a communal establishment","Aged 16 to 17 years","Male",134
"E07000089","Hart","Lives in a communal establishment","Aged 18 to 19 years","Male",288
"E07000089","Hart","Lives in a communal establishment","Aged 20 to 24 years","Male",305
"E07000089","Hart","Lives in a communal establishment","Aged 25 to 29 years","Male",273
"E07000089","Hart","Lives in a communal establishment","Aged 30 to 34 years","Male",36
"E07000089","Hart","Lives in a communal establishment","Aged 35 to 39 years","Male",54
"E07000089","Hart","Lives in a communal establishment","Aged 40 to 44 years","Male",26
"E07000089","Hart","Lives in a communal establishment","Aged 45 to 49 years","Male",20
"E07000089","Hart","Lives in a communal establishment","Aged 50 to 54 years","Male",21
"E07000089","Hart","Lives in a communal establishment","Aged 55 to 59 years","Male",7
"E07000089","Hart","Lives in a communal establishment","Aged 60 to 64 years","Male",5
"E07000089","Hart","Lives in a communal establishment","Aged 65 years","Male",0
"E07000089","Hart","Lives in a communal establishment","Aged 66 to 69 years","Male",5
"E07000089","Hart","Lives in a communal establishment","Aged 70 to 74 years","Male",5
"E07000089","Hart","Lives in a communal establishment","Aged 75 to 79 years","Male",16
"E07000089","Hart","Lives in a communal establishment","Aged 80 to 84 years","Male",8
"E07000089","Hart","Lives in a communal establishment","Aged 85 years and over","Male",53
"E07000090","Havant","Lives in a communal establishment","Total","Male",461
"E07000090","Havant","Lives in a communal establishment","Aged 2 years and under","Male",0
"E07000090","Havant","Lives in a communal establishment","Aged 3 to 4 years","Male",0
"E07000090","Havant","Lives in a communal establishment","Aged 5 to 7 years","Male",0
"E07000090","Havant","Lives in a communal establishment","Aged 8 to 9 years","Male",0
"E07000090","Havant","Lives in a communal establishment","Aged 10 to 14 years","Male",11
"E07000090","Havant","Lives in a communal establishment","Aged 15 years","Male",3
"E07000090","Havant","Lives in a communal establishment","Aged 16 to 17 years","Male",1
"E07000090","Havant","Lives in a communal establishment","Aged 18 to 19 years","Male",2
"E07000090","Havant","Lives in a communal establishment","Aged 20 to 24 years","Male",10
"E07000090","Havant","Lives in a communal establishment","Aged 25 to 29 years","Male",16
"E07000090","Havant","Lives in a communal establishment","Aged 30 to 34 years","Male",11
"E07000090","Havant","Lives in a communal establishment","Aged 35 to 39 years","Male",16
"E07000090","Havant","Lives in a communal establishment","Aged 40 to 44 years","Male",20
"E07000090","Havant","Lives in a communal establishment","Aged 45 to 49 years","Male",13
"E07000090","Havant","Lives in a communal establishment","Aged 50 to 54 years","Male",24
"E07000090","Havant","Lives in a communal establishment","Aged 55 to 59 years","Male",26
"E07000090","Havant","Lives in a communal establishment","Aged 60 to 64 years","Male",22
"E07000090","Havant","Lives in a communal establishment","Aged 65 years","Male",10
"E07000090","Havant","Lives in a communal establishment","Aged 66 to 69 years","Male",23
"E07000090","Havant","Lives in a communal establishment","Aged 70 to 74 years","Male",48
"E07000090","Havant","Lives in a communal establishment","Aged 75 to 79 years","Male",58
"E07000090","Havant","Lives in a communal establishment","Aged 80 to 84 years","Male",67
"E07000090","Havant","Lives in a communal establishment","Aged 85 years and over","Male",80
"E07000091","New Forest","Lives in a communal establishment","Total","Male",912
"E07000091","New Forest","Lives in a communal establishment","Aged 2 years and under","Male",4
"E07000091","New Forest","Lives in a communal establishment","Aged 3 to 4 years","Male",2
"E07000091","New Forest","Lives in a communal establishment","Aged 5 to 7 years","Male",4
"E07000091","New Forest","Lives in a communal establishment","Aged 8 to 9 years","Male",6
"E07000091","New Forest","Lives in a communal establishment","Aged 10 to 14 years","Male",59
"E07000091","New Forest","Lives in a communal establishment","Aged 15 years","Male",14
"E07000091","New Forest","Lives in a communal establishment","Aged 16 to 17 years","Male",28
"E07000091","New Forest","Lives in a communal establishment","Aged 18 to 19 years","Male",16
"E07000091","New Forest","Lives in a communal establishment","Aged 20 to 24 years","Male",43
"E07000091","New Forest","Lives in a communal establishment","Aged 25 to 29 years","Male",49
"E07000091","New Forest","Lives in a communal establishment","Aged 30 to 34 years","Male",27
"E07000091","New Forest","Lives in a communal establishment","Aged 35 to 39 years","Male",26
"E07000091","New Forest","Lives in a communal establishment","Aged 40 to 44 years","Male",30
"E07000091","New Forest","Lives in a communal establishment","Aged 45 to 49 years","Male",30
"E07000091","New Forest","Lives in a communal establishment","Aged 50 to 54 years","Male",35
"E07000091","New Forest","Lives in a communal establishment","Aged 55 to 59 years","Male",36
"E07000091","New Forest","Lives in a communal establishment","Aged 60 to 64 years","Male",32
"E07000091","New Forest","Lives in a communal establishment","Aged 65 years","Male",7
"E07000091","New Forest","Lives in a communal establishment","Aged 66 to 69 years","Male",27
"E07000091","New Forest","Lives in a communal establishment","Aged 70 to 74 years","Male",49
"E07000091","New Forest","Lives in a communal establishment","Aged 75 to 79 years","Male",61
"E07000091","New Forest","Lives in a communal establishment","Aged 80 to 84 years","Male",85
"E07000091","New Forest","Lives in a communal establishment","Aged 85 years and over","Male",242
"E07000092","Rushmoor","Lives in a communal establishment","Total","Male",1112
"E07000092","Rushmoor","Lives in a communal establishment","Aged 2 years and under","Male",0
"E07000092","Rushmoor","Lives in a communal establishment","Aged 3 to 4 years","Male",0
"E07000092","Rushmoor","Lives in a communal establishment","Aged 5 to 7 years","Male",0
"E07000092","Rushmoor","Lives in a communal establishment","Aged 8 to 9 years","Male",0
"E07000092","Rushmoor","Lives in a communal establishment","Aged 10 to 14 years","Male",0
"E07000092","Rushmoor","Lives in a communal establishment","Aged 15 years","Male",0
"E07000092","Rushmoor","Lives in a communal establishment","Aged 16 to 17 years","Male",4
"E07000092","Rushmoor","Lives in a communal establishment","Aged 18 to 19 years","Male",216
"E07000092","Rushmoor","Lives in a communal establishment","Aged 20 to 24 years","Male",256
"E07000092","Rushmoor","Lives in a communal establishment","Aged 25 to 29 years","Male",327
"E07000092","Rushmoor","Lives in a communal establishment","Aged 30 to 34 years","Male",59
"E07000092","Rushmoor","Lives in a communal establishment","Aged 35 to 39 years","Male",45
"E07000092","Rushmoor","Lives in a communal establishment","Aged 40 to 44 years","Male",16
"E07000092","Rushmoor","Lives in a communal establishment","Aged 45 to 49 years","Male",17
"E07000092","Rushmoor","Lives in a communal establishment","Aged 50 to 54 years","Male",9
"E07000092","Rushmoor","Lives in a communal establishment","Aged 55 to 59 years","Male",8
"E07000092","Rushmoor","Lives in a communal establishment","Aged 60 to 64 years","Male",13
"E07000092","Rushmoor","Lives in a communal establishment","Aged 65 years","Male",2
"E07000092","Rushmoor","Lives in a communal establishment","Aged 66 to 69 years","Male",8
"E07000092","Rushmoor","Lives in a communal establishment","Aged 70 to 74 years","Male",21
"E07000092","Rushmoor","Lives in a communal establishment","Aged 75 to 79 years","Male",27
"E07000092","Rushmoor","Lives in a communal establishment","Aged 80 to 84 years","Male",29
"E07000092","Rushmoor","Lives in a communal establishment","Aged 85 years and over","Male",55
"E07000093","Test Valley","Lives in a communal establishment","Total","Male",840
"E07000093","Test Valley","Lives in a communal establishment","Aged 2 years and under","Male",0
"E07000093","Test Valley","Lives in a communal establishment","Aged 3 to 4 years","Male",0
"E07000093","Test Valley","Lives in a communal establishment","Aged 5 to 7 years","Male",1
"E07000093","Test Valley","Lives in a communal establishment","Aged 8 to 9 years","Male",10
"E07000093","Test Valley","Lives in a communal establishment","Aged 10 to 14 years","Male",68
"E07000093","Test Valley","Lives in a communal establishment","Aged 15 years","Male",9
"E07000093","Test Valley","Lives in a communal establishment","Aged 16 to 17 years","Male",20
"E07000093","Test Valley","Lives in a communal establishment","Aged 18 to 19 years","Male",17
"E07000093","Test Valley","Lives in a communal establishment","Aged 20 to 24 years","Male",49
"E07000093","Test Valley","Lives in a communal establishment","Aged 25 to 29 years","Male",97
"E07000093","Test Valley","Lives in a communal establishment","Aged 30 to 34 years","Male",65
"E07000093","Test Valley","Lives in a communal establishment","Aged 35 to 39 years","Male",70
"E07000093","Test Valley","Lives in a communal establishment","Aged 40 to 44 years","Male",63
"E07000093","Test Valley","Lives in a communal establishment","Aged 45 to 49 years","Male",75
"E07000093","Test Valley","Lives in a communal establishment","Aged 50 to 54 years","Male",42
"E07000093","Test Valley","Lives in a communal establishment","Aged 55 to 59 years","Male",32
"E07000093","Test Valley","Lives in a communal establishment","Aged 60 to 64 years","Male",18
"E07000093","Test Valley","Lives in a communal establishment","Aged 65 years","Male",1
"E07000093","Test Valley","Lives in a communal establishment","Aged 66 to 69 years","Male",13
"E07000093","Test Valley","Lives in a communal establishment","Aged 70 to 74 years","Male",22
"E07000093","Test Valley","Lives in a communal establishment","Aged 75 to 79 years","Male",38
"E07000093","Test Valley","Lives in a communal establishment","Aged 80 to 84 years","Male",35
"E07000093","Test Valley","Lives in a communal establishment","Aged 85 years and over","Male",95
"E07000094","Winchester","Lives in a communal establishment","Total","Male",3125
"E07000094","Winchester","Lives in a communal establishment","Aged 2 years and under","Male",3
"E07000094","Winchester","Lives in a communal establishment","Aged 3 to 4 years","Male",4
"E07000094","Winchester","Lives in a communal establishment","Aged 5 to 7 years","Male",4
"E07000094","Winchester","Lives in a communal establishment","Aged 8 to 9 years","Male",7
"E07000094","Winchester","Lives in a communal establishment","Aged 10 to 14 years","Male",273
"E07000094","Winchester","Lives in a communal establishment","Aged 15 years","Male",155
"E07000094","Winchester","Lives in a communal establishment","Aged 16 to 17 years","Male",331
"E07000094","Winchester","Lives in a communal establishment","Aged 18 to 19 years","Male",947
"E07000094","Winchester","Lives in a communal establishment","Aged 20 to 24 years","Male",291
"E07000094","Winchester","Lives in a communal establishment","Aged 25 to 29 years","Male",357
"E07000094","Winchester","Lives in a communal establishment","Aged 30 to 34 years","Male",124
"E07000094","Winchester","Lives in a communal establishment","Aged 35 to 39 years","Male",120
"E07000094","Winchester","Lives in a communal establishment","Aged 40 to 44 years","Male",62
"E07000094","Winchester","Lives in a communal establishment","Aged 45 to 49 years","Male",52
"E07000094","Winchester","Lives in a communal establishment","Aged 50 to 54 years","Male",57
"E07000094","Winchester","Lives in a communal establishment","Aged 55 to 59 years","Male",49
"E07000094","Winchester","Lives in a communal establishment","Aged 60 to 64 years","Male",31
"E07000094","Winchester","Lives in a communal establishment","Aged 65 years","Male",5
"E07000094","Winchester","Lives in a communal establishment","Aged 66 to 69 years","Male",16
"E07000094","Winchester","Lives in a communal establishment","Aged 70 to 74 years","Male",33
"E07000094","Winchester","Lives in a communal establishment","Aged 75 to 79 years","Male",40
"E07000094","Winchester","Lives in a communal establishment","Aged 80 to 84 years","Male",40
"E07000094","Winchester","Lives in a communal establishment","Aged 85 years and over","Male",124
"E07000105","Ashford","Lives in a communal establishment","Total","Male",430
"E07000105","Ashford","Lives in a communal establishment","Aged 2 years and under","Male",0
"E07000105","Ashford","Lives in a communal establishment","Aged 3 to 4 years","Male",0
"E07000105","Ashford","Lives in a communal establishment","Aged 5 to 7 years","Male",6
"E07000105","Ashford","Lives in a communal establishment","Aged 8 to 9 years","Male",2
"E07000105","Ashford","Lives in a communal establishment","Aged 10 to 14 years","Male",23
"E07000105","Ashford","Lives in a communal establishment","Aged 15 years","Male",6
"E07000105","Ashford","Lives in a communal establishment","Aged 16 to 17 years","Male",45
"E07000105","Ashford","Lives in a communal establishment","Aged 18 to 19 years","Male",7
"E07000105","Ashford","Lives in a communal establishment","Aged 20 to 24 years","Male",15
"E07000105","Ashford","Lives in a communal establishment","Aged 25 to 29 years","Male",14
"E07000105","Ashford","Lives in a communal establishment","Aged 30 to 34 years","Male",22
"E07000105","Ashford","Lives in a communal establishment","Aged 35 to 39 years","Male",20
"E07000105","Ashford","Lives in a communal establishment","Aged 40 to 44 years","Male",24
"E07000105","Ashford","Lives in a communal establishment","Aged 45 to 49 years","Male",17
"E07000105","Ashford","Lives in a communal establishment","Aged 50 to 54 years","Male",22
"E07000105","Ashford","Lives in a communal establishment","Aged 55 to 59 years","Male",28
"E07000105","Ashford","Lives in a communal establishment","Aged 60 to 64 years","Male",15
"E07000105","Ashford","Lives in a communal establishment","Aged 65 years","Male",1
"E07000105","Ashford","Lives in a communal establishment","Aged 66 to 69 years","Male",19
"E07000105","Ashford","Lives in a communal establishment","Aged 70 to 74 years","Male",24
"E07000105","Ashford","Lives in a communal establishment","Aged 75 to 79 years","Male",26
"E07000105","Ashford","Lives in a communal establishment","Aged 80 to 84 years","Male",32
"E07000105","Ashford","Lives in a communal establishment","Aged 85 years and over","Male",62
"E07000106","Canterbury","Lives in a communal establishment","Total","Male",4148
"E07000106","Canterbury","Lives in a communal establishment","Aged 2 years and under","Male",9
"E07000106","Canterbury","Lives in a communal establishment","Aged 3 to 4 years","Male",4
"E07000106","Canterbury","Lives in a communal establishment","Aged 5 to 7 years","Male",3
"E07000106","Canterbury","Lives in a communal establishment","Aged 8 to 9 years","Male",5
"E07000106","Canterbury","Lives in a communal establishment","Aged 10 to 14 years","Male",171
"E07000106","Canterbury","Lives in a communal establishment","Aged 15 years","Male",45
"E07000106","Canterbury","Lives in a communal establishment","Aged 16 to 17 years","Male",174
"E07000106","Canterbury","Lives in a communal establishment","Aged 18 to 19 years","Male",1701
"E07000106","Canterbury","Lives in a communal establishment","Aged 20 to 24 years","Male",1260
"E07000106","Canterbury","Lives in a communal establishment","Aged 25 to 29 years","Male",151
"E07000106","Canterbury","Lives in a communal establishment","Aged 30 to 34 years","Male",51
"E07000106","Canterbury","Lives in a communal establishment","Aged 35 to 39 years","Male",60
"E07000106","Canterbury","Lives in a communal establishment","Aged 40 to 44 years","Male",43
"E07000106","Canterbury","Lives in a communal establishment","Aged 45 to 49 years","Male",35
"E07000106","Canterbury","Lives in a communal establishment","Aged 50 to 54 years","Male",35
"E07000106","Canterbury","Lives in a communal establishment","Aged 55 to 59 years","Male",58
"E07000106","Canterbury","Lives in a communal establishment","Aged 60 to 64 years","Male",57
"E07000106","Canterbury","Lives in a communal establishment","Aged 65 years","Male",7
"E07000106","Canterbury","Lives in a communal establishment","Aged 66 to 69 years","Male",27
"E07000106","Canterbury","Lives in a communal establishment","Aged 70 to 74 years","Male",59
"E07000106","Canterbury","Lives in a communal establishment","Aged 75 to 79 years","Male",37
"E07000106","Canterbury","Lives in a communal establishment","Aged 80 to 84 years","Male",59
"E07000106","Canterbury","Lives in a communal establishment","Aged 85 years and over","Male",97
"E07000107","Dartford","Lives in a communal establishment","Total","Male",305
"E07000107","Dartford","Lives in a communal establishment","Aged 2 years and under","Male",3
"E07000107","Dartford","Lives in a communal establishment","Aged 3 to 4 years","Male",1
"E07000107","Dartford","Lives in a communal establishment","Aged 5 to 7 years","Male",0
"E07000107","Dartford","Lives in a communal establishment","Aged 8 to 9 years","Male",0
"E07000107","Dartford","Lives in a communal establishment","Aged 10 to 14 years","Male",2
"E07000107","Dartford","Lives in a communal establishment","Aged 15 years","Male",0
"E07000107","Dartford","Lives in a communal establishment","Aged 16 to 17 years","Male",4
"E07000107","Dartford","Lives in a communal establishment","Aged 18 to 19 years","Male",7
"E07000107","Dartford","Lives in a communal establishment","Aged 20 to 24 years","Male",15
"E07000107","Dartford","Lives in a communal establishment","Aged 25 to 29 years","Male",20
"E07000107","Dartford","Lives in a communal establishment","Aged 30 to 34 years","Male",20
"E07000107","Dartford","Lives in a communal establishment","Aged 35 to 39 years","Male",25
"E07000107","Dartford","Lives in a communal establishment","Aged 40 to 44 years","Male",8
"E07000107","Dartford","Lives in a communal establishment","Aged 45 to 49 years","Male",17
"E07000107","Dartford","Lives in a communal establishment","Aged 50 to 54 years","Male",14
"E07000107","Dartford","Lives in a communal establishment","Aged 55 to 59 years","Male",22
"E07000107","Dartford","Lives in a communal establishment","Aged 60 to 64 years","Male",15
"E07000107","Dartford","Lives in a communal establishment","Aged 65 years","Male",1
"E07000107","Dartford","Lives in a communal establishment","Aged 66 to 69 years","Male",9
"E07000107","Dartford","Lives in a communal establishment","Aged 70 to 74 years","Male",18
"E07000107","Dartford","Lives in a communal establishment","Aged 75 to 79 years","Male",15
"E07000107","Dartford","Lives in a communal establishment","Aged 80 to 84 years","Male",36
"E07000107","Dartford","Lives in a communal establishment","Aged 85 years and over","Male",53
"E07000108","Dover","Lives in a communal establishment","Total","Male",944
"E07000108","Dover","Lives in a communal establishment","Aged 2 years and under","Male",18
"E07000108","Dover","Lives in a communal establishment","Aged 3 to 4 years","Male",7
"E07000108","Dover","Lives in a communal establishment","Aged 5 to 7 years","Male",13
"E07000108","Dover","Lives in a communal establishment","Aged 8 to 9 years","Male",8
"E07000108","Dover","Lives in a communal establishment","Aged 10 to 14 years","Male",128
"E07000108","Dover","Lives in a communal establishment","Aged 15 years","Male",39
"E07000108","Dover","Lives in a communal establishment","Aged 16 to 17 years","Male",88
"E07000108","Dover","Lives in a communal establishment","Aged 18 to 19 years","Male",34
"E07000108","Dover","Lives in a communal establishment","Aged 20 to 24 years","Male",29
"E07000108","Dover","Lives in a communal establishment","Aged 25 to 29 years","Male",43
"E07000108","Dover","Lives in a communal establishment","Aged 30 to 34 years","Male",26
"E07000108","Dover","Lives in a communal establishment","Aged 35 to 39 years","Male",33
"E07000108","Dover","Lives in a communal establishment","Aged 40 to 44 years","Male",33
"E07000108","Dover","Lives in a communal establishment","Aged 45 to 49 years","Male",38
"E07000108","Dover","Lives in a communal establishment","Aged 50 to 54 years","Male",41
"E07000108","Dover","Lives in a communal establishment","Aged 55 to 59 years","Male",47
"E07000108","Dover","Lives in a communal establishment","Aged 60 to 64 years","Male",50
"E07000108","Dover","Lives in a communal establishment","Aged 65 years","Male",6
"E07000108","Dover","Lives in a communal establishment","Aged 66 to 69 years","Male",26
"E07000108","Dover","Lives in a communal establishment","Aged 70 to 74 years","Male",45
"E07000108","Dover","Lives in a communal establishment","Aged 75 to 79 years","Male",56
"E07000108","Dover","Lives in a communal establishment","Aged 80 to 84 years","Male",47
"E07000108","Dover","Lives in a communal establishment","Aged 85 years and over","Male",89
"E07000109","Gravesham","Lives in a communal establishment","Total","Male",211
"E07000109","Gravesham","Lives in a communal establishment","Aged 2 years and under","Male",0
"E07000109","Gravesham","Lives in a communal establishment","Aged 3 to 4 years","Male",0
"E07000109","Gravesham","Lives in a communal establishment","Aged 5 to 7 years","Male",1
"E07000109","Gravesham","Lives in a communal establishment","Aged 8 to 9 years","Male",0
"E07000109","Gravesham","Lives in a communal establishment","Aged 10 to 14 years","Male",4
"E07000109","Gravesham","Lives in a communal establishment","Aged 15 years","Male",0
"E07000109","Gravesham","Lives in a communal establishment","Aged 16 to 17 years","Male",4
"E07000109","Gravesham","Lives in a communal establishment","Aged 18 to 19 years","Male",1
"E07000109","Gravesham","Lives in a communal establishment","Aged 20 to 24 years","Male",3
"E07000109","Gravesham","Lives in a communal establishment","Aged 25 to 29 years","Male",5
"E07000109","Gravesham","Lives in a communal establishment","Aged 30 to 34 years","Male",9
"E07000109","Gravesham","Lives in a communal establishment","Aged 35 to 39 years","Male",10
"E07000109","Gravesham","Lives in a communal establishment","Aged 40 to 44 years","Male",12
"E07000109","Gravesham","Lives in a communal establishment","Aged 45 to 49 years","Male",7
"E07000109","Gravesham","Lives in a communal establishment","Aged 50 to 54 years","Male",12
"E07000109","Gravesham","Lives in a communal establishment","Aged 55 to 59 years","Male",26
"E07000109","Gravesham","Lives in a communal establishment","Aged 60 to 64 years","Male",14
"E07000109","Gravesham","Lives in a communal establishment","Aged 65 years","Male",3
"E07000109","Gravesham","Lives in a communal establishment","Aged 66 to 69 years","Male",8
"E07000109","Gravesham","Lives in a communal establishment","Aged 70 to 74 years","Male",16
"E07000109","Gravesham","Lives in a communal establishment","Aged 75 to 79 years","Male",20
"E07000109","Gravesham","Lives in a communal establishment","Aged 80 to 84 years","Male",27
"E07000109","Gravesham","Lives in a communal establishment","Aged 85 years and over","Male",29
"E07000110","Maidstone","Lives in a communal establishment","Total","Male",1411
"E07000110","Maidstone","Lives in a communal establishment","Aged 2 years and under","Male",0
"E07000110","Maidstone","Lives in a communal establishment","Aged 3 to 4 years","Male",1
"E07000110","Maidstone","Lives in a communal establishment","Aged 5 to 7 years","Male",2
"E07000110","Maidstone","Lives in a communal establishment","Aged 8 to 9 years","Male",3
"E07000110","Maidstone","Lives in a communal establishment","Aged 10 to 14 years","Male",6
"E07000110","Maidstone","Lives in a communal establishment","Aged 15 years","Male",2
"E07000110","Maidstone","Lives in a communal establishment","Aged 16 to 17 years","Male",21
"E07000110","Maidstone","Lives in a communal establishment","Aged 18 to 19 years","Male",16
"E07000110","Maidstone","Lives in a communal establishment","Aged 20 to 24 years","Male",305
"E07000110","Maidstone","Lives in a communal establishment","Aged 25 to 29 years","Male",272
"E07000110","Maidstone","Lives in a communal establishment","Aged 30 to 34 years","Male",136
"E07000110","Maidstone","Lives in a communal establishment","Aged 35 to 39 years","Male",127
"E07000110","Maidstone","Lives in a communal establishment","Aged 40 to 44 years","Male",88
"E07000110","Maidstone","Lives in a communal establishment","Aged 45 to 49 years","Male",56
"E07000110","Maidstone","Lives in a communal establishment","Aged 50 to 54 years","Male",37
"E07000110","Maidstone","Lives in a communal establishment","Aged 55 to 59 years","Male",31
"E07000110","Maidstone","Lives in a communal establishment","Aged 60 to 64 years","Male",29
"E07000110","Maidstone","Lives in a communal establishment","Aged 65 years","Male",12
"E07000110","Maidstone","Lives in a communal establishment","Aged 66 to 69 years","Male",17
"E07000110","Maidstone","Lives in a communal establishment","Aged 70 to 74 years","Male",34
"E07000110","Maidstone","Lives in a communal establishment","Aged 75 to 79 years","Male",34
"E07000110","Maidstone","Lives in a communal establishment","Aged 80 to 84 years","Male",45
"E07000110","Maidstone","Lives in a communal establishment","Aged 85 years and over","Male",137
"E07000111","Sevenoaks","Lives in a communal establishment","Total","Male",432
"E07000111","Sevenoaks","Lives in a communal establishment","Aged 2 years and under","Male",4
"E07000111","Sevenoaks","Lives in a communal establishment","Aged 3 to 4 years","Male",1
"E07000111","Sevenoaks","Lives in a communal establishment","Aged 5 to 7 years","Male",2
"E07000111","Sevenoaks","Lives in a communal establishment","Aged 8 to 9 years","Male",1
"E07000111","Sevenoaks","Lives in a communal establishment","Aged 10 to 14 years","Male",49
"E07000111","Sevenoaks","Lives in a communal establishment","Aged 15 years","Male",31
"E07000111","Sevenoaks","Lives in a communal establishment","Aged 16 to 17 years","Male",82
"E07000111","Sevenoaks","Lives in a communal establishment","Aged 18 to 19 years","Male",35
"E07000111","Sevenoaks","Lives in a communal establishment","Aged 20 to 24 years","Male",1
"E07000111","Sevenoaks","Lives in a communal establishment","Aged 25 to 29 years","Male",3
"E07000111","Sevenoaks","Lives in a communal establishment","Aged 30 to 34 years","Male",6
"E07000111","Sevenoaks","Lives in a communal establishment","Aged 35 to 39 years","Male",10
"E07000111","Sevenoaks","Lives in a communal establishment","Aged 40 to 44 years","Male",5
"E07000111","Sevenoaks","Lives in a communal establishment","Aged 45 to 49 years","Male",8
"E07000111","Sevenoaks","Lives in a communal establishment","Aged 50 to 54 years","Male",2
"E07000111","Sevenoaks","Lives in a communal establishment","Aged 55 to 59 years","Male",13
"E07000111","Sevenoaks","Lives in a communal establishment","Aged 60 to 64 years","Male",7
"E07000111","Sevenoaks","Lives in a communal establishment","Aged 65 years","Male",2
"E07000111","Sevenoaks","Lives in a communal establishment","Aged 66 to 69 years","Male",9
"E07000111","Sevenoaks","Lives in a communal establishment","Aged 70 to 74 years","Male",22
"E07000111","Sevenoaks","Lives in a communal establishment","Aged 75 to 79 years","Male",23
"E07000111","Sevenoaks","Lives in a communal establishment","Aged 80 to 84 years","Male",29
"E07000111","Sevenoaks","Lives in a communal establishment","Aged 85 years and over","Male",87
"E07000112","Folkestone and Hythe","Lives in a communal establishment","Total","Male",1046
"E07000112","Folkestone and Hythe","Lives in a communal establishment","Aged 2 years and under","Male",0
"E07000112","Folkestone and Hythe","Lives in a communal establishment","Aged 3 to 4 years","Male",1
"E07000112","Folkestone and Hythe","Lives in a communal establishment","Aged 5 to 7 years","Male",2
"E07000112","Folkestone and Hythe","Lives in a communal establishment","Aged 8 to 9 years","Male",1
"E07000112","Folkestone and Hythe","Lives in a communal establishment","Aged 10 to 14 years","Male",4
"E07000112","Folkestone and Hythe","Lives in a communal establishment","Aged 15 years","Male",2
"E07000112","Folkestone and Hythe","Lives in a communal establishment","Aged 16 to 17 years","Male",11
"E07000112","Folkestone and Hythe","Lives in a communal establishment","Aged 18 to 19 years","Male",29
"E07000112","Folkestone and Hythe","Lives in a communal establishment","Aged 20 to 24 years","Male",320
"E07000112","Folkestone and Hythe","Lives in a communal establishment","Aged 25 to 29 years","Male",104
"E07000112","Folkestone and Hythe","Lives in a communal establishment","Aged 30 to 34 years","Male",51
"E07000112","Folkestone and Hythe","Lives in a communal establishment","Aged 35 to 39 years","Male",31
"E07000112","Folkestone and Hythe","Lives in a communal establishment","Aged 40 to 44 years","Male",48
"E07000112","Folkestone and Hythe","Lives in a communal establishment","Aged 45 to 49 years","Male",30
"E07000112","Folkestone and Hythe","Lives in a communal establishment","Aged 50 to 54 years","Male",41
"E07000112","Folkestone and Hythe","Lives in a communal establishment","Aged 55 to 59 years","Male",43
"E07000112","Folkestone and Hythe","Lives in a communal establishment","Aged 60 to 64 years","Male",55
"E07000112","Folkestone and Hythe","Lives in a communal establishment","Aged 65 years","Male",8
"E07000112","Folkestone and Hythe","Lives in a communal establishment","Aged 66 to 69 years","Male",28
"E07000112","Folkestone and Hythe","Lives in a communal establishment","Aged 70 to 74 years","Male",44
"E07000112","Folkestone and Hythe","Lives in a communal establishment","Aged 75 to 79 years","Male",46
"E07000112","Folkestone and Hythe","Lives in a communal establishment","Aged 80 to 84 years","Male",48
"E07000112","Folkestone and Hythe","Lives in a communal establishment","Aged 85 years and over","Male",99
"E07000113","Swale","Lives in a communal establishment","Total","Male",2502
"E07000113","Swale","Lives in a communal establishment","Aged 2 years and under","Male",0
"E07000113","Swale","Lives in a communal establishment","Aged 3 to 4 years","Male",0
"E07000113","Swale","Lives in a communal establishment","Aged 5 to 7 years","Male",0
"E07000113","Swale","Lives in a communal establishment","Aged 8 to 9 years","Male",1
"E07000113","Swale","Lives in a communal establishment","Aged 10 to 14 years","Male",0
"E07000113","Swale","Lives in a communal establishment","Aged 15 years","Male",1
"E07000113","Swale","Lives in a communal establishment","Aged 16 to 17 years","Male",2
"E07000113","Swale","Lives in a communal establishment","Aged 18 to 19 years","Male",27
"E07000113","Swale","Lives in a communal establishment","Aged 20 to 24 years","Male",244
"E07000113","Swale","Lives in a communal establishment","Aged 25 to 29 years","Male",429
"E07000113","Swale","Lives in a communal establishment","Aged 30 to 34 years","Male",435
"E07000113","Swale","Lives in a communal establishment","Aged 35 to 39 years","Male",316
"E07000113","Swale","Lives in a communal establishment","Aged 40 to 44 years","Male",254
"E07000113","Swale","Lives in a communal establishment","Aged 45 to 49 years","Male",184
"E07000113","Swale","Lives in a communal establishment","Aged 50 to 54 years","Male",167
"E07000113","Swale","Lives in a communal establishment","Aged 55 to 59 years","Male",118
"E07000113","Swale","Lives in a communal establishment","Aged 60 to 64 years","Male",78
"E07000113","Swale","Lives in a communal establishment","Aged 65 years","Male",13
"E07000113","Swale","Lives in a communal establishment","Aged 66 to 69 years","Male",39
"E07000113","Swale","Lives in a communal establishment","Aged 70 to 74 years","Male",40
"E07000113","Swale","Lives in a communal establishment","Aged 75 to 79 years","Male",35
"E07000113","Swale","Lives in a communal establishment","Aged 80 to 84 years","Male",42
"E07000113","Swale","Lives in a communal establishment","Aged 85 years and over","Male",77
"E07000114","Thanet","Lives in a communal establishment","Total","Male",747
"E07000114","Thanet","Lives in a communal establishment","Aged 2 years and under","Male",3
"E07000114","Thanet","Lives in a communal establishment","Aged 3 to 4 years","Male",2
"E07000114","Thanet","Lives in a communal establishment","Aged 5 to 7 years","Male",3
"E07000114","Thanet","Lives in a communal establishment","Aged 8 to 9 years","Male",15
"E07000114","Thanet","Lives in a communal establishment","Aged 10 to 14 years","Male",60
"E07000114","Thanet","Lives in a communal establishment","Aged 15 years","Male",24
"E07000114","Thanet","Lives in a communal establishment","Aged 16 to 17 years","Male",60
"E07000114","Thanet","Lives in a communal establishment","Aged 18 to 19 years","Male",16
"E07000114","Thanet","Lives in a communal establishment","Aged 20 to 24 years","Male",13
"E07000114","Thanet","Lives in a communal establishment","Aged 25 to 29 years","Male",16
"E07000114","Thanet","Lives in a communal establishment","Aged 30 to 34 years","Male",25
"E07000114","Thanet","Lives in a communal establishment","Aged 35 to 39 years","Male",26
"E07000114","Thanet","Lives in a communal establishment","Aged 40 to 44 years","Male",21
"E07000114","Thanet","Lives in a communal establishment","Aged 45 to 49 years","Male",20
"E07000114","Thanet","Lives in a communal establishment","Aged 50 to 54 years","Male",26
"E07000114","Thanet","Lives in a communal establishment","Aged 55 to 59 years","Male",27
"E07000114","Thanet","Lives in a communal establishment","Aged 60 to 64 years","Male",46
"E07000114","Thanet","Lives in a communal establishment","Aged 65 years","Male",7
"E07000114","Thanet","Lives in a communal establishment","Aged 66 to 69 years","Male",39
"E07000114","Thanet","Lives in a communal establishment","Aged 70 to 74 years","Male",63
"E07000114","Thanet","Lives in a communal establishment","Aged 75 to 79 years","Male",65
"E07000114","Thanet","Lives in a communal establishment","Aged 80 to 84 years","Male",57
"E07000114","Thanet","Lives in a communal establishment","Aged 85 years and over","Male",113
"E07000115","Tonbridge and Malling","Lives in a communal establishment","Total","Male",636
"E07000115","Tonbridge and Malling","Lives in a communal establishment","Aged 2 years and under","Male",2
"E07000115","Tonbridge and Malling","Lives in a communal establishment","Aged 3 to 4 years","Male",1
"E07000115","Tonbridge and Malling","Lives in a communal establishment","Aged 5 to 7 years","Male",1
"E07000115","Tonbridge and Malling","Lives in a communal establishment","Aged 8 to 9 years","Male",1
"E07000115","Tonbridge and Malling","Lives in a communal establishment","Aged 10 to 14 years","Male",107
"E07000115","Tonbridge and Malling","Lives in a communal establishment","Aged 15 years","Male",70
"E07000115","Tonbridge and Malling","Lives in a communal establishment","Aged 16 to 17 years","Male",181
"E07000115","Tonbridge and Malling","Lives in a communal establishment","Aged 18 to 19 years","Male",69
"E07000115","Tonbridge and Malling","Lives in a communal establishment","Aged 20 to 24 years","Male",13
"E07000115","Tonbridge and Malling","Lives in a communal establishment","Aged 25 to 29 years","Male",3
"E07000115","Tonbridge and Malling","Lives in a communal establishment","Aged 30 to 34 years","Male",13
"E07000115","Tonbridge and Malling","Lives in a communal establishment","Aged 35 to 39 years","Male",4
"E07000115","Tonbridge and Malling","Lives in a communal establishment","Aged 40 to 44 years","Male",9
"E07000115","Tonbridge and Malling","Lives in a communal establishment","Aged 45 to 49 years","Male",12
"E07000115","Tonbridge and Malling","Lives in a communal establishment","Aged 50 to 54 years","Male",14
"E07000115","Tonbridge and Malling","Lives in a communal establishment","Aged 55 to 59 years","Male",21
"E07000115","Tonbridge and Malling","Lives in a communal establishment","Aged 60 to 64 years","Male",9
"E07000115","Tonbridge and Malling","Lives in a communal establishment","Aged 65 years","Male",3
"E07000115","Tonbridge and Malling","Lives in a communal establishment","Aged 66 to 69 years","Male",10
"E07000115","Tonbridge and Malling","Lives in a communal establishment","Aged 70 to 74 years","Male",20
"E07000115","Tonbridge and Malling","Lives in a communal establishment","Aged 75 to 79 years","Male",13
"E07000115","Tonbridge and Malling","Lives in a communal establishment","Aged 80 to 84 years","Male",16
"E07000115","Tonbridge and Malling","Lives in a communal establishment","Aged 85 years and over","Male",44
"E07000116","Tunbridge Wells","Lives in a communal establishment","Total","Male",650
"E07000116","Tunbridge Wells","Lives in a communal establishment","Aged 2 years and under","Male",5
"E07000116","Tunbridge Wells","Lives in a communal establishment","Aged 3 to 4 years","Male",5
"E07000116","Tunbridge Wells","Lives in a communal establishment","Aged 5 to 7 years","Male",4
"E07000116","Tunbridge Wells","Lives in a communal establishment","Aged 8 to 9 years","Male",2
"E07000116","Tunbridge Wells","Lives in a communal establishment","Aged 10 to 14 years","Male",81
"E07000116","Tunbridge Wells","Lives in a communal establishment","Aged 15 years","Male",18
"E07000116","Tunbridge Wells","Lives in a communal establishment","Aged 16 to 17 years","Male",66
"E07000116","Tunbridge Wells","Lives in a communal establishment","Aged 18 to 19 years","Male",33
"E07000116","Tunbridge Wells","Lives in a communal establishment","Aged 20 to 24 years","Male",17
"E07000116","Tunbridge Wells","Lives in a communal establishment","Aged 25 to 29 years","Male",18
"E07000116","Tunbridge Wells","Lives in a communal establishment","Aged 30 to 34 years","Male",25
"E07000116","Tunbridge Wells","Lives in a communal establishment","Aged 35 to 39 years","Male",18
"E07000116","Tunbridge Wells","Lives in a communal establishment","Aged 40 to 44 years","Male",22
"E07000116","Tunbridge Wells","Lives in a communal establishment","Aged 45 to 49 years","Male",39
"E07000116","Tunbridge Wells","Lives in a communal establishment","Aged 50 to 54 years","Male",26
"E07000116","Tunbridge Wells","Lives in a communal establishment","Aged 55 to 59 years","Male",25
"E07000116","Tunbridge Wells","Lives in a communal establishment","Aged 60 to 64 years","Male",25
"E07000116","Tunbridge Wells","Lives in a communal establishment","Aged 65 years","Male",3
"E07000116","Tunbridge Wells","Lives in a communal establishment","Aged 66 to 69 years","Male",15
"E07000116","Tunbridge Wells","Lives in a communal establishment","Aged 70 to 74 years","Male",15
"E07000116","Tunbridge Wells","Lives in a communal establishment","Aged 75 to 79 years","Male",28
"E07000116","Tunbridge Wells","Lives in a communal establishment","Aged 80 to 84 years","Male",33
"E07000116","Tunbridge Wells","Lives in a communal establishment","Aged 85 years and over","Male",127
"E07000177","Cherwell","Lives in a communal establishment","Total","Male",1260
"E07000177","Cherwell","Lives in a communal establishment","Aged 2 years and under","Male",1
"E07000177","Cherwell","Lives in a communal establishment","Aged 3 to 4 years","Male",0
"E07000177","Cherwell","Lives in a communal establishment","Aged 5 to 7 years","Male",2
"E07000177","Cherwell","Lives in a communal establishment","Aged 8 to 9 years","Male",12
"E07000177","Cherwell","Lives in a communal establishment","Aged 10 to 14 years","Male",107
"E07000177","Cherwell","Lives in a communal establishment","Aged 15 years","Male",16
"E07000177","Cherwell","Lives in a communal establishment","Aged 16 to 17 years","Male",57
"E07000177","Cherwell","Lives in a communal establishment","Aged 18 to 19 years","Male",62
"E07000177","Cherwell","Lives in a communal establishment","Aged 20 to 24 years","Male",163
"E07000177","Cherwell","Lives in a communal establishment","Aged 25 to 29 years","Male",130
"E07000177","Cherwell","Lives in a communal establishment","Aged 30 to 34 years","Male",138
"E07000177","Cherwell","Lives in a communal establishment","Aged 35 to 39 years","Male",91
"E07000177","Cherwell","Lives in a communal establishment","Aged 40 to 44 years","Male",83
"E07000177","Cherwell","Lives in a communal establishment","Aged 45 to 49 years","Male",64
"E07000177","Cherwell","Lives in a communal establishment","Aged 50 to 54 years","Male",31
"E07000177","Cherwell","Lives in a communal establishment","Aged 55 to 59 years","Male",32
"E07000177","Cherwell","Lives in a communal establishment","Aged 60 to 64 years","Male",22
"E07000177","Cherwell","Lives in a communal establishment","Aged 65 years","Male",6
"E07000177","Cherwell","Lives in a communal establishment","Aged 66 to 69 years","Male",18
"E07000177","Cherwell","Lives in a communal establishment","Aged 70 to 74 years","Male",33
"E07000177","Cherwell","Lives in a communal establishment","Aged 75 to 79 years","Male",44
"E07000177","Cherwell","Lives in a communal establishment","Aged 80 to 84 years","Male",36
"E07000177","Cherwell","Lives in a communal establishment","Aged 85 years and over","Male",112
"E07000178","Oxford","Lives in a communal establishment","Total","Male",10419
"E07000178","Oxford","Lives in a communal establishment","Aged 2 years and under","Male",11
"E07000178","Oxford","Lives in a communal establishment","Aged 3 to 4 years","Male",15
"E07000178","Oxford","Lives in a communal establishment","Aged 5 to 7 years","Male",6
"E07000178","Oxford","Lives in a communal establishment","Aged 8 to 9 years","Male",33
"E07000178","Oxford","Lives in a communal establishment","Aged 10 to 14 years","Male",337
"E07000178","Oxford","Lives in a communal establishment","Aged 15 years","Male",94
"E07000178","Oxford","Lives in a communal establishment","Aged 16 to 17 years","Male",201
"E07000178","Oxford","Lives in a communal establishment","Aged 18 to 19 years","Male",3526
"E07000178","Oxford","Lives in a communal establishment","Aged 20 to 24 years","Male",4212
"E07000178","Oxford","Lives in a communal establishment","Aged 25 to 29 years","Male",957
"E07000178","Oxford","Lives in a communal establishment","Aged 30 to 34 years","Male",409
"E07000178","Oxford","Lives in a communal establishment","Aged 35 to 39 years","Male",140
"E07000178","Oxford","Lives in a communal establishment","Aged 40 to 44 years","Male",71
"E07000178","Oxford","Lives in a communal establishment","Aged 45 to 49 years","Male",49
"E07000178","Oxford","Lives in a communal establishment","Aged 50 to 54 years","Male",56
"E07000178","Oxford","Lives in a communal establishment","Aged 55 to 59 years","Male",51
"E07000178","Oxford","Lives in a communal establishment","Aged 60 to 64 years","Male",41
"E07000178","Oxford","Lives in a communal establishment","Aged 65 years","Male",11
"E07000178","Oxford","Lives in a communal establishment","Aged 66 to 69 years","Male",23
"E07000178","Oxford","Lives in a communal establishment","Aged 70 to 74 years","Male",28
"E07000178","Oxford","Lives in a communal establishment","Aged 75 to 79 years","Male",24
"E07000178","Oxford","Lives in a communal establishment","Aged 80 to 84 years","Male",43
"E07000178","Oxford","Lives in a communal establishment","Aged 85 years and over","Male",81
"E07000179","South Oxfordshire","Lives in a communal establishment","Total","Male",1512
"E07000179","South Oxfordshire","Lives in a communal establishment","Aged 2 years and under","Male",3
"E07000179","South Oxfordshire","Lives in a communal establishment","Aged 3 to 4 years","Male",5
"E07000179","South Oxfordshire","Lives in a communal establishment","Aged 5 to 7 years","Male",3
"E07000179","South Oxfordshire","Lives in a communal establishment","Aged 8 to 9 years","Male",4
"E07000179","South Oxfordshire","Lives in a communal establishment","Aged 10 to 14 years","Male",75
"E07000179","South Oxfordshire","Lives in a communal establishment","Aged 15 years","Male",12
"E07000179","South Oxfordshire","Lives in a communal establishment","Aged 16 to 17 years","Male",76
"E07000179","South Oxfordshire","Lives in a communal establishment","Aged 18 to 19 years","Male",104
"E07000179","South Oxfordshire","Lives in a communal establishment","Aged 20 to 24 years","Male",212
"E07000179","South Oxfordshire","Lives in a communal establishment","Aged 25 to 29 years","Male",280
"E07000179","South Oxfordshire","Lives in a communal establishment","Aged 30 to 34 years","Male",158
"E07000179","South Oxfordshire","Lives in a communal establishment","Aged 35 to 39 years","Male",91
"E07000179","South Oxfordshire","Lives in a communal establishment","Aged 40 to 44 years","Male",123
"E07000179","South Oxfordshire","Lives in a communal establishment","Aged 45 to 49 years","Male",54
"E07000179","South Oxfordshire","Lives in a communal establishment","Aged 50 to 54 years","Male",39
"E07000179","South Oxfordshire","Lives in a communal establishment","Aged 55 to 59 years","Male",30
"E07000179","South Oxfordshire","Lives in a communal establishment","Aged 60 to 64 years","Male",29
"E07000179","South Oxfordshire","Lives in a communal establishment","Aged 65 years","Male",1
"E07000179","South Oxfordshire","Lives in a communal establishment","Aged 66 to 69 years","Male",13
"E07000179","South Oxfordshire","Lives in a communal establishment","Aged 70 to 74 years","Male",24
"E07000179","South Oxfordshire","Lives in a communal establishment","Aged 75 to 79 years","Male",30
"E07000179","South Oxfordshire","Lives in a communal establishment","Aged 80 to 84 years","Male",51
"E07000179","South Oxfordshire","Lives in a communal establishment","Aged 85 years and over","Male",95
"E07000180","Vale of White Horse","Lives in a communal establishment","Total","Male",2068
"E07000180","Vale of White Horse","Lives in a communal establishment","Aged 2 years and under","Male",1
"E07000180","Vale of White Horse","Lives in a communal establishment","Aged 3 to 4 years","Male",3
"E07000180","Vale of White Horse","Lives in a communal establishment","Aged 5 to 7 years","Male",4
"E07000180","Vale of White Horse","Lives in a communal establishment","Aged 8 to 9 years","Male",40
"E07000180","Vale of White Horse","Lives in a communal establishment","Aged 10 to 14 years","Male",393
"E07000180","Vale of White Horse","Lives in a communal establishment","Aged 15 years","Male",170
"E07000180","Vale of White Horse","Lives in a communal establishment","Aged 16 to 17 years","Male",305
"E07000180","Vale of White Horse","Lives in a communal establishment","Aged 18 to 19 years","Male",219
"E07000180","Vale of White Horse","Lives in a communal establishment","Aged 20 to 24 years","Male",254
"E07000180","Vale of White Horse","Lives in a communal establishment","Aged 25 to 29 years","Male",208
"E07000180","Vale of White Horse","Lives in a communal establishment","Aged 30 to 34 years","Male",80
"E07000180","Vale of White Horse","Lives in a communal establishment","Aged 35 to 39 years","Male",66
"E07000180","Vale of White Horse","Lives in a communal establishment","Aged 40 to 44 years","Male",31
"E07000180","Vale of White Horse","Lives in a communal establishment","Aged 45 to 49 years","Male",35
"E07000180","Vale of White Horse","Lives in a communal establishment","Aged 50 to 54 years","Male",11
"E07000180","Vale of White Horse","Lives in a communal establishment","Aged 55 to 59 years","Male",15
"E07000180","Vale of White Horse","Lives in a communal establishment","Aged 60 to 64 years","Male",8
"E07000180","Vale of White Horse","Lives in a communal establishment","Aged 65 years","Male",1
"E07000180","Vale of White Horse","Lives in a communal establishment","Aged 66 to 69 years","Male",9
"E07000180","Vale of White Horse","Lives in a communal establishment","Aged 70 to 74 years","Male",22
"E07000180","Vale of White Horse","Lives in a communal establishment","Aged 75 to 79 years","Male",39
"E07000180","Vale of White Horse","Lives in a communal establishment","Aged 80 to 84 years","Male",39
"E07000180","Vale of White Horse","Lives in a communal establishment","Aged 85 years and over","Male",115
"E07000181","West Oxfordshire","Lives in a communal establishment","Total","Male",1529
"E07000181","West Oxfordshire","Lives in a communal establishment","Aged 2 years and under","Male",3
"E07000181","West Oxfordshire","Lives in a communal establishment","Aged 3 to 4 years","Male",2
"E07000181","West Oxfordshire","Lives in a communal establishment","Aged 5 to 7 years","Male",4
"E07000181","West Oxfordshire","Lives in a communal establishment","Aged 8 to 9 years","Male",13
"E07000181","West Oxfordshire","Lives in a communal establishment","Aged 10 to 14 years","Male",66
"E07000181","West Oxfordshire","Lives in a communal establishment","Aged 15 years","Male",13
"E07000181","West Oxfordshire","Lives in a communal establishment","Aged 16 to 17 years","Male",47
"E07000181","West Oxfordshire","Lives in a communal establishment","Aged 18 to 19 years","Male",85
"E07000181","West Oxfordshire","Lives in a communal establishment","Aged 20 to 24 years","Male",376
"E07000181","West Oxfordshire","Lives in a communal establishment","Aged 25 to 29 years","Male",354
"E07000181","West Oxfordshire","Lives in a communal establishment","Aged 30 to 34 years","Male",92
"E07000181","West Oxfordshire","Lives in a communal establishment","Aged 35 to 39 years","Male",70
"E07000181","West Oxfordshire","Lives in a communal establishment","Aged 40 to 44 years","Male",66
"E07000181","West Oxfordshire","Lives in a communal establishment","Aged 45 to 49 years","Male",37
"E07000181","West Oxfordshire","Lives in a communal establishment","Aged 50 to 54 years","Male",30
"E07000181","West Oxfordshire","Lives in a communal establishment","Aged 55 to 59 years","Male",20
"E07000181","West Oxfordshire","Lives in a communal establishment","Aged 60 to 64 years","Male",6
"E07000181","West Oxfordshire","Lives in a communal establishment","Aged 65 years","Male",3
"E07000181","West Oxfordshire","Lives in a communal establishment","Aged 66 to 69 years","Male",13
"E07000181","West Oxfordshire","Lives in a communal establishment","Aged 70 to 74 years","Male",23
"E07000181","West Oxfordshire","Lives in a communal establishment","Aged 75 to 79 years","Male",28
"E07000181","West Oxfordshire","Lives in a communal establishment","Aged 80 to 84 years","Male",54
"E07000181","West Oxfordshire","Lives in a communal establishment","Aged 85 years and over","Male",124
"E07000207","Elmbridge","Lives in a communal establishment","Total","Male",607
"E07000207","Elmbridge","Lives in a communal establishment","Aged 2 years and under","Male",0
"E07000207","Elmbridge","Lives in a communal establishment","Aged 3 to 4 years","Male",4
"E07000207","Elmbridge","Lives in a communal establishment","Aged 5 to 7 years","Male",2
"E07000207","Elmbridge","Lives in a communal establishment","Aged 8 to 9 years","Male",3
"E07000207","Elmbridge","Lives in a communal establishment","Aged 10 to 14 years","Male",45
"E07000207","Elmbridge","Lives in a communal establishment","Aged 15 years","Male",23
"E07000207","Elmbridge","Lives in a communal establishment","Aged 16 to 17 years","Male",85
"E07000207","Elmbridge","Lives in a communal establishment","Aged 18 to 19 years","Male",28
"E07000207","Elmbridge","Lives in a communal establishment","Aged 20 to 24 years","Male",9
"E07000207","Elmbridge","Lives in a communal establishment","Aged 25 to 29 years","Male",3
"E07000207","Elmbridge","Lives in a communal establishment","Aged 30 to 34 years","Male",14
"E07000207","Elmbridge","Lives in a communal establishment","Aged 35 to 39 years","Male",13
"E07000207","Elmbridge","Lives in a communal establishment","Aged 40 to 44 years","Male",17
"E07000207","Elmbridge","Lives in a communal establishment","Aged 45 to 49 years","Male",21
"E07000207","Elmbridge","Lives in a communal establishment","Aged 50 to 54 years","Male",25
"E07000207","Elmbridge","Lives in a communal establishment","Aged 55 to 59 years","Male",31
"E07000207","Elmbridge","Lives in a communal establishment","Aged 60 to 64 years","Male",26
"E07000207","Elmbridge","Lives in a communal establishment","Aged 65 years","Male",3
"E07000207","Elmbridge","Lives in a communal establishment","Aged 66 to 69 years","Male",9
"E07000207","Elmbridge","Lives in a communal establishment","Aged 70 to 74 years","Male",34
"E07000207","Elmbridge","Lives in a communal establishment","Aged 75 to 79 years","Male",44
"E07000207","Elmbridge","Lives in a communal establishment","Aged 80 to 84 years","Male",41
"E07000207","Elmbridge","Lives in a communal establishment","Aged 85 years and over","Male",127
"E07000208","Epsom and Ewell","Lives in a communal establishment","Total","Male",403
"E07000208","Epsom and Ewell","Lives in a communal establishment","Aged 2 years and under","Male",3
"E07000208","Epsom and Ewell","Lives in a communal establishment","Aged 3 to 4 years","Male",2
"E07000208","Epsom and Ewell","Lives in a communal establishment","Aged 5 to 7 years","Male",3
"E07000208","Epsom and Ewell","Lives in a communal establishment","Aged 8 to 9 years","Male",0
"E07000208","Epsom and Ewell","Lives in a communal establishment","Aged 10 to 14 years","Male",39
"E07000208","Epsom and Ewell","Lives in a communal establishment","Aged 15 years","Male",26
"E07000208","Epsom and Ewell","Lives in a communal establishment","Aged 16 to 17 years","Male",67
"E07000208","Epsom and Ewell","Lives in a communal establishment","Aged 18 to 19 years","Male",37
"E07000208","Epsom and Ewell","Lives in a communal establishment","Aged 20 to 24 years","Male",31
"E07000208","Epsom and Ewell","Lives in a communal establishment","Aged 25 to 29 years","Male",18
"E07000208","Epsom and Ewell","Lives in a communal establishment","Aged 30 to 34 years","Male",13
"E07000208","Epsom and Ewell","Lives in a communal establishment","Aged 35 to 39 years","Male",11
"E07000208","Epsom and Ewell","Lives in a communal establishment","Aged 40 to 44 years","Male",8
"E07000208","Epsom and Ewell","Lives in a communal establishment","Aged 45 to 49 years","Male",8
"E07000208","Epsom and Ewell","Lives in a communal establishment","Aged 50 to 54 years","Male",21
"E07000208","Epsom and Ewell","Lives in a communal establishment","Aged 55 to 59 years","Male",15
"E07000208","Epsom and Ewell","Lives in a communal establishment","Aged 60 to 64 years","Male",13
"E07000208","Epsom and Ewell","Lives in a communal establishment","Aged 65 years","Male",3
"E07000208","Epsom and Ewell","Lives in a communal establishment","Aged 66 to 69 years","Male",17
"E07000208","Epsom and Ewell","Lives in a communal establishment","Aged 70 to 74 years","Male",10
"E07000208","Epsom and Ewell","Lives in a communal establishment","Aged 75 to 79 years","Male",9
"E07000208","Epsom and Ewell","Lives in a communal establishment","Aged 80 to 84 years","Male",21
"E07000208","Epsom and Ewell","Lives in a communal establishment","Aged 85 years and over","Male",28
"E07000209","Guildford","Lives in a communal establishment","Total","Male",4391
"E07000209","Guildford","Lives in a communal establishment","Aged 2 years and under","Male",5
"E07000209","Guildford","Lives in a communal establishment","Aged 3 to 4 years","Male",1
"E07000209","Guildford","Lives in a communal establishment","Aged 5 to 7 years","Male",8
"E07000209","Guildford","Lives in a communal establishment","Aged 8 to 9 years","Male",2
"E07000209","Guildford","Lives in a communal establishment","Aged 10 to 14 years","Male",16
"E07000209","Guildford","Lives in a communal establishment","Aged 15 years","Male",0
"E07000209","Guildford","Lives in a communal establishment","Aged 16 to 17 years","Male",211
"E07000209","Guildford","Lives in a communal establishment","Aged 18 to 19 years","Male",1518
"E07000209","Guildford","Lives in a communal establishment","Aged 20 to 24 years","Male",1594
"E07000209","Guildford","Lives in a communal establishment","Aged 25 to 29 years","Male",504
"E07000209","Guildford","Lives in a communal establishment","Aged 30 to 34 years","Male",149
"E07000209","Guildford","Lives in a communal establishment","Aged 35 to 39 years","Male",80
"E07000209","Guildford","Lives in a communal establishment","Aged 40 to 44 years","Male",34
"E07000209","Guildford","Lives in a communal establishment","Aged 45 to 49 years","Male",36
"E07000209","Guildford","Lives in a communal establishment","Aged 50 to 54 years","Male",22
"E07000209","Guildford","Lives in a communal establishment","Aged 55 to 59 years","Male",18
"E07000209","Guildford","Lives in a communal establishment","Aged 60 to 64 years","Male",16
"E07000209","Guildford","Lives in a communal establishment","Aged 65 years","Male",2
"E07000209","Guildford","Lives in a communal establishment","Aged 66 to 69 years","Male",9
"E07000209","Guildford","Lives in a communal establishment","Aged 70 to 74 years","Male",20
"E07000209","Guildford","Lives in a communal establishment","Aged 75 to 79 years","Male",30
"E07000209","Guildford","Lives in a communal establishment","Aged 80 to 84 years","Male",20
"E07000209","Guildford","Lives in a communal establishment","Aged 85 years and over","Male",96
"E07000210","Mole Valley","Lives in a communal establishment","Total","Male",566
"E07000210","Mole Valley","Lives in a communal establishment","Aged 2 years and under","Male",1
"E07000210","Mole Valley","Lives in a communal establishment","Aged 3 to 4 years","Male",0
"E07000210","Mole Valley","Lives in a communal establishment","Aged 5 to 7 years","Male",0
"E07000210","Mole Valley","Lives in a communal establishment","Aged 8 to 9 years","Male",2
"E07000210","Mole Valley","Lives in a communal establishment","Aged 10 to 14 years","Male",43
"E07000210","Mole Valley","Lives in a communal establishment","Aged 15 years","Male",16
"E07000210","Mole Valley","Lives in a communal establishment","Aged 16 to 17 years","Male",46
"E07000210","Mole Valley","Lives in a communal establishment","Aged 18 to 19 years","Male",43
"E07000210","Mole Valley","Lives in a communal establishment","Aged 20 to 24 years","Male",22
"E07000210","Mole Valley","Lives in a communal establishment","Aged 25 to 29 years","Male",44
"E07000210","Mole Valley","Lives in a communal establishment","Aged 30 to 34 years","Male",35
"E07000210","Mole Valley","Lives in a communal establishment","Aged 35 to 39 years","Male",24
"E07000210","Mole Valley","Lives in a communal establishment","Aged 40 to 44 years","Male",19
"E07000210","Mole Valley","Lives in a communal establishment","Aged 45 to 49 years","Male",17
"E07000210","Mole Valley","Lives in a communal establishment","Aged 50 to 54 years","Male",22
"E07000210","Mole Valley","Lives in a communal establishment","Aged 55 to 59 years","Male",16
"E07000210","Mole Valley","Lives in a communal establishment","Aged 60 to 64 years","Male",17
"E07000210","Mole Valley","Lives in a communal establishment","Aged 65 years","Male",3
"E07000210","Mole Valley","Lives in a communal establishment","Aged 66 to 69 years","Male",17
"E07000210","Mole Valley","Lives in a communal establishment","Aged 70 to 74 years","Male",27
"E07000210","Mole Valley","Lives in a communal establishment","Aged 75 to 79 years","Male",35
"E07000210","Mole Valley","Lives in a communal establishment","Aged 80 to 84 years","Male",23
"E07000210","Mole Valley","Lives in a communal establishment","Aged 85 years and over","Male",94
"E07000211","Reigate and Banstead","Lives in a communal establishment","Total","Male",1881
"E07000211","Reigate and Banstead","Lives in a communal establishment","Aged 2 years and under","Male",3
"E07000211","Reigate and Banstead","Lives in a communal establishment","Aged 3 to 4 years","Male",1
"E07000211","Reigate and Banstead","Lives in a communal establishment","Aged 5 to 7 years","Male",3
"E07000211","Reigate and Banstead","Lives in a communal establishment","Aged 8 to 9 years","Male",3
"E07000211","Reigate and Banstead","Lives in a communal establishment","Aged 10 to 14 years","Male",93
"E07000211","Reigate and Banstead","Lives in a communal establishment","Aged 15 years","Male",29
"E07000211","Reigate and Banstead","Lives in a communal establishment","Aged 16 to 17 years","Male",59
"E07000211","Reigate and Banstead","Lives in a communal establishment","Aged 18 to 19 years","Male",27
"E07000211","Reigate and Banstead","Lives in a communal establishment","Aged 20 to 24 years","Male",155
"E07000211","Reigate and Banstead","Lives in a communal establishment","Aged 25 to 29 years","Male",266
"E07000211","Reigate and Banstead","Lives in a communal establishment","Aged 30 to 34 years","Male",236
"E07000211","Reigate and Banstead","Lives in a communal establishment","Aged 35 to 39 years","Male",176
"E07000211","Reigate and Banstead","Lives in a communal establishment","Aged 40 to 44 years","Male",143
"E07000211","Reigate and Banstead","Lives in a communal establishment","Aged 45 to 49 years","Male",97
"E07000211","Reigate and Banstead","Lives in a communal establishment","Aged 50 to 54 years","Male",90
"E07000211","Reigate and Banstead","Lives in a communal establishment","Aged 55 to 59 years","Male",78
"E07000211","Reigate and Banstead","Lives in a communal establishment","Aged 60 to 64 years","Male",66
"E07000211","Reigate and Banstead","Lives in a communal establishment","Aged 65 years","Male",9
"E07000211","Reigate and Banstead","Lives in a communal establishment","Aged 66 to 69 years","Male",34
"E07000211","Reigate and Banstead","Lives in a communal establishment","Aged 70 to 74 years","Male",51
"E07000211","Reigate and Banstead","Lives in a communal establishment","Aged 75 to 79 years","Male",53
"E07000211","Reigate and Banstead","Lives in a communal establishment","Aged 80 to 84 years","Male",55
"E07000211","Reigate and Banstead","Lives in a communal establishment","Aged 85 years and over","Male",154
"E07000212","Runnymede","Lives in a communal establishment","Total","Male",1666
"E07000212","Runnymede","Lives in a communal establishment","Aged 2 years and under","Male",0
"E07000212","Runnymede","Lives in a communal establishment","Aged 3 to 4 years","Male",0
"E07000212","Runnymede","Lives in a communal establishment","Aged 5 to 7 years","Male",1
"E07000212","Runnymede","Lives in a communal establishment","Aged 8 to 9 years","Male",7
"E07000212","Runnymede","Lives in a communal establishment","Aged 10 to 14 years","Male",18
"E07000212","Runnymede","Lives in a communal establishment","Aged 15 years","Male",12
"E07000212","Runnymede","Lives in a communal establishment","Aged 16 to 17 years","Male",26
"E07000212","Runnymede","Lives in a communal establishment","Aged 18 to 19 years","Male",919
"E07000212","Runnymede","Lives in a communal establishment","Aged 20 to 24 years","Male",437
"E07000212","Runnymede","Lives in a communal establishment","Aged 25 to 29 years","Male",55
"E07000212","Runnymede","Lives in a communal establishment","Aged 30 to 34 years","Male",19
"E07000212","Runnymede","Lives in a communal establishment","Aged 35 to 39 years","Male",8
"E07000212","Runnymede","Lives in a communal establishment","Aged 40 to 44 years","Male",3
"E07000212","Runnymede","Lives in a communal establishment","Aged 45 to 49 years","Male",5
"E07000212","Runnymede","Lives in a communal establishment","Aged 50 to 54 years","Male",13
"E07000212","Runnymede","Lives in a communal establishment","Aged 55 to 59 years","Male",8
"E07000212","Runnymede","Lives in a communal establishment","Aged 60 to 64 years","Male",15
"E07000212","Runnymede","Lives in a communal establishment","Aged 65 years","Male",3
"E07000212","Runnymede","Lives in a communal establishment","Aged 66 to 69 years","Male",7
"E07000212","Runnymede","Lives in a communal establishment","Aged 70 to 74 years","Male",10
"E07000212","Runnymede","Lives in a communal establishment","Aged 75 to 79 years","Male",16
"E07000212","Runnymede","Lives in a communal establishment","Aged 80 to 84 years","Male",21
"E07000212","Runnymede","Lives in a communal establishment","Aged 85 years and over","Male",63
"E07000213","Spelthorne","Lives in a communal establishment","Total","Male",207
"E07000213","Spelthorne","Lives in a communal establishment","Aged 2 years and under","Male",0
"E07000213","Spelthorne","Lives in a communal establishment","Aged 3 to 4 years","Male",0
"E07000213","Spelthorne","Lives in a communal establishment","Aged 5 to 7 years","Male",0
"E07000213","Spelthorne","Lives in a communal establishment","Aged 8 to 9 years","Male",0
"E07000213","Spelthorne","Lives in a communal establishment","Aged 10 to 14 years","Male",1
"E07000213","Spelthorne","Lives in a communal establishment","Aged 15 years","Male",0
"E07000213","Spelthorne","Lives in a communal establishment","Aged 16 to 17 years","Male",0
"E07000213","Spelthorne","Lives in a communal establishment","Aged 18 to 19 years","Male",0
"E07000213","Spelthorne","Lives in a communal establishment","Aged 20 to 24 years","Male",8
"E07000213","Spelthorne","Lives in a communal establishment","Aged 25 to 29 years","Male",10
"E07000213","Spelthorne","Lives in a communal establishment","Aged 30 to 34 years","Male",1
"E07000213","Spelthorne","Lives in a communal establishment","Aged 35 to 39 years","Male",3
"E07000213","Spelthorne","Lives in a communal establishment","Aged 40 to 44 years","Male",2
"E07000213","Spelthorne","Lives in a communal establishment","Aged 45 to 49 years","Male",2
"E07000213","Spelthorne","Lives in a communal establishment","Aged 50 to 54 years","Male",1
"E07000213","Spelthorne","Lives in a communal establishment","Aged 55 to 59 years","Male",5
"E07000213","Spelthorne","Lives in a communal establishment","Aged 60 to 64 years","Male",5
"E07000213","Spelthorne","Lives in a communal establishment","Aged 65 years","Male",1
"E07000213","Spelthorne","Lives in a communal establishment","Aged 66 to 69 years","Male",8
"E07000213","Spelthorne","Lives in a communal establishment","Aged 70 to 74 years","Male",18
"E07000213","Spelthorne","Lives in a communal establishment","Aged 75 to 79 years","Male",28
"E07000213","Spelthorne","Lives in a communal establishment","Aged 80 to 84 years","Male",34
"E07000213","Spelthorne","Lives in a communal establishment","Aged 85 years and over","Male",80
"E07000214","Surrey Heath","Lives in a communal establishment","Total","Male",864
"E07000214","Surrey Heath","Lives in a communal establishment","Aged 2 years and under","Male",0
"E07000214","Surrey Heath","Lives in a communal establishment","Aged 3 to 4 years","Male",0
"E07000214","Surrey Heath","Lives in a communal establishment","Aged 5 to 7 years","Male",1
"E07000214","Surrey Heath","Lives in a communal establishment","Aged 8 to 9 years","Male",0
"E07000214","Surrey Heath","Lives in a communal establishment","Aged 10 to 14 years","Male",54
"E07000214","Surrey Heath","Lives in a communal establishment","Aged 15 years","Male",13
"E07000214","Surrey Heath","Lives in a communal establishment","Aged 16 to 17 years","Male",42
"E07000214","Surrey Heath","Lives in a communal establishment","Aged 18 to 19 years","Male",12
"E07000214","Surrey Heath","Lives in a communal establishment","Aged 20 to 24 years","Male",45
"E07000214","Surrey Heath","Lives in a communal establishment","Aged 25 to 29 years","Male",86
"E07000214","Surrey Heath","Lives in a communal establishment","Aged 30 to 34 years","Male",107
"E07000214","Surrey Heath","Lives in a communal establishment","Aged 35 to 39 years","Male",91
"E07000214","Surrey Heath","Lives in a communal establishment","Aged 40 to 44 years","Male",54
"E07000214","Surrey Heath","Lives in a communal establishment","Aged 45 to 49 years","Male",36
"E07000214","Surrey Heath","Lives in a communal establishment","Aged 50 to 54 years","Male",42
"E07000214","Surrey Heath","Lives in a communal establishment","Aged 55 to 59 years","Male",42
"E07000214","Surrey Heath","Lives in a communal establishment","Aged 60 to 64 years","Male",21
"E07000214","Surrey Heath","Lives in a communal establishment","Aged 65 years","Male",3
"E07000214","Surrey Heath","Lives in a communal establishment","Aged 66 to 69 years","Male",17
"E07000214","Surrey Heath","Lives in a communal establishment","Aged 70 to 74 years","Male",32
"E07000214","Surrey Heath","Lives in a communal establishment","Aged 75 to 79 years","Male",38
"E07000214","Surrey Heath","Lives in a communal establishment","Aged 80 to 84 years","Male",37
"E07000214","Surrey Heath","Lives in a communal establishment","Aged 85 years and over","Male",91
"E07000215","Tandridge","Lives in a communal establishment","Total","Male",568
"E07000215","Tandridge","Lives in a communal establishment","Aged 2 years and under","Male",1
"E07000215","Tandridge","Lives in a communal establishment","Aged 3 to 4 years","Male",1
"E07000215","Tandridge","Lives in a communal establishment","Aged 5 to 7 years","Male",0
"E07000215","Tandridge","Lives in a communal establishment","Aged 8 to 9 years","Male",1
"E07000215","Tandridge","Lives in a communal establishment","Aged 10 to 14 years","Male",42
"E07000215","Tandridge","Lives in a communal establishment","Aged 15 years","Male",21
"E07000215","Tandridge","Lives in a communal establishment","Aged 16 to 17 years","Male",41
"E07000215","Tandridge","Lives in a communal establishment","Aged 18 to 19 years","Male",29
"E07000215","Tandridge","Lives in a communal establishment","Aged 20 to 24 years","Male",49
"E07000215","Tandridge","Lives in a communal establishment","Aged 25 to 29 years","Male",18
"E07000215","Tandridge","Lives in a communal establishment","Aged 30 to 34 years","Male",19
"E07000215","Tandridge","Lives in a communal establishment","Aged 35 to 39 years","Male",23
"E07000215","Tandridge","Lives in a communal establishment","Aged 40 to 44 years","Male",17
"E07000215","Tandridge","Lives in a communal establishment","Aged 45 to 49 years","Male",13
"E07000215","Tandridge","Lives in a communal establishment","Aged 50 to 54 years","Male",34
"E07000215","Tandridge","Lives in a communal establishment","Aged 55 to 59 years","Male",29
"E07000215","Tandridge","Lives in a communal establishment","Aged 60 to 64 years","Male",28
"E07000215","Tandridge","Lives in a communal establishment","Aged 65 years","Male",5
"E07000215","Tandridge","Lives in a communal establishment","Aged 66 to 69 years","Male",22
"E07000215","Tandridge","Lives in a communal establishment","Aged 70 to 74 years","Male",19
"E07000215","Tandridge","Lives in a communal establishment","Aged 75 to 79 years","Male",24
"E07000215","Tandridge","Lives in a communal establishment","Aged 80 to 84 years","Male",37
"E07000215","Tandridge","Lives in a communal establishment","Aged 85 years and over","Male",95
"E07000216","Waverley","Lives in a communal establishment","Total","Male",1855
"E07000216","Waverley","Lives in a communal establishment","Aged 2 years and under","Male",5
"E07000216","Waverley","Lives in a communal establishment","Aged 3 to 4 years","Male",3
"E07000216","Waverley","Lives in a communal establishment","Aged 5 to 7 years","Male",15
"E07000216","Waverley","Lives in a communal establishment","Aged 8 to 9 years","Male",5
"E07000216","Waverley","Lives in a communal establishment","Aged 10 to 14 years","Male",331
"E07000216","Waverley","Lives in a communal establishment","Aged 15 years","Male",155
"E07000216","Waverley","Lives in a communal establishment","Aged 16 to 17 years","Male",420
"E07000216","Waverley","Lives in a communal establishment","Aged 18 to 19 years","Male",211
"E07000216","Waverley","Lives in a communal establishment","Aged 20 to 24 years","Male",95
"E07000216","Waverley","Lives in a communal establishment","Aged 25 to 29 years","Male",52
"E07000216","Waverley","Lives in a communal establishment","Aged 30 to 34 years","Male",43
"E07000216","Waverley","Lives in a communal establishment","Aged 35 to 39 years","Male",33
"E07000216","Waverley","Lives in a communal establishment","Aged 40 to 44 years","Male",30
"E07000216","Waverley","Lives in a communal establishment","Aged 45 to 49 years","Male",42
"E07000216","Waverley","Lives in a communal establishment","Aged 50 to 54 years","Male",50
"E07000216","Waverley","Lives in a communal establishment","Aged 55 to 59 years","Male",40
"E07000216","Waverley","Lives in a communal establishment","Aged 60 to 64 years","Male",45
"E07000216","Waverley","Lives in a communal establishment","Aged 65 years","Male",2
"E07000216","Waverley","Lives in a communal establishment","Aged 66 to 69 years","Male",25
"E07000216","Waverley","Lives in a communal establishment","Aged 70 to 74 years","Male",26
"E07000216","Waverley","Lives in a communal establishment","Aged 75 to 79 years","Male",46
"E07000216","Waverley","Lives in a communal establishment","Aged 80 to 84 years","Male",42
"E07000216","Waverley","Lives in a communal establishment","Aged 85 years and over","Male",139
"E07000217","Woking","Lives in a communal establishment","Total","Male",291
"E07000217","Woking","Lives in a communal establishment","Aged 2 years and under","Male",0
"E07000217","Woking","Lives in a communal establishment","Aged 3 to 4 years","Male",0
"E07000217","Woking","Lives in a communal establishment","Aged 5 to 7 years","Male",0
"E07000217","Woking","Lives in a communal establishment","Aged 8 to 9 years","Male",0
"E07000217","Woking","Lives in a communal establishment","Aged 10 to 14 years","Male",3
"E07000217","Woking","Lives in a communal establishment","Aged 15 years","Male",1
"E07000217","Woking","Lives in a communal establishment","Aged 16 to 17 years","Male",5
"E07000217","Woking","Lives in a communal establishment","Aged 18 to 19 years","Male",5
"E07000217","Woking","Lives in a communal establishment","Aged 20 to 24 years","Male",11
"E07000217","Woking","Lives in a communal establishment","Aged 25 to 29 years","Male",6
"E07000217","Woking","Lives in a communal establishment","Aged 30 to 34 years","Male",18
"E07000217","Woking","Lives in a communal establishment","Aged 35 to 39 years","Male",14
"E07000217","Woking","Lives in a communal establishment","Aged 40 to 44 years","Male",15
"E07000217","Woking","Lives in a communal establishment","Aged 45 to 49 years","Male",7
"E07000217","Woking","Lives in a communal establishment","Aged 50 to 54 years","Male",16
"E07000217","Woking","Lives in a communal establishment","Aged 55 to 59 years","Male",17
"E07000217","Woking","Lives in a communal establishment","Aged 60 to 64 years","Male",7
"E07000217","Woking","Lives in a communal establishment","Aged 65 years","Male",4
"E07000217","Woking","Lives in a communal establishment","Aged 66 to 69 years","Male",14
"E07000217","Woking","Lives in a communal establishment","Aged 70 to 74 years","Male",18
"E07000217","Woking","Lives in a communal establishment","Aged 75 to 79 years","Male",23
"E07000217","Woking","Lives in a communal establishment","Aged 80 to 84 years","Male",23
"E07000217","Woking","Lives in a communal establishment","Aged 85 years and over","Male",84
"E07000223","Adur","Lives in a communal establishment","Total","Male",267
"E07000223","Adur","Lives in a communal establishment","Aged 2 years and under","Male",0
"E07000223","Adur","Lives in a communal establishment","Aged 3 to 4 years","Male",0
"E07000223","Adur","Lives in a communal establishment","Aged 5 to 7 years","Male",2
"E07000223","Adur","Lives in a communal establishment","Aged 8 to 9 years","Male",2
"E07000223","Adur","Lives in a communal establishment","Aged 10 to 14 years","Male",53
"E07000223","Adur","Lives in a communal establishment","Aged 15 years","Male",20
"E07000223","Adur","Lives in a communal establishment","Aged 16 to 17 years","Male",48
"E07000223","Adur","Lives in a communal establishment","Aged 18 to 19 years","Male",12
"E07000223","Adur","Lives in a communal establishment","Aged 20 to 24 years","Male",1
"E07000223","Adur","Lives in a communal establishment","Aged 25 to 29 years","Male",2
"E07000223","Adur","Lives in a communal establishment","Aged 30 to 34 years","Male",4
"E07000223","Adur","Lives in a communal establishment","Aged 35 to 39 years","Male",6
"E07000223","Adur","Lives in a communal establishment","Aged 40 to 44 years","Male",3
"E07000223","Adur","Lives in a communal establishment","Aged 45 to 49 years","Male",4
"E07000223","Adur","Lives in a communal establishment","Aged 50 to 54 years","Male",4
"E07000223","Adur","Lives in a communal establishment","Aged 55 to 59 years","Male",4
"E07000223","Adur","Lives in a communal establishment","Aged 60 to 64 years","Male",9
"E07000223","Adur","Lives in a communal establishment","Aged 65 years","Male",2
"E07000223","Adur","Lives in a communal establishment","Aged 66 to 69 years","Male",6
"E07000223","Adur","Lives in a communal establishment","Aged 70 to 74 years","Male",11
"E07000223","Adur","Lives in a communal establishment","Aged 75 to 79 years","Male",17
"E07000223","Adur","Lives in a communal establishment","Aged 80 to 84 years","Male",10
"E07000223","Adur","Lives in a communal establishment","Aged 85 years and over","Male",47
"E07000224","Arun","Lives in a communal establishment","Total","Male",1774
"E07000224","Arun","Lives in a communal establishment","Aged 2 years and under","Male",0
"E07000224","Arun","Lives in a communal establishment","Aged 3 to 4 years","Male",0
"E07000224","Arun","Lives in a communal establishment","Aged 5 to 7 years","Male",0
"E07000224","Arun","Lives in a communal establishment","Aged 8 to 9 years","Male",0
"E07000224","Arun","Lives in a communal establishment","Aged 10 to 14 years","Male",4
"E07000224","Arun","Lives in a communal establishment","Aged 15 years","Male",7
"E07000224","Arun","Lives in a communal establishment","Aged 16 to 17 years","Male",20
"E07000224","Arun","Lives in a communal establishment","Aged 18 to 19 years","Male",92
"E07000224","Arun","Lives in a communal establishment","Aged 20 to 24 years","Male",114
"E07000224","Arun","Lives in a communal establishment","Aged 25 to 29 years","Male",176
"E07000224","Arun","Lives in a communal establishment","Aged 30 to 34 years","Male",178
"E07000224","Arun","Lives in a communal establishment","Aged 35 to 39 years","Male",145
"E07000224","Arun","Lives in a communal establishment","Aged 40 to 44 years","Male",130
"E07000224","Arun","Lives in a communal establishment","Aged 45 to 49 years","Male",108
"E07000224","Arun","Lives in a communal establishment","Aged 50 to 54 years","Male",107
"E07000224","Arun","Lives in a communal establishment","Aged 55 to 59 years","Male",94
"E07000224","Arun","Lives in a communal establishment","Aged 60 to 64 years","Male",76
"E07000224","Arun","Lives in a communal establishment","Aged 65 years","Male",22
"E07000224","Arun","Lives in a communal establishment","Aged 66 to 69 years","Male",52
"E07000224","Arun","Lives in a communal establishment","Aged 70 to 74 years","Male",74
"E07000224","Arun","Lives in a communal establishment","Aged 75 to 79 years","Male",89
"E07000224","Arun","Lives in a communal establishment","Aged 80 to 84 years","Male",85
"E07000224","Arun","Lives in a communal establishment","Aged 85 years and over","Male",201
"E07000225","Chichester","Lives in a communal establishment","Total","Male",2043
"E07000225","Chichester","Lives in a communal establishment","Aged 2 years and under","Male",1
"E07000225","Chichester","Lives in a communal establishment","Aged 3 to 4 years","Male",0
"E07000225","Chichester","Lives in a communal establishment","Aged 5 to 7 years","Male",1
"E07000225","Chichester","Lives in a communal establishment","Aged 8 to 9 years","Male",6
"E07000225","Chichester","Lives in a communal establishment","Aged 10 to 14 years","Male",55
"E07000225","Chichester","Lives in a communal establishment","Aged 15 years","Male",15
"E07000225","Chichester","Lives in a communal establishment","Aged 16 to 17 years","Male",48
"E07000225","Chichester","Lives in a communal establishment","Aged 18 to 19 years","Male",269
"E07000225","Chichester","Lives in a communal establishment","Aged 20 to 24 years","Male",329
"E07000225","Chichester","Lives in a communal establishment","Aged 25 to 29 years","Male",370
"E07000225","Chichester","Lives in a communal establishment","Aged 30 to 34 years","Male",152
"E07000225","Chichester","Lives in a communal establishment","Aged 35 to 39 years","Male",241
"E07000225","Chichester","Lives in a communal establishment","Aged 40 to 44 years","Male",68
"E07000225","Chichester","Lives in a communal establishment","Aged 45 to 49 years","Male",40
"E07000225","Chichester","Lives in a communal establishment","Aged 50 to 54 years","Male",37
"E07000225","Chichester","Lives in a communal establishment","Aged 55 to 59 years","Male",30
"E07000225","Chichester","Lives in a communal establishment","Aged 60 to 64 years","Male",26
"E07000225","Chichester","Lives in a communal establishment","Aged 65 years","Male",10
"E07000225","Chichester","Lives in a communal establishment","Aged 66 to 69 years","Male",21
"E07000225","Chichester","Lives in a communal establishment","Aged 70 to 74 years","Male",65
"E07000225","Chichester","Lives in a communal establishment","Aged 75 to 79 years","Male",70
"E07000225","Chichester","Lives in a communal establishment","Aged 80 to 84 years","Male",55
"E07000225","Chichester","Lives in a communal establishment","Aged 85 years and over","Male",134
"E07000226","Crawley","Lives in a communal establishment","Total","Male",301
"E07000226","Crawley","Lives in a communal establishment","Aged 2 years and under","Male",1
"E07000226","Crawley","Lives in a communal establishment","Aged 3 to 4 years","Male",0
"E07000226","Crawley","Lives in a communal establishment","Aged 5 to 7 years","Male",1
"E07000226","Crawley","Lives in a communal establishment","Aged 8 to 9 years","Male",0
"E07000226","Crawley","Lives in a communal establishment","Aged 10 to 14 years","Male",9
"E07000226","Crawley","Lives in a communal establishment","Aged 15 years","Male",3
"E07000226","Crawley","Lives in a communal establishment","Aged 16 to 17 years","Male",6
"E07000226","Crawley","Lives in a communal establishment","Aged 18 to 19 years","Male",12
"E07000226","Crawley","Lives in a communal establishment","Aged 20 to 24 years","Male",64
"E07000226","Crawley","Lives in a communal establishment","Aged 25 to 29 years","Male",35
"E07000226","Crawley","Lives in a communal establishment","Aged 30 to 34 years","Male",37
"E07000226","Crawley","Lives in a communal establishment","Aged 35 to 39 years","Male",21
"E07000226","Crawley","Lives in a communal establishment","Aged 40 to 44 years","Male",18
"E07000226","Crawley","Lives in a communal establishment","Aged 45 to 49 years","Male",10
"E07000226","Crawley","Lives in a communal establishment","Aged 50 to 54 years","Male",15
"E07000226","Crawley","Lives in a communal establishment","Aged 55 to 59 years","Male",9
"E07000226","Crawley","Lives in a communal establishment","Aged 60 to 64 years","Male",6
"E07000226","Crawley","Lives in a communal establishment","Aged 65 years","Male",6
"E07000226","Crawley","Lives in a communal establishment","Aged 66 to 69 years","Male",4
"E07000226","Crawley","Lives in a communal establishment","Aged 70 to 74 years","Male",5
"E07000226","Crawley","Lives in a communal establishment","Aged 75 to 79 years","Male",6
"E07000226","Crawley","Lives in a communal establishment","Aged 80 to 84 years","Male",7
"E07000226","Crawley","Lives in a communal establishment","Aged 85 years and over","Male",26
"E07000227","Horsham","Lives in a communal establishment","Total","Male",1110
"E07000227","Horsham","Lives in a communal establishment","Aged 2 years and under","Male",2
"E07000227","Horsham","Lives in a communal establishment","Aged 3 to 4 years","Male",4
"E07000227","Horsham","Lives in a communal establishment","Aged 5 to 7 years","Male",5
"E07000227","Horsham","Lives in a communal establishment","Aged 8 to 9 years","Male",14
"E07000227","Horsham","Lives in a communal establishment","Aged 10 to 14 years","Male",327
"E07000227","Horsham","Lives in a communal establishment","Aged 15 years","Male",62
"E07000227","Horsham","Lives in a communal establishment","Aged 16 to 17 years","Male",147
"E07000227","Horsham","Lives in a communal establishment","Aged 18 to 19 years","Male",50
"E07000227","Horsham","Lives in a communal establishment","Aged 20 to 24 years","Male",20
"E07000227","Horsham","Lives in a communal establishment","Aged 25 to 29 years","Male",36
"E07000227","Horsham","Lives in a communal establishment","Aged 30 to 34 years","Male",33
"E07000227","Horsham","Lives in a communal establishment","Aged 35 to 39 years","Male",26
"E07000227","Horsham","Lives in a communal establishment","Aged 40 to 44 years","Male",25
"E07000227","Horsham","Lives in a communal establishment","Aged 45 to 49 years","Male",23
"E07000227","Horsham","Lives in a communal establishment","Aged 50 to 54 years","Male",14
"E07000227","Horsham","Lives in a communal establishment","Aged 55 to 59 years","Male",22
"E07000227","Horsham","Lives in a communal establishment","Aged 60 to 64 years","Male",15
"E07000227","Horsham","Lives in a communal establishment","Aged 65 years","Male",9
"E07000227","Horsham","Lives in a communal establishment","Aged 66 to 69 years","Male",17
"E07000227","Horsham","Lives in a communal establishment","Aged 70 to 74 years","Male",30
"E07000227","Horsham","Lives in a communal establishment","Aged 75 to 79 years","Male",38
"E07000227","Horsham","Lives in a communal establishment","Aged 80 to 84 years","Male",54
"E07000227","Horsham","Lives in a communal establishment","Aged 85 years and over","Male",137
"E07000228","Mid Sussex","Lives in a communal establishment","Total","Male",783
"E07000228","Mid Sussex","Lives in a communal establishment","Aged 2 years and under","Male",4
"E07000228","Mid Sussex","Lives in a communal establishment","Aged 3 to 4 years","Male",8
"E07000228","Mid Sussex","Lives in a communal establishment","Aged 5 to 7 years","Male",6
"E07000228","Mid Sussex","Lives in a communal establishment","Aged 8 to 9 years","Male",3
"E07000228","Mid Sussex","Lives in a communal establishment","Aged 10 to 14 years","Male",104
"E07000228","Mid Sussex","Lives in a communal establishment","Aged 15 years","Male",42
"E07000228","Mid Sussex","Lives in a communal establishment","Aged 16 to 17 years","Male",82
"E07000228","Mid Sussex","Lives in a communal establishment","Aged 18 to 19 years","Male",29
"E07000228","Mid Sussex","Lives in a communal establishment","Aged 20 to 24 years","Male",26
"E07000228","Mid Sussex","Lives in a communal establishment","Aged 25 to 29 years","Male",45
"E07000228","Mid Sussex","Lives in a communal establishment","Aged 30 to 34 years","Male",24
"E07000228","Mid Sussex","Lives in a communal establishment","Aged 35 to 39 years","Male",34
"E07000228","Mid Sussex","Lives in a communal establishment","Aged 40 to 44 years","Male",22
"E07000228","Mid Sussex","Lives in a communal establishment","Aged 45 to 49 years","Male",16
"E07000228","Mid Sussex","Lives in a communal establishment","Aged 50 to 54 years","Male",16
"E07000228","Mid Sussex","Lives in a communal establishment","Aged 55 to 59 years","Male",24
"E07000228","Mid Sussex","Lives in a communal establishment","Aged 60 to 64 years","Male",14
"E07000228","Mid Sussex","Lives in a communal establishment","Aged 65 years","Male",1
"E07000228","Mid Sussex","Lives in a communal establishment","Aged 66 to 69 years","Male",6
"E07000228","Mid Sussex","Lives in a communal establishment","Aged 70 to 74 years","Male",30
"E07000228","Mid Sussex","Lives in a communal establishment","Aged 75 to 79 years","Male",52
"E07000228","Mid Sussex","Lives in a communal establishment","Aged 80 to 84 years","Male",56
"E07000228","Mid Sussex","Lives in a communal establishment","Aged 85 years and over","Male",139
"E07000229","Worthing","Lives in a communal establishment","Total","Male",659
"E07000229","Worthing","Lives in a communal establishment","Aged 2 years and under","Male",0
"E07000229","Worthing","Lives in a communal establishment","Aged 3 to 4 years","Male",0
"E07000229","Worthing","Lives in a communal establishment","Aged 5 to 7 years","Male",0
"E07000229","Worthing","Lives in a communal establishment","Aged 8 to 9 years","Male",0
"E07000229","Worthing","Lives in a communal establishment","Aged 10 to 14 years","Male",4
"E07000229","Worthing","Lives in a communal establishment","Aged 15 years","Male",0
"E07000229","Worthing","Lives in a communal establishment","Aged 16 to 17 years","Male",2
"E07000229","Worthing","Lives in a communal establishment","Aged 18 to 19 years","Male",1
"E07000229","Worthing","Lives in a communal establishment","Aged 20 to 24 years","Male",24
"E07000229","Worthing","Lives in a communal establishment","Aged 25 to 29 years","Male",19
"E07000229","Worthing","Lives in a communal establishment","Aged 30 to 34 years","Male",31
"E07000229","Worthing","Lives in a communal establishment","Aged 35 to 39 years","Male",22
"E07000229","Worthing","Lives in a communal establishment","Aged 40 to 44 years","Male",26
"E07000229","Worthing","Lives in a communal establishment","Aged 45 to 49 years","Male",31
"E07000229","Worthing","Lives in a communal establishment","Aged 50 to 54 years","Male",33
"E07000229","Worthing","Lives in a communal establishment","Aged 55 to 59 years","Male",39
"E07000229","Worthing","Lives in a communal establishment","Aged 60 to 64 years","Male",42
"E07000229","Worthing","Lives in a communal establishment","Aged 65 years","Male",15
"E07000229","Worthing","Lives in a communal establishment","Aged 66 to 69 years","Male",31
"E07000229","Worthing","Lives in a communal establishment","Aged 70 to 74 years","Male",54
"E07000229","Worthing","Lives in a communal establishment","Aged 75 to 79 years","Male",65
"E07000229","Worthing","Lives in a communal establishment","Aged 80 to 84 years","Male",75
"E07000229","Worthing","Lives in a communal establishment","Aged 85 years and over","Male",145
"E06000022","Bath and North East Somerset","Lives in a communal establishment","Total","Male",3616
"E06000022","Bath and North East Somerset","Lives in a communal establishment","Aged 2 years and under","Male",2
"E06000022","Bath and North East Somerset","Lives in a communal establishment","Aged 3 to 4 years","Male",1
"E06000022","Bath and North East Somerset","Lives in a communal establishment","Aged 5 to 7 years","Male",5
"E06000022","Bath and North East Somerset","Lives in a communal establishment","Aged 8 to 9 years","Male",9
"E06000022","Bath and North East Somerset","Lives in a communal establishment","Aged 10 to 14 years","Male",123
"E06000022","Bath and North East Somerset","Lives in a communal establishment","Aged 15 years","Male",35
"E06000022","Bath and North East Somerset","Lives in a communal establishment","Aged 16 to 17 years","Male",101
"E06000022","Bath and North East Somerset","Lives in a communal establishment","Aged 18 to 19 years","Male",1935
"E06000022","Bath and North East Somerset","Lives in a communal establishment","Aged 20 to 24 years","Male",724
"E06000022","Bath and North East Somerset","Lives in a communal establishment","Aged 25 to 29 years","Male",116
"E06000022","Bath and North East Somerset","Lives in a communal establishment","Aged 30 to 34 years","Male",76
"E06000022","Bath and North East Somerset","Lives in a communal establishment","Aged 35 to 39 years","Male",26
"E06000022","Bath and North East Somerset","Lives in a communal establishment","Aged 40 to 44 years","Male",24
"E06000022","Bath and North East Somerset","Lives in a communal establishment","Aged 45 to 49 years","Male",31
"E06000022","Bath and North East Somerset","Lives in a communal establishment","Aged 50 to 54 years","Male",40
"E06000022","Bath and North East Somerset","Lives in a communal establishment","Aged 55 to 59 years","Male",40
"E06000022","Bath and North East Somerset","Lives in a communal establishment","Aged 60 to 64 years","Male",37
"E06000022","Bath and North East Somerset","Lives in a communal establishment","Aged 65 years","Male",5
"E06000022","Bath and North East Somerset","Lives in a communal establishment","Aged 66 to 69 years","Male",20
"E06000022","Bath and North East Somerset","Lives in a communal establishment","Aged 70 to 74 years","Male",35
"E06000022","Bath and North East Somerset","Lives in a communal establishment","Aged 75 to 79 years","Male",43
"E06000022","Bath and North East Somerset","Lives in a communal establishment","Aged 80 to 84 years","Male",70
"E06000022","Bath and North East Somerset","Lives in a communal establishment","Aged 85 years and over","Male",118
"E06000023","Bristol, City of","Lives in a communal establishment","Total","Male",7017
"E06000023","Bristol, City of","Lives in a communal establishment","Aged 2 years and under","Male",0
"E06000023","Bristol, City of","Lives in a communal establishment","Aged 3 to 4 years","Male",3
"E06000023","Bristol, City of","Lives in a communal establishment","Aged 5 to 7 years","Male",0
"E06000023","Bristol, City of","Lives in a communal establishment","Aged 8 to 9 years","Male",1
"E06000023","Bristol, City of","Lives in a communal establishment","Aged 10 to 14 years","Male",57
"E06000023","Bristol, City of","Lives in a communal establishment","Aged 15 years","Male",20
"E06000023","Bristol, City of","Lives in a communal establishment","Aged 16 to 17 years","Male",96
"E06000023","Bristol, City of","Lives in a communal establishment","Aged 18 to 19 years","Male",3118
"E06000023","Bristol, City of","Lives in a communal establishment","Aged 20 to 24 years","Male",1889
"E06000023","Bristol, City of","Lives in a communal establishment","Aged 25 to 29 years","Male",355
"E06000023","Bristol, City of","Lives in a communal establishment","Aged 30 to 34 years","Male",203
"E06000023","Bristol, City of","Lives in a communal establishment","Aged 35 to 39 years","Male",154
"E06000023","Bristol, City of","Lives in a communal establishment","Aged 40 to 44 years","Male",124
"E06000023","Bristol, City of","Lives in a communal establishment","Aged 45 to 49 years","Male",80
"E06000023","Bristol, City of","Lives in a communal establishment","Aged 50 to 54 years","Male",105
"E06000023","Bristol, City of","Lives in a communal establishment","Aged 55 to 59 years","Male",82
"E06000023","Bristol, City of","Lives in a communal establishment","Aged 60 to 64 years","Male",81
"E06000023","Bristol, City of","Lives in a communal establishment","Aged 65 years","Male",9
"E06000023","Bristol, City of","Lives in a communal establishment","Aged 66 to 69 years","Male",66
"E06000023","Bristol, City of","Lives in a communal establishment","Aged 70 to 74 years","Male",133
"E06000023","Bristol, City of","Lives in a communal establishment","Aged 75 to 79 years","Male",118
"E06000023","Bristol, City of","Lives in a communal establishment","Aged 80 to 84 years","Male",117
"E06000023","Bristol, City of","Lives in a communal establishment","Aged 85 years and over","Male",206
"E06000024","North Somerset","Lives in a communal establishment","Total","Male",955
"E06000024","North Somerset","Lives in a communal establishment","Aged 2 years and under","Male",0
"E06000024","North Somerset","Lives in a communal establishment","Aged 3 to 4 years","Male",0
"E06000024","North Somerset","Lives in a communal establishment","Aged 5 to 7 years","Male",2
"E06000024","North Somerset","Lives in a communal establishment","Aged 8 to 9 years","Male",1
"E06000024","North Somerset","Lives in a communal establishment","Aged 10 to 14 years","Male",3
"E06000024","North Somerset","Lives in a communal establishment","Aged 15 years","Male",5
"E06000024","North Somerset","Lives in a communal establishment","Aged 16 to 17 years","Male",21
"E06000024","North Somerset","Lives in a communal establishment","Aged 18 to 19 years","Male",49
"E06000024","North Somerset","Lives in a communal establishment","Aged 20 to 24 years","Male",33
"E06000024","North Somerset","Lives in a communal establishment","Aged 25 to 29 years","Male",33
"E06000024","North Somerset","Lives in a communal establishment","Aged 30 to 34 years","Male",26
"E06000024","North Somerset","Lives in a communal establishment","Aged 35 to 39 years","Male",20
"E06000024","North Somerset","Lives in a communal establishment","Aged 40 to 44 years","Male",16
"E06000024","North Somerset","Lives in a communal establishment","Aged 45 to 49 years","Male",32
"E06000024","North Somerset","Lives in a communal establishment","Aged 50 to 54 years","Male",34
"E06000024","North Somerset","Lives in a communal establishment","Aged 55 to 59 years","Male",61
"E06000024","North Somerset","Lives in a communal establishment","Aged 60 to 64 years","Male",48
"E06000024","North Somerset","Lives in a communal establishment","Aged 65 years","Male",12
"E06000024","North Somerset","Lives in a communal establishment","Aged 66 to 69 years","Male",59
"E06000024","North Somerset","Lives in a communal establishment","Aged 70 to 74 years","Male",75
"E06000024","North Somerset","Lives in a communal establishment","Aged 75 to 79 years","Male",82
"E06000024","North Somerset","Lives in a communal establishment","Aged 80 to 84 years","Male",108
"E06000024","North Somerset","Lives in a communal establishment","Aged 85 years and over","Male",235
"E06000025","South Gloucestershire","Lives in a communal establishment","Total","Male",2969
"E06000025","South Gloucestershire","Lives in a communal establishment","Aged 2 years and under","Male",1
"E06000025","South Gloucestershire","Lives in a communal establishment","Aged 3 to 4 years","Male",0
"E06000025","South Gloucestershire","Lives in a communal establishment","Aged 5 to 7 years","Male",3
"E06000025","South Gloucestershire","Lives in a communal establishment","Aged 8 to 9 years","Male",0
"E06000025","South Gloucestershire","Lives in a communal establishment","Aged 10 to 14 years","Male",3
"E06000025","South Gloucestershire","Lives in a communal establishment","Aged 15 years","Male",2
"E06000025","South Gloucestershire","Lives in a communal establishment","Aged 16 to 17 years","Male",10
"E06000025","South Gloucestershire","Lives in a communal establishment","Aged 18 to 19 years","Male",824
"E06000025","South Gloucestershire","Lives in a communal establishment","Aged 20 to 24 years","Male",545
"E06000025","South Gloucestershire","Lives in a communal establishment","Aged 25 to 29 years","Male",152
"E06000025","South Gloucestershire","Lives in a communal establishment","Aged 30 to 34 years","Male",168
"E06000025","South Gloucestershire","Lives in a communal establishment","Aged 35 to 39 years","Male",127
"E06000025","South Gloucestershire","Lives in a communal establishment","Aged 40 to 44 years","Male",103
"E06000025","South Gloucestershire","Lives in a communal establishment","Aged 45 to 49 years","Male",107
"E06000025","South Gloucestershire","Lives in a communal establishment","Aged 50 to 54 years","Male",138
"E06000025","South Gloucestershire","Lives in a communal establishment","Aged 55 to 59 years","Male",155
"E06000025","South Gloucestershire","Lives in a communal establishment","Aged 60 to 64 years","Male",110
"E06000025","South Gloucestershire","Lives in a communal establishment","Aged 65 years","Male",19
"E06000025","South Gloucestershire","Lives in a communal establishment","Aged 66 to 69 years","Male",51
"E06000025","South Gloucestershire","Lives in a communal establishment","Aged 70 to 74 years","Male",84
"E06000025","South Gloucestershire","Lives in a communal establishment","Aged 75 to 79 years","Male",98
"E06000025","South Gloucestershire","Lives in a communal establishment","Aged 80 to 84 years","Male",76
"E06000025","South Gloucestershire","Lives in a communal establishment","Aged 85 years and over","Male",193
"E06000026","Plymouth","Lives in a communal establishment","Total","Male",3271
"E06000026","Plymouth","Lives in a communal establishment","Aged 2 years and under","Male",5
"E06000026","Plymouth","Lives in a communal establishment","Aged 3 to 4 years","Male",0
"E06000026","Plymouth","Lives in a communal establishment","Aged 5 to 7 years","Male",1
"E06000026","Plymouth","Lives in a communal establishment","Aged 8 to 9 years","Male",0
"E06000026","Plymouth","Lives in a communal establishment","Aged 10 to 14 years","Male",8
"E06000026","Plymouth","Lives in a communal establishment","Aged 15 years","Male",15
"E06000026","Plymouth","Lives in a communal establishment","Aged 16 to 17 years","Male",53
"E06000026","Plymouth","Lives in a communal establishment","Aged 18 to 19 years","Male",999
"E06000026","Plymouth","Lives in a communal establishment","Aged 20 to 24 years","Male",968
"E06000026","Plymouth","Lives in a communal establishment","Aged 25 to 29 years","Male",208
"E06000026","Plymouth","Lives in a communal establishment","Aged 30 to 34 years","Male",109
"E06000026","Plymouth","Lives in a communal establishment","Aged 35 to 39 years","Male",75
"E06000026","Plymouth","Lives in a communal establishment","Aged 40 to 44 years","Male",65
"E06000026","Plymouth","Lives in a communal establishment","Aged 45 to 49 years","Male",40
"E06000026","Plymouth","Lives in a communal establishment","Aged 50 to 54 years","Male",48
"E06000026","Plymouth","Lives in a communal establishment","Aged 55 to 59 years","Male",55
"E06000026","Plymouth","Lives in a communal establishment","Aged 60 to 64 years","Male",59
"E06000026","Plymouth","Lives in a communal establishment","Aged 65 years","Male",15
"E06000026","Plymouth","Lives in a communal establishment","Aged 66 to 69 years","Male",51
"E06000026","Plymouth","Lives in a communal establishment","Aged 70 to 74 years","Male",59
"E06000026","Plymouth","Lives in a communal establishment","Aged 75 to 79 years","Male",106
"E06000026","Plymouth","Lives in a communal establishment","Aged 80 to 84 years","Male",118
"E06000026","Plymouth","Lives in a communal establishment","Aged 85 years and over","Male",214
"E06000027","Torbay","Lives in a communal establishment","Total","Male",827
"E06000027","Torbay","Lives in a communal establishment","Aged 2 years and under","Male",0
"E06000027","Torbay","Lives in a communal establishment","Aged 3 to 4 years","Male",0
"E06000027","Torbay","Lives in a communal establishment","Aged 5 to 7 years","Male",4
"E06000027","Torbay","Lives in a communal establishment","Aged 8 to 9 years","Male",2
"E06000027","Torbay","Lives in a communal establishment","Aged 10 to 14 years","Male",6
"E06000027","Torbay","Lives in a communal establishment","Aged 15 years","Male",0
"E06000027","Torbay","Lives in a communal establishment","Aged 16 to 17 years","Male",8
"E06000027","Torbay","Lives in a communal establishment","Aged 18 to 19 years","Male",4
"E06000027","Torbay","Lives in a communal establishment","Aged 20 to 24 years","Male",17
"E06000027","Torbay","Lives in a communal establishment","Aged 25 to 29 years","Male",28
"E06000027","Torbay","Lives in a communal establishment","Aged 30 to 34 years","Male",14
"E06000027","Torbay","Lives in a communal establishment","Aged 35 to 39 years","Male",24
"E06000027","Torbay","Lives in a communal establishment","Aged 40 to 44 years","Male",28
"E06000027","Torbay","Lives in a communal establishment","Aged 45 to 49 years","Male",46
"E06000027","Torbay","Lives in a communal establishment","Aged 50 to 54 years","Male",62
"E06000027","Torbay","Lives in a communal establishment","Aged 55 to 59 years","Male",44
"E06000027","Torbay","Lives in a communal establishment","Aged 60 to 64 years","Male",61
"E06000027","Torbay","Lives in a communal establishment","Aged 65 years","Male",18
"E06000027","Torbay","Lives in a communal establishment","Aged 66 to 69 years","Male",37
"E06000027","Torbay","Lives in a communal establishment","Aged 70 to 74 years","Male",79
"E06000027","Torbay","Lives in a communal establishment","Aged 75 to 79 years","Male",82
"E06000027","Torbay","Lives in a communal establishment","Aged 80 to 84 years","Male",77
"E06000027","Torbay","Lives in a communal establishment","Aged 85 years and over","Male",186
"E06000030","Swindon","Lives in a communal establishment","Total","Male",496
"E06000030","Swindon","Lives in a communal establishment","Aged 2 years and under","Male",2
"E06000030","Swindon","Lives in a communal establishment","Aged 3 to 4 years","Male",0
"E06000030","Swindon","Lives in a communal establishment","Aged 5 to 7 years","Male",0
"E06000030","Swindon","Lives in a communal establishment","Aged 8 to 9 years","Male",0
"E06000030","Swindon","Lives in a communal establishment","Aged 10 to 14 years","Male",0
"E06000030","Swindon","Lives in a communal establishment","Aged 15 years","Male",1
"E06000030","Swindon","Lives in a communal establishment","Aged 16 to 17 years","Male",3
"E06000030","Swindon","Lives in a communal establishment","Aged 18 to 19 years","Male",15
"E06000030","Swindon","Lives in a communal establishment","Aged 20 to 24 years","Male",42
"E06000030","Swindon","Lives in a communal establishment","Aged 25 to 29 years","Male",15
"E06000030","Swindon","Lives in a communal establishment","Aged 30 to 34 years","Male",31
"E06000030","Swindon","Lives in a communal establishment","Aged 35 to 39 years","Male",17
"E06000030","Swindon","Lives in a communal establishment","Aged 40 to 44 years","Male",12
"E06000030","Swindon","Lives in a communal establishment","Aged 45 to 49 years","Male",15
"E06000030","Swindon","Lives in a communal establishment","Aged 50 to 54 years","Male",24
"E06000030","Swindon","Lives in a communal establishment","Aged 55 to 59 years","Male",31
"E06000030","Swindon","Lives in a communal establishment","Aged 60 to 64 years","Male",27
"E06000030","Swindon","Lives in a communal establishment","Aged 65 years","Male",7
"E06000030","Swindon","Lives in a communal establishment","Aged 66 to 69 years","Male",21
"E06000030","Swindon","Lives in a communal establishment","Aged 70 to 74 years","Male",45
"E06000030","Swindon","Lives in a communal establishment","Aged 75 to 79 years","Male",40
"E06000030","Swindon","Lives in a communal establishment","Aged 80 to 84 years","Male",47
"E06000030","Swindon","Lives in a communal establishment","Aged 85 years and over","Male",101
"E06000052","Cornwall","Lives in a communal establishment","Total","Male",3212
"E06000052","Cornwall","Lives in a communal establishment","Aged 2 years and under","Male",1
"E06000052","Cornwall","Lives in a communal establishment","Aged 3 to 4 years","Male",2
"E06000052","Cornwall","Lives in a communal establishment","Aged 5 to 7 years","Male",6
"E06000052","Cornwall","Lives in a communal establishment","Aged 8 to 9 years","Male",2
"E06000052","Cornwall","Lives in a communal establishment","Aged 10 to 14 years","Male",8
"E06000052","Cornwall","Lives in a communal establishment","Aged 15 years","Male",7
"E06000052","Cornwall","Lives in a communal establishment","Aged 16 to 17 years","Male",39
"E06000052","Cornwall","Lives in a communal establishment","Aged 18 to 19 years","Male",636
"E06000052","Cornwall","Lives in a communal establishment","Aged 20 to 24 years","Male",532
"E06000052","Cornwall","Lives in a communal establishment","Aged 25 to 29 years","Male",130
"E06000052","Cornwall","Lives in a communal establishment","Aged 30 to 34 years","Male",133
"E06000052","Cornwall","Lives in a communal establishment","Aged 35 to 39 years","Male",97
"E06000052","Cornwall","Lives in a communal establishment","Aged 40 to 44 years","Male",57
"E06000052","Cornwall","Lives in a communal establishment","Aged 45 to 49 years","Male",78
"E06000052","Cornwall","Lives in a communal establishment","Aged 50 to 54 years","Male",104
"E06000052","Cornwall","Lives in a communal establishment","Aged 55 to 59 years","Male",105
"E06000052","Cornwall","Lives in a communal establishment","Aged 60 to 64 years","Male",131
"E06000052","Cornwall","Lives in a communal establishment","Aged 65 years","Male",16
"E06000052","Cornwall","Lives in a communal establishment","Aged 66 to 69 years","Male",86
"E06000052","Cornwall","Lives in a communal establishment","Aged 70 to 74 years","Male",166
"E06000052","Cornwall","Lives in a communal establishment","Aged 75 to 79 years","Male",183
"E06000052","Cornwall","Lives in a communal establishment","Aged 80 to 84 years","Male",205
"E06000052","Cornwall","Lives in a communal establishment","Aged 85 years and over","Male",488
"E06000053","Isles of Scilly","Lives in a communal establishment","Total","Male",7
"E06000053","Isles of Scilly","Lives in a communal establishment","Aged 2 years and under","Male",0
"E06000053","Isles of Scilly","Lives in a communal establishment","Aged 3 to 4 years","Male",0
"E06000053","Isles of Scilly","Lives in a communal establishment","Aged 5 to 7 years","Male",0
"E06000053","Isles of Scilly","Lives in a communal establishment","Aged 8 to 9 years","Male",0
"E06000053","Isles of Scilly","Lives in a communal establishment","Aged 10 to 14 years","Male",0
"E06000053","Isles of Scilly","Lives in a communal establishment","Aged 15 years","Male",0
"E06000053","Isles of Scilly","Lives in a communal establishment","Aged 16 to 17 years","Male",0
"E06000053","Isles of Scilly","Lives in a communal establishment","Aged 18 to 19 years","Male",0
"E06000053","Isles of Scilly","Lives in a communal establishment","Aged 20 to 24 years","Male",1
"E06000053","Isles of Scilly","Lives in a communal establishment","Aged 25 to 29 years","Male",0
"E06000053","Isles of Scilly","Lives in a communal establishment","Aged 30 to 34 years","Male",1
"E06000053","Isles of Scilly","Lives in a communal establishment","Aged 35 to 39 years","Male",1
"E06000053","Isles of Scilly","Lives in a communal establishment","Aged 40 to 44 years","Male",1
"E06000053","Isles of Scilly","Lives in a communal establishment","Aged 45 to 49 years","Male",0
"E06000053","Isles of Scilly","Lives in a communal establishment","Aged 50 to 54 years","Male",1
"E06000053","Isles of Scilly","Lives in a communal establishment","Aged 55 to 59 years","Male",0
"E06000053","Isles of Scilly","Lives in a communal establishment","Aged 60 to 64 years","Male",0
"E06000053","Isles of Scilly","Lives in a communal establishment","Aged 65 years","Male",0
"E06000053","Isles of Scilly","Lives in a communal establishment","Aged 66 to 69 years","Male",0
"E06000053","Isles of Scilly","Lives in a communal establishment","Aged 70 to 74 years","Male",0
"E06000053","Isles of Scilly","Lives in a communal establishment","Aged 75 to 79 years","Male",1
"E06000053","Isles of Scilly","Lives in a communal establishment","Aged 80 to 84 years","Male",1
"E06000053","Isles of Scilly","Lives in a communal establishment","Aged 85 years and over","Male",0
"E06000054","Wiltshire","Lives in a communal establishment","Total","Male",7802
"E06000054","Wiltshire","Lives in a communal establishment","Aged 2 years and under","Male",8
"E06000054","Wiltshire","Lives in a communal establishment","Aged 3 to 4 years","Male",7
"E06000054","Wiltshire","Lives in a communal establishment","Aged 5 to 7 years","Male",10
"E06000054","Wiltshire","Lives in a communal establishment","Aged 8 to 9 years","Male",25
"E06000054","Wiltshire","Lives in a communal establishment","Aged 10 to 14 years","Male",335
"E06000054","Wiltshire","Lives in a communal establishment","Aged 15 years","Male",153
"E06000054","Wiltshire","Lives in a communal establishment","Aged 16 to 17 years","Male",613
"E06000054","Wiltshire","Lives in a communal establishment","Aged 18 to 19 years","Male",992
"E06000054","Wiltshire","Lives in a communal establishment","Aged 20 to 24 years","Male",1642
"E06000054","Wiltshire","Lives in a communal establishment","Aged 25 to 29 years","Male",1482
"E06000054","Wiltshire","Lives in a communal establishment","Aged 30 to 34 years","Male",632
"E06000054","Wiltshire","Lives in a communal establishment","Aged 35 to 39 years","Male",457
"E06000054","Wiltshire","Lives in a communal establishment","Aged 40 to 44 years","Male",182
"E06000054","Wiltshire","Lives in a communal establishment","Aged 45 to 49 years","Male",140
"E06000054","Wiltshire","Lives in a communal establishment","Aged 50 to 54 years","Male",120
"E06000054","Wiltshire","Lives in a communal establishment","Aged 55 to 59 years","Male",98
"E06000054","Wiltshire","Lives in a communal establishment","Aged 60 to 64 years","Male",81
"E06000054","Wiltshire","Lives in a communal establishment","Aged 65 years","Male",16
"E06000054","Wiltshire","Lives in a communal establishment","Aged 66 to 69 years","Male",54
"E06000054","Wiltshire","Lives in a communal establishment","Aged 70 to 74 years","Male",88
"E06000054","Wiltshire","Lives in a communal establishment","Aged 75 to 79 years","Male",121
"E06000054","Wiltshire","Lives in a communal establishment","Aged 80 to 84 years","Male",157
"E06000054","Wiltshire","Lives in a communal establishment","Aged 85 years and over","Male",389
"E06000058","Bournemouth, Christchurch and Poole","Lives in a communal establishment","Total","Male",4758
"E06000058","Bournemouth, Christchurch and Poole","Lives in a communal establishment","Aged 2 years and under","Male",10
"E06000058","Bournemouth, Christchurch and Poole","Lives in a communal establishment","Aged 3 to 4 years","Male",6
"E06000058","Bournemouth, Christchurch and Poole","Lives in a communal establishment","Aged 5 to 7 years","Male",7
"E06000058","Bournemouth, Christchurch and Poole","Lives in a communal establishment","Aged 8 to 9 years","Male",6
"E06000058","Bournemouth, Christchurch and Poole","Lives in a communal establishment","Aged 10 to 14 years","Male",60
"E06000058","Bournemouth, Christchurch and Poole","Lives in a communal establishment","Aged 15 years","Male",46
"E06000058","Bournemouth, Christchurch and Poole","Lives in a communal establishment","Aged 16 to 17 years","Male",132
"E06000058","Bournemouth, Christchurch and Poole","Lives in a communal establishment","Aged 18 to 19 years","Male",1506
"E06000058","Bournemouth, Christchurch and Poole","Lives in a communal establishment","Aged 20 to 24 years","Male",1141
"E06000058","Bournemouth, Christchurch and Poole","Lives in a communal establishment","Aged 25 to 29 years","Male",218
"E06000058","Bournemouth, Christchurch and Poole","Lives in a communal establishment","Aged 30 to 34 years","Male",146
"E06000058","Bournemouth, Christchurch and Poole","Lives in a communal establishment","Aged 35 to 39 years","Male",122
"E06000058","Bournemouth, Christchurch and Poole","Lives in a communal establishment","Aged 40 to 44 years","Male",115
"E06000058","Bournemouth, Christchurch and Poole","Lives in a communal establishment","Aged 45 to 49 years","Male",120
"E06000058","Bournemouth, Christchurch and Poole","Lives in a communal establishment","Aged 50 to 54 years","Male",132
"E06000058","Bournemouth, Christchurch and Poole","Lives in a communal establishment","Aged 55 to 59 years","Male",90
"E06000058","Bournemouth, Christchurch and Poole","Lives in a communal establishment","Aged 60 to 64 years","Male",97
"E06000058","Bournemouth, Christchurch and Poole","Lives in a communal establishment","Aged 65 years","Male",15
"E06000058","Bournemouth, Christchurch and Poole","Lives in a communal establishment","Aged 66 to 69 years","Male",56
"E06000058","Bournemouth, Christchurch and Poole","Lives in a communal establishment","Aged 70 to 74 years","Male",130
"E06000058","Bournemouth, Christchurch and Poole","Lives in a communal establishment","Aged 75 to 79 years","Male",109
"E06000058","Bournemouth, Christchurch and Poole","Lives in a communal establishment","Aged 80 to 84 years","Male",112
"E06000058","Bournemouth, Christchurch and Poole","Lives in a communal establishment","Aged 85 years and over","Male",382
"E06000059","Dorset","Lives in a communal establishment","Total","Male",4535
"E06000059","Dorset","Lives in a communal establishment","Aged 2 years and under","Male",6
"E06000059","Dorset","Lives in a communal establishment","Aged 3 to 4 years","Male",6
"E06000059","Dorset","Lives in a communal establishment","Aged 5 to 7 years","Male",17
"E06000059","Dorset","Lives in a communal establishment","Aged 8 to 9 years","Male",15
"E06000059","Dorset","Lives in a communal establishment","Aged 10 to 14 years","Male",377
"E06000059","Dorset","Lives in a communal establishment","Aged 15 years","Male",159
"E06000059","Dorset","Lives in a communal establishment","Aged 16 to 17 years","Male",546
"E06000059","Dorset","Lives in a communal establishment","Aged 18 to 19 years","Male",354
"E06000059","Dorset","Lives in a communal establishment","Aged 20 to 24 years","Male",515
"E06000059","Dorset","Lives in a communal establishment","Aged 25 to 29 years","Male",370
"E06000059","Dorset","Lives in a communal establishment","Aged 30 to 34 years","Male",308
"E06000059","Dorset","Lives in a communal establishment","Aged 35 to 39 years","Male",234
"E06000059","Dorset","Lives in a communal establishment","Aged 40 to 44 years","Male",194
"E06000059","Dorset","Lives in a communal establishment","Aged 45 to 49 years","Male",133
"E06000059","Dorset","Lives in a communal establishment","Aged 50 to 54 years","Male",148
"E06000059","Dorset","Lives in a communal establishment","Aged 55 to 59 years","Male",154
"E06000059","Dorset","Lives in a communal establishment","Aged 60 to 64 years","Male",89
"E06000059","Dorset","Lives in a communal establishment","Aged 65 years","Male",22
"E06000059","Dorset","Lives in a communal establishment","Aged 66 to 69 years","Male",85
"E06000059","Dorset","Lives in a communal establishment","Aged 70 to 74 years","Male",131
"E06000059","Dorset","Lives in a communal establishment","Aged 75 to 79 years","Male",131
"E06000059","Dorset","Lives in a communal establishment","Aged 80 to 84 years","Male",163
"E06000059","Dorset","Lives in a communal establishment","Aged 85 years and over","Male",378
"E07000040","East Devon","Lives in a communal establishment","Total","Male",1300
"E07000040","East Devon","Lives in a communal establishment","Aged 2 years and under","Male",3
"E07000040","East Devon","Lives in a communal establishment","Aged 3 to 4 years","Male",2
"E07000040","East Devon","Lives in a communal establishment","Aged 5 to 7 years","Male",3
"E07000040","East Devon","Lives in a communal establishment","Aged 8 to 9 years","Male",0
"E07000040","East Devon","Lives in a communal establishment","Aged 10 to 14 years","Male",6
"E07000040","East Devon","Lives in a communal establishment","Aged 15 years","Male",0
"E07000040","East Devon","Lives in a communal establishment","Aged 16 to 17 years","Male",58
"E07000040","East Devon","Lives in a communal establishment","Aged 18 to 19 years","Male",152
"E07000040","East Devon","Lives in a communal establishment","Aged 20 to 24 years","Male",343
"E07000040","East Devon","Lives in a communal establishment","Aged 25 to 29 years","Male",218
"E07000040","East Devon","Lives in a communal establishment","Aged 30 to 34 years","Male",13
"E07000040","East Devon","Lives in a communal establishment","Aged 35 to 39 years","Male",34
"E07000040","East Devon","Lives in a communal establishment","Aged 40 to 44 years","Male",17
"E07000040","East Devon","Lives in a communal establishment","Aged 45 to 49 years","Male",24
"E07000040","East Devon","Lives in a communal establishment","Aged 50 to 54 years","Male",17
"E07000040","East Devon","Lives in a communal establishment","Aged 55 to 59 years","Male",26
"E07000040","East Devon","Lives in a communal establishment","Aged 60 to 64 years","Male",17
"E07000040","East Devon","Lives in a communal establishment","Aged 65 years","Male",2
"E07000040","East Devon","Lives in a communal establishment","Aged 66 to 69 years","Male",13
"E07000040","East Devon","Lives in a communal establishment","Aged 70 to 74 years","Male",37
"E07000040","East Devon","Lives in a communal establishment","Aged 75 to 79 years","Male",61
"E07000040","East Devon","Lives in a communal establishment","Aged 80 to 84 years","Male",59
"E07000040","East Devon","Lives in a communal establishment","Aged 85 years and over","Male",195
"E07000041","Exeter","Lives in a communal establishment","Total","Male",4723
"E07000041","Exeter","Lives in a communal establishment","Aged 2 years and under","Male",5
"E07000041","Exeter","Lives in a communal establishment","Aged 3 to 4 years","Male",0
"E07000041","Exeter","Lives in a communal establishment","Aged 5 to 7 years","Male",0
"E07000041","Exeter","Lives in a communal establishment","Aged 8 to 9 years","Male",2
"E07000041","Exeter","Lives in a communal establishment","Aged 10 to 14 years","Male",6
"E07000041","Exeter","Lives in a communal establishment","Aged 15 years","Male",6
"E07000041","Exeter","Lives in a communal establishment","Aged 16 to 17 years","Male",41
"E07000041","Exeter","Lives in a communal establishment","Aged 18 to 19 years","Male",2364
"E07000041","Exeter","Lives in a communal establishment","Aged 20 to 24 years","Male",1358
"E07000041","Exeter","Lives in a communal establishment","Aged 25 to 29 years","Male",297
"E07000041","Exeter","Lives in a communal establishment","Aged 30 to 34 years","Male",117
"E07000041","Exeter","Lives in a communal establishment","Aged 35 to 39 years","Male",69
"E07000041","Exeter","Lives in a communal establishment","Aged 40 to 44 years","Male",79
"E07000041","Exeter","Lives in a communal establishment","Aged 45 to 49 years","Male",64
"E07000041","Exeter","Lives in a communal establishment","Aged 50 to 54 years","Male",56
"E07000041","Exeter","Lives in a communal establishment","Aged 55 to 59 years","Male",37
"E07000041","Exeter","Lives in a communal establishment","Aged 60 to 64 years","Male",22
"E07000041","Exeter","Lives in a communal establishment","Aged 65 years","Male",3
"E07000041","Exeter","Lives in a communal establishment","Aged 66 to 69 years","Male",15
"E07000041","Exeter","Lives in a communal establishment","Aged 70 to 74 years","Male",19
"E07000041","Exeter","Lives in a communal establishment","Aged 75 to 79 years","Male",33
"E07000041","Exeter","Lives in a communal establishment","Aged 80 to 84 years","Male",47
"E07000041","Exeter","Lives in a communal establishment","Aged 85 years and over","Male",83
"E07000042","Mid Devon","Lives in a communal establishment","Total","Male",277
"E07000042","Mid Devon","Lives in a communal establishment","Aged 2 years and under","Male",0
"E07000042","Mid Devon","Lives in a communal establishment","Aged 3 to 4 years","Male",0
"E07000042","Mid Devon","Lives in a communal establishment","Aged 5 to 7 years","Male",3
"E07000042","Mid Devon","Lives in a communal establishment","Aged 8 to 9 years","Male",1
"E07000042","Mid Devon","Lives in a communal establishment","Aged 10 to 14 years","Male",22
"E07000042","Mid Devon","Lives in a communal establishment","Aged 15 years","Male",17
"E07000042","Mid Devon","Lives in a communal establishment","Aged 16 to 17 years","Male",45
"E07000042","Mid Devon","Lives in a communal establishment","Aged 18 to 19 years","Male",19
"E07000042","Mid Devon","Lives in a communal establishment","Aged 20 to 24 years","Male",13
"E07000042","Mid Devon","Lives in a communal establishment","Aged 25 to 29 years","Male",13
"E07000042","Mid Devon","Lives in a communal establishment","Aged 30 to 34 years","Male",6
"E07000042","Mid Devon","Lives in a communal establishment","Aged 35 to 39 years","Male",5
"E07000042","Mid Devon","Lives in a communal establishment","Aged 40 to 44 years","Male",6
"E07000042","Mid Devon","Lives in a communal establishment","Aged 45 to 49 years","Male",15
"E07000042","Mid Devon","Lives in a communal establishment","Aged 50 to 54 years","Male",9
"E07000042","Mid Devon","Lives in a communal establishment","Aged 55 to 59 years","Male",5
"E07000042","Mid Devon","Lives in a communal establishment","Aged 60 to 64 years","Male",9
"E07000042","Mid Devon","Lives in a communal establishment","Aged 65 years","Male",0
"E07000042","Mid Devon","Lives in a communal establishment","Aged 66 to 69 years","Male",5
"E07000042","Mid Devon","Lives in a communal establishment","Aged 70 to 74 years","Male",17
"E07000042","Mid Devon","Lives in a communal establishment","Aged 75 to 79 years","Male",8
"E07000042","Mid Devon","Lives in a communal establishment","Aged 80 to 84 years","Male",15
"E07000042","Mid Devon","Lives in a communal establishment","Aged 85 years and over","Male",44
"E07000043","North Devon","Lives in a communal establishment","Total","Male",792
"E07000043","North Devon","Lives in a communal establishment","Aged 2 years and under","Male",4
"E07000043","North Devon","Lives in a communal establishment","Aged 3 to 4 years","Male",0
"E07000043","North Devon","Lives in a communal establishment","Aged 5 to 7 years","Male",2
"E07000043","North Devon","Lives in a communal establishment","Aged 8 to 9 years","Male",1
"E07000043","North Devon","Lives in a communal establishment","Aged 10 to 14 years","Male",15
"E07000043","North Devon","Lives in a communal establishment","Aged 15 years","Male",3
"E07000043","North Devon","Lives in a communal establishment","Aged 16 to 17 years","Male",31
"E07000043","North Devon","Lives in a communal establishment","Aged 18 to 19 years","Male",128
"E07000043","North Devon","Lives in a communal establishment","Aged 20 to 24 years","Male",27
"E07000043","North Devon","Lives in a communal establishment","Aged 25 to 29 years","Male",95
"E07000043","North Devon","Lives in a communal establishment","Aged 30 to 34 years","Male",70
"E07000043","North Devon","Lives in a communal establishment","Aged 35 to 39 years","Male",24
"E07000043","North Devon","Lives in a communal establishment","Aged 40 to 44 years","Male",20
"E07000043","North Devon","Lives in a communal establishment","Aged 45 to 49 years","Male",20
"E07000043","North Devon","Lives in a communal establishment","Aged 50 to 54 years","Male",28
"E07000043","North Devon","Lives in a communal establishment","Aged 55 to 59 years","Male",32
"E07000043","North Devon","Lives in a communal establishment","Aged 60 to 64 years","Male",37
"E07000043","North Devon","Lives in a communal establishment","Aged 65 years","Male",12
"E07000043","North Devon","Lives in a communal establishment","Aged 66 to 69 years","Male",23
"E07000043","North Devon","Lives in a communal establishment","Aged 70 to 74 years","Male",59
"E07000043","North Devon","Lives in a communal establishment","Aged 75 to 79 years","Male",41
"E07000043","North Devon","Lives in a communal establishment","Aged 80 to 84 years","Male",42
"E07000043","North Devon","Lives in a communal establishment","Aged 85 years and over","Male",78
"E07000044","South Hams","Lives in a communal establishment","Total","Male",397
"E07000044","South Hams","Lives in a communal establishment","Aged 2 years and under","Male",0
"E07000044","South Hams","Lives in a communal establishment","Aged 3 to 4 years","Male",1
"E07000044","South Hams","Lives in a communal establishment","Aged 5 to 7 years","Male",1
"E07000044","South Hams","Lives in a communal establishment","Aged 8 to 9 years","Male",3
"E07000044","South Hams","Lives in a communal establishment","Aged 10 to 14 years","Male",3
"E07000044","South Hams","Lives in a communal establishment","Aged 15 years","Male",0
"E07000044","South Hams","Lives in a communal establishment","Aged 16 to 17 years","Male",0
"E07000044","South Hams","Lives in a communal establishment","Aged 18 to 19 years","Male",16
"E07000044","South Hams","Lives in a communal establishment","Aged 20 to 24 years","Male",79
"E07000044","South Hams","Lives in a communal establishment","Aged 25 to 29 years","Male",46
"E07000044","South Hams","Lives in a communal establishment","Aged 30 to 34 years","Male",11
"E07000044","South Hams","Lives in a communal establishment","Aged 35 to 39 years","Male",19
"E07000044","South Hams","Lives in a communal establishment","Aged 40 to 44 years","Male",3
"E07000044","South Hams","Lives in a communal establishment","Aged 45 to 49 years","Male",12
"E07000044","South Hams","Lives in a communal establishment","Aged 50 to 54 years","Male",10
"E07000044","South Hams","Lives in a communal establishment","Aged 55 to 59 years","Male",9
"E07000044","South Hams","Lives in a communal establishment","Aged 60 to 64 years","Male",15
"E07000044","South Hams","Lives in a communal establishment","Aged 65 years","Male",0
"E07000044","South Hams","Lives in a communal establishment","Aged 66 to 69 years","Male",11
"E07000044","South Hams","Lives in a communal establishment","Aged 70 to 74 years","Male",19
"E07000044","South Hams","Lives in a communal establishment","Aged 75 to 79 years","Male",32
"E07000044","South Hams","Lives in a communal establishment","Aged 80 to 84 years","Male",32
"E07000044","South Hams","Lives in a communal establishment","Aged 85 years and over","Male",75
"E07000045","Teignbridge","Lives in a communal establishment","Total","Male",1194
"E07000045","Teignbridge","Lives in a communal establishment","Aged 2 years and under","Male",0
"E07000045","Teignbridge","Lives in a communal establishment","Aged 3 to 4 years","Male",0
"E07000045","Teignbridge","Lives in a communal establishment","Aged 5 to 7 years","Male",4
"E07000045","Teignbridge","Lives in a communal establishment","Aged 8 to 9 years","Male",2
"E07000045","Teignbridge","Lives in a communal establishment","Aged 10 to 14 years","Male",10
"E07000045","Teignbridge","Lives in a communal establishment","Aged 15 years","Male",6
"E07000045","Teignbridge","Lives in a communal establishment","Aged 16 to 17 years","Male",11
"E07000045","Teignbridge","Lives in a communal establishment","Aged 18 to 19 years","Male",7
"E07000045","Teignbridge","Lives in a communal establishment","Aged 20 to 24 years","Male",83
"E07000045","Teignbridge","Lives in a communal establishment","Aged 25 to 29 years","Male",148
"E07000045","Teignbridge","Lives in a communal establishment","Aged 30 to 34 years","Male",126
"E07000045","Teignbridge","Lives in a communal establishment","Aged 35 to 39 years","Male",110
"E07000045","Teignbridge","Lives in a communal establishment","Aged 40 to 44 years","Male",99
"E07000045","Teignbridge","Lives in a communal establishment","Aged 45 to 49 years","Male",71
"E07000045","Teignbridge","Lives in a communal establishment","Aged 50 to 54 years","Male",65
"E07000045","Teignbridge","Lives in a communal establishment","Aged 55 to 59 years","Male",57
"E07000045","Teignbridge","Lives in a communal establishment","Aged 60 to 64 years","Male",46
"E07000045","Teignbridge","Lives in a communal establishment","Aged 65 years","Male",12
"E07000045","Teignbridge","Lives in a communal establishment","Aged 66 to 69 years","Male",38
"E07000045","Teignbridge","Lives in a communal establishment","Aged 70 to 74 years","Male",48
"E07000045","Teignbridge","Lives in a communal establishment","Aged 75 to 79 years","Male",53
"E07000045","Teignbridge","Lives in a communal establishment","Aged 80 to 84 years","Male",61
"E07000045","Teignbridge","Lives in a communal establishment","Aged 85 years and over","Male",137
"E07000046","Torridge","Lives in a communal establishment","Total","Male",305
"E07000046","Torridge","Lives in a communal establishment","Aged 2 years and under","Male",1
"E07000046","Torridge","Lives in a communal establishment","Aged 3 to 4 years","Male",0
"E07000046","Torridge","Lives in a communal establishment","Aged 5 to 7 years","Male",1
"E07000046","Torridge","Lives in a communal establishment","Aged 8 to 9 years","Male",1
"E07000046","Torridge","Lives in a communal establishment","Aged 10 to 14 years","Male",7
"E07000046","Torridge","Lives in a communal establishment","Aged 15 years","Male",12
"E07000046","Torridge","Lives in a communal establishment","Aged 16 to 17 years","Male",23
"E07000046","Torridge","Lives in a communal establishment","Aged 18 to 19 years","Male",7
"E07000046","Torridge","Lives in a communal establishment","Aged 20 to 24 years","Male",21
"E07000046","Torridge","Lives in a communal establishment","Aged 25 to 29 years","Male",17
"E07000046","Torridge","Lives in a communal establishment","Aged 30 to 34 years","Male",6
"E07000046","Torridge","Lives in a communal establishment","Aged 35 to 39 years","Male",5
"E07000046","Torridge","Lives in a communal establishment","Aged 40 to 44 years","Male",7
"E07000046","Torridge","Lives in a communal establishment","Aged 45 to 49 years","Male",6
"E07000046","Torridge","Lives in a communal establishment","Aged 50 to 54 years","Male",13
"E07000046","Torridge","Lives in a communal establishment","Aged 55 to 59 years","Male",12
"E07000046","Torridge","Lives in a communal establishment","Aged 60 to 64 years","Male",11
"E07000046","Torridge","Lives in a communal establishment","Aged 65 years","Male",7
"E07000046","Torridge","Lives in a communal establishment","Aged 66 to 69 years","Male",12
"E07000046","Torridge","Lives in a communal establishment","Aged 70 to 74 years","Male",21
"E07000046","Torridge","Lives in a communal establishment","Aged 75 to 79 years","Male",21
"E07000046","Torridge","Lives in a communal establishment","Aged 80 to 84 years","Male",18
"E07000046","Torridge","Lives in a communal establishment","Aged 85 years and over","Male",76
"E07000047","West Devon","Lives in a communal establishment","Total","Male",926
"E07000047","West Devon","Lives in a communal establishment","Aged 2 years and under","Male",2
"E07000047","West Devon","Lives in a communal establishment","Aged 3 to 4 years","Male",3
"E07000047","West Devon","Lives in a communal establishment","Aged 5 to 7 years","Male",1
"E07000047","West Devon","Lives in a communal establishment","Aged 8 to 9 years","Male",1
"E07000047","West Devon","Lives in a communal establishment","Aged 10 to 14 years","Male",27
"E07000047","West Devon","Lives in a communal establishment","Aged 15 years","Male",21
"E07000047","West Devon","Lives in a communal establishment","Aged 16 to 17 years","Male",50
"E07000047","West Devon","Lives in a communal establishment","Aged 18 to 19 years","Male",19
"E07000047","West Devon","Lives in a communal establishment","Aged 20 to 24 years","Male",54
"E07000047","West Devon","Lives in a communal establishment","Aged 25 to 29 years","Male",76
"E07000047","West Devon","Lives in a communal establishment","Aged 30 to 34 years","Male",111
"E07000047","West Devon","Lives in a communal establishment","Aged 35 to 39 years","Male",81
"E07000047","West Devon","Lives in a communal establishment","Aged 40 to 44 years","Male",65
"E07000047","West Devon","Lives in a communal establishment","Aged 45 to 49 years","Male",65
"E07000047","West Devon","Lives in a communal establishment","Aged 50 to 54 years","Male",56
"E07000047","West Devon","Lives in a communal establishment","Aged 55 to 59 years","Male",52
"E07000047","West Devon","Lives in a communal establishment","Aged 60 to 64 years","Male",30
"E07000047","West Devon","Lives in a communal establishment","Aged 65 years","Male",7
"E07000047","West Devon","Lives in a communal establishment","Aged 66 to 69 years","Male",26
"E07000047","West Devon","Lives in a communal establishment","Aged 70 to 74 years","Male",38
"E07000047","West Devon","Lives in a communal establishment","Aged 75 to 79 years","Male",34
"E07000047","West Devon","Lives in a communal establishment","Aged 80 to 84 years","Male",42
"E07000047","West Devon","Lives in a communal establishment","Aged 85 years and over","Male",65
"E07000078","Cheltenham","Lives in a communal establishment","Total","Male",1307
"E07000078","Cheltenham","Lives in a communal establishment","Aged 2 years and under","Male",4
"E07000078","Cheltenham","Lives in a communal establishment","Aged 3 to 4 years","Male",3
"E07000078","Cheltenham","Lives in a communal establishment","Aged 5 to 7 years","Male",6
"E07000078","Cheltenham","Lives in a communal establishment","Aged 8 to 9 years","Male",9
"E07000078","Cheltenham","Lives in a communal establishment","Aged 10 to 14 years","Male",165
"E07000078","Cheltenham","Lives in a communal establishment","Aged 15 years","Male",34
"E07000078","Cheltenham","Lives in a communal establishment","Aged 16 to 17 years","Male",95
"E07000078","Cheltenham","Lives in a communal establishment","Aged 18 to 19 years","Male",332
"E07000078","Cheltenham","Lives in a communal establishment","Aged 20 to 24 years","Male",188
"E07000078","Cheltenham","Lives in a communal establishment","Aged 25 to 29 years","Male",37
"E07000078","Cheltenham","Lives in a communal establishment","Aged 30 to 34 years","Male",19
"E07000078","Cheltenham","Lives in a communal establishment","Aged 35 to 39 years","Male",31
"E07000078","Cheltenham","Lives in a communal establishment","Aged 40 to 44 years","Male",31
"E07000078","Cheltenham","Lives in a communal establishment","Aged 45 to 49 years","Male",32
"E07000078","Cheltenham","Lives in a communal establishment","Aged 50 to 54 years","Male",25
"E07000078","Cheltenham","Lives in a communal establishment","Aged 55 to 59 years","Male",22
"E07000078","Cheltenham","Lives in a communal establishment","Aged 60 to 64 years","Male",29
"E07000078","Cheltenham","Lives in a communal establishment","Aged 65 years","Male",2
"E07000078","Cheltenham","Lives in a communal establishment","Aged 66 to 69 years","Male",11
"E07000078","Cheltenham","Lives in a communal establishment","Aged 70 to 74 years","Male",20
"E07000078","Cheltenham","Lives in a communal establishment","Aged 75 to 79 years","Male",49
"E07000078","Cheltenham","Lives in a communal establishment","Aged 80 to 84 years","Male",53
"E07000078","Cheltenham","Lives in a communal establishment","Aged 85 years and over","Male",110
"E07000079","Cotswold","Lives in a communal establishment","Total","Male",427
"E07000079","Cotswold","Lives in a communal establishment","Aged 2 years and under","Male",0
"E07000079","Cotswold","Lives in a communal establishment","Aged 3 to 4 years","Male",2
"E07000079","Cotswold","Lives in a communal establishment","Aged 5 to 7 years","Male",0
"E07000079","Cotswold","Lives in a communal establishment","Aged 8 to 9 years","Male",1
"E07000079","Cotswold","Lives in a communal establishment","Aged 10 to 14 years","Male",14
"E07000079","Cotswold","Lives in a communal establishment","Aged 15 years","Male",3
"E07000079","Cotswold","Lives in a communal establishment","Aged 16 to 17 years","Male",9
"E07000079","Cotswold","Lives in a communal establishment","Aged 18 to 19 years","Male",67
"E07000079","Cotswold","Lives in a communal establishment","Aged 20 to 24 years","Male",84
"E07000079","Cotswold","Lives in a communal establishment","Aged 25 to 29 years","Male",49
"E07000079","Cotswold","Lives in a communal establishment","Aged 30 to 34 years","Male",13
"E07000079","Cotswold","Lives in a communal establishment","Aged 35 to 39 years","Male",22
"E07000079","Cotswold","Lives in a communal establishment","Aged 40 to 44 years","Male",10
"E07000079","Cotswold","Lives in a communal establishment","Aged 45 to 49 years","Male",9
"E07000079","Cotswold","Lives in a communal establishment","Aged 50 to 54 years","Male",9
"E07000079","Cotswold","Lives in a communal establishment","Aged 55 to 59 years","Male",6
"E07000079","Cotswold","Lives in a communal establishment","Aged 60 to 64 years","Male",6
"E07000079","Cotswold","Lives in a communal establishment","Aged 65 years","Male",0
"E07000079","Cotswold","Lives in a communal establishment","Aged 66 to 69 years","Male",5
"E07000079","Cotswold","Lives in a communal establishment","Aged 70 to 74 years","Male",14
"E07000079","Cotswold","Lives in a communal establishment","Aged 75 to 79 years","Male",8
"E07000079","Cotswold","Lives in a communal establishment","Aged 80 to 84 years","Male",35
"E07000079","Cotswold","Lives in a communal establishment","Aged 85 years and over","Male",61
"E07000080","Forest of Dean","Lives in a communal establishment","Total","Male",946
"E07000080","Forest of Dean","Lives in a communal establishment","Aged 2 years and under","Male",2
"E07000080","Forest of Dean","Lives in a communal establishment","Aged 3 to 4 years","Male",0
"E07000080","Forest of Dean","Lives in a communal establishment","Aged 5 to 7 years","Male",0
"E07000080","Forest of Dean","Lives in a communal establishment","Aged 8 to 9 years","Male",1
"E07000080","Forest of Dean","Lives in a communal establishment","Aged 10 to 14 years","Male",8
"E07000080","Forest of Dean","Lives in a communal establishment","Aged 15 years","Male",1
"E07000080","Forest of Dean","Lives in a communal establishment","Aged 16 to 17 years","Male",203
"E07000080","Forest of Dean","Lives in a communal establishment","Aged 18 to 19 years","Male",180
"E07000080","Forest of Dean","Lives in a communal establishment","Aged 20 to 24 years","Male",138
"E07000080","Forest of Dean","Lives in a communal establishment","Aged 25 to 29 years","Male",115
"E07000080","Forest of Dean","Lives in a communal establishment","Aged 30 to 34 years","Male",38
"E07000080","Forest of Dean","Lives in a communal establishment","Aged 35 to 39 years","Male",22
"E07000080","Forest of Dean","Lives in a communal establishment","Aged 40 to 44 years","Male",16
"E07000080","Forest of Dean","Lives in a communal establishment","Aged 45 to 49 years","Male",24
"E07000080","Forest of Dean","Lives in a communal establishment","Aged 50 to 54 years","Male",31
"E07000080","Forest of Dean","Lives in a communal establishment","Aged 55 to 59 years","Male",34
"E07000080","Forest of Dean","Lives in a communal establishment","Aged 60 to 64 years","Male",21
"E07000080","Forest of Dean","Lives in a communal establishment","Aged 65 years","Male",6
"E07000080","Forest of Dean","Lives in a communal establishment","Aged 66 to 69 years","Male",15
"E07000080","Forest of Dean","Lives in a communal establishment","Aged 70 to 74 years","Male",12
"E07000080","Forest of Dean","Lives in a communal establishment","Aged 75 to 79 years","Male",19
"E07000080","Forest of Dean","Lives in a communal establishment","Aged 80 to 84 years","Male",24
"E07000080","Forest of Dean","Lives in a communal establishment","Aged 85 years and over","Male",36
"E07000081","Gloucester","Lives in a communal establishment","Total","Male",812
"E07000081","Gloucester","Lives in a communal establishment","Aged 2 years and under","Male",0
"E07000081","Gloucester","Lives in a communal establishment","Aged 3 to 4 years","Male",0
"E07000081","Gloucester","Lives in a communal establishment","Aged 5 to 7 years","Male",0
"E07000081","Gloucester","Lives in a communal establishment","Aged 8 to 9 years","Male",0
"E07000081","Gloucester","Lives in a communal establishment","Aged 10 to 14 years","Male",0
"E07000081","Gloucester","Lives in a communal establishment","Aged 15 years","Male",0
"E07000081","Gloucester","Lives in a communal establishment","Aged 16 to 17 years","Male",0
"E07000081","Gloucester","Lives in a communal establishment","Aged 18 to 19 years","Male",165
"E07000081","Gloucester","Lives in a communal establishment","Aged 20 to 24 years","Male",103
"E07000081","Gloucester","Lives in a communal establishment","Aged 25 to 29 years","Male",42
"E07000081","Gloucester","Lives in a communal establishment","Aged 30 to 34 years","Male",52
"E07000081","Gloucester","Lives in a communal establishment","Aged 35 to 39 years","Male",44
"E07000081","Gloucester","Lives in a communal establishment","Aged 40 to 44 years","Male",54
"E07000081","Gloucester","Lives in a communal establishment","Aged 45 to 49 years","Male",28
"E07000081","Gloucester","Lives in a communal establishment","Aged 50 to 54 years","Male",37
"E07000081","Gloucester","Lives in a communal establishment","Aged 55 to 59 years","Male",48
"E07000081","Gloucester","Lives in a communal establishment","Aged 60 to 64 years","Male",36
"E07000081","Gloucester","Lives in a communal establishment","Aged 65 years","Male",1
"E07000081","Gloucester","Lives in a communal establishment","Aged 66 to 69 years","Male",18
"E07000081","Gloucester","Lives in a communal establishment","Aged 70 to 74 years","Male",34
"E07000081","Gloucester","Lives in a communal establishment","Aged 75 to 79 years","Male",43
"E07000081","Gloucester","Lives in a communal establishment","Aged 80 to 84 years","Male",40
"E07000081","Gloucester","Lives in a communal establishment","Aged 85 years and over","Male",67
"E07000082","Stroud","Lives in a communal establishment","Total","Male",461
"E07000082","Stroud","Lives in a communal establishment","Aged 2 years and under","Male",4
"E07000082","Stroud","Lives in a communal establishment","Aged 3 to 4 years","Male",0
"E07000082","Stroud","Lives in a communal establishment","Aged 5 to 7 years","Male",1
"E07000082","Stroud","Lives in a communal establishment","Aged 8 to 9 years","Male",8
"E07000082","Stroud","Lives in a communal establishment","Aged 10 to 14 years","Male",55
"E07000082","Stroud","Lives in a communal establishment","Aged 15 years","Male",11
"E07000082","Stroud","Lives in a communal establishment","Aged 16 to 17 years","Male",31
"E07000082","Stroud","Lives in a communal establishment","Aged 18 to 19 years","Male",16
"E07000082","Stroud","Lives in a communal establishment","Aged 20 to 24 years","Male",23
"E07000082","Stroud","Lives in a communal establishment","Aged 25 to 29 years","Male",9
"E07000082","Stroud","Lives in a communal establishment","Aged 30 to 34 years","Male",10
"E07000082","Stroud","Lives in a communal establishment","Aged 35 to 39 years","Male",13
"E07000082","Stroud","Lives in a communal establishment","Aged 40 to 44 years","Male",18
"E07000082","Stroud","Lives in a communal establishment","Aged 45 to 49 years","Male",14
"E07000082","Stroud","Lives in a communal establishment","Aged 50 to 54 years","Male",22
"E07000082","Stroud","Lives in a communal establishment","Aged 55 to 59 years","Male",33
"E07000082","Stroud","Lives in a communal establishment","Aged 60 to 64 years","Male",9
"E07000082","Stroud","Lives in a communal establishment","Aged 65 years","Male",2
"E07000082","Stroud","Lives in a communal establishment","Aged 66 to 69 years","Male",10
"E07000082","Stroud","Lives in a communal establishment","Aged 70 to 74 years","Male",26
"E07000082","Stroud","Lives in a communal establishment","Aged 75 to 79 years","Male",26
"E07000082","Stroud","Lives in a communal establishment","Aged 80 to 84 years","Male",46
"E07000082","Stroud","Lives in a communal establishment","Aged 85 years and over","Male",74
"E07000083","Tewkesbury","Lives in a communal establishment","Total","Male",292
"E07000083","Tewkesbury","Lives in a communal establishment","Aged 2 years and under","Male",2
"E07000083","Tewkesbury","Lives in a communal establishment","Aged 3 to 4 years","Male",0
"E07000083","Tewkesbury","Lives in a communal establishment","Aged 5 to 7 years","Male",0
"E07000083","Tewkesbury","Lives in a communal establishment","Aged 8 to 9 years","Male",0
"E07000083","Tewkesbury","Lives in a communal establishment","Aged 10 to 14 years","Male",0
"E07000083","Tewkesbury","Lives in a communal establishment","Aged 15 years","Male",0
"E07000083","Tewkesbury","Lives in a communal establishment","Aged 16 to 17 years","Male",1
"E07000083","Tewkesbury","Lives in a communal establishment","Aged 18 to 19 years","Male",6
"E07000083","Tewkesbury","Lives in a communal establishment","Aged 20 to 24 years","Male",45
"E07000083","Tewkesbury","Lives in a communal establishment","Aged 25 to 29 years","Male",40
"E07000083","Tewkesbury","Lives in a communal establishment","Aged 30 to 34 years","Male",12
"E07000083","Tewkesbury","Lives in a communal establishment","Aged 35 to 39 years","Male",24
"E07000083","Tewkesbury","Lives in a communal establishment","Aged 40 to 44 years","Male",14
"E07000083","Tewkesbury","Lives in a communal establishment","Aged 45 to 49 years","Male",13
"E07000083","Tewkesbury","Lives in a communal establishment","Aged 50 to 54 years","Male",17
"E07000083","Tewkesbury","Lives in a communal establishment","Aged 55 to 59 years","Male",7
"E07000083","Tewkesbury","Lives in a communal establishment","Aged 60 to 64 years","Male",6
"E07000083","Tewkesbury","Lives in a communal establishment","Aged 65 years","Male",2
"E07000083","Tewkesbury","Lives in a communal establishment","Aged 66 to 69 years","Male",7
"E07000083","Tewkesbury","Lives in a communal establishment","Aged 70 to 74 years","Male",8
"E07000083","Tewkesbury","Lives in a communal establishment","Aged 75 to 79 years","Male",26
"E07000083","Tewkesbury","Lives in a communal establishment","Aged 80 to 84 years","Male",24
"E07000083","Tewkesbury","Lives in a communal establishment","Aged 85 years and over","Male",38
"E06000066","Somerset","Lives in a communal establishment","Total","Male",4727
"E06000066","Somerset","Lives in a communal establishment","Aged 2 years and under","Male",8
"E06000066","Somerset","Lives in a communal establishment","Aged 3 to 4 years","Male",13
"E06000066","Somerset","Lives in a communal establishment","Aged 5 to 7 years","Male",7
"E06000066","Somerset","Lives in a communal establishment","Aged 8 to 9 years","Male",43
"E06000066","Somerset","Lives in a communal establishment","Aged 10 to 14 years","Male",540
"E06000066","Somerset","Lives in a communal establishment","Aged 15 years","Male",206
"E06000066","Somerset","Lives in a communal establishment","Aged 16 to 17 years","Male",522
"E06000066","Somerset","Lives in a communal establishment","Aged 18 to 19 years","Male",331
"E06000066","Somerset","Lives in a communal establishment","Aged 20 to 24 years","Male",539
"E06000066","Somerset","Lives in a communal establishment","Aged 25 to 29 years","Male",315
"E06000066","Somerset","Lives in a communal establishment","Aged 30 to 34 years","Male",237
"E06000066","Somerset","Lives in a communal establishment","Aged 35 to 39 years","Male",180
"E06000066","Somerset","Lives in a communal establishment","Aged 40 to 44 years","Male",125
"E06000066","Somerset","Lives in a communal establishment","Aged 45 to 49 years","Male",131
"E06000066","Somerset","Lives in a communal establishment","Aged 50 to 54 years","Male",137
"E06000066","Somerset","Lives in a communal establishment","Aged 55 to 59 years","Male",137
"E06000066","Somerset","Lives in a communal establishment","Aged 60 to 64 years","Male",95
"E06000066","Somerset","Lives in a communal establishment","Aged 65 years","Male",12
"E06000066","Somerset","Lives in a communal establishment","Aged 66 to 69 years","Male",71
"E06000066","Somerset","Lives in a communal establishment","Aged 70 to 74 years","Male",148
"E06000066","Somerset","Lives in a communal establishment","Aged 75 to 79 years","Male",171
"E06000066","Somerset","Lives in a communal establishment","Aged 80 to 84 years","Male",232
"E06000066","Somerset","Lives in a communal establishment","Aged 85 years and over","Male",527
"W06000001","Isle of Anglesey","Lives in a communal establishment","Total","Male",288
"W06000001","Isle of Anglesey","Lives in a communal establishment","Aged 2 years and under","Male",1
"W06000001","Isle of Anglesey","Lives in a communal establishment","Aged 3 to 4 years","Male",0
"W06000001","Isle of Anglesey","Lives in a communal establishment","Aged 5 to 7 years","Male",0
"W06000001","Isle of Anglesey","Lives in a communal establishment","Aged 8 to 9 years","Male",2
"W06000001","Isle of Anglesey","Lives in a communal establishment","Aged 10 to 14 years","Male",0
"W06000001","Isle of Anglesey","Lives in a communal establishment","Aged 15 years","Male",0
"W06000001","Isle of Anglesey","Lives in a communal establishment","Aged 16 to 17 years","Male",3
"W06000001","Isle of Anglesey","Lives in a communal establishment","Aged 18 to 19 years","Male",7
"W06000001","Isle of Anglesey","Lives in a communal establishment","Aged 20 to 24 years","Male",23
"W06000001","Isle of Anglesey","Lives in a communal establishment","Aged 25 to 29 years","Male",29
"W06000001","Isle of Anglesey","Lives in a communal establishment","Aged 30 to 34 years","Male",7
"W06000001","Isle of Anglesey","Lives in a communal establishment","Aged 35 to 39 years","Male",8
"W06000001","Isle of Anglesey","Lives in a communal establishment","Aged 40 to 44 years","Male",13
"W06000001","Isle of Anglesey","Lives in a communal establishment","Aged 45 to 49 years","Male",14
"W06000001","Isle of Anglesey","Lives in a communal establishment","Aged 50 to 54 years","Male",8
"W06000001","Isle of Anglesey","Lives in a communal establishment","Aged 55 to 59 years","Male",16
"W06000001","Isle of Anglesey","Lives in a communal establishment","Aged 60 to 64 years","Male",16
"W06000001","Isle of Anglesey","Lives in a communal establishment","Aged 65 years","Male",1
"W06000001","Isle of Anglesey","Lives in a communal establishment","Aged 66 to 69 years","Male",12
"W06000001","Isle of Anglesey","Lives in a communal establishment","Aged 70 to 74 years","Male",17
"W06000001","Isle of Anglesey","Lives in a communal establishment","Aged 75 to 79 years","Male",19
"W06000001","Isle of Anglesey","Lives in a communal establishment","Aged 80 to 84 years","Male",24
"W06000001","Isle of Anglesey","Lives in a communal establishment","Aged 85 years and over","Male",68
"W06000002","Gwynedd","Lives in a communal establishment","Total","Male",1508
"W06000002","Gwynedd","Lives in a communal establishment","Aged 2 years and under","Male",3
"W06000002","Gwynedd","Lives in a communal establishment","Aged 3 to 4 years","Male",1
"W06000002","Gwynedd","Lives in a communal establishment","Aged 5 to 7 years","Male",1
"W06000002","Gwynedd","Lives in a communal establishment","Aged 8 to 9 years","Male",0
"W06000002","Gwynedd","Lives in a communal establishment","Aged 10 to 14 years","Male",13
"W06000002","Gwynedd","Lives in a communal establishment","Aged 15 years","Male",9
"W06000002","Gwynedd","Lives in a communal establishment","Aged 16 to 17 years","Male",7
"W06000002","Gwynedd","Lives in a communal establishment","Aged 18 to 19 years","Male",413
"W06000002","Gwynedd","Lives in a communal establishment","Aged 20 to 24 years","Male",443
"W06000002","Gwynedd","Lives in a communal establishment","Aged 25 to 29 years","Male",111
"W06000002","Gwynedd","Lives in a communal establishment","Aged 30 to 34 years","Male",46
"W06000002","Gwynedd","Lives in a communal establishment","Aged 35 to 39 years","Male",33
"W06000002","Gwynedd","Lives in a communal establishment","Aged 40 to 44 years","Male",19
"W06000002","Gwynedd","Lives in a communal establishment","Aged 45 to 49 years","Male",33
"W06000002","Gwynedd","Lives in a communal establishment","Aged 50 to 54 years","Male",29
"W06000002","Gwynedd","Lives in a communal establishment","Aged 55 to 59 years","Male",35
"W06000002","Gwynedd","Lives in a communal establishment","Aged 60 to 64 years","Male",29
"W06000002","Gwynedd","Lives in a communal establishment","Aged 65 years","Male",1
"W06000002","Gwynedd","Lives in a communal establishment","Aged 66 to 69 years","Male",28
"W06000002","Gwynedd","Lives in a communal establishment","Aged 70 to 74 years","Male",39
"W06000002","Gwynedd","Lives in a communal establishment","Aged 75 to 79 years","Male",51
"W06000002","Gwynedd","Lives in a communal establishment","Aged 80 to 84 years","Male",55
"W06000002","Gwynedd","Lives in a communal establishment","Aged 85 years and over","Male",109
"W06000003","Conwy","Lives in a communal establishment","Total","Male",748
"W06000003","Conwy","Lives in a communal establishment","Aged 2 years and under","Male",0
"W06000003","Conwy","Lives in a communal establishment","Aged 3 to 4 years","Male",0
"W06000003","Conwy","Lives in a communal establishment","Aged 5 to 7 years","Male",3
"W06000003","Conwy","Lives in a communal establishment","Aged 8 to 9 years","Male",0
"W06000003","Conwy","Lives in a communal establishment","Aged 10 to 14 years","Male",18
"W06000003","Conwy","Lives in a communal establishment","Aged 15 years","Male",13
"W06000003","Conwy","Lives in a communal establishment","Aged 16 to 17 years","Male",14
"W06000003","Conwy","Lives in a communal establishment","Aged 18 to 19 years","Male",9
"W06000003","Conwy","Lives in a communal establishment","Aged 20 to 24 years","Male",12
"W06000003","Conwy","Lives in a communal establishment","Aged 25 to 29 years","Male",31
"W06000003","Conwy","Lives in a communal establishment","Aged 30 to 34 years","Male",32
"W06000003","Conwy","Lives in a communal establishment","Aged 35 to 39 years","Male",46
"W06000003","Conwy","Lives in a communal establishment","Aged 40 to 44 years","Male",40
"W06000003","Conwy","Lives in a communal establishment","Aged 45 to 49 years","Male",33
"W06000003","Conwy","Lives in a communal establishment","Aged 50 to 54 years","Male",43
"W06000003","Conwy","Lives in a communal establishment","Aged 55 to 59 years","Male",62
"W06000003","Conwy","Lives in a communal establishment","Aged 60 to 64 years","Male",46
"W06000003","Conwy","Lives in a communal establishment","Aged 65 years","Male",6
"W06000003","Conwy","Lives in a communal establishment","Aged 66 to 69 years","Male",37
"W06000003","Conwy","Lives in a communal establishment","Aged 70 to 74 years","Male",56
"W06000003","Conwy","Lives in a communal establishment","Aged 75 to 79 years","Male",50
"W06000003","Conwy","Lives in a communal establishment","Aged 80 to 84 years","Male",51
"W06000003","Conwy","Lives in a communal establishment","Aged 85 years and over","Male",146
"W06000004","Denbighshire","Lives in a communal establishment","Total","Male",731
"W06000004","Denbighshire","Lives in a communal establishment","Aged 2 years and under","Male",9
"W06000004","Denbighshire","Lives in a communal establishment","Aged 3 to 4 years","Male",9
"W06000004","Denbighshire","Lives in a communal establishment","Aged 5 to 7 years","Male",0
"W06000004","Denbighshire","Lives in a communal establishment","Aged 8 to 9 years","Male",0
"W06000004","Denbighshire","Lives in a communal establishment","Aged 10 to 14 years","Male",26
"W06000004","Denbighshire","Lives in a communal establishment","Aged 15 years","Male",22
"W06000004","Denbighshire","Lives in a communal establishment","Aged 16 to 17 years","Male",42
"W06000004","Denbighshire","Lives in a communal establishment","Aged 18 to 19 years","Male",28
"W06000004","Denbighshire","Lives in a communal establishment","Aged 20 to 24 years","Male",24
"W06000004","Denbighshire","Lives in a communal establishment","Aged 25 to 29 years","Male",33
"W06000004","Denbighshire","Lives in a communal establishment","Aged 30 to 34 years","Male",36
"W06000004","Denbighshire","Lives in a communal establishment","Aged 35 to 39 years","Male",37
"W06000004","Denbighshire","Lives in a communal establishment","Aged 40 to 44 years","Male",24
"W06000004","Denbighshire","Lives in a communal establishment","Aged 45 to 49 years","Male",34
"W06000004","Denbighshire","Lives in a communal establishment","Aged 50 to 54 years","Male",31
"W06000004","Denbighshire","Lives in a communal establishment","Aged 55 to 59 years","Male",44
"W06000004","Denbighshire","Lives in a communal establishment","Aged 60 to 64 years","Male",36
"W06000004","Denbighshire","Lives in a communal establishment","Aged 65 years","Male",6
"W06000004","Denbighshire","Lives in a communal establishment","Aged 66 to 69 years","Male",54
"W06000004","Denbighshire","Lives in a communal establishment","Aged 70 to 74 years","Male",43
"W06000004","Denbighshire","Lives in a communal establishment","Aged 75 to 79 years","Male",56
"W06000004","Denbighshire","Lives in a communal establishment","Aged 80 to 84 years","Male",53
"W06000004","Denbighshire","Lives in a communal establishment","Aged 85 years and over","Male",84
"W06000005","Flintshire","Lives in a communal establishment","Total","Male",375
"W06000005","Flintshire","Lives in a communal establishment","Aged 2 years and under","Male",4
"W06000005","Flintshire","Lives in a communal establishment","Aged 3 to 4 years","Male",0
"W06000005","Flintshire","Lives in a communal establishment","Aged 5 to 7 years","Male",0
"W06000005","Flintshire","Lives in a communal establishment","Aged 8 to 9 years","Male",1
"W06000005","Flintshire","Lives in a communal establishment","Aged 10 to 14 years","Male",16
"W06000005","Flintshire","Lives in a communal establishment","Aged 15 years","Male",6
"W06000005","Flintshire","Lives in a communal establishment","Aged 16 to 17 years","Male",13
"W06000005","Flintshire","Lives in a communal establishment","Aged 18 to 19 years","Male",9
"W06000005","Flintshire","Lives in a communal establishment","Aged 20 to 24 years","Male",20
"W06000005","Flintshire","Lives in a communal establishment","Aged 25 to 29 years","Male",34
"W06000005","Flintshire","Lives in a communal establishment","Aged 30 to 34 years","Male",12
"W06000005","Flintshire","Lives in a communal establishment","Aged 35 to 39 years","Male",22
"W06000005","Flintshire","Lives in a communal establishment","Aged 40 to 44 years","Male",15
"W06000005","Flintshire","Lives in a communal establishment","Aged 45 to 49 years","Male",13
"W06000005","Flintshire","Lives in a communal establishment","Aged 50 to 54 years","Male",17
"W06000005","Flintshire","Lives in a communal establishment","Aged 55 to 59 years","Male",7
"W06000005","Flintshire","Lives in a communal establishment","Aged 60 to 64 years","Male",8
"W06000005","Flintshire","Lives in a communal establishment","Aged 65 years","Male",2
"W06000005","Flintshire","Lives in a communal establishment","Aged 66 to 69 years","Male",9
"W06000005","Flintshire","Lives in a communal establishment","Aged 70 to 74 years","Male",24
"W06000005","Flintshire","Lives in a communal establishment","Aged 75 to 79 years","Male",39
"W06000005","Flintshire","Lives in a communal establishment","Aged 80 to 84 years","Male",31
"W06000005","Flintshire","Lives in a communal establishment","Aged 85 years and over","Male",73
"W06000006","Wrexham","Lives in a communal establishment","Total","Male",2135
"W06000006","Wrexham","Lives in a communal establishment","Aged 2 years and under","Male",0
"W06000006","Wrexham","Lives in a communal establishment","Aged 3 to 4 years","Male",0
"W06000006","Wrexham","Lives in a communal establishment","Aged 5 to 7 years","Male",0
"W06000006","Wrexham","Lives in a communal establishment","Aged 8 to 9 years","Male",3
"W06000006","Wrexham","Lives in a communal establishment","Aged 10 to 14 years","Male",10
"W06000006","Wrexham","Lives in a communal establishment","Aged 15 years","Male",4
"W06000006","Wrexham","Lives in a communal establishment","Aged 16 to 17 years","Male",10
"W06000006","Wrexham","Lives in a communal establishment","Aged 18 to 19 years","Male",43
"W06000006","Wrexham","Lives in a communal establishment","Aged 20 to 24 years","Male",232
"W06000006","Wrexham","Lives in a communal establishment","Aged 25 to 29 years","Male",336
"W06000006","Wrexham","Lives in a communal establishment","Aged 30 to 34 years","Male",331
"W06000006","Wrexham","Lives in a communal establishment","Aged 35 to 39 years","Male",252
"W06000006","Wrexham","Lives in a communal establishment","Aged 40 to 44 years","Male",187
"W06000006","Wrexham","Lives in a communal establishment","Aged 45 to 49 years","Male",165
"W06000006","Wrexham","Lives in a communal establishment","Aged 50 to 54 years","Male",86
"W06000006","Wrexham","Lives in a communal establishment","Aged 55 to 59 years","Male",81
"W06000006","Wrexham","Lives in a communal establishment","Aged 60 to 64 years","Male",39
"W06000006","Wrexham","Lives in a communal establishment","Aged 65 years","Male",8
"W06000006","Wrexham","Lives in a communal establishment","Aged 66 to 69 years","Male",42
"W06000006","Wrexham","Lives in a communal establishment","Aged 70 to 74 years","Male",63
"W06000006","Wrexham","Lives in a communal establishment","Aged 75 to 79 years","Male",85
"W06000006","Wrexham","Lives in a communal establishment","Aged 80 to 84 years","Male",51
"W06000006","Wrexham","Lives in a communal establishment","Aged 85 years and over","Male",107
"W06000008","Ceredigion","Lives in a communal establishment","Total","Male",1664
"W06000008","Ceredigion","Lives in a communal establishment","Aged 2 years and under","Male",0
"W06000008","Ceredigion","Lives in a communal establishment","Aged 3 to 4 years","Male",0
"W06000008","Ceredigion","Lives in a communal establishment","Aged 5 to 7 years","Male",0
"W06000008","Ceredigion","Lives in a communal establishment","Aged 8 to 9 years","Male",1
"W06000008","Ceredigion","Lives in a communal establishment","Aged 10 to 14 years","Male",2
"W06000008","Ceredigion","Lives in a communal establishment","Aged 15 years","Male",0
"W06000008","Ceredigion","Lives in a communal establishment","Aged 16 to 17 years","Male",4
"W06000008","Ceredigion","Lives in a communal establishment","Aged 18 to 19 years","Male",681
"W06000008","Ceredigion","Lives in a communal establishment","Aged 20 to 24 years","Male",716
"W06000008","Ceredigion","Lives in a communal establishment","Aged 25 to 29 years","Male",72
"W06000008","Ceredigion","Lives in a communal establishment","Aged 30 to 34 years","Male",21
"W06000008","Ceredigion","Lives in a communal establishment","Aged 35 to 39 years","Male",7
"W06000008","Ceredigion","Lives in a communal establishment","Aged 40 to 44 years","Male",4
"W06000008","Ceredigion","Lives in a communal establishment","Aged 45 to 49 years","Male",6
"W06000008","Ceredigion","Lives in a communal establishment","Aged 50 to 54 years","Male",10
"W06000008","Ceredigion","Lives in a communal establishment","Aged 55 to 59 years","Male",16
"W06000008","Ceredigion","Lives in a communal establishment","Aged 60 to 64 years","Male",15
"W06000008","Ceredigion","Lives in a communal establishment","Aged 65 years","Male",1
"W06000008","Ceredigion","Lives in a communal establishment","Aged 66 to 69 years","Male",9
"W06000008","Ceredigion","Lives in a communal establishment","Aged 70 to 74 years","Male",11
"W06000008","Ceredigion","Lives in a communal establishment","Aged 75 to 79 years","Male",17
"W06000008","Ceredigion","Lives in a communal establishment","Aged 80 to 84 years","Male",22
"W06000008","Ceredigion","Lives in a communal establishment","Aged 85 years and over","Male",49
"W06000009","Pembrokeshire","Lives in a communal establishment","Total","Male",771
"W06000009","Pembrokeshire","Lives in a communal establishment","Aged 2 years and under","Male",0
"W06000009","Pembrokeshire","Lives in a communal establishment","Aged 3 to 4 years","Male",0
"W06000009","Pembrokeshire","Lives in a communal establishment","Aged 5 to 7 years","Male",0
"W06000009","Pembrokeshire","Lives in a communal establishment","Aged 8 to 9 years","Male",0
"W06000009","Pembrokeshire","Lives in a communal establishment","Aged 10 to 14 years","Male",9
"W06000009","Pembrokeshire","Lives in a communal establishment","Aged 15 years","Male",4
"W06000009","Pembrokeshire","Lives in a communal establishment","Aged 16 to 17 years","Male",5
"W06000009","Pembrokeshire","Lives in a communal establishment","Aged 18 to 19 years","Male",6
"W06000009","Pembrokeshire","Lives in a communal establishment","Aged 20 to 24 years","Male",75
"W06000009","Pembrokeshire","Lives in a communal establishment","Aged 25 to 29 years","Male",88
"W06000009","Pembrokeshire","Lives in a communal establishment","Aged 30 to 34 years","Male",25
"W06000009","Pembrokeshire","Lives in a communal establishment","Aged 35 to 39 years","Male",28
"W06000009","Pembrokeshire","Lives in a communal establishment","Aged 40 to 44 years","Male",32
"W06000009","Pembrokeshire","Lives in a communal establishment","Aged 45 to 49 years","Male",25
"W06000009","Pembrokeshire","Lives in a communal establishment","Aged 50 to 54 years","Male",40
"W06000009","Pembrokeshire","Lives in a communal establishment","Aged 55 to 59 years","Male",62
"W06000009","Pembrokeshire","Lives in a communal establishment","Aged 60 to 64 years","Male",35
"W06000009","Pembrokeshire","Lives in a communal establishment","Aged 65 years","Male",4
"W06000009","Pembrokeshire","Lives in a communal establishment","Aged 66 to 69 years","Male",35
"W06000009","Pembrokeshire","Lives in a communal establishment","Aged 70 to 74 years","Male",58
"W06000009","Pembrokeshire","Lives in a communal establishment","Aged 75 to 79 years","Male",56
"W06000009","Pembrokeshire","Lives in a communal establishment","Aged 80 to 84 years","Male",50
"W06000009","Pembrokeshire","Lives in a communal establishment","Aged 85 years and over","Male",134
"W06000010","Carmarthenshire","Lives in a communal establishment","Total","Male",1000
"W06000010","Carmarthenshire","Lives in a communal establishment","Aged 2 years and under","Male",1
"W06000010","Carmarthenshire","Lives in a communal establishment","Aged 3 to 4 years","Male",1
"W06000010","Carmarthenshire","Lives in a communal establishment","Aged 5 to 7 years","Male",3
"W06000010","Carmarthenshire","Lives in a communal establishment","Aged 8 to 9 years","Male",1
"W06000010","Carmarthenshire","Lives in a communal establishment","Aged 10 to 14 years","Male",9
"W06000010","Carmarthenshire","Lives in a communal establishment","Aged 15 years","Male",7
"W06000010","Carmarthenshire","Lives in a communal establishment","Aged 16 to 17 years","Male",45
"W06000010","Carmarthenshire","Lives in a communal establishment","Aged 18 to 19 years","Male",35
"W06000010","Carmarthenshire","Lives in a communal establishment","Aged 20 to 24 years","Male",90
"W06000010","Carmarthenshire","Lives in a communal establishment","Aged 25 to 29 years","Male",47
"W06000010","Carmarthenshire","Lives in a communal establishment","Aged 30 to 34 years","Male",51
"W06000010","Carmarthenshire","Lives in a communal establishment","Aged 35 to 39 years","Male",37
"W06000010","Carmarthenshire","Lives in a communal establishment","Aged 40 to 44 years","Male",49
"W06000010","Carmarthenshire","Lives in a communal establishment","Aged 45 to 49 years","Male",59
"W06000010","Carmarthenshire","Lives in a communal establishment","Aged 50 to 54 years","Male",28
"W06000010","Carmarthenshire","Lives in a communal establishment","Aged 55 to 59 years","Male",50
"W06000010","Carmarthenshire","Lives in a communal establishment","Aged 60 to 64 years","Male",57
"W06000010","Carmarthenshire","Lives in a communal establishment","Aged 65 years","Male",7
"W06000010","Carmarthenshire","Lives in a communal establishment","Aged 66 to 69 years","Male",30
"W06000010","Carmarthenshire","Lives in a communal establishment","Aged 70 to 74 years","Male",82
"W06000010","Carmarthenshire","Lives in a communal establishment","Aged 75 to 79 years","Male",85
"W06000010","Carmarthenshire","Lives in a communal establishment","Aged 80 to 84 years","Male",85
"W06000010","Carmarthenshire","Lives in a communal establishment","Aged 85 years and over","Male",141
"W06000011","Swansea","Lives in a communal establishment","Total","Male",2539
"W06000011","Swansea","Lives in a communal establishment","Aged 2 years and under","Male",0
"W06000011","Swansea","Lives in a communal establishment","Aged 3 to 4 years","Male",2
"W06000011","Swansea","Lives in a communal establishment","Aged 5 to 7 years","Male",1
"W06000011","Swansea","Lives in a communal establishment","Aged 8 to 9 years","Male",3
"W06000011","Swansea","Lives in a communal establishment","Aged 10 to 14 years","Male",9
"W06000011","Swansea","Lives in a communal establishment","Aged 15 years","Male",5
"W06000011","Swansea","Lives in a communal establishment","Aged 16 to 17 years","Male",10
"W06000011","Swansea","Lives in a communal establishment","Aged 18 to 19 years","Male",821
"W06000011","Swansea","Lives in a communal establishment","Aged 20 to 24 years","Male",655
"W06000011","Swansea","Lives in a communal establishment","Aged 25 to 29 years","Male",160
"W06000011","Swansea","Lives in a communal establishment","Aged 30 to 34 years","Male",106
"W06000011","Swansea","Lives in a communal establishment","Aged 35 to 39 years","Male",93
"W06000011","Swansea","Lives in a communal establishment","Aged 40 to 44 years","Male",88
"W06000011","Swansea","Lives in a communal establishment","Aged 45 to 49 years","Male",37
"W06000011","Swansea","Lives in a communal establishment","Aged 50 to 54 years","Male",61
"W06000011","Swansea","Lives in a communal establishment","Aged 55 to 59 years","Male",48
"W06000011","Swansea","Lives in a communal establishment","Aged 60 to 64 years","Male",31
"W06000011","Swansea","Lives in a communal establishment","Aged 65 years","Male",10
"W06000011","Swansea","Lives in a communal establishment","Aged 66 to 69 years","Male",37
"W06000011","Swansea","Lives in a communal establishment","Aged 70 to 74 years","Male",60
"W06000011","Swansea","Lives in a communal establishment","Aged 75 to 79 years","Male",74
"W06000011","Swansea","Lives in a communal establishment","Aged 80 to 84 years","Male",61
"W06000011","Swansea","Lives in a communal establishment","Aged 85 years and over","Male",167
"W06000012","Neath Port Talbot","Lives in a communal establishment","Total","Male",1962
"W06000012","Neath Port Talbot","Lives in a communal establishment","Aged 2 years and under","Male",0
"W06000012","Neath Port Talbot","Lives in a communal establishment","Aged 3 to 4 years","Male",0
"W06000012","Neath Port Talbot","Lives in a communal establishment","Aged 5 to 7 years","Male",0
"W06000012","Neath Port Talbot","Lives in a communal establishment","Aged 8 to 9 years","Male",0
"W06000012","Neath Port Talbot","Lives in a communal establishment","Aged 10 to 14 years","Male",8
"W06000012","Neath Port Talbot","Lives in a communal establishment","Aged 15 years","Male",8
"W06000012","Neath Port Talbot","Lives in a communal establishment","Aged 16 to 17 years","Male",13
"W06000012","Neath Port Talbot","Lives in a communal establishment","Aged 18 to 19 years","Male",1021
"W06000012","Neath Port Talbot","Lives in a communal establishment","Aged 20 to 24 years","Male",370
"W06000012","Neath Port Talbot","Lives in a communal establishment","Aged 25 to 29 years","Male",41
"W06000012","Neath Port Talbot","Lives in a communal establishment","Aged 30 to 34 years","Male",33
"W06000012","Neath Port Talbot","Lives in a communal establishment","Aged 35 to 39 years","Male",24
"W06000012","Neath Port Talbot","Lives in a communal establishment","Aged 40 to 44 years","Male",29
"W06000012","Neath Port Talbot","Lives in a communal establishment","Aged 45 to 49 years","Male",24
"W06000012","Neath Port Talbot","Lives in a communal establishment","Aged 50 to 54 years","Male",35
"W06000012","Neath Port Talbot","Lives in a communal establishment","Aged 55 to 59 years","Male",29
"W06000012","Neath Port Talbot","Lives in a communal establishment","Aged 60 to 64 years","Male",37
"W06000012","Neath Port Talbot","Lives in a communal establishment","Aged 65 years","Male",7
"W06000012","Neath Port Talbot","Lives in a communal establishment","Aged 66 to 69 years","Male",29
"W06000012","Neath Port Talbot","Lives in a communal establishment","Aged 70 to 74 years","Male",50
"W06000012","Neath Port Talbot","Lives in a communal establishment","Aged 75 to 79 years","Male",64
"W06000012","Neath Port Talbot","Lives in a communal establishment","Aged 80 to 84 years","Male",51
"W06000012","Neath Port Talbot","Lives in a communal establishment","Aged 85 years and over","Male",89
"W06000013","Bridgend","Lives in a communal establishment","Total","Male",2040
"W06000013","Bridgend","Lives in a communal establishment","Aged 2 years and under","Male",3
"W06000013","Bridgend","Lives in a communal establishment","Aged 3 to 4 years","Male",0
"W06000013","Bridgend","Lives in a communal establishment","Aged 5 to 7 years","Male",2
"W06000013","Bridgend","Lives in a communal establishment","Aged 8 to 9 years","Male",0
"W06000013","Bridgend","Lives in a communal establishment","Aged 10 to 14 years","Male",11
"W06000013","Bridgend","Lives in a communal establishment","Aged 15 years","Male",3
"W06000013","Bridgend","Lives in a communal establishment","Aged 16 to 17 years","Male",13
"W06000013","Bridgend","Lives in a communal establishment","Aged 18 to 19 years","Male",69
"W06000013","Bridgend","Lives in a communal establishment","Aged 20 to 24 years","Male",252
"W06000013","Bridgend","Lives in a communal establishment","Aged 25 to 29 years","Male",323
"W06000013","Bridgend","Lives in a communal establishment","Aged 30 to 34 years","Male",302
"W06000013","Bridgend","Lives in a communal establishment","Aged 35 to 39 years","Male",269
"W06000013","Bridgend","Lives in a communal establishment","Aged 40 to 44 years","Male",167
"W06000013","Bridgend","Lives in a communal establishment","Aged 45 to 49 years","Male",122
"W06000013","Bridgend","Lives in a communal establishment","Aged 50 to 54 years","Male",109
"W06000013","Bridgend","Lives in a communal establishment","Aged 55 to 59 years","Male",67
"W06000013","Bridgend","Lives in a communal establishment","Aged 60 to 64 years","Male",37
"W06000013","Bridgend","Lives in a communal establishment","Aged 65 years","Male",16
"W06000013","Bridgend","Lives in a communal establishment","Aged 66 to 69 years","Male",37
"W06000013","Bridgend","Lives in a communal establishment","Aged 70 to 74 years","Male",61
"W06000013","Bridgend","Lives in a communal establishment","Aged 75 to 79 years","Male",51
"W06000013","Bridgend","Lives in a communal establishment","Aged 80 to 84 years","Male",42
"W06000013","Bridgend","Lives in a communal establishment","Aged 85 years and over","Male",84
"W06000014","Vale of Glamorgan","Lives in a communal establishment","Total","Male",854
"W06000014","Vale of Glamorgan","Lives in a communal establishment","Aged 2 years and under","Male",0
"W06000014","Vale of Glamorgan","Lives in a communal establishment","Aged 3 to 4 years","Male",0
"W06000014","Vale of Glamorgan","Lives in a communal establishment","Aged 5 to 7 years","Male",0
"W06000014","Vale of Glamorgan","Lives in a communal establishment","Aged 8 to 9 years","Male",1
"W06000014","Vale of Glamorgan","Lives in a communal establishment","Aged 10 to 14 years","Male",7
"W06000014","Vale of Glamorgan","Lives in a communal establishment","Aged 15 years","Male",12
"W06000014","Vale of Glamorgan","Lives in a communal establishment","Aged 16 to 17 years","Male",73
"W06000014","Vale of Glamorgan","Lives in a communal establishment","Aged 18 to 19 years","Male",112
"W06000014","Vale of Glamorgan","Lives in a communal establishment","Aged 20 to 24 years","Male",139
"W06000014","Vale of Glamorgan","Lives in a communal establishment","Aged 25 to 29 years","Male",110
"W06000014","Vale of Glamorgan","Lives in a communal establishment","Aged 30 to 34 years","Male",66
"W06000014","Vale of Glamorgan","Lives in a communal establishment","Aged 35 to 39 years","Male",33
"W06000014","Vale of Glamorgan","Lives in a communal establishment","Aged 40 to 44 years","Male",13
"W06000014","Vale of Glamorgan","Lives in a communal establishment","Aged 45 to 49 years","Male",16
"W06000014","Vale of Glamorgan","Lives in a communal establishment","Aged 50 to 54 years","Male",22
"W06000014","Vale of Glamorgan","Lives in a communal establishment","Aged 55 to 59 years","Male",18
"W06000014","Vale of Glamorgan","Lives in a communal establishment","Aged 60 to 64 years","Male",19
"W06000014","Vale of Glamorgan","Lives in a communal establishment","Aged 65 years","Male",6
"W06000014","Vale of Glamorgan","Lives in a communal establishment","Aged 66 to 69 years","Male",17
"W06000014","Vale of Glamorgan","Lives in a communal establishment","Aged 70 to 74 years","Male",30
"W06000014","Vale of Glamorgan","Lives in a communal establishment","Aged 75 to 79 years","Male",42
"W06000014","Vale of Glamorgan","Lives in a communal establishment","Aged 80 to 84 years","Male",40
"W06000014","Vale of Glamorgan","Lives in a communal establishment","Aged 85 years and over","Male",78
"W06000015","Cardiff","Lives in a communal establishment","Total","Male",7136
"W06000015","Cardiff","Lives in a communal establishment","Aged 2 years and under","Male",4
"W06000015","Cardiff","Lives in a communal establishment","Aged 3 to 4 years","Male",2
"W06000015","Cardiff","Lives in a communal establishment","Aged 5 to 7 years","Male",7
"W06000015","Cardiff","Lives in a communal establishment","Aged 8 to 9 years","Male",6
"W06000015","Cardiff","Lives in a communal establishment","Aged 10 to 14 years","Male",17
"W06000015","Cardiff","Lives in a communal establishment","Aged 15 years","Male",19
"W06000015","Cardiff","Lives in a communal establishment","Aged 16 to 17 years","Male",134
"W06000015","Cardiff","Lives in a communal establishment","Aged 18 to 19 years","Male",2963
"W06000015","Cardiff","Lives in a communal establishment","Aged 20 to 24 years","Male",2236
"W06000015","Cardiff","Lives in a communal establishment","Aged 25 to 29 years","Male",501
"W06000015","Cardiff","Lives in a communal establishment","Aged 30 to 34 years","Male",236
"W06000015","Cardiff","Lives in a communal establishment","Aged 35 to 39 years","Male",144
"W06000015","Cardiff","Lives in a communal establishment","Aged 40 to 44 years","Male",124
"W06000015","Cardiff","Lives in a communal establishment","Aged 45 to 49 years","Male",91
"W06000015","Cardiff","Lives in a communal establishment","Aged 50 to 54 years","Male",89
"W06000015","Cardiff","Lives in a communal establishment","Aged 55 to 59 years","Male",60
"W06000015","Cardiff","Lives in a communal establishment","Aged 60 to 64 years","Male",74
"W06000015","Cardiff","Lives in a communal establishment","Aged 65 years","Male",15
"W06000015","Cardiff","Lives in a communal establishment","Aged 66 to 69 years","Male",78
"W06000015","Cardiff","Lives in a communal establishment","Aged 70 to 74 years","Male",65
"W06000015","Cardiff","Lives in a communal establishment","Aged 75 to 79 years","Male",73
"W06000015","Cardiff","Lives in a communal establishment","Aged 80 to 84 years","Male",64
"W06000015","Cardiff","Lives in a communal establishment","Aged 85 years and over","Male",134
"W06000016","Rhondda Cynon Taf","Lives in a communal establishment","Total","Male",924
"W06000016","Rhondda Cynon Taf","Lives in a communal establishment","Aged 2 years and under","Male",0
"W06000016","Rhondda Cynon Taf","Lives in a communal establishment","Aged 3 to 4 years","Male",0
"W06000016","Rhondda Cynon Taf","Lives in a communal establishment","Aged 5 to 7 years","Male",0
"W06000016","Rhondda Cynon Taf","Lives in a communal establishment","Aged 8 to 9 years","Male",4
"W06000016","Rhondda Cynon Taf","Lives in a communal establishment","Aged 10 to 14 years","Male",20
"W06000016","Rhondda Cynon Taf","Lives in a communal establishment","Aged 15 years","Male",3
"W06000016","Rhondda Cynon Taf","Lives in a communal establishment","Aged 16 to 17 years","Male",9
"W06000016","Rhondda Cynon Taf","Lives in a communal establishment","Aged 18 to 19 years","Male",156
"W06000016","Rhondda Cynon Taf","Lives in a communal establishment","Aged 20 to 24 years","Male",204
"W06000016","Rhondda Cynon Taf","Lives in a communal establishment","Aged 25 to 29 years","Male",54
"W06000016","Rhondda Cynon Taf","Lives in a communal establishment","Aged 30 to 34 years","Male",31
"W06000016","Rhondda Cynon Taf","Lives in a communal establishment","Aged 35 to 39 years","Male",35
"W06000016","Rhondda Cynon Taf","Lives in a communal establishment","Aged 40 to 44 years","Male",22
"W06000016","Rhondda Cynon Taf","Lives in a communal establishment","Aged 45 to 49 years","Male",15
"W06000016","Rhondda Cynon Taf","Lives in a communal establishment","Aged 50 to 54 years","Male",17
"W06000016","Rhondda Cynon Taf","Lives in a communal establishment","Aged 55 to 59 years","Male",25
"W06000016","Rhondda Cynon Taf","Lives in a communal establishment","Aged 60 to 64 years","Male",19
"W06000016","Rhondda Cynon Taf","Lives in a communal establishment","Aged 65 years","Male",4
"W06000016","Rhondda Cynon Taf","Lives in a communal establishment","Aged 66 to 69 years","Male",29
"W06000016","Rhondda Cynon Taf","Lives in a communal establishment","Aged 70 to 74 years","Male",51
"W06000016","Rhondda Cynon Taf","Lives in a communal establishment","Aged 75 to 79 years","Male",65
"W06000016","Rhondda Cynon Taf","Lives in a communal establishment","Aged 80 to 84 years","Male",58
"W06000016","Rhondda Cynon Taf","Lives in a communal establishment","Aged 85 years and over","Male",103
"W06000018","Caerphilly","Lives in a communal establishment","Total","Male",353
"W06000018","Caerphilly","Lives in a communal establishment","Aged 2 years and under","Male",0
"W06000018","Caerphilly","Lives in a communal establishment","Aged 3 to 4 years","Male",0
"W06000018","Caerphilly","Lives in a communal establishment","Aged 5 to 7 years","Male",0
"W06000018","Caerphilly","Lives in a communal establishment","Aged 8 to 9 years","Male",0
"W06000018","Caerphilly","Lives in a communal establishment","Aged 10 to 14 years","Male",4
"W06000018","Caerphilly","Lives in a communal establishment","Aged 15 years","Male",0
"W06000018","Caerphilly","Lives in a communal establishment","Aged 16 to 17 years","Male",3
"W06000018","Caerphilly","Lives in a communal establishment","Aged 18 to 19 years","Male",5
"W06000018","Caerphilly","Lives in a communal establishment","Aged 20 to 24 years","Male",8
"W06000018","Caerphilly","Lives in a communal establishment","Aged 25 to 29 years","Male",10
"W06000018","Caerphilly","Lives in a communal establishment","Aged 30 to 34 years","Male",15
"W06000018","Caerphilly","Lives in a communal establishment","Aged 35 to 39 years","Male",12
"W06000018","Caerphilly","Lives in a communal establishment","Aged 40 to 44 years","Male",4
"W06000018","Caerphilly","Lives in a communal establishment","Aged 45 to 49 years","Male",12
"W06000018","Caerphilly","Lives in a communal establishment","Aged 50 to 54 years","Male",18
"W06000018","Caerphilly","Lives in a communal establishment","Aged 55 to 59 years","Male",23
"W06000018","Caerphilly","Lives in a communal establishment","Aged 60 to 64 years","Male",23
"W06000018","Caerphilly","Lives in a communal establishment","Aged 65 years","Male",5
"W06000018","Caerphilly","Lives in a communal establishment","Aged 66 to 69 years","Male",23
"W06000018","Caerphilly","Lives in a communal establishment","Aged 70 to 74 years","Male",45
"W06000018","Caerphilly","Lives in a communal establishment","Aged 75 to 79 years","Male",40
"W06000018","Caerphilly","Lives in a communal establishment","Aged 80 to 84 years","Male",48
"W06000018","Caerphilly","Lives in a communal establishment","Aged 85 years and over","Male",55
"W06000019","Blaenau Gwent","Lives in a communal establishment","Total","Male",144
"W06000019","Blaenau Gwent","Lives in a communal establishment","Aged 2 years and under","Male",0
"W06000019","Blaenau Gwent","Lives in a communal establishment","Aged 3 to 4 years","Male",0
"W06000019","Blaenau Gwent","Lives in a communal establishment","Aged 5 to 7 years","Male",0
"W06000019","Blaenau Gwent","Lives in a communal establishment","Aged 8 to 9 years","Male",2
"W06000019","Blaenau Gwent","Lives in a communal establishment","Aged 10 to 14 years","Male",3
"W06000019","Blaenau Gwent","Lives in a communal establishment","Aged 15 years","Male",7
"W06000019","Blaenau Gwent","Lives in a communal establishment","Aged 16 to 17 years","Male",8
"W06000019","Blaenau Gwent","Lives in a communal establishment","Aged 18 to 19 years","Male",0
"W06000019","Blaenau Gwent","Lives in a communal establishment","Aged 20 to 24 years","Male",0
"W06000019","Blaenau Gwent","Lives in a communal establishment","Aged 25 to 29 years","Male",0
"W06000019","Blaenau Gwent","Lives in a communal establishment","Aged 30 to 34 years","Male",0
"W06000019","Blaenau Gwent","Lives in a communal establishment","Aged 35 to 39 years","Male",0
"W06000019","Blaenau Gwent","Lives in a communal establishment","Aged 40 to 44 years","Male",2
"W06000019","Blaenau Gwent","Lives in a communal establishment","Aged 45 to 49 years","Male",1
"W06000019","Blaenau Gwent","Lives in a communal establishment","Aged 50 to 54 years","Male",4
"W06000019","Blaenau Gwent","Lives in a communal establishment","Aged 55 to 59 years","Male",6
"W06000019","Blaenau Gwent","Lives in a communal establishment","Aged 60 to 64 years","Male",8
"W06000019","Blaenau Gwent","Lives in a communal establishment","Aged 65 years","Male",0
"W06000019","Blaenau Gwent","Lives in a communal establishment","Aged 66 to 69 years","Male",6
"W06000019","Blaenau Gwent","Lives in a communal establishment","Aged 70 to 74 years","Male",23
"W06000019","Blaenau Gwent","Lives in a communal establishment","Aged 75 to 79 years","Male",21
"W06000019","Blaenau Gwent","Lives in a communal establishment","Aged 80 to 84 years","Male",27
"W06000019","Blaenau Gwent","Lives in a communal establishment","Aged 85 years and over","Male",26
"W06000020","Torfaen","Lives in a communal establishment","Total","Male",185
"W06000020","Torfaen","Lives in a communal establishment","Aged 2 years and under","Male",0
"W06000020","Torfaen","Lives in a communal establishment","Aged 3 to 4 years","Male",0
"W06000020","Torfaen","Lives in a communal establishment","Aged 5 to 7 years","Male",0
"W06000020","Torfaen","Lives in a communal establishment","Aged 8 to 9 years","Male",0
"W06000020","Torfaen","Lives in a communal establishment","Aged 10 to 14 years","Male",0
"W06000020","Torfaen","Lives in a communal establishment","Aged 15 years","Male",0
"W06000020","Torfaen","Lives in a communal establishment","Aged 16 to 17 years","Male",0
"W06000020","Torfaen","Lives in a communal establishment","Aged 18 to 19 years","Male",0
"W06000020","Torfaen","Lives in a communal establishment","Aged 20 to 24 years","Male",2
"W06000020","Torfaen","Lives in a communal establishment","Aged 25 to 29 years","Male",1
"W06000020","Torfaen","Lives in a communal establishment","Aged 30 to 34 years","Male",2
"W06000020","Torfaen","Lives in a communal establishment","Aged 35 to 39 years","Male",1
"W06000020","Torfaen","Lives in a communal establishment","Aged 40 to 44 years","Male",1
"W06000020","Torfaen","Lives in a communal establishment","Aged 45 to 49 years","Male",2
"W06000020","Torfaen","Lives in a communal establishment","Aged 50 to 54 years","Male",2
"W06000020","Torfaen","Lives in a communal establishment","Aged 55 to 59 years","Male",1
"W06000020","Torfaen","Lives in a communal establishment","Aged 60 to 64 years","Male",7
"W06000020","Torfaen","Lives in a communal establishment","Aged 65 years","Male",3
"W06000020","Torfaen","Lives in a communal establishment","Aged 66 to 69 years","Male",6
"W06000020","Torfaen","Lives in a communal establishment","Aged 70 to 74 years","Male",24
"W06000020","Torfaen","Lives in a communal establishment","Aged 75 to 79 years","Male",34
"W06000020","Torfaen","Lives in a communal establishment","Aged 80 to 84 years","Male",38
"W06000020","Torfaen","Lives in a communal establishment","Aged 85 years and over","Male",61
"W06000021","Monmouthshire","Lives in a communal establishment","Total","Male",854
"W06000021","Monmouthshire","Lives in a communal establishment","Aged 2 years and under","Male",1
"W06000021","Monmouthshire","Lives in a communal establishment","Aged 3 to 4 years","Male",0
"W06000021","Monmouthshire","Lives in a communal establishment","Aged 5 to 7 years","Male",4
"W06000021","Monmouthshire","Lives in a communal establishment","Aged 8 to 9 years","Male",2
"W06000021","Monmouthshire","Lives in a communal establishment","Aged 10 to 14 years","Male",46
"W06000021","Monmouthshire","Lives in a communal establishment","Aged 15 years","Male",6
"W06000021","Monmouthshire","Lives in a communal establishment","Aged 16 to 17 years","Male",18
"W06000021","Monmouthshire","Lives in a communal establishment","Aged 18 to 19 years","Male",19
"W06000021","Monmouthshire","Lives in a communal establishment","Aged 20 to 24 years","Male",44
"W06000021","Monmouthshire","Lives in a communal establishment","Aged 25 to 29 years","Male",73
"W06000021","Monmouthshire","Lives in a communal establishment","Aged 30 to 34 years","Male",80
"W06000021","Monmouthshire","Lives in a communal establishment","Aged 35 to 39 years","Male",87
"W06000021","Monmouthshire","Lives in a communal establishment","Aged 40 to 44 years","Male",62
"W06000021","Monmouthshire","Lives in a communal establishment","Aged 45 to 49 years","Male",60
"W06000021","Monmouthshire","Lives in a communal establishment","Aged 50 to 54 years","Male",58
"W06000021","Monmouthshire","Lives in a communal establishment","Aged 55 to 59 years","Male",56
"W06000021","Monmouthshire","Lives in a communal establishment","Aged 60 to 64 years","Male",48
"W06000021","Monmouthshire","Lives in a communal establishment","Aged 65 years","Male",7
"W06000021","Monmouthshire","Lives in a communal establishment","Aged 66 to 69 years","Male",30
"W06000021","Monmouthshire","Lives in a communal establishment","Aged 70 to 74 years","Male",30
"W06000021","Monmouthshire","Lives in a communal establishment","Aged 75 to 79 years","Male",28
"W06000021","Monmouthshire","Lives in a communal establishment","Aged 80 to 84 years","Male",32
"W06000021","Monmouthshire","Lives in a communal establishment","Aged 85 years and over","Male",63
"W06000022","Newport","Lives in a communal establishment","Total","Male",608
"W06000022","Newport","Lives in a communal establishment","Aged 2 years and under","Male",0
"W06000022","Newport","Lives in a communal establishment","Aged 3 to 4 years","Male",0
"W06000022","Newport","Lives in a communal establishment","Aged 5 to 7 years","Male",3
"W06000022","Newport","Lives in a communal establishment","Aged 8 to 9 years","Male",0
"W06000022","Newport","Lives in a communal establishment","Aged 10 to 14 years","Male",7
"W06000022","Newport","Lives in a communal establishment","Aged 15 years","Male",8
"W06000022","Newport","Lives in a communal establishment","Aged 16 to 17 years","Male",1
"W06000022","Newport","Lives in a communal establishment","Aged 18 to 19 years","Male",30
"W06000022","Newport","Lives in a communal establishment","Aged 20 to 24 years","Male",62
"W06000022","Newport","Lives in a communal establishment","Aged 25 to 29 years","Male",31
"W06000022","Newport","Lives in a communal establishment","Aged 30 to 34 years","Male",24
"W06000022","Newport","Lives in a communal establishment","Aged 35 to 39 years","Male",35
"W06000022","Newport","Lives in a communal establishment","Aged 40 to 44 years","Male",37
"W06000022","Newport","Lives in a communal establishment","Aged 45 to 49 years","Male",36
"W06000022","Newport","Lives in a communal establishment","Aged 50 to 54 years","Male",40
"W06000022","Newport","Lives in a communal establishment","Aged 55 to 59 years","Male",39
"W06000022","Newport","Lives in a communal establishment","Aged 60 to 64 years","Male",30
"W06000022","Newport","Lives in a communal establishment","Aged 65 years","Male",8
"W06000022","Newport","Lives in a communal establishment","Aged 66 to 69 years","Male",16
"W06000022","Newport","Lives in a communal establishment","Aged 70 to 74 years","Male",41
"W06000022","Newport","Lives in a communal establishment","Aged 75 to 79 years","Male",37
"W06000022","Newport","Lives in a communal establishment","Aged 80 to 84 years","Male",49
"W06000022","Newport","Lives in a communal establishment","Aged 85 years and over","Male",74
"W06000023","Powys","Lives in a communal establishment","Total","Male",713
"W06000023","Powys","Lives in a communal establishment","Aged 2 years and under","Male",0
"W06000023","Powys","Lives in a communal establishment","Aged 3 to 4 years","Male",1
"W06000023","Powys","Lives in a communal establishment","Aged 5 to 7 years","Male",1
"W06000023","Powys","Lives in a communal establishment","Aged 8 to 9 years","Male",0
"W06000023","Powys","Lives in a communal establishment","Aged 10 to 14 years","Male",26
"W06000023","Powys","Lives in a communal establishment","Aged 15 years","Male",9
"W06000023","Powys","Lives in a communal establishment","Aged 16 to 17 years","Male",32
"W06000023","Powys","Lives in a communal establishment","Aged 18 to 19 years","Male",23
"W06000023","Powys","Lives in a communal establishment","Aged 20 to 24 years","Male",41
"W06000023","Powys","Lives in a communal establishment","Aged 25 to 29 years","Male",201
"W06000023","Powys","Lives in a communal establishment","Aged 30 to 34 years","Male",68
"W06000023","Powys","Lives in a communal establishment","Aged 35 to 39 years","Male",15
"W06000023","Powys","Lives in a communal establishment","Aged 40 to 44 years","Male",21
"W06000023","Powys","Lives in a communal establishment","Aged 45 to 49 years","Male",10
"W06000023","Powys","Lives in a communal establishment","Aged 50 to 54 years","Male",14
"W06000023","Powys","Lives in a communal establishment","Aged 55 to 59 years","Male",19
"W06000023","Powys","Lives in a communal establishment","Aged 60 to 64 years","Male",14
"W06000023","Powys","Lives in a communal establishment","Aged 65 years","Male",0
"W06000023","Powys","Lives in a communal establishment","Aged 66 to 69 years","Male",14
"W06000023","Powys","Lives in a communal establishment","Aged 70 to 74 years","Male",33
"W06000023","Powys","Lives in a communal establishment","Aged 75 to 79 years","Male",35
"W06000023","Powys","Lives in a communal establishment","Aged 80 to 84 years","Male",50
"W06000023","Powys","Lives in a communal establishment","Aged 85 years and over","Male",86
"W06000024","Merthyr Tydfil","Lives in a communal establishment","Total","Male",170
"W06000024","Merthyr Tydfil","Lives in a communal establishment","Aged 2 years and under","Male",0
"W06000024","Merthyr Tydfil","Lives in a communal establishment","Aged 3 to 4 years","Male",4
"W06000024","Merthyr Tydfil","Lives in a communal establishment","Aged 5 to 7 years","Male",3
"W06000024","Merthyr Tydfil","Lives in a communal establishment","Aged 8 to 9 years","Male",1
"W06000024","Merthyr Tydfil","Lives in a communal establishment","Aged 10 to 14 years","Male",1
"W06000024","Merthyr Tydfil","Lives in a communal establishment","Aged 15 years","Male",1
"W06000024","Merthyr Tydfil","Lives in a communal establishment","Aged 16 to 17 years","Male",3
"W06000024","Merthyr Tydfil","Lives in a communal establishment","Aged 18 to 19 years","Male",0
"W06000024","Merthyr Tydfil","Lives in a communal establishment","Aged 20 to 24 years","Male",16
"W06000024","Merthyr Tydfil","Lives in a communal establishment","Aged 25 to 29 years","Male",7
"W06000024","Merthyr Tydfil","Lives in a communal establishment","Aged 30 to 34 years","Male",13
"W06000024","Merthyr Tydfil","Lives in a communal establishment","Aged 35 to 39 years","Male",15
"W06000024","Merthyr Tydfil","Lives in a communal establishment","Aged 40 to 44 years","Male",7
"W06000024","Merthyr Tydfil","Lives in a communal establishment","Aged 45 to 49 years","Male",8
"W06000024","Merthyr Tydfil","Lives in a communal establishment","Aged 50 to 54 years","Male",12
"W06000024","Merthyr Tydfil","Lives in a communal establishment","Aged 55 to 59 years","Male",12
"W06000024","Merthyr Tydfil","Lives in a communal establishment","Aged 60 to 64 years","Male",5
"W06000024","Merthyr Tydfil","Lives in a communal establishment","Aged 65 years","Male",1
"W06000024","Merthyr Tydfil","Lives in a communal establishment","Aged 66 to 69 years","Male",2
"W06000024","Merthyr Tydfil","Lives in a communal establishment","Aged 70 to 74 years","Male",9
"W06000024","Merthyr Tydfil","Lives in a communal establishment","Aged 75 to 79 years","Male",11
"W06000024","Merthyr Tydfil","Lives in a communal establishment","Aged 80 to 84 years","Male",10
"W06000024","Merthyr Tydfil","Lives in a communal establishment","Aged 85 years and over","Male",29
