"GEOGRAPHY_CODE","GEOGRAPHY_NAME","C2021_RESTYPE_3_NAME","C2021_AGE_24_NAME","C_SEX_NAME","OBS_VALUE"
"E06000001","Hartlepool","Lives in a household","Total","Female",47103
"E06000001","Hartlepool","Lives in a household","Aged 2 years and under","Female",1417
"E06000001","Hartlepool","Lives in a household","Aged 3 to 4 years","Female",995
"E06000001","Hartlepool","Lives in a household","Aged 5 to 7 years","Female",1584
"E06000001","Hartlepool","Lives in a household","Aged 8 to 9 years","Female",1152
"E06000001","Hartlepool","Lives in a household","Aged 10 to 14 years","Female",2864
"E06000001","Hartlepool","Lives in a household","Aged 15 years","Female",569
"E06000001","Hartlepool","Lives in a household","Aged 16 to 17 years","Female",1096
"E06000001","Hartlepool","Lives in a household","Aged 18 to 19 years","Female",843
"E06000001","Hartlepool","Lives in a household","Aged 20 to 24 years","Female",2594
"E06000001","Hartlepool","Lives in a household","Aged 25 to 29 years","Female",2883
"E06000001","Hartlepool","Lives in a household","Aged 30 to 34 years","Female",3149
"E06000001","Hartlepool","Lives in a household","Aged 35 to 39 years","Female",2880
"E06000001","Hartlepool","Lives in a household","Aged 40 to 44 years","Female",2636
"E06000001","Hartlepool","Lives in a household","Aged 45 to 49 years","Female",2731
"E06000001","Hartlepool","Lives in a household","Aged 50 to 54 years","Female",3448
"E06000001","Hartlepool","Lives in a household","Aged 55 to 59 years","Female",3690
"E06000001","Hartlepool","Lives in a household","Aged 60 to 64 years","Female",3128
"E06000001","Hartlepool","Lives in a household","Aged 65 years","Female",568
"E06000001","Hartlepool","Lives in a household","Aged 66 to 69 years","Female",2081
"E06000001","Hartlepool","Lives in a household","Aged 70 to 74 years","Female",2606
"E06000001","Hartlepool","Lives in a household","Aged 75 to 79 years","Female",1707
"E06000001","Hartlepool","Lives in a household","Aged 80 to 84 years","Female",1340
"E06000001","Hartlepool","Lives in a household","Aged 85 years and over","Female",1142
"E06000002","Middlesbrough","Lives in a household","Total","Female",71819
"E06000002","Middlesbrough","Lives in a household","Aged 2 years and under","Female",2533
"E06000002","Middlesbrough","Lives in a household","Aged 3 to 4 years","Female",1863
"E06000002","Middlesbrough","Lives in a household","Aged 5 to 7 years","Female",2725
"E06000002","Middlesbrough","Lives in a household","Aged 8 to 9 years","Female",1997
"E06000002","Middlesbrough","Lives in a household","Aged 10 to 14 years","Female",4612
"E06000002","Middlesbrough","Lives in a household","Aged 15 years","Female",903
"E06000002","Middlesbrough","Lives in a household","Aged 16 to 17 years","Female",1719
"E06000002","Middlesbrough","Lives in a household","Aged 18 to 19 years","Female",1377
"E06000002","Middlesbrough","Lives in a household","Aged 20 to 24 years","Female",4614
"E06000002","Middlesbrough","Lives in a household","Aged 25 to 29 years","Female",5141
"E06000002","Middlesbrough","Lives in a household","Aged 30 to 34 years","Female",5217
"E06000002","Middlesbrough","Lives in a household","Aged 35 to 39 years","Female",4780
"E06000002","Middlesbrough","Lives in a household","Aged 40 to 44 years","Female",4071
"E06000002","Middlesbrough","Lives in a household","Aged 45 to 49 years","Female",4014
"E06000002","Middlesbrough","Lives in a household","Aged 50 to 54 years","Female",4489
"E06000002","Middlesbrough","Lives in a household","Aged 55 to 59 years","Female",4752
"E06000002","Middlesbrough","Lives in a household","Aged 60 to 64 years","Female",4434
"E06000002","Middlesbrough","Lives in a household","Aged 65 years","Female",810
"E06000002","Middlesbrough","Lives in a household","Aged 66 to 69 years","Female",2872
"E06000002","Middlesbrough","Lives in a household","Aged 70 to 74 years","Female",3323
"E06000002","Middlesbrough","Lives in a household","Aged 75 to 79 years","Female",2243
"E06000002","Middlesbrough","Lives in a household","Aged 80 to 84 years","Female",1750
"E06000002","Middlesbrough","Lives in a household","Aged 85 years and over","Female",1580
"E06000003","Redcar and Cleveland","Lives in a household","Total","Female",69679
"E06000003","Redcar and Cleveland","Lives in a household","Aged 2 years and under","Female",1931
"E06000003","Redcar and Cleveland","Lives in a household","Aged 3 to 4 years","Female",1452
"E06000003","Redcar and Cleveland","Lives in a household","Aged 5 to 7 years","Female",2193
"E06000003","Redcar and Cleveland","Lives in a household","Aged 8 to 9 years","Female",1623
"E06000003","Redcar and Cleveland","Lives in a household","Aged 10 to 14 years","Female",3893
"E06000003","Redcar and Cleveland","Lives in a household","Aged 15 years","Female",732
"E06000003","Redcar and Cleveland","Lives in a household","Aged 16 to 17 years","Female",1450
"E06000003","Redcar and Cleveland","Lives in a household","Aged 18 to 19 years","Female",1193
"E06000003","Redcar and Cleveland","Lives in a household","Aged 20 to 24 years","Female",3302
"E06000003","Redcar and Cleveland","Lives in a household","Aged 25 to 29 years","Female",3845
"E06000003","Redcar and Cleveland","Lives in a household","Aged 30 to 34 years","Female",4218
"E06000003","Redcar and Cleveland","Lives in a household","Aged 35 to 39 years","Female",4041
"E06000003","Redcar and Cleveland","Lives in a household","Aged 40 to 44 years","Female",3790
"E06000003","Redcar and Cleveland","Lives in a household","Aged 45 to 49 years","Female",4058
"E06000003","Redcar and Cleveland","Lives in a household","Aged 50 to 54 years","Female",5167
"E06000003","Redcar and Cleveland","Lives in a household","Aged 55 to 59 years","Female",5460
"E06000003","Redcar and Cleveland","Lives in a household","Aged 60 to 64 years","Female",4829
"E06000003","Redcar and Cleveland","Lives in a household","Aged 65 years","Female",893
"E06000003","Redcar and Cleveland","Lives in a household","Aged 66 to 69 years","Female",3460
"E06000003","Redcar and Cleveland","Lives in a household","Aged 70 to 74 years","Female",4561
"E06000003","Redcar and Cleveland","Lives in a household","Aged 75 to 79 years","Female",3267
"E06000003","Redcar and Cleveland","Lives in a household","Aged 80 to 84 years","Female",2371
"E06000003","Redcar and Cleveland","Lives in a household","Aged 85 years and over","Female",1950
"E06000004","Stockton-on-Tees","Lives in a household","Total","Female",99091
"E06000004","Stockton-on-Tees","Lives in a household","Aged 2 years and under","Female",3048
"E06000004","Stockton-on-Tees","Lives in a household","Aged 3 to 4 years","Female",2255
"E06000004","Stockton-on-Tees","Lives in a household","Aged 5 to 7 years","Female",3430
"E06000004","Stockton-on-Tees","Lives in a household","Aged 8 to 9 years","Female",2578
"E06000004","Stockton-on-Tees","Lives in a household","Aged 10 to 14 years","Female",6408
"E06000004","Stockton-on-Tees","Lives in a household","Aged 15 years","Female",1179
"E06000004","Stockton-on-Tees","Lives in a household","Aged 16 to 17 years","Female",2296
"E06000004","Stockton-on-Tees","Lives in a household","Aged 18 to 19 years","Female",1638
"E06000004","Stockton-on-Tees","Lives in a household","Aged 20 to 24 years","Female",4734
"E06000004","Stockton-on-Tees","Lives in a household","Aged 25 to 29 years","Female",6053
"E06000004","Stockton-on-Tees","Lives in a household","Aged 30 to 34 years","Female",6761
"E06000004","Stockton-on-Tees","Lives in a household","Aged 35 to 39 years","Female",6640
"E06000004","Stockton-on-Tees","Lives in a household","Aged 40 to 44 years","Female",6025
"E06000004","Stockton-on-Tees","Lives in a household","Aged 45 to 49 years","Female",6128
"E06000004","Stockton-on-Tees","Lives in a household","Aged 50 to 54 years","Female",6989
"E06000004","Stockton-on-Tees","Lives in a household","Aged 55 to 59 years","Female",7239
"E06000004","Stockton-on-Tees","Lives in a household","Aged 60 to 64 years","Female",6486
"E06000004","Stockton-on-Tees","Lives in a household","Aged 65 years","Female",1143
"E06000004","Stockton-on-Tees","Lives in a household","Aged 66 to 69 years","Female",4323
"E06000004","Stockton-on-Tees","Lives in a household","Aged 70 to 74 years","Female",5271
"E06000004","Stockton-on-Tees","Lives in a household","Aged 75 to 79 years","Female",3573
"E06000004","Stockton-on-Tees","Lives in a household","Aged 80 to 84 years","Female",2638
"E06000004","Stockton-on-Tees","Lives in a household","Aged 85 years and over","Female",2256
"E06000005","Darlington","Lives in a household","Total","Female",54502
"E06000005","Darlington","Lives in a household","Aged 2 years and under","Female",1591
"E06000005","Darlington","Lives in a household","Aged 3 to 4 years","Female",1139
"E06000005","Darlington","Lives in a household","Aged 5 to 7 years","Female",1758
"E06000005","Darlington","Lives in a household","Aged 8 to 9 years","Female",1289
"E06000005","Darlington","Lives in a household","Aged 10 to 14 years","Female",3253
"E06000005","Darlington","Lives in a household","Aged 15 years","Female",619
"E06000005","Darlington","Lives in a household","Aged 16 to 17 years","Female",1196
"E06000005","Darlington","Lives in a household","Aged 18 to 19 years","Female",935
"E06000005","Darlington","Lives in a household","Aged 20 to 24 years","Female",2761
"E06000005","Darlington","Lives in a household","Aged 25 to 29 years","Female",3261
"E06000005","Darlington","Lives in a household","Aged 30 to 34 years","Female",3608
"E06000005","Darlington","Lives in a household","Aged 35 to 39 years","Female",3387
"E06000005","Darlington","Lives in a household","Aged 40 to 44 years","Female",3317
"E06000005","Darlington","Lives in a household","Aged 45 to 49 years","Female",3573
"E06000005","Darlington","Lives in a household","Aged 50 to 54 years","Female",3929
"E06000005","Darlington","Lives in a household","Aged 55 to 59 years","Female",3959
"E06000005","Darlington","Lives in a household","Aged 60 to 64 years","Female",3601
"E06000005","Darlington","Lives in a household","Aged 65 years","Female",626
"E06000005","Darlington","Lives in a household","Aged 66 to 69 years","Female",2347
"E06000005","Darlington","Lives in a household","Aged 70 to 74 years","Female",3106
"E06000005","Darlington","Lives in a household","Aged 75 to 79 years","Female",2146
"E06000005","Darlington","Lives in a household","Aged 80 to 84 years","Female",1670
"E06000005","Darlington","Lives in a household","Aged 85 years and over","Female",1431
"E06000047","County Durham","Lives in a household","Total","Female",260040
"E06000047","County Durham","Lives in a household","Aged 2 years and under","Female",6852
"E06000047","County Durham","Lives in a household","Aged 3 to 4 years","Female",5141
"E06000047","County Durham","Lives in a household","Aged 5 to 7 years","Female",8163
"E06000047","County Durham","Lives in a household","Aged 8 to 9 years","Female",5603
"E06000047","County Durham","Lives in a household","Aged 10 to 14 years","Female",14376
"E06000047","County Durham","Lives in a household","Aged 15 years","Female",2713
"E06000047","County Durham","Lives in a household","Aged 16 to 17 years","Female",5290
"E06000047","County Durham","Lives in a household","Aged 18 to 19 years","Female",4968
"E06000047","County Durham","Lives in a household","Aged 20 to 24 years","Female",15106
"E06000047","County Durham","Lives in a household","Aged 25 to 29 years","Female",14825
"E06000047","County Durham","Lives in a household","Aged 30 to 34 years","Female",15921
"E06000047","County Durham","Lives in a household","Aged 35 to 39 years","Female",15683
"E06000047","County Durham","Lives in a household","Aged 40 to 44 years","Female",14992
"E06000047","County Durham","Lives in a household","Aged 45 to 49 years","Female",16159
"E06000047","County Durham","Lives in a household","Aged 50 to 54 years","Female",19331
"E06000047","County Durham","Lives in a household","Aged 55 to 59 years","Female",19917
"E06000047","County Durham","Lives in a household","Aged 60 to 64 years","Female",17846
"E06000047","County Durham","Lives in a household","Aged 65 years","Female",3280
"E06000047","County Durham","Lives in a household","Aged 66 to 69 years","Female",12298
"E06000047","County Durham","Lives in a household","Aged 70 to 74 years","Female",15751
"E06000047","County Durham","Lives in a household","Aged 75 to 79 years","Female",11158
"E06000047","County Durham","Lives in a household","Aged 80 to 84 years","Female",7928
"E06000047","County Durham","Lives in a household","Aged 85 years and over","Female",6739
"E06000057","Northumberland","Lives in a household","Total","Female",162202
"E06000057","Northumberland","Lives in a household","Aged 2 years and under","Female",3973
"E06000057","Northumberland","Lives in a household","Aged 3 to 4 years","Female",2975
"E06000057","Northumberland","Lives in a household","Aged 5 to 7 years","Female",4651
"E06000057","Northumberland","Lives in a household","Aged 8 to 9 years","Female",3419
"E06000057","Northumberland","Lives in a household","Aged 10 to 14 years","Female",8393
"E06000057","Northumberland","Lives in a household","Aged 15 years","Female",1584
"E06000057","Northumberland","Lives in a household","Aged 16 to 17 years","Female",3195
"E06000057","Northumberland","Lives in a household","Aged 18 to 19 years","Female",2628
"E06000057","Northumberland","Lives in a household","Aged 20 to 24 years","Female",6624
"E06000057","Northumberland","Lives in a household","Aged 25 to 29 years","Female",8010
"E06000057","Northumberland","Lives in a household","Aged 30 to 34 years","Female",8638
"E06000057","Northumberland","Lives in a household","Aged 35 to 39 years","Female",8980
"E06000057","Northumberland","Lives in a household","Aged 40 to 44 years","Female",8977
"E06000057","Northumberland","Lives in a household","Aged 45 to 49 years","Female",10110
"E06000057","Northumberland","Lives in a household","Aged 50 to 54 years","Female",11965
"E06000057","Northumberland","Lives in a household","Aged 55 to 59 years","Female",13335
"E06000057","Northumberland","Lives in a household","Aged 60 to 64 years","Female",12771
"E06000057","Northumberland","Lives in a household","Aged 65 years","Female",2379
"E06000057","Northumberland","Lives in a household","Aged 66 to 69 years","Female",9017
"E06000057","Northumberland","Lives in a household","Aged 70 to 74 years","Female",11786
"E06000057","Northumberland","Lives in a household","Aged 75 to 79 years","Female",8095
"E06000057","Northumberland","Lives in a household","Aged 80 to 84 years","Female",5679
"E06000057","Northumberland","Lives in a household","Aged 85 years and over","Female",5018
"E08000021","Newcastle upon Tyne","Lives in a household","Total","Female",142487
"E08000021","Newcastle upon Tyne","Lives in a household","Aged 2 years and under","Female",4460
"E08000021","Newcastle upon Tyne","Lives in a household","Aged 3 to 4 years","Female",3147
"E08000021","Newcastle upon Tyne","Lives in a household","Aged 5 to 7 years","Female",4894
"E08000021","Newcastle upon Tyne","Lives in a household","Aged 8 to 9 years","Female",3233
"E08000021","Newcastle upon Tyne","Lives in a household","Aged 10 to 14 years","Female",7938
"E08000021","Newcastle upon Tyne","Lives in a household","Aged 15 years","Female",1409
"E08000021","Newcastle upon Tyne","Lives in a household","Aged 16 to 17 years","Female",2976
"E08000021","Newcastle upon Tyne","Lives in a household","Aged 18 to 19 years","Female",3240
"E08000021","Newcastle upon Tyne","Lives in a household","Aged 20 to 24 years","Female",15142
"E08000021","Newcastle upon Tyne","Lives in a household","Aged 25 to 29 years","Female",11132
"E08000021","Newcastle upon Tyne","Lives in a household","Aged 30 to 34 years","Female",10713
"E08000021","Newcastle upon Tyne","Lives in a household","Aged 35 to 39 years","Female",9746
"E08000021","Newcastle upon Tyne","Lives in a household","Aged 40 to 44 years","Female",8372
"E08000021","Newcastle upon Tyne","Lives in a household","Aged 45 to 49 years","Female",7991
"E08000021","Newcastle upon Tyne","Lives in a household","Aged 50 to 54 years","Female",8411
"E08000021","Newcastle upon Tyne","Lives in a household","Aged 55 to 59 years","Female",8707
"E08000021","Newcastle upon Tyne","Lives in a household","Aged 60 to 64 years","Female",7820
"E08000021","Newcastle upon Tyne","Lives in a household","Aged 65 years","Female",1395
"E08000021","Newcastle upon Tyne","Lives in a household","Aged 66 to 69 years","Female",5058
"E08000021","Newcastle upon Tyne","Lives in a household","Aged 70 to 74 years","Female",6033
"E08000021","Newcastle upon Tyne","Lives in a household","Aged 75 to 79 years","Female",4081
"E08000021","Newcastle upon Tyne","Lives in a household","Aged 80 to 84 years","Female",3365
"E08000021","Newcastle upon Tyne","Lives in a household","Aged 85 years and over","Female",3224
"E08000022","North Tyneside","Lives in a household","Total","Female",106819
"E08000022","North Tyneside","Lives in a household","Aged 2 years and under","Female",3087
"E08000022","North Tyneside","Lives in a household","Aged 3 to 4 years","Female",2238
"E08000022","North Tyneside","Lives in a household","Aged 5 to 7 years","Female",3402
"E08000022","North Tyneside","Lives in a household","Aged 8 to 9 years","Female",2384
"E08000022","North Tyneside","Lives in a household","Aged 10 to 14 years","Female",5787
"E08000022","North Tyneside","Lives in a household","Aged 15 years","Female",1147
"E08000022","North Tyneside","Lives in a household","Aged 16 to 17 years","Female",2198
"E08000022","North Tyneside","Lives in a household","Aged 18 to 19 years","Female",1674
"E08000022","North Tyneside","Lives in a household","Aged 20 to 24 years","Female",4699
"E08000022","North Tyneside","Lives in a household","Aged 25 to 29 years","Female",6299
"E08000022","North Tyneside","Lives in a household","Aged 30 to 34 years","Female",7313
"E08000022","North Tyneside","Lives in a household","Aged 35 to 39 years","Female",7456
"E08000022","North Tyneside","Lives in a household","Aged 40 to 44 years","Female",6972
"E08000022","North Tyneside","Lives in a household","Aged 45 to 49 years","Female",6986
"E08000022","North Tyneside","Lives in a household","Aged 50 to 54 years","Female",7534
"E08000022","North Tyneside","Lives in a household","Aged 55 to 59 years","Female",7730
"E08000022","North Tyneside","Lives in a household","Aged 60 to 64 years","Female",7088
"E08000022","North Tyneside","Lives in a household","Aged 65 years","Female",1314
"E08000022","North Tyneside","Lives in a household","Aged 66 to 69 years","Female",4976
"E08000022","North Tyneside","Lives in a household","Aged 70 to 74 years","Female",6205
"E08000022","North Tyneside","Lives in a household","Aged 75 to 79 years","Female",4117
"E08000022","North Tyneside","Lives in a household","Aged 80 to 84 years","Female",3166
"E08000022","North Tyneside","Lives in a household","Aged 85 years and over","Female",3047
"E08000023","South Tyneside","Lives in a household","Total","Female",75403
"E08000023","South Tyneside","Lives in a household","Aged 2 years and under","Female",2148
"E08000023","South Tyneside","Lives in a household","Aged 3 to 4 years","Female",1605
"E08000023","South Tyneside","Lives in a household","Aged 5 to 7 years","Female",2425
"E08000023","South Tyneside","Lives in a household","Aged 8 to 9 years","Female",1689
"E08000023","South Tyneside","Lives in a household","Aged 10 to 14 years","Female",4230
"E08000023","South Tyneside","Lives in a household","Aged 15 years","Female",763
"E08000023","South Tyneside","Lives in a household","Aged 16 to 17 years","Female",1547
"E08000023","South Tyneside","Lives in a household","Aged 18 to 19 years","Female",1314
"E08000023","South Tyneside","Lives in a household","Aged 20 to 24 years","Female",3617
"E08000023","South Tyneside","Lives in a household","Aged 25 to 29 years","Female",4462
"E08000023","South Tyneside","Lives in a household","Aged 30 to 34 years","Female",5215
"E08000023","South Tyneside","Lives in a household","Aged 35 to 39 years","Female",4876
"E08000023","South Tyneside","Lives in a household","Aged 40 to 44 years","Female",4349
"E08000023","South Tyneside","Lives in a household","Aged 45 to 49 years","Female",4484
"E08000023","South Tyneside","Lives in a household","Aged 50 to 54 years","Female",5309
"E08000023","South Tyneside","Lives in a household","Aged 55 to 59 years","Female",5773
"E08000023","South Tyneside","Lives in a household","Aged 60 to 64 years","Female",5322
"E08000023","South Tyneside","Lives in a household","Aged 65 years","Female",972
"E08000023","South Tyneside","Lives in a household","Aged 66 to 69 years","Female",3515
"E08000023","South Tyneside","Lives in a household","Aged 70 to 74 years","Female",4278
"E08000023","South Tyneside","Lives in a household","Aged 75 to 79 years","Female",2986
"E08000023","South Tyneside","Lives in a household","Aged 80 to 84 years","Female",2354
"E08000023","South Tyneside","Lives in a household","Aged 85 years and over","Female",2170
"E08000024","Sunderland","Lives in a household","Total","Female",138847
"E08000024","Sunderland","Lives in a household","Aged 2 years and under","Female",3818
"E08000024","Sunderland","Lives in a household","Aged 3 to 4 years","Female",2854
"E08000024","Sunderland","Lives in a household","Aged 5 to 7 years","Female",4280
"E08000024","Sunderland","Lives in a household","Aged 8 to 9 years","Female",3108
"E08000024","Sunderland","Lives in a household","Aged 10 to 14 years","Female",7899
"E08000024","Sunderland","Lives in a household","Aged 15 years","Female",1463
"E08000024","Sunderland","Lives in a household","Aged 16 to 17 years","Female",2926
"E08000024","Sunderland","Lives in a household","Aged 18 to 19 years","Female",2505
"E08000024","Sunderland","Lives in a household","Aged 20 to 24 years","Female",7157
"E08000024","Sunderland","Lives in a household","Aged 25 to 29 years","Female",8695
"E08000024","Sunderland","Lives in a household","Aged 30 to 34 years","Female",9304
"E08000024","Sunderland","Lives in a household","Aged 35 to 39 years","Female",8742
"E08000024","Sunderland","Lives in a household","Aged 40 to 44 years","Female",8125
"E08000024","Sunderland","Lives in a household","Aged 45 to 49 years","Female",8678
"E08000024","Sunderland","Lives in a household","Aged 50 to 54 years","Female",9911
"E08000024","Sunderland","Lives in a household","Aged 55 to 59 years","Female",10263
"E08000024","Sunderland","Lives in a household","Aged 60 to 64 years","Female",9550
"E08000024","Sunderland","Lives in a household","Aged 65 years","Female",1703
"E08000024","Sunderland","Lives in a household","Aged 66 to 69 years","Female",6602
"E08000024","Sunderland","Lives in a household","Aged 70 to 74 years","Female",8080
"E08000024","Sunderland","Lives in a household","Aged 75 to 79 years","Female",5379
"E08000024","Sunderland","Lives in a household","Aged 80 to 84 years","Female",4131
"E08000024","Sunderland","Lives in a household","Aged 85 years and over","Female",3674
"E08000037","Gateshead","Lives in a household","Total","Female",98462
"E08000037","Gateshead","Lives in a household","Aged 2 years and under","Female",2936
"E08000037","Gateshead","Lives in a household","Aged 3 to 4 years","Female",2050
"E08000037","Gateshead","Lives in a household","Aged 5 to 7 years","Female",3182
"E08000037","Gateshead","Lives in a household","Aged 8 to 9 years","Female",2219
"E08000037","Gateshead","Lives in a household","Aged 10 to 14 years","Female",5548
"E08000037","Gateshead","Lives in a household","Aged 15 years","Female",988
"E08000037","Gateshead","Lives in a household","Aged 16 to 17 years","Female",2015
"E08000037","Gateshead","Lives in a household","Aged 18 to 19 years","Female",1605
"E08000037","Gateshead","Lives in a household","Aged 20 to 24 years","Female",5014
"E08000037","Gateshead","Lives in a household","Aged 25 to 29 years","Female",6393
"E08000037","Gateshead","Lives in a household","Aged 30 to 34 years","Female",6631
"E08000037","Gateshead","Lives in a household","Aged 35 to 39 years","Female",6553
"E08000037","Gateshead","Lives in a household","Aged 40 to 44 years","Female",6012
"E08000037","Gateshead","Lives in a household","Aged 45 to 49 years","Female",6126
"E08000037","Gateshead","Lives in a household","Aged 50 to 54 years","Female",7033
"E08000037","Gateshead","Lives in a household","Aged 55 to 59 years","Female",7154
"E08000037","Gateshead","Lives in a household","Aged 60 to 64 years","Female",6306
"E08000037","Gateshead","Lives in a household","Aged 65 years","Female",1101
"E08000037","Gateshead","Lives in a household","Aged 66 to 69 years","Female",4232
"E08000037","Gateshead","Lives in a household","Aged 70 to 74 years","Female",5519
"E08000037","Gateshead","Lives in a household","Aged 75 to 79 years","Female",3932
"E08000037","Gateshead","Lives in a household","Aged 80 to 84 years","Female",3115
"E08000037","Gateshead","Lives in a household","Aged 85 years and over","Female",2798
"E06000006","Halton","Lives in a household","Total","Female",65066
"E06000006","Halton","Lives in a household","Aged 2 years and under","Female",1930
"E06000006","Halton","Lives in a household","Aged 3 to 4 years","Female",1409
"E06000006","Halton","Lives in a household","Aged 5 to 7 years","Female",2257
"E06000006","Halton","Lives in a household","Aged 8 to 9 years","Female",1593
"E06000006","Halton","Lives in a household","Aged 10 to 14 years","Female",3972
"E06000006","Halton","Lives in a household","Aged 15 years","Female",783
"E06000006","Halton","Lives in a household","Aged 16 to 17 years","Female",1413
"E06000006","Halton","Lives in a household","Aged 18 to 19 years","Female",1235
"E06000006","Halton","Lives in a household","Aged 20 to 24 years","Female",3277
"E06000006","Halton","Lives in a household","Aged 25 to 29 years","Female",4100
"E06000006","Halton","Lives in a household","Aged 30 to 34 years","Female",4554
"E06000006","Halton","Lives in a household","Aged 35 to 39 years","Female",4331
"E06000006","Halton","Lives in a household","Aged 40 to 44 years","Female",4076
"E06000006","Halton","Lives in a household","Aged 45 to 49 years","Female",4230
"E06000006","Halton","Lives in a household","Aged 50 to 54 years","Female",4594
"E06000006","Halton","Lives in a household","Aged 55 to 59 years","Female",4626
"E06000006","Halton","Lives in a household","Aged 60 to 64 years","Female",4245
"E06000006","Halton","Lives in a household","Aged 65 years","Female",769
"E06000006","Halton","Lives in a household","Aged 66 to 69 years","Female",2998
"E06000006","Halton","Lives in a household","Aged 70 to 74 years","Female",3658
"E06000006","Halton","Lives in a household","Aged 75 to 79 years","Female",2185
"E06000006","Halton","Lives in a household","Aged 80 to 84 years","Female",1508
"E06000006","Halton","Lives in a household","Aged 85 years and over","Female",1323
"E06000007","Warrington","Lives in a household","Total","Female",105364
"E06000007","Warrington","Lives in a household","Aged 2 years and under","Female",3060
"E06000007","Warrington","Lives in a household","Aged 3 to 4 years","Female",2122
"E06000007","Warrington","Lives in a household","Aged 5 to 7 years","Female",3532
"E06000007","Warrington","Lives in a household","Aged 8 to 9 years","Female",2443
"E06000007","Warrington","Lives in a household","Aged 10 to 14 years","Female",6253
"E06000007","Warrington","Lives in a household","Aged 15 years","Female",1182
"E06000007","Warrington","Lives in a household","Aged 16 to 17 years","Female",2394
"E06000007","Warrington","Lives in a household","Aged 18 to 19 years","Female",1784
"E06000007","Warrington","Lives in a household","Aged 20 to 24 years","Female",4993
"E06000007","Warrington","Lives in a household","Aged 25 to 29 years","Female",6189
"E06000007","Warrington","Lives in a household","Aged 30 to 34 years","Female",7050
"E06000007","Warrington","Lives in a household","Aged 35 to 39 years","Female",7190
"E06000007","Warrington","Lives in a household","Aged 40 to 44 years","Female",6847
"E06000007","Warrington","Lives in a household","Aged 45 to 49 years","Female",7099
"E06000007","Warrington","Lives in a household","Aged 50 to 54 years","Female",8036
"E06000007","Warrington","Lives in a household","Aged 55 to 59 years","Female",7961
"E06000007","Warrington","Lives in a household","Aged 60 to 64 years","Female",6422
"E06000007","Warrington","Lives in a household","Aged 65 years","Female",1110
"E06000007","Warrington","Lives in a household","Aged 66 to 69 years","Female",4320
"E06000007","Warrington","Lives in a household","Aged 70 to 74 years","Female",5555
"E06000007","Warrington","Lives in a household","Aged 75 to 79 years","Female",4319
"E06000007","Warrington","Lives in a household","Aged 80 to 84 years","Female",3074
"E06000007","Warrington","Lives in a household","Aged 85 years and over","Female",2429
"E06000008","Blackburn with Darwen","Lives in a household","Total","Female",77420
"E06000008","Blackburn with Darwen","Lives in a household","Aged 2 years and under","Female",3025
"E06000008","Blackburn with Darwen","Lives in a household","Aged 3 to 4 years","Female",2010
"E06000008","Blackburn with Darwen","Lives in a household","Aged 5 to 7 years","Female",3213
"E06000008","Blackburn with Darwen","Lives in a household","Aged 8 to 9 years","Female",2250
"E06000008","Blackburn with Darwen","Lives in a household","Aged 10 to 14 years","Female",5828
"E06000008","Blackburn with Darwen","Lives in a household","Aged 15 years","Female",1110
"E06000008","Blackburn with Darwen","Lives in a household","Aged 16 to 17 years","Female",2179
"E06000008","Blackburn with Darwen","Lives in a household","Aged 18 to 19 years","Female",1916
"E06000008","Blackburn with Darwen","Lives in a household","Aged 20 to 24 years","Female",4643
"E06000008","Blackburn with Darwen","Lives in a household","Aged 25 to 29 years","Female",5046
"E06000008","Blackburn with Darwen","Lives in a household","Aged 30 to 34 years","Female",5531
"E06000008","Blackburn with Darwen","Lives in a household","Aged 35 to 39 years","Female",5623
"E06000008","Blackburn with Darwen","Lives in a household","Aged 40 to 44 years","Female",4983
"E06000008","Blackburn with Darwen","Lives in a household","Aged 45 to 49 years","Female",4956
"E06000008","Blackburn with Darwen","Lives in a household","Aged 50 to 54 years","Female",5104
"E06000008","Blackburn with Darwen","Lives in a household","Aged 55 to 59 years","Female",4649
"E06000008","Blackburn with Darwen","Lives in a household","Aged 60 to 64 years","Female",3946
"E06000008","Blackburn with Darwen","Lives in a household","Aged 65 years","Female",696
"E06000008","Blackburn with Darwen","Lives in a household","Aged 66 to 69 years","Female",2638
"E06000008","Blackburn with Darwen","Lives in a household","Aged 70 to 74 years","Female",3123
"E06000008","Blackburn with Darwen","Lives in a household","Aged 75 to 79 years","Female",2105
"E06000008","Blackburn with Darwen","Lives in a household","Aged 80 to 84 years","Female",1482
"E06000008","Blackburn with Darwen","Lives in a household","Aged 85 years and over","Female",1364
"E06000009","Blackpool","Lives in a household","Total","Female",69841
"E06000009","Blackpool","Lives in a household","Aged 2 years and under","Female",2130
"E06000009","Blackpool","Lives in a household","Aged 3 to 4 years","Female",1505
"E06000009","Blackpool","Lives in a household","Aged 5 to 7 years","Female",2274
"E06000009","Blackpool","Lives in a household","Aged 8 to 9 years","Female",1579
"E06000009","Blackpool","Lives in a household","Aged 10 to 14 years","Female",3762
"E06000009","Blackpool","Lives in a household","Aged 15 years","Female",742
"E06000009","Blackpool","Lives in a household","Aged 16 to 17 years","Female",1539
"E06000009","Blackpool","Lives in a household","Aged 18 to 19 years","Female",1220
"E06000009","Blackpool","Lives in a household","Aged 20 to 24 years","Female",3705
"E06000009","Blackpool","Lives in a household","Aged 25 to 29 years","Female",4466
"E06000009","Blackpool","Lives in a household","Aged 30 to 34 years","Female",4887
"E06000009","Blackpool","Lives in a household","Aged 35 to 39 years","Female",4346
"E06000009","Blackpool","Lives in a household","Aged 40 to 44 years","Female",3821
"E06000009","Blackpool","Lives in a household","Aged 45 to 49 years","Female",4269
"E06000009","Blackpool","Lives in a household","Aged 50 to 54 years","Female",5086
"E06000009","Blackpool","Lives in a household","Aged 55 to 59 years","Female",5304
"E06000009","Blackpool","Lives in a household","Aged 60 to 64 years","Female",4486
"E06000009","Blackpool","Lives in a household","Aged 65 years","Female",815
"E06000009","Blackpool","Lives in a household","Aged 66 to 69 years","Female",2926
"E06000009","Blackpool","Lives in a household","Aged 70 to 74 years","Female",3928
"E06000009","Blackpool","Lives in a household","Aged 75 to 79 years","Female",2977
"E06000009","Blackpool","Lives in a household","Aged 80 to 84 years","Female",2179
"E06000009","Blackpool","Lives in a household","Aged 85 years and over","Female",1895
"E06000049","Cheshire East","Lives in a household","Total","Female",200174
"E06000049","Cheshire East","Lives in a household","Aged 2 years and under","Female",5558
"E06000049","Cheshire East","Lives in a household","Aged 3 to 4 years","Female",4097
"E06000049","Cheshire East","Lives in a household","Aged 5 to 7 years","Female",6233
"E06000049","Cheshire East","Lives in a household","Aged 8 to 9 years","Female",4489
"E06000049","Cheshire East","Lives in a household","Aged 10 to 14 years","Female",11034
"E06000049","Cheshire East","Lives in a household","Aged 15 years","Female",2100
"E06000049","Cheshire East","Lives in a household","Aged 16 to 17 years","Female",4377
"E06000049","Cheshire East","Lives in a household","Aged 18 to 19 years","Female",2893
"E06000049","Cheshire East","Lives in a household","Aged 20 to 24 years","Female",8508
"E06000049","Cheshire East","Lives in a household","Aged 25 to 29 years","Female",10746
"E06000049","Cheshire East","Lives in a household","Aged 30 to 34 years","Female",12256
"E06000049","Cheshire East","Lives in a household","Aged 35 to 39 years","Female",12436
"E06000049","Cheshire East","Lives in a household","Aged 40 to 44 years","Female",11999
"E06000049","Cheshire East","Lives in a household","Aged 45 to 49 years","Female",13491
"E06000049","Cheshire East","Lives in a household","Aged 50 to 54 years","Female",15463
"E06000049","Cheshire East","Lives in a household","Aged 55 to 59 years","Female",15421
"E06000049","Cheshire East","Lives in a household","Aged 60 to 64 years","Female",12876
"E06000049","Cheshire East","Lives in a household","Aged 65 years","Female",2210
"E06000049","Cheshire East","Lives in a household","Aged 66 to 69 years","Female",9091
"E06000049","Cheshire East","Lives in a household","Aged 70 to 74 years","Female",12679
"E06000049","Cheshire East","Lives in a household","Aged 75 to 79 years","Female",9390
"E06000049","Cheshire East","Lives in a household","Aged 80 to 84 years","Female",6630
"E06000049","Cheshire East","Lives in a household","Aged 85 years and over","Female",6197
"E06000050","Cheshire West and Chester","Lives in a household","Total","Female",179894
"E06000050","Cheshire West and Chester","Lives in a household","Aged 2 years and under","Female",5046
"E06000050","Cheshire West and Chester","Lives in a household","Aged 3 to 4 years","Female",3592
"E06000050","Cheshire West and Chester","Lives in a household","Aged 5 to 7 years","Female",5645
"E06000050","Cheshire West and Chester","Lives in a household","Aged 8 to 9 years","Female",3988
"E06000050","Cheshire West and Chester","Lives in a household","Aged 10 to 14 years","Female",9774
"E06000050","Cheshire West and Chester","Lives in a household","Aged 15 years","Female",1949
"E06000050","Cheshire West and Chester","Lives in a household","Aged 16 to 17 years","Female",3752
"E06000050","Cheshire West and Chester","Lives in a household","Aged 18 to 19 years","Female",2972
"E06000050","Cheshire West and Chester","Lives in a household","Aged 20 to 24 years","Female",9607
"E06000050","Cheshire West and Chester","Lives in a household","Aged 25 to 29 years","Female",10525
"E06000050","Cheshire West and Chester","Lives in a household","Aged 30 to 34 years","Female",11445
"E06000050","Cheshire West and Chester","Lives in a household","Aged 35 to 39 years","Female",11348
"E06000050","Cheshire West and Chester","Lives in a household","Aged 40 to 44 years","Female",10715
"E06000050","Cheshire West and Chester","Lives in a household","Aged 45 to 49 years","Female",11783
"E06000050","Cheshire West and Chester","Lives in a household","Aged 50 to 54 years","Female",13266
"E06000050","Cheshire West and Chester","Lives in a household","Aged 55 to 59 years","Female",13518
"E06000050","Cheshire West and Chester","Lives in a household","Aged 60 to 64 years","Female",11569
"E06000050","Cheshire West and Chester","Lives in a household","Aged 65 years","Female",2080
"E06000050","Cheshire West and Chester","Lives in a household","Aged 66 to 69 years","Female",7913
"E06000050","Cheshire West and Chester","Lives in a household","Aged 70 to 74 years","Female",10693
"E06000050","Cheshire West and Chester","Lives in a household","Aged 75 to 79 years","Female",7751
"E06000050","Cheshire West and Chester","Lives in a household","Aged 80 to 84 years","Female",5755
"E06000050","Cheshire West and Chester","Lives in a household","Aged 85 years and over","Female",5208
"E06000063","Cumberland","Lives in a household","Total","Female",137267
"E06000063","Cumberland","Lives in a household","Aged 2 years and under","Female",3654
"E06000063","Cumberland","Lives in a household","Aged 3 to 4 years","Female",2629
"E06000063","Cumberland","Lives in a household","Aged 5 to 7 years","Female",4245
"E06000063","Cumberland","Lives in a household","Aged 8 to 9 years","Female",2951
"E06000063","Cumberland","Lives in a household","Aged 10 to 14 years","Female",7310
"E06000063","Cumberland","Lives in a household","Aged 15 years","Female",1368
"E06000063","Cumberland","Lives in a household","Aged 16 to 17 years","Female",2731
"E06000063","Cumberland","Lives in a household","Aged 18 to 19 years","Female",2228
"E06000063","Cumberland","Lives in a household","Aged 20 to 24 years","Female",6551
"E06000063","Cumberland","Lives in a household","Aged 25 to 29 years","Female",7870
"E06000063","Cumberland","Lives in a household","Aged 30 to 34 years","Female",8166
"E06000063","Cumberland","Lives in a household","Aged 35 to 39 years","Female",7990
"E06000063","Cumberland","Lives in a household","Aged 40 to 44 years","Female",7456
"E06000063","Cumberland","Lives in a household","Aged 45 to 49 years","Female",8501
"E06000063","Cumberland","Lives in a household","Aged 50 to 54 years","Female",10413
"E06000063","Cumberland","Lives in a household","Aged 55 to 59 years","Female",10764
"E06000063","Cumberland","Lives in a household","Aged 60 to 64 years","Female",9853
"E06000063","Cumberland","Lives in a household","Aged 65 years","Female",1731
"E06000063","Cumberland","Lives in a household","Aged 66 to 69 years","Female",6887
"E06000063","Cumberland","Lives in a household","Aged 70 to 74 years","Female",8909
"E06000063","Cumberland","Lives in a household","Aged 75 to 79 years","Female",6168
"E06000063","Cumberland","Lives in a household","Aged 80 to 84 years","Female",4640
"E06000063","Cumberland","Lives in a household","Aged 85 years and over","Female",4252
"E06000064","Westmorland and Furness","Lives in a household","Total","Female",113048
"E06000064","Westmorland and Furness","Lives in a household","Aged 2 years and under","Female",2710
"E06000064","Westmorland and Furness","Lives in a household","Aged 3 to 4 years","Female",1984
"E06000064","Westmorland and Furness","Lives in a household","Aged 5 to 7 years","Female",3036
"E06000064","Westmorland and Furness","Lives in a household","Aged 8 to 9 years","Female",2149
"E06000064","Westmorland and Furness","Lives in a household","Aged 10 to 14 years","Female",5531
"E06000064","Westmorland and Furness","Lives in a household","Aged 15 years","Female",1155
"E06000064","Westmorland and Furness","Lives in a household","Aged 16 to 17 years","Female",2218
"E06000064","Westmorland and Furness","Lives in a household","Aged 18 to 19 years","Female",1754
"E06000064","Westmorland and Furness","Lives in a household","Aged 20 to 24 years","Female",4734
"E06000064","Westmorland and Furness","Lives in a household","Aged 25 to 29 years","Female",5809
"E06000064","Westmorland and Furness","Lives in a household","Aged 30 to 34 years","Female",6128
"E06000064","Westmorland and Furness","Lives in a household","Aged 35 to 39 years","Female",6118
"E06000064","Westmorland and Furness","Lives in a household","Aged 40 to 44 years","Female",5937
"E06000064","Westmorland and Furness","Lives in a household","Aged 45 to 49 years","Female",7022
"E06000064","Westmorland and Furness","Lives in a household","Aged 50 to 54 years","Female",8955
"E06000064","Westmorland and Furness","Lives in a household","Aged 55 to 59 years","Female",9274
"E06000064","Westmorland and Furness","Lives in a household","Aged 60 to 64 years","Female",8461
"E06000064","Westmorland and Furness","Lives in a household","Aged 65 years","Female",1533
"E06000064","Westmorland and Furness","Lives in a household","Aged 66 to 69 years","Female",5979
"E06000064","Westmorland and Furness","Lives in a household","Aged 70 to 74 years","Female",8186
"E06000064","Westmorland and Furness","Lives in a household","Aged 75 to 79 years","Female",6046
"E06000064","Westmorland and Furness","Lives in a household","Aged 80 to 84 years","Female",4323
"E06000064","Westmorland and Furness","Lives in a household","Aged 85 years and over","Female",4006
"E07000117","Burnley","Lives in a household","Total","Female",47265
"E07000117","Burnley","Lives in a household","Aged 2 years and under","Female",1671
"E07000117","Burnley","Lives in a household","Aged 3 to 4 years","Female",1125
"E07000117","Burnley","Lives in a household","Aged 5 to 7 years","Female",1784
"E07000117","Burnley","Lives in a household","Aged 8 to 9 years","Female",1233
"E07000117","Burnley","Lives in a household","Aged 10 to 14 years","Female",3002
"E07000117","Burnley","Lives in a household","Aged 15 years","Female",634
"E07000117","Burnley","Lives in a household","Aged 16 to 17 years","Female",1100
"E07000117","Burnley","Lives in a household","Aged 18 to 19 years","Female",863
"E07000117","Burnley","Lives in a household","Aged 20 to 24 years","Female",2559
"E07000117","Burnley","Lives in a household","Aged 25 to 29 years","Female",3173
"E07000117","Burnley","Lives in a household","Aged 30 to 34 years","Female",3502
"E07000117","Burnley","Lives in a household","Aged 35 to 39 years","Female",3153
"E07000117","Burnley","Lives in a household","Aged 40 to 44 years","Female",2864
"E07000117","Burnley","Lives in a household","Aged 45 to 49 years","Female",2897
"E07000117","Burnley","Lives in a household","Aged 50 to 54 years","Female",3114
"E07000117","Burnley","Lives in a household","Aged 55 to 59 years","Female",3198
"E07000117","Burnley","Lives in a household","Aged 60 to 64 years","Female",2745
"E07000117","Burnley","Lives in a household","Aged 65 years","Female",510
"E07000117","Burnley","Lives in a household","Aged 66 to 69 years","Female",1899
"E07000117","Burnley","Lives in a household","Aged 70 to 74 years","Female",2485
"E07000117","Burnley","Lives in a household","Aged 75 to 79 years","Female",1695
"E07000117","Burnley","Lives in a household","Aged 80 to 84 years","Female",1087
"E07000117","Burnley","Lives in a household","Aged 85 years and over","Female",972
"E07000118","Chorley","Lives in a household","Total","Female",58452
"E07000118","Chorley","Lives in a household","Aged 2 years and under","Female",1679
"E07000118","Chorley","Lives in a household","Aged 3 to 4 years","Female",1300
"E07000118","Chorley","Lives in a household","Aged 5 to 7 years","Female",1986
"E07000118","Chorley","Lives in a household","Aged 8 to 9 years","Female",1402
"E07000118","Chorley","Lives in a household","Aged 10 to 14 years","Female",3413
"E07000118","Chorley","Lives in a household","Aged 15 years","Female",620
"E07000118","Chorley","Lives in a household","Aged 16 to 17 years","Female",1255
"E07000118","Chorley","Lives in a household","Aged 18 to 19 years","Female",923
"E07000118","Chorley","Lives in a household","Aged 20 to 24 years","Female",2567
"E07000118","Chorley","Lives in a household","Aged 25 to 29 years","Female",3308
"E07000118","Chorley","Lives in a household","Aged 30 to 34 years","Female",3866
"E07000118","Chorley","Lives in a household","Aged 35 to 39 years","Female",3925
"E07000118","Chorley","Lives in a household","Aged 40 to 44 years","Female",3625
"E07000118","Chorley","Lives in a household","Aged 45 to 49 years","Female",3955
"E07000118","Chorley","Lives in a household","Aged 50 to 54 years","Female",4468
"E07000118","Chorley","Lives in a household","Aged 55 to 59 years","Female",4340
"E07000118","Chorley","Lives in a household","Aged 60 to 64 years","Female",3621
"E07000118","Chorley","Lives in a household","Aged 65 years","Female",690
"E07000118","Chorley","Lives in a household","Aged 66 to 69 years","Female",2557
"E07000118","Chorley","Lives in a household","Aged 70 to 74 years","Female",3531
"E07000118","Chorley","Lives in a household","Aged 75 to 79 years","Female",2455
"E07000118","Chorley","Lives in a household","Aged 80 to 84 years","Female",1659
"E07000118","Chorley","Lives in a household","Aged 85 years and over","Female",1307
"E07000119","Fylde","Lives in a household","Total","Female",40848
"E07000119","Fylde","Lives in a household","Aged 2 years and under","Female",911
"E07000119","Fylde","Lives in a household","Aged 3 to 4 years","Female",703
"E07000119","Fylde","Lives in a household","Aged 5 to 7 years","Female",1105
"E07000119","Fylde","Lives in a household","Aged 8 to 9 years","Female",850
"E07000119","Fylde","Lives in a household","Aged 10 to 14 years","Female",2014
"E07000119","Fylde","Lives in a household","Aged 15 years","Female",391
"E07000119","Fylde","Lives in a household","Aged 16 to 17 years","Female",791
"E07000119","Fylde","Lives in a household","Aged 18 to 19 years","Female",552
"E07000119","Fylde","Lives in a household","Aged 20 to 24 years","Female",1560
"E07000119","Fylde","Lives in a household","Aged 25 to 29 years","Female",1866
"E07000119","Fylde","Lives in a household","Aged 30 to 34 years","Female",2137
"E07000119","Fylde","Lives in a household","Aged 35 to 39 years","Female",2222
"E07000119","Fylde","Lives in a household","Aged 40 to 44 years","Female",2144
"E07000119","Fylde","Lives in a household","Aged 45 to 49 years","Female",2435
"E07000119","Fylde","Lives in a household","Aged 50 to 54 years","Female",3041
"E07000119","Fylde","Lives in a household","Aged 55 to 59 years","Female",3419
"E07000119","Fylde","Lives in a household","Aged 60 to 64 years","Female",3186
"E07000119","Fylde","Lives in a household","Aged 65 years","Female",573
"E07000119","Fylde","Lives in a household","Aged 66 to 69 years","Female",2156
"E07000119","Fylde","Lives in a household","Aged 70 to 74 years","Female",3086
"E07000119","Fylde","Lives in a household","Aged 75 to 79 years","Female",2341
"E07000119","Fylde","Lives in a household","Aged 80 to 84 years","Female",1739
"E07000119","Fylde","Lives in a household","Aged 85 years and over","Female",1626
"E07000120","Hyndburn","Lives in a household","Total","Female",41301
"E07000120","Hyndburn","Lives in a household","Aged 2 years and under","Female",1375
"E07000120","Hyndburn","Lives in a household","Aged 3 to 4 years","Female",992
"E07000120","Hyndburn","Lives in a household","Aged 5 to 7 years","Female",1560
"E07000120","Hyndburn","Lives in a household","Aged 8 to 9 years","Female",1109
"E07000120","Hyndburn","Lives in a household","Aged 10 to 14 years","Female",2659
"E07000120","Hyndburn","Lives in a household","Aged 15 years","Female",501
"E07000120","Hyndburn","Lives in a household","Aged 16 to 17 years","Female",963
"E07000120","Hyndburn","Lives in a household","Aged 18 to 19 years","Female",842
"E07000120","Hyndburn","Lives in a household","Aged 20 to 24 years","Female",2291
"E07000120","Hyndburn","Lives in a household","Aged 25 to 29 years","Female",2736
"E07000120","Hyndburn","Lives in a household","Aged 30 to 34 years","Female",2903
"E07000120","Hyndburn","Lives in a household","Aged 35 to 39 years","Female",2655
"E07000120","Hyndburn","Lives in a household","Aged 40 to 44 years","Female",2445
"E07000120","Hyndburn","Lives in a household","Aged 45 to 49 years","Female",2587
"E07000120","Hyndburn","Lives in a household","Aged 50 to 54 years","Female",2844
"E07000120","Hyndburn","Lives in a household","Aged 55 to 59 years","Female",2758
"E07000120","Hyndburn","Lives in a household","Aged 60 to 64 years","Female",2454
"E07000120","Hyndburn","Lives in a household","Aged 65 years","Female",420
"E07000120","Hyndburn","Lives in a household","Aged 66 to 69 years","Female",1603
"E07000120","Hyndburn","Lives in a household","Aged 70 to 74 years","Female",2085
"E07000120","Hyndburn","Lives in a household","Aged 75 to 79 years","Female",1578
"E07000120","Hyndburn","Lives in a household","Aged 80 to 84 years","Female",1065
"E07000120","Hyndburn","Lives in a household","Aged 85 years and over","Female",876
"E07000121","Lancaster","Lives in a household","Total","Female",68848
"E07000121","Lancaster","Lives in a household","Aged 2 years and under","Female",1964
"E07000121","Lancaster","Lives in a household","Aged 3 to 4 years","Female",1330
"E07000121","Lancaster","Lives in a household","Aged 5 to 7 years","Female",2180
"E07000121","Lancaster","Lives in a household","Aged 8 to 9 years","Female",1528
"E07000121","Lancaster","Lives in a household","Aged 10 to 14 years","Female",3617
"E07000121","Lancaster","Lives in a household","Aged 15 years","Female",678
"E07000121","Lancaster","Lives in a household","Aged 16 to 17 years","Female",1313
"E07000121","Lancaster","Lives in a household","Aged 18 to 19 years","Female",1420
"E07000121","Lancaster","Lives in a household","Aged 20 to 24 years","Female",5007
"E07000121","Lancaster","Lives in a household","Aged 25 to 29 years","Female",3918
"E07000121","Lancaster","Lives in a household","Aged 30 to 34 years","Female",4197
"E07000121","Lancaster","Lives in a household","Aged 35 to 39 years","Female",4261
"E07000121","Lancaster","Lives in a household","Aged 40 to 44 years","Female",3882
"E07000121","Lancaster","Lives in a household","Aged 45 to 49 years","Female",3979
"E07000121","Lancaster","Lives in a household","Aged 50 to 54 years","Female",4845
"E07000121","Lancaster","Lives in a household","Aged 55 to 59 years","Female",4995
"E07000121","Lancaster","Lives in a household","Aged 60 to 64 years","Female",4536
"E07000121","Lancaster","Lives in a household","Aged 65 years","Female",801
"E07000121","Lancaster","Lives in a household","Aged 66 to 69 years","Female",3172
"E07000121","Lancaster","Lives in a household","Aged 70 to 74 years","Female",4033
"E07000121","Lancaster","Lives in a household","Aged 75 to 79 years","Female",2959
"E07000121","Lancaster","Lives in a household","Aged 80 to 84 years","Female",2143
"E07000121","Lancaster","Lives in a household","Aged 85 years and over","Female",2090
"E07000122","Pendle","Lives in a household","Total","Female",48054
"E07000122","Pendle","Lives in a household","Aged 2 years and under","Female",1703
"E07000122","Pendle","Lives in a household","Aged 3 to 4 years","Female",1196
"E07000122","Pendle","Lives in a household","Aged 5 to 7 years","Female",1968
"E07000122","Pendle","Lives in a household","Aged 8 to 9 years","Female",1272
"E07000122","Pendle","Lives in a household","Aged 10 to 14 years","Female",3264
"E07000122","Pendle","Lives in a household","Aged 15 years","Female",625
"E07000122","Pendle","Lives in a household","Aged 16 to 17 years","Female",1222
"E07000122","Pendle","Lives in a household","Aged 18 to 19 years","Female",1005
"E07000122","Pendle","Lives in a household","Aged 20 to 24 years","Female",2488
"E07000122","Pendle","Lives in a household","Aged 25 to 29 years","Female",2923
"E07000122","Pendle","Lives in a household","Aged 30 to 34 years","Female",3318
"E07000122","Pendle","Lives in a household","Aged 35 to 39 years","Female",3363
"E07000122","Pendle","Lives in a household","Aged 40 to 44 years","Female",2962
"E07000122","Pendle","Lives in a household","Aged 45 to 49 years","Female",2896
"E07000122","Pendle","Lives in a household","Aged 50 to 54 years","Female",3192
"E07000122","Pendle","Lives in a household","Aged 55 to 59 years","Female",3049
"E07000122","Pendle","Lives in a household","Aged 60 to 64 years","Female",2858
"E07000122","Pendle","Lives in a household","Aged 65 years","Female",524
"E07000122","Pendle","Lives in a household","Aged 66 to 69 years","Female",1856
"E07000122","Pendle","Lives in a household","Aged 70 to 74 years","Female",2498
"E07000122","Pendle","Lives in a household","Aged 75 to 79 years","Female",1667
"E07000122","Pendle","Lives in a household","Aged 80 to 84 years","Female",1140
"E07000122","Pendle","Lives in a household","Aged 85 years and over","Female",1065
"E07000123","Preston","Lives in a household","Total","Female",71101
"E07000123","Preston","Lives in a household","Aged 2 years and under","Female",2635
"E07000123","Preston","Lives in a household","Aged 3 to 4 years","Female",1762
"E07000123","Preston","Lives in a household","Aged 5 to 7 years","Female",2700
"E07000123","Preston","Lives in a household","Aged 8 to 9 years","Female",1862
"E07000123","Preston","Lives in a household","Aged 10 to 14 years","Female",4420
"E07000123","Preston","Lives in a household","Aged 15 years","Female",841
"E07000123","Preston","Lives in a household","Aged 16 to 17 years","Female",1633
"E07000123","Preston","Lives in a household","Aged 18 to 19 years","Female",1536
"E07000123","Preston","Lives in a household","Aged 20 to 24 years","Female",5035
"E07000123","Preston","Lives in a household","Aged 25 to 29 years","Female",5231
"E07000123","Preston","Lives in a household","Aged 30 to 34 years","Female",5472
"E07000123","Preston","Lives in a household","Aged 35 to 39 years","Female",4996
"E07000123","Preston","Lives in a household","Aged 40 to 44 years","Female",4518
"E07000123","Preston","Lives in a household","Aged 45 to 49 years","Female",4347
"E07000123","Preston","Lives in a household","Aged 50 to 54 years","Female",4659
"E07000123","Preston","Lives in a household","Aged 55 to 59 years","Female",4559
"E07000123","Preston","Lives in a household","Aged 60 to 64 years","Female",3810
"E07000123","Preston","Lives in a household","Aged 65 years","Female",676
"E07000123","Preston","Lives in a household","Aged 66 to 69 years","Female",2414
"E07000123","Preston","Lives in a household","Aged 70 to 74 years","Female",2869
"E07000123","Preston","Lives in a household","Aged 75 to 79 years","Female",2062
"E07000123","Preston","Lives in a household","Aged 80 to 84 years","Female",1565
"E07000123","Preston","Lives in a household","Aged 85 years and over","Female",1499
"E07000124","Ribble Valley","Lives in a household","Total","Female",30854
"E07000124","Ribble Valley","Lives in a household","Aged 2 years and under","Female",729
"E07000124","Ribble Valley","Lives in a household","Aged 3 to 4 years","Female",524
"E07000124","Ribble Valley","Lives in a household","Aged 5 to 7 years","Female",852
"E07000124","Ribble Valley","Lives in a household","Aged 8 to 9 years","Female",630
"E07000124","Ribble Valley","Lives in a household","Aged 10 to 14 years","Female",1733
"E07000124","Ribble Valley","Lives in a household","Aged 15 years","Female",354
"E07000124","Ribble Valley","Lives in a household","Aged 16 to 17 years","Female",641
"E07000124","Ribble Valley","Lives in a household","Aged 18 to 19 years","Female",494
"E07000124","Ribble Valley","Lives in a household","Aged 20 to 24 years","Female",1287
"E07000124","Ribble Valley","Lives in a household","Aged 25 to 29 years","Female",1443
"E07000124","Ribble Valley","Lives in a household","Aged 30 to 34 years","Female",1660
"E07000124","Ribble Valley","Lives in a household","Aged 35 to 39 years","Female",1648
"E07000124","Ribble Valley","Lives in a household","Aged 40 to 44 years","Female",1773
"E07000124","Ribble Valley","Lives in a household","Aged 45 to 49 years","Female",2064
"E07000124","Ribble Valley","Lives in a household","Aged 50 to 54 years","Female",2515
"E07000124","Ribble Valley","Lives in a household","Aged 55 to 59 years","Female",2587
"E07000124","Ribble Valley","Lives in a household","Aged 60 to 64 years","Female",2277
"E07000124","Ribble Valley","Lives in a household","Aged 65 years","Female",411
"E07000124","Ribble Valley","Lives in a household","Aged 66 to 69 years","Female",1482
"E07000124","Ribble Valley","Lives in a household","Aged 70 to 74 years","Female",2083
"E07000124","Ribble Valley","Lives in a household","Aged 75 to 79 years","Female",1575
"E07000124","Ribble Valley","Lives in a household","Aged 80 to 84 years","Female",1099
"E07000124","Ribble Valley","Lives in a household","Aged 85 years and over","Female",993
"E07000125","Rossendale","Lives in a household","Total","Female",35643
"E07000125","Rossendale","Lives in a household","Aged 2 years and under","Female",1023
"E07000125","Rossendale","Lives in a household","Aged 3 to 4 years","Female",783
"E07000125","Rossendale","Lives in a household","Aged 5 to 7 years","Female",1273
"E07000125","Rossendale","Lives in a household","Aged 8 to 9 years","Female",866
"E07000125","Rossendale","Lives in a household","Aged 10 to 14 years","Female",2233
"E07000125","Rossendale","Lives in a household","Aged 15 years","Female",419
"E07000125","Rossendale","Lives in a household","Aged 16 to 17 years","Female",810
"E07000125","Rossendale","Lives in a household","Aged 18 to 19 years","Female",583
"E07000125","Rossendale","Lives in a household","Aged 20 to 24 years","Female",1619
"E07000125","Rossendale","Lives in a household","Aged 25 to 29 years","Female",2127
"E07000125","Rossendale","Lives in a household","Aged 30 to 34 years","Female",2429
"E07000125","Rossendale","Lives in a household","Aged 35 to 39 years","Female",2308
"E07000125","Rossendale","Lives in a household","Aged 40 to 44 years","Female",2252
"E07000125","Rossendale","Lives in a household","Aged 45 to 49 years","Female",2433
"E07000125","Rossendale","Lives in a household","Aged 50 to 54 years","Female",2805
"E07000125","Rossendale","Lives in a household","Aged 55 to 59 years","Female",2592
"E07000125","Rossendale","Lives in a household","Aged 60 to 64 years","Female",2222
"E07000125","Rossendale","Lives in a household","Aged 65 years","Female",373
"E07000125","Rossendale","Lives in a household","Aged 66 to 69 years","Female",1604
"E07000125","Rossendale","Lives in a household","Aged 70 to 74 years","Female",2007
"E07000125","Rossendale","Lives in a household","Aged 75 to 79 years","Female",1329
"E07000125","Rossendale","Lives in a household","Aged 80 to 84 years","Female",807
"E07000125","Rossendale","Lives in a household","Aged 85 years and over","Female",746
"E07000126","South Ribble","Lives in a household","Total","Female",56287
"E07000126","South Ribble","Lives in a household","Aged 2 years and under","Female",1538
"E07000126","South Ribble","Lives in a household","Aged 3 to 4 years","Female",1160
"E07000126","South Ribble","Lives in a household","Aged 5 to 7 years","Female",1795
"E07000126","South Ribble","Lives in a household","Aged 8 to 9 years","Female",1276
"E07000126","South Ribble","Lives in a household","Aged 10 to 14 years","Female",3132
"E07000126","South Ribble","Lives in a household","Aged 15 years","Female",609
"E07000126","South Ribble","Lives in a household","Aged 16 to 17 years","Female",1241
"E07000126","South Ribble","Lives in a household","Aged 18 to 19 years","Female",949
"E07000126","South Ribble","Lives in a household","Aged 20 to 24 years","Female",2531
"E07000126","South Ribble","Lives in a household","Aged 25 to 29 years","Female",3167
"E07000126","South Ribble","Lives in a household","Aged 30 to 34 years","Female",3626
"E07000126","South Ribble","Lives in a household","Aged 35 to 39 years","Female",3445
"E07000126","South Ribble","Lives in a household","Aged 40 to 44 years","Female",3330
"E07000126","South Ribble","Lives in a household","Aged 45 to 49 years","Female",3768
"E07000126","South Ribble","Lives in a household","Aged 50 to 54 years","Female",4220
"E07000126","South Ribble","Lives in a household","Aged 55 to 59 years","Female",4298
"E07000126","South Ribble","Lives in a household","Aged 60 to 64 years","Female",3578
"E07000126","South Ribble","Lives in a household","Aged 65 years","Female",658
"E07000126","South Ribble","Lives in a household","Aged 66 to 69 years","Female",2593
"E07000126","South Ribble","Lives in a household","Aged 70 to 74 years","Female",3533
"E07000126","South Ribble","Lives in a household","Aged 75 to 79 years","Female",2500
"E07000126","South Ribble","Lives in a household","Aged 80 to 84 years","Female",1774
"E07000126","South Ribble","Lives in a household","Aged 85 years and over","Female",1566
"E07000127","West Lancashire","Lives in a household","Total","Female",57824
"E07000127","West Lancashire","Lives in a household","Aged 2 years and under","Female",1496
"E07000127","West Lancashire","Lives in a household","Aged 3 to 4 years","Female",1031
"E07000127","West Lancashire","Lives in a household","Aged 5 to 7 years","Female",1707
"E07000127","West Lancashire","Lives in a household","Aged 8 to 9 years","Female",1287
"E07000127","West Lancashire","Lives in a household","Aged 10 to 14 years","Female",3143
"E07000127","West Lancashire","Lives in a household","Aged 15 years","Female",612
"E07000127","West Lancashire","Lives in a household","Aged 16 to 17 years","Female",1301
"E07000127","West Lancashire","Lives in a household","Aged 18 to 19 years","Female",1230
"E07000127","West Lancashire","Lives in a household","Aged 20 to 24 years","Female",3640
"E07000127","West Lancashire","Lives in a household","Aged 25 to 29 years","Female",2913
"E07000127","West Lancashire","Lives in a household","Aged 30 to 34 years","Female",3264
"E07000127","West Lancashire","Lives in a household","Aged 35 to 39 years","Female",3268
"E07000127","West Lancashire","Lives in a household","Aged 40 to 44 years","Female",3185
"E07000127","West Lancashire","Lives in a household","Aged 45 to 49 years","Female",3637
"E07000127","West Lancashire","Lives in a household","Aged 50 to 54 years","Female",4335
"E07000127","West Lancashire","Lives in a household","Aged 55 to 59 years","Female",4504
"E07000127","West Lancashire","Lives in a household","Aged 60 to 64 years","Female",3915
"E07000127","West Lancashire","Lives in a household","Aged 65 years","Female",739
"E07000127","West Lancashire","Lives in a household","Aged 66 to 69 years","Female",2704
"E07000127","West Lancashire","Lives in a household","Aged 70 to 74 years","Female",3673
"E07000127","West Lancashire","Lives in a household","Aged 75 to 79 years","Female",2793
"E07000127","West Lancashire","Lives in a household","Aged 80 to 84 years","Female",1894
"E07000127","West Lancashire","Lives in a household","Aged 85 years and over","Female",1553
"E07000128","Wyre","Lives in a household","Total","Female",56601
"E07000128","Wyre","Lives in a household","Aged 2 years and under","Female",1393
"E07000128","Wyre","Lives in a household","Aged 3 to 4 years","Female",978
"E07000128","Wyre","Lives in a household","Aged 5 to 7 years","Female",1562
"E07000128","Wyre","Lives in a household","Aged 8 to 9 years","Female",1090
"E07000128","Wyre","Lives in a household","Aged 10 to 14 years","Female",2880
"E07000128","Wyre","Lives in a household","Aged 15 years","Female",585
"E07000128","Wyre","Lives in a household","Aged 16 to 17 years","Female",1146
"E07000128","Wyre","Lives in a household","Aged 18 to 19 years","Female",779
"E07000128","Wyre","Lives in a household","Aged 20 to 24 years","Female",2185
"E07000128","Wyre","Lives in a household","Aged 25 to 29 years","Female",2856
"E07000128","Wyre","Lives in a household","Aged 30 to 34 years","Female",2987
"E07000128","Wyre","Lives in a household","Aged 35 to 39 years","Female",2984
"E07000128","Wyre","Lives in a household","Aged 40 to 44 years","Female",2828
"E07000128","Wyre","Lives in a household","Aged 45 to 49 years","Female",3274
"E07000128","Wyre","Lives in a household","Aged 50 to 54 years","Female",4124
"E07000128","Wyre","Lives in a household","Aged 55 to 59 years","Female",4481
"E07000128","Wyre","Lives in a household","Aged 60 to 64 years","Female",4323
"E07000128","Wyre","Lives in a household","Aged 65 years","Female",783
"E07000128","Wyre","Lives in a household","Aged 66 to 69 years","Female",3095
"E07000128","Wyre","Lives in a household","Aged 70 to 74 years","Female",4399
"E07000128","Wyre","Lives in a household","Aged 75 to 79 years","Female",3270
"E07000128","Wyre","Lives in a household","Aged 80 to 84 years","Female",2437
"E07000128","Wyre","Lives in a household","Aged 85 years and over","Female",2162
"E08000001","Bolton","Lives in a household","Total","Female",148768
"E08000001","Bolton","Lives in a household","Aged 2 years and under","Female",5371
"E08000001","Bolton","Lives in a household","Aged 3 to 4 years","Female",3713
"E08000001","Bolton","Lives in a household","Aged 5 to 7 years","Female",5834
"E08000001","Bolton","Lives in a household","Aged 8 to 9 years","Female",4141
"E08000001","Bolton","Lives in a household","Aged 10 to 14 years","Female",10074
"E08000001","Bolton","Lives in a household","Aged 15 years","Female",1875
"E08000001","Bolton","Lives in a household","Aged 16 to 17 years","Female",3734
"E08000001","Bolton","Lives in a household","Aged 18 to 19 years","Female",2994
"E08000001","Bolton","Lives in a household","Aged 20 to 24 years","Female",7995
"E08000001","Bolton","Lives in a household","Aged 25 to 29 years","Female",9244
"E08000001","Bolton","Lives in a household","Aged 30 to 34 years","Female",10746
"E08000001","Bolton","Lives in a household","Aged 35 to 39 years","Female",10297
"E08000001","Bolton","Lives in a household","Aged 40 to 44 years","Female",9238
"E08000001","Bolton","Lives in a household","Aged 45 to 49 years","Female",9321
"E08000001","Bolton","Lives in a household","Aged 50 to 54 years","Female",10005
"E08000001","Bolton","Lives in a household","Aged 55 to 59 years","Female",9660
"E08000001","Bolton","Lives in a household","Aged 60 to 64 years","Female",8102
"E08000001","Bolton","Lives in a household","Aged 65 years","Female",1365
"E08000001","Bolton","Lives in a household","Aged 66 to 69 years","Female",5603
"E08000001","Bolton","Lives in a household","Aged 70 to 74 years","Female",7369
"E08000001","Bolton","Lives in a household","Aged 75 to 79 years","Female",5277
"E08000001","Bolton","Lives in a household","Aged 80 to 84 years","Female",3652
"E08000001","Bolton","Lives in a household","Aged 85 years and over","Female",3158
"E08000002","Bury","Lives in a household","Total","Female",97825
"E08000002","Bury","Lives in a household","Aged 2 years and under","Female",3146
"E08000002","Bury","Lives in a household","Aged 3 to 4 years","Female",2236
"E08000002","Bury","Lives in a household","Aged 5 to 7 years","Female",3525
"E08000002","Bury","Lives in a household","Aged 8 to 9 years","Female",2529
"E08000002","Bury","Lives in a household","Aged 10 to 14 years","Female",6296
"E08000002","Bury","Lives in a household","Aged 15 years","Female",1136
"E08000002","Bury","Lives in a household","Aged 16 to 17 years","Female",2319
"E08000002","Bury","Lives in a household","Aged 18 to 19 years","Female",1823
"E08000002","Bury","Lives in a household","Aged 20 to 24 years","Female",4684
"E08000002","Bury","Lives in a household","Aged 25 to 29 years","Female",5934
"E08000002","Bury","Lives in a household","Aged 30 to 34 years","Female",7051
"E08000002","Bury","Lives in a household","Aged 35 to 39 years","Female",6912
"E08000002","Bury","Lives in a household","Aged 40 to 44 years","Female",6159
"E08000002","Bury","Lives in a household","Aged 45 to 49 years","Female",6282
"E08000002","Bury","Lives in a household","Aged 50 to 54 years","Female",6857
"E08000002","Bury","Lives in a household","Aged 55 to 59 years","Female",6748
"E08000002","Bury","Lives in a household","Aged 60 to 64 years","Female",5599
"E08000002","Bury","Lives in a household","Aged 65 years","Female",972
"E08000002","Bury","Lives in a household","Aged 66 to 69 years","Female",3890
"E08000002","Bury","Lives in a household","Aged 70 to 74 years","Female",5143
"E08000002","Bury","Lives in a household","Aged 75 to 79 years","Female",3719
"E08000002","Bury","Lives in a household","Aged 80 to 84 years","Female",2582
"E08000002","Bury","Lives in a household","Aged 85 years and over","Female",2283
"E08000003","Manchester","Lives in a household","Total","Female",266584
"E08000003","Manchester","Lives in a household","Aged 2 years and under","Female",10204
"E08000003","Manchester","Lives in a household","Aged 3 to 4 years","Female",6911
"E08000003","Manchester","Lives in a household","Aged 5 to 7 years","Female",10637
"E08000003","Manchester","Lives in a household","Aged 8 to 9 years","Female",7252
"E08000003","Manchester","Lives in a household","Aged 10 to 14 years","Female",17709
"E08000003","Manchester","Lives in a household","Aged 15 years","Female",3310
"E08000003","Manchester","Lives in a household","Aged 16 to 17 years","Female",6307
"E08000003","Manchester","Lives in a household","Aged 18 to 19 years","Female",6374
"E08000003","Manchester","Lives in a household","Aged 20 to 24 years","Female",28221
"E08000003","Manchester","Lives in a household","Aged 25 to 29 years","Female",25982
"E08000003","Manchester","Lives in a household","Aged 30 to 34 years","Female",24006
"E08000003","Manchester","Lives in a household","Aged 35 to 39 years","Female",21236
"E08000003","Manchester","Lives in a household","Aged 40 to 44 years","Female",17887
"E08000003","Manchester","Lives in a household","Aged 45 to 49 years","Female",15115
"E08000003","Manchester","Lives in a household","Aged 50 to 54 years","Female",14735
"E08000003","Manchester","Lives in a household","Aged 55 to 59 years","Female",13209
"E08000003","Manchester","Lives in a household","Aged 60 to 64 years","Female",10657
"E08000003","Manchester","Lives in a household","Aged 65 years","Female",1813
"E08000003","Manchester","Lives in a household","Aged 66 to 69 years","Female",6248
"E08000003","Manchester","Lives in a household","Aged 70 to 74 years","Female",6899
"E08000003","Manchester","Lives in a household","Aged 75 to 79 years","Female",4894
"E08000003","Manchester","Lives in a household","Aged 80 to 84 years","Female",3667
"E08000003","Manchester","Lives in a household","Aged 85 years and over","Female",3311
"E08000004","Oldham","Lives in a household","Total","Female",122905
"E08000004","Oldham","Lives in a household","Aged 2 years and under","Female",4566
"E08000004","Oldham","Lives in a household","Aged 3 to 4 years","Female",3240
"E08000004","Oldham","Lives in a household","Aged 5 to 7 years","Female",5058
"E08000004","Oldham","Lives in a household","Aged 8 to 9 years","Female",3593
"E08000004","Oldham","Lives in a household","Aged 10 to 14 years","Female",8949
"E08000004","Oldham","Lives in a household","Aged 15 years","Female",1671
"E08000004","Oldham","Lives in a household","Aged 16 to 17 years","Female",3454
"E08000004","Oldham","Lives in a household","Aged 18 to 19 years","Female",2719
"E08000004","Oldham","Lives in a household","Aged 20 to 24 years","Female",7057
"E08000004","Oldham","Lives in a household","Aged 25 to 29 years","Female",7789
"E08000004","Oldham","Lives in a household","Aged 30 to 34 years","Female",9021
"E08000004","Oldham","Lives in a household","Aged 35 to 39 years","Female",8503
"E08000004","Oldham","Lives in a household","Aged 40 to 44 years","Female",7803
"E08000004","Oldham","Lives in a household","Aged 45 to 49 years","Female",7397
"E08000004","Oldham","Lives in a household","Aged 50 to 54 years","Female",7861
"E08000004","Oldham","Lives in a household","Aged 55 to 59 years","Female",7651
"E08000004","Oldham","Lives in a household","Aged 60 to 64 years","Female",6330
"E08000004","Oldham","Lives in a household","Aged 65 years","Female",1191
"E08000004","Oldham","Lives in a household","Aged 66 to 69 years","Female",4330
"E08000004","Oldham","Lives in a household","Aged 70 to 74 years","Female",5503
"E08000004","Oldham","Lives in a household","Aged 75 to 79 years","Female",4063
"E08000004","Oldham","Lives in a household","Aged 80 to 84 years","Female",2831
"E08000004","Oldham","Lives in a household","Aged 85 years and over","Female",2325
"E08000005","Rochdale","Lives in a household","Total","Female",113228
"E08000005","Rochdale","Lives in a household","Aged 2 years and under","Female",4232
"E08000005","Rochdale","Lives in a household","Aged 3 to 4 years","Female",2839
"E08000005","Rochdale","Lives in a household","Aged 5 to 7 years","Female",4458
"E08000005","Rochdale","Lives in a household","Aged 8 to 9 years","Female",3057
"E08000005","Rochdale","Lives in a household","Aged 10 to 14 years","Female",7604
"E08000005","Rochdale","Lives in a household","Aged 15 years","Female",1452
"E08000005","Rochdale","Lives in a household","Aged 16 to 17 years","Female",2797
"E08000005","Rochdale","Lives in a household","Aged 18 to 19 years","Female",2204
"E08000005","Rochdale","Lives in a household","Aged 20 to 24 years","Female",6131
"E08000005","Rochdale","Lives in a household","Aged 25 to 29 years","Female",7322
"E08000005","Rochdale","Lives in a household","Aged 30 to 34 years","Female",8456
"E08000005","Rochdale","Lives in a household","Aged 35 to 39 years","Female",8090
"E08000005","Rochdale","Lives in a household","Aged 40 to 44 years","Female",7333
"E08000005","Rochdale","Lives in a household","Aged 45 to 49 years","Female",6972
"E08000005","Rochdale","Lives in a household","Aged 50 to 54 years","Female",7528
"E08000005","Rochdale","Lives in a household","Aged 55 to 59 years","Female",7177
"E08000005","Rochdale","Lives in a household","Aged 60 to 64 years","Female",6377
"E08000005","Rochdale","Lives in a household","Aged 65 years","Female",1167
"E08000005","Rochdale","Lives in a household","Aged 66 to 69 years","Female",4247
"E08000005","Rochdale","Lives in a household","Aged 70 to 74 years","Female",5358
"E08000005","Rochdale","Lives in a household","Aged 75 to 79 years","Female",3683
"E08000005","Rochdale","Lives in a household","Aged 80 to 84 years","Female",2470
"E08000005","Rochdale","Lives in a household","Aged 85 years and over","Female",2274
"E08000006","Salford","Lives in a household","Total","Female",131859
"E08000006","Salford","Lives in a household","Aged 2 years and under","Female",5096
"E08000006","Salford","Lives in a household","Aged 3 to 4 years","Female",3211
"E08000006","Salford","Lives in a household","Aged 5 to 7 years","Female",4957
"E08000006","Salford","Lives in a household","Aged 8 to 9 years","Female",3226
"E08000006","Salford","Lives in a household","Aged 10 to 14 years","Female",7760
"E08000006","Salford","Lives in a household","Aged 15 years","Female",1508
"E08000006","Salford","Lives in a household","Aged 16 to 17 years","Female",2637
"E08000006","Salford","Lives in a household","Aged 18 to 19 years","Female",2463
"E08000006","Salford","Lives in a household","Aged 20 to 24 years","Female",10879
"E08000006","Salford","Lives in a household","Aged 25 to 29 years","Female",13214
"E08000006","Salford","Lives in a household","Aged 30 to 34 years","Female",11866
"E08000006","Salford","Lives in a household","Aged 35 to 39 years","Female",9829
"E08000006","Salford","Lives in a household","Aged 40 to 44 years","Female",7975
"E08000006","Salford","Lives in a household","Aged 45 to 49 years","Female",7367
"E08000006","Salford","Lives in a household","Aged 50 to 54 years","Female",7676
"E08000006","Salford","Lives in a household","Aged 55 to 59 years","Female",7276
"E08000006","Salford","Lives in a household","Aged 60 to 64 years","Female",6239
"E08000006","Salford","Lives in a household","Aged 65 years","Female",1012
"E08000006","Salford","Lives in a household","Aged 66 to 69 years","Female",3831
"E08000006","Salford","Lives in a household","Aged 70 to 74 years","Female",5113
"E08000006","Salford","Lives in a household","Aged 75 to 79 years","Female",3603
"E08000006","Salford","Lives in a household","Aged 80 to 84 years","Female",2670
"E08000006","Salford","Lives in a household","Aged 85 years and over","Female",2451
"E08000007","Stockport","Lives in a household","Total","Female",149948
"E08000007","Stockport","Lives in a household","Aged 2 years and under","Female",4791
"E08000007","Stockport","Lives in a household","Aged 3 to 4 years","Female",3326
"E08000007","Stockport","Lives in a household","Aged 5 to 7 years","Female",5347
"E08000007","Stockport","Lives in a household","Aged 8 to 9 years","Female",3574
"E08000007","Stockport","Lives in a household","Aged 10 to 14 years","Female",8623
"E08000007","Stockport","Lives in a household","Aged 15 years","Female",1519
"E08000007","Stockport","Lives in a household","Aged 16 to 17 years","Female",3094
"E08000007","Stockport","Lives in a household","Aged 18 to 19 years","Female",2265
"E08000007","Stockport","Lives in a household","Aged 20 to 24 years","Female",6573
"E08000007","Stockport","Lives in a household","Aged 25 to 29 years","Female",8787
"E08000007","Stockport","Lives in a household","Aged 30 to 34 years","Female",10519
"E08000007","Stockport","Lives in a household","Aged 35 to 39 years","Female",10626
"E08000007","Stockport","Lives in a household","Aged 40 to 44 years","Female",9940
"E08000007","Stockport","Lives in a household","Aged 45 to 49 years","Female",9728
"E08000007","Stockport","Lives in a household","Aged 50 to 54 years","Female",10411
"E08000007","Stockport","Lives in a household","Aged 55 to 59 years","Female",10425
"E08000007","Stockport","Lives in a household","Aged 60 to 64 years","Female",9059
"E08000007","Stockport","Lives in a household","Aged 65 years","Female",1640
"E08000007","Stockport","Lives in a household","Aged 66 to 69 years","Female",6170
"E08000007","Stockport","Lives in a household","Aged 70 to 74 years","Female",8193
"E08000007","Stockport","Lives in a household","Aged 75 to 79 years","Female",6156
"E08000007","Stockport","Lives in a household","Aged 80 to 84 years","Female",4691
"E08000007","Stockport","Lives in a household","Aged 85 years and over","Female",4491
"E08000008","Tameside","Lives in a household","Total","Female",116946
"E08000008","Tameside","Lives in a household","Aged 2 years and under","Female",3804
"E08000008","Tameside","Lives in a household","Aged 3 to 4 years","Female",2683
"E08000008","Tameside","Lives in a household","Aged 5 to 7 years","Female",4253
"E08000008","Tameside","Lives in a household","Aged 8 to 9 years","Female",2980
"E08000008","Tameside","Lives in a household","Aged 10 to 14 years","Female",7287
"E08000008","Tameside","Lives in a household","Aged 15 years","Female",1306
"E08000008","Tameside","Lives in a household","Aged 16 to 17 years","Female",2578
"E08000008","Tameside","Lives in a household","Aged 18 to 19 years","Female",2104
"E08000008","Tameside","Lives in a household","Aged 20 to 24 years","Female",6031
"E08000008","Tameside","Lives in a household","Aged 25 to 29 years","Female",7847
"E08000008","Tameside","Lives in a household","Aged 30 to 34 years","Female",8818
"E08000008","Tameside","Lives in a household","Aged 35 to 39 years","Female",8111
"E08000008","Tameside","Lives in a household","Aged 40 to 44 years","Female",7290
"E08000008","Tameside","Lives in a household","Aged 45 to 49 years","Female",7433
"E08000008","Tameside","Lives in a household","Aged 50 to 54 years","Female",8219
"E08000008","Tameside","Lives in a household","Aged 55 to 59 years","Female",8162
"E08000008","Tameside","Lives in a household","Aged 60 to 64 years","Female",6895
"E08000008","Tameside","Lives in a household","Aged 65 years","Female",1212
"E08000008","Tameside","Lives in a household","Aged 66 to 69 years","Female",4479
"E08000008","Tameside","Lives in a household","Aged 70 to 74 years","Female",5962
"E08000008","Tameside","Lives in a household","Aged 75 to 79 years","Female",4212
"E08000008","Tameside","Lives in a household","Aged 80 to 84 years","Female",2900
"E08000008","Tameside","Lives in a household","Aged 85 years and over","Female",2380
"E08000009","Trafford","Lives in a household","Total","Female",119789
"E08000009","Trafford","Lives in a household","Aged 2 years and under","Female",3778
"E08000009","Trafford","Lives in a household","Aged 3 to 4 years","Female",2898
"E08000009","Trafford","Lives in a household","Aged 5 to 7 years","Female",4518
"E08000009","Trafford","Lives in a household","Aged 8 to 9 years","Female",3193
"E08000009","Trafford","Lives in a household","Aged 10 to 14 years","Female",8042
"E08000009","Trafford","Lives in a household","Aged 15 years","Female",1435
"E08000009","Trafford","Lives in a household","Aged 16 to 17 years","Female",2881
"E08000009","Trafford","Lives in a household","Aged 18 to 19 years","Female",2080
"E08000009","Trafford","Lives in a household","Aged 20 to 24 years","Female",5147
"E08000009","Trafford","Lives in a household","Aged 25 to 29 years","Female",6276
"E08000009","Trafford","Lives in a household","Aged 30 to 34 years","Female",7958
"E08000009","Trafford","Lives in a household","Aged 35 to 39 years","Female",9123
"E08000009","Trafford","Lives in a household","Aged 40 to 44 years","Female",9060
"E08000009","Trafford","Lives in a household","Aged 45 to 49 years","Female",8357
"E08000009","Trafford","Lives in a household","Aged 50 to 54 years","Female",8373
"E08000009","Trafford","Lives in a household","Aged 55 to 59 years","Female",8069
"E08000009","Trafford","Lives in a household","Aged 60 to 64 years","Female",6567
"E08000009","Trafford","Lives in a household","Aged 65 years","Female",1154
"E08000009","Trafford","Lives in a household","Aged 66 to 69 years","Female",4362
"E08000009","Trafford","Lives in a household","Aged 70 to 74 years","Female",5600
"E08000009","Trafford","Lives in a household","Aged 75 to 79 years","Female",4317
"E08000009","Trafford","Lives in a household","Aged 80 to 84 years","Female",3389
"E08000009","Trafford","Lives in a household","Aged 85 years and over","Female",3212
"E08000010","Wigan","Lives in a household","Total","Female",165117
"E08000010","Wigan","Lives in a household","Aged 2 years and under","Female",4987
"E08000010","Wigan","Lives in a household","Aged 3 to 4 years","Female",3667
"E08000010","Wigan","Lives in a household","Aged 5 to 7 years","Female",5496
"E08000010","Wigan","Lives in a household","Aged 8 to 9 years","Female",3873
"E08000010","Wigan","Lives in a household","Aged 10 to 14 years","Female",9509
"E08000010","Wigan","Lives in a household","Aged 15 years","Female",1859
"E08000010","Wigan","Lives in a household","Aged 16 to 17 years","Female",3622
"E08000010","Wigan","Lives in a household","Aged 18 to 19 years","Female",2883
"E08000010","Wigan","Lives in a household","Aged 20 to 24 years","Female",8374
"E08000010","Wigan","Lives in a household","Aged 25 to 29 years","Female",10831
"E08000010","Wigan","Lives in a household","Aged 30 to 34 years","Female",11633
"E08000010","Wigan","Lives in a household","Aged 35 to 39 years","Female",10935
"E08000010","Wigan","Lives in a household","Aged 40 to 44 years","Female",9908
"E08000010","Wigan","Lives in a household","Aged 45 to 49 years","Female",10624
"E08000010","Wigan","Lives in a household","Aged 50 to 54 years","Female",12486
"E08000010","Wigan","Lives in a household","Aged 55 to 59 years","Female",11545
"E08000010","Wigan","Lives in a household","Aged 60 to 64 years","Female",9974
"E08000010","Wigan","Lives in a household","Aged 65 years","Female",1705
"E08000010","Wigan","Lives in a household","Aged 66 to 69 years","Female",6914
"E08000010","Wigan","Lives in a household","Aged 70 to 74 years","Female",9481
"E08000010","Wigan","Lives in a household","Aged 75 to 79 years","Female",6950
"E08000010","Wigan","Lives in a household","Aged 80 to 84 years","Female",4419
"E08000010","Wigan","Lives in a household","Aged 85 years and over","Female",3442
"E08000011","Knowsley","Lives in a household","Total","Female",80119
"E08000011","Knowsley","Lives in a household","Aged 2 years and under","Female",2812
"E08000011","Knowsley","Lives in a household","Aged 3 to 4 years","Female",1957
"E08000011","Knowsley","Lives in a household","Aged 5 to 7 years","Female",2682
"E08000011","Knowsley","Lives in a household","Aged 8 to 9 years","Female",1876
"E08000011","Knowsley","Lives in a household","Aged 10 to 14 years","Female",4424
"E08000011","Knowsley","Lives in a household","Aged 15 years","Female",888
"E08000011","Knowsley","Lives in a household","Aged 16 to 17 years","Female",1730
"E08000011","Knowsley","Lives in a household","Aged 18 to 19 years","Female",1503
"E08000011","Knowsley","Lives in a household","Aged 20 to 24 years","Female",4428
"E08000011","Knowsley","Lives in a household","Aged 25 to 29 years","Female",5655
"E08000011","Knowsley","Lives in a household","Aged 30 to 34 years","Female",6311
"E08000011","Knowsley","Lives in a household","Aged 35 to 39 years","Female",5437
"E08000011","Knowsley","Lives in a household","Aged 40 to 44 years","Female",4552
"E08000011","Knowsley","Lives in a household","Aged 45 to 49 years","Female",4604
"E08000011","Knowsley","Lives in a household","Aged 50 to 54 years","Female",5697
"E08000011","Knowsley","Lives in a household","Aged 55 to 59 years","Female",6180
"E08000011","Knowsley","Lives in a household","Aged 60 to 64 years","Female",5407
"E08000011","Knowsley","Lives in a household","Aged 65 years","Female",908
"E08000011","Knowsley","Lives in a household","Aged 66 to 69 years","Female",3340
"E08000011","Knowsley","Lives in a household","Aged 70 to 74 years","Female",3578
"E08000011","Knowsley","Lives in a household","Aged 75 to 79 years","Female",2398
"E08000011","Knowsley","Lives in a household","Aged 80 to 84 years","Female",1952
"E08000011","Knowsley","Lives in a household","Aged 85 years and over","Female",1800
"E08000012","Liverpool","Lives in a household","Total","Female",238008
"E08000012","Liverpool","Lives in a household","Aged 2 years and under","Female",7722
"E08000012","Liverpool","Lives in a household","Aged 3 to 4 years","Female",5167
"E08000012","Liverpool","Lives in a household","Aged 5 to 7 years","Female",7806
"E08000012","Liverpool","Lives in a household","Aged 8 to 9 years","Female",5233
"E08000012","Liverpool","Lives in a household","Aged 10 to 14 years","Female",12369
"E08000012","Liverpool","Lives in a household","Aged 15 years","Female",2257
"E08000012","Liverpool","Lives in a household","Aged 16 to 17 years","Female",4710
"E08000012","Liverpool","Lives in a household","Aged 18 to 19 years","Female",5178
"E08000012","Liverpool","Lives in a household","Aged 20 to 24 years","Female",21701
"E08000012","Liverpool","Lives in a household","Aged 25 to 29 years","Female",18916
"E08000012","Liverpool","Lives in a household","Aged 30 to 34 years","Female",18635
"E08000012","Liverpool","Lives in a household","Aged 35 to 39 years","Female",16775
"E08000012","Liverpool","Lives in a household","Aged 40 to 44 years","Female",13958
"E08000012","Liverpool","Lives in a household","Aged 45 to 49 years","Female",13231
"E08000012","Liverpool","Lives in a household","Aged 50 to 54 years","Female",14793
"E08000012","Liverpool","Lives in a household","Aged 55 to 59 years","Female",16085
"E08000012","Liverpool","Lives in a household","Aged 60 to 64 years","Female",14162
"E08000012","Liverpool","Lives in a household","Aged 65 years","Female",2495
"E08000012","Liverpool","Lives in a household","Aged 66 to 69 years","Female",8967
"E08000012","Liverpool","Lives in a household","Aged 70 to 74 years","Female",10395
"E08000012","Liverpool","Lives in a household","Aged 75 to 79 years","Female",7063
"E08000012","Liverpool","Lives in a household","Aged 80 to 84 years","Female",5459
"E08000012","Liverpool","Lives in a household","Aged 85 years and over","Female",4931
"E08000013","St. Helens","Lives in a household","Total","Female",92591
"E08000013","St. Helens","Lives in a household","Aged 2 years and under","Female",2736
"E08000013","St. Helens","Lives in a household","Aged 3 to 4 years","Female",1954
"E08000013","St. Helens","Lives in a household","Aged 5 to 7 years","Female",2929
"E08000013","St. Helens","Lives in a household","Aged 8 to 9 years","Female",2080
"E08000013","St. Helens","Lives in a household","Aged 10 to 14 years","Female",5222
"E08000013","St. Helens","Lives in a household","Aged 15 years","Female",992
"E08000013","St. Helens","Lives in a household","Aged 16 to 17 years","Female",1985
"E08000013","St. Helens","Lives in a household","Aged 18 to 19 years","Female",1565
"E08000013","St. Helens","Lives in a household","Aged 20 to 24 years","Female",4629
"E08000013","St. Helens","Lives in a household","Aged 25 to 29 years","Female",6033
"E08000013","St. Helens","Lives in a household","Aged 30 to 34 years","Female",6327
"E08000013","St. Helens","Lives in a household","Aged 35 to 39 years","Female",5982
"E08000013","St. Helens","Lives in a household","Aged 40 to 44 years","Female",5371
"E08000013","St. Helens","Lives in a household","Aged 45 to 49 years","Female",5922
"E08000013","St. Helens","Lives in a household","Aged 50 to 54 years","Female",6784
"E08000013","St. Helens","Lives in a household","Aged 55 to 59 years","Female",6696
"E08000013","St. Helens","Lives in a household","Aged 60 to 64 years","Female",5727
"E08000013","St. Helens","Lives in a household","Aged 65 years","Female",1080
"E08000013","St. Helens","Lives in a household","Aged 66 to 69 years","Female",4036
"E08000013","St. Helens","Lives in a household","Aged 70 to 74 years","Female",5469
"E08000013","St. Helens","Lives in a household","Aged 75 to 79 years","Female",3938
"E08000013","St. Helens","Lives in a household","Aged 80 to 84 years","Female",2797
"E08000013","St. Helens","Lives in a household","Aged 85 years and over","Female",2337
"E08000014","Sefton","Lives in a household","Total","Female",141956
"E08000014","Sefton","Lives in a household","Aged 2 years and under","Female",3839
"E08000014","Sefton","Lives in a household","Aged 3 to 4 years","Female",2772
"E08000014","Sefton","Lives in a household","Aged 5 to 7 years","Female",4439
"E08000014","Sefton","Lives in a household","Aged 8 to 9 years","Female",2888
"E08000014","Sefton","Lives in a household","Aged 10 to 14 years","Female",7382
"E08000014","Sefton","Lives in a household","Aged 15 years","Female",1430
"E08000014","Sefton","Lives in a household","Aged 16 to 17 years","Female",2998
"E08000014","Sefton","Lives in a household","Aged 18 to 19 years","Female",2365
"E08000014","Sefton","Lives in a household","Aged 20 to 24 years","Female",6551
"E08000014","Sefton","Lives in a household","Aged 25 to 29 years","Female",7717
"E08000014","Sefton","Lives in a household","Aged 30 to 34 years","Female",8875
"E08000014","Sefton","Lives in a household","Aged 35 to 39 years","Female",8602
"E08000014","Sefton","Lives in a household","Aged 40 to 44 years","Female",7916
"E08000014","Sefton","Lives in a household","Aged 45 to 49 years","Female",8586
"E08000014","Sefton","Lives in a household","Aged 50 to 54 years","Female",10213
"E08000014","Sefton","Lives in a household","Aged 55 to 59 years","Female",11154
"E08000014","Sefton","Lives in a household","Aged 60 to 64 years","Female",10176
"E08000014","Sefton","Lives in a household","Aged 65 years","Female",1782
"E08000014","Sefton","Lives in a household","Aged 66 to 69 years","Female",6840
"E08000014","Sefton","Lives in a household","Aged 70 to 74 years","Female",8538
"E08000014","Sefton","Lives in a household","Aged 75 to 79 years","Female",6684
"E08000014","Sefton","Lives in a household","Aged 80 to 84 years","Female",5278
"E08000014","Sefton","Lives in a household","Aged 85 years and over","Female",4931
"E08000015","Wirral","Lives in a household","Total","Female",163416
"E08000015","Wirral","Lives in a household","Aged 2 years and under","Female",4658
"E08000015","Wirral","Lives in a household","Aged 3 to 4 years","Female",3192
"E08000015","Wirral","Lives in a household","Aged 5 to 7 years","Female",5260
"E08000015","Wirral","Lives in a household","Aged 8 to 9 years","Female",3800
"E08000015","Wirral","Lives in a household","Aged 10 to 14 years","Female",9440
"E08000015","Wirral","Lives in a household","Aged 15 years","Female",1792
"E08000015","Wirral","Lives in a household","Aged 16 to 17 years","Female",3666
"E08000015","Wirral","Lives in a household","Aged 18 to 19 years","Female",2726
"E08000015","Wirral","Lives in a household","Aged 20 to 24 years","Female",7424
"E08000015","Wirral","Lives in a household","Aged 25 to 29 years","Female",9169
"E08000015","Wirral","Lives in a household","Aged 30 to 34 years","Female",10352
"E08000015","Wirral","Lives in a household","Aged 35 to 39 years","Female",10051
"E08000015","Wirral","Lives in a household","Aged 40 to 44 years","Female",9502
"E08000015","Wirral","Lives in a household","Aged 45 to 49 years","Female",10220
"E08000015","Wirral","Lives in a household","Aged 50 to 54 years","Female",11757
"E08000015","Wirral","Lives in a household","Aged 55 to 59 years","Female",12411
"E08000015","Wirral","Lives in a household","Aged 60 to 64 years","Female",10899
"E08000015","Wirral","Lives in a household","Aged 65 years","Female",1983
"E08000015","Wirral","Lives in a household","Aged 66 to 69 years","Female",7793
"E08000015","Wirral","Lives in a household","Aged 70 to 74 years","Female",9866
"E08000015","Wirral","Lives in a household","Aged 75 to 79 years","Female",7063
"E08000015","Wirral","Lives in a household","Aged 80 to 84 years","Female",5319
"E08000015","Wirral","Lives in a household","Aged 85 years and over","Female",5073
"E06000010","Kingston upon Hull, City of","Lives in a household","Total","Female",131738
"E06000010","Kingston upon Hull, City of","Lives in a household","Aged 2 years and under","Female",4658
"E06000010","Kingston upon Hull, City of","Lives in a household","Aged 3 to 4 years","Female",3130
"E06000010","Kingston upon Hull, City of","Lives in a household","Aged 5 to 7 years","Female",4941
"E06000010","Kingston upon Hull, City of","Lives in a household","Aged 8 to 9 years","Female",3551
"E06000010","Kingston upon Hull, City of","Lives in a household","Aged 10 to 14 years","Female",8150
"E06000010","Kingston upon Hull, City of","Lives in a household","Aged 15 years","Female",1565
"E06000010","Kingston upon Hull, City of","Lives in a household","Aged 16 to 17 years","Female",2818
"E06000010","Kingston upon Hull, City of","Lives in a household","Aged 18 to 19 years","Female",2582
"E06000010","Kingston upon Hull, City of","Lives in a household","Aged 20 to 24 years","Female",9280
"E06000010","Kingston upon Hull, City of","Lives in a household","Aged 25 to 29 years","Female",10278
"E06000010","Kingston upon Hull, City of","Lives in a household","Aged 30 to 34 years","Female",10591
"E06000010","Kingston upon Hull, City of","Lives in a household","Aged 35 to 39 years","Female",9268
"E06000010","Kingston upon Hull, City of","Lives in a household","Aged 40 to 44 years","Female",7698
"E06000010","Kingston upon Hull, City of","Lives in a household","Aged 45 to 49 years","Female",7950
"E06000010","Kingston upon Hull, City of","Lives in a household","Aged 50 to 54 years","Female",8389
"E06000010","Kingston upon Hull, City of","Lives in a household","Aged 55 to 59 years","Female",8509
"E06000010","Kingston upon Hull, City of","Lives in a household","Aged 60 to 64 years","Female",7419
"E06000010","Kingston upon Hull, City of","Lives in a household","Aged 65 years","Female",1267
"E06000010","Kingston upon Hull, City of","Lives in a household","Aged 66 to 69 years","Female",4800
"E06000010","Kingston upon Hull, City of","Lives in a household","Aged 70 to 74 years","Female",5718
"E06000010","Kingston upon Hull, City of","Lives in a household","Aged 75 to 79 years","Female",3711
"E06000010","Kingston upon Hull, City of","Lives in a household","Aged 80 to 84 years","Female",2774
"E06000010","Kingston upon Hull, City of","Lives in a household","Aged 85 years and over","Female",2691
"E06000011","East Riding of Yorkshire","Lives in a household","Total","Female",171586
"E06000011","East Riding of Yorkshire","Lives in a household","Aged 2 years and under","Female",3989
"E06000011","East Riding of Yorkshire","Lives in a household","Aged 3 to 4 years","Female",2930
"E06000011","East Riding of Yorkshire","Lives in a household","Aged 5 to 7 years","Female",4845
"E06000011","East Riding of Yorkshire","Lives in a household","Aged 8 to 9 years","Female",3507
"E06000011","East Riding of Yorkshire","Lives in a household","Aged 10 to 14 years","Female",8926
"E06000011","East Riding of Yorkshire","Lives in a household","Aged 15 years","Female",1807
"E06000011","East Riding of Yorkshire","Lives in a household","Aged 16 to 17 years","Female",3522
"E06000011","East Riding of Yorkshire","Lives in a household","Aged 18 to 19 years","Female",2560
"E06000011","East Riding of Yorkshire","Lives in a household","Aged 20 to 24 years","Female",6890
"E06000011","East Riding of Yorkshire","Lives in a household","Aged 25 to 29 years","Female",8367
"E06000011","East Riding of Yorkshire","Lives in a household","Aged 30 to 34 years","Female",9138
"E06000011","East Riding of Yorkshire","Lives in a household","Aged 35 to 39 years","Female",9160
"E06000011","East Riding of Yorkshire","Lives in a household","Aged 40 to 44 years","Female",9218
"E06000011","East Riding of Yorkshire","Lives in a household","Aged 45 to 49 years","Female",11089
"E06000011","East Riding of Yorkshire","Lives in a household","Aged 50 to 54 years","Female",13108
"E06000011","East Riding of Yorkshire","Lives in a household","Aged 55 to 59 years","Female",13730
"E06000011","East Riding of Yorkshire","Lives in a household","Aged 60 to 64 years","Female",12517
"E06000011","East Riding of Yorkshire","Lives in a household","Aged 65 years","Female",2393
"E06000011","East Riding of Yorkshire","Lives in a household","Aged 66 to 69 years","Female",9336
"E06000011","East Riding of Yorkshire","Lives in a household","Aged 70 to 74 years","Female",13039
"E06000011","East Riding of Yorkshire","Lives in a household","Aged 75 to 79 years","Female",9287
"E06000011","East Riding of Yorkshire","Lives in a household","Aged 80 to 84 years","Female",6599
"E06000011","East Riding of Yorkshire","Lives in a household","Aged 85 years and over","Female",5629
"E06000012","North East Lincolnshire","Lives in a household","Total","Female",79257
"E06000012","North East Lincolnshire","Lives in a household","Aged 2 years and under","Female",2415
"E06000012","North East Lincolnshire","Lives in a household","Aged 3 to 4 years","Female",1729
"E06000012","North East Lincolnshire","Lives in a household","Aged 5 to 7 years","Female",2770
"E06000012","North East Lincolnshire","Lives in a household","Aged 8 to 9 years","Female",1933
"E06000012","North East Lincolnshire","Lives in a household","Aged 10 to 14 years","Female",4603
"E06000012","North East Lincolnshire","Lives in a household","Aged 15 years","Female",891
"E06000012","North East Lincolnshire","Lives in a household","Aged 16 to 17 years","Female",1778
"E06000012","North East Lincolnshire","Lives in a household","Aged 18 to 19 years","Female",1383
"E06000012","North East Lincolnshire","Lives in a household","Aged 20 to 24 years","Female",3878
"E06000012","North East Lincolnshire","Lives in a household","Aged 25 to 29 years","Female",4767
"E06000012","North East Lincolnshire","Lives in a household","Aged 30 to 34 years","Female",5314
"E06000012","North East Lincolnshire","Lives in a household","Aged 35 to 39 years","Female",4924
"E06000012","North East Lincolnshire","Lives in a household","Aged 40 to 44 years","Female",4315
"E06000012","North East Lincolnshire","Lives in a household","Aged 45 to 49 years","Female",4737
"E06000012","North East Lincolnshire","Lives in a household","Aged 50 to 54 years","Female",5641
"E06000012","North East Lincolnshire","Lives in a household","Aged 55 to 59 years","Female",6028
"E06000012","North East Lincolnshire","Lives in a household","Aged 60 to 64 years","Female",5170
"E06000012","North East Lincolnshire","Lives in a household","Aged 65 years","Female",945
"E06000012","North East Lincolnshire","Lives in a household","Aged 66 to 69 years","Female",3469
"E06000012","North East Lincolnshire","Lives in a household","Aged 70 to 74 years","Female",4516
"E06000012","North East Lincolnshire","Lives in a household","Aged 75 to 79 years","Female",3247
"E06000012","North East Lincolnshire","Lives in a household","Aged 80 to 84 years","Female",2550
"E06000012","North East Lincolnshire","Lives in a household","Aged 85 years and over","Female",2254
"E06000013","North Lincolnshire","Lives in a household","Total","Female",84935
"E06000013","North Lincolnshire","Lives in a household","Aged 2 years and under","Female",2474
"E06000013","North Lincolnshire","Lives in a household","Aged 3 to 4 years","Female",1738
"E06000013","North Lincolnshire","Lives in a household","Aged 5 to 7 years","Female",2771
"E06000013","North Lincolnshire","Lives in a household","Aged 8 to 9 years","Female",2017
"E06000013","North Lincolnshire","Lives in a household","Aged 10 to 14 years","Female",4935
"E06000013","North Lincolnshire","Lives in a household","Aged 15 years","Female",970
"E06000013","North Lincolnshire","Lives in a household","Aged 16 to 17 years","Female",1881
"E06000013","North Lincolnshire","Lives in a household","Aged 18 to 19 years","Female",1413
"E06000013","North Lincolnshire","Lives in a household","Aged 20 to 24 years","Female",3885
"E06000013","North Lincolnshire","Lives in a household","Aged 25 to 29 years","Female",4811
"E06000013","North Lincolnshire","Lives in a household","Aged 30 to 34 years","Female",5416
"E06000013","North Lincolnshire","Lives in a household","Aged 35 to 39 years","Female",5185
"E06000013","North Lincolnshire","Lives in a household","Aged 40 to 44 years","Female",4688
"E06000013","North Lincolnshire","Lives in a household","Aged 45 to 49 years","Female",5294
"E06000013","North Lincolnshire","Lives in a household","Aged 50 to 54 years","Female",6304
"E06000013","North Lincolnshire","Lives in a household","Aged 55 to 59 years","Female",6435
"E06000013","North Lincolnshire","Lives in a household","Aged 60 to 64 years","Female",5664
"E06000013","North Lincolnshire","Lives in a household","Aged 65 years","Female",1075
"E06000013","North Lincolnshire","Lives in a household","Aged 66 to 69 years","Female",4006
"E06000013","North Lincolnshire","Lives in a household","Aged 70 to 74 years","Female",5177
"E06000013","North Lincolnshire","Lives in a household","Aged 75 to 79 years","Female",3788
"E06000013","North Lincolnshire","Lives in a household","Aged 80 to 84 years","Female",2618
"E06000013","North Lincolnshire","Lives in a household","Aged 85 years and over","Female",2390
"E06000014","York","Lives in a household","Total","Female",98817
"E06000014","York","Lives in a household","Aged 2 years and under","Female",2463
"E06000014","York","Lives in a household","Aged 3 to 4 years","Female",1737
"E06000014","York","Lives in a household","Aged 5 to 7 years","Female",2831
"E06000014","York","Lives in a household","Aged 8 to 9 years","Female",1996
"E06000014","York","Lives in a household","Aged 10 to 14 years","Female",5006
"E06000014","York","Lives in a household","Aged 15 years","Female",968
"E06000014","York","Lives in a household","Aged 16 to 17 years","Female",1804
"E06000014","York","Lives in a household","Aged 18 to 19 years","Female",2138
"E06000014","York","Lives in a household","Aged 20 to 24 years","Female",9128
"E06000014","York","Lives in a household","Aged 25 to 29 years","Female",6320
"E06000014","York","Lives in a household","Aged 30 to 34 years","Female",6473
"E06000014","York","Lives in a household","Aged 35 to 39 years","Female",6297
"E06000014","York","Lives in a household","Aged 40 to 44 years","Female",5998
"E06000014","York","Lives in a household","Aged 45 to 49 years","Female",6013
"E06000014","York","Lives in a household","Aged 50 to 54 years","Female",6770
"E06000014","York","Lives in a household","Aged 55 to 59 years","Female",6542
"E06000014","York","Lives in a household","Aged 60 to 64 years","Female",5704
"E06000014","York","Lives in a household","Aged 65 years","Female",1031
"E06000014","York","Lives in a household","Aged 66 to 69 years","Female",4039
"E06000014","York","Lives in a household","Aged 70 to 74 years","Female",5552
"E06000014","York","Lives in a household","Aged 75 to 79 years","Female",4016
"E06000014","York","Lives in a household","Aged 80 to 84 years","Female",2995
"E06000014","York","Lives in a household","Aged 85 years and over","Female",2996
"E06000065","North Yorkshire","Lives in a household","Total","Female",308993
"E06000065","North Yorkshire","Lives in a household","Aged 2 years and under","Female",7785
"E06000065","North Yorkshire","Lives in a household","Aged 3 to 4 years","Female",5747
"E06000065","North Yorkshire","Lives in a household","Aged 5 to 7 years","Female",8763
"E06000065","North Yorkshire","Lives in a household","Aged 8 to 9 years","Female",6456
"E06000065","North Yorkshire","Lives in a household","Aged 10 to 14 years","Female",16121
"E06000065","North Yorkshire","Lives in a household","Aged 15 years","Female",3131
"E06000065","North Yorkshire","Lives in a household","Aged 16 to 17 years","Female",6225
"E06000065","North Yorkshire","Lives in a household","Aged 18 to 19 years","Female",4566
"E06000065","North Yorkshire","Lives in a household","Aged 20 to 24 years","Female",12137
"E06000065","North Yorkshire","Lives in a household","Aged 25 to 29 years","Female",15292
"E06000065","North Yorkshire","Lives in a household","Aged 30 to 34 years","Female",17192
"E06000065","North Yorkshire","Lives in a household","Aged 35 to 39 years","Female",16972
"E06000065","North Yorkshire","Lives in a household","Aged 40 to 44 years","Female",17059
"E06000065","North Yorkshire","Lives in a household","Aged 45 to 49 years","Female",19568
"E06000065","North Yorkshire","Lives in a household","Aged 50 to 54 years","Female",24007
"E06000065","North Yorkshire","Lives in a household","Aged 55 to 59 years","Female",25670
"E06000065","North Yorkshire","Lives in a household","Aged 60 to 64 years","Female",22819
"E06000065","North Yorkshire","Lives in a household","Aged 65 years","Female",4178
"E06000065","North Yorkshire","Lives in a household","Aged 66 to 69 years","Female",16124
"E06000065","North Yorkshire","Lives in a household","Aged 70 to 74 years","Female",21659
"E06000065","North Yorkshire","Lives in a household","Aged 75 to 79 years","Female",15579
"E06000065","North Yorkshire","Lives in a household","Aged 80 to 84 years","Female",11380
"E06000065","North Yorkshire","Lives in a household","Aged 85 years and over","Female",10563
"E08000016","Barnsley","Lives in a household","Total","Female",123247
"E08000016","Barnsley","Lives in a household","Aged 2 years and under","Female",3837
"E08000016","Barnsley","Lives in a household","Aged 3 to 4 years","Female",2716
"E08000016","Barnsley","Lives in a household","Aged 5 to 7 years","Female",4098
"E08000016","Barnsley","Lives in a household","Aged 8 to 9 years","Female",2970
"E08000016","Barnsley","Lives in a household","Aged 10 to 14 years","Female",6941
"E08000016","Barnsley","Lives in a household","Aged 15 years","Female",1267
"E08000016","Barnsley","Lives in a household","Aged 16 to 17 years","Female",2556
"E08000016","Barnsley","Lives in a household","Aged 18 to 19 years","Female",2133
"E08000016","Barnsley","Lives in a household","Aged 20 to 24 years","Female",6242
"E08000016","Barnsley","Lives in a household","Aged 25 to 29 years","Female",8275
"E08000016","Barnsley","Lives in a household","Aged 30 to 34 years","Female",8609
"E08000016","Barnsley","Lives in a household","Aged 35 to 39 years","Female",7873
"E08000016","Barnsley","Lives in a household","Aged 40 to 44 years","Female",7046
"E08000016","Barnsley","Lives in a household","Aged 45 to 49 years","Female",7755
"E08000016","Barnsley","Lives in a household","Aged 50 to 54 years","Female",9375
"E08000016","Barnsley","Lives in a household","Aged 55 to 59 years","Female",9077
"E08000016","Barnsley","Lives in a household","Aged 60 to 64 years","Female",7895
"E08000016","Barnsley","Lives in a household","Aged 65 years","Female",1411
"E08000016","Barnsley","Lives in a household","Aged 66 to 69 years","Female",5339
"E08000016","Barnsley","Lives in a household","Aged 70 to 74 years","Female",6635
"E08000016","Barnsley","Lives in a household","Aged 75 to 79 years","Female",4905
"E08000016","Barnsley","Lives in a household","Aged 80 to 84 years","Female",3361
"E08000016","Barnsley","Lives in a household","Aged 85 years and over","Female",2931
"E08000017","Doncaster","Lives in a household","Total","Female",154109
"E08000017","Doncaster","Lives in a household","Aged 2 years and under","Female",4794
"E08000017","Doncaster","Lives in a household","Aged 3 to 4 years","Female",3276
"E08000017","Doncaster","Lives in a household","Aged 5 to 7 years","Female",5186
"E08000017","Doncaster","Lives in a household","Aged 8 to 9 years","Female",3671
"E08000017","Doncaster","Lives in a household","Aged 10 to 14 years","Female",9123
"E08000017","Doncaster","Lives in a household","Aged 15 years","Female",1769
"E08000017","Doncaster","Lives in a household","Aged 16 to 17 years","Female",3286
"E08000017","Doncaster","Lives in a household","Aged 18 to 19 years","Female",2764
"E08000017","Doncaster","Lives in a household","Aged 20 to 24 years","Female",7869
"E08000017","Doncaster","Lives in a household","Aged 25 to 29 years","Female",10032
"E08000017","Doncaster","Lives in a household","Aged 30 to 34 years","Female",11030
"E08000017","Doncaster","Lives in a household","Aged 35 to 39 years","Female",9915
"E08000017","Doncaster","Lives in a household","Aged 40 to 44 years","Female",8841
"E08000017","Doncaster","Lives in a household","Aged 45 to 49 years","Female",9263
"E08000017","Doncaster","Lives in a household","Aged 50 to 54 years","Female",11095
"E08000017","Doncaster","Lives in a household","Aged 55 to 59 years","Female",11043
"E08000017","Doncaster","Lives in a household","Aged 60 to 64 years","Female",9909
"E08000017","Doncaster","Lives in a household","Aged 65 years","Female",1712
"E08000017","Doncaster","Lives in a household","Aged 66 to 69 years","Female",6605
"E08000017","Doncaster","Lives in a household","Aged 70 to 74 years","Female",8483
"E08000017","Doncaster","Lives in a household","Aged 75 to 79 years","Female",5926
"E08000017","Doncaster","Lives in a household","Aged 80 to 84 years","Female",4398
"E08000017","Doncaster","Lives in a household","Aged 85 years and over","Female",4119
"E08000018","Rotherham","Lives in a household","Total","Female",134475
"E08000018","Rotherham","Lives in a household","Aged 2 years and under","Female",4115
"E08000018","Rotherham","Lives in a household","Aged 3 to 4 years","Female",2963
"E08000018","Rotherham","Lives in a household","Aged 5 to 7 years","Female",4712
"E08000018","Rotherham","Lives in a household","Aged 8 to 9 years","Female",3266
"E08000018","Rotherham","Lives in a household","Aged 10 to 14 years","Female",8018
"E08000018","Rotherham","Lives in a household","Aged 15 years","Female",1552
"E08000018","Rotherham","Lives in a household","Aged 16 to 17 years","Female",2980
"E08000018","Rotherham","Lives in a household","Aged 18 to 19 years","Female",2497
"E08000018","Rotherham","Lives in a household","Aged 20 to 24 years","Female",7022
"E08000018","Rotherham","Lives in a household","Aged 25 to 29 years","Female",8387
"E08000018","Rotherham","Lives in a household","Aged 30 to 34 years","Female",9354
"E08000018","Rotherham","Lives in a household","Aged 35 to 39 years","Female",8631
"E08000018","Rotherham","Lives in a household","Aged 40 to 44 years","Female",7845
"E08000018","Rotherham","Lives in a household","Aged 45 to 49 years","Female",8484
"E08000018","Rotherham","Lives in a household","Aged 50 to 54 years","Female",9759
"E08000018","Rotherham","Lives in a household","Aged 55 to 59 years","Female",9244
"E08000018","Rotherham","Lives in a household","Aged 60 to 64 years","Female",8391
"E08000018","Rotherham","Lives in a household","Aged 65 years","Female",1481
"E08000018","Rotherham","Lives in a household","Aged 66 to 69 years","Female",5628
"E08000018","Rotherham","Lives in a household","Aged 70 to 74 years","Female",7364
"E08000018","Rotherham","Lives in a household","Aged 75 to 79 years","Female",5521
"E08000018","Rotherham","Lives in a household","Aged 80 to 84 years","Female",3842
"E08000018","Rotherham","Lives in a household","Aged 85 years and over","Female",3419
"E08000019","Sheffield","Lives in a household","Total","Female",271652
"E08000019","Sheffield","Lives in a household","Aged 2 years and under","Female",8808
"E08000019","Sheffield","Lives in a household","Aged 3 to 4 years","Female",6128
"E08000019","Sheffield","Lives in a household","Aged 5 to 7 years","Female",9207
"E08000019","Sheffield","Lives in a household","Aged 8 to 9 years","Female",6316
"E08000019","Sheffield","Lives in a household","Aged 10 to 14 years","Female",15589
"E08000019","Sheffield","Lives in a household","Aged 15 years","Female",2847
"E08000019","Sheffield","Lives in a household","Aged 16 to 17 years","Female",5911
"E08000019","Sheffield","Lives in a household","Aged 18 to 19 years","Female",5593
"E08000019","Sheffield","Lives in a household","Aged 20 to 24 years","Female",21668
"E08000019","Sheffield","Lives in a household","Aged 25 to 29 years","Female",19800
"E08000019","Sheffield","Lives in a household","Aged 30 to 34 years","Female",19656
"E08000019","Sheffield","Lives in a household","Aged 35 to 39 years","Female",17882
"E08000019","Sheffield","Lives in a household","Aged 40 to 44 years","Female",16003
"E08000019","Sheffield","Lives in a household","Aged 45 to 49 years","Female",16192
"E08000019","Sheffield","Lives in a household","Aged 50 to 54 years","Female",18284
"E08000019","Sheffield","Lives in a household","Aged 55 to 59 years","Female",17241
"E08000019","Sheffield","Lives in a household","Aged 60 to 64 years","Female",14778
"E08000019","Sheffield","Lives in a household","Aged 65 years","Female",2614
"E08000019","Sheffield","Lives in a household","Aged 66 to 69 years","Female",9913
"E08000019","Sheffield","Lives in a household","Aged 70 to 74 years","Female",12672
"E08000019","Sheffield","Lives in a household","Aged 75 to 79 years","Female",10093
"E08000019","Sheffield","Lives in a household","Aged 80 to 84 years","Female",7415
"E08000019","Sheffield","Lives in a household","Aged 85 years and over","Female",7042
"E08000032","Bradford","Lives in a household","Total","Female",275654
"E08000032","Bradford","Lives in a household","Aged 2 years and under","Female",10589
"E08000032","Bradford","Lives in a household","Aged 3 to 4 years","Female",7344
"E08000032","Bradford","Lives in a household","Aged 5 to 7 years","Female",11682
"E08000032","Bradford","Lives in a household","Aged 8 to 9 years","Female",7889
"E08000032","Bradford","Lives in a household","Aged 10 to 14 years","Female",19847
"E08000032","Bradford","Lives in a household","Aged 15 years","Female",3823
"E08000032","Bradford","Lives in a household","Aged 16 to 17 years","Female",7703
"E08000032","Bradford","Lives in a household","Aged 18 to 19 years","Female",6425
"E08000032","Bradford","Lives in a household","Aged 20 to 24 years","Female",16236
"E08000032","Bradford","Lives in a household","Aged 25 to 29 years","Female",17702
"E08000032","Bradford","Lives in a household","Aged 30 to 34 years","Female",20110
"E08000032","Bradford","Lives in a household","Aged 35 to 39 years","Female",19908
"E08000032","Bradford","Lives in a household","Aged 40 to 44 years","Female",18151
"E08000032","Bradford","Lives in a household","Aged 45 to 49 years","Female",16931
"E08000032","Bradford","Lives in a household","Aged 50 to 54 years","Female",17115
"E08000032","Bradford","Lives in a household","Aged 55 to 59 years","Female",16208
"E08000032","Bradford","Lives in a household","Aged 60 to 64 years","Female",14470
"E08000032","Bradford","Lives in a household","Aged 65 years","Female",2544
"E08000032","Bradford","Lives in a household","Aged 66 to 69 years","Female",9483
"E08000032","Bradford","Lives in a household","Aged 70 to 74 years","Female",11574
"E08000032","Bradford","Lives in a household","Aged 75 to 79 years","Female",7735
"E08000032","Bradford","Lives in a household","Aged 80 to 84 years","Female",6115
"E08000032","Bradford","Lives in a household","Aged 85 years and over","Female",6070
"E08000033","Calderdale","Lives in a household","Total","Female",105135
"E08000033","Calderdale","Lives in a household","Aged 2 years and under","Female",3154
"E08000033","Calderdale","Lives in a household","Aged 3 to 4 years","Female",2338
"E08000033","Calderdale","Lives in a household","Aged 5 to 7 years","Female",3559
"E08000033","Calderdale","Lives in a household","Aged 8 to 9 years","Female",2672
"E08000033","Calderdale","Lives in a household","Aged 10 to 14 years","Female",6550
"E08000033","Calderdale","Lives in a household","Aged 15 years","Female",1278
"E08000033","Calderdale","Lives in a household","Aged 16 to 17 years","Female",2441
"E08000033","Calderdale","Lives in a household","Aged 18 to 19 years","Female",1852
"E08000033","Calderdale","Lives in a household","Aged 20 to 24 years","Female",4950
"E08000033","Calderdale","Lives in a household","Aged 25 to 29 years","Female",6203
"E08000033","Calderdale","Lives in a household","Aged 30 to 34 years","Female",6934
"E08000033","Calderdale","Lives in a household","Aged 35 to 39 years","Female",6861
"E08000033","Calderdale","Lives in a household","Aged 40 to 44 years","Female",6400
"E08000033","Calderdale","Lives in a household","Aged 45 to 49 years","Female",7019
"E08000033","Calderdale","Lives in a household","Aged 50 to 54 years","Female",8143
"E08000033","Calderdale","Lives in a household","Aged 55 to 59 years","Female",7620
"E08000033","Calderdale","Lives in a household","Aged 60 to 64 years","Female",6581
"E08000033","Calderdale","Lives in a household","Aged 65 years","Female",1223
"E08000033","Calderdale","Lives in a household","Aged 66 to 69 years","Female",4300
"E08000033","Calderdale","Lives in a household","Aged 70 to 74 years","Female",5758
"E08000033","Calderdale","Lives in a household","Aged 75 to 79 years","Female",3988
"E08000033","Calderdale","Lives in a household","Aged 80 to 84 years","Female",2705
"E08000033","Calderdale","Lives in a household","Aged 85 years and over","Female",2606
"E08000034","Kirklees","Lives in a household","Total","Female",217715
"E08000034","Kirklees","Lives in a household","Aged 2 years and under","Female",7221
"E08000034","Kirklees","Lives in a household","Aged 3 to 4 years","Female",5126
"E08000034","Kirklees","Lives in a household","Aged 5 to 7 years","Female",7890
"E08000034","Kirklees","Lives in a household","Aged 8 to 9 years","Female",5611
"E08000034","Kirklees","Lives in a household","Aged 10 to 14 years","Female",13876
"E08000034","Kirklees","Lives in a household","Aged 15 years","Female",2653
"E08000034","Kirklees","Lives in a household","Aged 16 to 17 years","Female",5392
"E08000034","Kirklees","Lives in a household","Aged 18 to 19 years","Female",4458
"E08000034","Kirklees","Lives in a household","Aged 20 to 24 years","Female",12265
"E08000034","Kirklees","Lives in a household","Aged 25 to 29 years","Female",13499
"E08000034","Kirklees","Lives in a household","Aged 30 to 34 years","Female",14976
"E08000034","Kirklees","Lives in a household","Aged 35 to 39 years","Female",14596
"E08000034","Kirklees","Lives in a household","Aged 40 to 44 years","Female",13866
"E08000034","Kirklees","Lives in a household","Aged 45 to 49 years","Female",14206
"E08000034","Kirklees","Lives in a household","Aged 50 to 54 years","Female",15415
"E08000034","Kirklees","Lives in a household","Aged 55 to 59 years","Female",14364
"E08000034","Kirklees","Lives in a household","Aged 60 to 64 years","Female",12322
"E08000034","Kirklees","Lives in a household","Aged 65 years","Female",2198
"E08000034","Kirklees","Lives in a household","Aged 66 to 69 years","Female",8433
"E08000034","Kirklees","Lives in a household","Aged 70 to 74 years","Female",11073
"E08000034","Kirklees","Lives in a household","Aged 75 to 79 years","Female",7805
"E08000034","Kirklees","Lives in a household","Aged 80 to 84 years","Female",5503
"E08000034","Kirklees","Lives in a household","Aged 85 years and over","Female",4967
"E08000035","Leeds","Lives in a household","Total","Female",404181
"E08000035","Leeds","Lives in a household","Aged 2 years and under","Female",13426
"E08000035","Leeds","Lives in a household","Aged 3 to 4 years","Female",9417
"E08000035","Leeds","Lives in a household","Aged 5 to 7 years","Female",14293
"E08000035","Leeds","Lives in a household","Aged 8 to 9 years","Female",9799
"E08000035","Leeds","Lives in a household","Aged 10 to 14 years","Female",23469
"E08000035","Leeds","Lives in a household","Aged 15 years","Female",4322
"E08000035","Leeds","Lives in a household","Aged 16 to 17 years","Female",8270
"E08000035","Leeds","Lives in a household","Aged 18 to 19 years","Female",8237
"E08000035","Leeds","Lives in a household","Aged 20 to 24 years","Female",34152
"E08000035","Leeds","Lives in a household","Aged 25 to 29 years","Female",30570
"E08000035","Leeds","Lives in a household","Aged 30 to 34 years","Female",31078
"E08000035","Leeds","Lives in a household","Aged 35 to 39 years","Female",28828
"E08000035","Leeds","Lives in a household","Aged 40 to 44 years","Female",26123
"E08000035","Leeds","Lives in a household","Aged 45 to 49 years","Female",24388
"E08000035","Leeds","Lives in a household","Aged 50 to 54 years","Female",25655
"E08000035","Leeds","Lives in a household","Aged 55 to 59 years","Female",24417
"E08000035","Leeds","Lives in a household","Aged 60 to 64 years","Female",20717
"E08000035","Leeds","Lives in a household","Aged 65 years","Female",3529
"E08000035","Leeds","Lives in a household","Aged 66 to 69 years","Female",13624
"E08000035","Leeds","Lives in a household","Aged 70 to 74 years","Female",18040
"E08000035","Leeds","Lives in a household","Aged 75 to 79 years","Female",12713
"E08000035","Leeds","Lives in a household","Aged 80 to 84 years","Female",9648
"E08000035","Leeds","Lives in a household","Aged 85 years and over","Female",9466
"E08000036","Wakefield","Lives in a household","Total","Female",177841
"E08000036","Wakefield","Lives in a household","Aged 2 years and under","Female",5701
"E08000036","Wakefield","Lives in a household","Aged 3 to 4 years","Female",4013
"E08000036","Wakefield","Lives in a household","Aged 5 to 7 years","Female",6023
"E08000036","Wakefield","Lives in a household","Aged 8 to 9 years","Female",4175
"E08000036","Wakefield","Lives in a household","Aged 10 to 14 years","Female",10146
"E08000036","Wakefield","Lives in a household","Aged 15 years","Female",1875
"E08000036","Wakefield","Lives in a household","Aged 16 to 17 years","Female",3768
"E08000036","Wakefield","Lives in a household","Aged 18 to 19 years","Female",2974
"E08000036","Wakefield","Lives in a household","Aged 20 to 24 years","Female",8982
"E08000036","Wakefield","Lives in a household","Aged 25 to 29 years","Female",12089
"E08000036","Wakefield","Lives in a household","Aged 30 to 34 years","Female",12939
"E08000036","Wakefield","Lives in a household","Aged 35 to 39 years","Female",11922
"E08000036","Wakefield","Lives in a household","Aged 40 to 44 years","Female",10381
"E08000036","Wakefield","Lives in a household","Aged 45 to 49 years","Female",11399
"E08000036","Wakefield","Lives in a household","Aged 50 to 54 years","Female",13194
"E08000036","Wakefield","Lives in a household","Aged 55 to 59 years","Female",12542
"E08000036","Wakefield","Lives in a household","Aged 60 to 64 years","Female",10868
"E08000036","Wakefield","Lives in a household","Aged 65 years","Female",1944
"E08000036","Wakefield","Lives in a household","Aged 66 to 69 years","Female",7469
"E08000036","Wakefield","Lives in a household","Aged 70 to 74 years","Female",9557
"E08000036","Wakefield","Lives in a household","Aged 75 to 79 years","Female",6889
"E08000036","Wakefield","Lives in a household","Aged 80 to 84 years","Female",4819
"E08000036","Wakefield","Lives in a household","Aged 85 years and over","Female",4172
"E06000015","Derby","Lives in a household","Total","Female",129517
"E06000015","Derby","Lives in a household","Aged 2 years and under","Female",4475
"E06000015","Derby","Lives in a household","Aged 3 to 4 years","Female",2998
"E06000015","Derby","Lives in a household","Aged 5 to 7 years","Female",4894
"E06000015","Derby","Lives in a household","Aged 8 to 9 years","Female",3467
"E06000015","Derby","Lives in a household","Aged 10 to 14 years","Female",8195
"E06000015","Derby","Lives in a household","Aged 15 years","Female",1504
"E06000015","Derby","Lives in a household","Aged 16 to 17 years","Female",3037
"E06000015","Derby","Lives in a household","Aged 18 to 19 years","Female",2580
"E06000015","Derby","Lives in a household","Aged 20 to 24 years","Female",8485
"E06000015","Derby","Lives in a household","Aged 25 to 29 years","Female",8990
"E06000015","Derby","Lives in a household","Aged 30 to 34 years","Female",9276
"E06000015","Derby","Lives in a household","Aged 35 to 39 years","Female",9324
"E06000015","Derby","Lives in a household","Aged 40 to 44 years","Female",8359
"E06000015","Derby","Lives in a household","Aged 45 to 49 years","Female",8118
"E06000015","Derby","Lives in a household","Aged 50 to 54 years","Female",8552
"E06000015","Derby","Lives in a household","Aged 55 to 59 years","Female",8147
"E06000015","Derby","Lives in a household","Aged 60 to 64 years","Female",6700
"E06000015","Derby","Lives in a household","Aged 65 years","Female",1168
"E06000015","Derby","Lives in a household","Aged 66 to 69 years","Female",4527
"E06000015","Derby","Lives in a household","Aged 70 to 74 years","Female",5758
"E06000015","Derby","Lives in a household","Aged 75 to 79 years","Female",4272
"E06000015","Derby","Lives in a household","Aged 80 to 84 years","Female",3363
"E06000015","Derby","Lives in a household","Aged 85 years and over","Female",3328
"E06000016","Leicester","Lives in a household","Total","Female",179165
"E06000016","Leicester","Lives in a household","Aged 2 years and under","Female",6144
"E06000016","Leicester","Lives in a household","Aged 3 to 4 years","Female",4565
"E06000016","Leicester","Lives in a household","Aged 5 to 7 years","Female",7090
"E06000016","Leicester","Lives in a household","Aged 8 to 9 years","Female",4994
"E06000016","Leicester","Lives in a household","Aged 10 to 14 years","Female",12450
"E06000016","Leicester","Lives in a household","Aged 15 years","Female",2272
"E06000016","Leicester","Lives in a household","Aged 16 to 17 years","Female",4610
"E06000016","Leicester","Lives in a household","Aged 18 to 19 years","Female",4845
"E06000016","Leicester","Lives in a household","Aged 20 to 24 years","Female",15118
"E06000016","Leicester","Lives in a household","Aged 25 to 29 years","Female",13553
"E06000016","Leicester","Lives in a household","Aged 30 to 34 years","Female",14179
"E06000016","Leicester","Lives in a household","Aged 35 to 39 years","Female",14004
"E06000016","Leicester","Lives in a household","Aged 40 to 44 years","Female",12296
"E06000016","Leicester","Lives in a household","Aged 45 to 49 years","Female",11330
"E06000016","Leicester","Lives in a household","Aged 50 to 54 years","Female",10917
"E06000016","Leicester","Lives in a household","Aged 55 to 59 years","Female",9774
"E06000016","Leicester","Lives in a household","Aged 60 to 64 years","Female",8532
"E06000016","Leicester","Lives in a household","Aged 65 years","Female",1488
"E06000016","Leicester","Lives in a household","Aged 66 to 69 years","Female",5509
"E06000016","Leicester","Lives in a household","Aged 70 to 74 years","Female",5720
"E06000016","Leicester","Lives in a household","Aged 75 to 79 years","Female",3849
"E06000016","Leicester","Lives in a household","Aged 80 to 84 years","Female",3061
"E06000016","Leicester","Lives in a household","Aged 85 years and over","Female",2865
"E06000017","Rutland","Lives in a household","Total","Female",19179
"E06000017","Rutland","Lives in a household","Aged 2 years and under","Female",430
"E06000017","Rutland","Lives in a household","Aged 3 to 4 years","Female",381
"E06000017","Rutland","Lives in a household","Aged 5 to 7 years","Female",544
"E06000017","Rutland","Lives in a household","Aged 8 to 9 years","Female",359
"E06000017","Rutland","Lives in a household","Aged 10 to 14 years","Female",1052
"E06000017","Rutland","Lives in a household","Aged 15 years","Female",206
"E06000017","Rutland","Lives in a household","Aged 16 to 17 years","Female",412
"E06000017","Rutland","Lives in a household","Aged 18 to 19 years","Female",266
"E06000017","Rutland","Lives in a household","Aged 20 to 24 years","Female",680
"E06000017","Rutland","Lives in a household","Aged 25 to 29 years","Female",820
"E06000017","Rutland","Lives in a household","Aged 30 to 34 years","Female",967
"E06000017","Rutland","Lives in a household","Aged 35 to 39 years","Female",1025
"E06000017","Rutland","Lives in a household","Aged 40 to 44 years","Female",1098
"E06000017","Rutland","Lives in a household","Aged 45 to 49 years","Female",1223
"E06000017","Rutland","Lives in a household","Aged 50 to 54 years","Female",1533
"E06000017","Rutland","Lives in a household","Aged 55 to 59 years","Female",1464
"E06000017","Rutland","Lives in a household","Aged 60 to 64 years","Female",1368
"E06000017","Rutland","Lives in a household","Aged 65 years","Female",276
"E06000017","Rutland","Lives in a household","Aged 66 to 69 years","Female",1009
"E06000017","Rutland","Lives in a household","Aged 70 to 74 years","Female",1451
"E06000017","Rutland","Lives in a household","Aged 75 to 79 years","Female",1094
"E06000017","Rutland","Lives in a household","Aged 80 to 84 years","Female",773
"E06000017","Rutland","Lives in a household","Aged 85 years and over","Female",748
"E06000018","Nottingham","Lives in a household","Total","Female",153251
"E06000018","Nottingham","Lives in a household","Aged 2 years and under","Female",4986
"E06000018","Nottingham","Lives in a household","Aged 3 to 4 years","Female",3651
"E06000018","Nottingham","Lives in a household","Aged 5 to 7 years","Female",5508
"E06000018","Nottingham","Lives in a household","Aged 8 to 9 years","Female",3938
"E06000018","Nottingham","Lives in a household","Aged 10 to 14 years","Female",9039
"E06000018","Nottingham","Lives in a household","Aged 15 years","Female",1652
"E06000018","Nottingham","Lives in a household","Aged 16 to 17 years","Female",3174
"E06000018","Nottingham","Lives in a household","Aged 18 to 19 years","Female",4785
"E06000018","Nottingham","Lives in a household","Aged 20 to 24 years","Female",18639
"E06000018","Nottingham","Lives in a household","Aged 25 to 29 years","Female",12299
"E06000018","Nottingham","Lives in a household","Aged 30 to 34 years","Female",12526
"E06000018","Nottingham","Lives in a household","Aged 35 to 39 years","Female",10737
"E06000018","Nottingham","Lives in a household","Aged 40 to 44 years","Female",9208
"E06000018","Nottingham","Lives in a household","Aged 45 to 49 years","Female",8650
"E06000018","Nottingham","Lives in a household","Aged 50 to 54 years","Female",9046
"E06000018","Nottingham","Lives in a household","Aged 55 to 59 years","Female",8514
"E06000018","Nottingham","Lives in a household","Aged 60 to 64 years","Female",6997
"E06000018","Nottingham","Lives in a household","Aged 65 years","Female",1167
"E06000018","Nottingham","Lives in a household","Aged 66 to 69 years","Female",4367
"E06000018","Nottingham","Lives in a household","Aged 70 to 74 years","Female",4922
"E06000018","Nottingham","Lives in a household","Aged 75 to 79 years","Female",3620
"E06000018","Nottingham","Lives in a household","Aged 80 to 84 years","Female",2844
"E06000018","Nottingham","Lives in a household","Aged 85 years and over","Female",2982
"E06000061","North Northamptonshire","Lives in a household","Total","Female",180445
"E06000061","North Northamptonshire","Lives in a household","Aged 2 years and under","Female",5722
"E06000061","North Northamptonshire","Lives in a household","Aged 3 to 4 years","Female",4085
"E06000061","North Northamptonshire","Lives in a household","Aged 5 to 7 years","Female",6368
"E06000061","North Northamptonshire","Lives in a household","Aged 8 to 9 years","Female",4651
"E06000061","North Northamptonshire","Lives in a household","Aged 10 to 14 years","Female",11158
"E06000061","North Northamptonshire","Lives in a household","Aged 15 years","Female",2121
"E06000061","North Northamptonshire","Lives in a household","Aged 16 to 17 years","Female",4098
"E06000061","North Northamptonshire","Lives in a household","Aged 18 to 19 years","Female",3027
"E06000061","North Northamptonshire","Lives in a household","Aged 20 to 24 years","Female",8840
"E06000061","North Northamptonshire","Lives in a household","Aged 25 to 29 years","Female",11434
"E06000061","North Northamptonshire","Lives in a household","Aged 30 to 34 years","Female",12714
"E06000061","North Northamptonshire","Lives in a household","Aged 35 to 39 years","Female",12471
"E06000061","North Northamptonshire","Lives in a household","Aged 40 to 44 years","Female",11784
"E06000061","North Northamptonshire","Lives in a household","Aged 45 to 49 years","Female",12106
"E06000061","North Northamptonshire","Lives in a household","Aged 50 to 54 years","Female",13198
"E06000061","North Northamptonshire","Lives in a household","Aged 55 to 59 years","Female",12450
"E06000061","North Northamptonshire","Lives in a household","Aged 60 to 64 years","Female",10278
"E06000061","North Northamptonshire","Lives in a household","Aged 65 years","Female",1899
"E06000061","North Northamptonshire","Lives in a household","Aged 66 to 69 years","Female",7423
"E06000061","North Northamptonshire","Lives in a household","Aged 70 to 74 years","Female",9609
"E06000061","North Northamptonshire","Lives in a household","Aged 75 to 79 years","Female",6768
"E06000061","North Northamptonshire","Lives in a household","Aged 80 to 84 years","Female",4300
"E06000061","North Northamptonshire","Lives in a household","Aged 85 years and over","Female",3941
"E06000062","West Northamptonshire","Lives in a household","Total","Female",212159
"E06000062","West Northamptonshire","Lives in a household","Aged 2 years and under","Female",6900
"E06000062","West Northamptonshire","Lives in a household","Aged 3 to 4 years","Female",4884
"E06000062","West Northamptonshire","Lives in a household","Aged 5 to 7 years","Female",7712
"E06000062","West Northamptonshire","Lives in a household","Aged 8 to 9 years","Female",5220
"E06000062","West Northamptonshire","Lives in a household","Aged 10 to 14 years","Female",13066
"E06000062","West Northamptonshire","Lives in a household","Aged 15 years","Female",2530
"E06000062","West Northamptonshire","Lives in a household","Aged 16 to 17 years","Female",4704
"E06000062","West Northamptonshire","Lives in a household","Aged 18 to 19 years","Female",3811
"E06000062","West Northamptonshire","Lives in a household","Aged 20 to 24 years","Female",11447
"E06000062","West Northamptonshire","Lives in a household","Aged 25 to 29 years","Female",13537
"E06000062","West Northamptonshire","Lives in a household","Aged 30 to 34 years","Female",15656
"E06000062","West Northamptonshire","Lives in a household","Aged 35 to 39 years","Female",15045
"E06000062","West Northamptonshire","Lives in a household","Aged 40 to 44 years","Female",14149
"E06000062","West Northamptonshire","Lives in a household","Aged 45 to 49 years","Female",14437
"E06000062","West Northamptonshire","Lives in a household","Aged 50 to 54 years","Female",15125
"E06000062","West Northamptonshire","Lives in a household","Aged 55 to 59 years","Female",14417
"E06000062","West Northamptonshire","Lives in a household","Aged 60 to 64 years","Female",11912
"E06000062","West Northamptonshire","Lives in a household","Aged 65 years","Female",2061
"E06000062","West Northamptonshire","Lives in a household","Aged 66 to 69 years","Female",8093
"E06000062","West Northamptonshire","Lives in a household","Aged 70 to 74 years","Female",10603
"E06000062","West Northamptonshire","Lives in a household","Aged 75 to 79 years","Female",7327
"E06000062","West Northamptonshire","Lives in a household","Aged 80 to 84 years","Female",4891
"E06000062","West Northamptonshire","Lives in a household","Aged 85 years and over","Female",4632
"E07000032","Amber Valley","Lives in a household","Total","Female",63594
"E07000032","Amber Valley","Lives in a household","Aged 2 years and under","Female",1729
"E07000032","Amber Valley","Lives in a household","Aged 3 to 4 years","Female",1234
"E07000032","Amber Valley","Lives in a household","Aged 5 to 7 years","Female",1908
"E07000032","Amber Valley","Lives in a household","Aged 8 to 9 years","Female",1389
"E07000032","Amber Valley","Lives in a household","Aged 10 to 14 years","Female",3509
"E07000032","Amber Valley","Lives in a household","Aged 15 years","Female",619
"E07000032","Amber Valley","Lives in a household","Aged 16 to 17 years","Female",1182
"E07000032","Amber Valley","Lives in a household","Aged 18 to 19 years","Female",1025
"E07000032","Amber Valley","Lives in a household","Aged 20 to 24 years","Female",3028
"E07000032","Amber Valley","Lives in a household","Aged 25 to 29 years","Female",3671
"E07000032","Amber Valley","Lives in a household","Aged 30 to 34 years","Female",3808
"E07000032","Amber Valley","Lives in a household","Aged 35 to 39 years","Female",3720
"E07000032","Amber Valley","Lives in a household","Aged 40 to 44 years","Female",3683
"E07000032","Amber Valley","Lives in a household","Aged 45 to 49 years","Female",4239
"E07000032","Amber Valley","Lives in a household","Aged 50 to 54 years","Female",4984
"E07000032","Amber Valley","Lives in a household","Aged 55 to 59 years","Female",4965
"E07000032","Amber Valley","Lives in a household","Aged 60 to 64 years","Female",4247
"E07000032","Amber Valley","Lives in a household","Aged 65 years","Female",739
"E07000032","Amber Valley","Lives in a household","Aged 66 to 69 years","Female",3045
"E07000032","Amber Valley","Lives in a household","Aged 70 to 74 years","Female",4176
"E07000032","Amber Valley","Lives in a household","Aged 75 to 79 years","Female",3003
"E07000032","Amber Valley","Lives in a household","Aged 80 to 84 years","Female",1955
"E07000032","Amber Valley","Lives in a household","Aged 85 years and over","Female",1736
"E07000033","Bolsover","Lives in a household","Total","Female",40310
"E07000033","Bolsover","Lives in a household","Aged 2 years and under","Female",1204
"E07000033","Bolsover","Lives in a household","Aged 3 to 4 years","Female",749
"E07000033","Bolsover","Lives in a household","Aged 5 to 7 years","Female",1318
"E07000033","Bolsover","Lives in a household","Aged 8 to 9 years","Female",953
"E07000033","Bolsover","Lives in a household","Aged 10 to 14 years","Female",2154
"E07000033","Bolsover","Lives in a household","Aged 15 years","Female",487
"E07000033","Bolsover","Lives in a household","Aged 16 to 17 years","Female",793
"E07000033","Bolsover","Lives in a household","Aged 18 to 19 years","Female",653
"E07000033","Bolsover","Lives in a household","Aged 20 to 24 years","Female",2084
"E07000033","Bolsover","Lives in a household","Aged 25 to 29 years","Female",2705
"E07000033","Bolsover","Lives in a household","Aged 30 to 34 years","Female",2731
"E07000033","Bolsover","Lives in a household","Aged 35 to 39 years","Female",2490
"E07000033","Bolsover","Lives in a household","Aged 40 to 44 years","Female",2183
"E07000033","Bolsover","Lives in a household","Aged 45 to 49 years","Female",2655
"E07000033","Bolsover","Lives in a household","Aged 50 to 54 years","Female",3192
"E07000033","Bolsover","Lives in a household","Aged 55 to 59 years","Female",3050
"E07000033","Bolsover","Lives in a household","Aged 60 to 64 years","Female",2609
"E07000033","Bolsover","Lives in a household","Aged 65 years","Female",444
"E07000033","Bolsover","Lives in a household","Aged 66 to 69 years","Female",1766
"E07000033","Bolsover","Lives in a household","Aged 70 to 74 years","Female",2250
"E07000033","Bolsover","Lives in a household","Aged 75 to 79 years","Female",1748
"E07000033","Bolsover","Lives in a household","Aged 80 to 84 years","Female",1082
"E07000033","Bolsover","Lives in a household","Aged 85 years and over","Female",1010
"E07000034","Chesterfield","Lives in a household","Total","Female",52085
"E07000034","Chesterfield","Lives in a household","Aged 2 years and under","Female",1473
"E07000034","Chesterfield","Lives in a household","Aged 3 to 4 years","Female",1067
"E07000034","Chesterfield","Lives in a household","Aged 5 to 7 years","Female",1593
"E07000034","Chesterfield","Lives in a household","Aged 8 to 9 years","Female",1177
"E07000034","Chesterfield","Lives in a household","Aged 10 to 14 years","Female",2865
"E07000034","Chesterfield","Lives in a household","Aged 15 years","Female",498
"E07000034","Chesterfield","Lives in a household","Aged 16 to 17 years","Female",1026
"E07000034","Chesterfield","Lives in a household","Aged 18 to 19 years","Female",797
"E07000034","Chesterfield","Lives in a household","Aged 20 to 24 years","Female",2578
"E07000034","Chesterfield","Lives in a household","Aged 25 to 29 years","Female",3285
"E07000034","Chesterfield","Lives in a household","Aged 30 to 34 years","Female",3321
"E07000034","Chesterfield","Lives in a household","Aged 35 to 39 years","Female",3061
"E07000034","Chesterfield","Lives in a household","Aged 40 to 44 years","Female",3019
"E07000034","Chesterfield","Lives in a household","Aged 45 to 49 years","Female",3393
"E07000034","Chesterfield","Lives in a household","Aged 50 to 54 years","Female",3829
"E07000034","Chesterfield","Lives in a household","Aged 55 to 59 years","Female",3979
"E07000034","Chesterfield","Lives in a household","Aged 60 to 64 years","Female",3471
"E07000034","Chesterfield","Lives in a household","Aged 65 years","Female",648
"E07000034","Chesterfield","Lives in a household","Aged 66 to 69 years","Female",2412
"E07000034","Chesterfield","Lives in a household","Aged 70 to 74 years","Female",3177
"E07000034","Chesterfield","Lives in a household","Aged 75 to 79 years","Female",2316
"E07000034","Chesterfield","Lives in a household","Aged 80 to 84 years","Female",1577
"E07000034","Chesterfield","Lives in a household","Aged 85 years and over","Female",1523
"E07000035","Derbyshire Dales","Lives in a household","Total","Female",36178
"E07000035","Derbyshire Dales","Lives in a household","Aged 2 years and under","Female",753
"E07000035","Derbyshire Dales","Lives in a household","Aged 3 to 4 years","Female",552
"E07000035","Derbyshire Dales","Lives in a household","Aged 5 to 7 years","Female",952
"E07000035","Derbyshire Dales","Lives in a household","Aged 8 to 9 years","Female",711
"E07000035","Derbyshire Dales","Lives in a household","Aged 10 to 14 years","Female",1856
"E07000035","Derbyshire Dales","Lives in a household","Aged 15 years","Female",374
"E07000035","Derbyshire Dales","Lives in a household","Aged 16 to 17 years","Female",736
"E07000035","Derbyshire Dales","Lives in a household","Aged 18 to 19 years","Female",544
"E07000035","Derbyshire Dales","Lives in a household","Aged 20 to 24 years","Female",1261
"E07000035","Derbyshire Dales","Lives in a household","Aged 25 to 29 years","Female",1445
"E07000035","Derbyshire Dales","Lives in a household","Aged 30 to 34 years","Female",1572
"E07000035","Derbyshire Dales","Lives in a household","Aged 35 to 39 years","Female",1644
"E07000035","Derbyshire Dales","Lives in a household","Aged 40 to 44 years","Female",1886
"E07000035","Derbyshire Dales","Lives in a household","Aged 45 to 49 years","Female",2393
"E07000035","Derbyshire Dales","Lives in a household","Aged 50 to 54 years","Female",3047
"E07000035","Derbyshire Dales","Lives in a household","Aged 55 to 59 years","Female",3235
"E07000035","Derbyshire Dales","Lives in a household","Aged 60 to 64 years","Female",2810
"E07000035","Derbyshire Dales","Lives in a household","Aged 65 years","Female",529
"E07000035","Derbyshire Dales","Lives in a household","Aged 66 to 69 years","Female",2079
"E07000035","Derbyshire Dales","Lives in a household","Aged 70 to 74 years","Female",2848
"E07000035","Derbyshire Dales","Lives in a household","Aged 75 to 79 years","Female",2104
"E07000035","Derbyshire Dales","Lives in a household","Aged 80 to 84 years","Female",1448
"E07000035","Derbyshire Dales","Lives in a household","Aged 85 years and over","Female",1399
"E07000036","Erewash","Lives in a household","Total","Female",56959
"E07000036","Erewash","Lives in a household","Aged 2 years and under","Female",1593
"E07000036","Erewash","Lives in a household","Aged 3 to 4 years","Female",1114
"E07000036","Erewash","Lives in a household","Aged 5 to 7 years","Female",1761
"E07000036","Erewash","Lives in a household","Aged 8 to 9 years","Female",1270
"E07000036","Erewash","Lives in a household","Aged 10 to 14 years","Female",3004
"E07000036","Erewash","Lives in a household","Aged 15 years","Female",570
"E07000036","Erewash","Lives in a household","Aged 16 to 17 years","Female",1156
"E07000036","Erewash","Lives in a household","Aged 18 to 19 years","Female",952
"E07000036","Erewash","Lives in a household","Aged 20 to 24 years","Female",2864
"E07000036","Erewash","Lives in a household","Aged 25 to 29 years","Female",3566
"E07000036","Erewash","Lives in a household","Aged 30 to 34 years","Female",3900
"E07000036","Erewash","Lives in a household","Aged 35 to 39 years","Female",3568
"E07000036","Erewash","Lives in a household","Aged 40 to 44 years","Female",3326
"E07000036","Erewash","Lives in a household","Aged 45 to 49 years","Female",3758
"E07000036","Erewash","Lives in a household","Aged 50 to 54 years","Female",4456
"E07000036","Erewash","Lives in a household","Aged 55 to 59 years","Female",4309
"E07000036","Erewash","Lives in a household","Aged 60 to 64 years","Female",3521
"E07000036","Erewash","Lives in a household","Aged 65 years","Female",596
"E07000036","Erewash","Lives in a household","Aged 66 to 69 years","Female",2510
"E07000036","Erewash","Lives in a household","Aged 70 to 74 years","Female",3281
"E07000036","Erewash","Lives in a household","Aged 75 to 79 years","Female",2555
"E07000036","Erewash","Lives in a household","Aged 80 to 84 years","Female",1733
"E07000036","Erewash","Lives in a household","Aged 85 years and over","Female",1596
"E07000037","High Peak","Lives in a household","Total","Female",45842
"E07000037","High Peak","Lives in a household","Aged 2 years and under","Female",1219
"E07000037","High Peak","Lives in a household","Aged 3 to 4 years","Female",932
"E07000037","High Peak","Lives in a household","Aged 5 to 7 years","Female",1365
"E07000037","High Peak","Lives in a household","Aged 8 to 9 years","Female",1007
"E07000037","High Peak","Lives in a household","Aged 10 to 14 years","Female",2497
"E07000037","High Peak","Lives in a household","Aged 15 years","Female",477
"E07000037","High Peak","Lives in a household","Aged 16 to 17 years","Female",943
"E07000037","High Peak","Lives in a household","Aged 18 to 19 years","Female",716
"E07000037","High Peak","Lives in a household","Aged 20 to 24 years","Female",1989
"E07000037","High Peak","Lives in a household","Aged 25 to 29 years","Female",2452
"E07000037","High Peak","Lives in a household","Aged 30 to 34 years","Female",2734
"E07000037","High Peak","Lives in a household","Aged 35 to 39 years","Female",2733
"E07000037","High Peak","Lives in a household","Aged 40 to 44 years","Female",2693
"E07000037","High Peak","Lives in a household","Aged 45 to 49 years","Female",2997
"E07000037","High Peak","Lives in a household","Aged 50 to 54 years","Female",3700
"E07000037","High Peak","Lives in a household","Aged 55 to 59 years","Female",3815
"E07000037","High Peak","Lives in a household","Aged 60 to 64 years","Female",3356
"E07000037","High Peak","Lives in a household","Aged 65 years","Female",555
"E07000037","High Peak","Lives in a household","Aged 66 to 69 years","Female",2212
"E07000037","High Peak","Lives in a household","Aged 70 to 74 years","Female",2807
"E07000037","High Peak","Lives in a household","Aged 75 to 79 years","Female",2090
"E07000037","High Peak","Lives in a household","Aged 80 to 84 years","Female",1355
"E07000037","High Peak","Lives in a household","Aged 85 years and over","Female",1198
"E07000038","North East Derbyshire","Lives in a household","Total","Female",51800
"E07000038","North East Derbyshire","Lives in a household","Aged 2 years and under","Female",1376
"E07000038","North East Derbyshire","Lives in a household","Aged 3 to 4 years","Female",1017
"E07000038","North East Derbyshire","Lives in a household","Aged 5 to 7 years","Female",1611
"E07000038","North East Derbyshire","Lives in a household","Aged 8 to 9 years","Female",1072
"E07000038","North East Derbyshire","Lives in a household","Aged 10 to 14 years","Female",2683
"E07000038","North East Derbyshire","Lives in a household","Aged 15 years","Female",528
"E07000038","North East Derbyshire","Lives in a household","Aged 16 to 17 years","Female",1006
"E07000038","North East Derbyshire","Lives in a household","Aged 18 to 19 years","Female",836
"E07000038","North East Derbyshire","Lives in a household","Aged 20 to 24 years","Female",2285
"E07000038","North East Derbyshire","Lives in a household","Aged 25 to 29 years","Female",2822
"E07000038","North East Derbyshire","Lives in a household","Aged 30 to 34 years","Female",2961
"E07000038","North East Derbyshire","Lives in a household","Aged 35 to 39 years","Female",2881
"E07000038","North East Derbyshire","Lives in a household","Aged 40 to 44 years","Female",2843
"E07000038","North East Derbyshire","Lives in a household","Aged 45 to 49 years","Female",3220
"E07000038","North East Derbyshire","Lives in a household","Aged 50 to 54 years","Female",3946
"E07000038","North East Derbyshire","Lives in a household","Aged 55 to 59 years","Female",3967
"E07000038","North East Derbyshire","Lives in a household","Aged 60 to 64 years","Female",3570
"E07000038","North East Derbyshire","Lives in a household","Aged 65 years","Female",664
"E07000038","North East Derbyshire","Lives in a household","Aged 66 to 69 years","Female",2679
"E07000038","North East Derbyshire","Lives in a household","Aged 70 to 74 years","Female",3566
"E07000038","North East Derbyshire","Lives in a household","Aged 75 to 79 years","Female",2829
"E07000038","North East Derbyshire","Lives in a household","Aged 80 to 84 years","Female",1887
"E07000038","North East Derbyshire","Lives in a household","Aged 85 years and over","Female",1551
"E07000039","South Derbyshire","Lives in a household","Total","Female",53803
"E07000039","South Derbyshire","Lives in a household","Aged 2 years and under","Female",1690
"E07000039","South Derbyshire","Lives in a household","Aged 3 to 4 years","Female",1147
"E07000039","South Derbyshire","Lives in a household","Aged 5 to 7 years","Female",1831
"E07000039","South Derbyshire","Lives in a household","Aged 8 to 9 years","Female",1305
"E07000039","South Derbyshire","Lives in a household","Aged 10 to 14 years","Female",3182
"E07000039","South Derbyshire","Lives in a household","Aged 15 years","Female",639
"E07000039","South Derbyshire","Lives in a household","Aged 16 to 17 years","Female",1123
"E07000039","South Derbyshire","Lives in a household","Aged 18 to 19 years","Female",849
"E07000039","South Derbyshire","Lives in a household","Aged 20 to 24 years","Female",2546
"E07000039","South Derbyshire","Lives in a household","Aged 25 to 29 years","Female",3559
"E07000039","South Derbyshire","Lives in a household","Aged 30 to 34 years","Female",3681
"E07000039","South Derbyshire","Lives in a household","Aged 35 to 39 years","Female",3524
"E07000039","South Derbyshire","Lives in a household","Aged 40 to 44 years","Female",3469
"E07000039","South Derbyshire","Lives in a household","Aged 45 to 49 years","Female",3635
"E07000039","South Derbyshire","Lives in a household","Aged 50 to 54 years","Female",4207
"E07000039","South Derbyshire","Lives in a household","Aged 55 to 59 years","Female",3927
"E07000039","South Derbyshire","Lives in a household","Aged 60 to 64 years","Female",3185
"E07000039","South Derbyshire","Lives in a household","Aged 65 years","Female",584
"E07000039","South Derbyshire","Lives in a household","Aged 66 to 69 years","Female",2332
"E07000039","South Derbyshire","Lives in a household","Aged 70 to 74 years","Female",2880
"E07000039","South Derbyshire","Lives in a household","Aged 75 to 79 years","Female",2035
"E07000039","South Derbyshire","Lives in a household","Aged 80 to 84 years","Female",1291
"E07000039","South Derbyshire","Lives in a household","Aged 85 years and over","Female",1182
"E07000129","Blaby","Lives in a household","Total","Female",52194
"E07000129","Blaby","Lives in a household","Aged 2 years and under","Female",1619
"E07000129","Blaby","Lives in a household","Aged 3 to 4 years","Female",1138
"E07000129","Blaby","Lives in a household","Aged 5 to 7 years","Female",1725
"E07000129","Blaby","Lives in a household","Aged 8 to 9 years","Female",1238
"E07000129","Blaby","Lives in a household","Aged 10 to 14 years","Female",3022
"E07000129","Blaby","Lives in a household","Aged 15 years","Female",557
"E07000129","Blaby","Lives in a household","Aged 16 to 17 years","Female",1135
"E07000129","Blaby","Lives in a household","Aged 18 to 19 years","Female",841
"E07000129","Blaby","Lives in a household","Aged 20 to 24 years","Female",2362
"E07000129","Blaby","Lives in a household","Aged 25 to 29 years","Female",3115
"E07000129","Blaby","Lives in a household","Aged 30 to 34 years","Female",3576
"E07000129","Blaby","Lives in a household","Aged 35 to 39 years","Female",3511
"E07000129","Blaby","Lives in a household","Aged 40 to 44 years","Female",3243
"E07000129","Blaby","Lives in a household","Aged 45 to 49 years","Female",3393
"E07000129","Blaby","Lives in a household","Aged 50 to 54 years","Female",3713
"E07000129","Blaby","Lives in a household","Aged 55 to 59 years","Female",3663
"E07000129","Blaby","Lives in a household","Aged 60 to 64 years","Female",3191
"E07000129","Blaby","Lives in a household","Aged 65 years","Female",545
"E07000129","Blaby","Lives in a household","Aged 66 to 69 years","Female",2213
"E07000129","Blaby","Lives in a household","Aged 70 to 74 years","Female",3019
"E07000129","Blaby","Lives in a household","Aged 75 to 79 years","Female",2231
"E07000129","Blaby","Lives in a household","Aged 80 to 84 years","Female",1628
"E07000129","Blaby","Lives in a household","Aged 85 years and over","Female",1516
"E07000130","Charnwood","Lives in a household","Total","Female",88197
"E07000130","Charnwood","Lives in a household","Aged 2 years and under","Female",2606
"E07000130","Charnwood","Lives in a household","Aged 3 to 4 years","Female",1857
"E07000130","Charnwood","Lives in a household","Aged 5 to 7 years","Female",2783
"E07000130","Charnwood","Lives in a household","Aged 8 to 9 years","Female",1999
"E07000130","Charnwood","Lives in a household","Aged 10 to 14 years","Female",4885
"E07000130","Charnwood","Lives in a household","Aged 15 years","Female",855
"E07000130","Charnwood","Lives in a household","Aged 16 to 17 years","Female",1794
"E07000130","Charnwood","Lives in a household","Aged 18 to 19 years","Female",1683
"E07000130","Charnwood","Lives in a household","Aged 20 to 24 years","Female",6075
"E07000130","Charnwood","Lives in a household","Aged 25 to 29 years","Female",5434
"E07000130","Charnwood","Lives in a household","Aged 30 to 34 years","Female",6022
"E07000130","Charnwood","Lives in a household","Aged 35 to 39 years","Female",5899
"E07000130","Charnwood","Lives in a household","Aged 40 to 44 years","Female",5384
"E07000130","Charnwood","Lives in a household","Aged 45 to 49 years","Female",5586
"E07000130","Charnwood","Lives in a household","Aged 50 to 54 years","Female",6201
"E07000130","Charnwood","Lives in a household","Aged 55 to 59 years","Female",5926
"E07000130","Charnwood","Lives in a household","Aged 60 to 64 years","Female",5265
"E07000130","Charnwood","Lives in a household","Aged 65 years","Female",900
"E07000130","Charnwood","Lives in a household","Aged 66 to 69 years","Female",3847
"E07000130","Charnwood","Lives in a household","Aged 70 to 74 years","Female",4768
"E07000130","Charnwood","Lives in a household","Aged 75 to 79 years","Female",3644
"E07000130","Charnwood","Lives in a household","Aged 80 to 84 years","Female",2399
"E07000130","Charnwood","Lives in a household","Aged 85 years and over","Female",2385
"E07000131","Harborough","Lives in a household","Total","Female",48916
"E07000131","Harborough","Lives in a household","Aged 2 years and under","Female",1336
"E07000131","Harborough","Lives in a household","Aged 3 to 4 years","Female",934
"E07000131","Harborough","Lives in a household","Aged 5 to 7 years","Female",1552
"E07000131","Harborough","Lives in a household","Aged 8 to 9 years","Female",1064
"E07000131","Harborough","Lives in a household","Aged 10 to 14 years","Female",2833
"E07000131","Harborough","Lives in a household","Aged 15 years","Female",553
"E07000131","Harborough","Lives in a household","Aged 16 to 17 years","Female",1164
"E07000131","Harborough","Lives in a household","Aged 18 to 19 years","Female",805
"E07000131","Harborough","Lives in a household","Aged 20 to 24 years","Female",2061
"E07000131","Harborough","Lives in a household","Aged 25 to 29 years","Female",2473
"E07000131","Harborough","Lives in a household","Aged 30 to 34 years","Female",2808
"E07000131","Harborough","Lives in a household","Aged 35 to 39 years","Female",2926
"E07000131","Harborough","Lives in a household","Aged 40 to 44 years","Female",2991
"E07000131","Harborough","Lives in a household","Aged 45 to 49 years","Female",3449
"E07000131","Harborough","Lives in a household","Aged 50 to 54 years","Female",3893
"E07000131","Harborough","Lives in a household","Aged 55 to 59 years","Female",3833
"E07000131","Harborough","Lives in a household","Aged 60 to 64 years","Female",3145
"E07000131","Harborough","Lives in a household","Aged 65 years","Female",608
"E07000131","Harborough","Lives in a household","Aged 66 to 69 years","Female",2193
"E07000131","Harborough","Lives in a household","Aged 70 to 74 years","Female",3037
"E07000131","Harborough","Lives in a household","Aged 75 to 79 years","Female",2213
"E07000131","Harborough","Lives in a household","Aged 80 to 84 years","Female",1595
"E07000131","Harborough","Lives in a household","Aged 85 years and over","Female",1450
"E07000132","Hinckley and Bosworth","Lives in a household","Total","Female",57093
"E07000132","Hinckley and Bosworth","Lives in a household","Aged 2 years and under","Female",1574
"E07000132","Hinckley and Bosworth","Lives in a household","Aged 3 to 4 years","Female",1152
"E07000132","Hinckley and Bosworth","Lives in a household","Aged 5 to 7 years","Female",1830
"E07000132","Hinckley and Bosworth","Lives in a household","Aged 8 to 9 years","Female",1260
"E07000132","Hinckley and Bosworth","Lives in a household","Aged 10 to 14 years","Female",3103
"E07000132","Hinckley and Bosworth","Lives in a household","Aged 15 years","Female",603
"E07000132","Hinckley and Bosworth","Lives in a household","Aged 16 to 17 years","Female",1159
"E07000132","Hinckley and Bosworth","Lives in a household","Aged 18 to 19 years","Female",917
"E07000132","Hinckley and Bosworth","Lives in a household","Aged 20 to 24 years","Female",2437
"E07000132","Hinckley and Bosworth","Lives in a household","Aged 25 to 29 years","Female",3370
"E07000132","Hinckley and Bosworth","Lives in a household","Aged 30 to 34 years","Female",3671
"E07000132","Hinckley and Bosworth","Lives in a household","Aged 35 to 39 years","Female",3593
"E07000132","Hinckley and Bosworth","Lives in a household","Aged 40 to 44 years","Female",3420
"E07000132","Hinckley and Bosworth","Lives in a household","Aged 45 to 49 years","Female",3770
"E07000132","Hinckley and Bosworth","Lives in a household","Aged 50 to 54 years","Female",4264
"E07000132","Hinckley and Bosworth","Lives in a household","Aged 55 to 59 years","Female",4148
"E07000132","Hinckley and Bosworth","Lives in a household","Aged 60 to 64 years","Female",3681
"E07000132","Hinckley and Bosworth","Lives in a household","Aged 65 years","Female",691
"E07000132","Hinckley and Bosworth","Lives in a household","Aged 66 to 69 years","Female",2696
"E07000132","Hinckley and Bosworth","Lives in a household","Aged 70 to 74 years","Female",3659
"E07000132","Hinckley and Bosworth","Lives in a household","Aged 75 to 79 years","Female",2732
"E07000132","Hinckley and Bosworth","Lives in a household","Aged 80 to 84 years","Female",1779
"E07000132","Hinckley and Bosworth","Lives in a household","Aged 85 years and over","Female",1584
"E07000133","Melton","Lives in a household","Total","Female",26275
"E07000133","Melton","Lives in a household","Aged 2 years and under","Female",669
"E07000133","Melton","Lives in a household","Aged 3 to 4 years","Female",502
"E07000133","Melton","Lives in a household","Aged 5 to 7 years","Female",783
"E07000133","Melton","Lives in a household","Aged 8 to 9 years","Female",595
"E07000133","Melton","Lives in a household","Aged 10 to 14 years","Female",1468
"E07000133","Melton","Lives in a household","Aged 15 years","Female",303
"E07000133","Melton","Lives in a household","Aged 16 to 17 years","Female",514
"E07000133","Melton","Lives in a household","Aged 18 to 19 years","Female",437
"E07000133","Melton","Lives in a household","Aged 20 to 24 years","Female",1113
"E07000133","Melton","Lives in a household","Aged 25 to 29 years","Female",1358
"E07000133","Melton","Lives in a household","Aged 30 to 34 years","Female",1458
"E07000133","Melton","Lives in a household","Aged 35 to 39 years","Female",1446
"E07000133","Melton","Lives in a household","Aged 40 to 44 years","Female",1541
"E07000133","Melton","Lives in a household","Aged 45 to 49 years","Female",1688
"E07000133","Melton","Lives in a household","Aged 50 to 54 years","Female",2141
"E07000133","Melton","Lives in a household","Aged 55 to 59 years","Female",2159
"E07000133","Melton","Lives in a household","Aged 60 to 64 years","Female",1861
"E07000133","Melton","Lives in a household","Aged 65 years","Female",328
"E07000133","Melton","Lives in a household","Aged 66 to 69 years","Female",1295
"E07000133","Melton","Lives in a household","Aged 70 to 74 years","Female",1739
"E07000133","Melton","Lives in a household","Aged 75 to 79 years","Female",1278
"E07000133","Melton","Lives in a household","Aged 80 to 84 years","Female",780
"E07000133","Melton","Lives in a household","Aged 85 years and over","Female",819
"E07000134","North West Leicestershire","Lives in a household","Total","Female",52779
"E07000134","North West Leicestershire","Lives in a household","Aged 2 years and under","Female",1538
"E07000134","North West Leicestershire","Lives in a household","Aged 3 to 4 years","Female",1082
"E07000134","North West Leicestershire","Lives in a household","Aged 5 to 7 years","Female",1724
"E07000134","North West Leicestershire","Lives in a household","Aged 8 to 9 years","Female",1187
"E07000134","North West Leicestershire","Lives in a household","Aged 10 to 14 years","Female",2936
"E07000134","North West Leicestershire","Lives in a household","Aged 15 years","Female",539
"E07000134","North West Leicestershire","Lives in a household","Aged 16 to 17 years","Female",1154
"E07000134","North West Leicestershire","Lives in a household","Aged 18 to 19 years","Female",936
"E07000134","North West Leicestershire","Lives in a household","Aged 20 to 24 years","Female",3021
"E07000134","North West Leicestershire","Lives in a household","Aged 25 to 29 years","Female",3132
"E07000134","North West Leicestershire","Lives in a household","Aged 30 to 34 years","Female",3478
"E07000134","North West Leicestershire","Lives in a household","Aged 35 to 39 years","Female",3335
"E07000134","North West Leicestershire","Lives in a household","Aged 40 to 44 years","Female",3216
"E07000134","North West Leicestershire","Lives in a household","Aged 45 to 49 years","Female",3642
"E07000134","North West Leicestershire","Lives in a household","Aged 50 to 54 years","Female",4042
"E07000134","North West Leicestershire","Lives in a household","Aged 55 to 59 years","Female",3806
"E07000134","North West Leicestershire","Lives in a household","Aged 60 to 64 years","Female",3221
"E07000134","North West Leicestershire","Lives in a household","Aged 65 years","Female",550
"E07000134","North West Leicestershire","Lives in a household","Aged 66 to 69 years","Female",2255
"E07000134","North West Leicestershire","Lives in a household","Aged 70 to 74 years","Female",3093
"E07000134","North West Leicestershire","Lives in a household","Aged 75 to 79 years","Female",2219
"E07000134","North West Leicestershire","Lives in a household","Aged 80 to 84 years","Female",1393
"E07000134","North West Leicestershire","Lives in a household","Aged 85 years and over","Female",1280
"E07000135","Oadby and Wigston","Lives in a household","Total","Female",28782
"E07000135","Oadby and Wigston","Lives in a household","Aged 2 years and under","Female",762
"E07000135","Oadby and Wigston","Lives in a household","Aged 3 to 4 years","Female",600
"E07000135","Oadby and Wigston","Lives in a household","Aged 5 to 7 years","Female",1023
"E07000135","Oadby and Wigston","Lives in a household","Aged 8 to 9 years","Female",687
"E07000135","Oadby and Wigston","Lives in a household","Aged 10 to 14 years","Female",1735
"E07000135","Oadby and Wigston","Lives in a household","Aged 15 years","Female",346
"E07000135","Oadby and Wigston","Lives in a household","Aged 16 to 17 years","Female",633
"E07000135","Oadby and Wigston","Lives in a household","Aged 18 to 19 years","Female",514
"E07000135","Oadby and Wigston","Lives in a household","Aged 20 to 24 years","Female",1331
"E07000135","Oadby and Wigston","Lives in a household","Aged 25 to 29 years","Female",1542
"E07000135","Oadby and Wigston","Lives in a household","Aged 30 to 34 years","Female",1852
"E07000135","Oadby and Wigston","Lives in a household","Aged 35 to 39 years","Female",1853
"E07000135","Oadby and Wigston","Lives in a household","Aged 40 to 44 years","Female",1821
"E07000135","Oadby and Wigston","Lives in a household","Aged 45 to 49 years","Female",1750
"E07000135","Oadby and Wigston","Lives in a household","Aged 50 to 54 years","Female",1962
"E07000135","Oadby and Wigston","Lives in a household","Aged 55 to 59 years","Female",2070
"E07000135","Oadby and Wigston","Lives in a household","Aged 60 to 64 years","Female",1764
"E07000135","Oadby and Wigston","Lives in a household","Aged 65 years","Female",292
"E07000135","Oadby and Wigston","Lives in a household","Aged 66 to 69 years","Female",1226
"E07000135","Oadby and Wigston","Lives in a household","Aged 70 to 74 years","Female",1628
"E07000135","Oadby and Wigston","Lives in a household","Aged 75 to 79 years","Female",1273
"E07000135","Oadby and Wigston","Lives in a household","Aged 80 to 84 years","Female",1007
"E07000135","Oadby and Wigston","Lives in a household","Aged 85 years and over","Female",1111
"E07000136","Boston","Lives in a household","Total","Female",35509
"E07000136","Boston","Lives in a household","Aged 2 years and under","Female",953
"E07000136","Boston","Lives in a household","Aged 3 to 4 years","Female",771
"E07000136","Boston","Lives in a household","Aged 5 to 7 years","Female",1182
"E07000136","Boston","Lives in a household","Aged 8 to 9 years","Female",853
"E07000136","Boston","Lives in a household","Aged 10 to 14 years","Female",2084
"E07000136","Boston","Lives in a household","Aged 15 years","Female",434
"E07000136","Boston","Lives in a household","Aged 16 to 17 years","Female",755
"E07000136","Boston","Lives in a household","Aged 18 to 19 years","Female",653
"E07000136","Boston","Lives in a household","Aged 20 to 24 years","Female",1751
"E07000136","Boston","Lives in a household","Aged 25 to 29 years","Female",2145
"E07000136","Boston","Lives in a household","Aged 30 to 34 years","Female",2431
"E07000136","Boston","Lives in a household","Aged 35 to 39 years","Female",2354
"E07000136","Boston","Lives in a household","Aged 40 to 44 years","Female",2150
"E07000136","Boston","Lives in a household","Aged 45 to 49 years","Female",2343
"E07000136","Boston","Lives in a household","Aged 50 to 54 years","Female",2537
"E07000136","Boston","Lives in a household","Aged 55 to 59 years","Female",2497
"E07000136","Boston","Lives in a household","Aged 60 to 64 years","Female",2179
"E07000136","Boston","Lives in a household","Aged 65 years","Female",427
"E07000136","Boston","Lives in a household","Aged 66 to 69 years","Female",1521
"E07000136","Boston","Lives in a household","Aged 70 to 74 years","Female",1954
"E07000136","Boston","Lives in a household","Aged 75 to 79 years","Female",1460
"E07000136","Boston","Lives in a household","Aged 80 to 84 years","Female",1066
"E07000136","Boston","Lives in a household","Aged 85 years and over","Female",1009
"E07000137","East Lindsey","Lives in a household","Total","Female",71650
"E07000137","East Lindsey","Lives in a household","Aged 2 years and under","Female",1552
"E07000137","East Lindsey","Lives in a household","Aged 3 to 4 years","Female",1158
"E07000137","East Lindsey","Lives in a household","Aged 5 to 7 years","Female",1840
"E07000137","East Lindsey","Lives in a household","Aged 8 to 9 years","Female",1357
"E07000137","East Lindsey","Lives in a household","Aged 10 to 14 years","Female",3607
"E07000137","East Lindsey","Lives in a household","Aged 15 years","Female",729
"E07000137","East Lindsey","Lives in a household","Aged 16 to 17 years","Female",1344
"E07000137","East Lindsey","Lives in a household","Aged 18 to 19 years","Female",975
"E07000137","East Lindsey","Lives in a household","Aged 20 to 24 years","Female",2791
"E07000137","East Lindsey","Lives in a household","Aged 25 to 29 years","Female",3185
"E07000137","East Lindsey","Lives in a household","Aged 30 to 34 years","Female",3481
"E07000137","East Lindsey","Lives in a household","Aged 35 to 39 years","Female",3241
"E07000137","East Lindsey","Lives in a household","Aged 40 to 44 years","Female",3283
"E07000137","East Lindsey","Lives in a household","Aged 45 to 49 years","Female",4060
"E07000137","East Lindsey","Lives in a household","Aged 50 to 54 years","Female",5317
"E07000137","East Lindsey","Lives in a household","Aged 55 to 59 years","Female",6049
"E07000137","East Lindsey","Lives in a household","Aged 60 to 64 years","Female",5879
"E07000137","East Lindsey","Lives in a household","Aged 65 years","Female",1202
"E07000137","East Lindsey","Lives in a household","Aged 66 to 69 years","Female",4477
"E07000137","East Lindsey","Lives in a household","Aged 70 to 74 years","Female",6221
"E07000137","East Lindsey","Lives in a household","Aged 75 to 79 years","Female",4551
"E07000137","East Lindsey","Lives in a household","Aged 80 to 84 years","Female",2916
"E07000137","East Lindsey","Lives in a household","Aged 85 years and over","Female",2435
"E07000138","Lincoln","Lives in a household","Total","Female",48586
"E07000138","Lincoln","Lives in a household","Aged 2 years and under","Female",1467
"E07000138","Lincoln","Lives in a household","Aged 3 to 4 years","Female",990
"E07000138","Lincoln","Lives in a household","Aged 5 to 7 years","Female",1603
"E07000138","Lincoln","Lives in a household","Aged 8 to 9 years","Female",1020
"E07000138","Lincoln","Lives in a household","Aged 10 to 14 years","Female",2493
"E07000138","Lincoln","Lives in a household","Aged 15 years","Female",450
"E07000138","Lincoln","Lives in a household","Aged 16 to 17 years","Female",933
"E07000138","Lincoln","Lives in a household","Aged 18 to 19 years","Female",1327
"E07000138","Lincoln","Lives in a household","Aged 20 to 24 years","Female",5807
"E07000138","Lincoln","Lives in a household","Aged 25 to 29 years","Female",3827
"E07000138","Lincoln","Lives in a household","Aged 30 to 34 years","Female",3725
"E07000138","Lincoln","Lives in a household","Aged 35 to 39 years","Female",3163
"E07000138","Lincoln","Lives in a household","Aged 40 to 44 years","Female",2895
"E07000138","Lincoln","Lives in a household","Aged 45 to 49 years","Female",2685
"E07000138","Lincoln","Lives in a household","Aged 50 to 54 years","Female",2946
"E07000138","Lincoln","Lives in a household","Aged 55 to 59 years","Female",3049
"E07000138","Lincoln","Lives in a household","Aged 60 to 64 years","Female",2477
"E07000138","Lincoln","Lives in a household","Aged 65 years","Female",416
"E07000138","Lincoln","Lives in a household","Aged 66 to 69 years","Female",1684
"E07000138","Lincoln","Lives in a household","Aged 70 to 74 years","Female",2016
"E07000138","Lincoln","Lives in a household","Aged 75 to 79 years","Female",1494
"E07000138","Lincoln","Lives in a household","Aged 80 to 84 years","Female",1079
"E07000138","Lincoln","Lives in a household","Aged 85 years and over","Female",1040
"E07000139","North Kesteven","Lives in a household","Total","Female",59527
"E07000139","North Kesteven","Lives in a household","Aged 2 years and under","Female",1553
"E07000139","North Kesteven","Lives in a household","Aged 3 to 4 years","Female",1147
"E07000139","North Kesteven","Lives in a household","Aged 5 to 7 years","Female",1889
"E07000139","North Kesteven","Lives in a household","Aged 8 to 9 years","Female",1380
"E07000139","North Kesteven","Lives in a household","Aged 10 to 14 years","Female",3358
"E07000139","North Kesteven","Lives in a household","Aged 15 years","Female",633
"E07000139","North Kesteven","Lives in a household","Aged 16 to 17 years","Female",1262
"E07000139","North Kesteven","Lives in a household","Aged 18 to 19 years","Female",903
"E07000139","North Kesteven","Lives in a household","Aged 20 to 24 years","Female",2474
"E07000139","North Kesteven","Lives in a household","Aged 25 to 29 years","Female",3224
"E07000139","North Kesteven","Lives in a household","Aged 30 to 34 years","Female",3600
"E07000139","North Kesteven","Lives in a household","Aged 35 to 39 years","Female",3544
"E07000139","North Kesteven","Lives in a household","Aged 40 to 44 years","Female",3348
"E07000139","North Kesteven","Lives in a household","Aged 45 to 49 years","Female",3846
"E07000139","North Kesteven","Lives in a household","Aged 50 to 54 years","Female",4668
"E07000139","North Kesteven","Lives in a household","Aged 55 to 59 years","Female",4541
"E07000139","North Kesteven","Lives in a household","Aged 60 to 64 years","Female",3881
"E07000139","North Kesteven","Lives in a household","Aged 65 years","Female",628
"E07000139","North Kesteven","Lives in a household","Aged 66 to 69 years","Female",2729
"E07000139","North Kesteven","Lives in a household","Aged 70 to 74 years","Female",3998
"E07000139","North Kesteven","Lives in a household","Aged 75 to 79 years","Female",3024
"E07000139","North Kesteven","Lives in a household","Aged 80 to 84 years","Female",2116
"E07000139","North Kesteven","Lives in a household","Aged 85 years and over","Female",1781
"E07000140","South Holland","Lives in a household","Total","Female",47841
"E07000140","South Holland","Lives in a household","Aged 2 years and under","Female",1319
"E07000140","South Holland","Lives in a household","Aged 3 to 4 years","Female",913
"E07000140","South Holland","Lives in a household","Aged 5 to 7 years","Female",1519
"E07000140","South Holland","Lives in a household","Aged 8 to 9 years","Female",1059
"E07000140","South Holland","Lives in a household","Aged 10 to 14 years","Female",2477
"E07000140","South Holland","Lives in a household","Aged 15 years","Female",525
"E07000140","South Holland","Lives in a household","Aged 16 to 17 years","Female",911
"E07000140","South Holland","Lives in a household","Aged 18 to 19 years","Female",786
"E07000140","South Holland","Lives in a household","Aged 20 to 24 years","Female",2213
"E07000140","South Holland","Lives in a household","Aged 25 to 29 years","Female",2647
"E07000140","South Holland","Lives in a household","Aged 30 to 34 years","Female",2917
"E07000140","South Holland","Lives in a household","Aged 35 to 39 years","Female",2800
"E07000140","South Holland","Lives in a household","Aged 40 to 44 years","Female",2702
"E07000140","South Holland","Lives in a household","Aged 45 to 49 years","Female",3153
"E07000140","South Holland","Lives in a household","Aged 50 to 54 years","Female",3503
"E07000140","South Holland","Lives in a household","Aged 55 to 59 years","Female",3634
"E07000140","South Holland","Lives in a household","Aged 60 to 64 years","Female",3104
"E07000140","South Holland","Lives in a household","Aged 65 years","Female",578
"E07000140","South Holland","Lives in a household","Aged 66 to 69 years","Female",2330
"E07000140","South Holland","Lives in a household","Aged 70 to 74 years","Female",3166
"E07000140","South Holland","Lives in a household","Aged 75 to 79 years","Female",2361
"E07000140","South Holland","Lives in a household","Aged 80 to 84 years","Female",1677
"E07000140","South Holland","Lives in a household","Aged 85 years and over","Female",1547
"E07000141","South Kesteven","Lives in a household","Total","Female",73141
"E07000141","South Kesteven","Lives in a household","Aged 2 years and under","Female",1866
"E07000141","South Kesteven","Lives in a household","Aged 3 to 4 years","Female",1405
"E07000141","South Kesteven","Lives in a household","Aged 5 to 7 years","Female",2304
"E07000141","South Kesteven","Lives in a household","Aged 8 to 9 years","Female",1653
"E07000141","South Kesteven","Lives in a household","Aged 10 to 14 years","Female",4396
"E07000141","South Kesteven","Lives in a household","Aged 15 years","Female",803
"E07000141","South Kesteven","Lives in a household","Aged 16 to 17 years","Female",1571
"E07000141","South Kesteven","Lives in a household","Aged 18 to 19 years","Female",1201
"E07000141","South Kesteven","Lives in a household","Aged 20 to 24 years","Female",3014
"E07000141","South Kesteven","Lives in a household","Aged 25 to 29 years","Female",3852
"E07000141","South Kesteven","Lives in a household","Aged 30 to 34 years","Female",4173
"E07000141","South Kesteven","Lives in a household","Aged 35 to 39 years","Female",4304
"E07000141","South Kesteven","Lives in a household","Aged 40 to 44 years","Female",4434
"E07000141","South Kesteven","Lives in a household","Aged 45 to 49 years","Female",4921
"E07000141","South Kesteven","Lives in a household","Aged 50 to 54 years","Female",5562
"E07000141","South Kesteven","Lives in a household","Aged 55 to 59 years","Female",5548
"E07000141","South Kesteven","Lives in a household","Aged 60 to 64 years","Female",4950
"E07000141","South Kesteven","Lives in a household","Aged 65 years","Female",856
"E07000141","South Kesteven","Lives in a household","Aged 66 to 69 years","Female",3599
"E07000141","South Kesteven","Lives in a household","Aged 70 to 74 years","Female",4761
"E07000141","South Kesteven","Lives in a household","Aged 75 to 79 years","Female",3565
"E07000141","South Kesteven","Lives in a household","Aged 80 to 84 years","Female",2274
"E07000141","South Kesteven","Lives in a household","Aged 85 years and over","Female",2129
"E07000142","West Lindsey","Lives in a household","Total","Female",47873
"E07000142","West Lindsey","Lives in a household","Aged 2 years and under","Female",1155
"E07000142","West Lindsey","Lives in a household","Aged 3 to 4 years","Female",920
"E07000142","West Lindsey","Lives in a household","Aged 5 to 7 years","Female",1543
"E07000142","West Lindsey","Lives in a household","Aged 8 to 9 years","Female",1061
"E07000142","West Lindsey","Lives in a household","Aged 10 to 14 years","Female",2566
"E07000142","West Lindsey","Lives in a household","Aged 15 years","Female",509
"E07000142","West Lindsey","Lives in a household","Aged 16 to 17 years","Female",966
"E07000142","West Lindsey","Lives in a household","Aged 18 to 19 years","Female",693
"E07000142","West Lindsey","Lives in a household","Aged 20 to 24 years","Female",1951
"E07000142","West Lindsey","Lives in a household","Aged 25 to 29 years","Female",2460
"E07000142","West Lindsey","Lives in a household","Aged 30 to 34 years","Female",2625
"E07000142","West Lindsey","Lives in a household","Aged 35 to 39 years","Female",2691
"E07000142","West Lindsey","Lives in a household","Aged 40 to 44 years","Female",2574
"E07000142","West Lindsey","Lives in a household","Aged 45 to 49 years","Female",2929
"E07000142","West Lindsey","Lives in a household","Aged 50 to 54 years","Female",3665
"E07000142","West Lindsey","Lives in a household","Aged 55 to 59 years","Female",3895
"E07000142","West Lindsey","Lives in a household","Aged 60 to 64 years","Female",3506
"E07000142","West Lindsey","Lives in a household","Aged 65 years","Female",682
"E07000142","West Lindsey","Lives in a household","Aged 66 to 69 years","Female",2546
"E07000142","West Lindsey","Lives in a household","Aged 70 to 74 years","Female",3379
"E07000142","West Lindsey","Lives in a household","Aged 75 to 79 years","Female",2554
"E07000142","West Lindsey","Lives in a household","Aged 80 to 84 years","Female",1628
"E07000142","West Lindsey","Lives in a household","Aged 85 years and over","Female",1375
"E07000170","Ashfield","Lives in a household","Total","Female",63798
"E07000170","Ashfield","Lives in a household","Aged 2 years and under","Female",1892
"E07000170","Ashfield","Lives in a household","Aged 3 to 4 years","Female",1374
"E07000170","Ashfield","Lives in a household","Aged 5 to 7 years","Female",2195
"E07000170","Ashfield","Lives in a household","Aged 8 to 9 years","Female",1507
"E07000170","Ashfield","Lives in a household","Aged 10 to 14 years","Female",3750
"E07000170","Ashfield","Lives in a household","Aged 15 years","Female",657
"E07000170","Ashfield","Lives in a household","Aged 16 to 17 years","Female",1312
"E07000170","Ashfield","Lives in a household","Aged 18 to 19 years","Female",1198
"E07000170","Ashfield","Lives in a household","Aged 20 to 24 years","Female",3167
"E07000170","Ashfield","Lives in a household","Aged 25 to 29 years","Female",4144
"E07000170","Ashfield","Lives in a household","Aged 30 to 34 years","Female",4513
"E07000170","Ashfield","Lives in a household","Aged 35 to 39 years","Female",4045
"E07000170","Ashfield","Lives in a household","Aged 40 to 44 years","Female",3825
"E07000170","Ashfield","Lives in a household","Aged 45 to 49 years","Female",4107
"E07000170","Ashfield","Lives in a household","Aged 50 to 54 years","Female",4794
"E07000170","Ashfield","Lives in a household","Aged 55 to 59 years","Female",4577
"E07000170","Ashfield","Lives in a household","Aged 60 to 64 years","Female",3812
"E07000170","Ashfield","Lives in a household","Aged 65 years","Female",702
"E07000170","Ashfield","Lives in a household","Aged 66 to 69 years","Female",2683
"E07000170","Ashfield","Lives in a household","Aged 70 to 74 years","Female",3429
"E07000170","Ashfield","Lives in a household","Aged 75 to 79 years","Female",2792
"E07000170","Ashfield","Lives in a household","Aged 80 to 84 years","Female",1824
"E07000170","Ashfield","Lives in a household","Aged 85 years and over","Female",1499
"E07000171","Bassetlaw","Lives in a household","Total","Female",58702
"E07000171","Bassetlaw","Lives in a household","Aged 2 years and under","Female",1722
"E07000171","Bassetlaw","Lives in a household","Aged 3 to 4 years","Female",1230
"E07000171","Bassetlaw","Lives in a household","Aged 5 to 7 years","Female",1840
"E07000171","Bassetlaw","Lives in a household","Aged 8 to 9 years","Female",1364
"E07000171","Bassetlaw","Lives in a household","Aged 10 to 14 years","Female",3214
"E07000171","Bassetlaw","Lives in a household","Aged 15 years","Female",594
"E07000171","Bassetlaw","Lives in a household","Aged 16 to 17 years","Female",1189
"E07000171","Bassetlaw","Lives in a household","Aged 18 to 19 years","Female",976
"E07000171","Bassetlaw","Lives in a household","Aged 20 to 24 years","Female",2729
"E07000171","Bassetlaw","Lives in a household","Aged 25 to 29 years","Female",3451
"E07000171","Bassetlaw","Lives in a household","Aged 30 to 34 years","Female",3548
"E07000171","Bassetlaw","Lives in a household","Aged 35 to 39 years","Female",3418
"E07000171","Bassetlaw","Lives in a household","Aged 40 to 44 years","Female",3318
"E07000171","Bassetlaw","Lives in a household","Aged 45 to 49 years","Female",3794
"E07000171","Bassetlaw","Lives in a household","Aged 50 to 54 years","Female",4480
"E07000171","Bassetlaw","Lives in a household","Aged 55 to 59 years","Female",4608
"E07000171","Bassetlaw","Lives in a household","Aged 60 to 64 years","Female",3941
"E07000171","Bassetlaw","Lives in a household","Aged 65 years","Female",698
"E07000171","Bassetlaw","Lives in a household","Aged 66 to 69 years","Female",2752
"E07000171","Bassetlaw","Lives in a household","Aged 70 to 74 years","Female",3717
"E07000171","Bassetlaw","Lives in a household","Aged 75 to 79 years","Female",2742
"E07000171","Bassetlaw","Lives in a household","Aged 80 to 84 years","Female",1824
"E07000171","Bassetlaw","Lives in a household","Aged 85 years and over","Female",1553
"E07000172","Broxtowe","Lives in a household","Total","Female",55368
"E07000172","Broxtowe","Lives in a household","Aged 2 years and under","Female",1468
"E07000172","Broxtowe","Lives in a household","Aged 3 to 4 years","Female",1111
"E07000172","Broxtowe","Lives in a household","Aged 5 to 7 years","Female",1705
"E07000172","Broxtowe","Lives in a household","Aged 8 to 9 years","Female",1249
"E07000172","Broxtowe","Lives in a household","Aged 10 to 14 years","Female",2885
"E07000172","Broxtowe","Lives in a household","Aged 15 years","Female",505
"E07000172","Broxtowe","Lives in a household","Aged 16 to 17 years","Female",1043
"E07000172","Broxtowe","Lives in a household","Aged 18 to 19 years","Female",868
"E07000172","Broxtowe","Lives in a household","Aged 20 to 24 years","Female",2967
"E07000172","Broxtowe","Lives in a household","Aged 25 to 29 years","Female",3537
"E07000172","Broxtowe","Lives in a household","Aged 30 to 34 years","Female",3797
"E07000172","Broxtowe","Lives in a household","Aged 35 to 39 years","Female",3561
"E07000172","Broxtowe","Lives in a household","Aged 40 to 44 years","Female",3312
"E07000172","Broxtowe","Lives in a household","Aged 45 to 49 years","Female",3386
"E07000172","Broxtowe","Lives in a household","Aged 50 to 54 years","Female",3860
"E07000172","Broxtowe","Lives in a household","Aged 55 to 59 years","Female",4078
"E07000172","Broxtowe","Lives in a household","Aged 60 to 64 years","Female",3483
"E07000172","Broxtowe","Lives in a household","Aged 65 years","Female",588
"E07000172","Broxtowe","Lives in a household","Aged 66 to 69 years","Female",2472
"E07000172","Broxtowe","Lives in a household","Aged 70 to 74 years","Female",3499
"E07000172","Broxtowe","Lives in a household","Aged 75 to 79 years","Female",2556
"E07000172","Broxtowe","Lives in a household","Aged 80 to 84 years","Female",1774
"E07000172","Broxtowe","Lives in a household","Aged 85 years and over","Female",1664
"E07000173","Gedling","Lives in a household","Total","Female",59972
"E07000173","Gedling","Lives in a household","Aged 2 years and under","Female",1716
"E07000173","Gedling","Lives in a household","Aged 3 to 4 years","Female",1200
"E07000173","Gedling","Lives in a household","Aged 5 to 7 years","Female",1968
"E07000173","Gedling","Lives in a household","Aged 8 to 9 years","Female",1347
"E07000173","Gedling","Lives in a household","Aged 10 to 14 years","Female",3228
"E07000173","Gedling","Lives in a household","Aged 15 years","Female",646
"E07000173","Gedling","Lives in a household","Aged 16 to 17 years","Female",1208
"E07000173","Gedling","Lives in a household","Aged 18 to 19 years","Female",905
"E07000173","Gedling","Lives in a household","Aged 20 to 24 years","Female",2622
"E07000173","Gedling","Lives in a household","Aged 25 to 29 years","Female",3560
"E07000173","Gedling","Lives in a household","Aged 30 to 34 years","Female",4063
"E07000173","Gedling","Lives in a household","Aged 35 to 39 years","Female",3915
"E07000173","Gedling","Lives in a household","Aged 40 to 44 years","Female",3747
"E07000173","Gedling","Lives in a household","Aged 45 to 49 years","Female",3819
"E07000173","Gedling","Lives in a household","Aged 50 to 54 years","Female",4462
"E07000173","Gedling","Lives in a household","Aged 55 to 59 years","Female",4427
"E07000173","Gedling","Lives in a household","Aged 60 to 64 years","Female",3766
"E07000173","Gedling","Lives in a household","Aged 65 years","Female",693
"E07000173","Gedling","Lives in a household","Aged 66 to 69 years","Female",2722
"E07000173","Gedling","Lives in a household","Aged 70 to 74 years","Female",3564
"E07000173","Gedling","Lives in a household","Aged 75 to 79 years","Female",2629
"E07000173","Gedling","Lives in a household","Aged 80 to 84 years","Female",1932
"E07000173","Gedling","Lives in a household","Aged 85 years and over","Female",1833
"E07000174","Mansfield","Lives in a household","Total","Female",55609
"E07000174","Mansfield","Lives in a household","Aged 2 years and under","Female",1665
"E07000174","Mansfield","Lives in a household","Aged 3 to 4 years","Female",1254
"E07000174","Mansfield","Lives in a household","Aged 5 to 7 years","Female",1871
"E07000174","Mansfield","Lives in a household","Aged 8 to 9 years","Female",1356
"E07000174","Mansfield","Lives in a household","Aged 10 to 14 years","Female",3229
"E07000174","Mansfield","Lives in a household","Aged 15 years","Female",615
"E07000174","Mansfield","Lives in a household","Aged 16 to 17 years","Female",1099
"E07000174","Mansfield","Lives in a household","Aged 18 to 19 years","Female",885
"E07000174","Mansfield","Lives in a household","Aged 20 to 24 years","Female",2765
"E07000174","Mansfield","Lives in a household","Aged 25 to 29 years","Female",3615
"E07000174","Mansfield","Lives in a household","Aged 30 to 34 years","Female",4032
"E07000174","Mansfield","Lives in a household","Aged 35 to 39 years","Female",3816
"E07000174","Mansfield","Lives in a household","Aged 40 to 44 years","Female",3269
"E07000174","Mansfield","Lives in a household","Aged 45 to 49 years","Female",3373
"E07000174","Mansfield","Lives in a household","Aged 50 to 54 years","Female",3990
"E07000174","Mansfield","Lives in a household","Aged 55 to 59 years","Female",4146
"E07000174","Mansfield","Lives in a household","Aged 60 to 64 years","Female",3528
"E07000174","Mansfield","Lives in a household","Aged 65 years","Female",640
"E07000174","Mansfield","Lives in a household","Aged 66 to 69 years","Female",2358
"E07000174","Mansfield","Lives in a household","Aged 70 to 74 years","Female",2900
"E07000174","Mansfield","Lives in a household","Aged 75 to 79 years","Female",2284
"E07000174","Mansfield","Lives in a household","Aged 80 to 84 years","Female",1522
"E07000174","Mansfield","Lives in a household","Aged 85 years and over","Female",1397
"E07000175","Newark and Sherwood","Lives in a household","Total","Female",61487
"E07000175","Newark and Sherwood","Lives in a household","Aged 2 years and under","Female",1733
"E07000175","Newark and Sherwood","Lives in a household","Aged 3 to 4 years","Female",1230
"E07000175","Newark and Sherwood","Lives in a household","Aged 5 to 7 years","Female",1956
"E07000175","Newark and Sherwood","Lives in a household","Aged 8 to 9 years","Female",1348
"E07000175","Newark and Sherwood","Lives in a household","Aged 10 to 14 years","Female",3417
"E07000175","Newark and Sherwood","Lives in a household","Aged 15 years","Female",650
"E07000175","Newark and Sherwood","Lives in a household","Aged 16 to 17 years","Female",1290
"E07000175","Newark and Sherwood","Lives in a household","Aged 18 to 19 years","Female",959
"E07000175","Newark and Sherwood","Lives in a household","Aged 20 to 24 years","Female",2803
"E07000175","Newark and Sherwood","Lives in a household","Aged 25 to 29 years","Female",3543
"E07000175","Newark and Sherwood","Lives in a household","Aged 30 to 34 years","Female",3765
"E07000175","Newark and Sherwood","Lives in a household","Aged 35 to 39 years","Female",3630
"E07000175","Newark and Sherwood","Lives in a household","Aged 40 to 44 years","Female",3425
"E07000175","Newark and Sherwood","Lives in a household","Aged 45 to 49 years","Female",3911
"E07000175","Newark and Sherwood","Lives in a household","Aged 50 to 54 years","Female",4595
"E07000175","Newark and Sherwood","Lives in a household","Aged 55 to 59 years","Female",4696
"E07000175","Newark and Sherwood","Lives in a household","Aged 60 to 64 years","Female",4197
"E07000175","Newark and Sherwood","Lives in a household","Aged 65 years","Female",747
"E07000175","Newark and Sherwood","Lives in a household","Aged 66 to 69 years","Female",2927
"E07000175","Newark and Sherwood","Lives in a household","Aged 70 to 74 years","Female",3938
"E07000175","Newark and Sherwood","Lives in a household","Aged 75 to 79 years","Female",2956
"E07000175","Newark and Sherwood","Lives in a household","Aged 80 to 84 years","Female",1960
"E07000175","Newark and Sherwood","Lives in a household","Aged 85 years and over","Female",1811
"E07000176","Rushcliffe","Lives in a household","Total","Female",59529
"E07000176","Rushcliffe","Lives in a household","Aged 2 years and under","Female",1634
"E07000176","Rushcliffe","Lives in a household","Aged 3 to 4 years","Female",1195
"E07000176","Rushcliffe","Lives in a household","Aged 5 to 7 years","Female",1955
"E07000176","Rushcliffe","Lives in a household","Aged 8 to 9 years","Female",1327
"E07000176","Rushcliffe","Lives in a household","Aged 10 to 14 years","Female",3616
"E07000176","Rushcliffe","Lives in a household","Aged 15 years","Female",605
"E07000176","Rushcliffe","Lives in a household","Aged 16 to 17 years","Female",1283
"E07000176","Rushcliffe","Lives in a household","Aged 18 to 19 years","Female",934
"E07000176","Rushcliffe","Lives in a household","Aged 20 to 24 years","Female",2937
"E07000176","Rushcliffe","Lives in a household","Aged 25 to 29 years","Female",3009
"E07000176","Rushcliffe","Lives in a household","Aged 30 to 34 years","Female",3486
"E07000176","Rushcliffe","Lives in a household","Aged 35 to 39 years","Female",3837
"E07000176","Rushcliffe","Lives in a household","Aged 40 to 44 years","Female",3978
"E07000176","Rushcliffe","Lives in a household","Aged 45 to 49 years","Female",3972
"E07000176","Rushcliffe","Lives in a household","Aged 50 to 54 years","Female",4396
"E07000176","Rushcliffe","Lives in a household","Aged 55 to 59 years","Female",4321
"E07000176","Rushcliffe","Lives in a household","Aged 60 to 64 years","Female",3606
"E07000176","Rushcliffe","Lives in a household","Aged 65 years","Female",688
"E07000176","Rushcliffe","Lives in a household","Aged 66 to 69 years","Female",2635
"E07000176","Rushcliffe","Lives in a household","Aged 70 to 74 years","Female",3497
"E07000176","Rushcliffe","Lives in a household","Aged 75 to 79 years","Female",2746
"E07000176","Rushcliffe","Lives in a household","Aged 80 to 84 years","Female",1840
"E07000176","Rushcliffe","Lives in a household","Aged 85 years and over","Female",2032
"E06000019","Herefordshire, County of","Lives in a household","Total","Female",93931
"E06000019","Herefordshire, County of","Lives in a household","Aged 2 years and under","Female",2363
"E06000019","Herefordshire, County of","Lives in a household","Aged 3 to 4 years","Female",1725
"E06000019","Herefordshire, County of","Lives in a household","Aged 5 to 7 years","Female",2565
"E06000019","Herefordshire, County of","Lives in a household","Aged 8 to 9 years","Female",1944
"E06000019","Herefordshire, County of","Lives in a household","Aged 10 to 14 years","Female",4831
"E06000019","Herefordshire, County of","Lives in a household","Aged 15 years","Female",852
"E06000019","Herefordshire, County of","Lives in a household","Aged 16 to 17 years","Female",1909
"E06000019","Herefordshire, County of","Lives in a household","Aged 18 to 19 years","Female",1515
"E06000019","Herefordshire, County of","Lives in a household","Aged 20 to 24 years","Female",3856
"E06000019","Herefordshire, County of","Lives in a household","Aged 25 to 29 years","Female",4791
"E06000019","Herefordshire, County of","Lives in a household","Aged 30 to 34 years","Female",5349
"E06000019","Herefordshire, County of","Lives in a household","Aged 35 to 39 years","Female",5186
"E06000019","Herefordshire, County of","Lives in a household","Aged 40 to 44 years","Female",4984
"E06000019","Herefordshire, County of","Lives in a household","Aged 45 to 49 years","Female",5707
"E06000019","Herefordshire, County of","Lives in a household","Aged 50 to 54 years","Female",7003
"E06000019","Herefordshire, County of","Lives in a household","Aged 55 to 59 years","Female",7502
"E06000019","Herefordshire, County of","Lives in a household","Aged 60 to 64 years","Female",6930
"E06000019","Herefordshire, County of","Lives in a household","Aged 65 years","Female",1300
"E06000019","Herefordshire, County of","Lives in a household","Aged 66 to 69 years","Female",5101
"E06000019","Herefordshire, County of","Lives in a household","Aged 70 to 74 years","Female",6609
"E06000019","Herefordshire, County of","Lives in a household","Aged 75 to 79 years","Female",4984
"E06000019","Herefordshire, County of","Lives in a household","Aged 80 to 84 years","Female",3492
"E06000019","Herefordshire, County of","Lives in a household","Aged 85 years and over","Female",3433
"E06000020","Telford and Wrekin","Lives in a household","Total","Female",93139
"E06000020","Telford and Wrekin","Lives in a household","Aged 2 years and under","Female",3014
"E06000020","Telford and Wrekin","Lives in a household","Aged 3 to 4 years","Female",2112
"E06000020","Telford and Wrekin","Lives in a household","Aged 5 to 7 years","Female",3361
"E06000020","Telford and Wrekin","Lives in a household","Aged 8 to 9 years","Female",2408
"E06000020","Telford and Wrekin","Lives in a household","Aged 10 to 14 years","Female",5902
"E06000020","Telford and Wrekin","Lives in a household","Aged 15 years","Female",1108
"E06000020","Telford and Wrekin","Lives in a household","Aged 16 to 17 years","Female",2195
"E06000020","Telford and Wrekin","Lives in a household","Aged 18 to 19 years","Female",1792
"E06000020","Telford and Wrekin","Lives in a household","Aged 20 to 24 years","Female",5270
"E06000020","Telford and Wrekin","Lives in a household","Aged 25 to 29 years","Female",6022
"E06000020","Telford and Wrekin","Lives in a household","Aged 30 to 34 years","Female",6625
"E06000020","Telford and Wrekin","Lives in a household","Aged 35 to 39 years","Female",6083
"E06000020","Telford and Wrekin","Lives in a household","Aged 40 to 44 years","Female",5775
"E06000020","Telford and Wrekin","Lives in a household","Aged 45 to 49 years","Female",6038
"E06000020","Telford and Wrekin","Lives in a household","Aged 50 to 54 years","Female",6787
"E06000020","Telford and Wrekin","Lives in a household","Aged 55 to 59 years","Female",6356
"E06000020","Telford and Wrekin","Lives in a household","Aged 60 to 64 years","Female",5305
"E06000020","Telford and Wrekin","Lives in a household","Aged 65 years","Female",939
"E06000020","Telford and Wrekin","Lives in a household","Aged 66 to 69 years","Female",3720
"E06000020","Telford and Wrekin","Lives in a household","Aged 70 to 74 years","Female",4742
"E06000020","Telford and Wrekin","Lives in a household","Aged 75 to 79 years","Female",3391
"E06000020","Telford and Wrekin","Lives in a household","Aged 80 to 84 years","Female",2273
"E06000020","Telford and Wrekin","Lives in a household","Aged 85 years and over","Female",1921
"E06000021","Stoke-on-Trent","Lives in a household","Total","Female",128161
"E06000021","Stoke-on-Trent","Lives in a household","Aged 2 years and under","Female",4683
"E06000021","Stoke-on-Trent","Lives in a household","Aged 3 to 4 years","Female",3042
"E06000021","Stoke-on-Trent","Lives in a household","Aged 5 to 7 years","Female",4928
"E06000021","Stoke-on-Trent","Lives in a household","Aged 8 to 9 years","Female",3445
"E06000021","Stoke-on-Trent","Lives in a household","Aged 10 to 14 years","Female",8320
"E06000021","Stoke-on-Trent","Lives in a household","Aged 15 years","Female",1458
"E06000021","Stoke-on-Trent","Lives in a household","Aged 16 to 17 years","Female",2920
"E06000021","Stoke-on-Trent","Lives in a household","Aged 18 to 19 years","Female",2509
"E06000021","Stoke-on-Trent","Lives in a household","Aged 20 to 24 years","Female",7987
"E06000021","Stoke-on-Trent","Lives in a household","Aged 25 to 29 years","Female",8675
"E06000021","Stoke-on-Trent","Lives in a household","Aged 30 to 34 years","Female",9767
"E06000021","Stoke-on-Trent","Lives in a household","Aged 35 to 39 years","Female",8784
"E06000021","Stoke-on-Trent","Lives in a household","Aged 40 to 44 years","Female",7620
"E06000021","Stoke-on-Trent","Lives in a household","Aged 45 to 49 years","Female",7660
"E06000021","Stoke-on-Trent","Lives in a household","Aged 50 to 54 years","Female",8271
"E06000021","Stoke-on-Trent","Lives in a household","Aged 55 to 59 years","Female",8100
"E06000021","Stoke-on-Trent","Lives in a household","Aged 60 to 64 years","Female",7156
"E06000021","Stoke-on-Trent","Lives in a household","Aged 65 years","Female",1278
"E06000021","Stoke-on-Trent","Lives in a household","Aged 66 to 69 years","Female",4838
"E06000021","Stoke-on-Trent","Lives in a household","Aged 70 to 74 years","Female",6082
"E06000021","Stoke-on-Trent","Lives in a household","Aged 75 to 79 years","Female",4441
"E06000021","Stoke-on-Trent","Lives in a household","Aged 80 to 84 years","Female",3289
"E06000021","Stoke-on-Trent","Lives in a household","Aged 85 years and over","Female",2908
"E06000051","Shropshire","Lives in a household","Total","Female",161041
"E06000051","Shropshire","Lives in a household","Aged 2 years and under","Female",4015
"E06000051","Shropshire","Lives in a household","Aged 3 to 4 years","Female",3000
"E06000051","Shropshire","Lives in a household","Aged 5 to 7 years","Female",4579
"E06000051","Shropshire","Lives in a household","Aged 8 to 9 years","Female",3295
"E06000051","Shropshire","Lives in a household","Aged 10 to 14 years","Female",8240
"E06000051","Shropshire","Lives in a household","Aged 15 years","Female",1583
"E06000051","Shropshire","Lives in a household","Aged 16 to 17 years","Female",3295
"E06000051","Shropshire","Lives in a household","Aged 18 to 19 years","Female",2626
"E06000051","Shropshire","Lives in a household","Aged 20 to 24 years","Female",6885
"E06000051","Shropshire","Lives in a household","Aged 25 to 29 years","Female",8048
"E06000051","Shropshire","Lives in a household","Aged 30 to 34 years","Female",8915
"E06000051","Shropshire","Lives in a household","Aged 35 to 39 years","Female",8620
"E06000051","Shropshire","Lives in a household","Aged 40 to 44 years","Female",8403
"E06000051","Shropshire","Lives in a household","Aged 45 to 49 years","Female",10174
"E06000051","Shropshire","Lives in a household","Aged 50 to 54 years","Female",12479
"E06000051","Shropshire","Lives in a household","Aged 55 to 59 years","Female",12913
"E06000051","Shropshire","Lives in a household","Aged 60 to 64 years","Female",11638
"E06000051","Shropshire","Lives in a household","Aged 65 years","Female",2083
"E06000051","Shropshire","Lives in a household","Aged 66 to 69 years","Female",8477
"E06000051","Shropshire","Lives in a household","Aged 70 to 74 years","Female",11280
"E06000051","Shropshire","Lives in a household","Aged 75 to 79 years","Female",8827
"E06000051","Shropshire","Lives in a household","Aged 80 to 84 years","Female",6087
"E06000051","Shropshire","Lives in a household","Aged 85 years and over","Female",5579
"E07000192","Cannock Chase","Lives in a household","Total","Female",50705
"E07000192","Cannock Chase","Lives in a household","Aged 2 years and under","Female",1656
"E07000192","Cannock Chase","Lives in a household","Aged 3 to 4 years","Female",1066
"E07000192","Cannock Chase","Lives in a household","Aged 5 to 7 years","Female",1614
"E07000192","Cannock Chase","Lives in a household","Aged 8 to 9 years","Female",1172
"E07000192","Cannock Chase","Lives in a household","Aged 10 to 14 years","Female",2824
"E07000192","Cannock Chase","Lives in a household","Aged 15 years","Female",542
"E07000192","Cannock Chase","Lives in a household","Aged 16 to 17 years","Female",1019
"E07000192","Cannock Chase","Lives in a household","Aged 18 to 19 years","Female",827
"E07000192","Cannock Chase","Lives in a household","Aged 20 to 24 years","Female",2614
"E07000192","Cannock Chase","Lives in a household","Aged 25 to 29 years","Female",3454
"E07000192","Cannock Chase","Lives in a household","Aged 30 to 34 years","Female",3568
"E07000192","Cannock Chase","Lives in a household","Aged 35 to 39 years","Female",3263
"E07000192","Cannock Chase","Lives in a household","Aged 40 to 44 years","Female",2864
"E07000192","Cannock Chase","Lives in a household","Aged 45 to 49 years","Female",3224
"E07000192","Cannock Chase","Lives in a household","Aged 50 to 54 years","Female",3866
"E07000192","Cannock Chase","Lives in a household","Aged 55 to 59 years","Female",3753
"E07000192","Cannock Chase","Lives in a household","Aged 60 to 64 years","Female",3063
"E07000192","Cannock Chase","Lives in a household","Aged 65 years","Female",559
"E07000192","Cannock Chase","Lives in a household","Aged 66 to 69 years","Female",2171
"E07000192","Cannock Chase","Lives in a household","Aged 70 to 74 years","Female",2775
"E07000192","Cannock Chase","Lives in a household","Aged 75 to 79 years","Female",2086
"E07000192","Cannock Chase","Lives in a household","Aged 80 to 84 years","Female",1477
"E07000192","Cannock Chase","Lives in a household","Aged 85 years and over","Female",1248
"E07000193","East Staffordshire","Lives in a household","Total","Female",61394
"E07000193","East Staffordshire","Lives in a household","Aged 2 years and under","Female",1939
"E07000193","East Staffordshire","Lives in a household","Aged 3 to 4 years","Female",1377
"E07000193","East Staffordshire","Lives in a household","Aged 5 to 7 years","Female",2114
"E07000193","East Staffordshire","Lives in a household","Aged 8 to 9 years","Female",1518
"E07000193","East Staffordshire","Lives in a household","Aged 10 to 14 years","Female",3782
"E07000193","East Staffordshire","Lives in a household","Aged 15 years","Female",680
"E07000193","East Staffordshire","Lives in a household","Aged 16 to 17 years","Female",1369
"E07000193","East Staffordshire","Lives in a household","Aged 18 to 19 years","Female",1112
"E07000193","East Staffordshire","Lives in a household","Aged 20 to 24 years","Female",3125
"E07000193","East Staffordshire","Lives in a household","Aged 25 to 29 years","Female",3929
"E07000193","East Staffordshire","Lives in a household","Aged 30 to 34 years","Female",4248
"E07000193","East Staffordshire","Lives in a household","Aged 35 to 39 years","Female",3967
"E07000193","East Staffordshire","Lives in a household","Aged 40 to 44 years","Female",3702
"E07000193","East Staffordshire","Lives in a household","Aged 45 to 49 years","Female",3884
"E07000193","East Staffordshire","Lives in a household","Aged 50 to 54 years","Female",4505
"E07000193","East Staffordshire","Lives in a household","Aged 55 to 59 years","Female",4394
"E07000193","East Staffordshire","Lives in a household","Aged 60 to 64 years","Female",3738
"E07000193","East Staffordshire","Lives in a household","Aged 65 years","Female",609
"E07000193","East Staffordshire","Lives in a household","Aged 66 to 69 years","Female",2465
"E07000193","East Staffordshire","Lives in a household","Aged 70 to 74 years","Female",3204
"E07000193","East Staffordshire","Lives in a household","Aged 75 to 79 years","Female",2472
"E07000193","East Staffordshire","Lives in a household","Aged 80 to 84 years","Female",1677
"E07000193","East Staffordshire","Lives in a household","Aged 85 years and over","Female",1584
"E07000194","Lichfield","Lives in a household","Total","Female",53434
"E07000194","Lichfield","Lives in a household","Aged 2 years and under","Female",1515
"E07000194","Lichfield","Lives in a household","Aged 3 to 4 years","Female",1118
"E07000194","Lichfield","Lives in a household","Aged 5 to 7 years","Female",1624
"E07000194","Lichfield","Lives in a household","Aged 8 to 9 years","Female",1179
"E07000194","Lichfield","Lives in a household","Aged 10 to 14 years","Female",2804
"E07000194","Lichfield","Lives in a household","Aged 15 years","Female",551
"E07000194","Lichfield","Lives in a household","Aged 16 to 17 years","Female",1105
"E07000194","Lichfield","Lives in a household","Aged 18 to 19 years","Female",837
"E07000194","Lichfield","Lives in a household","Aged 20 to 24 years","Female",2232
"E07000194","Lichfield","Lives in a household","Aged 25 to 29 years","Female",3018
"E07000194","Lichfield","Lives in a household","Aged 30 to 34 years","Female",3065
"E07000194","Lichfield","Lives in a household","Aged 35 to 39 years","Female",3106
"E07000194","Lichfield","Lives in a household","Aged 40 to 44 years","Female",3112
"E07000194","Lichfield","Lives in a household","Aged 45 to 49 years","Female",3479
"E07000194","Lichfield","Lives in a household","Aged 50 to 54 years","Female",4066
"E07000194","Lichfield","Lives in a household","Aged 55 to 59 years","Female",3978
"E07000194","Lichfield","Lives in a household","Aged 60 to 64 years","Female",3387
"E07000194","Lichfield","Lives in a household","Aged 65 years","Female",659
"E07000194","Lichfield","Lives in a household","Aged 66 to 69 years","Female",2536
"E07000194","Lichfield","Lives in a household","Aged 70 to 74 years","Female",3569
"E07000194","Lichfield","Lives in a household","Aged 75 to 79 years","Female",3049
"E07000194","Lichfield","Lives in a household","Aged 80 to 84 years","Female",1926
"E07000194","Lichfield","Lives in a household","Aged 85 years and over","Female",1519
"E07000195","Newcastle-under-Lyme","Lives in a household","Total","Female",60886
"E07000195","Newcastle-under-Lyme","Lives in a household","Aged 2 years and under","Female",1668
"E07000195","Newcastle-under-Lyme","Lives in a household","Aged 3 to 4 years","Female",1164
"E07000195","Newcastle-under-Lyme","Lives in a household","Aged 5 to 7 years","Female",1851
"E07000195","Newcastle-under-Lyme","Lives in a household","Aged 8 to 9 years","Female",1325
"E07000195","Newcastle-under-Lyme","Lives in a household","Aged 10 to 14 years","Female",3150
"E07000195","Newcastle-under-Lyme","Lives in a household","Aged 15 years","Female",634
"E07000195","Newcastle-under-Lyme","Lives in a household","Aged 16 to 17 years","Female",1259
"E07000195","Newcastle-under-Lyme","Lives in a household","Aged 18 to 19 years","Female",1180
"E07000195","Newcastle-under-Lyme","Lives in a household","Aged 20 to 24 years","Female",3670
"E07000195","Newcastle-under-Lyme","Lives in a household","Aged 25 to 29 years","Female",3446
"E07000195","Newcastle-under-Lyme","Lives in a household","Aged 30 to 34 years","Female",3856
"E07000195","Newcastle-under-Lyme","Lives in a household","Aged 35 to 39 years","Female",3659
"E07000195","Newcastle-under-Lyme","Lives in a household","Aged 40 to 44 years","Female",3504
"E07000195","Newcastle-under-Lyme","Lives in a household","Aged 45 to 49 years","Female",3795
"E07000195","Newcastle-under-Lyme","Lives in a household","Aged 50 to 54 years","Female",4484
"E07000195","Newcastle-under-Lyme","Lives in a household","Aged 55 to 59 years","Female",4416
"E07000195","Newcastle-under-Lyme","Lives in a household","Aged 60 to 64 years","Female",3954
"E07000195","Newcastle-under-Lyme","Lives in a household","Aged 65 years","Female",732
"E07000195","Newcastle-under-Lyme","Lives in a household","Aged 66 to 69 years","Female",2761
"E07000195","Newcastle-under-Lyme","Lives in a household","Aged 70 to 74 years","Female",3721
"E07000195","Newcastle-under-Lyme","Lives in a household","Aged 75 to 79 years","Female",2748
"E07000195","Newcastle-under-Lyme","Lives in a household","Aged 80 to 84 years","Female",2019
"E07000195","Newcastle-under-Lyme","Lives in a household","Aged 85 years and over","Female",1890
"E07000196","South Staffordshire","Lives in a household","Total","Female",54696
"E07000196","South Staffordshire","Lives in a household","Aged 2 years and under","Female",1396
"E07000196","South Staffordshire","Lives in a household","Aged 3 to 4 years","Female",991
"E07000196","South Staffordshire","Lives in a household","Aged 5 to 7 years","Female",1623
"E07000196","South Staffordshire","Lives in a household","Aged 8 to 9 years","Female",1131
"E07000196","South Staffordshire","Lives in a household","Aged 10 to 14 years","Female",2766
"E07000196","South Staffordshire","Lives in a household","Aged 15 years","Female",517
"E07000196","South Staffordshire","Lives in a household","Aged 16 to 17 years","Female",1072
"E07000196","South Staffordshire","Lives in a household","Aged 18 to 19 years","Female",812
"E07000196","South Staffordshire","Lives in a household","Aged 20 to 24 years","Female",2397
"E07000196","South Staffordshire","Lives in a household","Aged 25 to 29 years","Female",2689
"E07000196","South Staffordshire","Lives in a household","Aged 30 to 34 years","Female",2919
"E07000196","South Staffordshire","Lives in a household","Aged 35 to 39 years","Female",3001
"E07000196","South Staffordshire","Lives in a household","Aged 40 to 44 years","Female",2844
"E07000196","South Staffordshire","Lives in a household","Aged 45 to 49 years","Female",3405
"E07000196","South Staffordshire","Lives in a household","Aged 50 to 54 years","Female",4207
"E07000196","South Staffordshire","Lives in a household","Aged 55 to 59 years","Female",4482
"E07000196","South Staffordshire","Lives in a household","Aged 60 to 64 years","Female",3985
"E07000196","South Staffordshire","Lives in a household","Aged 65 years","Female",723
"E07000196","South Staffordshire","Lives in a household","Aged 66 to 69 years","Female",2783
"E07000196","South Staffordshire","Lives in a household","Aged 70 to 74 years","Female",3747
"E07000196","South Staffordshire","Lives in a household","Aged 75 to 79 years","Female",3174
"E07000196","South Staffordshire","Lives in a household","Aged 80 to 84 years","Female",2117
"E07000196","South Staffordshire","Lives in a household","Aged 85 years and over","Female",1915
"E07000197","Stafford","Lives in a household","Total","Female",68323
"E07000197","Stafford","Lives in a household","Aged 2 years and under","Female",1938
"E07000197","Stafford","Lives in a household","Aged 3 to 4 years","Female",1371
"E07000197","Stafford","Lives in a household","Aged 5 to 7 years","Female",2107
"E07000197","Stafford","Lives in a household","Aged 8 to 9 years","Female",1454
"E07000197","Stafford","Lives in a household","Aged 10 to 14 years","Female",3810
"E07000197","Stafford","Lives in a household","Aged 15 years","Female",711
"E07000197","Stafford","Lives in a household","Aged 16 to 17 years","Female",1379
"E07000197","Stafford","Lives in a household","Aged 18 to 19 years","Female",1025
"E07000197","Stafford","Lives in a household","Aged 20 to 24 years","Female",3026
"E07000197","Stafford","Lives in a household","Aged 25 to 29 years","Female",3946
"E07000197","Stafford","Lives in a household","Aged 30 to 34 years","Female",4300
"E07000197","Stafford","Lives in a household","Aged 35 to 39 years","Female",4021
"E07000197","Stafford","Lives in a household","Aged 40 to 44 years","Female",4049
"E07000197","Stafford","Lives in a household","Aged 45 to 49 years","Female",4301
"E07000197","Stafford","Lives in a household","Aged 50 to 54 years","Female",5176
"E07000197","Stafford","Lives in a household","Aged 55 to 59 years","Female",5089
"E07000197","Stafford","Lives in a household","Aged 60 to 64 years","Female",4482
"E07000197","Stafford","Lives in a household","Aged 65 years","Female",780
"E07000197","Stafford","Lives in a household","Aged 66 to 69 years","Female",3216
"E07000197","Stafford","Lives in a household","Aged 70 to 74 years","Female",4307
"E07000197","Stafford","Lives in a household","Aged 75 to 79 years","Female",3485
"E07000197","Stafford","Lives in a household","Aged 80 to 84 years","Female",2324
"E07000197","Stafford","Lives in a household","Aged 85 years and over","Female",2026
"E07000198","Staffordshire Moorlands","Lives in a household","Total","Female",48008
"E07000198","Staffordshire Moorlands","Lives in a household","Aged 2 years and under","Female",1188
"E07000198","Staffordshire Moorlands","Lives in a household","Aged 3 to 4 years","Female",836
"E07000198","Staffordshire Moorlands","Lives in a household","Aged 5 to 7 years","Female",1313
"E07000198","Staffordshire Moorlands","Lives in a household","Aged 8 to 9 years","Female",980
"E07000198","Staffordshire Moorlands","Lives in a household","Aged 10 to 14 years","Female",2498
"E07000198","Staffordshire Moorlands","Lives in a household","Aged 15 years","Female",458
"E07000198","Staffordshire Moorlands","Lives in a household","Aged 16 to 17 years","Female",1033
"E07000198","Staffordshire Moorlands","Lives in a household","Aged 18 to 19 years","Female",771
"E07000198","Staffordshire Moorlands","Lives in a household","Aged 20 to 24 years","Female",1931
"E07000198","Staffordshire Moorlands","Lives in a household","Aged 25 to 29 years","Female",2346
"E07000198","Staffordshire Moorlands","Lives in a household","Aged 30 to 34 years","Female",2538
"E07000198","Staffordshire Moorlands","Lives in a household","Aged 35 to 39 years","Female",2493
"E07000198","Staffordshire Moorlands","Lives in a household","Aged 40 to 44 years","Female",2554
"E07000198","Staffordshire Moorlands","Lives in a household","Aged 45 to 49 years","Female",3049
"E07000198","Staffordshire Moorlands","Lives in a household","Aged 50 to 54 years","Female",3905
"E07000198","Staffordshire Moorlands","Lives in a household","Aged 55 to 59 years","Female",3822
"E07000198","Staffordshire Moorlands","Lives in a household","Aged 60 to 64 years","Female",3420
"E07000198","Staffordshire Moorlands","Lives in a household","Aged 65 years","Female",639
"E07000198","Staffordshire Moorlands","Lives in a household","Aged 66 to 69 years","Female",2525
"E07000198","Staffordshire Moorlands","Lives in a household","Aged 70 to 74 years","Female",3601
"E07000198","Staffordshire Moorlands","Lives in a household","Aged 75 to 79 years","Female",2666
"E07000198","Staffordshire Moorlands","Lives in a household","Aged 80 to 84 years","Female",1820
"E07000198","Staffordshire Moorlands","Lives in a household","Aged 85 years and over","Female",1622
"E07000199","Tamworth","Lives in a household","Total","Female",39692
"E07000199","Tamworth","Lives in a household","Aged 2 years and under","Female",1245
"E07000199","Tamworth","Lives in a household","Aged 3 to 4 years","Female",862
"E07000199","Tamworth","Lives in a household","Aged 5 to 7 years","Female",1345
"E07000199","Tamworth","Lives in a household","Aged 8 to 9 years","Female",921
"E07000199","Tamworth","Lives in a household","Aged 10 to 14 years","Female",2377
"E07000199","Tamworth","Lives in a household","Aged 15 years","Female",395
"E07000199","Tamworth","Lives in a household","Aged 16 to 17 years","Female",871
"E07000199","Tamworth","Lives in a household","Aged 18 to 19 years","Female",731
"E07000199","Tamworth","Lives in a household","Aged 20 to 24 years","Female",2076
"E07000199","Tamworth","Lives in a household","Aged 25 to 29 years","Female",2595
"E07000199","Tamworth","Lives in a household","Aged 30 to 34 years","Female",2846
"E07000199","Tamworth","Lives in a household","Aged 35 to 39 years","Female",2600
"E07000199","Tamworth","Lives in a household","Aged 40 to 44 years","Female",2364
"E07000199","Tamworth","Lives in a household","Aged 45 to 49 years","Female",2687
"E07000199","Tamworth","Lives in a household","Aged 50 to 54 years","Female",2834
"E07000199","Tamworth","Lives in a household","Aged 55 to 59 years","Female",2665
"E07000199","Tamworth","Lives in a household","Aged 60 to 64 years","Female",2421
"E07000199","Tamworth","Lives in a household","Aged 65 years","Female",464
"E07000199","Tamworth","Lives in a household","Aged 66 to 69 years","Female",1785
"E07000199","Tamworth","Lives in a household","Aged 70 to 74 years","Female",2184
"E07000199","Tamworth","Lives in a household","Aged 75 to 79 years","Female",1555
"E07000199","Tamworth","Lives in a household","Aged 80 to 84 years","Female",994
"E07000199","Tamworth","Lives in a household","Aged 85 years and over","Female",875
"E07000218","North Warwickshire","Lives in a household","Total","Female",32691
"E07000218","North Warwickshire","Lives in a household","Aged 2 years and under","Female",933
"E07000218","North Warwickshire","Lives in a household","Aged 3 to 4 years","Female",661
"E07000218","North Warwickshire","Lives in a household","Aged 5 to 7 years","Female",1044
"E07000218","North Warwickshire","Lives in a household","Aged 8 to 9 years","Female",760
"E07000218","North Warwickshire","Lives in a household","Aged 10 to 14 years","Female",1820
"E07000218","North Warwickshire","Lives in a household","Aged 15 years","Female",336
"E07000218","North Warwickshire","Lives in a household","Aged 16 to 17 years","Female",646
"E07000218","North Warwickshire","Lives in a household","Aged 18 to 19 years","Female",543
"E07000218","North Warwickshire","Lives in a household","Aged 20 to 24 years","Female",1512
"E07000218","North Warwickshire","Lives in a household","Aged 25 to 29 years","Female",1872
"E07000218","North Warwickshire","Lives in a household","Aged 30 to 34 years","Female",2077
"E07000218","North Warwickshire","Lives in a household","Aged 35 to 39 years","Female",1941
"E07000218","North Warwickshire","Lives in a household","Aged 40 to 44 years","Female",1861
"E07000218","North Warwickshire","Lives in a household","Aged 45 to 49 years","Female",2131
"E07000218","North Warwickshire","Lives in a household","Aged 50 to 54 years","Female",2583
"E07000218","North Warwickshire","Lives in a household","Aged 55 to 59 years","Female",2519
"E07000218","North Warwickshire","Lives in a household","Aged 60 to 64 years","Female",2212
"E07000218","North Warwickshire","Lives in a household","Aged 65 years","Female",378
"E07000218","North Warwickshire","Lives in a household","Aged 66 to 69 years","Female",1502
"E07000218","North Warwickshire","Lives in a household","Aged 70 to 74 years","Female",2025
"E07000218","North Warwickshire","Lives in a household","Aged 75 to 79 years","Female",1481
"E07000218","North Warwickshire","Lives in a household","Aged 80 to 84 years","Female",999
"E07000218","North Warwickshire","Lives in a household","Aged 85 years and over","Female",855
"E07000219","Nuneaton and Bedworth","Lives in a household","Total","Female",67820
"E07000219","Nuneaton and Bedworth","Lives in a household","Aged 2 years and under","Female",2241
"E07000219","Nuneaton and Bedworth","Lives in a household","Aged 3 to 4 years","Female",1522
"E07000219","Nuneaton and Bedworth","Lives in a household","Aged 5 to 7 years","Female",2352
"E07000219","Nuneaton and Bedworth","Lives in a household","Aged 8 to 9 years","Female",1634
"E07000219","Nuneaton and Bedworth","Lives in a household","Aged 10 to 14 years","Female",3999
"E07000219","Nuneaton and Bedworth","Lives in a household","Aged 15 years","Female",746
"E07000219","Nuneaton and Bedworth","Lives in a household","Aged 16 to 17 years","Female",1506
"E07000219","Nuneaton and Bedworth","Lives in a household","Aged 18 to 19 years","Female",1200
"E07000219","Nuneaton and Bedworth","Lives in a household","Aged 20 to 24 years","Female",3527
"E07000219","Nuneaton and Bedworth","Lives in a household","Aged 25 to 29 years","Female",4484
"E07000219","Nuneaton and Bedworth","Lives in a household","Aged 30 to 34 years","Female",5021
"E07000219","Nuneaton and Bedworth","Lives in a household","Aged 35 to 39 years","Female",4488
"E07000219","Nuneaton and Bedworth","Lives in a household","Aged 40 to 44 years","Female",4134
"E07000219","Nuneaton and Bedworth","Lives in a household","Aged 45 to 49 years","Female",4156
"E07000219","Nuneaton and Bedworth","Lives in a household","Aged 50 to 54 years","Female",4842
"E07000219","Nuneaton and Bedworth","Lives in a household","Aged 55 to 59 years","Female",4618
"E07000219","Nuneaton and Bedworth","Lives in a household","Aged 60 to 64 years","Female",3957
"E07000219","Nuneaton and Bedworth","Lives in a household","Aged 65 years","Female",714
"E07000219","Nuneaton and Bedworth","Lives in a household","Aged 66 to 69 years","Female",2736
"E07000219","Nuneaton and Bedworth","Lives in a household","Aged 70 to 74 years","Female",3621
"E07000219","Nuneaton and Bedworth","Lives in a household","Aged 75 to 79 years","Female",2760
"E07000219","Nuneaton and Bedworth","Lives in a household","Aged 80 to 84 years","Female",1903
"E07000219","Nuneaton and Bedworth","Lives in a household","Aged 85 years and over","Female",1659
"E07000220","Rugby","Lives in a household","Total","Female",56572
"E07000220","Rugby","Lives in a household","Aged 2 years and under","Female",1779
"E07000220","Rugby","Lives in a household","Aged 3 to 4 years","Female",1328
"E07000220","Rugby","Lives in a household","Aged 5 to 7 years","Female",2099
"E07000220","Rugby","Lives in a household","Aged 8 to 9 years","Female",1439
"E07000220","Rugby","Lives in a household","Aged 10 to 14 years","Female",3474
"E07000220","Rugby","Lives in a household","Aged 15 years","Female",623
"E07000220","Rugby","Lives in a household","Aged 16 to 17 years","Female",1189
"E07000220","Rugby","Lives in a household","Aged 18 to 19 years","Female",832
"E07000220","Rugby","Lives in a household","Aged 20 to 24 years","Female",2650
"E07000220","Rugby","Lives in a household","Aged 25 to 29 years","Female",3580
"E07000220","Rugby","Lives in a household","Aged 30 to 34 years","Female",4189
"E07000220","Rugby","Lives in a household","Aged 35 to 39 years","Female",4197
"E07000220","Rugby","Lives in a household","Aged 40 to 44 years","Female",3849
"E07000220","Rugby","Lives in a household","Aged 45 to 49 years","Female",3805
"E07000220","Rugby","Lives in a household","Aged 50 to 54 years","Female",3974
"E07000220","Rugby","Lives in a household","Aged 55 to 59 years","Female",3788
"E07000220","Rugby","Lives in a household","Aged 60 to 64 years","Female",3049
"E07000220","Rugby","Lives in a household","Aged 65 years","Female",523
"E07000220","Rugby","Lives in a household","Aged 66 to 69 years","Female",2086
"E07000220","Rugby","Lives in a household","Aged 70 to 74 years","Female",2816
"E07000220","Rugby","Lives in a household","Aged 75 to 79 years","Female",2344
"E07000220","Rugby","Lives in a household","Aged 80 to 84 years","Female",1563
"E07000220","Rugby","Lives in a household","Aged 85 years and over","Female",1396
"E07000221","Stratford-on-Avon","Lives in a household","Total","Female",68567
"E07000221","Stratford-on-Avon","Lives in a household","Aged 2 years and under","Female",1730
"E07000221","Stratford-on-Avon","Lives in a household","Aged 3 to 4 years","Female",1320
"E07000221","Stratford-on-Avon","Lives in a household","Aged 5 to 7 years","Female",2006
"E07000221","Stratford-on-Avon","Lives in a household","Aged 8 to 9 years","Female",1428
"E07000221","Stratford-on-Avon","Lives in a household","Aged 10 to 14 years","Female",3648
"E07000221","Stratford-on-Avon","Lives in a household","Aged 15 years","Female",729
"E07000221","Stratford-on-Avon","Lives in a household","Aged 16 to 17 years","Female",1398
"E07000221","Stratford-on-Avon","Lives in a household","Aged 18 to 19 years","Female",952
"E07000221","Stratford-on-Avon","Lives in a household","Aged 20 to 24 years","Female",2547
"E07000221","Stratford-on-Avon","Lives in a household","Aged 25 to 29 years","Female",3446
"E07000221","Stratford-on-Avon","Lives in a household","Aged 30 to 34 years","Female",3804
"E07000221","Stratford-on-Avon","Lives in a household","Aged 35 to 39 years","Female",3831
"E07000221","Stratford-on-Avon","Lives in a household","Aged 40 to 44 years","Female",3941
"E07000221","Stratford-on-Avon","Lives in a household","Aged 45 to 49 years","Female",4620
"E07000221","Stratford-on-Avon","Lives in a household","Aged 50 to 54 years","Female",5349
"E07000221","Stratford-on-Avon","Lives in a household","Aged 55 to 59 years","Female",5457
"E07000221","Stratford-on-Avon","Lives in a household","Aged 60 to 64 years","Female",4773
"E07000221","Stratford-on-Avon","Lives in a household","Aged 65 years","Female",827
"E07000221","Stratford-on-Avon","Lives in a household","Aged 66 to 69 years","Female",3351
"E07000221","Stratford-on-Avon","Lives in a household","Aged 70 to 74 years","Female",4679
"E07000221","Stratford-on-Avon","Lives in a household","Aged 75 to 79 years","Female",3774
"E07000221","Stratford-on-Avon","Lives in a household","Aged 80 to 84 years","Female",2485
"E07000221","Stratford-on-Avon","Lives in a household","Aged 85 years and over","Female",2472
"E07000222","Warwick","Lives in a household","Total","Female",72566
"E07000222","Warwick","Lives in a household","Aged 2 years and under","Female",2074
"E07000222","Warwick","Lives in a household","Aged 3 to 4 years","Female",1460
"E07000222","Warwick","Lives in a household","Aged 5 to 7 years","Female",2364
"E07000222","Warwick","Lives in a household","Aged 8 to 9 years","Female",1643
"E07000222","Warwick","Lives in a household","Aged 10 to 14 years","Female",3982
"E07000222","Warwick","Lives in a household","Aged 15 years","Female",756
"E07000222","Warwick","Lives in a household","Aged 16 to 17 years","Female",1445
"E07000222","Warwick","Lives in a household","Aged 18 to 19 years","Female",1377
"E07000222","Warwick","Lives in a household","Aged 20 to 24 years","Female",4724
"E07000222","Warwick","Lives in a household","Aged 25 to 29 years","Female",4471
"E07000222","Warwick","Lives in a household","Aged 30 to 34 years","Female",5174
"E07000222","Warwick","Lives in a household","Aged 35 to 39 years","Female",4966
"E07000222","Warwick","Lives in a household","Aged 40 to 44 years","Female",4766
"E07000222","Warwick","Lives in a household","Aged 45 to 49 years","Female",4733
"E07000222","Warwick","Lives in a household","Aged 50 to 54 years","Female",5008
"E07000222","Warwick","Lives in a household","Aged 55 to 59 years","Female",4895
"E07000222","Warwick","Lives in a household","Aged 60 to 64 years","Female",4024
"E07000222","Warwick","Lives in a household","Aged 65 years","Female",729
"E07000222","Warwick","Lives in a household","Aged 66 to 69 years","Female",2936
"E07000222","Warwick","Lives in a household","Aged 70 to 74 years","Female",3740
"E07000222","Warwick","Lives in a household","Aged 75 to 79 years","Female",3024
"E07000222","Warwick","Lives in a household","Aged 80 to 84 years","Female",2124
"E07000222","Warwick","Lives in a household","Aged 85 years and over","Female",2151
"E07000234","Bromsgrove","Lives in a household","Total","Female",49862
"E07000234","Bromsgrove","Lives in a household","Aged 2 years and under","Female",1458
"E07000234","Bromsgrove","Lives in a household","Aged 3 to 4 years","Female",1121
"E07000234","Bromsgrove","Lives in a household","Aged 5 to 7 years","Female",1646
"E07000234","Bromsgrove","Lives in a household","Aged 8 to 9 years","Female",1116
"E07000234","Bromsgrove","Lives in a household","Aged 10 to 14 years","Female",2831
"E07000234","Bromsgrove","Lives in a household","Aged 15 years","Female",536
"E07000234","Bromsgrove","Lives in a household","Aged 16 to 17 years","Female",1102
"E07000234","Bromsgrove","Lives in a household","Aged 18 to 19 years","Female",778
"E07000234","Bromsgrove","Lives in a household","Aged 20 to 24 years","Female",2008
"E07000234","Bromsgrove","Lives in a household","Aged 25 to 29 years","Female",2424
"E07000234","Bromsgrove","Lives in a household","Aged 30 to 34 years","Female",2753
"E07000234","Bromsgrove","Lives in a household","Aged 35 to 39 years","Female",3024
"E07000234","Bromsgrove","Lives in a household","Aged 40 to 44 years","Female",3158
"E07000234","Bromsgrove","Lives in a household","Aged 45 to 49 years","Female",3347
"E07000234","Bromsgrove","Lives in a household","Aged 50 to 54 years","Female",3865
"E07000234","Bromsgrove","Lives in a household","Aged 55 to 59 years","Female",3756
"E07000234","Bromsgrove","Lives in a household","Aged 60 to 64 years","Female",3194
"E07000234","Bromsgrove","Lives in a household","Aged 65 years","Female",566
"E07000234","Bromsgrove","Lives in a household","Aged 66 to 69 years","Female",2354
"E07000234","Bromsgrove","Lives in a household","Aged 70 to 74 years","Female",2988
"E07000234","Bromsgrove","Lives in a household","Aged 75 to 79 years","Female",2461
"E07000234","Bromsgrove","Lives in a household","Aged 80 to 84 years","Female",1650
"E07000234","Bromsgrove","Lives in a household","Aged 85 years and over","Female",1726
"E07000235","Malvern Hills","Lives in a household","Total","Female",39778
"E07000235","Malvern Hills","Lives in a household","Aged 2 years and under","Female",826
"E07000235","Malvern Hills","Lives in a household","Aged 3 to 4 years","Female",693
"E07000235","Malvern Hills","Lives in a household","Aged 5 to 7 years","Female",1111
"E07000235","Malvern Hills","Lives in a household","Aged 8 to 9 years","Female",828
"E07000235","Malvern Hills","Lives in a household","Aged 10 to 14 years","Female",2049
"E07000235","Malvern Hills","Lives in a household","Aged 15 years","Female",389
"E07000235","Malvern Hills","Lives in a household","Aged 16 to 17 years","Female",807
"E07000235","Malvern Hills","Lives in a household","Aged 18 to 19 years","Female",595
"E07000235","Malvern Hills","Lives in a household","Aged 20 to 24 years","Female",1523
"E07000235","Malvern Hills","Lives in a household","Aged 25 to 29 years","Female",1736
"E07000235","Malvern Hills","Lives in a household","Aged 30 to 34 years","Female",1888
"E07000235","Malvern Hills","Lives in a household","Aged 35 to 39 years","Female",1930
"E07000235","Malvern Hills","Lives in a household","Aged 40 to 44 years","Female",2127
"E07000235","Malvern Hills","Lives in a household","Aged 45 to 49 years","Female",2472
"E07000235","Malvern Hills","Lives in a household","Aged 50 to 54 years","Female",3066
"E07000235","Malvern Hills","Lives in a household","Aged 55 to 59 years","Female",3316
"E07000235","Malvern Hills","Lives in a household","Aged 60 to 64 years","Female",3042
"E07000235","Malvern Hills","Lives in a household","Aged 65 years","Female",570
"E07000235","Malvern Hills","Lives in a household","Aged 66 to 69 years","Female",2234
"E07000235","Malvern Hills","Lives in a household","Aged 70 to 74 years","Female",3049
"E07000235","Malvern Hills","Lives in a household","Aged 75 to 79 years","Female",2349
"E07000235","Malvern Hills","Lives in a household","Aged 80 to 84 years","Female",1650
"E07000235","Malvern Hills","Lives in a household","Aged 85 years and over","Female",1528
"E07000236","Redditch","Lives in a household","Total","Female",43833
"E07000236","Redditch","Lives in a household","Aged 2 years and under","Female",1436
"E07000236","Redditch","Lives in a household","Aged 3 to 4 years","Female",1002
"E07000236","Redditch","Lives in a household","Aged 5 to 7 years","Female",1502
"E07000236","Redditch","Lives in a household","Aged 8 to 9 years","Female",1105
"E07000236","Redditch","Lives in a household","Aged 10 to 14 years","Female",2576
"E07000236","Redditch","Lives in a household","Aged 15 years","Female",496
"E07000236","Redditch","Lives in a household","Aged 16 to 17 years","Female",963
"E07000236","Redditch","Lives in a household","Aged 18 to 19 years","Female",761
"E07000236","Redditch","Lives in a household","Aged 20 to 24 years","Female",2267
"E07000236","Redditch","Lives in a household","Aged 25 to 29 years","Female",2948
"E07000236","Redditch","Lives in a household","Aged 30 to 34 years","Female",3251
"E07000236","Redditch","Lives in a household","Aged 35 to 39 years","Female",3119
"E07000236","Redditch","Lives in a household","Aged 40 to 44 years","Female",2880
"E07000236","Redditch","Lives in a household","Aged 45 to 49 years","Female",2764
"E07000236","Redditch","Lives in a household","Aged 50 to 54 years","Female",2885
"E07000236","Redditch","Lives in a household","Aged 55 to 59 years","Female",2830
"E07000236","Redditch","Lives in a household","Aged 60 to 64 years","Female",2614
"E07000236","Redditch","Lives in a household","Aged 65 years","Female",509
"E07000236","Redditch","Lives in a household","Aged 66 to 69 years","Female",2033
"E07000236","Redditch","Lives in a household","Aged 70 to 74 years","Female",2353
"E07000236","Redditch","Lives in a household","Aged 75 to 79 years","Female",1585
"E07000236","Redditch","Lives in a household","Aged 80 to 84 years","Female",1024
"E07000236","Redditch","Lives in a household","Aged 85 years and over","Female",930
"E07000237","Worcester","Lives in a household","Total","Female",51887
"E07000237","Worcester","Lives in a household","Aged 2 years and under","Female",1597
"E07000237","Worcester","Lives in a household","Aged 3 to 4 years","Female",1019
"E07000237","Worcester","Lives in a household","Aged 5 to 7 years","Female",1587
"E07000237","Worcester","Lives in a household","Aged 8 to 9 years","Female",1221
"E07000237","Worcester","Lives in a household","Aged 10 to 14 years","Female",2932
"E07000237","Worcester","Lives in a household","Aged 15 years","Female",569
"E07000237","Worcester","Lives in a household","Aged 16 to 17 years","Female",1056
"E07000237","Worcester","Lives in a household","Aged 18 to 19 years","Female",1059
"E07000237","Worcester","Lives in a household","Aged 20 to 24 years","Female",3746
"E07000237","Worcester","Lives in a household","Aged 25 to 29 years","Female",3572
"E07000237","Worcester","Lives in a household","Aged 30 to 34 years","Female",3739
"E07000237","Worcester","Lives in a household","Aged 35 to 39 years","Female",3480
"E07000237","Worcester","Lives in a household","Aged 40 to 44 years","Female",3259
"E07000237","Worcester","Lives in a household","Aged 45 to 49 years","Female",3353
"E07000237","Worcester","Lives in a household","Aged 50 to 54 years","Female",3684
"E07000237","Worcester","Lives in a household","Aged 55 to 59 years","Female",3502
"E07000237","Worcester","Lives in a household","Aged 60 to 64 years","Female",2819
"E07000237","Worcester","Lives in a household","Aged 65 years","Female",542
"E07000237","Worcester","Lives in a household","Aged 66 to 69 years","Female",2008
"E07000237","Worcester","Lives in a household","Aged 70 to 74 years","Female",2546
"E07000237","Worcester","Lives in a household","Aged 75 to 79 years","Female",1928
"E07000237","Worcester","Lives in a household","Aged 80 to 84 years","Female",1362
"E07000237","Worcester","Lives in a household","Aged 85 years and over","Female",1307
"E07000238","Wychavon","Lives in a household","Total","Female",66881
"E07000238","Wychavon","Lives in a household","Aged 2 years and under","Female",1739
"E07000238","Wychavon","Lives in a household","Aged 3 to 4 years","Female",1288
"E07000238","Wychavon","Lives in a household","Aged 5 to 7 years","Female",1936
"E07000238","Wychavon","Lives in a household","Aged 8 to 9 years","Female",1462
"E07000238","Wychavon","Lives in a household","Aged 10 to 14 years","Female",3446
"E07000238","Wychavon","Lives in a household","Aged 15 years","Female",725
"E07000238","Wychavon","Lives in a household","Aged 16 to 17 years","Female",1430
"E07000238","Wychavon","Lives in a household","Aged 18 to 19 years","Female",1029
"E07000238","Wychavon","Lives in a household","Aged 20 to 24 years","Female",2788
"E07000238","Wychavon","Lives in a household","Aged 25 to 29 years","Female",3411
"E07000238","Wychavon","Lives in a household","Aged 30 to 34 years","Female",3874
"E07000238","Wychavon","Lives in a household","Aged 35 to 39 years","Female",3708
"E07000238","Wychavon","Lives in a household","Aged 40 to 44 years","Female",3790
"E07000238","Wychavon","Lives in a household","Aged 45 to 49 years","Female",4270
"E07000238","Wychavon","Lives in a household","Aged 50 to 54 years","Female",5178
"E07000238","Wychavon","Lives in a household","Aged 55 to 59 years","Female",5189
"E07000238","Wychavon","Lives in a household","Aged 60 to 64 years","Female",4616
"E07000238","Wychavon","Lives in a household","Aged 65 years","Female",844
"E07000238","Wychavon","Lives in a household","Aged 66 to 69 years","Female",3482
"E07000238","Wychavon","Lives in a household","Aged 70 to 74 years","Female",4613
"E07000238","Wychavon","Lives in a household","Aged 75 to 79 years","Female",3404
"E07000238","Wychavon","Lives in a household","Aged 80 to 84 years","Female",2465
"E07000238","Wychavon","Lives in a household","Aged 85 years and over","Female",2194
"E07000239","Wyre Forest","Lives in a household","Total","Female",51305
"E07000239","Wyre Forest","Lives in a household","Aged 2 years and under","Female",1329
"E07000239","Wyre Forest","Lives in a household","Aged 3 to 4 years","Female",1004
"E07000239","Wyre Forest","Lives in a household","Aged 5 to 7 years","Female",1582
"E07000239","Wyre Forest","Lives in a household","Aged 8 to 9 years","Female",1103
"E07000239","Wyre Forest","Lives in a household","Aged 10 to 14 years","Female",2667
"E07000239","Wyre Forest","Lives in a household","Aged 15 years","Female",506
"E07000239","Wyre Forest","Lives in a household","Aged 16 to 17 years","Female",989
"E07000239","Wyre Forest","Lives in a household","Aged 18 to 19 years","Female",860
"E07000239","Wyre Forest","Lives in a household","Aged 20 to 24 years","Female",2304
"E07000239","Wyre Forest","Lives in a household","Aged 25 to 29 years","Female",2746
"E07000239","Wyre Forest","Lives in a household","Aged 30 to 34 years","Female",3136
"E07000239","Wyre Forest","Lives in a household","Aged 35 to 39 years","Female",2772
"E07000239","Wyre Forest","Lives in a household","Aged 40 to 44 years","Female",2778
"E07000239","Wyre Forest","Lives in a household","Aged 45 to 49 years","Female",3244
"E07000239","Wyre Forest","Lives in a household","Aged 50 to 54 years","Female",3889
"E07000239","Wyre Forest","Lives in a household","Aged 55 to 59 years","Female",3808
"E07000239","Wyre Forest","Lives in a household","Aged 60 to 64 years","Female",3232
"E07000239","Wyre Forest","Lives in a household","Aged 65 years","Female",651
"E07000239","Wyre Forest","Lives in a household","Aged 66 to 69 years","Female",2654
"E07000239","Wyre Forest","Lives in a household","Aged 70 to 74 years","Female",3696
"E07000239","Wyre Forest","Lives in a household","Aged 75 to 79 years","Female",2907
"E07000239","Wyre Forest","Lives in a household","Aged 80 to 84 years","Female",1836
"E07000239","Wyre Forest","Lives in a household","Aged 85 years and over","Female",1612
"E08000025","Birmingham","Lives in a household","Total","Female",569565
"E08000025","Birmingham","Lives in a household","Aged 2 years and under","Female",21653
"E08000025","Birmingham","Lives in a household","Aged 3 to 4 years","Female",15254
"E08000025","Birmingham","Lives in a household","Aged 5 to 7 years","Female",23405
"E08000025","Birmingham","Lives in a household","Aged 8 to 9 years","Female",16104
"E08000025","Birmingham","Lives in a household","Aged 10 to 14 years","Female",40271
"E08000025","Birmingham","Lives in a household","Aged 15 years","Female",7840
"E08000025","Birmingham","Lives in a household","Aged 16 to 17 years","Female",15512
"E08000025","Birmingham","Lives in a household","Aged 18 to 19 years","Female",14438
"E08000025","Birmingham","Lives in a household","Aged 20 to 24 years","Female",43664
"E08000025","Birmingham","Lives in a household","Aged 25 to 29 years","Female",41647
"E08000025","Birmingham","Lives in a household","Aged 30 to 34 years","Female",44102
"E08000025","Birmingham","Lives in a household","Aged 35 to 39 years","Female",41977
"E08000025","Birmingham","Lives in a household","Aged 40 to 44 years","Female",37972
"E08000025","Birmingham","Lives in a household","Aged 45 to 49 years","Female",33830
"E08000025","Birmingham","Lives in a household","Aged 50 to 54 years","Female",34698
"E08000025","Birmingham","Lives in a household","Aged 55 to 59 years","Female",31696
"E08000025","Birmingham","Lives in a household","Aged 60 to 64 years","Female",26135
"E08000025","Birmingham","Lives in a household","Aged 65 years","Female",4479
"E08000025","Birmingham","Lives in a household","Aged 66 to 69 years","Female",16988
"E08000025","Birmingham","Lives in a household","Aged 70 to 74 years","Female",19629
"E08000025","Birmingham","Lives in a household","Aged 75 to 79 years","Female",14843
"E08000025","Birmingham","Lives in a household","Aged 80 to 84 years","Female",11444
"E08000025","Birmingham","Lives in a household","Aged 85 years and over","Female",11984
"E08000026","Coventry","Lives in a household","Total","Female",166700
"E08000026","Coventry","Lives in a household","Aged 2 years and under","Female",5909
"E08000026","Coventry","Lives in a household","Aged 3 to 4 years","Female",4056
"E08000026","Coventry","Lives in a household","Aged 5 to 7 years","Female",6303
"E08000026","Coventry","Lives in a household","Aged 8 to 9 years","Female",4386
"E08000026","Coventry","Lives in a household","Aged 10 to 14 years","Female",10739
"E08000026","Coventry","Lives in a household","Aged 15 years","Female",1858
"E08000026","Coventry","Lives in a household","Aged 16 to 17 years","Female",3987
"E08000026","Coventry","Lives in a household","Aged 18 to 19 years","Female",3837
"E08000026","Coventry","Lives in a household","Aged 20 to 24 years","Female",12651
"E08000026","Coventry","Lives in a household","Aged 25 to 29 years","Female",11959
"E08000026","Coventry","Lives in a household","Aged 30 to 34 years","Female",13068
"E08000026","Coventry","Lives in a household","Aged 35 to 39 years","Female",12133
"E08000026","Coventry","Lives in a household","Aged 40 to 44 years","Female",10983
"E08000026","Coventry","Lives in a household","Aged 45 to 49 years","Female",10035
"E08000026","Coventry","Lives in a household","Aged 50 to 54 years","Female",10566
"E08000026","Coventry","Lives in a household","Aged 55 to 59 years","Female",9636
"E08000026","Coventry","Lives in a household","Aged 60 to 64 years","Female",8033
"E08000026","Coventry","Lives in a household","Aged 65 years","Female",1405
"E08000026","Coventry","Lives in a household","Aged 66 to 69 years","Female",5360
"E08000026","Coventry","Lives in a household","Aged 70 to 74 years","Female",6593
"E08000026","Coventry","Lives in a household","Aged 75 to 79 years","Female",5321
"E08000026","Coventry","Lives in a household","Aged 80 to 84 years","Female",3912
"E08000026","Coventry","Lives in a household","Aged 85 years and over","Female",3970
"E08000027","Dudley","Lives in a household","Total","Female",163251
"E08000027","Dudley","Lives in a household","Aged 2 years and under","Female",5169
"E08000027","Dudley","Lives in a household","Aged 3 to 4 years","Female",3634
"E08000027","Dudley","Lives in a household","Aged 5 to 7 years","Female",5750
"E08000027","Dudley","Lives in a household","Aged 8 to 9 years","Female",3939
"E08000027","Dudley","Lives in a household","Aged 10 to 14 years","Female",9402
"E08000027","Dudley","Lives in a household","Aged 15 years","Female",1813
"E08000027","Dudley","Lives in a household","Aged 16 to 17 years","Female",3703
"E08000027","Dudley","Lives in a household","Aged 18 to 19 years","Female",3068
"E08000027","Dudley","Lives in a household","Aged 20 to 24 years","Female",8492
"E08000027","Dudley","Lives in a household","Aged 25 to 29 years","Female",10447
"E08000027","Dudley","Lives in a household","Aged 30 to 34 years","Female",10955
"E08000027","Dudley","Lives in a household","Aged 35 to 39 years","Female",10421
"E08000027","Dudley","Lives in a household","Aged 40 to 44 years","Female",9617
"E08000027","Dudley","Lives in a household","Aged 45 to 49 years","Female",10081
"E08000027","Dudley","Lives in a household","Aged 50 to 54 years","Female",11635
"E08000027","Dudley","Lives in a household","Aged 55 to 59 years","Female",11115
"E08000027","Dudley","Lives in a household","Aged 60 to 64 years","Female",9323
"E08000027","Dudley","Lives in a household","Aged 65 years","Female",1808
"E08000027","Dudley","Lives in a household","Aged 66 to 69 years","Female",6716
"E08000027","Dudley","Lives in a household","Aged 70 to 74 years","Female",8772
"E08000027","Dudley","Lives in a household","Aged 75 to 79 years","Female",7315
"E08000027","Dudley","Lives in a household","Aged 80 to 84 years","Female",5195
"E08000027","Dudley","Lives in a household","Aged 85 years and over","Female",4881
"E08000028","Sandwell","Lives in a household","Total","Female",172434
"E08000028","Sandwell","Lives in a household","Aged 2 years and under","Female",6356
"E08000028","Sandwell","Lives in a household","Aged 3 to 4 years","Female",4390
"E08000028","Sandwell","Lives in a household","Aged 5 to 7 years","Female",6839
"E08000028","Sandwell","Lives in a household","Aged 8 to 9 years","Female",5068
"E08000028","Sandwell","Lives in a household","Aged 10 to 14 years","Female",11854
"E08000028","Sandwell","Lives in a household","Aged 15 years","Female",2283
"E08000028","Sandwell","Lives in a household","Aged 16 to 17 years","Female",4330
"E08000028","Sandwell","Lives in a household","Aged 18 to 19 years","Female",3922
"E08000028","Sandwell","Lives in a household","Aged 20 to 24 years","Female",9915
"E08000028","Sandwell","Lives in a household","Aged 25 to 29 years","Female",11625
"E08000028","Sandwell","Lives in a household","Aged 30 to 34 years","Female",13132
"E08000028","Sandwell","Lives in a household","Aged 35 to 39 years","Female",13081
"E08000028","Sandwell","Lives in a household","Aged 40 to 44 years","Female",11706
"E08000028","Sandwell","Lives in a household","Aged 45 to 49 years","Female",10935
"E08000028","Sandwell","Lives in a household","Aged 50 to 54 years","Female",11518
"E08000028","Sandwell","Lives in a household","Aged 55 to 59 years","Female",10618
"E08000028","Sandwell","Lives in a household","Aged 60 to 64 years","Female",8519
"E08000028","Sandwell","Lives in a household","Aged 65 years","Female",1472
"E08000028","Sandwell","Lives in a household","Aged 66 to 69 years","Female",5536
"E08000028","Sandwell","Lives in a household","Aged 70 to 74 years","Female",6518
"E08000028","Sandwell","Lives in a household","Aged 75 to 79 years","Female",5237
"E08000028","Sandwell","Lives in a household","Aged 80 to 84 years","Female",3918
"E08000028","Sandwell","Lives in a household","Aged 85 years and over","Female",3662
"E08000029","Solihull","Lives in a household","Total","Female",110512
"E08000029","Solihull","Lives in a household","Aged 2 years and under","Female",3293
"E08000029","Solihull","Lives in a household","Aged 3 to 4 years","Female",2411
"E08000029","Solihull","Lives in a household","Aged 5 to 7 years","Female",3916
"E08000029","Solihull","Lives in a household","Aged 8 to 9 years","Female",2756
"E08000029","Solihull","Lives in a household","Aged 10 to 14 years","Female",6528
"E08000029","Solihull","Lives in a household","Aged 15 years","Female",1255
"E08000029","Solihull","Lives in a household","Aged 16 to 17 years","Female",2483
"E08000029","Solihull","Lives in a household","Aged 18 to 19 years","Female",1810
"E08000029","Solihull","Lives in a household","Aged 20 to 24 years","Female",5216
"E08000029","Solihull","Lives in a household","Aged 25 to 29 years","Female",6154
"E08000029","Solihull","Lives in a household","Aged 30 to 34 years","Female",6940
"E08000029","Solihull","Lives in a household","Aged 35 to 39 years","Female",6949
"E08000029","Solihull","Lives in a household","Aged 40 to 44 years","Female",6759
"E08000029","Solihull","Lives in a household","Aged 45 to 49 years","Female",7131
"E08000029","Solihull","Lives in a household","Aged 50 to 54 years","Female",7991
"E08000029","Solihull","Lives in a household","Aged 55 to 59 years","Female",7878
"E08000029","Solihull","Lives in a household","Aged 60 to 64 years","Female",6588
"E08000029","Solihull","Lives in a household","Aged 65 years","Female",1073
"E08000029","Solihull","Lives in a household","Aged 66 to 69 years","Female",4621
"E08000029","Solihull","Lives in a household","Aged 70 to 74 years","Female",6333
"E08000029","Solihull","Lives in a household","Aged 75 to 79 years","Female",5083
"E08000029","Solihull","Lives in a household","Aged 80 to 84 years","Female",3552
"E08000029","Solihull","Lives in a household","Aged 85 years and over","Female",3792
"E08000030","Walsall","Lives in a household","Total","Female",144381
"E08000030","Walsall","Lives in a household","Aged 2 years and under","Female",5373
"E08000030","Walsall","Lives in a household","Aged 3 to 4 years","Female",3754
"E08000030","Walsall","Lives in a household","Aged 5 to 7 years","Female",5569
"E08000030","Walsall","Lives in a household","Aged 8 to 9 years","Female",3903
"E08000030","Walsall","Lives in a household","Aged 10 to 14 years","Female",9503
"E08000030","Walsall","Lives in a household","Aged 15 years","Female",1803
"E08000030","Walsall","Lives in a household","Aged 16 to 17 years","Female",3479
"E08000030","Walsall","Lives in a household","Aged 18 to 19 years","Female",2998
"E08000030","Walsall","Lives in a household","Aged 20 to 24 years","Female",8053
"E08000030","Walsall","Lives in a household","Aged 25 to 29 years","Female",9471
"E08000030","Walsall","Lives in a household","Aged 30 to 34 years","Female",10446
"E08000030","Walsall","Lives in a household","Aged 35 to 39 years","Female",9895
"E08000030","Walsall","Lives in a household","Aged 40 to 44 years","Female",8888
"E08000030","Walsall","Lives in a household","Aged 45 to 49 years","Female",8646
"E08000030","Walsall","Lives in a household","Aged 50 to 54 years","Female",9621
"E08000030","Walsall","Lives in a household","Aged 55 to 59 years","Female",9103
"E08000030","Walsall","Lives in a household","Aged 60 to 64 years","Female",7784
"E08000030","Walsall","Lives in a household","Aged 65 years","Female",1394
"E08000030","Walsall","Lives in a household","Aged 66 to 69 years","Female",5051
"E08000030","Walsall","Lives in a household","Aged 70 to 74 years","Female",6523
"E08000030","Walsall","Lives in a household","Aged 75 to 79 years","Female",5258
"E08000030","Walsall","Lives in a household","Aged 80 to 84 years","Female",4083
"E08000030","Walsall","Lives in a household","Aged 85 years and over","Female",3783
"E08000031","Wolverhampton","Lives in a household","Total","Female",132234
"E08000031","Wolverhampton","Lives in a household","Aged 2 years and under","Female",4403
"E08000031","Wolverhampton","Lives in a household","Aged 3 to 4 years","Female",3407
"E08000031","Wolverhampton","Lives in a household","Aged 5 to 7 years","Female",5073
"E08000031","Wolverhampton","Lives in a household","Aged 8 to 9 years","Female",3563
"E08000031","Wolverhampton","Lives in a household","Aged 10 to 14 years","Female",8842
"E08000031","Wolverhampton","Lives in a household","Aged 15 years","Female",1544
"E08000031","Wolverhampton","Lives in a household","Aged 16 to 17 years","Female",3082
"E08000031","Wolverhampton","Lives in a household","Aged 18 to 19 years","Female",2525
"E08000031","Wolverhampton","Lives in a household","Aged 20 to 24 years","Female",7208
"E08000031","Wolverhampton","Lives in a household","Aged 25 to 29 years","Female",8761
"E08000031","Wolverhampton","Lives in a household","Aged 30 to 34 years","Female",9939
"E08000031","Wolverhampton","Lives in a household","Aged 35 to 39 years","Female",9713
"E08000031","Wolverhampton","Lives in a household","Aged 40 to 44 years","Female",8795
"E08000031","Wolverhampton","Lives in a household","Aged 45 to 49 years","Female",8360
"E08000031","Wolverhampton","Lives in a household","Aged 50 to 54 years","Female",8967
"E08000031","Wolverhampton","Lives in a household","Aged 55 to 59 years","Female",8358
"E08000031","Wolverhampton","Lives in a household","Aged 60 to 64 years","Female",7115
"E08000031","Wolverhampton","Lives in a household","Aged 65 years","Female",1201
"E08000031","Wolverhampton","Lives in a household","Aged 66 to 69 years","Female",4824
"E08000031","Wolverhampton","Lives in a household","Aged 70 to 74 years","Female",5477
"E08000031","Wolverhampton","Lives in a household","Aged 75 to 79 years","Female",4322
"E08000031","Wolverhampton","Lives in a household","Aged 80 to 84 years","Female",3382
"E08000031","Wolverhampton","Lives in a household","Aged 85 years and over","Female",3373
"E06000031","Peterborough","Lives in a household","Total","Female",108146
"E06000031","Peterborough","Lives in a household","Aged 2 years and under","Female",3930
"E06000031","Peterborough","Lives in a household","Aged 3 to 4 years","Female",2941
"E06000031","Peterborough","Lives in a household","Aged 5 to 7 years","Female",4417
"E06000031","Peterborough","Lives in a household","Aged 8 to 9 years","Female",3177
"E06000031","Peterborough","Lives in a household","Aged 10 to 14 years","Female",7411
"E06000031","Peterborough","Lives in a household","Aged 15 years","Female",1340
"E06000031","Peterborough","Lives in a household","Aged 16 to 17 years","Female",2601
"E06000031","Peterborough","Lives in a household","Aged 18 to 19 years","Female",1965
"E06000031","Peterborough","Lives in a household","Aged 20 to 24 years","Female",5710
"E06000031","Peterborough","Lives in a household","Aged 25 to 29 years","Female",7808
"E06000031","Peterborough","Lives in a household","Aged 30 to 34 years","Female",8870
"E06000031","Peterborough","Lives in a household","Aged 35 to 39 years","Female",8790
"E06000031","Peterborough","Lives in a household","Aged 40 to 44 years","Female",7672
"E06000031","Peterborough","Lives in a household","Aged 45 to 49 years","Female",6837
"E06000031","Peterborough","Lives in a household","Aged 50 to 54 years","Female",6899
"E06000031","Peterborough","Lives in a household","Aged 55 to 59 years","Female",6349
"E06000031","Peterborough","Lives in a household","Aged 60 to 64 years","Female",5289
"E06000031","Peterborough","Lives in a household","Aged 65 years","Female",919
"E06000031","Peterborough","Lives in a household","Aged 66 to 69 years","Female",3622
"E06000031","Peterborough","Lives in a household","Aged 70 to 74 years","Female",4177
"E06000031","Peterborough","Lives in a household","Aged 75 to 79 years","Female",3005
"E06000031","Peterborough","Lives in a household","Aged 80 to 84 years","Female",2211
"E06000031","Peterborough","Lives in a household","Aged 85 years and over","Female",2206
"E06000032","Luton","Lives in a household","Total","Female",111321
"E06000032","Luton","Lives in a household","Aged 2 years and under","Female",4711
"E06000032","Luton","Lives in a household","Aged 3 to 4 years","Female",3155
"E06000032","Luton","Lives in a household","Aged 5 to 7 years","Female",4779
"E06000032","Luton","Lives in a household","Aged 8 to 9 years","Female",3315
"E06000032","Luton","Lives in a household","Aged 10 to 14 years","Female",8186
"E06000032","Luton","Lives in a household","Aged 15 years","Female",1511
"E06000032","Luton","Lives in a household","Aged 16 to 17 years","Female",3097
"E06000032","Luton","Lives in a household","Aged 18 to 19 years","Female",2526
"E06000032","Luton","Lives in a household","Aged 20 to 24 years","Female",7315
"E06000032","Luton","Lives in a household","Aged 25 to 29 years","Female",8336
"E06000032","Luton","Lives in a household","Aged 30 to 34 years","Female",9176
"E06000032","Luton","Lives in a household","Aged 35 to 39 years","Female",9073
"E06000032","Luton","Lives in a household","Aged 40 to 44 years","Female",8044
"E06000032","Luton","Lives in a household","Aged 45 to 49 years","Female",6692
"E06000032","Luton","Lives in a household","Aged 50 to 54 years","Female",6630
"E06000032","Luton","Lives in a household","Aged 55 to 59 years","Female",6048
"E06000032","Luton","Lives in a household","Aged 60 to 64 years","Female",4821
"E06000032","Luton","Lives in a household","Aged 65 years","Female",886
"E06000032","Luton","Lives in a household","Aged 66 to 69 years","Female",3003
"E06000032","Luton","Lives in a household","Aged 70 to 74 years","Female",3324
"E06000032","Luton","Lives in a household","Aged 75 to 79 years","Female",2589
"E06000032","Luton","Lives in a household","Aged 80 to 84 years","Female",2088
"E06000032","Luton","Lives in a household","Aged 85 years and over","Female",2016
"E06000033","Southend-on-Sea","Lives in a household","Total","Female",91491
"E06000033","Southend-on-Sea","Lives in a household","Aged 2 years and under","Female",2972
"E06000033","Southend-on-Sea","Lives in a household","Aged 3 to 4 years","Female",2125
"E06000033","Southend-on-Sea","Lives in a household","Aged 5 to 7 years","Female",3194
"E06000033","Southend-on-Sea","Lives in a household","Aged 8 to 9 years","Female",2160
"E06000033","Southend-on-Sea","Lives in a household","Aged 10 to 14 years","Female",5432
"E06000033","Southend-on-Sea","Lives in a household","Aged 15 years","Female",962
"E06000033","Southend-on-Sea","Lives in a household","Aged 16 to 17 years","Female",1831
"E06000033","Southend-on-Sea","Lives in a household","Aged 18 to 19 years","Female",1492
"E06000033","Southend-on-Sea","Lives in a household","Aged 20 to 24 years","Female",4641
"E06000033","Southend-on-Sea","Lives in a household","Aged 25 to 29 years","Female",5696
"E06000033","Southend-on-Sea","Lives in a household","Aged 30 to 34 years","Female",6245
"E06000033","Southend-on-Sea","Lives in a household","Aged 35 to 39 years","Female",6337
"E06000033","Southend-on-Sea","Lives in a household","Aged 40 to 44 years","Female",6194
"E06000033","Southend-on-Sea","Lives in a household","Aged 45 to 49 years","Female",6171
"E06000033","Southend-on-Sea","Lives in a household","Aged 50 to 54 years","Female",6307
"E06000033","Southend-on-Sea","Lives in a household","Aged 55 to 59 years","Female",6256
"E06000033","Southend-on-Sea","Lives in a household","Aged 60 to 64 years","Female",5230
"E06000033","Southend-on-Sea","Lives in a household","Aged 65 years","Female",922
"E06000033","Southend-on-Sea","Lives in a household","Aged 66 to 69 years","Female",3625
"E06000033","Southend-on-Sea","Lives in a household","Aged 70 to 74 years","Female",4823
"E06000033","Southend-on-Sea","Lives in a household","Aged 75 to 79 years","Female",3706
"E06000033","Southend-on-Sea","Lives in a household","Aged 80 to 84 years","Female",2504
"E06000033","Southend-on-Sea","Lives in a household","Aged 85 years and over","Female",2666
"E06000034","Thurrock","Lives in a household","Total","Female",89334
"E06000034","Thurrock","Lives in a household","Aged 2 years and under","Female",3455
"E06000034","Thurrock","Lives in a household","Aged 3 to 4 years","Female",2524
"E06000034","Thurrock","Lives in a household","Aged 5 to 7 years","Female",3733
"E06000034","Thurrock","Lives in a household","Aged 8 to 9 years","Female",2430
"E06000034","Thurrock","Lives in a household","Aged 10 to 14 years","Female",6047
"E06000034","Thurrock","Lives in a household","Aged 15 years","Female",1114
"E06000034","Thurrock","Lives in a household","Aged 16 to 17 years","Female",2194
"E06000034","Thurrock","Lives in a household","Aged 18 to 19 years","Female",1744
"E06000034","Thurrock","Lives in a household","Aged 20 to 24 years","Female",4761
"E06000034","Thurrock","Lives in a household","Aged 25 to 29 years","Female",6241
"E06000034","Thurrock","Lives in a household","Aged 30 to 34 years","Female",7445
"E06000034","Thurrock","Lives in a household","Aged 35 to 39 years","Female",7214
"E06000034","Thurrock","Lives in a household","Aged 40 to 44 years","Female",6444
"E06000034","Thurrock","Lives in a household","Aged 45 to 49 years","Female",5888
"E06000034","Thurrock","Lives in a household","Aged 50 to 54 years","Female",5873
"E06000034","Thurrock","Lives in a household","Aged 55 to 59 years","Female",5376
"E06000034","Thurrock","Lives in a household","Aged 60 to 64 years","Female",4172
"E06000034","Thurrock","Lives in a household","Aged 65 years","Female",698
"E06000034","Thurrock","Lives in a household","Aged 66 to 69 years","Female",2762
"E06000034","Thurrock","Lives in a household","Aged 70 to 74 years","Female",3533
"E06000034","Thurrock","Lives in a household","Aged 75 to 79 years","Female",2361
"E06000034","Thurrock","Lives in a household","Aged 80 to 84 years","Female",1717
"E06000034","Thurrock","Lives in a household","Aged 85 years and over","Female",1608
"E06000055","Bedford","Lives in a household","Total","Female",92982
"E06000055","Bedford","Lives in a household","Aged 2 years and under","Female",3219
"E06000055","Bedford","Lives in a household","Aged 3 to 4 years","Female",2244
"E06000055","Bedford","Lives in a household","Aged 5 to 7 years","Female",3327
"E06000055","Bedford","Lives in a household","Aged 8 to 9 years","Female",2364
"E06000055","Bedford","Lives in a household","Aged 10 to 14 years","Female",5829
"E06000055","Bedford","Lives in a household","Aged 15 years","Female",1065
"E06000055","Bedford","Lives in a household","Aged 16 to 17 years","Female",2062
"E06000055","Bedford","Lives in a household","Aged 18 to 19 years","Female",1583
"E06000055","Bedford","Lives in a household","Aged 20 to 24 years","Female",4864
"E06000055","Bedford","Lives in a household","Aged 25 to 29 years","Female",6114
"E06000055","Bedford","Lives in a household","Aged 30 to 34 years","Female",7028
"E06000055","Bedford","Lives in a household","Aged 35 to 39 years","Female",6856
"E06000055","Bedford","Lives in a household","Aged 40 to 44 years","Female",6549
"E06000055","Bedford","Lives in a household","Aged 45 to 49 years","Female",6140
"E06000055","Bedford","Lives in a household","Aged 50 to 54 years","Female",6433
"E06000055","Bedford","Lives in a household","Aged 55 to 59 years","Female",6109
"E06000055","Bedford","Lives in a household","Aged 60 to 64 years","Female",4983
"E06000055","Bedford","Lives in a household","Aged 65 years","Female",930
"E06000055","Bedford","Lives in a household","Aged 66 to 69 years","Female",3401
"E06000055","Bedford","Lives in a household","Aged 70 to 74 years","Female",4307
"E06000055","Bedford","Lives in a household","Aged 75 to 79 years","Female",3077
"E06000055","Bedford","Lives in a household","Aged 80 to 84 years","Female",2218
"E06000055","Bedford","Lives in a household","Aged 85 years and over","Female",2280
"E06000056","Central Bedfordshire","Lives in a household","Total","Female",147924
"E06000056","Central Bedfordshire","Lives in a household","Aged 2 years and under","Female",5048
"E06000056","Central Bedfordshire","Lives in a household","Aged 3 to 4 years","Female",3582
"E06000056","Central Bedfordshire","Lives in a household","Aged 5 to 7 years","Female",5363
"E06000056","Central Bedfordshire","Lives in a household","Aged 8 to 9 years","Female",3658
"E06000056","Central Bedfordshire","Lives in a household","Aged 10 to 14 years","Female",8763
"E06000056","Central Bedfordshire","Lives in a household","Aged 15 years","Female",1603
"E06000056","Central Bedfordshire","Lives in a household","Aged 16 to 17 years","Female",3105
"E06000056","Central Bedfordshire","Lives in a household","Aged 18 to 19 years","Female",2317
"E06000056","Central Bedfordshire","Lives in a household","Aged 20 to 24 years","Female",6444
"E06000056","Central Bedfordshire","Lives in a household","Aged 25 to 29 years","Female",9064
"E06000056","Central Bedfordshire","Lives in a household","Aged 30 to 34 years","Female",10933
"E06000056","Central Bedfordshire","Lives in a household","Aged 35 to 39 years","Female",10686
"E06000056","Central Bedfordshire","Lives in a household","Aged 40 to 44 years","Female",9901
"E06000056","Central Bedfordshire","Lives in a household","Aged 45 to 49 years","Female",9842
"E06000056","Central Bedfordshire","Lives in a household","Aged 50 to 54 years","Female",10645
"E06000056","Central Bedfordshire","Lives in a household","Aged 55 to 59 years","Female",10559
"E06000056","Central Bedfordshire","Lives in a household","Aged 60 to 64 years","Female",8713
"E06000056","Central Bedfordshire","Lives in a household","Aged 65 years","Female",1536
"E06000056","Central Bedfordshire","Lives in a household","Aged 66 to 69 years","Female",5954
"E06000056","Central Bedfordshire","Lives in a household","Aged 70 to 74 years","Female",7618
"E06000056","Central Bedfordshire","Lives in a household","Aged 75 to 79 years","Female",5540
"E06000056","Central Bedfordshire","Lives in a household","Aged 80 to 84 years","Female",3677
"E06000056","Central Bedfordshire","Lives in a household","Aged 85 years and over","Female",3373
"E07000008","Cambridge","Lives in a household","Total","Female",63234
"E07000008","Cambridge","Lives in a household","Aged 2 years and under","Female",1812
"E07000008","Cambridge","Lives in a household","Aged 3 to 4 years","Female",1241
"E07000008","Cambridge","Lives in a household","Aged 5 to 7 years","Female",1915
"E07000008","Cambridge","Lives in a household","Aged 8 to 9 years","Female",1307
"E07000008","Cambridge","Lives in a household","Aged 10 to 14 years","Female",3210
"E07000008","Cambridge","Lives in a household","Aged 15 years","Female",569
"E07000008","Cambridge","Lives in a household","Aged 16 to 17 years","Female",1179
"E07000008","Cambridge","Lives in a household","Aged 18 to 19 years","Female",1120
"E07000008","Cambridge","Lives in a household","Aged 20 to 24 years","Female",5324
"E07000008","Cambridge","Lives in a household","Aged 25 to 29 years","Female",6923
"E07000008","Cambridge","Lives in a household","Aged 30 to 34 years","Female",6429
"E07000008","Cambridge","Lives in a household","Aged 35 to 39 years","Female",5106
"E07000008","Cambridge","Lives in a household","Aged 40 to 44 years","Female",4422
"E07000008","Cambridge","Lives in a household","Aged 45 to 49 years","Female",3991
"E07000008","Cambridge","Lives in a household","Aged 50 to 54 years","Female",3991
"E07000008","Cambridge","Lives in a household","Aged 55 to 59 years","Female",3400
"E07000008","Cambridge","Lives in a household","Aged 60 to 64 years","Female",2594
"E07000008","Cambridge","Lives in a household","Aged 65 years","Female",500
"E07000008","Cambridge","Lives in a household","Aged 66 to 69 years","Female",1846
"E07000008","Cambridge","Lives in a household","Aged 70 to 74 years","Female",2163
"E07000008","Cambridge","Lives in a household","Aged 75 to 79 years","Female",1610
"E07000008","Cambridge","Lives in a household","Aged 80 to 84 years","Female",1281
"E07000008","Cambridge","Lives in a household","Aged 85 years and over","Female",1301
"E07000009","East Cambridgeshire","Lives in a household","Total","Female",44249
"E07000009","East Cambridgeshire","Lives in a household","Aged 2 years and under","Female",1315
"E07000009","East Cambridgeshire","Lives in a household","Aged 3 to 4 years","Female",940
"E07000009","East Cambridgeshire","Lives in a household","Aged 5 to 7 years","Female",1512
"E07000009","East Cambridgeshire","Lives in a household","Aged 8 to 9 years","Female",1102
"E07000009","East Cambridgeshire","Lives in a household","Aged 10 to 14 years","Female",2633
"E07000009","East Cambridgeshire","Lives in a household","Aged 15 years","Female",484
"E07000009","East Cambridgeshire","Lives in a household","Aged 16 to 17 years","Female",901
"E07000009","East Cambridgeshire","Lives in a household","Aged 18 to 19 years","Female",657
"E07000009","East Cambridgeshire","Lives in a household","Aged 20 to 24 years","Female",1785
"E07000009","East Cambridgeshire","Lives in a household","Aged 25 to 29 years","Female",2366
"E07000009","East Cambridgeshire","Lives in a household","Aged 30 to 34 years","Female",2756
"E07000009","East Cambridgeshire","Lives in a household","Aged 35 to 39 years","Female",3063
"E07000009","East Cambridgeshire","Lives in a household","Aged 40 to 44 years","Female",3035
"E07000009","East Cambridgeshire","Lives in a household","Aged 45 to 49 years","Female",3134
"E07000009","East Cambridgeshire","Lives in a household","Aged 50 to 54 years","Female",3294
"E07000009","East Cambridgeshire","Lives in a household","Aged 55 to 59 years","Female",3067
"E07000009","East Cambridgeshire","Lives in a household","Aged 60 to 64 years","Female",2713
"E07000009","East Cambridgeshire","Lives in a household","Aged 65 years","Female",487
"E07000009","East Cambridgeshire","Lives in a household","Aged 66 to 69 years","Female",1976
"E07000009","East Cambridgeshire","Lives in a household","Aged 70 to 74 years","Female",2570
"E07000009","East Cambridgeshire","Lives in a household","Aged 75 to 79 years","Female",1856
"E07000009","East Cambridgeshire","Lives in a household","Aged 80 to 84 years","Female",1301
"E07000009","East Cambridgeshire","Lives in a household","Aged 85 years and over","Female",1302
"E07000010","Fenland","Lives in a household","Total","Female",51712
"E07000010","Fenland","Lives in a household","Aged 2 years and under","Female",1474
"E07000010","Fenland","Lives in a household","Aged 3 to 4 years","Female",1053
"E07000010","Fenland","Lives in a household","Aged 5 to 7 years","Female",1656
"E07000010","Fenland","Lives in a household","Aged 8 to 9 years","Female",1123
"E07000010","Fenland","Lives in a household","Aged 10 to 14 years","Female",2767
"E07000010","Fenland","Lives in a household","Aged 15 years","Female",512
"E07000010","Fenland","Lives in a household","Aged 16 to 17 years","Female",1028
"E07000010","Fenland","Lives in a household","Aged 18 to 19 years","Female",879
"E07000010","Fenland","Lives in a household","Aged 20 to 24 years","Female",2491
"E07000010","Fenland","Lives in a household","Aged 25 to 29 years","Female",3111
"E07000010","Fenland","Lives in a household","Aged 30 to 34 years","Female",3293
"E07000010","Fenland","Lives in a household","Aged 35 to 39 years","Female",3172
"E07000010","Fenland","Lives in a household","Aged 40 to 44 years","Female",2845
"E07000010","Fenland","Lives in a household","Aged 45 to 49 years","Female",3175
"E07000010","Fenland","Lives in a household","Aged 50 to 54 years","Female",3807
"E07000010","Fenland","Lives in a household","Aged 55 to 59 years","Female",3827
"E07000010","Fenland","Lives in a household","Aged 60 to 64 years","Female",3369
"E07000010","Fenland","Lives in a household","Aged 65 years","Female",622
"E07000010","Fenland","Lives in a household","Aged 66 to 69 years","Female",2553
"E07000010","Fenland","Lives in a household","Aged 70 to 74 years","Female",3264
"E07000010","Fenland","Lives in a household","Aged 75 to 79 years","Female",2370
"E07000010","Fenland","Lives in a household","Aged 80 to 84 years","Female",1669
"E07000010","Fenland","Lives in a household","Aged 85 years and over","Female",1652
"E07000011","Huntingdonshire","Lives in a household","Total","Female",90419
"E07000011","Huntingdonshire","Lives in a household","Aged 2 years and under","Female",2752
"E07000011","Huntingdonshire","Lives in a household","Aged 3 to 4 years","Female",1957
"E07000011","Huntingdonshire","Lives in a household","Aged 5 to 7 years","Female",3036
"E07000011","Huntingdonshire","Lives in a household","Aged 8 to 9 years","Female",2117
"E07000011","Huntingdonshire","Lives in a household","Aged 10 to 14 years","Female",5032
"E07000011","Huntingdonshire","Lives in a household","Aged 15 years","Female",900
"E07000011","Huntingdonshire","Lives in a household","Aged 16 to 17 years","Female",1844
"E07000011","Huntingdonshire","Lives in a household","Aged 18 to 19 years","Female",1429
"E07000011","Huntingdonshire","Lives in a household","Aged 20 to 24 years","Female",4000
"E07000011","Huntingdonshire","Lives in a household","Aged 25 to 29 years","Female",5347
"E07000011","Huntingdonshire","Lives in a household","Aged 30 to 34 years","Female",6157
"E07000011","Huntingdonshire","Lives in a household","Aged 35 to 39 years","Female",6115
"E07000011","Huntingdonshire","Lives in a household","Aged 40 to 44 years","Female",5789
"E07000011","Huntingdonshire","Lives in a household","Aged 45 to 49 years","Female",6151
"E07000011","Huntingdonshire","Lives in a household","Aged 50 to 54 years","Female",6632
"E07000011","Huntingdonshire","Lives in a household","Aged 55 to 59 years","Female",6582
"E07000011","Huntingdonshire","Lives in a household","Aged 60 to 64 years","Female",5586
"E07000011","Huntingdonshire","Lives in a household","Aged 65 years","Female",1003
"E07000011","Huntingdonshire","Lives in a household","Aged 66 to 69 years","Female",3982
"E07000011","Huntingdonshire","Lives in a household","Aged 70 to 74 years","Female",5312
"E07000011","Huntingdonshire","Lives in a household","Aged 75 to 79 years","Female",3852
"E07000011","Huntingdonshire","Lives in a household","Aged 80 to 84 years","Female",2640
"E07000011","Huntingdonshire","Lives in a household","Aged 85 years and over","Female",2204
"E07000012","South Cambridgeshire","Lives in a household","Total","Female",81852
"E07000012","South Cambridgeshire","Lives in a household","Aged 2 years and under","Female",2483
"E07000012","South Cambridgeshire","Lives in a household","Aged 3 to 4 years","Female",1824
"E07000012","South Cambridgeshire","Lives in a household","Aged 5 to 7 years","Female",2984
"E07000012","South Cambridgeshire","Lives in a household","Aged 8 to 9 years","Female",2168
"E07000012","South Cambridgeshire","Lives in a household","Aged 10 to 14 years","Female",5099
"E07000012","South Cambridgeshire","Lives in a household","Aged 15 years","Female",974
"E07000012","South Cambridgeshire","Lives in a household","Aged 16 to 17 years","Female",1814
"E07000012","South Cambridgeshire","Lives in a household","Aged 18 to 19 years","Female",1301
"E07000012","South Cambridgeshire","Lives in a household","Aged 20 to 24 years","Female",2961
"E07000012","South Cambridgeshire","Lives in a household","Aged 25 to 29 years","Female",4240
"E07000012","South Cambridgeshire","Lives in a household","Aged 30 to 34 years","Female",5187
"E07000012","South Cambridgeshire","Lives in a household","Aged 35 to 39 years","Female",5724
"E07000012","South Cambridgeshire","Lives in a household","Aged 40 to 44 years","Female",6057
"E07000012","South Cambridgeshire","Lives in a household","Aged 45 to 49 years","Female",6030
"E07000012","South Cambridgeshire","Lives in a household","Aged 50 to 54 years","Female",6099
"E07000012","South Cambridgeshire","Lives in a household","Aged 55 to 59 years","Female",5631
"E07000012","South Cambridgeshire","Lives in a household","Aged 60 to 64 years","Female",4660
"E07000012","South Cambridgeshire","Lives in a household","Aged 65 years","Female",848
"E07000012","South Cambridgeshire","Lives in a household","Aged 66 to 69 years","Female",3348
"E07000012","South Cambridgeshire","Lives in a household","Aged 70 to 74 years","Female",4434
"E07000012","South Cambridgeshire","Lives in a household","Aged 75 to 79 years","Female",3289
"E07000012","South Cambridgeshire","Lives in a household","Aged 80 to 84 years","Female",2366
"E07000012","South Cambridgeshire","Lives in a household","Aged 85 years and over","Female",2331
"E07000066","Basildon","Lives in a household","Total","Female",95997
"E07000066","Basildon","Lives in a household","Aged 2 years and under","Female",3516
"E07000066","Basildon","Lives in a household","Aged 3 to 4 years","Female",2410
"E07000066","Basildon","Lives in a household","Aged 5 to 7 years","Female",3649
"E07000066","Basildon","Lives in a household","Aged 8 to 9 years","Female",2497
"E07000066","Basildon","Lives in a household","Aged 10 to 14 years","Female",5833
"E07000066","Basildon","Lives in a household","Aged 15 years","Female",1059
"E07000066","Basildon","Lives in a household","Aged 16 to 17 years","Female",2105
"E07000066","Basildon","Lives in a household","Aged 18 to 19 years","Female",1750
"E07000066","Basildon","Lives in a household","Aged 20 to 24 years","Female",4827
"E07000066","Basildon","Lives in a household","Aged 25 to 29 years","Female",6410
"E07000066","Basildon","Lives in a household","Aged 30 to 34 years","Female",7329
"E07000066","Basildon","Lives in a household","Aged 35 to 39 years","Female",6842
"E07000066","Basildon","Lives in a household","Aged 40 to 44 years","Female",6180
"E07000066","Basildon","Lives in a household","Aged 45 to 49 years","Female",6014
"E07000066","Basildon","Lives in a household","Aged 50 to 54 years","Female",6623
"E07000066","Basildon","Lives in a household","Aged 55 to 59 years","Female",6285
"E07000066","Basildon","Lives in a household","Aged 60 to 64 years","Female",5267
"E07000066","Basildon","Lives in a household","Aged 65 years","Female",882
"E07000066","Basildon","Lives in a household","Aged 66 to 69 years","Female",3590
"E07000066","Basildon","Lives in a household","Aged 70 to 74 years","Female",4683
"E07000066","Basildon","Lives in a household","Aged 75 to 79 years","Female",3342
"E07000066","Basildon","Lives in a household","Aged 80 to 84 years","Female",2456
"E07000066","Basildon","Lives in a household","Aged 85 years and over","Female",2448
"E07000067","Braintree","Lives in a household","Total","Female",78387
"E07000067","Braintree","Lives in a household","Aged 2 years and under","Female",2386
"E07000067","Braintree","Lives in a household","Aged 3 to 4 years","Female",1710
"E07000067","Braintree","Lives in a household","Aged 5 to 7 years","Female",2501
"E07000067","Braintree","Lives in a household","Aged 8 to 9 years","Female",1810
"E07000067","Braintree","Lives in a household","Aged 10 to 14 years","Female",4571
"E07000067","Braintree","Lives in a household","Aged 15 years","Female",941
"E07000067","Braintree","Lives in a household","Aged 16 to 17 years","Female",1780
"E07000067","Braintree","Lives in a household","Aged 18 to 19 years","Female",1246
"E07000067","Braintree","Lives in a household","Aged 20 to 24 years","Female",3622
"E07000067","Braintree","Lives in a household","Aged 25 to 29 years","Female",4662
"E07000067","Braintree","Lives in a household","Aged 30 to 34 years","Female",5124
"E07000067","Braintree","Lives in a household","Aged 35 to 39 years","Female",4963
"E07000067","Braintree","Lives in a household","Aged 40 to 44 years","Female",4854
"E07000067","Braintree","Lives in a household","Aged 45 to 49 years","Female",5321
"E07000067","Braintree","Lives in a household","Aged 50 to 54 years","Female",5996
"E07000067","Braintree","Lives in a household","Aged 55 to 59 years","Female",5673
"E07000067","Braintree","Lives in a household","Aged 60 to 64 years","Female",4748
"E07000067","Braintree","Lives in a household","Aged 65 years","Female",829
"E07000067","Braintree","Lives in a household","Aged 66 to 69 years","Female",3441
"E07000067","Braintree","Lives in a household","Aged 70 to 74 years","Female",4733
"E07000067","Braintree","Lives in a household","Aged 75 to 79 years","Female",3264
"E07000067","Braintree","Lives in a household","Aged 80 to 84 years","Female",2168
"E07000067","Braintree","Lives in a household","Aged 85 years and over","Female",2044
"E07000068","Brentwood","Lives in a household","Total","Female",39153
"E07000068","Brentwood","Lives in a household","Aged 2 years and under","Female",1235
"E07000068","Brentwood","Lives in a household","Aged 3 to 4 years","Female",825
"E07000068","Brentwood","Lives in a household","Aged 5 to 7 years","Female",1306
"E07000068","Brentwood","Lives in a household","Aged 8 to 9 years","Female",861
"E07000068","Brentwood","Lives in a household","Aged 10 to 14 years","Female",2178
"E07000068","Brentwood","Lives in a household","Aged 15 years","Female",429
"E07000068","Brentwood","Lives in a household","Aged 16 to 17 years","Female",867
"E07000068","Brentwood","Lives in a household","Aged 18 to 19 years","Female",587
"E07000068","Brentwood","Lives in a household","Aged 20 to 24 years","Female",1820
"E07000068","Brentwood","Lives in a household","Aged 25 to 29 years","Female",2377
"E07000068","Brentwood","Lives in a household","Aged 30 to 34 years","Female",2611
"E07000068","Brentwood","Lives in a household","Aged 35 to 39 years","Female",2675
"E07000068","Brentwood","Lives in a household","Aged 40 to 44 years","Female",2565
"E07000068","Brentwood","Lives in a household","Aged 45 to 49 years","Female",2571
"E07000068","Brentwood","Lives in a household","Aged 50 to 54 years","Female",2852
"E07000068","Brentwood","Lives in a household","Aged 55 to 59 years","Female",2886
"E07000068","Brentwood","Lives in a household","Aged 60 to 64 years","Female",2292
"E07000068","Brentwood","Lives in a household","Aged 65 years","Female",421
"E07000068","Brentwood","Lives in a household","Aged 66 to 69 years","Female",1511
"E07000068","Brentwood","Lives in a household","Aged 70 to 74 years","Female",2075
"E07000068","Brentwood","Lives in a household","Aged 75 to 79 years","Female",1584
"E07000068","Brentwood","Lives in a household","Aged 80 to 84 years","Female",1252
"E07000068","Brentwood","Lives in a household","Aged 85 years and over","Female",1373
"E07000069","Castle Point","Lives in a household","Total","Female",45923
"E07000069","Castle Point","Lives in a household","Aged 2 years and under","Female",1209
"E07000069","Castle Point","Lives in a household","Aged 3 to 4 years","Female",868
"E07000069","Castle Point","Lives in a household","Aged 5 to 7 years","Female",1394
"E07000069","Castle Point","Lives in a household","Aged 8 to 9 years","Female",949
"E07000069","Castle Point","Lives in a household","Aged 10 to 14 years","Female",2532
"E07000069","Castle Point","Lives in a household","Aged 15 years","Female",471
"E07000069","Castle Point","Lives in a household","Aged 16 to 17 years","Female",962
"E07000069","Castle Point","Lives in a household","Aged 18 to 19 years","Female",795
"E07000069","Castle Point","Lives in a household","Aged 20 to 24 years","Female",2165
"E07000069","Castle Point","Lives in a household","Aged 25 to 29 years","Female",2410
"E07000069","Castle Point","Lives in a household","Aged 30 to 34 years","Female",2598
"E07000069","Castle Point","Lives in a household","Aged 35 to 39 years","Female",2588
"E07000069","Castle Point","Lives in a household","Aged 40 to 44 years","Female",2527
"E07000069","Castle Point","Lives in a household","Aged 45 to 49 years","Female",2766
"E07000069","Castle Point","Lives in a household","Aged 50 to 54 years","Female",3277
"E07000069","Castle Point","Lives in a household","Aged 55 to 59 years","Female",3248
"E07000069","Castle Point","Lives in a household","Aged 60 to 64 years","Female",2884
"E07000069","Castle Point","Lives in a household","Aged 65 years","Female",524
"E07000069","Castle Point","Lives in a household","Aged 66 to 69 years","Female",2286
"E07000069","Castle Point","Lives in a household","Aged 70 to 74 years","Female",3476
"E07000069","Castle Point","Lives in a household","Aged 75 to 79 years","Female",2597
"E07000069","Castle Point","Lives in a household","Aged 80 to 84 years","Female",1835
"E07000069","Castle Point","Lives in a household","Aged 85 years and over","Female",1562
"E07000070","Chelmsford","Lives in a household","Total","Female",91232
"E07000070","Chelmsford","Lives in a household","Aged 2 years and under","Female",2729
"E07000070","Chelmsford","Lives in a household","Aged 3 to 4 years","Female",2127
"E07000070","Chelmsford","Lives in a household","Aged 5 to 7 years","Female",3027
"E07000070","Chelmsford","Lives in a household","Aged 8 to 9 years","Female",2130
"E07000070","Chelmsford","Lives in a household","Aged 10 to 14 years","Female",5316
"E07000070","Chelmsford","Lives in a household","Aged 15 years","Female",1018
"E07000070","Chelmsford","Lives in a household","Aged 16 to 17 years","Female",1985
"E07000070","Chelmsford","Lives in a household","Aged 18 to 19 years","Female",1461
"E07000070","Chelmsford","Lives in a household","Aged 20 to 24 years","Female",4303
"E07000070","Chelmsford","Lives in a household","Aged 25 to 29 years","Female",5856
"E07000070","Chelmsford","Lives in a household","Aged 30 to 34 years","Female",6411
"E07000070","Chelmsford","Lives in a household","Aged 35 to 39 years","Female",6300
"E07000070","Chelmsford","Lives in a household","Aged 40 to 44 years","Female",6196
"E07000070","Chelmsford","Lives in a household","Aged 45 to 49 years","Female",6173
"E07000070","Chelmsford","Lives in a household","Aged 50 to 54 years","Female",6497
"E07000070","Chelmsford","Lives in a household","Aged 55 to 59 years","Female",6060
"E07000070","Chelmsford","Lives in a household","Aged 60 to 64 years","Female",5109
"E07000070","Chelmsford","Lives in a household","Aged 65 years","Female",975
"E07000070","Chelmsford","Lives in a household","Aged 66 to 69 years","Female",3525
"E07000070","Chelmsford","Lives in a household","Aged 70 to 74 years","Female",5134
"E07000070","Chelmsford","Lives in a household","Aged 75 to 79 years","Female",3661
"E07000070","Chelmsford","Lives in a household","Aged 80 to 84 years","Female",2660
"E07000070","Chelmsford","Lives in a household","Aged 85 years and over","Female",2579
"E07000071","Colchester","Lives in a household","Total","Female",95857
"E07000071","Colchester","Lives in a household","Aged 2 years and under","Female",3075
"E07000071","Colchester","Lives in a household","Aged 3 to 4 years","Female",2194
"E07000071","Colchester","Lives in a household","Aged 5 to 7 years","Female",3427
"E07000071","Colchester","Lives in a household","Aged 8 to 9 years","Female",2347
"E07000071","Colchester","Lives in a household","Aged 10 to 14 years","Female",5667
"E07000071","Colchester","Lives in a household","Aged 15 years","Female",1036
"E07000071","Colchester","Lives in a household","Aged 16 to 17 years","Female",2013
"E07000071","Colchester","Lives in a household","Aged 18 to 19 years","Female",1757
"E07000071","Colchester","Lives in a household","Aged 20 to 24 years","Female",5904
"E07000071","Colchester","Lives in a household","Aged 25 to 29 years","Female",6314
"E07000071","Colchester","Lives in a household","Aged 30 to 34 years","Female",6975
"E07000071","Colchester","Lives in a household","Aged 35 to 39 years","Female",6695
"E07000071","Colchester","Lives in a household","Aged 40 to 44 years","Female",6399
"E07000071","Colchester","Lives in a household","Aged 45 to 49 years","Female",6172
"E07000071","Colchester","Lives in a household","Aged 50 to 54 years","Female",6591
"E07000071","Colchester","Lives in a household","Aged 55 to 59 years","Female",6099
"E07000071","Colchester","Lives in a household","Aged 60 to 64 years","Female",5128
"E07000071","Colchester","Lives in a household","Aged 65 years","Female",880
"E07000071","Colchester","Lives in a household","Aged 66 to 69 years","Female",3584
"E07000071","Colchester","Lives in a household","Aged 70 to 74 years","Female",5139
"E07000071","Colchester","Lives in a household","Aged 75 to 79 years","Female",3637
"E07000071","Colchester","Lives in a household","Aged 80 to 84 years","Female",2445
"E07000071","Colchester","Lives in a household","Aged 85 years and over","Female",2379
"E07000072","Epping Forest","Lives in a household","Total","Female",68792
"E07000072","Epping Forest","Lives in a household","Aged 2 years and under","Female",2255
"E07000072","Epping Forest","Lives in a household","Aged 3 to 4 years","Female",1559
"E07000072","Epping Forest","Lives in a household","Aged 5 to 7 years","Female",2290
"E07000072","Epping Forest","Lives in a household","Aged 8 to 9 years","Female",1535
"E07000072","Epping Forest","Lives in a household","Aged 10 to 14 years","Female",3801
"E07000072","Epping Forest","Lives in a household","Aged 15 years","Female",738
"E07000072","Epping Forest","Lives in a household","Aged 16 to 17 years","Female",1490
"E07000072","Epping Forest","Lives in a household","Aged 18 to 19 years","Female",1120
"E07000072","Epping Forest","Lives in a household","Aged 20 to 24 years","Female",3282
"E07000072","Epping Forest","Lives in a household","Aged 25 to 29 years","Female",3866
"E07000072","Epping Forest","Lives in a household","Aged 30 to 34 years","Female",4658
"E07000072","Epping Forest","Lives in a household","Aged 35 to 39 years","Female",4753
"E07000072","Epping Forest","Lives in a household","Aged 40 to 44 years","Female",4675
"E07000072","Epping Forest","Lives in a household","Aged 45 to 49 years","Female",4558
"E07000072","Epping Forest","Lives in a household","Aged 50 to 54 years","Female",5199
"E07000072","Epping Forest","Lives in a household","Aged 55 to 59 years","Female",5102
"E07000072","Epping Forest","Lives in a household","Aged 60 to 64 years","Female",4073
"E07000072","Epping Forest","Lives in a household","Aged 65 years","Female",713
"E07000072","Epping Forest","Lives in a household","Aged 66 to 69 years","Female",2814
"E07000072","Epping Forest","Lives in a household","Aged 70 to 74 years","Female",3605
"E07000072","Epping Forest","Lives in a household","Aged 75 to 79 years","Female",2720
"E07000072","Epping Forest","Lives in a household","Aged 80 to 84 years","Female",1927
"E07000072","Epping Forest","Lives in a household","Aged 85 years and over","Female",2059
"E07000073","Harlow","Lives in a household","Total","Female",47678
"E07000073","Harlow","Lives in a household","Aged 2 years and under","Female",1782
"E07000073","Harlow","Lives in a household","Aged 3 to 4 years","Female",1276
"E07000073","Harlow","Lives in a household","Aged 5 to 7 years","Female",1912
"E07000073","Harlow","Lives in a household","Aged 8 to 9 years","Female",1280
"E07000073","Harlow","Lives in a household","Aged 10 to 14 years","Female",3077
"E07000073","Harlow","Lives in a household","Aged 15 years","Female",511
"E07000073","Harlow","Lives in a household","Aged 16 to 17 years","Female",1029
"E07000073","Harlow","Lives in a household","Aged 18 to 19 years","Female",874
"E07000073","Harlow","Lives in a household","Aged 20 to 24 years","Female",2407
"E07000073","Harlow","Lives in a household","Aged 25 to 29 years","Female",3434
"E07000073","Harlow","Lives in a household","Aged 30 to 34 years","Female",4135
"E07000073","Harlow","Lives in a household","Aged 35 to 39 years","Female",3858
"E07000073","Harlow","Lives in a household","Aged 40 to 44 years","Female",3278
"E07000073","Harlow","Lives in a household","Aged 45 to 49 years","Female",2863
"E07000073","Harlow","Lives in a household","Aged 50 to 54 years","Female",3089
"E07000073","Harlow","Lives in a household","Aged 55 to 59 years","Female",2901
"E07000073","Harlow","Lives in a household","Aged 60 to 64 years","Female",2539
"E07000073","Harlow","Lives in a household","Aged 65 years","Female",442
"E07000073","Harlow","Lives in a household","Aged 66 to 69 years","Female",1607
"E07000073","Harlow","Lives in a household","Aged 70 to 74 years","Female",1808
"E07000073","Harlow","Lives in a household","Aged 75 to 79 years","Female",1367
"E07000073","Harlow","Lives in a household","Aged 80 to 84 years","Female",1036
"E07000073","Harlow","Lives in a household","Aged 85 years and over","Female",1173
"E07000074","Maldon","Lives in a household","Total","Female",33490
"E07000074","Maldon","Lives in a household","Aged 2 years and under","Female",890
"E07000074","Maldon","Lives in a household","Aged 3 to 4 years","Female",618
"E07000074","Maldon","Lives in a household","Aged 5 to 7 years","Female",969
"E07000074","Maldon","Lives in a household","Aged 8 to 9 years","Female",685
"E07000074","Maldon","Lives in a household","Aged 10 to 14 years","Female",1771
"E07000074","Maldon","Lives in a household","Aged 15 years","Female",315
"E07000074","Maldon","Lives in a household","Aged 16 to 17 years","Female",696
"E07000074","Maldon","Lives in a household","Aged 18 to 19 years","Female",587
"E07000074","Maldon","Lives in a household","Aged 20 to 24 years","Female",1498
"E07000074","Maldon","Lives in a household","Aged 25 to 29 years","Female",1682
"E07000074","Maldon","Lives in a household","Aged 30 to 34 years","Female",1763
"E07000074","Maldon","Lives in a household","Aged 35 to 39 years","Female",1725
"E07000074","Maldon","Lives in a household","Aged 40 to 44 years","Female",1795
"E07000074","Maldon","Lives in a household","Aged 45 to 49 years","Female",2209
"E07000074","Maldon","Lives in a household","Aged 50 to 54 years","Female",2771
"E07000074","Maldon","Lives in a household","Aged 55 to 59 years","Female",2619
"E07000074","Maldon","Lives in a household","Aged 60 to 64 years","Female",2401
"E07000074","Maldon","Lives in a household","Aged 65 years","Female",447
"E07000074","Maldon","Lives in a household","Aged 66 to 69 years","Female",1657
"E07000074","Maldon","Lives in a household","Aged 70 to 74 years","Female",2421
"E07000074","Maldon","Lives in a household","Aged 75 to 79 years","Female",1757
"E07000074","Maldon","Lives in a household","Aged 80 to 84 years","Female",1169
"E07000074","Maldon","Lives in a household","Aged 85 years and over","Female",1045
"E07000075","Rochford","Lives in a household","Total","Female",43975
"E07000075","Rochford","Lives in a household","Aged 2 years and under","Female",1290
"E07000075","Rochford","Lives in a household","Aged 3 to 4 years","Female",857
"E07000075","Rochford","Lives in a household","Aged 5 to 7 years","Female",1354
"E07000075","Rochford","Lives in a household","Aged 8 to 9 years","Female",888
"E07000075","Rochford","Lives in a household","Aged 10 to 14 years","Female",2478
"E07000075","Rochford","Lives in a household","Aged 15 years","Female",462
"E07000075","Rochford","Lives in a household","Aged 16 to 17 years","Female",965
"E07000075","Rochford","Lives in a household","Aged 18 to 19 years","Female",730
"E07000075","Rochford","Lives in a household","Aged 20 to 24 years","Female",1997
"E07000075","Rochford","Lives in a household","Aged 25 to 29 years","Female",2264
"E07000075","Rochford","Lives in a household","Aged 30 to 34 years","Female",2446
"E07000075","Rochford","Lives in a household","Aged 35 to 39 years","Female",2512
"E07000075","Rochford","Lives in a household","Aged 40 to 44 years","Female",2632
"E07000075","Rochford","Lives in a household","Aged 45 to 49 years","Female",2864
"E07000075","Rochford","Lives in a household","Aged 50 to 54 years","Female",3403
"E07000075","Rochford","Lives in a household","Aged 55 to 59 years","Female",3230
"E07000075","Rochford","Lives in a household","Aged 60 to 64 years","Female",2766
"E07000075","Rochford","Lives in a household","Aged 65 years","Female",507
"E07000075","Rochford","Lives in a household","Aged 66 to 69 years","Female",1981
"E07000075","Rochford","Lives in a household","Aged 70 to 74 years","Female",2948
"E07000075","Rochford","Lives in a household","Aged 75 to 79 years","Female",2247
"E07000075","Rochford","Lives in a household","Aged 80 to 84 years","Female",1539
"E07000075","Rochford","Lives in a household","Aged 85 years and over","Female",1615
"E07000076","Tendring","Lives in a household","Total","Female",75769
"E07000076","Tendring","Lives in a household","Aged 2 years and under","Female",1881
"E07000076","Tendring","Lives in a household","Aged 3 to 4 years","Female",1377
"E07000076","Tendring","Lives in a household","Aged 5 to 7 years","Female",2108
"E07000076","Tendring","Lives in a household","Aged 8 to 9 years","Female",1563
"E07000076","Tendring","Lives in a household","Aged 10 to 14 years","Female",3842
"E07000076","Tendring","Lives in a household","Aged 15 years","Female",697
"E07000076","Tendring","Lives in a household","Aged 16 to 17 years","Female",1404
"E07000076","Tendring","Lives in a household","Aged 18 to 19 years","Female",1180
"E07000076","Tendring","Lives in a household","Aged 20 to 24 years","Female",3293
"E07000076","Tendring","Lives in a household","Aged 25 to 29 years","Female",3725
"E07000076","Tendring","Lives in a household","Aged 30 to 34 years","Female",3888
"E07000076","Tendring","Lives in a household","Aged 35 to 39 years","Female",3579
"E07000076","Tendring","Lives in a household","Aged 40 to 44 years","Female",3660
"E07000076","Tendring","Lives in a household","Aged 45 to 49 years","Female",4223
"E07000076","Tendring","Lives in a household","Aged 50 to 54 years","Female",5138
"E07000076","Tendring","Lives in a household","Aged 55 to 59 years","Female",5755
"E07000076","Tendring","Lives in a household","Aged 60 to 64 years","Female",5479
"E07000076","Tendring","Lives in a household","Aged 65 years","Female",1048
"E07000076","Tendring","Lives in a household","Aged 66 to 69 years","Female",4324
"E07000076","Tendring","Lives in a household","Aged 70 to 74 years","Female",6352
"E07000076","Tendring","Lives in a household","Aged 75 to 79 years","Female",4805
"E07000076","Tendring","Lives in a household","Aged 80 to 84 years","Female",3217
"E07000076","Tendring","Lives in a household","Aged 85 years and over","Female",3231
"E07000077","Uttlesford","Lives in a household","Total","Female",46145
"E07000077","Uttlesford","Lives in a household","Aged 2 years and under","Female",1357
"E07000077","Uttlesford","Lives in a household","Aged 3 to 4 years","Female",1060
"E07000077","Uttlesford","Lives in a household","Aged 5 to 7 years","Female",1678
"E07000077","Uttlesford","Lives in a household","Aged 8 to 9 years","Female",1141
"E07000077","Uttlesford","Lives in a household","Aged 10 to 14 years","Female",2845
"E07000077","Uttlesford","Lives in a household","Aged 15 years","Female",558
"E07000077","Uttlesford","Lives in a household","Aged 16 to 17 years","Female",1087
"E07000077","Uttlesford","Lives in a household","Aged 18 to 19 years","Female",718
"E07000077","Uttlesford","Lives in a household","Aged 20 to 24 years","Female",1881
"E07000077","Uttlesford","Lives in a household","Aged 25 to 29 years","Female",2215
"E07000077","Uttlesford","Lives in a household","Aged 30 to 34 years","Female",2772
"E07000077","Uttlesford","Lives in a household","Aged 35 to 39 years","Female",3007
"E07000077","Uttlesford","Lives in a household","Aged 40 to 44 years","Female",3066
"E07000077","Uttlesford","Lives in a household","Aged 45 to 49 years","Female",3246
"E07000077","Uttlesford","Lives in a household","Aged 50 to 54 years","Female",3613
"E07000077","Uttlesford","Lives in a household","Aged 55 to 59 years","Female",3513
"E07000077","Uttlesford","Lives in a household","Aged 60 to 64 years","Female",2933
"E07000077","Uttlesford","Lives in a household","Aged 65 years","Female",511
"E07000077","Uttlesford","Lives in a household","Aged 66 to 69 years","Female",1928
"E07000077","Uttlesford","Lives in a household","Aged 70 to 74 years","Female",2558
"E07000077","Uttlesford","Lives in a household","Aged 75 to 79 years","Female",1874
"E07000077","Uttlesford","Lives in a household","Aged 80 to 84 years","Female",1258
"E07000077","Uttlesford","Lives in a household","Aged 85 years and over","Female",1326
"E07000095","Broxbourne","Lives in a household","Total","Female",50973
"E07000095","Broxbourne","Lives in a household","Aged 2 years and under","Female",1708
"E07000095","Broxbourne","Lives in a household","Aged 3 to 4 years","Female",1248
"E07000095","Broxbourne","Lives in a household","Aged 5 to 7 years","Female",1834
"E07000095","Broxbourne","Lives in a household","Aged 8 to 9 years","Female",1238
"E07000095","Broxbourne","Lives in a household","Aged 10 to 14 years","Female",3055
"E07000095","Broxbourne","Lives in a household","Aged 15 years","Female",572
"E07000095","Broxbourne","Lives in a household","Aged 16 to 17 years","Female",1125
"E07000095","Broxbourne","Lives in a household","Aged 18 to 19 years","Female",871
"E07000095","Broxbourne","Lives in a household","Aged 20 to 24 years","Female",2497
"E07000095","Broxbourne","Lives in a household","Aged 25 to 29 years","Female",3097
"E07000095","Broxbourne","Lives in a household","Aged 30 to 34 years","Female",3705
"E07000095","Broxbourne","Lives in a household","Aged 35 to 39 years","Female",3795
"E07000095","Broxbourne","Lives in a household","Aged 40 to 44 years","Female",3438
"E07000095","Broxbourne","Lives in a household","Aged 45 to 49 years","Female",3367
"E07000095","Broxbourne","Lives in a household","Aged 50 to 54 years","Female",3687
"E07000095","Broxbourne","Lives in a household","Aged 55 to 59 years","Female",3456
"E07000095","Broxbourne","Lives in a household","Aged 60 to 64 years","Female",2782
"E07000095","Broxbourne","Lives in a household","Aged 65 years","Female",497
"E07000095","Broxbourne","Lives in a household","Aged 66 to 69 years","Female",1794
"E07000095","Broxbourne","Lives in a household","Aged 70 to 74 years","Female",2424
"E07000095","Broxbourne","Lives in a household","Aged 75 to 79 years","Female",1849
"E07000095","Broxbourne","Lives in a household","Aged 80 to 84 years","Female",1443
"E07000095","Broxbourne","Lives in a household","Aged 85 years and over","Female",1491
"E07000096","Dacorum","Lives in a household","Total","Female",78179
"E07000096","Dacorum","Lives in a household","Aged 2 years and under","Female",2750
"E07000096","Dacorum","Lives in a household","Aged 3 to 4 years","Female",1928
"E07000096","Dacorum","Lives in a household","Aged 5 to 7 years","Female",2958
"E07000096","Dacorum","Lives in a household","Aged 8 to 9 years","Female",1923
"E07000096","Dacorum","Lives in a household","Aged 10 to 14 years","Female",4801
"E07000096","Dacorum","Lives in a household","Aged 15 years","Female",874
"E07000096","Dacorum","Lives in a household","Aged 16 to 17 years","Female",1675
"E07000096","Dacorum","Lives in a household","Aged 18 to 19 years","Female",1189
"E07000096","Dacorum","Lives in a household","Aged 20 to 24 years","Female",3443
"E07000096","Dacorum","Lives in a household","Aged 25 to 29 years","Female",4630
"E07000096","Dacorum","Lives in a household","Aged 30 to 34 years","Female",5578
"E07000096","Dacorum","Lives in a household","Aged 35 to 39 years","Female",5671
"E07000096","Dacorum","Lives in a household","Aged 40 to 44 years","Female",5655
"E07000096","Dacorum","Lives in a household","Aged 45 to 49 years","Female",5378
"E07000096","Dacorum","Lives in a household","Aged 50 to 54 years","Female",5513
"E07000096","Dacorum","Lives in a household","Aged 55 to 59 years","Female",5388
"E07000096","Dacorum","Lives in a household","Aged 60 to 64 years","Female",4584
"E07000096","Dacorum","Lives in a household","Aged 65 years","Female",819
"E07000096","Dacorum","Lives in a household","Aged 66 to 69 years","Female",2835
"E07000096","Dacorum","Lives in a household","Aged 70 to 74 years","Female",3742
"E07000096","Dacorum","Lives in a household","Aged 75 to 79 years","Female",2665
"E07000096","Dacorum","Lives in a household","Aged 80 to 84 years","Female",1998
"E07000096","Dacorum","Lives in a household","Aged 85 years and over","Female",2182
"E07000098","Hertsmere","Lives in a household","Total","Female",55370
"E07000098","Hertsmere","Lives in a household","Aged 2 years and under","Female",1824
"E07000098","Hertsmere","Lives in a household","Aged 3 to 4 years","Female",1242
"E07000098","Hertsmere","Lives in a household","Aged 5 to 7 years","Female",2037
"E07000098","Hertsmere","Lives in a household","Aged 8 to 9 years","Female",1349
"E07000098","Hertsmere","Lives in a household","Aged 10 to 14 years","Female",3434
"E07000098","Hertsmere","Lives in a household","Aged 15 years","Female",683
"E07000098","Hertsmere","Lives in a household","Aged 16 to 17 years","Female",1351
"E07000098","Hertsmere","Lives in a household","Aged 18 to 19 years","Female",919
"E07000098","Hertsmere","Lives in a household","Aged 20 to 24 years","Female",2750
"E07000098","Hertsmere","Lives in a household","Aged 25 to 29 years","Female",3176
"E07000098","Hertsmere","Lives in a household","Aged 30 to 34 years","Female",3545
"E07000098","Hertsmere","Lives in a household","Aged 35 to 39 years","Female",4050
"E07000098","Hertsmere","Lives in a household","Aged 40 to 44 years","Female",4066
"E07000098","Hertsmere","Lives in a household","Aged 45 to 49 years","Female",3851
"E07000098","Hertsmere","Lives in a household","Aged 50 to 54 years","Female",3984
"E07000098","Hertsmere","Lives in a household","Aged 55 to 59 years","Female",3817
"E07000098","Hertsmere","Lives in a household","Aged 60 to 64 years","Female",3010
"E07000098","Hertsmere","Lives in a household","Aged 65 years","Female",551
"E07000098","Hertsmere","Lives in a household","Aged 66 to 69 years","Female",1964
"E07000098","Hertsmere","Lives in a household","Aged 70 to 74 years","Female",2688
"E07000098","Hertsmere","Lives in a household","Aged 75 to 79 years","Female",2008
"E07000098","Hertsmere","Lives in a household","Aged 80 to 84 years","Female",1444
"E07000098","Hertsmere","Lives in a household","Aged 85 years and over","Female",1627
"E07000099","North Hertfordshire","Lives in a household","Total","Female",67766
"E07000099","North Hertfordshire","Lives in a household","Aged 2 years and under","Female",2176
"E07000099","North Hertfordshire","Lives in a household","Aged 3 to 4 years","Female",1491
"E07000099","North Hertfordshire","Lives in a household","Aged 5 to 7 years","Female",2340
"E07000099","North Hertfordshire","Lives in a household","Aged 8 to 9 years","Female",1647
"E07000099","North Hertfordshire","Lives in a household","Aged 10 to 14 years","Female",4020
"E07000099","North Hertfordshire","Lives in a household","Aged 15 years","Female",753
"E07000099","North Hertfordshire","Lives in a household","Aged 16 to 17 years","Female",1447
"E07000099","North Hertfordshire","Lives in a household","Aged 18 to 19 years","Female",1040
"E07000099","North Hertfordshire","Lives in a household","Aged 20 to 24 years","Female",2928
"E07000099","North Hertfordshire","Lives in a household","Aged 25 to 29 years","Female",3826
"E07000099","North Hertfordshire","Lives in a household","Aged 30 to 34 years","Female",4542
"E07000099","North Hertfordshire","Lives in a household","Aged 35 to 39 years","Female",4680
"E07000099","North Hertfordshire","Lives in a household","Aged 40 to 44 years","Female",4911
"E07000099","North Hertfordshire","Lives in a household","Aged 45 to 49 years","Female",4924
"E07000099","North Hertfordshire","Lives in a household","Aged 50 to 54 years","Female",4799
"E07000099","North Hertfordshire","Lives in a household","Aged 55 to 59 years","Female",4769
"E07000099","North Hertfordshire","Lives in a household","Aged 60 to 64 years","Female",3864
"E07000099","North Hertfordshire","Lives in a household","Aged 65 years","Female",684
"E07000099","North Hertfordshire","Lives in a household","Aged 66 to 69 years","Female",2672
"E07000099","North Hertfordshire","Lives in a household","Aged 70 to 74 years","Female",3564
"E07000099","North Hertfordshire","Lives in a household","Aged 75 to 79 years","Female",2637
"E07000099","North Hertfordshire","Lives in a household","Aged 80 to 84 years","Female",1982
"E07000099","North Hertfordshire","Lives in a household","Aged 85 years and over","Female",2070
"E07000102","Three Rivers","Lives in a household","Total","Female",47800
"E07000102","Three Rivers","Lives in a household","Aged 2 years and under","Female",1495
"E07000102","Three Rivers","Lives in a household","Aged 3 to 4 years","Female",1034
"E07000102","Three Rivers","Lives in a household","Aged 5 to 7 years","Female",1668
"E07000102","Three Rivers","Lives in a household","Aged 8 to 9 years","Female",1254
"E07000102","Three Rivers","Lives in a household","Aged 10 to 14 years","Female",3145
"E07000102","Three Rivers","Lives in a household","Aged 15 years","Female",589
"E07000102","Three Rivers","Lives in a household","Aged 16 to 17 years","Female",1217
"E07000102","Three Rivers","Lives in a household","Aged 18 to 19 years","Female",773
"E07000102","Three Rivers","Lives in a household","Aged 20 to 24 years","Female",2052
"E07000102","Three Rivers","Lives in a household","Aged 25 to 29 years","Female",2459
"E07000102","Three Rivers","Lives in a household","Aged 30 to 34 years","Female",2865
"E07000102","Three Rivers","Lives in a household","Aged 35 to 39 years","Female",3373
"E07000102","Three Rivers","Lives in a household","Aged 40 to 44 years","Female",3576
"E07000102","Three Rivers","Lives in a household","Aged 45 to 49 years","Female",3522
"E07000102","Three Rivers","Lives in a household","Aged 50 to 54 years","Female",3536
"E07000102","Three Rivers","Lives in a household","Aged 55 to 59 years","Female",3391
"E07000102","Three Rivers","Lives in a household","Aged 60 to 64 years","Female",2773
"E07000102","Three Rivers","Lives in a household","Aged 65 years","Female",508
"E07000102","Three Rivers","Lives in a household","Aged 66 to 69 years","Female",1776
"E07000102","Three Rivers","Lives in a household","Aged 70 to 74 years","Female",2343
"E07000102","Three Rivers","Lives in a household","Aged 75 to 79 years","Female",1730
"E07000102","Three Rivers","Lives in a household","Aged 80 to 84 years","Female",1291
"E07000102","Three Rivers","Lives in a household","Aged 85 years and over","Female",1430
"E07000103","Watford","Lives in a household","Total","Female",51495
"E07000103","Watford","Lives in a household","Aged 2 years and under","Female",1891
"E07000103","Watford","Lives in a household","Aged 3 to 4 years","Female",1262
"E07000103","Watford","Lives in a household","Aged 5 to 7 years","Female",1997
"E07000103","Watford","Lives in a household","Aged 8 to 9 years","Female",1398
"E07000103","Watford","Lives in a household","Aged 10 to 14 years","Female",3265
"E07000103","Watford","Lives in a household","Aged 15 years","Female",591
"E07000103","Watford","Lives in a household","Aged 16 to 17 years","Female",1185
"E07000103","Watford","Lives in a household","Aged 18 to 19 years","Female",843
"E07000103","Watford","Lives in a household","Aged 20 to 24 years","Female",2634
"E07000103","Watford","Lives in a household","Aged 25 to 29 years","Female",4038
"E07000103","Watford","Lives in a household","Aged 30 to 34 years","Female",4560
"E07000103","Watford","Lives in a household","Aged 35 to 39 years","Female",4635
"E07000103","Watford","Lives in a household","Aged 40 to 44 years","Female",4270
"E07000103","Watford","Lives in a household","Aged 45 to 49 years","Female",3598
"E07000103","Watford","Lives in a household","Aged 50 to 54 years","Female",3410
"E07000103","Watford","Lives in a household","Aged 55 to 59 years","Female",2870
"E07000103","Watford","Lives in a household","Aged 60 to 64 years","Female",2294
"E07000103","Watford","Lives in a household","Aged 65 years","Female",389
"E07000103","Watford","Lives in a household","Aged 66 to 69 years","Female",1451
"E07000103","Watford","Lives in a household","Aged 70 to 74 years","Female",1710
"E07000103","Watford","Lives in a household","Aged 75 to 79 years","Female",1290
"E07000103","Watford","Lives in a household","Aged 80 to 84 years","Female",947
"E07000103","Watford","Lives in a household","Aged 85 years and over","Female",967
"E07000143","Breckland","Lives in a household","Total","Female",70445
"E07000143","Breckland","Lives in a household","Aged 2 years and under","Female",1939
"E07000143","Breckland","Lives in a household","Aged 3 to 4 years","Female",1341
"E07000143","Breckland","Lives in a household","Aged 5 to 7 years","Female",2158
"E07000143","Breckland","Lives in a household","Aged 8 to 9 years","Female",1576
"E07000143","Breckland","Lives in a household","Aged 10 to 14 years","Female",3698
"E07000143","Breckland","Lives in a household","Aged 15 years","Female",717
"E07000143","Breckland","Lives in a household","Aged 16 to 17 years","Female",1327
"E07000143","Breckland","Lives in a household","Aged 18 to 19 years","Female",1151
"E07000143","Breckland","Lives in a household","Aged 20 to 24 years","Female",3169
"E07000143","Breckland","Lives in a household","Aged 25 to 29 years","Female",3973
"E07000143","Breckland","Lives in a household","Aged 30 to 34 years","Female",4162
"E07000143","Breckland","Lives in a household","Aged 35 to 39 years","Female",3922
"E07000143","Breckland","Lives in a household","Aged 40 to 44 years","Female",3854
"E07000143","Breckland","Lives in a household","Aged 45 to 49 years","Female",4359
"E07000143","Breckland","Lives in a household","Aged 50 to 54 years","Female",5082
"E07000143","Breckland","Lives in a household","Aged 55 to 59 years","Female",5327
"E07000143","Breckland","Lives in a household","Aged 60 to 64 years","Female",4722
"E07000143","Breckland","Lives in a household","Aged 65 years","Female",895
"E07000143","Breckland","Lives in a household","Aged 66 to 69 years","Female",3601
"E07000143","Breckland","Lives in a household","Aged 70 to 74 years","Female",5035
"E07000143","Breckland","Lives in a household","Aged 75 to 79 years","Female",3591
"E07000143","Breckland","Lives in a household","Aged 80 to 84 years","Female",2499
"E07000143","Breckland","Lives in a household","Aged 85 years and over","Female",2347
"E07000144","Broadland","Lives in a household","Total","Female",66675
"E07000144","Broadland","Lives in a household","Aged 2 years and under","Female",1639
"E07000144","Broadland","Lives in a household","Aged 3 to 4 years","Female",1211
"E07000144","Broadland","Lives in a household","Aged 5 to 7 years","Female",1979
"E07000144","Broadland","Lives in a household","Aged 8 to 9 years","Female",1389
"E07000144","Broadland","Lives in a household","Aged 10 to 14 years","Female",3421
"E07000144","Broadland","Lives in a household","Aged 15 years","Female",635
"E07000144","Broadland","Lives in a household","Aged 16 to 17 years","Female",1351
"E07000144","Broadland","Lives in a household","Aged 18 to 19 years","Female",1095
"E07000144","Broadland","Lives in a household","Aged 20 to 24 years","Female",2657
"E07000144","Broadland","Lives in a household","Aged 25 to 29 years","Female",3291
"E07000144","Broadland","Lives in a household","Aged 30 to 34 years","Female",3646
"E07000144","Broadland","Lives in a household","Aged 35 to 39 years","Female",3845
"E07000144","Broadland","Lives in a household","Aged 40 to 44 years","Female",3901
"E07000144","Broadland","Lives in a household","Aged 45 to 49 years","Female",4379
"E07000144","Broadland","Lives in a household","Aged 50 to 54 years","Female",5011
"E07000144","Broadland","Lives in a household","Aged 55 to 59 years","Female",5047
"E07000144","Broadland","Lives in a household","Aged 60 to 64 years","Female",4514
"E07000144","Broadland","Lives in a household","Aged 65 years","Female",874
"E07000144","Broadland","Lives in a household","Aged 66 to 69 years","Female",3381
"E07000144","Broadland","Lives in a household","Aged 70 to 74 years","Female",4769
"E07000144","Broadland","Lives in a household","Aged 75 to 79 years","Female",3524
"E07000144","Broadland","Lives in a household","Aged 80 to 84 years","Female",2578
"E07000144","Broadland","Lives in a household","Aged 85 years and over","Female",2538
"E07000145","Great Yarmouth","Lives in a household","Total","Female",50284
"E07000145","Great Yarmouth","Lives in a household","Aged 2 years and under","Female",1373
"E07000145","Great Yarmouth","Lives in a household","Aged 3 to 4 years","Female",1011
"E07000145","Great Yarmouth","Lives in a household","Aged 5 to 7 years","Female",1559
"E07000145","Great Yarmouth","Lives in a household","Aged 8 to 9 years","Female",1034
"E07000145","Great Yarmouth","Lives in a household","Aged 10 to 14 years","Female",2765
"E07000145","Great Yarmouth","Lives in a household","Aged 15 years","Female",511
"E07000145","Great Yarmouth","Lives in a household","Aged 16 to 17 years","Female",1042
"E07000145","Great Yarmouth","Lives in a household","Aged 18 to 19 years","Female",928
"E07000145","Great Yarmouth","Lives in a household","Aged 20 to 24 years","Female",2483
"E07000145","Great Yarmouth","Lives in a household","Aged 25 to 29 years","Female",2916
"E07000145","Great Yarmouth","Lives in a household","Aged 30 to 34 years","Female",3073
"E07000145","Great Yarmouth","Lives in a household","Aged 35 to 39 years","Female",2860
"E07000145","Great Yarmouth","Lives in a household","Aged 40 to 44 years","Female",2672
"E07000145","Great Yarmouth","Lives in a household","Aged 45 to 49 years","Female",3076
"E07000145","Great Yarmouth","Lives in a household","Aged 50 to 54 years","Female",3658
"E07000145","Great Yarmouth","Lives in a household","Aged 55 to 59 years","Female",3806
"E07000145","Great Yarmouth","Lives in a household","Aged 60 to 64 years","Female",3378
"E07000145","Great Yarmouth","Lives in a household","Aged 65 years","Female",611
"E07000145","Great Yarmouth","Lives in a household","Aged 66 to 69 years","Female",2438
"E07000145","Great Yarmouth","Lives in a household","Aged 70 to 74 years","Female",3342
"E07000145","Great Yarmouth","Lives in a household","Aged 75 to 79 years","Female",2587
"E07000145","Great Yarmouth","Lives in a household","Aged 80 to 84 years","Female",1618
"E07000145","Great Yarmouth","Lives in a household","Aged 85 years and over","Female",1543
"E07000146","King's Lynn and West Norfolk","Lives in a household","Total","Female",78098
"E07000146","King's Lynn and West Norfolk","Lives in a household","Aged 2 years and under","Female",2070
"E07000146","King's Lynn and West Norfolk","Lives in a household","Aged 3 to 4 years","Female",1446
"E07000146","King's Lynn and West Norfolk","Lives in a household","Aged 5 to 7 years","Female",2443
"E07000146","King's Lynn and West Norfolk","Lives in a household","Aged 8 to 9 years","Female",1637
"E07000146","King's Lynn and West Norfolk","Lives in a household","Aged 10 to 14 years","Female",4118
"E07000146","King's Lynn and West Norfolk","Lives in a household","Aged 15 years","Female",718
"E07000146","King's Lynn and West Norfolk","Lives in a household","Aged 16 to 17 years","Female",1404
"E07000146","King's Lynn and West Norfolk","Lives in a household","Aged 18 to 19 years","Female",1259
"E07000146","King's Lynn and West Norfolk","Lives in a household","Aged 20 to 24 years","Female",3439
"E07000146","King's Lynn and West Norfolk","Lives in a household","Aged 25 to 29 years","Female",4256
"E07000146","King's Lynn and West Norfolk","Lives in a household","Aged 30 to 34 years","Female",4735
"E07000146","King's Lynn and West Norfolk","Lives in a household","Aged 35 to 39 years","Female",4382
"E07000146","King's Lynn and West Norfolk","Lives in a household","Aged 40 to 44 years","Female",4045
"E07000146","King's Lynn and West Norfolk","Lives in a household","Aged 45 to 49 years","Female",4723
"E07000146","King's Lynn and West Norfolk","Lives in a household","Aged 50 to 54 years","Female",5409
"E07000146","King's Lynn and West Norfolk","Lives in a household","Aged 55 to 59 years","Female",5810
"E07000146","King's Lynn and West Norfolk","Lives in a household","Aged 60 to 64 years","Female",5435
"E07000146","King's Lynn and West Norfolk","Lives in a household","Aged 65 years","Female",1093
"E07000146","King's Lynn and West Norfolk","Lives in a household","Aged 66 to 69 years","Female",4039
"E07000146","King's Lynn and West Norfolk","Lives in a household","Aged 70 to 74 years","Female",5599
"E07000146","King's Lynn and West Norfolk","Lives in a household","Aged 75 to 79 years","Female",4249
"E07000146","King's Lynn and West Norfolk","Lives in a household","Aged 80 to 84 years","Female",2954
"E07000146","King's Lynn and West Norfolk","Lives in a household","Aged 85 years and over","Female",2835
"E07000147","North Norfolk","Lives in a household","Total","Female",51809
"E07000147","North Norfolk","Lives in a household","Aged 2 years and under","Female",945
"E07000147","North Norfolk","Lives in a household","Aged 3 to 4 years","Female",788
"E07000147","North Norfolk","Lives in a household","Aged 5 to 7 years","Female",1237
"E07000147","North Norfolk","Lives in a household","Aged 8 to 9 years","Female",882
"E07000147","North Norfolk","Lives in a household","Aged 10 to 14 years","Female",2264
"E07000147","North Norfolk","Lives in a household","Aged 15 years","Female",425
"E07000147","North Norfolk","Lives in a household","Aged 16 to 17 years","Female",878
"E07000147","North Norfolk","Lives in a household","Aged 18 to 19 years","Female",706
"E07000147","North Norfolk","Lives in a household","Aged 20 to 24 years","Female",1855
"E07000147","North Norfolk","Lives in a household","Aged 25 to 29 years","Female",2156
"E07000147","North Norfolk","Lives in a household","Aged 30 to 34 years","Female",2286
"E07000147","North Norfolk","Lives in a household","Aged 35 to 39 years","Female",2303
"E07000147","North Norfolk","Lives in a household","Aged 40 to 44 years","Female",2296
"E07000147","North Norfolk","Lives in a household","Aged 45 to 49 years","Female",2837
"E07000147","North Norfolk","Lives in a household","Aged 50 to 54 years","Female",3594
"E07000147","North Norfolk","Lives in a household","Aged 55 to 59 years","Female",4229
"E07000147","North Norfolk","Lives in a household","Aged 60 to 64 years","Female",4429
"E07000147","North Norfolk","Lives in a household","Aged 65 years","Female",836
"E07000147","North Norfolk","Lives in a household","Aged 66 to 69 years","Female",3474
"E07000147","North Norfolk","Lives in a household","Aged 70 to 74 years","Female",4790
"E07000147","North Norfolk","Lives in a household","Aged 75 to 79 years","Female",3550
"E07000147","North Norfolk","Lives in a household","Aged 80 to 84 years","Female",2519
"E07000147","North Norfolk","Lives in a household","Aged 85 years and over","Female",2530
"E07000148","Norwich","Lives in a household","Total","Female",69589
"E07000148","Norwich","Lives in a household","Aged 2 years and under","Female",1935
"E07000148","Norwich","Lives in a household","Aged 3 to 4 years","Female",1390
"E07000148","Norwich","Lives in a household","Aged 5 to 7 years","Female",2138
"E07000148","Norwich","Lives in a household","Aged 8 to 9 years","Female",1562
"E07000148","Norwich","Lives in a household","Aged 10 to 14 years","Female",3607
"E07000148","Norwich","Lives in a household","Aged 15 years","Female",660
"E07000148","Norwich","Lives in a household","Aged 16 to 17 years","Female",1171
"E07000148","Norwich","Lives in a household","Aged 18 to 19 years","Female",1659
"E07000148","Norwich","Lives in a household","Aged 20 to 24 years","Female",7893
"E07000148","Norwich","Lives in a household","Aged 25 to 29 years","Female",5972
"E07000148","Norwich","Lives in a household","Aged 30 to 34 years","Female",5736
"E07000148","Norwich","Lives in a household","Aged 35 to 39 years","Female",5053
"E07000148","Norwich","Lives in a household","Aged 40 to 44 years","Female",4303
"E07000148","Norwich","Lives in a household","Aged 45 to 49 years","Female",3938
"E07000148","Norwich","Lives in a household","Aged 50 to 54 years","Female",4019
"E07000148","Norwich","Lives in a household","Aged 55 to 59 years","Female",3802
"E07000148","Norwich","Lives in a household","Aged 60 to 64 years","Female",3279
"E07000148","Norwich","Lives in a household","Aged 65 years","Female",633
"E07000148","Norwich","Lives in a household","Aged 66 to 69 years","Female",2413
"E07000148","Norwich","Lives in a household","Aged 70 to 74 years","Female",2950
"E07000148","Norwich","Lives in a household","Aged 75 to 79 years","Female",2172
"E07000148","Norwich","Lives in a household","Aged 80 to 84 years","Female",1541
"E07000148","Norwich","Lives in a household","Aged 85 years and over","Female",1763
"E07000149","South Norfolk","Lives in a household","Total","Female",71713
"E07000149","South Norfolk","Lives in a household","Aged 2 years and under","Female",1922
"E07000149","South Norfolk","Lives in a household","Aged 3 to 4 years","Female",1444
"E07000149","South Norfolk","Lives in a household","Aged 5 to 7 years","Female",2318
"E07000149","South Norfolk","Lives in a household","Aged 8 to 9 years","Female",1708
"E07000149","South Norfolk","Lives in a household","Aged 10 to 14 years","Female",3826
"E07000149","South Norfolk","Lives in a household","Aged 15 years","Female",693
"E07000149","South Norfolk","Lives in a household","Aged 16 to 17 years","Female",1418
"E07000149","South Norfolk","Lives in a household","Aged 18 to 19 years","Female",1007
"E07000149","South Norfolk","Lives in a household","Aged 20 to 24 years","Female",2884
"E07000149","South Norfolk","Lives in a household","Aged 25 to 29 years","Female",3787
"E07000149","South Norfolk","Lives in a household","Aged 30 to 34 years","Female",4308
"E07000149","South Norfolk","Lives in a household","Aged 35 to 39 years","Female",4363
"E07000149","South Norfolk","Lives in a household","Aged 40 to 44 years","Female",4238
"E07000149","South Norfolk","Lives in a household","Aged 45 to 49 years","Female",4787
"E07000149","South Norfolk","Lives in a household","Aged 50 to 54 years","Female",5125
"E07000149","South Norfolk","Lives in a household","Aged 55 to 59 years","Female",5364
"E07000149","South Norfolk","Lives in a household","Aged 60 to 64 years","Female",4749
"E07000149","South Norfolk","Lives in a household","Aged 65 years","Female",869
"E07000149","South Norfolk","Lives in a household","Aged 66 to 69 years","Female",3493
"E07000149","South Norfolk","Lives in a household","Aged 70 to 74 years","Female",4858
"E07000149","South Norfolk","Lives in a household","Aged 75 to 79 years","Female",3641
"E07000149","South Norfolk","Lives in a household","Aged 80 to 84 years","Female",2422
"E07000149","South Norfolk","Lives in a household","Aged 85 years and over","Female",2489
"E07000200","Babergh","Lives in a household","Total","Female",46840
"E07000200","Babergh","Lives in a household","Aged 2 years and under","Female",1124
"E07000200","Babergh","Lives in a household","Aged 3 to 4 years","Female",813
"E07000200","Babergh","Lives in a household","Aged 5 to 7 years","Female",1400
"E07000200","Babergh","Lives in a household","Aged 8 to 9 years","Female",947
"E07000200","Babergh","Lives in a household","Aged 10 to 14 years","Female",2419
"E07000200","Babergh","Lives in a household","Aged 15 years","Female",512
"E07000200","Babergh","Lives in a household","Aged 16 to 17 years","Female",1028
"E07000200","Babergh","Lives in a household","Aged 18 to 19 years","Female",737
"E07000200","Babergh","Lives in a household","Aged 20 to 24 years","Female",1932
"E07000200","Babergh","Lives in a household","Aged 25 to 29 years","Female",2141
"E07000200","Babergh","Lives in a household","Aged 30 to 34 years","Female",2472
"E07000200","Babergh","Lives in a household","Aged 35 to 39 years","Female",2440
"E07000200","Babergh","Lives in a household","Aged 40 to 44 years","Female",2646
"E07000200","Babergh","Lives in a household","Aged 45 to 49 years","Female",2953
"E07000200","Babergh","Lives in a household","Aged 50 to 54 years","Female",3634
"E07000200","Babergh","Lives in a household","Aged 55 to 59 years","Female",3661
"E07000200","Babergh","Lives in a household","Aged 60 to 64 years","Female",3225
"E07000200","Babergh","Lives in a household","Aged 65 years","Female",687
"E07000200","Babergh","Lives in a household","Aged 66 to 69 years","Female",2437
"E07000200","Babergh","Lives in a household","Aged 70 to 74 years","Female",3559
"E07000200","Babergh","Lives in a household","Aged 75 to 79 years","Female",2663
"E07000200","Babergh","Lives in a household","Aged 80 to 84 years","Female",1726
"E07000200","Babergh","Lives in a household","Aged 85 years and over","Female",1684
"E07000202","Ipswich","Lives in a household","Total","Female",69374
"E07000202","Ipswich","Lives in a household","Aged 2 years and under","Female",2395
"E07000202","Ipswich","Lives in a household","Aged 3 to 4 years","Female",1727
"E07000202","Ipswich","Lives in a household","Aged 5 to 7 years","Female",2655
"E07000202","Ipswich","Lives in a household","Aged 8 to 9 years","Female",1819
"E07000202","Ipswich","Lives in a household","Aged 10 to 14 years","Female",4261
"E07000202","Ipswich","Lives in a household","Aged 15 years","Female",783
"E07000202","Ipswich","Lives in a household","Aged 16 to 17 years","Female",1584
"E07000202","Ipswich","Lives in a household","Aged 18 to 19 years","Female",1236
"E07000202","Ipswich","Lives in a household","Aged 20 to 24 years","Female",3748
"E07000202","Ipswich","Lives in a household","Aged 25 to 29 years","Female",5107
"E07000202","Ipswich","Lives in a household","Aged 30 to 34 years","Female",5557
"E07000202","Ipswich","Lives in a household","Aged 35 to 39 years","Female",5000
"E07000202","Ipswich","Lives in a household","Aged 40 to 44 years","Female",4618
"E07000202","Ipswich","Lives in a household","Aged 45 to 49 years","Female",4409
"E07000202","Ipswich","Lives in a household","Aged 50 to 54 years","Female",4499
"E07000202","Ipswich","Lives in a household","Aged 55 to 59 years","Female",4347
"E07000202","Ipswich","Lives in a household","Aged 60 to 64 years","Female",3716
"E07000202","Ipswich","Lives in a household","Aged 65 years","Female",615
"E07000202","Ipswich","Lives in a household","Aged 66 to 69 years","Female",2561
"E07000202","Ipswich","Lives in a household","Aged 70 to 74 years","Female",3087
"E07000202","Ipswich","Lives in a household","Aged 75 to 79 years","Female",2168
"E07000202","Ipswich","Lives in a household","Aged 80 to 84 years","Female",1705
"E07000202","Ipswich","Lives in a household","Aged 85 years and over","Female",1777
"E07000203","Mid Suffolk","Lives in a household","Total","Female",51542
"E07000203","Mid Suffolk","Lives in a household","Aged 2 years and under","Female",1283
"E07000203","Mid Suffolk","Lives in a household","Aged 3 to 4 years","Female",907
"E07000203","Mid Suffolk","Lives in a household","Aged 5 to 7 years","Female",1440
"E07000203","Mid Suffolk","Lives in a household","Aged 8 to 9 years","Female",1059
"E07000203","Mid Suffolk","Lives in a household","Aged 10 to 14 years","Female",2748
"E07000203","Mid Suffolk","Lives in a household","Aged 15 years","Female",520
"E07000203","Mid Suffolk","Lives in a household","Aged 16 to 17 years","Female",1107
"E07000203","Mid Suffolk","Lives in a household","Aged 18 to 19 years","Female",793
"E07000203","Mid Suffolk","Lives in a household","Aged 20 to 24 years","Female",2233
"E07000203","Mid Suffolk","Lives in a household","Aged 25 to 29 years","Female",2616
"E07000203","Mid Suffolk","Lives in a household","Aged 30 to 34 years","Female",2928
"E07000203","Mid Suffolk","Lives in a household","Aged 35 to 39 years","Female",2789
"E07000203","Mid Suffolk","Lives in a household","Aged 40 to 44 years","Female",2801
"E07000203","Mid Suffolk","Lives in a household","Aged 45 to 49 years","Female",3277
"E07000203","Mid Suffolk","Lives in a household","Aged 50 to 54 years","Female",3933
"E07000203","Mid Suffolk","Lives in a household","Aged 55 to 59 years","Female",4119
"E07000203","Mid Suffolk","Lives in a household","Aged 60 to 64 years","Female",3696
"E07000203","Mid Suffolk","Lives in a household","Aged 65 years","Female",667
"E07000203","Mid Suffolk","Lives in a household","Aged 66 to 69 years","Female",2770
"E07000203","Mid Suffolk","Lives in a household","Aged 70 to 74 years","Female",3711
"E07000203","Mid Suffolk","Lives in a household","Aged 75 to 79 years","Female",2650
"E07000203","Mid Suffolk","Lives in a household","Aged 80 to 84 years","Female",1781
"E07000203","Mid Suffolk","Lives in a household","Aged 85 years and over","Female",1714
"E07000240","St Albans","Lives in a household","Total","Female",75151
"E07000240","St Albans","Lives in a household","Aged 2 years and under","Female",2413
"E07000240","St Albans","Lives in a household","Aged 3 to 4 years","Female",1788
"E07000240","St Albans","Lives in a household","Aged 5 to 7 years","Female",2969
"E07000240","St Albans","Lives in a household","Aged 8 to 9 years","Female",2156
"E07000240","St Albans","Lives in a household","Aged 10 to 14 years","Female",5364
"E07000240","St Albans","Lives in a household","Aged 15 years","Female",969
"E07000240","St Albans","Lives in a household","Aged 16 to 17 years","Female",1867
"E07000240","St Albans","Lives in a household","Aged 18 to 19 years","Female",1086
"E07000240","St Albans","Lives in a household","Aged 20 to 24 years","Female",2906
"E07000240","St Albans","Lives in a household","Aged 25 to 29 years","Female",3723
"E07000240","St Albans","Lives in a household","Aged 30 to 34 years","Female",4529
"E07000240","St Albans","Lives in a household","Aged 35 to 39 years","Female",5253
"E07000240","St Albans","Lives in a household","Aged 40 to 44 years","Female",6038
"E07000240","St Albans","Lives in a household","Aged 45 to 49 years","Female",5989
"E07000240","St Albans","Lives in a household","Aged 50 to 54 years","Female",5645
"E07000240","St Albans","Lives in a household","Aged 55 to 59 years","Female",5066
"E07000240","St Albans","Lives in a household","Aged 60 to 64 years","Female",3966
"E07000240","St Albans","Lives in a household","Aged 65 years","Female",704
"E07000240","St Albans","Lives in a household","Aged 66 to 69 years","Female",2577
"E07000240","St Albans","Lives in a household","Aged 70 to 74 years","Female",3557
"E07000240","St Albans","Lives in a household","Aged 75 to 79 years","Female",2567
"E07000240","St Albans","Lives in a household","Aged 80 to 84 years","Female",1976
"E07000240","St Albans","Lives in a household","Aged 85 years and over","Female",2043
"E07000241","Welwyn Hatfield","Lives in a household","Total","Female",58008
"E07000241","Welwyn Hatfield","Lives in a household","Aged 2 years and under","Female",1856
"E07000241","Welwyn Hatfield","Lives in a household","Aged 3 to 4 years","Female",1323
"E07000241","Welwyn Hatfield","Lives in a household","Aged 5 to 7 years","Female",2101
"E07000241","Welwyn Hatfield","Lives in a household","Aged 8 to 9 years","Female",1456
"E07000241","Welwyn Hatfield","Lives in a household","Aged 10 to 14 years","Female",3472
"E07000241","Welwyn Hatfield","Lives in a household","Aged 15 years","Female",633
"E07000241","Welwyn Hatfield","Lives in a household","Aged 16 to 17 years","Female",1265
"E07000241","Welwyn Hatfield","Lives in a household","Aged 18 to 19 years","Female",1163
"E07000241","Welwyn Hatfield","Lives in a household","Aged 20 to 24 years","Female",3912
"E07000241","Welwyn Hatfield","Lives in a household","Aged 25 to 29 years","Female",3725
"E07000241","Welwyn Hatfield","Lives in a household","Aged 30 to 34 years","Female",4235
"E07000241","Welwyn Hatfield","Lives in a household","Aged 35 to 39 years","Female",4335
"E07000241","Welwyn Hatfield","Lives in a household","Aged 40 to 44 years","Female",3992
"E07000241","Welwyn Hatfield","Lives in a household","Aged 45 to 49 years","Female",3811
"E07000241","Welwyn Hatfield","Lives in a household","Aged 50 to 54 years","Female",3791
"E07000241","Welwyn Hatfield","Lives in a household","Aged 55 to 59 years","Female",3889
"E07000241","Welwyn Hatfield","Lives in a household","Aged 60 to 64 years","Female",3119
"E07000241","Welwyn Hatfield","Lives in a household","Aged 65 years","Female",545
"E07000241","Welwyn Hatfield","Lives in a household","Aged 66 to 69 years","Female",1944
"E07000241","Welwyn Hatfield","Lives in a household","Aged 70 to 74 years","Female",2421
"E07000241","Welwyn Hatfield","Lives in a household","Aged 75 to 79 years","Female",1913
"E07000241","Welwyn Hatfield","Lives in a household","Aged 80 to 84 years","Female",1495
"E07000241","Welwyn Hatfield","Lives in a household","Aged 85 years and over","Female",1612
"E07000242","East Hertfordshire","Lives in a household","Total","Female",75616
"E07000242","East Hertfordshire","Lives in a household","Aged 2 years and under","Female",2314
"E07000242","East Hertfordshire","Lives in a household","Aged 3 to 4 years","Female",1661
"E07000242","East Hertfordshire","Lives in a household","Aged 5 to 7 years","Female",2506
"E07000242","East Hertfordshire","Lives in a household","Aged 8 to 9 years","Female",1818
"E07000242","East Hertfordshire","Lives in a household","Aged 10 to 14 years","Female",4723
"E07000242","East Hertfordshire","Lives in a household","Aged 15 years","Female",881
"E07000242","East Hertfordshire","Lives in a household","Aged 16 to 17 years","Female",1690
"E07000242","East Hertfordshire","Lives in a household","Aged 18 to 19 years","Female",1128
"E07000242","East Hertfordshire","Lives in a household","Aged 20 to 24 years","Female",3402
"E07000242","East Hertfordshire","Lives in a household","Aged 25 to 29 years","Female",4495
"E07000242","East Hertfordshire","Lives in a household","Aged 30 to 34 years","Female",5006
"E07000242","East Hertfordshire","Lives in a household","Aged 35 to 39 years","Female",5024
"E07000242","East Hertfordshire","Lives in a household","Aged 40 to 44 years","Female",5234
"E07000242","East Hertfordshire","Lives in a household","Aged 45 to 49 years","Female",5551
"E07000242","East Hertfordshire","Lives in a household","Aged 50 to 54 years","Female",5851
"E07000242","East Hertfordshire","Lives in a household","Aged 55 to 59 years","Female",5535
"E07000242","East Hertfordshire","Lives in a household","Aged 60 to 64 years","Female",4403
"E07000242","East Hertfordshire","Lives in a household","Aged 65 years","Female",755
"E07000242","East Hertfordshire","Lives in a household","Aged 66 to 69 years","Female",2855
"E07000242","East Hertfordshire","Lives in a household","Aged 70 to 74 years","Female",3924
"E07000242","East Hertfordshire","Lives in a household","Aged 75 to 79 years","Female",2765
"E07000242","East Hertfordshire","Lives in a household","Aged 80 to 84 years","Female",1977
"E07000242","East Hertfordshire","Lives in a household","Aged 85 years and over","Female",2118
"E07000243","Stevenage","Lives in a household","Total","Female",44963
"E07000243","Stevenage","Lives in a household","Aged 2 years and under","Female",1593
"E07000243","Stevenage","Lives in a household","Aged 3 to 4 years","Female",1083
"E07000243","Stevenage","Lives in a household","Aged 5 to 7 years","Female",1707
"E07000243","Stevenage","Lives in a household","Aged 8 to 9 years","Female",1226
"E07000243","Stevenage","Lives in a household","Aged 10 to 14 years","Female",2684
"E07000243","Stevenage","Lives in a household","Aged 15 years","Female",508
"E07000243","Stevenage","Lives in a household","Aged 16 to 17 years","Female",945
"E07000243","Stevenage","Lives in a household","Aged 18 to 19 years","Female",756
"E07000243","Stevenage","Lives in a household","Aged 20 to 24 years","Female",2285
"E07000243","Stevenage","Lives in a household","Aged 25 to 29 years","Female",3161
"E07000243","Stevenage","Lives in a household","Aged 30 to 34 years","Female",3830
"E07000243","Stevenage","Lives in a household","Aged 35 to 39 years","Female",3485
"E07000243","Stevenage","Lives in a household","Aged 40 to 44 years","Female",2985
"E07000243","Stevenage","Lives in a household","Aged 45 to 49 years","Female",2808
"E07000243","Stevenage","Lives in a household","Aged 50 to 54 years","Female",3145
"E07000243","Stevenage","Lives in a household","Aged 55 to 59 years","Female",3099
"E07000243","Stevenage","Lives in a household","Aged 60 to 64 years","Female",2464
"E07000243","Stevenage","Lives in a household","Aged 65 years","Female",400
"E07000243","Stevenage","Lives in a household","Aged 66 to 69 years","Female",1443
"E07000243","Stevenage","Lives in a household","Aged 70 to 74 years","Female",1823
"E07000243","Stevenage","Lives in a household","Aged 75 to 79 years","Female",1361
"E07000243","Stevenage","Lives in a household","Aged 80 to 84 years","Female",1064
"E07000243","Stevenage","Lives in a household","Aged 85 years and over","Female",1108
"E07000244","East Suffolk","Lives in a household","Total","Female",124454
"E07000244","East Suffolk","Lives in a household","Aged 2 years and under","Female",3022
"E07000244","East Suffolk","Lives in a household","Aged 3 to 4 years","Female",2228
"E07000244","East Suffolk","Lives in a household","Aged 5 to 7 years","Female",3556
"E07000244","East Suffolk","Lives in a household","Aged 8 to 9 years","Female",2551
"E07000244","East Suffolk","Lives in a household","Aged 10 to 14 years","Female",6608
"E07000244","East Suffolk","Lives in a household","Aged 15 years","Female",1277
"E07000244","East Suffolk","Lives in a household","Aged 16 to 17 years","Female",2548
"E07000244","East Suffolk","Lives in a household","Aged 18 to 19 years","Female",1986
"E07000244","East Suffolk","Lives in a household","Aged 20 to 24 years","Female",5156
"E07000244","East Suffolk","Lives in a household","Aged 25 to 29 years","Female",5947
"E07000244","East Suffolk","Lives in a household","Aged 30 to 34 years","Female",6423
"E07000244","East Suffolk","Lives in a household","Aged 35 to 39 years","Female",6263
"E07000244","East Suffolk","Lives in a household","Aged 40 to 44 years","Female",6400
"E07000244","East Suffolk","Lives in a household","Aged 45 to 49 years","Female",7599
"E07000244","East Suffolk","Lives in a household","Aged 50 to 54 years","Female",9059
"E07000244","East Suffolk","Lives in a household","Aged 55 to 59 years","Female",9558
"E07000244","East Suffolk","Lives in a household","Aged 60 to 64 years","Female",9025
"E07000244","East Suffolk","Lives in a household","Aged 65 years","Female",1722
"E07000244","East Suffolk","Lives in a household","Aged 66 to 69 years","Female",6837
"E07000244","East Suffolk","Lives in a household","Aged 70 to 74 years","Female",9652
"E07000244","East Suffolk","Lives in a household","Aged 75 to 79 years","Female",7231
"E07000244","East Suffolk","Lives in a household","Aged 80 to 84 years","Female",4862
"E07000244","East Suffolk","Lives in a household","Aged 85 years and over","Female",4944
"E07000245","West Suffolk","Lives in a household","Total","Female",88641
"E07000245","West Suffolk","Lives in a household","Aged 2 years and under","Female",2739
"E07000245","West Suffolk","Lives in a household","Aged 3 to 4 years","Female",1953
"E07000245","West Suffolk","Lives in a household","Aged 5 to 7 years","Female",2968
"E07000245","West Suffolk","Lives in a household","Aged 8 to 9 years","Female",2060
"E07000245","West Suffolk","Lives in a household","Aged 10 to 14 years","Female",4767
"E07000245","West Suffolk","Lives in a household","Aged 15 years","Female",872
"E07000245","West Suffolk","Lives in a household","Aged 16 to 17 years","Female",1776
"E07000245","West Suffolk","Lives in a household","Aged 18 to 19 years","Female",1447
"E07000245","West Suffolk","Lives in a household","Aged 20 to 24 years","Female",4439
"E07000245","West Suffolk","Lives in a household","Aged 25 to 29 years","Female",5981
"E07000245","West Suffolk","Lives in a household","Aged 30 to 34 years","Female",6345
"E07000245","West Suffolk","Lives in a household","Aged 35 to 39 years","Female",5747
"E07000245","West Suffolk","Lives in a household","Aged 40 to 44 years","Female",5264
"E07000245","West Suffolk","Lives in a household","Aged 45 to 49 years","Female",5490
"E07000245","West Suffolk","Lives in a household","Aged 50 to 54 years","Female",6159
"E07000245","West Suffolk","Lives in a household","Aged 55 to 59 years","Female",6048
"E07000245","West Suffolk","Lives in a household","Aged 60 to 64 years","Female",5105
"E07000245","West Suffolk","Lives in a household","Aged 65 years","Female",946
"E07000245","West Suffolk","Lives in a household","Aged 66 to 69 years","Female",3789
"E07000245","West Suffolk","Lives in a household","Aged 70 to 74 years","Female",5330
"E07000245","West Suffolk","Lives in a household","Aged 75 to 79 years","Female",4090
"E07000245","West Suffolk","Lives in a household","Aged 80 to 84 years","Female",2775
"E07000245","West Suffolk","Lives in a household","Aged 85 years and over","Female",2551
"E09000001","City of London","Lives in a household","Total","Female",3806
"E09000001","City of London","Lives in a household","Aged 2 years and under","Female",64
"E09000001","City of London","Lives in a household","Aged 3 to 4 years","Female",49
"E09000001","City of London","Lives in a household","Aged 5 to 7 years","Female",49
"E09000001","City of London","Lives in a household","Aged 8 to 9 years","Female",26
"E09000001","City of London","Lives in a household","Aged 10 to 14 years","Female",83
"E09000001","City of London","Lives in a household","Aged 15 years","Female",11
"E09000001","City of London","Lives in a household","Aged 16 to 17 years","Female",42
"E09000001","City of London","Lives in a household","Aged 18 to 19 years","Female",44
"E09000001","City of London","Lives in a household","Aged 20 to 24 years","Female",478
"E09000001","City of London","Lives in a household","Aged 25 to 29 years","Female",555
"E09000001","City of London","Lives in a household","Aged 30 to 34 years","Female",456
"E09000001","City of London","Lives in a household","Aged 35 to 39 years","Female",295
"E09000001","City of London","Lives in a household","Aged 40 to 44 years","Female",215
"E09000001","City of London","Lives in a household","Aged 45 to 49 years","Female",197
"E09000001","City of London","Lives in a household","Aged 50 to 54 years","Female",237
"E09000001","City of London","Lives in a household","Aged 55 to 59 years","Female",223
"E09000001","City of London","Lives in a household","Aged 60 to 64 years","Female",178
"E09000001","City of London","Lives in a household","Aged 65 years","Female",45
"E09000001","City of London","Lives in a household","Aged 66 to 69 years","Female",144
"E09000001","City of London","Lives in a household","Aged 70 to 74 years","Female",163
"E09000001","City of London","Lives in a household","Aged 75 to 79 years","Female",102
"E09000001","City of London","Lives in a household","Aged 80 to 84 years","Female",81
"E09000001","City of London","Lives in a household","Aged 85 years and over","Female",69
"E09000002","Barking and Dagenham","Lives in a household","Total","Female",111793
"E09000002","Barking and Dagenham","Lives in a household","Aged 2 years and under","Female",4917
"E09000002","Barking and Dagenham","Lives in a household","Aged 3 to 4 years","Female",3480
"E09000002","Barking and Dagenham","Lives in a household","Aged 5 to 7 years","Female",5274
"E09000002","Barking and Dagenham","Lives in a household","Aged 8 to 9 years","Female",3639
"E09000002","Barking and Dagenham","Lives in a household","Aged 10 to 14 years","Female",8846
"E09000002","Barking and Dagenham","Lives in a household","Aged 15 years","Female",1665
"E09000002","Barking and Dagenham","Lives in a household","Aged 16 to 17 years","Female",3038
"E09000002","Barking and Dagenham","Lives in a household","Aged 18 to 19 years","Female",2568
"E09000002","Barking and Dagenham","Lives in a household","Aged 20 to 24 years","Female",6649
"E09000002","Barking and Dagenham","Lives in a household","Aged 25 to 29 years","Female",8039
"E09000002","Barking and Dagenham","Lives in a household","Aged 30 to 34 years","Female",9799
"E09000002","Barking and Dagenham","Lives in a household","Aged 35 to 39 years","Female",9872
"E09000002","Barking and Dagenham","Lives in a household","Aged 40 to 44 years","Female",8957
"E09000002","Barking and Dagenham","Lives in a household","Aged 45 to 49 years","Female",7610
"E09000002","Barking and Dagenham","Lives in a household","Aged 50 to 54 years","Female",6956
"E09000002","Barking and Dagenham","Lives in a household","Aged 55 to 59 years","Female",5787
"E09000002","Barking and Dagenham","Lives in a household","Aged 60 to 64 years","Female",4268
"E09000002","Barking and Dagenham","Lives in a household","Aged 65 years","Female",713
"E09000002","Barking and Dagenham","Lives in a household","Aged 66 to 69 years","Female",2364
"E09000002","Barking and Dagenham","Lives in a household","Aged 70 to 74 years","Female",2555
"E09000002","Barking and Dagenham","Lives in a household","Aged 75 to 79 years","Female",1849
"E09000002","Barking and Dagenham","Lives in a household","Aged 80 to 84 years","Female",1509
"E09000002","Barking and Dagenham","Lives in a household","Aged 85 years and over","Female",1439
"E09000003","Barnet","Lives in a household","Total","Female",198874
"E09000003","Barnet","Lives in a household","Aged 2 years and under","Female",6848
"E09000003","Barnet","Lives in a household","Aged 3 to 4 years","Female",4797
"E09000003","Barnet","Lives in a household","Aged 5 to 7 years","Female",7118
"E09000003","Barnet","Lives in a household","Aged 8 to 9 years","Female",5095
"E09000003","Barnet","Lives in a household","Aged 10 to 14 years","Female",12510
"E09000003","Barnet","Lives in a household","Aged 15 years","Female",2328
"E09000003","Barnet","Lives in a household","Aged 16 to 17 years","Female",4542
"E09000003","Barnet","Lives in a household","Aged 18 to 19 years","Female",3316
"E09000003","Barnet","Lives in a household","Aged 20 to 24 years","Female",11427
"E09000003","Barnet","Lives in a household","Aged 25 to 29 years","Female",14621
"E09000003","Barnet","Lives in a household","Aged 30 to 34 years","Female",15595
"E09000003","Barnet","Lives in a household","Aged 35 to 39 years","Female",16078
"E09000003","Barnet","Lives in a household","Aged 40 to 44 years","Female",15615
"E09000003","Barnet","Lives in a household","Aged 45 to 49 years","Female",14058
"E09000003","Barnet","Lives in a household","Aged 50 to 54 years","Female",13156
"E09000003","Barnet","Lives in a household","Aged 55 to 59 years","Female",11903
"E09000003","Barnet","Lives in a household","Aged 60 to 64 years","Female",9826
"E09000003","Barnet","Lives in a household","Aged 65 years","Female",1697
"E09000003","Barnet","Lives in a household","Aged 66 to 69 years","Female",6276
"E09000003","Barnet","Lives in a household","Aged 70 to 74 years","Female",7684
"E09000003","Barnet","Lives in a household","Aged 75 to 79 years","Female",5684
"E09000003","Barnet","Lives in a household","Aged 80 to 84 years","Female",4005
"E09000003","Barnet","Lives in a household","Aged 85 years and over","Female",4695
"E09000004","Bexley","Lives in a household","Total","Female",127181
"E09000004","Bexley","Lives in a household","Aged 2 years and under","Female",4361
"E09000004","Bexley","Lives in a household","Aged 3 to 4 years","Female",3083
"E09000004","Bexley","Lives in a household","Aged 5 to 7 years","Female",4570
"E09000004","Bexley","Lives in a household","Aged 8 to 9 years","Female",3308
"E09000004","Bexley","Lives in a household","Aged 10 to 14 years","Female",8054
"E09000004","Bexley","Lives in a household","Aged 15 years","Female",1472
"E09000004","Bexley","Lives in a household","Aged 16 to 17 years","Female",2880
"E09000004","Bexley","Lives in a household","Aged 18 to 19 years","Female",2465
"E09000004","Bexley","Lives in a household","Aged 20 to 24 years","Female",6726
"E09000004","Bexley","Lives in a household","Aged 25 to 29 years","Female",7789
"E09000004","Bexley","Lives in a household","Aged 30 to 34 years","Female",9175
"E09000004","Bexley","Lives in a household","Aged 35 to 39 years","Female",9559
"E09000004","Bexley","Lives in a household","Aged 40 to 44 years","Female",8917
"E09000004","Bexley","Lives in a household","Aged 45 to 49 years","Female",8285
"E09000004","Bexley","Lives in a household","Aged 50 to 54 years","Female",8871
"E09000004","Bexley","Lives in a household","Aged 55 to 59 years","Female",8574
"E09000004","Bexley","Lives in a household","Aged 60 to 64 years","Female",6939
"E09000004","Bexley","Lives in a household","Aged 65 years","Female",1152
"E09000004","Bexley","Lives in a household","Aged 66 to 69 years","Female",4320
"E09000004","Bexley","Lives in a household","Aged 70 to 74 years","Female",5601
"E09000004","Bexley","Lives in a household","Aged 75 to 79 years","Female",4315
"E09000004","Bexley","Lives in a household","Aged 80 to 84 years","Female",3370
"E09000004","Bexley","Lives in a household","Aged 85 years and over","Female",3395
"E09000005","Brent","Lives in a household","Total","Female",171043
"E09000005","Brent","Lives in a household","Aged 2 years and under","Female",5959
"E09000005","Brent","Lives in a household","Aged 3 to 4 years","Female",3855
"E09000005","Brent","Lives in a household","Aged 5 to 7 years","Female",5669
"E09000005","Brent","Lives in a household","Aged 8 to 9 years","Female",3993
"E09000005","Brent","Lives in a household","Aged 10 to 14 years","Female",10183
"E09000005","Brent","Lives in a household","Aged 15 years","Female",1939
"E09000005","Brent","Lives in a household","Aged 16 to 17 years","Female",4104
"E09000005","Brent","Lives in a household","Aged 18 to 19 years","Female",3493
"E09000005","Brent","Lives in a household","Aged 20 to 24 years","Female",11699
"E09000005","Brent","Lives in a household","Aged 25 to 29 years","Female",14712
"E09000005","Brent","Lives in a household","Aged 30 to 34 years","Female",15086
"E09000005","Brent","Lives in a household","Aged 35 to 39 years","Female",13979
"E09000005","Brent","Lives in a household","Aged 40 to 44 years","Female",12876
"E09000005","Brent","Lives in a household","Aged 45 to 49 years","Female",11606
"E09000005","Brent","Lives in a household","Aged 50 to 54 years","Female",11731
"E09000005","Brent","Lives in a household","Aged 55 to 59 years","Female",10400
"E09000005","Brent","Lives in a household","Aged 60 to 64 years","Female",8563
"E09000005","Brent","Lives in a household","Aged 65 years","Female",1370
"E09000005","Brent","Lives in a household","Aged 66 to 69 years","Female",4859
"E09000005","Brent","Lives in a household","Aged 70 to 74 years","Female",5119
"E09000005","Brent","Lives in a household","Aged 75 to 79 years","Female",3835
"E09000005","Brent","Lives in a household","Aged 80 to 84 years","Female",3068
"E09000005","Brent","Lives in a household","Aged 85 years and over","Female",2945
"E09000006","Bromley","Lives in a household","Total","Female",170690
"E09000006","Bromley","Lives in a household","Aged 2 years and under","Female",5538
"E09000006","Bromley","Lives in a household","Aged 3 to 4 years","Female",3956
"E09000006","Bromley","Lives in a household","Aged 5 to 7 years","Female",5971
"E09000006","Bromley","Lives in a household","Aged 8 to 9 years","Female",4096
"E09000006","Bromley","Lives in a household","Aged 10 to 14 years","Female",10078
"E09000006","Bromley","Lives in a household","Aged 15 years","Female",1851
"E09000006","Bromley","Lives in a household","Aged 16 to 17 years","Female",3758
"E09000006","Bromley","Lives in a household","Aged 18 to 19 years","Female",2729
"E09000006","Bromley","Lives in a household","Aged 20 to 24 years","Female",7270
"E09000006","Bromley","Lives in a household","Aged 25 to 29 years","Female",9653
"E09000006","Bromley","Lives in a household","Aged 30 to 34 years","Female",12245
"E09000006","Bromley","Lives in a household","Aged 35 to 39 years","Female",13184
"E09000006","Bromley","Lives in a household","Aged 40 to 44 years","Female",13231
"E09000006","Bromley","Lives in a household","Aged 45 to 49 years","Female",12145
"E09000006","Bromley","Lives in a household","Aged 50 to 54 years","Female",12430
"E09000006","Bromley","Lives in a household","Aged 55 to 59 years","Female",11575
"E09000006","Bromley","Lives in a household","Aged 60 to 64 years","Female",9327
"E09000006","Bromley","Lives in a household","Aged 65 years","Female",1588
"E09000006","Bromley","Lives in a household","Aged 66 to 69 years","Female",5993
"E09000006","Bromley","Lives in a household","Aged 70 to 74 years","Female",8277
"E09000006","Bromley","Lives in a household","Aged 75 to 79 years","Female",6077
"E09000006","Bromley","Lives in a household","Aged 80 to 84 years","Female",4571
"E09000006","Bromley","Lives in a household","Aged 85 years and over","Female",5147
"E09000007","Camden","Lives in a household","Total","Female",106580
"E09000007","Camden","Lives in a household","Aged 2 years and under","Female",3027
"E09000007","Camden","Lives in a household","Aged 3 to 4 years","Female",1905
"E09000007","Camden","Lives in a household","Aged 5 to 7 years","Female",2848
"E09000007","Camden","Lives in a household","Aged 8 to 9 years","Female",2037
"E09000007","Camden","Lives in a household","Aged 10 to 14 years","Female",5146
"E09000007","Camden","Lives in a household","Aged 15 years","Female",915
"E09000007","Camden","Lives in a household","Aged 16 to 17 years","Female",2188
"E09000007","Camden","Lives in a household","Aged 18 to 19 years","Female",2240
"E09000007","Camden","Lives in a household","Aged 20 to 24 years","Female",10061
"E09000007","Camden","Lives in a household","Aged 25 to 29 years","Female",11392
"E09000007","Camden","Lives in a household","Aged 30 to 34 years","Female",10601
"E09000007","Camden","Lives in a household","Aged 35 to 39 years","Female",8554
"E09000007","Camden","Lives in a household","Aged 40 to 44 years","Female",7507
"E09000007","Camden","Lives in a household","Aged 45 to 49 years","Female",6879
"E09000007","Camden","Lives in a household","Aged 50 to 54 years","Female",6857
"E09000007","Camden","Lives in a household","Aged 55 to 59 years","Female",5987
"E09000007","Camden","Lives in a household","Aged 60 to 64 years","Female",4645
"E09000007","Camden","Lives in a household","Aged 65 years","Female",788
"E09000007","Camden","Lives in a household","Aged 66 to 69 years","Female",3011
"E09000007","Camden","Lives in a household","Aged 70 to 74 years","Female",3568
"E09000007","Camden","Lives in a household","Aged 75 to 79 years","Female",2681
"E09000007","Camden","Lives in a household","Aged 80 to 84 years","Female",1893
"E09000007","Camden","Lives in a household","Aged 85 years and over","Female",1850
"E09000008","Croydon","Lives in a household","Total","Female",201437
"E09000008","Croydon","Lives in a household","Aged 2 years and under","Female",7544
"E09000008","Croydon","Lives in a household","Aged 3 to 4 years","Female",4953
"E09000008","Croydon","Lives in a household","Aged 5 to 7 years","Female",7275
"E09000008","Croydon","Lives in a household","Aged 8 to 9 years","Female",5061
"E09000008","Croydon","Lives in a household","Aged 10 to 14 years","Female",12432
"E09000008","Croydon","Lives in a household","Aged 15 years","Female",2205
"E09000008","Croydon","Lives in a household","Aged 16 to 17 years","Female",4774
"E09000008","Croydon","Lives in a household","Aged 18 to 19 years","Female",3571
"E09000008","Croydon","Lives in a household","Aged 20 to 24 years","Female",10694
"E09000008","Croydon","Lives in a household","Aged 25 to 29 years","Female",14473
"E09000008","Croydon","Lives in a household","Aged 30 to 34 years","Female",16996
"E09000008","Croydon","Lives in a household","Aged 35 to 39 years","Female",16565
"E09000008","Croydon","Lives in a household","Aged 40 to 44 years","Female",14959
"E09000008","Croydon","Lives in a household","Aged 45 to 49 years","Female",13539
"E09000008","Croydon","Lives in a household","Aged 50 to 54 years","Female",14282
"E09000008","Croydon","Lives in a household","Aged 55 to 59 years","Female",13429
"E09000008","Croydon","Lives in a household","Aged 60 to 64 years","Female",10415
"E09000008","Croydon","Lives in a household","Aged 65 years","Female",1765
"E09000008","Croydon","Lives in a household","Aged 66 to 69 years","Female",6193
"E09000008","Croydon","Lives in a household","Aged 70 to 74 years","Female",7164
"E09000008","Croydon","Lives in a household","Aged 75 to 79 years","Female",5297
"E09000008","Croydon","Lives in a household","Aged 80 to 84 years","Female",3988
"E09000008","Croydon","Lives in a household","Aged 85 years and over","Female",3863
"E09000009","Ealing","Lives in a household","Total","Female",184030
"E09000009","Ealing","Lives in a household","Aged 2 years and under","Female",6230
"E09000009","Ealing","Lives in a household","Aged 3 to 4 years","Female",4308
"E09000009","Ealing","Lives in a household","Aged 5 to 7 years","Female",6250
"E09000009","Ealing","Lives in a household","Aged 8 to 9 years","Female",4618
"E09000009","Ealing","Lives in a household","Aged 10 to 14 years","Female",11473
"E09000009","Ealing","Lives in a household","Aged 15 years","Female",2112
"E09000009","Ealing","Lives in a household","Aged 16 to 17 years","Female",4243
"E09000009","Ealing","Lives in a household","Aged 18 to 19 years","Female",3590
"E09000009","Ealing","Lives in a household","Aged 20 to 24 years","Female",10884
"E09000009","Ealing","Lives in a household","Aged 25 to 29 years","Female",14687
"E09000009","Ealing","Lives in a household","Aged 30 to 34 years","Female",15812
"E09000009","Ealing","Lives in a household","Aged 35 to 39 years","Female",15930
"E09000009","Ealing","Lives in a household","Aged 40 to 44 years","Female",14896
"E09000009","Ealing","Lives in a household","Aged 45 to 49 years","Female",13138
"E09000009","Ealing","Lives in a household","Aged 50 to 54 years","Female",12352
"E09000009","Ealing","Lives in a household","Aged 55 to 59 years","Female",10974
"E09000009","Ealing","Lives in a household","Aged 60 to 64 years","Female",8897
"E09000009","Ealing","Lives in a household","Aged 65 years","Female",1497
"E09000009","Ealing","Lives in a household","Aged 66 to 69 years","Female",5539
"E09000009","Ealing","Lives in a household","Aged 70 to 74 years","Female",5992
"E09000009","Ealing","Lives in a household","Aged 75 to 79 years","Female",4340
"E09000009","Ealing","Lives in a household","Aged 80 to 84 years","Female",3241
"E09000009","Ealing","Lives in a household","Aged 85 years and over","Female",3027
"E09000010","Enfield","Lives in a household","Total","Female",171429
"E09000010","Enfield","Lives in a household","Aged 2 years and under","Female",6079
"E09000010","Enfield","Lives in a household","Aged 3 to 4 years","Female",4370
"E09000010","Enfield","Lives in a household","Aged 5 to 7 years","Female",6566
"E09000010","Enfield","Lives in a household","Aged 8 to 9 years","Female",4623
"E09000010","Enfield","Lives in a household","Aged 10 to 14 years","Female",11746
"E09000010","Enfield","Lives in a household","Aged 15 years","Female",2312
"E09000010","Enfield","Lives in a household","Aged 16 to 17 years","Female",4563
"E09000010","Enfield","Lives in a household","Aged 18 to 19 years","Female",3427
"E09000010","Enfield","Lives in a household","Aged 20 to 24 years","Female",9593
"E09000010","Enfield","Lives in a household","Aged 25 to 29 years","Female",11073
"E09000010","Enfield","Lives in a household","Aged 30 to 34 years","Female",12754
"E09000010","Enfield","Lives in a household","Aged 35 to 39 years","Female",13233
"E09000010","Enfield","Lives in a household","Aged 40 to 44 years","Female",13339
"E09000010","Enfield","Lives in a household","Aged 45 to 49 years","Female",11955
"E09000010","Enfield","Lives in a household","Aged 50 to 54 years","Female",11849
"E09000010","Enfield","Lives in a household","Aged 55 to 59 years","Female",10964
"E09000010","Enfield","Lives in a household","Aged 60 to 64 years","Female",8710
"E09000010","Enfield","Lives in a household","Aged 65 years","Female",1468
"E09000010","Enfield","Lives in a household","Aged 66 to 69 years","Female",5290
"E09000010","Enfield","Lives in a household","Aged 70 to 74 years","Female",5934
"E09000010","Enfield","Lives in a household","Aged 75 to 79 years","Female",4428
"E09000010","Enfield","Lives in a household","Aged 80 to 84 years","Female",3627
"E09000010","Enfield","Lives in a household","Aged 85 years and over","Female",3526
"E09000011","Greenwich","Lives in a household","Total","Female",146856
"E09000011","Greenwich","Lives in a household","Aged 2 years and under","Female",5719
"E09000011","Greenwich","Lives in a household","Aged 3 to 4 years","Female",3757
"E09000011","Greenwich","Lives in a household","Aged 5 to 7 years","Female",5512
"E09000011","Greenwich","Lives in a household","Aged 8 to 9 years","Female",3687
"E09000011","Greenwich","Lives in a household","Aged 10 to 14 years","Female",8879
"E09000011","Greenwich","Lives in a household","Aged 15 years","Female",1647
"E09000011","Greenwich","Lives in a household","Aged 16 to 17 years","Female",3199
"E09000011","Greenwich","Lives in a household","Aged 18 to 19 years","Female",2529
"E09000011","Greenwich","Lives in a household","Aged 20 to 24 years","Female",8836
"E09000011","Greenwich","Lives in a household","Aged 25 to 29 years","Female",12739
"E09000011","Greenwich","Lives in a household","Aged 30 to 34 years","Female",14710
"E09000011","Greenwich","Lives in a household","Aged 35 to 39 years","Female",13375
"E09000011","Greenwich","Lives in a household","Aged 40 to 44 years","Female",11856
"E09000011","Greenwich","Lives in a household","Aged 45 to 49 years","Female",10104
"E09000011","Greenwich","Lives in a household","Aged 50 to 54 years","Female",9537
"E09000011","Greenwich","Lives in a household","Aged 55 to 59 years","Female",8127
"E09000011","Greenwich","Lives in a household","Aged 60 to 64 years","Female",6321
"E09000011","Greenwich","Lives in a household","Aged 65 years","Female",1078
"E09000011","Greenwich","Lives in a household","Aged 66 to 69 years","Female",3777
"E09000011","Greenwich","Lives in a household","Aged 70 to 74 years","Female",4185
"E09000011","Greenwich","Lives in a household","Aged 75 to 79 years","Female",3071
"E09000011","Greenwich","Lives in a household","Aged 80 to 84 years","Female",2114
"E09000011","Greenwich","Lives in a household","Aged 85 years and over","Female",2097
"E09000012","Hackney","Lives in a household","Total","Female",133997
"E09000012","Hackney","Lives in a household","Aged 2 years and under","Female",4906
"E09000012","Hackney","Lives in a household","Aged 3 to 4 years","Female",3097
"E09000012","Hackney","Lives in a household","Aged 5 to 7 years","Female",4348
"E09000012","Hackney","Lives in a household","Aged 8 to 9 years","Female",2937
"E09000012","Hackney","Lives in a household","Aged 10 to 14 years","Female",7662
"E09000012","Hackney","Lives in a household","Aged 15 years","Female",1469
"E09000012","Hackney","Lives in a household","Aged 16 to 17 years","Female",2816
"E09000012","Hackney","Lives in a household","Aged 18 to 19 years","Female",2502
"E09000012","Hackney","Lives in a household","Aged 20 to 24 years","Female",9666
"E09000012","Hackney","Lives in a household","Aged 25 to 29 years","Female",17023
"E09000012","Hackney","Lives in a household","Aged 30 to 34 years","Female",16688
"E09000012","Hackney","Lives in a household","Aged 35 to 39 years","Female",12208
"E09000012","Hackney","Lives in a household","Aged 40 to 44 years","Female",9664
"E09000012","Hackney","Lives in a household","Aged 45 to 49 years","Female",7965
"E09000012","Hackney","Lives in a household","Aged 50 to 54 years","Female",7582
"E09000012","Hackney","Lives in a household","Aged 55 to 59 years","Female",7036
"E09000012","Hackney","Lives in a household","Aged 60 to 64 years","Female",5256
"E09000012","Hackney","Lives in a household","Aged 65 years","Female",862
"E09000012","Hackney","Lives in a household","Aged 66 to 69 years","Female",2782
"E09000012","Hackney","Lives in a household","Aged 70 to 74 years","Female",2979
"E09000012","Hackney","Lives in a household","Aged 75 to 79 years","Female",1894
"E09000012","Hackney","Lives in a household","Aged 80 to 84 years","Female",1349
"E09000012","Hackney","Lives in a household","Aged 85 years and over","Female",1306
"E09000013","Hammersmith and Fulham","Lives in a household","Total","Female",96202
"E09000013","Hammersmith and Fulham","Lives in a household","Aged 2 years and under","Female",2782
"E09000013","Hammersmith and Fulham","Lives in a household","Aged 3 to 4 years","Female",1753
"E09000013","Hammersmith and Fulham","Lives in a household","Aged 5 to 7 years","Female",2565
"E09000013","Hammersmith and Fulham","Lives in a household","Aged 8 to 9 years","Female",1803
"E09000013","Hammersmith and Fulham","Lives in a household","Aged 10 to 14 years","Female",4488
"E09000013","Hammersmith and Fulham","Lives in a household","Aged 15 years","Female",799
"E09000013","Hammersmith and Fulham","Lives in a household","Aged 16 to 17 years","Female",1729
"E09000013","Hammersmith and Fulham","Lives in a household","Aged 18 to 19 years","Female",1523
"E09000013","Hammersmith and Fulham","Lives in a household","Aged 20 to 24 years","Female",8567
"E09000013","Hammersmith and Fulham","Lives in a household","Aged 25 to 29 years","Female",12588
"E09000013","Hammersmith and Fulham","Lives in a household","Aged 30 to 34 years","Female",10128
"E09000013","Hammersmith and Fulham","Lives in a household","Aged 35 to 39 years","Female",7721
"E09000013","Hammersmith and Fulham","Lives in a household","Aged 40 to 44 years","Female",6977
"E09000013","Hammersmith and Fulham","Lives in a household","Aged 45 to 49 years","Female",6443
"E09000013","Hammersmith and Fulham","Lives in a household","Aged 50 to 54 years","Female",6395
"E09000013","Hammersmith and Fulham","Lives in a household","Aged 55 to 59 years","Female",5414
"E09000013","Hammersmith and Fulham","Lives in a household","Aged 60 to 64 years","Female",3955
"E09000013","Hammersmith and Fulham","Lives in a household","Aged 65 years","Female",700
"E09000013","Hammersmith and Fulham","Lives in a household","Aged 66 to 69 years","Female",2409
"E09000013","Hammersmith and Fulham","Lives in a household","Aged 70 to 74 years","Female",2680
"E09000013","Hammersmith and Fulham","Lives in a household","Aged 75 to 79 years","Female",2025
"E09000013","Hammersmith and Fulham","Lives in a household","Aged 80 to 84 years","Female",1484
"E09000013","Hammersmith and Fulham","Lives in a household","Aged 85 years and over","Female",1274
"E09000014","Haringey","Lives in a household","Total","Female",135793
"E09000014","Haringey","Lives in a household","Aged 2 years and under","Female",4428
"E09000014","Haringey","Lives in a household","Aged 3 to 4 years","Female",2883
"E09000014","Haringey","Lives in a household","Aged 5 to 7 years","Female",4292
"E09000014","Haringey","Lives in a household","Aged 8 to 9 years","Female",2941
"E09000014","Haringey","Lives in a household","Aged 10 to 14 years","Female",7667
"E09000014","Haringey","Lives in a household","Aged 15 years","Female",1462
"E09000014","Haringey","Lives in a household","Aged 16 to 17 years","Female",3067
"E09000014","Haringey","Lives in a household","Aged 18 to 19 years","Female",2463
"E09000014","Haringey","Lives in a household","Aged 20 to 24 years","Female",8044
"E09000014","Haringey","Lives in a household","Aged 25 to 29 years","Female",12638
"E09000014","Haringey","Lives in a household","Aged 30 to 34 years","Female",13337
"E09000014","Haringey","Lives in a household","Aged 35 to 39 years","Female",12198
"E09000014","Haringey","Lives in a household","Aged 40 to 44 years","Female",10836
"E09000014","Haringey","Lives in a household","Aged 45 to 49 years","Female",9851
"E09000014","Haringey","Lives in a household","Aged 50 to 54 years","Female",9670
"E09000014","Haringey","Lives in a household","Aged 55 to 59 years","Female",8381
"E09000014","Haringey","Lives in a household","Aged 60 to 64 years","Female",6257
"E09000014","Haringey","Lives in a household","Aged 65 years","Female",1042
"E09000014","Haringey","Lives in a household","Aged 66 to 69 years","Female",3633
"E09000014","Haringey","Lives in a household","Aged 70 to 74 years","Female",3931
"E09000014","Haringey","Lives in a household","Aged 75 to 79 years","Female",2740
"E09000014","Haringey","Lives in a household","Aged 80 to 84 years","Female",2063
"E09000014","Haringey","Lives in a household","Aged 85 years and over","Female",1969
"E09000015","Harrow","Lives in a household","Total","Female",131621
"E09000015","Harrow","Lives in a household","Aged 2 years and under","Female",4572
"E09000015","Harrow","Lives in a household","Aged 3 to 4 years","Female",3052
"E09000015","Harrow","Lives in a household","Aged 5 to 7 years","Female",4833
"E09000015","Harrow","Lives in a household","Aged 8 to 9 years","Female",3223
"E09000015","Harrow","Lives in a household","Aged 10 to 14 years","Female",7874
"E09000015","Harrow","Lives in a household","Aged 15 years","Female",1516
"E09000015","Harrow","Lives in a household","Aged 16 to 17 years","Female",3074
"E09000015","Harrow","Lives in a household","Aged 18 to 19 years","Female",2273
"E09000015","Harrow","Lives in a household","Aged 20 to 24 years","Female",7371
"E09000015","Harrow","Lives in a household","Aged 25 to 29 years","Female",9226
"E09000015","Harrow","Lives in a household","Aged 30 to 34 years","Female",10330
"E09000015","Harrow","Lives in a household","Aged 35 to 39 years","Female",10901
"E09000015","Harrow","Lives in a household","Aged 40 to 44 years","Female",10009
"E09000015","Harrow","Lives in a household","Aged 45 to 49 years","Female",8387
"E09000015","Harrow","Lives in a household","Aged 50 to 54 years","Female",8386
"E09000015","Harrow","Lives in a household","Aged 55 to 59 years","Female",7887
"E09000015","Harrow","Lives in a household","Aged 60 to 64 years","Female",7096
"E09000015","Harrow","Lives in a household","Aged 65 years","Female",1332
"E09000015","Harrow","Lives in a household","Aged 66 to 69 years","Female",4639
"E09000015","Harrow","Lives in a household","Aged 70 to 74 years","Female",5306
"E09000015","Harrow","Lives in a household","Aged 75 to 79 years","Female",3990
"E09000015","Harrow","Lives in a household","Aged 80 to 84 years","Female",3141
"E09000015","Harrow","Lives in a household","Aged 85 years and over","Female",3203
"E09000016","Havering","Lives in a household","Total","Female",134717
"E09000016","Havering","Lives in a household","Aged 2 years and under","Female",4678
"E09000016","Havering","Lives in a household","Aged 3 to 4 years","Female",3309
"E09000016","Havering","Lives in a household","Aged 5 to 7 years","Female",5040
"E09000016","Havering","Lives in a household","Aged 8 to 9 years","Female",3233
"E09000016","Havering","Lives in a household","Aged 10 to 14 years","Female",7769
"E09000016","Havering","Lives in a household","Aged 15 years","Female",1507
"E09000016","Havering","Lives in a household","Aged 16 to 17 years","Female",3071
"E09000016","Havering","Lives in a household","Aged 18 to 19 years","Female",2459
"E09000016","Havering","Lives in a household","Aged 20 to 24 years","Female",6998
"E09000016","Havering","Lives in a household","Aged 25 to 29 years","Female",8843
"E09000016","Havering","Lives in a household","Aged 30 to 34 years","Female",10327
"E09000016","Havering","Lives in a household","Aged 35 to 39 years","Female",10042
"E09000016","Havering","Lives in a household","Aged 40 to 44 years","Female",8986
"E09000016","Havering","Lives in a household","Aged 45 to 49 years","Female",8261
"E09000016","Havering","Lives in a household","Aged 50 to 54 years","Female",9023
"E09000016","Havering","Lives in a household","Aged 55 to 59 years","Female",8702
"E09000016","Havering","Lives in a household","Aged 60 to 64 years","Female",7520
"E09000016","Havering","Lives in a household","Aged 65 years","Female",1258
"E09000016","Havering","Lives in a household","Aged 66 to 69 years","Female",4881
"E09000016","Havering","Lives in a household","Aged 70 to 74 years","Female",6425
"E09000016","Havering","Lives in a household","Aged 75 to 79 years","Female",4815
"E09000016","Havering","Lives in a household","Aged 80 to 84 years","Female",3649
"E09000016","Havering","Lives in a household","Aged 85 years and over","Female",3921
"E09000017","Hillingdon","Lives in a household","Total","Female",152205
"E09000017","Hillingdon","Lives in a household","Aged 2 years and under","Female",5786
"E09000017","Hillingdon","Lives in a household","Aged 3 to 4 years","Female",3954
"E09000017","Hillingdon","Lives in a household","Aged 5 to 7 years","Female",5897
"E09000017","Hillingdon","Lives in a household","Aged 8 to 9 years","Female",4014
"E09000017","Hillingdon","Lives in a household","Aged 10 to 14 years","Female",9882
"E09000017","Hillingdon","Lives in a household","Aged 15 years","Female",1746
"E09000017","Hillingdon","Lives in a household","Aged 16 to 17 years","Female",3534
"E09000017","Hillingdon","Lives in a household","Aged 18 to 19 years","Female",2769
"E09000017","Hillingdon","Lives in a household","Aged 20 to 24 years","Female",8482
"E09000017","Hillingdon","Lives in a household","Aged 25 to 29 years","Female",10497
"E09000017","Hillingdon","Lives in a household","Aged 30 to 34 years","Female",12437
"E09000017","Hillingdon","Lives in a household","Aged 35 to 39 years","Female",12945
"E09000017","Hillingdon","Lives in a household","Aged 40 to 44 years","Female",11909
"E09000017","Hillingdon","Lives in a household","Aged 45 to 49 years","Female",10039
"E09000017","Hillingdon","Lives in a household","Aged 50 to 54 years","Female",9987
"E09000017","Hillingdon","Lives in a household","Aged 55 to 59 years","Female",9097
"E09000017","Hillingdon","Lives in a household","Aged 60 to 64 years","Female",7359
"E09000017","Hillingdon","Lives in a household","Aged 65 years","Female",1307
"E09000017","Hillingdon","Lives in a household","Aged 66 to 69 years","Female",4547
"E09000017","Hillingdon","Lives in a household","Aged 70 to 74 years","Female",5484
"E09000017","Hillingdon","Lives in a household","Aged 75 to 79 years","Female",3977
"E09000017","Hillingdon","Lives in a household","Aged 80 to 84 years","Female",3229
"E09000017","Hillingdon","Lives in a household","Aged 85 years and over","Female",3327
"E09000018","Hounslow","Lives in a household","Total","Female",144248
"E09000018","Hounslow","Lives in a household","Aged 2 years and under","Female",5182
"E09000018","Hounslow","Lives in a household","Aged 3 to 4 years","Female",3625
"E09000018","Hounslow","Lives in a household","Aged 5 to 7 years","Female",5463
"E09000018","Hounslow","Lives in a household","Aged 8 to 9 years","Female",3891
"E09000018","Hounslow","Lives in a household","Aged 10 to 14 years","Female",8942
"E09000018","Hounslow","Lives in a household","Aged 15 years","Female",1730
"E09000018","Hounslow","Lives in a household","Aged 16 to 17 years","Female",3326
"E09000018","Hounslow","Lives in a household","Aged 18 to 19 years","Female",2665
"E09000018","Hounslow","Lives in a household","Aged 20 to 24 years","Female",7958
"E09000018","Hounslow","Lives in a household","Aged 25 to 29 years","Female",10668
"E09000018","Hounslow","Lives in a household","Aged 30 to 34 years","Female",13007
"E09000018","Hounslow","Lives in a household","Aged 35 to 39 years","Female",13274
"E09000018","Hounslow","Lives in a household","Aged 40 to 44 years","Female",11966
"E09000018","Hounslow","Lives in a household","Aged 45 to 49 years","Female",10173
"E09000018","Hounslow","Lives in a household","Aged 50 to 54 years","Female",9430
"E09000018","Hounslow","Lives in a household","Aged 55 to 59 years","Female",8130
"E09000018","Hounslow","Lives in a household","Aged 60 to 64 years","Female",6712
"E09000018","Hounslow","Lives in a household","Aged 65 years","Female",1162
"E09000018","Hounslow","Lives in a household","Aged 66 to 69 years","Female",4293
"E09000018","Hounslow","Lives in a household","Aged 70 to 74 years","Female",4704
"E09000018","Hounslow","Lives in a household","Aged 75 to 79 years","Female",3318
"E09000018","Hounslow","Lives in a household","Aged 80 to 84 years","Female",2413
"E09000018","Hounslow","Lives in a household","Aged 85 years and over","Female",2216
"E09000019","Islington","Lives in a household","Total","Female",110583
"E09000019","Islington","Lives in a household","Aged 2 years and under","Female",3389
"E09000019","Islington","Lives in a household","Aged 3 to 4 years","Female",2058
"E09000019","Islington","Lives in a household","Aged 5 to 7 years","Female",2934
"E09000019","Islington","Lives in a household","Aged 8 to 9 years","Female",2013
"E09000019","Islington","Lives in a household","Aged 10 to 14 years","Female",4888
"E09000019","Islington","Lives in a household","Aged 15 years","Female",938
"E09000019","Islington","Lives in a household","Aged 16 to 17 years","Female",1699
"E09000019","Islington","Lives in a household","Aged 18 to 19 years","Female",1958
"E09000019","Islington","Lives in a household","Aged 20 to 24 years","Female",9260
"E09000019","Islington","Lives in a household","Aged 25 to 29 years","Female",15278
"E09000019","Islington","Lives in a household","Aged 30 to 34 years","Female",14275
"E09000019","Islington","Lives in a household","Aged 35 to 39 years","Female",9655
"E09000019","Islington","Lives in a household","Aged 40 to 44 years","Female",7537
"E09000019","Islington","Lives in a household","Aged 45 to 49 years","Female",6408
"E09000019","Islington","Lives in a household","Aged 50 to 54 years","Female",6534
"E09000019","Islington","Lives in a household","Aged 55 to 59 years","Female",6112
"E09000019","Islington","Lives in a household","Aged 60 to 64 years","Female",4601
"E09000019","Islington","Lives in a household","Aged 65 years","Female",751
"E09000019","Islington","Lives in a household","Aged 66 to 69 years","Female",2568
"E09000019","Islington","Lives in a household","Aged 70 to 74 years","Female",2859
"E09000019","Islington","Lives in a household","Aged 75 to 79 years","Female",2012
"E09000019","Islington","Lives in a household","Aged 80 to 84 years","Female",1442
"E09000019","Islington","Lives in a household","Aged 85 years and over","Female",1414
"E09000020","Kensington and Chelsea","Lives in a household","Total","Female",75268
"E09000020","Kensington and Chelsea","Lives in a household","Aged 2 years and under","Female",1812
"E09000020","Kensington and Chelsea","Lives in a household","Aged 3 to 4 years","Female",1193
"E09000020","Kensington and Chelsea","Lives in a household","Aged 5 to 7 years","Female",1830
"E09000020","Kensington and Chelsea","Lives in a household","Aged 8 to 9 years","Female",1273
"E09000020","Kensington and Chelsea","Lives in a household","Aged 10 to 14 years","Female",3187
"E09000020","Kensington and Chelsea","Lives in a household","Aged 15 years","Female",637
"E09000020","Kensington and Chelsea","Lives in a household","Aged 16 to 17 years","Female",1296
"E09000020","Kensington and Chelsea","Lives in a household","Aged 18 to 19 years","Female",1285
"E09000020","Kensington and Chelsea","Lives in a household","Aged 20 to 24 years","Female",6044
"E09000020","Kensington and Chelsea","Lives in a household","Aged 25 to 29 years","Female",6984
"E09000020","Kensington and Chelsea","Lives in a household","Aged 30 to 34 years","Female",6517
"E09000020","Kensington and Chelsea","Lives in a household","Aged 35 to 39 years","Female",5724
"E09000020","Kensington and Chelsea","Lives in a household","Aged 40 to 44 years","Female",5073
"E09000020","Kensington and Chelsea","Lives in a household","Aged 45 to 49 years","Female",5392
"E09000020","Kensington and Chelsea","Lives in a household","Aged 50 to 54 years","Female",6004
"E09000020","Kensington and Chelsea","Lives in a household","Aged 55 to 59 years","Female",5594
"E09000020","Kensington and Chelsea","Lives in a household","Aged 60 to 64 years","Female",4144
"E09000020","Kensington and Chelsea","Lives in a household","Aged 65 years","Female",689
"E09000020","Kensington and Chelsea","Lives in a household","Aged 66 to 69 years","Female",2503
"E09000020","Kensington and Chelsea","Lives in a household","Aged 70 to 74 years","Female",2951
"E09000020","Kensington and Chelsea","Lives in a household","Aged 75 to 79 years","Female",2195
"E09000020","Kensington and Chelsea","Lives in a household","Aged 80 to 84 years","Female",1517
"E09000020","Kensington and Chelsea","Lives in a household","Aged 85 years and over","Female",1424
"E09000021","Kingston upon Thames","Lives in a household","Total","Female",84952
"E09000021","Kingston upon Thames","Lives in a household","Aged 2 years and under","Female",2669
"E09000021","Kingston upon Thames","Lives in a household","Aged 3 to 4 years","Female",1958
"E09000021","Kingston upon Thames","Lives in a household","Aged 5 to 7 years","Female",3051
"E09000021","Kingston upon Thames","Lives in a household","Aged 8 to 9 years","Female",2158
"E09000021","Kingston upon Thames","Lives in a household","Aged 10 to 14 years","Female",5262
"E09000021","Kingston upon Thames","Lives in a household","Aged 15 years","Female",997
"E09000021","Kingston upon Thames","Lives in a household","Aged 16 to 17 years","Female",1908
"E09000021","Kingston upon Thames","Lives in a household","Aged 18 to 19 years","Female",1417
"E09000021","Kingston upon Thames","Lives in a household","Aged 20 to 24 years","Female",5327
"E09000021","Kingston upon Thames","Lives in a household","Aged 25 to 29 years","Female",5603
"E09000021","Kingston upon Thames","Lives in a household","Aged 30 to 34 years","Female",6432
"E09000021","Kingston upon Thames","Lives in a household","Aged 35 to 39 years","Female",6836
"E09000021","Kingston upon Thames","Lives in a household","Aged 40 to 44 years","Female",6988
"E09000021","Kingston upon Thames","Lives in a household","Aged 45 to 49 years","Female",6472
"E09000021","Kingston upon Thames","Lives in a household","Aged 50 to 54 years","Female",5847
"E09000021","Kingston upon Thames","Lives in a household","Aged 55 to 59 years","Female",5086
"E09000021","Kingston upon Thames","Lives in a household","Aged 60 to 64 years","Female",4185
"E09000021","Kingston upon Thames","Lives in a household","Aged 65 years","Female",705
"E09000021","Kingston upon Thames","Lives in a household","Aged 66 to 69 years","Female",2756
"E09000021","Kingston upon Thames","Lives in a household","Aged 70 to 74 years","Female",3482
"E09000021","Kingston upon Thames","Lives in a household","Aged 75 to 79 years","Female",2355
"E09000021","Kingston upon Thames","Lives in a household","Aged 80 to 84 years","Female",1715
"E09000021","Kingston upon Thames","Lives in a household","Aged 85 years and over","Female",1743
"E09000022","Lambeth","Lives in a household","Total","Female",161741
"E09000022","Lambeth","Lives in a household","Aged 2 years and under","Female",4501
"E09000022","Lambeth","Lives in a household","Aged 3 to 4 years","Female",2984
"E09000022","Lambeth","Lives in a household","Aged 5 to 7 years","Female",4245
"E09000022","Lambeth","Lives in a household","Aged 8 to 9 years","Female",3075
"E09000022","Lambeth","Lives in a household","Aged 10 to 14 years","Female",7542
"E09000022","Lambeth","Lives in a household","Aged 15 years","Female",1484
"E09000022","Lambeth","Lives in a household","Aged 16 to 17 years","Female",3012
"E09000022","Lambeth","Lives in a household","Aged 18 to 19 years","Female",2557
"E09000022","Lambeth","Lives in a household","Aged 20 to 24 years","Female",13932
"E09000022","Lambeth","Lives in a household","Aged 25 to 29 years","Female",23852
"E09000022","Lambeth","Lives in a household","Aged 30 to 34 years","Female",18477
"E09000022","Lambeth","Lives in a household","Aged 35 to 39 years","Female",13196
"E09000022","Lambeth","Lives in a household","Aged 40 to 44 years","Female",11380
"E09000022","Lambeth","Lives in a household","Aged 45 to 49 years","Female",10219
"E09000022","Lambeth","Lives in a household","Aged 50 to 54 years","Female",10319
"E09000022","Lambeth","Lives in a household","Aged 55 to 59 years","Female",9408
"E09000022","Lambeth","Lives in a household","Aged 60 to 64 years","Female",6801
"E09000022","Lambeth","Lives in a household","Aged 65 years","Female",1172
"E09000022","Lambeth","Lives in a household","Aged 66 to 69 years","Female",3538
"E09000022","Lambeth","Lives in a household","Aged 70 to 74 years","Female",3569
"E09000022","Lambeth","Lives in a household","Aged 75 to 79 years","Female",2574
"E09000022","Lambeth","Lives in a household","Aged 80 to 84 years","Female",2036
"E09000022","Lambeth","Lives in a household","Aged 85 years and over","Female",1868
"E09000023","Lewisham","Lives in a household","Total","Female",156302
"E09000023","Lewisham","Lives in a household","Aged 2 years and under","Female",5740
"E09000023","Lewisham","Lives in a household","Aged 3 to 4 years","Female",3664
"E09000023","Lewisham","Lives in a household","Aged 5 to 7 years","Female",5296
"E09000023","Lewisham","Lives in a household","Aged 8 to 9 years","Female",3533
"E09000023","Lewisham","Lives in a household","Aged 10 to 14 years","Female",8758
"E09000023","Lewisham","Lives in a household","Aged 15 years","Female",1633
"E09000023","Lewisham","Lives in a household","Aged 16 to 17 years","Female",3182
"E09000023","Lewisham","Lives in a household","Aged 18 to 19 years","Female",2605
"E09000023","Lewisham","Lives in a household","Aged 20 to 24 years","Female",9686
"E09000023","Lewisham","Lives in a household","Aged 25 to 29 years","Female",14857
"E09000023","Lewisham","Lives in a household","Aged 30 to 34 years","Female",16582
"E09000023","Lewisham","Lives in a household","Aged 35 to 39 years","Female",14520
"E09000023","Lewisham","Lives in a household","Aged 40 to 44 years","Female",12523
"E09000023","Lewisham","Lives in a household","Aged 45 to 49 years","Female",10700
"E09000023","Lewisham","Lives in a household","Aged 50 to 54 years","Female",10396
"E09000023","Lewisham","Lives in a household","Aged 55 to 59 years","Female",9962
"E09000023","Lewisham","Lives in a household","Aged 60 to 64 years","Female",7004
"E09000023","Lewisham","Lives in a household","Aged 65 years","Female",1077
"E09000023","Lewisham","Lives in a household","Aged 66 to 69 years","Female",3612
"E09000023","Lewisham","Lives in a household","Aged 70 to 74 years","Female",3807
"E09000023","Lewisham","Lives in a household","Aged 75 to 79 years","Female",2793
"E09000023","Lewisham","Lives in a household","Aged 80 to 84 years","Female",2268
"E09000023","Lewisham","Lives in a household","Aged 85 years and over","Female",2104
"E09000024","Merton","Lives in a household","Total","Female",109911
"E09000024","Merton","Lives in a household","Aged 2 years and under","Female",4025
"E09000024","Merton","Lives in a household","Aged 3 to 4 years","Female",2576
"E09000024","Merton","Lives in a household","Aged 5 to 7 years","Female",3770
"E09000024","Merton","Lives in a household","Aged 8 to 9 years","Female",2622
"E09000024","Merton","Lives in a household","Aged 10 to 14 years","Female",6326
"E09000024","Merton","Lives in a household","Aged 15 years","Female",1250
"E09000024","Merton","Lives in a household","Aged 16 to 17 years","Female",2314
"E09000024","Merton","Lives in a household","Aged 18 to 19 years","Female",1677
"E09000024","Merton","Lives in a household","Aged 20 to 24 years","Female",5743
"E09000024","Merton","Lives in a household","Aged 25 to 29 years","Female",8982
"E09000024","Merton","Lives in a household","Aged 30 to 34 years","Female",9962
"E09000024","Merton","Lives in a household","Aged 35 to 39 years","Female",9756
"E09000024","Merton","Lives in a household","Aged 40 to 44 years","Female",9271
"E09000024","Merton","Lives in a household","Aged 45 to 49 years","Female",7843
"E09000024","Merton","Lives in a household","Aged 50 to 54 years","Female",7366
"E09000024","Merton","Lives in a household","Aged 55 to 59 years","Female",6495
"E09000024","Merton","Lives in a household","Aged 60 to 64 years","Female",5294
"E09000024","Merton","Lives in a household","Aged 65 years","Female",935
"E09000024","Merton","Lives in a household","Aged 66 to 69 years","Female",3251
"E09000024","Merton","Lives in a household","Aged 70 to 74 years","Female",3739
"E09000024","Merton","Lives in a household","Aged 75 to 79 years","Female",2600
"E09000024","Merton","Lives in a household","Aged 80 to 84 years","Female",2058
"E09000024","Merton","Lives in a household","Aged 85 years and over","Female",2056
"E09000025","Newham","Lives in a household","Total","Female",174374
"E09000025","Newham","Lives in a household","Aged 2 years and under","Female",7266
"E09000025","Newham","Lives in a household","Aged 3 to 4 years","Female",4715
"E09000025","Newham","Lives in a household","Aged 5 to 7 years","Female",6769
"E09000025","Newham","Lives in a household","Aged 8 to 9 years","Female",4673
"E09000025","Newham","Lives in a household","Aged 10 to 14 years","Female",11542
"E09000025","Newham","Lives in a household","Aged 15 years","Female",2152
"E09000025","Newham","Lives in a household","Aged 16 to 17 years","Female",4454
"E09000025","Newham","Lives in a household","Aged 18 to 19 years","Female",4166
"E09000025","Newham","Lives in a household","Aged 20 to 24 years","Female",13455
"E09000025","Newham","Lives in a household","Aged 25 to 29 years","Female",18064
"E09000025","Newham","Lives in a household","Aged 30 to 34 years","Female",18294
"E09000025","Newham","Lives in a household","Aged 35 to 39 years","Female",16147
"E09000025","Newham","Lives in a household","Aged 40 to 44 years","Female",13248
"E09000025","Newham","Lives in a household","Aged 45 to 49 years","Female",10967
"E09000025","Newham","Lives in a household","Aged 50 to 54 years","Female",9954
"E09000025","Newham","Lives in a household","Aged 55 to 59 years","Female",8302
"E09000025","Newham","Lives in a household","Aged 60 to 64 years","Female",6495
"E09000025","Newham","Lives in a household","Aged 65 years","Female",1083
"E09000025","Newham","Lives in a household","Aged 66 to 69 years","Female",3591
"E09000025","Newham","Lives in a household","Aged 70 to 74 years","Female",3466
"E09000025","Newham","Lives in a household","Aged 75 to 79 years","Female",2298
"E09000025","Newham","Lives in a household","Aged 80 to 84 years","Female",1805
"E09000025","Newham","Lives in a household","Aged 85 years and over","Female",1468
"E09000026","Redbridge","Lives in a household","Total","Female",156015
"E09000026","Redbridge","Lives in a household","Aged 2 years and under","Female",6148
"E09000026","Redbridge","Lives in a household","Aged 3 to 4 years","Female",4233
"E09000026","Redbridge","Lives in a household","Aged 5 to 7 years","Female",6383
"E09000026","Redbridge","Lives in a household","Aged 8 to 9 years","Female",4265
"E09000026","Redbridge","Lives in a household","Aged 10 to 14 years","Female",10501
"E09000026","Redbridge","Lives in a household","Aged 15 years","Female",1851
"E09000026","Redbridge","Lives in a household","Aged 16 to 17 years","Female",3943
"E09000026","Redbridge","Lives in a household","Aged 18 to 19 years","Female",3302
"E09000026","Redbridge","Lives in a household","Aged 20 to 24 years","Female",9352
"E09000026","Redbridge","Lives in a household","Aged 25 to 29 years","Female",11192
"E09000026","Redbridge","Lives in a household","Aged 30 to 34 years","Female",12771
"E09000026","Redbridge","Lives in a household","Aged 35 to 39 years","Female",13489
"E09000026","Redbridge","Lives in a household","Aged 40 to 44 years","Female",12460
"E09000026","Redbridge","Lives in a household","Aged 45 to 49 years","Female",10419
"E09000026","Redbridge","Lives in a household","Aged 50 to 54 years","Female",9757
"E09000026","Redbridge","Lives in a household","Aged 55 to 59 years","Female",8550
"E09000026","Redbridge","Lives in a household","Aged 60 to 64 years","Female",7206
"E09000026","Redbridge","Lives in a household","Aged 65 years","Female",1217
"E09000026","Redbridge","Lives in a household","Aged 66 to 69 years","Female",4584
"E09000026","Redbridge","Lives in a household","Aged 70 to 74 years","Female",5090
"E09000026","Redbridge","Lives in a household","Aged 75 to 79 years","Female",3605
"E09000026","Redbridge","Lives in a household","Aged 80 to 84 years","Female",2723
"E09000026","Redbridge","Lives in a household","Aged 85 years and over","Female",2974
"E09000027","Richmond upon Thames","Lives in a household","Total","Female",100281
"E09000027","Richmond upon Thames","Lives in a household","Aged 2 years and under","Female",3101
"E09000027","Richmond upon Thames","Lives in a household","Aged 3 to 4 years","Female",2297
"E09000027","Richmond upon Thames","Lives in a household","Aged 5 to 7 years","Female",3742
"E09000027","Richmond upon Thames","Lives in a household","Aged 8 to 9 years","Female",2542
"E09000027","Richmond upon Thames","Lives in a household","Aged 10 to 14 years","Female",6437
"E09000027","Richmond upon Thames","Lives in a household","Aged 15 years","Female",1149
"E09000027","Richmond upon Thames","Lives in a household","Aged 16 to 17 years","Female",2220
"E09000027","Richmond upon Thames","Lives in a household","Aged 18 to 19 years","Female",1381
"E09000027","Richmond upon Thames","Lives in a household","Aged 20 to 24 years","Female",3983
"E09000027","Richmond upon Thames","Lives in a household","Aged 25 to 29 years","Female",5186
"E09000027","Richmond upon Thames","Lives in a household","Aged 30 to 34 years","Female",6458
"E09000027","Richmond upon Thames","Lives in a household","Aged 35 to 39 years","Female",7742
"E09000027","Richmond upon Thames","Lives in a household","Aged 40 to 44 years","Female",8700
"E09000027","Richmond upon Thames","Lives in a household","Aged 45 to 49 years","Female",8318
"E09000027","Richmond upon Thames","Lives in a household","Aged 50 to 54 years","Female",7911
"E09000027","Richmond upon Thames","Lives in a household","Aged 55 to 59 years","Female",6991
"E09000027","Richmond upon Thames","Lives in a household","Aged 60 to 64 years","Female",5273
"E09000027","Richmond upon Thames","Lives in a household","Aged 65 years","Female",895
"E09000027","Richmond upon Thames","Lives in a household","Aged 66 to 69 years","Female",3489
"E09000027","Richmond upon Thames","Lives in a household","Aged 70 to 74 years","Female",4664
"E09000027","Richmond upon Thames","Lives in a household","Aged 75 to 79 years","Female",3278
"E09000027","Richmond upon Thames","Lives in a household","Aged 80 to 84 years","Female",2219
"E09000027","Richmond upon Thames","Lives in a household","Aged 85 years and over","Female",2305
"E09000028","Southwark","Lives in a household","Total","Female",155699
"E09000028","Southwark","Lives in a household","Aged 2 years and under","Female",4826
"E09000028","Southwark","Lives in a household","Aged 3 to 4 years","Female",3158
"E09000028","Southwark","Lives in a household","Aged 5 to 7 years","Female",4641
"E09000028","Southwark","Lives in a household","Aged 8 to 9 years","Female",3198
"E09000028","Southwark","Lives in a household","Aged 10 to 14 years","Female",7948
"E09000028","Southwark","Lives in a household","Aged 15 years","Female",1494
"E09000028","Southwark","Lives in a household","Aged 16 to 17 years","Female",2985
"E09000028","Southwark","Lives in a household","Aged 18 to 19 years","Female",2601
"E09000028","Southwark","Lives in a household","Aged 20 to 24 years","Female",12929
"E09000028","Southwark","Lives in a household","Aged 25 to 29 years","Female",19625
"E09000028","Southwark","Lives in a household","Aged 30 to 34 years","Female",17677
"E09000028","Southwark","Lives in a household","Aged 35 to 39 years","Female",13484
"E09000028","Southwark","Lives in a household","Aged 40 to 44 years","Female",11300
"E09000028","Southwark","Lives in a household","Aged 45 to 49 years","Female",10184
"E09000028","Southwark","Lives in a household","Aged 50 to 54 years","Female",9912
"E09000028","Southwark","Lives in a household","Aged 55 to 59 years","Female",8976
"E09000028","Southwark","Lives in a household","Aged 60 to 64 years","Female",6672
"E09000028","Southwark","Lives in a household","Aged 65 years","Female",1055
"E09000028","Southwark","Lives in a household","Aged 66 to 69 years","Female",3339
"E09000028","Southwark","Lives in a household","Aged 70 to 74 years","Female",3527
"E09000028","Southwark","Lives in a household","Aged 75 to 79 years","Female",2400
"E09000028","Southwark","Lives in a household","Aged 80 to 84 years","Female",1887
"E09000028","Southwark","Lives in a household","Aged 85 years and over","Female",1881
"E09000029","Sutton","Lives in a household","Total","Female",107399
"E09000029","Sutton","Lives in a household","Aged 2 years and under","Female",3600
"E09000029","Sutton","Lives in a household","Aged 3 to 4 years","Female",2647
"E09000029","Sutton","Lives in a household","Aged 5 to 7 years","Female",3977
"E09000029","Sutton","Lives in a household","Aged 8 to 9 years","Female",2845
"E09000029","Sutton","Lives in a household","Aged 10 to 14 years","Female",6948
"E09000029","Sutton","Lives in a household","Aged 15 years","Female",1242
"E09000029","Sutton","Lives in a household","Aged 16 to 17 years","Female",2482
"E09000029","Sutton","Lives in a household","Aged 18 to 19 years","Female",1727
"E09000029","Sutton","Lives in a household","Aged 20 to 24 years","Female",4975
"E09000029","Sutton","Lives in a household","Aged 25 to 29 years","Female",6447
"E09000029","Sutton","Lives in a household","Aged 30 to 34 years","Female",7986
"E09000029","Sutton","Lives in a household","Aged 35 to 39 years","Female",8979
"E09000029","Sutton","Lives in a household","Aged 40 to 44 years","Female",8792
"E09000029","Sutton","Lives in a household","Aged 45 to 49 years","Female",7637
"E09000029","Sutton","Lives in a household","Aged 50 to 54 years","Female",7533
"E09000029","Sutton","Lives in a household","Aged 55 to 59 years","Female",6973
"E09000029","Sutton","Lives in a household","Aged 60 to 64 years","Female",5371
"E09000029","Sutton","Lives in a household","Aged 65 years","Female",996
"E09000029","Sutton","Lives in a household","Aged 66 to 69 years","Female",3508
"E09000029","Sutton","Lives in a household","Aged 70 to 74 years","Female",4430
"E09000029","Sutton","Lives in a household","Aged 75 to 79 years","Female",3265
"E09000029","Sutton","Lives in a household","Aged 80 to 84 years","Female",2451
"E09000029","Sutton","Lives in a household","Aged 85 years and over","Female",2588
"E09000030","Tower Hamlets","Lives in a household","Total","Female",150922
"E09000030","Tower Hamlets","Lives in a household","Aged 2 years and under","Female",5506
"E09000030","Tower Hamlets","Lives in a household","Aged 3 to 4 years","Female",3711
"E09000030","Tower Hamlets","Lives in a household","Aged 5 to 7 years","Female",5047
"E09000030","Tower Hamlets","Lives in a household","Aged 8 to 9 years","Female",3503
"E09000030","Tower Hamlets","Lives in a household","Aged 10 to 14 years","Female",8492
"E09000030","Tower Hamlets","Lives in a household","Aged 15 years","Female",1609
"E09000030","Tower Hamlets","Lives in a household","Aged 16 to 17 years","Female",3329
"E09000030","Tower Hamlets","Lives in a household","Aged 18 to 19 years","Female",3305
"E09000030","Tower Hamlets","Lives in a household","Aged 20 to 24 years","Female",15803
"E09000030","Tower Hamlets","Lives in a household","Aged 25 to 29 years","Female",22280
"E09000030","Tower Hamlets","Lives in a household","Aged 30 to 34 years","Female",20078
"E09000030","Tower Hamlets","Lives in a household","Aged 35 to 39 years","Female",14849
"E09000030","Tower Hamlets","Lives in a household","Aged 40 to 44 years","Female",10818
"E09000030","Tower Hamlets","Lives in a household","Aged 45 to 49 years","Female",7845
"E09000030","Tower Hamlets","Lives in a household","Aged 50 to 54 years","Female",6181
"E09000030","Tower Hamlets","Lives in a household","Aged 55 to 59 years","Female",5089
"E09000030","Tower Hamlets","Lives in a household","Aged 60 to 64 years","Female",3918
"E09000030","Tower Hamlets","Lives in a household","Aged 65 years","Female",706
"E09000030","Tower Hamlets","Lives in a household","Aged 66 to 69 years","Female",2434
"E09000030","Tower Hamlets","Lives in a household","Aged 70 to 74 years","Female",2354
"E09000030","Tower Hamlets","Lives in a household","Aged 75 to 79 years","Female",1568
"E09000030","Tower Hamlets","Lives in a household","Aged 80 to 84 years","Female",1266
"E09000030","Tower Hamlets","Lives in a household","Aged 85 years and over","Female",1231
"E09000031","Waltham Forest","Lives in a household","Total","Female",141139
"E09000031","Waltham Forest","Lives in a household","Aged 2 years and under","Female",5648
"E09000031","Waltham Forest","Lives in a household","Aged 3 to 4 years","Female",3659
"E09000031","Waltham Forest","Lives in a household","Aged 5 to 7 years","Female",5116
"E09000031","Waltham Forest","Lives in a household","Aged 8 to 9 years","Female",3364
"E09000031","Waltham Forest","Lives in a household","Aged 10 to 14 years","Female",8188
"E09000031","Waltham Forest","Lives in a household","Aged 15 years","Female",1561
"E09000031","Waltham Forest","Lives in a household","Aged 16 to 17 years","Female",3018
"E09000031","Waltham Forest","Lives in a household","Aged 18 to 19 years","Female",2639
"E09000031","Waltham Forest","Lives in a household","Aged 20 to 24 years","Female",7581
"E09000031","Waltham Forest","Lives in a household","Aged 25 to 29 years","Female",11573
"E09000031","Waltham Forest","Lives in a household","Aged 30 to 34 years","Female",14803
"E09000031","Waltham Forest","Lives in a household","Aged 35 to 39 years","Female",13877
"E09000031","Waltham Forest","Lives in a household","Aged 40 to 44 years","Female",11611
"E09000031","Waltham Forest","Lives in a household","Aged 45 to 49 years","Female",9671
"E09000031","Waltham Forest","Lives in a household","Aged 50 to 54 years","Female",9223
"E09000031","Waltham Forest","Lives in a household","Aged 55 to 59 years","Female",8084
"E09000031","Waltham Forest","Lives in a household","Aged 60 to 64 years","Female",6201
"E09000031","Waltham Forest","Lives in a household","Aged 65 years","Female",966
"E09000031","Waltham Forest","Lives in a household","Aged 66 to 69 years","Female",3651
"E09000031","Waltham Forest","Lives in a household","Aged 70 to 74 years","Female",3890
"E09000031","Waltham Forest","Lives in a household","Aged 75 to 79 years","Female",2797
"E09000031","Waltham Forest","Lives in a household","Aged 80 to 84 years","Female",2065
"E09000031","Waltham Forest","Lives in a household","Aged 85 years and over","Female",1953
"E09000032","Wandsworth","Lives in a household","Total","Female",170057
"E09000032","Wandsworth","Lives in a household","Aged 2 years and under","Female",5701
"E09000032","Wandsworth","Lives in a household","Aged 3 to 4 years","Female",3408
"E09000032","Wandsworth","Lives in a household","Aged 5 to 7 years","Female",5087
"E09000032","Wandsworth","Lives in a household","Aged 8 to 9 years","Female",3273
"E09000032","Wandsworth","Lives in a household","Aged 10 to 14 years","Female",7623
"E09000032","Wandsworth","Lives in a household","Aged 15 years","Female",1261
"E09000032","Wandsworth","Lives in a household","Aged 16 to 17 years","Female",2732
"E09000032","Wandsworth","Lives in a household","Aged 18 to 19 years","Female",2063
"E09000032","Wandsworth","Lives in a household","Aged 20 to 24 years","Female",12523
"E09000032","Wandsworth","Lives in a household","Aged 25 to 29 years","Female",25990
"E09000032","Wandsworth","Lives in a household","Aged 30 to 34 years","Female",20302
"E09000032","Wandsworth","Lives in a household","Aged 35 to 39 years","Female",15353
"E09000032","Wandsworth","Lives in a household","Aged 40 to 44 years","Female",12725
"E09000032","Wandsworth","Lives in a household","Aged 45 to 49 years","Female",10557
"E09000032","Wandsworth","Lives in a household","Aged 50 to 54 years","Female",9769
"E09000032","Wandsworth","Lives in a household","Aged 55 to 59 years","Female",8365
"E09000032","Wandsworth","Lives in a household","Aged 60 to 64 years","Female",6175
"E09000032","Wandsworth","Lives in a household","Aged 65 years","Female",1007
"E09000032","Wandsworth","Lives in a household","Aged 66 to 69 years","Female",3911
"E09000032","Wandsworth","Lives in a household","Aged 70 to 74 years","Female",4475
"E09000032","Wandsworth","Lives in a household","Aged 75 to 79 years","Female",3187
"E09000032","Wandsworth","Lives in a household","Aged 80 to 84 years","Female",2288
"E09000032","Wandsworth","Lives in a household","Aged 85 years and over","Female",2282
"E09000033","Westminster","Lives in a household","Total","Female",103396
"E09000033","Westminster","Lives in a household","Aged 2 years and under","Female",2580
"E09000033","Westminster","Lives in a household","Aged 3 to 4 years","Female",1583
"E09000033","Westminster","Lives in a household","Aged 5 to 7 years","Female",2228
"E09000033","Westminster","Lives in a household","Aged 8 to 9 years","Female",1639
"E09000033","Westminster","Lives in a household","Aged 10 to 14 years","Female",4147
"E09000033","Westminster","Lives in a household","Aged 15 years","Female",844
"E09000033","Westminster","Lives in a household","Aged 16 to 17 years","Female",1779
"E09000033","Westminster","Lives in a household","Aged 18 to 19 years","Female",1939
"E09000033","Westminster","Lives in a household","Aged 20 to 24 years","Female",9907
"E09000033","Westminster","Lives in a household","Aged 25 to 29 years","Female",11864
"E09000033","Westminster","Lives in a household","Aged 30 to 34 years","Female",10672
"E09000033","Westminster","Lives in a household","Aged 35 to 39 years","Female",8110
"E09000033","Westminster","Lives in a household","Aged 40 to 44 years","Female",7058
"E09000033","Westminster","Lives in a household","Aged 45 to 49 years","Female",7084
"E09000033","Westminster","Lives in a household","Aged 50 to 54 years","Female",7440
"E09000033","Westminster","Lives in a household","Aged 55 to 59 years","Female",6182
"E09000033","Westminster","Lives in a household","Aged 60 to 64 years","Female",4902
"E09000033","Westminster","Lives in a household","Aged 65 years","Female",801
"E09000033","Westminster","Lives in a household","Aged 66 to 69 years","Female",2944
"E09000033","Westminster","Lives in a household","Aged 70 to 74 years","Female",3379
"E09000033","Westminster","Lives in a household","Aged 75 to 79 years","Female",2586
"E09000033","Westminster","Lives in a household","Aged 80 to 84 years","Female",1884
"E09000033","Westminster","Lives in a household","Aged 85 years and over","Female",1844
"E06000035","Medway","Lives in a household","Total","Female",141067
"E06000035","Medway","Lives in a household","Aged 2 years and under","Female",4956
"E06000035","Medway","Lives in a household","Aged 3 to 4 years","Female",3500
"E06000035","Medway","Lives in a household","Aged 5 to 7 years","Female",5304
"E06000035","Medway","Lives in a household","Aged 8 to 9 years","Female",3661
"E06000035","Medway","Lives in a household","Aged 10 to 14 years","Female",8806
"E06000035","Medway","Lives in a household","Aged 15 years","Female",1658
"E06000035","Medway","Lives in a household","Aged 16 to 17 years","Female",3270
"E06000035","Medway","Lives in a household","Aged 18 to 19 years","Female",2675
"E06000035","Medway","Lives in a household","Aged 20 to 24 years","Female",7493
"E06000035","Medway","Lives in a household","Aged 25 to 29 years","Female",9489
"E06000035","Medway","Lives in a household","Aged 30 to 34 years","Female",10689
"E06000035","Medway","Lives in a household","Aged 35 to 39 years","Female",9997
"E06000035","Medway","Lives in a household","Aged 40 to 44 years","Female",9482
"E06000035","Medway","Lives in a household","Aged 45 to 49 years","Female",8869
"E06000035","Medway","Lives in a household","Aged 50 to 54 years","Female",9561
"E06000035","Medway","Lives in a household","Aged 55 to 59 years","Female",9472
"E06000035","Medway","Lives in a household","Aged 60 to 64 years","Female",7929
"E06000035","Medway","Lives in a household","Aged 65 years","Female",1366
"E06000035","Medway","Lives in a household","Aged 66 to 69 years","Female",5204
"E06000035","Medway","Lives in a household","Aged 70 to 74 years","Female",6796
"E06000035","Medway","Lives in a household","Aged 75 to 79 years","Female",4711
"E06000035","Medway","Lives in a household","Aged 80 to 84 years","Female",3250
"E06000035","Medway","Lives in a household","Aged 85 years and over","Female",2929
"E06000036","Bracknell Forest","Lives in a household","Total","Female",62155
"E06000036","Bracknell Forest","Lives in a household","Aged 2 years and under","Female",2060
"E06000036","Bracknell Forest","Lives in a household","Aged 3 to 4 years","Female",1370
"E06000036","Bracknell Forest","Lives in a household","Aged 5 to 7 years","Female",2172
"E06000036","Bracknell Forest","Lives in a household","Aged 8 to 9 years","Female",1602
"E06000036","Bracknell Forest","Lives in a household","Aged 10 to 14 years","Female",3802
"E06000036","Bracknell Forest","Lives in a household","Aged 15 years","Female",704
"E06000036","Bracknell Forest","Lives in a household","Aged 16 to 17 years","Female",1366
"E06000036","Bracknell Forest","Lives in a household","Aged 18 to 19 years","Female",971
"E06000036","Bracknell Forest","Lives in a household","Aged 20 to 24 years","Female",2991
"E06000036","Bracknell Forest","Lives in a household","Aged 25 to 29 years","Female",4129
"E06000036","Bracknell Forest","Lives in a household","Aged 30 to 34 years","Female",4764
"E06000036","Bracknell Forest","Lives in a household","Aged 35 to 39 years","Female",4812
"E06000036","Bracknell Forest","Lives in a household","Aged 40 to 44 years","Female",4714
"E06000036","Bracknell Forest","Lives in a household","Aged 45 to 49 years","Female",4411
"E06000036","Bracknell Forest","Lives in a household","Aged 50 to 54 years","Female",4576
"E06000036","Bracknell Forest","Lives in a household","Aged 55 to 59 years","Female",4221
"E06000036","Bracknell Forest","Lives in a household","Aged 60 to 64 years","Female",3515
"E06000036","Bracknell Forest","Lives in a household","Aged 65 years","Female",590
"E06000036","Bracknell Forest","Lives in a household","Aged 66 to 69 years","Female",2189
"E06000036","Bracknell Forest","Lives in a household","Aged 70 to 74 years","Female",2629
"E06000036","Bracknell Forest","Lives in a household","Aged 75 to 79 years","Female",1946
"E06000036","Bracknell Forest","Lives in a household","Aged 80 to 84 years","Female",1305
"E06000036","Bracknell Forest","Lives in a household","Aged 85 years and over","Female",1316
"E06000037","West Berkshire","Lives in a household","Total","Female",80212
"E06000037","West Berkshire","Lives in a household","Aged 2 years and under","Female",2301
"E06000037","West Berkshire","Lives in a household","Aged 3 to 4 years","Female",1739
"E06000037","West Berkshire","Lives in a household","Aged 5 to 7 years","Female",2750
"E06000037","West Berkshire","Lives in a household","Aged 8 to 9 years","Female",1954
"E06000037","West Berkshire","Lives in a household","Aged 10 to 14 years","Female",4903
"E06000037","West Berkshire","Lives in a household","Aged 15 years","Female",867
"E06000037","West Berkshire","Lives in a household","Aged 16 to 17 years","Female",1758
"E06000037","West Berkshire","Lives in a household","Aged 18 to 19 years","Female",1277
"E06000037","West Berkshire","Lives in a household","Aged 20 to 24 years","Female",3484
"E06000037","West Berkshire","Lives in a household","Aged 25 to 29 years","Female",4282
"E06000037","West Berkshire","Lives in a household","Aged 30 to 34 years","Female",4955
"E06000037","West Berkshire","Lives in a household","Aged 35 to 39 years","Female",5170
"E06000037","West Berkshire","Lives in a household","Aged 40 to 44 years","Female",5349
"E06000037","West Berkshire","Lives in a household","Aged 45 to 49 years","Female",5911
"E06000037","West Berkshire","Lives in a household","Aged 50 to 54 years","Female",6219
"E06000037","West Berkshire","Lives in a household","Aged 55 to 59 years","Female",5860
"E06000037","West Berkshire","Lives in a household","Aged 60 to 64 years","Female",4971
"E06000037","West Berkshire","Lives in a household","Aged 65 years","Female",918
"E06000037","West Berkshire","Lives in a household","Aged 66 to 69 years","Female",3391
"E06000037","West Berkshire","Lives in a household","Aged 70 to 74 years","Female",4488
"E06000037","West Berkshire","Lives in a household","Aged 75 to 79 years","Female",3316
"E06000037","West Berkshire","Lives in a household","Aged 80 to 84 years","Female",2174
"E06000037","West Berkshire","Lives in a household","Aged 85 years and over","Female",2175
"E06000038","Reading","Lives in a household","Total","Female",84667
"E06000038","Reading","Lives in a household","Aged 2 years and under","Female",2918
"E06000038","Reading","Lives in a household","Aged 3 to 4 years","Female",2073
"E06000038","Reading","Lives in a household","Aged 5 to 7 years","Female",3082
"E06000038","Reading","Lives in a household","Aged 8 to 9 years","Female",2020
"E06000038","Reading","Lives in a household","Aged 10 to 14 years","Female",4978
"E06000038","Reading","Lives in a household","Aged 15 years","Female",898
"E06000038","Reading","Lives in a household","Aged 16 to 17 years","Female",1668
"E06000038","Reading","Lives in a household","Aged 18 to 19 years","Female",1658
"E06000038","Reading","Lives in a household","Aged 20 to 24 years","Female",6662
"E06000038","Reading","Lives in a household","Aged 25 to 29 years","Female",7254
"E06000038","Reading","Lives in a household","Aged 30 to 34 years","Female",7912
"E06000038","Reading","Lives in a household","Aged 35 to 39 years","Female",7230
"E06000038","Reading","Lives in a household","Aged 40 to 44 years","Female",6212
"E06000038","Reading","Lives in a household","Aged 45 to 49 years","Female",5462
"E06000038","Reading","Lives in a household","Aged 50 to 54 years","Female",5318
"E06000038","Reading","Lives in a household","Aged 55 to 59 years","Female",4704
"E06000038","Reading","Lives in a household","Aged 60 to 64 years","Female",3545
"E06000038","Reading","Lives in a household","Aged 65 years","Female",638
"E06000038","Reading","Lives in a household","Aged 66 to 69 years","Female",2320
"E06000038","Reading","Lives in a household","Aged 70 to 74 years","Female",2828
"E06000038","Reading","Lives in a household","Aged 75 to 79 years","Female",2095
"E06000038","Reading","Lives in a household","Aged 80 to 84 years","Female",1586
"E06000038","Reading","Lives in a household","Aged 85 years and over","Female",1606
"E06000039","Slough","Lives in a household","Total","Female",79713
"E06000039","Slough","Lives in a household","Aged 2 years and under","Female",3371
"E06000039","Slough","Lives in a household","Aged 3 to 4 years","Female",2486
"E06000039","Slough","Lives in a household","Aged 5 to 7 years","Female",3590
"E06000039","Slough","Lives in a household","Aged 8 to 9 years","Female",2563
"E06000039","Slough","Lives in a household","Aged 10 to 14 years","Female",6334
"E06000039","Slough","Lives in a household","Aged 15 years","Female",1127
"E06000039","Slough","Lives in a household","Aged 16 to 17 years","Female",2030
"E06000039","Slough","Lives in a household","Aged 18 to 19 years","Female",1634
"E06000039","Slough","Lives in a household","Aged 20 to 24 years","Female",4462
"E06000039","Slough","Lives in a household","Aged 25 to 29 years","Female",5577
"E06000039","Slough","Lives in a household","Aged 30 to 34 years","Female",6838
"E06000039","Slough","Lives in a household","Aged 35 to 39 years","Female",7706
"E06000039","Slough","Lives in a household","Aged 40 to 44 years","Female",6831
"E06000039","Slough","Lives in a household","Aged 45 to 49 years","Female",5351
"E06000039","Slough","Lives in a household","Aged 50 to 54 years","Female",4649
"E06000039","Slough","Lives in a household","Aged 55 to 59 years","Female",3923
"E06000039","Slough","Lives in a household","Aged 60 to 64 years","Female",3323
"E06000039","Slough","Lives in a household","Aged 65 years","Female",559
"E06000039","Slough","Lives in a household","Aged 66 to 69 years","Female",1942
"E06000039","Slough","Lives in a household","Aged 70 to 74 years","Female",1944
"E06000039","Slough","Lives in a household","Aged 75 to 79 years","Female",1349
"E06000039","Slough","Lives in a household","Aged 80 to 84 years","Female",1050
"E06000039","Slough","Lives in a household","Aged 85 years and over","Female",1074
"E06000040","Windsor and Maidenhead","Lives in a household","Total","Female",76531
"E06000040","Windsor and Maidenhead","Lives in a household","Aged 2 years and under","Female",2232
"E06000040","Windsor and Maidenhead","Lives in a household","Aged 3 to 4 years","Female",1684
"E06000040","Windsor and Maidenhead","Lives in a household","Aged 5 to 7 years","Female",2621
"E06000040","Windsor and Maidenhead","Lives in a household","Aged 8 to 9 years","Female",1873
"E06000040","Windsor and Maidenhead","Lives in a household","Aged 10 to 14 years","Female",4736
"E06000040","Windsor and Maidenhead","Lives in a household","Aged 15 years","Female",837
"E06000040","Windsor and Maidenhead","Lives in a household","Aged 16 to 17 years","Female",1766
"E06000040","Windsor and Maidenhead","Lives in a household","Aged 18 to 19 years","Female",1123
"E06000040","Windsor and Maidenhead","Lives in a household","Aged 20 to 24 years","Female",3227
"E06000040","Windsor and Maidenhead","Lives in a household","Aged 25 to 29 years","Female",3967
"E06000040","Windsor and Maidenhead","Lives in a household","Aged 30 to 34 years","Female",4811
"E06000040","Windsor and Maidenhead","Lives in a household","Aged 35 to 39 years","Female",5487
"E06000040","Windsor and Maidenhead","Lives in a household","Aged 40 to 44 years","Female",5745
"E06000040","Windsor and Maidenhead","Lives in a household","Aged 45 to 49 years","Female",5826
"E06000040","Windsor and Maidenhead","Lives in a household","Aged 50 to 54 years","Female",5921
"E06000040","Windsor and Maidenhead","Lives in a household","Aged 55 to 59 years","Female",5397
"E06000040","Windsor and Maidenhead","Lives in a household","Aged 60 to 64 years","Female",4433
"E06000040","Windsor and Maidenhead","Lives in a household","Aged 65 years","Female",754
"E06000040","Windsor and Maidenhead","Lives in a household","Aged 66 to 69 years","Female",2980
"E06000040","Windsor and Maidenhead","Lives in a household","Aged 70 to 74 years","Female",3814
"E06000040","Windsor and Maidenhead","Lives in a household","Aged 75 to 79 years","Female",2946
"E06000040","Windsor and Maidenhead","Lives in a household","Aged 80 to 84 years","Female",2157
"E06000040","Windsor and Maidenhead","Lives in a household","Aged 85 years and over","Female",2194
"E06000041","Wokingham","Lives in a household","Total","Female",88684
"E06000041","Wokingham","Lives in a household","Aged 2 years and under","Female",2633
"E06000041","Wokingham","Lives in a household","Aged 3 to 4 years","Female",2086
"E06000041","Wokingham","Lives in a household","Aged 5 to 7 years","Female",3393
"E06000041","Wokingham","Lives in a household","Aged 8 to 9 years","Female",2566
"E06000041","Wokingham","Lives in a household","Aged 10 to 14 years","Female",5984
"E06000041","Wokingham","Lives in a household","Aged 15 years","Female",1058
"E06000041","Wokingham","Lives in a household","Aged 16 to 17 years","Female",2117
"E06000041","Wokingham","Lives in a household","Aged 18 to 19 years","Female",1364
"E06000041","Wokingham","Lives in a household","Aged 20 to 24 years","Female",3623
"E06000041","Wokingham","Lives in a household","Aged 25 to 29 years","Female",4746
"E06000041","Wokingham","Lives in a household","Aged 30 to 34 years","Female",5661
"E06000041","Wokingham","Lives in a household","Aged 35 to 39 years","Female",6617
"E06000041","Wokingham","Lives in a household","Aged 40 to 44 years","Female",7081
"E06000041","Wokingham","Lives in a household","Aged 45 to 49 years","Female",6586
"E06000041","Wokingham","Lives in a household","Aged 50 to 54 years","Female",6252
"E06000041","Wokingham","Lives in a household","Aged 55 to 59 years","Female",6049
"E06000041","Wokingham","Lives in a household","Aged 60 to 64 years","Female",4890
"E06000041","Wokingham","Lives in a household","Aged 65 years","Female",807
"E06000041","Wokingham","Lives in a household","Aged 66 to 69 years","Female",3145
"E06000041","Wokingham","Lives in a household","Aged 70 to 74 years","Female",4259
"E06000041","Wokingham","Lives in a household","Aged 75 to 79 years","Female",3213
"E06000041","Wokingham","Lives in a household","Aged 80 to 84 years","Female",2254
"E06000041","Wokingham","Lives in a household","Aged 85 years and over","Female",2300
"E06000042","Milton Keynes","Lives in a household","Total","Female",144550
"E06000042","Milton Keynes","Lives in a household","Aged 2 years and under","Female",4975
"E06000042","Milton Keynes","Lives in a household","Aged 3 to 4 years","Female",3723
"E06000042","Milton Keynes","Lives in a household","Aged 5 to 7 years","Female",5838
"E06000042","Milton Keynes","Lives in a household","Aged 8 to 9 years","Female",4042
"E06000042","Milton Keynes","Lives in a household","Aged 10 to 14 years","Female",9953
"E06000042","Milton Keynes","Lives in a household","Aged 15 years","Female",1714
"E06000042","Milton Keynes","Lives in a household","Aged 16 to 17 years","Female",3519
"E06000042","Milton Keynes","Lives in a household","Aged 18 to 19 years","Female",2506
"E06000042","Milton Keynes","Lives in a household","Aged 20 to 24 years","Female",7214
"E06000042","Milton Keynes","Lives in a household","Aged 25 to 29 years","Female",9650
"E06000042","Milton Keynes","Lives in a household","Aged 30 to 34 years","Female",11373
"E06000042","Milton Keynes","Lives in a household","Aged 35 to 39 years","Female",11900
"E06000042","Milton Keynes","Lives in a household","Aged 40 to 44 years","Female",11356
"E06000042","Milton Keynes","Lives in a household","Aged 45 to 49 years","Female",10129
"E06000042","Milton Keynes","Lives in a household","Aged 50 to 54 years","Female",9745
"E06000042","Milton Keynes","Lives in a household","Aged 55 to 59 years","Female",8670
"E06000042","Milton Keynes","Lives in a household","Aged 60 to 64 years","Female",7337
"E06000042","Milton Keynes","Lives in a household","Aged 65 years","Female",1326
"E06000042","Milton Keynes","Lives in a household","Aged 66 to 69 years","Female",5051
"E06000042","Milton Keynes","Lives in a household","Aged 70 to 74 years","Female",5871
"E06000042","Milton Keynes","Lives in a household","Aged 75 to 79 years","Female",3800
"E06000042","Milton Keynes","Lives in a household","Aged 80 to 84 years","Female",2483
"E06000042","Milton Keynes","Lives in a household","Aged 85 years and over","Female",2375
"E06000043","Brighton and Hove","Lives in a household","Total","Female",136635
"E06000043","Brighton and Hove","Lives in a household","Aged 2 years and under","Female",3362
"E06000043","Brighton and Hove","Lives in a household","Aged 3 to 4 years","Female",2295
"E06000043","Brighton and Hove","Lives in a household","Aged 5 to 7 years","Female",3726
"E06000043","Brighton and Hove","Lives in a household","Aged 8 to 9 years","Female",2663
"E06000043","Brighton and Hove","Lives in a household","Aged 10 to 14 years","Female",6879
"E06000043","Brighton and Hove","Lives in a household","Aged 15 years","Female",1301
"E06000043","Brighton and Hove","Lives in a household","Aged 16 to 17 years","Female",2613
"E06000043","Brighton and Hove","Lives in a household","Aged 18 to 19 years","Female",3056
"E06000043","Brighton and Hove","Lives in a household","Aged 20 to 24 years","Female",13932
"E06000043","Brighton and Hove","Lives in a household","Aged 25 to 29 years","Female",10418
"E06000043","Brighton and Hove","Lives in a household","Aged 30 to 34 years","Female",10299
"E06000043","Brighton and Hove","Lives in a household","Aged 35 to 39 years","Female",9781
"E06000043","Brighton and Hove","Lives in a household","Aged 40 to 44 years","Female",9809
"E06000043","Brighton and Hove","Lives in a household","Aged 45 to 49 years","Female",10136
"E06000043","Brighton and Hove","Lives in a household","Aged 50 to 54 years","Female",10367
"E06000043","Brighton and Hove","Lives in a household","Aged 55 to 59 years","Female",8973
"E06000043","Brighton and Hove","Lives in a household","Aged 60 to 64 years","Female",6664
"E06000043","Brighton and Hove","Lives in a household","Aged 65 years","Female",1147
"E06000043","Brighton and Hove","Lives in a household","Aged 66 to 69 years","Female",4341
"E06000043","Brighton and Hove","Lives in a household","Aged 70 to 74 years","Female",5210
"E06000043","Brighton and Hove","Lives in a household","Aged 75 to 79 years","Female",3836
"E06000043","Brighton and Hove","Lives in a household","Aged 80 to 84 years","Female",2813
"E06000043","Brighton and Hove","Lives in a household","Aged 85 years and over","Female",3014
"E06000044","Portsmouth","Lives in a household","Total","Female",101605
"E06000044","Portsmouth","Lives in a household","Aged 2 years and under","Female",3335
"E06000044","Portsmouth","Lives in a household","Aged 3 to 4 years","Female",2238
"E06000044","Portsmouth","Lives in a household","Aged 5 to 7 years","Female",3530
"E06000044","Portsmouth","Lives in a household","Aged 8 to 9 years","Female",2431
"E06000044","Portsmouth","Lives in a household","Aged 10 to 14 years","Female",5612
"E06000044","Portsmouth","Lives in a household","Aged 15 years","Female",1043
"E06000044","Portsmouth","Lives in a household","Aged 16 to 17 years","Female",2086
"E06000044","Portsmouth","Lives in a household","Aged 18 to 19 years","Female",2115
"E06000044","Portsmouth","Lives in a household","Aged 20 to 24 years","Female",8717
"E06000044","Portsmouth","Lives in a household","Aged 25 to 29 years","Female",7747
"E06000044","Portsmouth","Lives in a household","Aged 30 to 34 years","Female",8288
"E06000044","Portsmouth","Lives in a household","Aged 35 to 39 years","Female",7508
"E06000044","Portsmouth","Lives in a household","Aged 40 to 44 years","Female",6234
"E06000044","Portsmouth","Lives in a household","Aged 45 to 49 years","Female",5964
"E06000044","Portsmouth","Lives in a household","Aged 50 to 54 years","Female",6678
"E06000044","Portsmouth","Lives in a household","Aged 55 to 59 years","Female",6411
"E06000044","Portsmouth","Lives in a household","Aged 60 to 64 years","Female",5214
"E06000044","Portsmouth","Lives in a household","Aged 65 years","Female",913
"E06000044","Portsmouth","Lives in a household","Aged 66 to 69 years","Female",3369
"E06000044","Portsmouth","Lives in a household","Aged 70 to 74 years","Female",4225
"E06000044","Portsmouth","Lives in a household","Aged 75 to 79 years","Female",3129
"E06000044","Portsmouth","Lives in a household","Aged 80 to 84 years","Female",2382
"E06000044","Portsmouth","Lives in a household","Aged 85 years and over","Female",2436
"E06000045","Southampton","Lives in a household","Total","Female",118934
"E06000045","Southampton","Lives in a household","Aged 2 years and under","Female",4073
"E06000045","Southampton","Lives in a household","Aged 3 to 4 years","Female",2718
"E06000045","Southampton","Lives in a household","Aged 5 to 7 years","Female",4097
"E06000045","Southampton","Lives in a household","Aged 8 to 9 years","Female",2844
"E06000045","Southampton","Lives in a household","Aged 10 to 14 years","Female",6752
"E06000045","Southampton","Lives in a household","Aged 15 years","Female",1208
"E06000045","Southampton","Lives in a household","Aged 16 to 17 years","Female",2398
"E06000045","Southampton","Lives in a household","Aged 18 to 19 years","Female",2479
"E06000045","Southampton","Lives in a household","Aged 20 to 24 years","Female",10720
"E06000045","Southampton","Lives in a household","Aged 25 to 29 years","Female",10074
"E06000045","Southampton","Lives in a household","Aged 30 to 34 years","Female",10165
"E06000045","Southampton","Lives in a household","Aged 35 to 39 years","Female",9009
"E06000045","Southampton","Lives in a household","Aged 40 to 44 years","Female",8131
"E06000045","Southampton","Lives in a household","Aged 45 to 49 years","Female",6997
"E06000045","Southampton","Lives in a household","Aged 50 to 54 years","Female",6905
"E06000045","Southampton","Lives in a household","Aged 55 to 59 years","Female",6725
"E06000045","Southampton","Lives in a household","Aged 60 to 64 years","Female",5817
"E06000045","Southampton","Lives in a household","Aged 65 years","Female",950
"E06000045","Southampton","Lives in a household","Aged 66 to 69 years","Female",3757
"E06000045","Southampton","Lives in a household","Aged 70 to 74 years","Female",4641
"E06000045","Southampton","Lives in a household","Aged 75 to 79 years","Female",3502
"E06000045","Southampton","Lives in a household","Aged 80 to 84 years","Female",2388
"E06000045","Southampton","Lives in a household","Aged 85 years and over","Female",2584
"E06000046","Isle of Wight","Lives in a household","Total","Female",71129
"E06000046","Isle of Wight","Lives in a household","Aged 2 years and under","Female",1496
"E06000046","Isle of Wight","Lives in a household","Aged 3 to 4 years","Female",1173
"E06000046","Isle of Wight","Lives in a household","Aged 5 to 7 years","Female",1938
"E06000046","Isle of Wight","Lives in a household","Aged 8 to 9 years","Female",1392
"E06000046","Isle of Wight","Lives in a household","Aged 10 to 14 years","Female",3388
"E06000046","Isle of Wight","Lives in a household","Aged 15 years","Female",682
"E06000046","Isle of Wight","Lives in a household","Aged 16 to 17 years","Female",1315
"E06000046","Isle of Wight","Lives in a household","Aged 18 to 19 years","Female",1018
"E06000046","Isle of Wight","Lives in a household","Aged 20 to 24 years","Female",2799
"E06000046","Isle of Wight","Lives in a household","Aged 25 to 29 years","Female",3382
"E06000046","Isle of Wight","Lives in a household","Aged 30 to 34 years","Female",3651
"E06000046","Isle of Wight","Lives in a household","Aged 35 to 39 years","Female",3443
"E06000046","Isle of Wight","Lives in a household","Aged 40 to 44 years","Female",3604
"E06000046","Isle of Wight","Lives in a household","Aged 45 to 49 years","Female",4138
"E06000046","Isle of Wight","Lives in a household","Aged 50 to 54 years","Female",5378
"E06000046","Isle of Wight","Lives in a household","Aged 55 to 59 years","Female",5687
"E06000046","Isle of Wight","Lives in a household","Aged 60 to 64 years","Female",5435
"E06000046","Isle of Wight","Lives in a household","Aged 65 years","Female",1086
"E06000046","Isle of Wight","Lives in a household","Aged 66 to 69 years","Female",4349
"E06000046","Isle of Wight","Lives in a household","Aged 70 to 74 years","Female",5756
"E06000046","Isle of Wight","Lives in a household","Aged 75 to 79 years","Female",4450
"E06000046","Isle of Wight","Lives in a household","Aged 80 to 84 years","Female",2789
"E06000046","Isle of Wight","Lives in a household","Aged 85 years and over","Female",2780
"E06000060","Buckinghamshire","Lives in a household","Total","Female",278876
"E06000060","Buckinghamshire","Lives in a household","Aged 2 years and under","Female",8554
"E06000060","Buckinghamshire","Lives in a household","Aged 3 to 4 years","Female",6382
"E06000060","Buckinghamshire","Lives in a household","Aged 5 to 7 years","Female",10064
"E06000060","Buckinghamshire","Lives in a household","Aged 8 to 9 years","Female",7195
"E06000060","Buckinghamshire","Lives in a household","Aged 10 to 14 years","Female",17684
"E06000060","Buckinghamshire","Lives in a household","Aged 15 years","Female",3227
"E06000060","Buckinghamshire","Lives in a household","Aged 16 to 17 years","Female",6519
"E06000060","Buckinghamshire","Lives in a household","Aged 18 to 19 years","Female",4450
"E06000060","Buckinghamshire","Lives in a household","Aged 20 to 24 years","Female",12147
"E06000060","Buckinghamshire","Lives in a household","Aged 25 to 29 years","Female",15216
"E06000060","Buckinghamshire","Lives in a household","Aged 30 to 34 years","Female",17850
"E06000060","Buckinghamshire","Lives in a household","Aged 35 to 39 years","Female",18985
"E06000060","Buckinghamshire","Lives in a household","Aged 40 to 44 years","Female",19610
"E06000060","Buckinghamshire","Lives in a household","Aged 45 to 49 years","Female",19547
"E06000060","Buckinghamshire","Lives in a household","Aged 50 to 54 years","Female",20842
"E06000060","Buckinghamshire","Lives in a household","Aged 55 to 59 years","Female",19750
"E06000060","Buckinghamshire","Lives in a household","Aged 60 to 64 years","Female",16413
"E06000060","Buckinghamshire","Lives in a household","Aged 65 years","Female",2902
"E06000060","Buckinghamshire","Lives in a household","Aged 66 to 69 years","Female",10761
"E06000060","Buckinghamshire","Lives in a household","Aged 70 to 74 years","Female",14258
"E06000060","Buckinghamshire","Lives in a household","Aged 75 to 79 years","Female",10797
"E06000060","Buckinghamshire","Lives in a household","Aged 80 to 84 years","Female",7868
"E06000060","Buckinghamshire","Lives in a household","Aged 85 years and over","Female",7855
"E07000061","Eastbourne","Lives in a household","Total","Female",51996
"E07000061","Eastbourne","Lives in a household","Aged 2 years and under","Female",1326
"E07000061","Eastbourne","Lives in a household","Aged 3 to 4 years","Female",968
"E07000061","Eastbourne","Lives in a household","Aged 5 to 7 years","Female",1645
"E07000061","Eastbourne","Lives in a household","Aged 8 to 9 years","Female",1128
"E07000061","Eastbourne","Lives in a household","Aged 10 to 14 years","Female",2655
"E07000061","Eastbourne","Lives in a household","Aged 15 years","Female",516
"E07000061","Eastbourne","Lives in a household","Aged 16 to 17 years","Female",1092
"E07000061","Eastbourne","Lives in a household","Aged 18 to 19 years","Female",864
"E07000061","Eastbourne","Lives in a household","Aged 20 to 24 years","Female",2554
"E07000061","Eastbourne","Lives in a household","Aged 25 to 29 years","Female",2911
"E07000061","Eastbourne","Lives in a household","Aged 30 to 34 years","Female",3120
"E07000061","Eastbourne","Lives in a household","Aged 35 to 39 years","Female",3150
"E07000061","Eastbourne","Lives in a household","Aged 40 to 44 years","Female",3077
"E07000061","Eastbourne","Lives in a household","Aged 45 to 49 years","Female",3215
"E07000061","Eastbourne","Lives in a household","Aged 50 to 54 years","Female",3544
"E07000061","Eastbourne","Lives in a household","Aged 55 to 59 years","Female",3708
"E07000061","Eastbourne","Lives in a household","Aged 60 to 64 years","Female",3225
"E07000061","Eastbourne","Lives in a household","Aged 65 years","Female",649
"E07000061","Eastbourne","Lives in a household","Aged 66 to 69 years","Female",2458
"E07000061","Eastbourne","Lives in a household","Aged 70 to 74 years","Female",3464
"E07000061","Eastbourne","Lives in a household","Aged 75 to 79 years","Female",2598
"E07000061","Eastbourne","Lives in a household","Aged 80 to 84 years","Female",1995
"E07000061","Eastbourne","Lives in a household","Aged 85 years and over","Female",2134
"E07000062","Hastings","Lives in a household","Total","Female",46120
"E07000062","Hastings","Lives in a household","Aged 2 years and under","Female",1385
"E07000062","Hastings","Lives in a household","Aged 3 to 4 years","Female",957
"E07000062","Hastings","Lives in a household","Aged 5 to 7 years","Female",1488
"E07000062","Hastings","Lives in a household","Aged 8 to 9 years","Female",1056
"E07000062","Hastings","Lives in a household","Aged 10 to 14 years","Female",2566
"E07000062","Hastings","Lives in a household","Aged 15 years","Female",451
"E07000062","Hastings","Lives in a household","Aged 16 to 17 years","Female",938
"E07000062","Hastings","Lives in a household","Aged 18 to 19 years","Female",788
"E07000062","Hastings","Lives in a household","Aged 20 to 24 years","Female",2186
"E07000062","Hastings","Lives in a household","Aged 25 to 29 years","Female",2806
"E07000062","Hastings","Lives in a household","Aged 30 to 34 years","Female",3170
"E07000062","Hastings","Lives in a household","Aged 35 to 39 years","Female",2999
"E07000062","Hastings","Lives in a household","Aged 40 to 44 years","Female",2849
"E07000062","Hastings","Lives in a household","Aged 45 to 49 years","Female",2999
"E07000062","Hastings","Lives in a household","Aged 50 to 54 years","Female",3635
"E07000062","Hastings","Lives in a household","Aged 55 to 59 years","Female",3409
"E07000062","Hastings","Lives in a household","Aged 60 to 64 years","Female",2979
"E07000062","Hastings","Lives in a household","Aged 65 years","Female",537
"E07000062","Hastings","Lives in a household","Aged 66 to 69 years","Female",2127
"E07000062","Hastings","Lives in a household","Aged 70 to 74 years","Female",2618
"E07000062","Hastings","Lives in a household","Aged 75 to 79 years","Female",1793
"E07000062","Hastings","Lives in a household","Aged 80 to 84 years","Female",1226
"E07000062","Hastings","Lives in a household","Aged 85 years and over","Female",1158
"E07000063","Lewes","Lives in a household","Total","Female",51042
"E07000063","Lewes","Lives in a household","Aged 2 years and under","Female",1241
"E07000063","Lewes","Lives in a household","Aged 3 to 4 years","Female",934
"E07000063","Lewes","Lives in a household","Aged 5 to 7 years","Female",1501
"E07000063","Lewes","Lives in a household","Aged 8 to 9 years","Female",1057
"E07000063","Lewes","Lives in a household","Aged 10 to 14 years","Female",2738
"E07000063","Lewes","Lives in a household","Aged 15 years","Female",528
"E07000063","Lewes","Lives in a household","Aged 16 to 17 years","Female",1050
"E07000063","Lewes","Lives in a household","Aged 18 to 19 years","Female",828
"E07000063","Lewes","Lives in a household","Aged 20 to 24 years","Female",1939
"E07000063","Lewes","Lives in a household","Aged 25 to 29 years","Female",2185
"E07000063","Lewes","Lives in a household","Aged 30 to 34 years","Female",2792
"E07000063","Lewes","Lives in a household","Aged 35 to 39 years","Female",2798
"E07000063","Lewes","Lives in a household","Aged 40 to 44 years","Female",2910
"E07000063","Lewes","Lives in a household","Aged 45 to 49 years","Female",3330
"E07000063","Lewes","Lives in a household","Aged 50 to 54 years","Female",3862
"E07000063","Lewes","Lives in a household","Aged 55 to 59 years","Female",3865
"E07000063","Lewes","Lives in a household","Aged 60 to 64 years","Female",3444
"E07000063","Lewes","Lives in a household","Aged 65 years","Female",677
"E07000063","Lewes","Lives in a household","Aged 66 to 69 years","Female",2708
"E07000063","Lewes","Lives in a household","Aged 70 to 74 years","Female",3684
"E07000063","Lewes","Lives in a household","Aged 75 to 79 years","Female",2804
"E07000063","Lewes","Lives in a household","Aged 80 to 84 years","Female",2005
"E07000063","Lewes","Lives in a household","Aged 85 years and over","Female",2162
"E07000064","Rother","Lives in a household","Total","Female",47818
"E07000064","Rother","Lives in a household","Aged 2 years and under","Female",1024
"E07000064","Rother","Lives in a household","Aged 3 to 4 years","Female",734
"E07000064","Rother","Lives in a household","Aged 5 to 7 years","Female",1116
"E07000064","Rother","Lives in a household","Aged 8 to 9 years","Female",883
"E07000064","Rother","Lives in a household","Aged 10 to 14 years","Female",2355
"E07000064","Rother","Lives in a household","Aged 15 years","Female",431
"E07000064","Rother","Lives in a household","Aged 16 to 17 years","Female",859
"E07000064","Rother","Lives in a household","Aged 18 to 19 years","Female",697
"E07000064","Rother","Lives in a household","Aged 20 to 24 years","Female",1802
"E07000064","Rother","Lives in a household","Aged 25 to 29 years","Female",1923
"E07000064","Rother","Lives in a household","Aged 30 to 34 years","Female",2172
"E07000064","Rother","Lives in a household","Aged 35 to 39 years","Female",2082
"E07000064","Rother","Lives in a household","Aged 40 to 44 years","Female",2218
"E07000064","Rother","Lives in a household","Aged 45 to 49 years","Female",2678
"E07000064","Rother","Lives in a household","Aged 50 to 54 years","Female",3435
"E07000064","Rother","Lives in a household","Aged 55 to 59 years","Female",3791
"E07000064","Rother","Lives in a household","Aged 60 to 64 years","Female",3643
"E07000064","Rother","Lives in a household","Aged 65 years","Female",764
"E07000064","Rother","Lives in a household","Aged 66 to 69 years","Female",2851
"E07000064","Rother","Lives in a household","Aged 70 to 74 years","Female",4393
"E07000064","Rother","Lives in a household","Aged 75 to 79 years","Female",3278
"E07000064","Rother","Lives in a household","Aged 80 to 84 years","Female",2284
"E07000064","Rother","Lives in a household","Aged 85 years and over","Female",2405
"E07000065","Wealden","Lives in a household","Total","Female",81593
"E07000065","Wealden","Lives in a household","Aged 2 years and under","Female",2013
"E07000065","Wealden","Lives in a household","Aged 3 to 4 years","Female",1492
"E07000065","Wealden","Lives in a household","Aged 5 to 7 years","Female",2439
"E07000065","Wealden","Lives in a household","Aged 8 to 9 years","Female",1705
"E07000065","Wealden","Lives in a household","Aged 10 to 14 years","Female",4288
"E07000065","Wealden","Lives in a household","Aged 15 years","Female",892
"E07000065","Wealden","Lives in a household","Aged 16 to 17 years","Female",1678
"E07000065","Wealden","Lives in a household","Aged 18 to 19 years","Female",1228
"E07000065","Wealden","Lives in a household","Aged 20 to 24 years","Female",3174
"E07000065","Wealden","Lives in a household","Aged 25 to 29 years","Female",3718
"E07000065","Wealden","Lives in a household","Aged 30 to 34 years","Female",4162
"E07000065","Wealden","Lives in a household","Aged 35 to 39 years","Female",4193
"E07000065","Wealden","Lives in a household","Aged 40 to 44 years","Female",4404
"E07000065","Wealden","Lives in a household","Aged 45 to 49 years","Female",5171
"E07000065","Wealden","Lives in a household","Aged 50 to 54 years","Female",6221
"E07000065","Wealden","Lives in a household","Aged 55 to 59 years","Female",6612
"E07000065","Wealden","Lives in a household","Aged 60 to 64 years","Female",5897
"E07000065","Wealden","Lives in a household","Aged 65 years","Female",1067
"E07000065","Wealden","Lives in a household","Aged 66 to 69 years","Female",4349
"E07000065","Wealden","Lives in a household","Aged 70 to 74 years","Female",6162
"E07000065","Wealden","Lives in a household","Aged 75 to 79 years","Female",4628
"E07000065","Wealden","Lives in a household","Aged 80 to 84 years","Female",3062
"E07000065","Wealden","Lives in a household","Aged 85 years and over","Female",3038
"E07000084","Basingstoke and Deane","Lives in a household","Total","Female",92795
"E07000084","Basingstoke and Deane","Lives in a household","Aged 2 years and under","Female",3008
"E07000084","Basingstoke and Deane","Lives in a household","Aged 3 to 4 years","Female",2166
"E07000084","Basingstoke and Deane","Lives in a household","Aged 5 to 7 years","Female",3261
"E07000084","Basingstoke and Deane","Lives in a household","Aged 8 to 9 years","Female",2308
"E07000084","Basingstoke and Deane","Lives in a household","Aged 10 to 14 years","Female",5411
"E07000084","Basingstoke and Deane","Lives in a household","Aged 15 years","Female",996
"E07000084","Basingstoke and Deane","Lives in a household","Aged 16 to 17 years","Female",1930
"E07000084","Basingstoke and Deane","Lives in a household","Aged 18 to 19 years","Female",1440
"E07000084","Basingstoke and Deane","Lives in a household","Aged 20 to 24 years","Female",4522
"E07000084","Basingstoke and Deane","Lives in a household","Aged 25 to 29 years","Female",6071
"E07000084","Basingstoke and Deane","Lives in a household","Aged 30 to 34 years","Female",7012
"E07000084","Basingstoke and Deane","Lives in a household","Aged 35 to 39 years","Female",6699
"E07000084","Basingstoke and Deane","Lives in a household","Aged 40 to 44 years","Female",6364
"E07000084","Basingstoke and Deane","Lives in a household","Aged 45 to 49 years","Female",6493
"E07000084","Basingstoke and Deane","Lives in a household","Aged 50 to 54 years","Female",6693
"E07000084","Basingstoke and Deane","Lives in a household","Aged 55 to 59 years","Female",6507
"E07000084","Basingstoke and Deane","Lives in a household","Aged 60 to 64 years","Female",5223
"E07000084","Basingstoke and Deane","Lives in a household","Aged 65 years","Female",832
"E07000084","Basingstoke and Deane","Lives in a household","Aged 66 to 69 years","Female",3521
"E07000084","Basingstoke and Deane","Lives in a household","Aged 70 to 74 years","Female",4688
"E07000084","Basingstoke and Deane","Lives in a household","Aged 75 to 79 years","Female",3377
"E07000084","Basingstoke and Deane","Lives in a household","Aged 80 to 84 years","Female",2282
"E07000084","Basingstoke and Deane","Lives in a household","Aged 85 years and over","Female",1991
"E07000085","East Hampshire","Lives in a household","Total","Female",63687
"E07000085","East Hampshire","Lives in a household","Aged 2 years and under","Female",1653
"E07000085","East Hampshire","Lives in a household","Aged 3 to 4 years","Female",1278
"E07000085","East Hampshire","Lives in a household","Aged 5 to 7 years","Female",1935
"E07000085","East Hampshire","Lives in a household","Aged 8 to 9 years","Female",1425
"E07000085","East Hampshire","Lives in a household","Aged 10 to 14 years","Female",3665
"E07000085","East Hampshire","Lives in a household","Aged 15 years","Female",700
"E07000085","East Hampshire","Lives in a household","Aged 16 to 17 years","Female",1434
"E07000085","East Hampshire","Lives in a household","Aged 18 to 19 years","Female",1039
"E07000085","East Hampshire","Lives in a household","Aged 20 to 24 years","Female",2636
"E07000085","East Hampshire","Lives in a household","Aged 25 to 29 years","Female",3116
"E07000085","East Hampshire","Lives in a household","Aged 30 to 34 years","Female",3422
"E07000085","East Hampshire","Lives in a household","Aged 35 to 39 years","Female",3510
"E07000085","East Hampshire","Lives in a household","Aged 40 to 44 years","Female",3927
"E07000085","East Hampshire","Lives in a household","Aged 45 to 49 years","Female",4318
"E07000085","East Hampshire","Lives in a household","Aged 50 to 54 years","Female",5018
"E07000085","East Hampshire","Lives in a household","Aged 55 to 59 years","Female",5139
"E07000085","East Hampshire","Lives in a household","Aged 60 to 64 years","Female",4384
"E07000085","East Hampshire","Lives in a household","Aged 65 years","Female",794
"E07000085","East Hampshire","Lives in a household","Aged 66 to 69 years","Female",2925
"E07000085","East Hampshire","Lives in a household","Aged 70 to 74 years","Female",4057
"E07000085","East Hampshire","Lives in a household","Aged 75 to 79 years","Female",3060
"E07000085","East Hampshire","Lives in a household","Aged 80 to 84 years","Female",2236
"E07000085","East Hampshire","Lives in a household","Aged 85 years and over","Female",2016
"E07000086","Eastleigh","Lives in a household","Total","Female",69125
"E07000086","Eastleigh","Lives in a household","Aged 2 years and under","Female",2243
"E07000086","Eastleigh","Lives in a household","Aged 3 to 4 years","Female",1530
"E07000086","Eastleigh","Lives in a household","Aged 5 to 7 years","Female",2447
"E07000086","Eastleigh","Lives in a household","Aged 8 to 9 years","Female",1713
"E07000086","Eastleigh","Lives in a household","Aged 10 to 14 years","Female",4124
"E07000086","Eastleigh","Lives in a household","Aged 15 years","Female",736
"E07000086","Eastleigh","Lives in a household","Aged 16 to 17 years","Female",1401
"E07000086","Eastleigh","Lives in a household","Aged 18 to 19 years","Female",1082
"E07000086","Eastleigh","Lives in a household","Aged 20 to 24 years","Female",3085
"E07000086","Eastleigh","Lives in a household","Aged 25 to 29 years","Female",4337
"E07000086","Eastleigh","Lives in a household","Aged 30 to 34 years","Female",4966
"E07000086","Eastleigh","Lives in a household","Aged 35 to 39 years","Female",4762
"E07000086","Eastleigh","Lives in a household","Aged 40 to 44 years","Female",4623
"E07000086","Eastleigh","Lives in a household","Aged 45 to 49 years","Female",4451
"E07000086","Eastleigh","Lives in a household","Aged 50 to 54 years","Female",4780
"E07000086","Eastleigh","Lives in a household","Aged 55 to 59 years","Female",4785
"E07000086","Eastleigh","Lives in a household","Aged 60 to 64 years","Female",4114
"E07000086","Eastleigh","Lives in a household","Aged 65 years","Female",713
"E07000086","Eastleigh","Lives in a household","Aged 66 to 69 years","Female",2862
"E07000086","Eastleigh","Lives in a household","Aged 70 to 74 years","Female",3736
"E07000086","Eastleigh","Lives in a household","Aged 75 to 79 years","Female",2696
"E07000086","Eastleigh","Lives in a household","Aged 80 to 84 years","Female",2025
"E07000086","Eastleigh","Lives in a household","Aged 85 years and over","Female",1914
"E07000087","Fareham","Lives in a household","Total","Female",57914
"E07000087","Fareham","Lives in a household","Aged 2 years and under","Female",1414
"E07000087","Fareham","Lives in a household","Aged 3 to 4 years","Female",1080
"E07000087","Fareham","Lives in a household","Aged 5 to 7 years","Female",1802
"E07000087","Fareham","Lives in a household","Aged 8 to 9 years","Female",1266
"E07000087","Fareham","Lives in a household","Aged 10 to 14 years","Female",3120
"E07000087","Fareham","Lives in a household","Aged 15 years","Female",552
"E07000087","Fareham","Lives in a household","Aged 16 to 17 years","Female",1209
"E07000087","Fareham","Lives in a household","Aged 18 to 19 years","Female",827
"E07000087","Fareham","Lives in a household","Aged 20 to 24 years","Female",2312
"E07000087","Fareham","Lives in a household","Aged 25 to 29 years","Female",2772
"E07000087","Fareham","Lives in a household","Aged 30 to 34 years","Female",3445
"E07000087","Fareham","Lives in a household","Aged 35 to 39 years","Female",3346
"E07000087","Fareham","Lives in a household","Aged 40 to 44 years","Female",3381
"E07000087","Fareham","Lives in a household","Aged 45 to 49 years","Female",3741
"E07000087","Fareham","Lives in a household","Aged 50 to 54 years","Female",4300
"E07000087","Fareham","Lives in a household","Aged 55 to 59 years","Female",4590
"E07000087","Fareham","Lives in a household","Aged 60 to 64 years","Female",3976
"E07000087","Fareham","Lives in a household","Aged 65 years","Female",683
"E07000087","Fareham","Lives in a household","Aged 66 to 69 years","Female",2737
"E07000087","Fareham","Lives in a household","Aged 70 to 74 years","Female",3885
"E07000087","Fareham","Lives in a household","Aged 75 to 79 years","Female",3087
"E07000087","Fareham","Lives in a household","Aged 80 to 84 years","Female",2170
"E07000087","Fareham","Lives in a household","Aged 85 years and over","Female",2219
"E07000088","Gosport","Lives in a household","Total","Female",41341
"E07000088","Gosport","Lives in a household","Aged 2 years and under","Female",1163
"E07000088","Gosport","Lives in a household","Aged 3 to 4 years","Female",860
"E07000088","Gosport","Lives in a household","Aged 5 to 7 years","Female",1356
"E07000088","Gosport","Lives in a household","Aged 8 to 9 years","Female",871
"E07000088","Gosport","Lives in a household","Aged 10 to 14 years","Female",2345
"E07000088","Gosport","Lives in a household","Aged 15 years","Female",427
"E07000088","Gosport","Lives in a household","Aged 16 to 17 years","Female",852
"E07000088","Gosport","Lives in a household","Aged 18 to 19 years","Female",724
"E07000088","Gosport","Lives in a household","Aged 20 to 24 years","Female",1990
"E07000088","Gosport","Lives in a household","Aged 25 to 29 years","Female",2454
"E07000088","Gosport","Lives in a household","Aged 30 to 34 years","Female",2690
"E07000088","Gosport","Lives in a household","Aged 35 to 39 years","Female",2623
"E07000088","Gosport","Lives in a household","Aged 40 to 44 years","Female",2400
"E07000088","Gosport","Lives in a household","Aged 45 to 49 years","Female",2571
"E07000088","Gosport","Lives in a household","Aged 50 to 54 years","Female",3020
"E07000088","Gosport","Lives in a household","Aged 55 to 59 years","Female",3067
"E07000088","Gosport","Lives in a household","Aged 60 to 64 years","Female",2666
"E07000088","Gosport","Lives in a household","Aged 65 years","Female",463
"E07000088","Gosport","Lives in a household","Aged 66 to 69 years","Female",1896
"E07000088","Gosport","Lives in a household","Aged 70 to 74 years","Female",2500
"E07000088","Gosport","Lives in a household","Aged 75 to 79 years","Female",1864
"E07000088","Gosport","Lives in a household","Aged 80 to 84 years","Female",1229
"E07000088","Gosport","Lives in a household","Aged 85 years and over","Female",1310
"E07000089","Hart","Lives in a household","Total","Female",49789
"E07000089","Hart","Lives in a household","Aged 2 years and under","Female",1441
"E07000089","Hart","Lives in a household","Aged 3 to 4 years","Female",1063
"E07000089","Hart","Lives in a household","Aged 5 to 7 years","Female",1767
"E07000089","Hart","Lives in a household","Aged 8 to 9 years","Female",1277
"E07000089","Hart","Lives in a household","Aged 10 to 14 years","Female",3139
"E07000089","Hart","Lives in a household","Aged 15 years","Female",593
"E07000089","Hart","Lives in a household","Aged 16 to 17 years","Female",1147
"E07000089","Hart","Lives in a household","Aged 18 to 19 years","Female",741
"E07000089","Hart","Lives in a household","Aged 20 to 24 years","Female",1946
"E07000089","Hart","Lives in a household","Aged 25 to 29 years","Female",2461
"E07000089","Hart","Lives in a household","Aged 30 to 34 years","Female",2981
"E07000089","Hart","Lives in a household","Aged 35 to 39 years","Female",3332
"E07000089","Hart","Lives in a household","Aged 40 to 44 years","Female",3463
"E07000089","Hart","Lives in a household","Aged 45 to 49 years","Female",3747
"E07000089","Hart","Lives in a household","Aged 50 to 54 years","Female",3748
"E07000089","Hart","Lives in a household","Aged 55 to 59 years","Female",3583
"E07000089","Hart","Lives in a household","Aged 60 to 64 years","Female",2941
"E07000089","Hart","Lives in a household","Aged 65 years","Female",485
"E07000089","Hart","Lives in a household","Aged 66 to 69 years","Female",1988
"E07000089","Hart","Lives in a household","Aged 70 to 74 years","Female",2738
"E07000089","Hart","Lives in a household","Aged 75 to 79 years","Female",2246
"E07000089","Hart","Lives in a household","Aged 80 to 84 years","Female",1565
"E07000089","Hart","Lives in a household","Aged 85 years and over","Female",1397
"E07000090","Havant","Lives in a household","Total","Female",63578
"E07000090","Havant","Lives in a household","Aged 2 years and under","Female",1742
"E07000090","Havant","Lives in a household","Aged 3 to 4 years","Female",1231
"E07000090","Havant","Lives in a household","Aged 5 to 7 years","Female",1963
"E07000090","Havant","Lives in a household","Aged 8 to 9 years","Female",1407
"E07000090","Havant","Lives in a household","Aged 10 to 14 years","Female",3402
"E07000090","Havant","Lives in a household","Aged 15 years","Female",657
"E07000090","Havant","Lives in a household","Aged 16 to 17 years","Female",1345
"E07000090","Havant","Lives in a household","Aged 18 to 19 years","Female",1077
"E07000090","Havant","Lives in a household","Aged 20 to 24 years","Female",2972
"E07000090","Havant","Lives in a household","Aged 25 to 29 years","Female",3467
"E07000090","Havant","Lives in a household","Aged 30 to 34 years","Female",3917
"E07000090","Havant","Lives in a household","Aged 35 to 39 years","Female",3644
"E07000090","Havant","Lives in a household","Aged 40 to 44 years","Female",3359
"E07000090","Havant","Lives in a household","Aged 45 to 49 years","Female",3663
"E07000090","Havant","Lives in a household","Aged 50 to 54 years","Female",4543
"E07000090","Havant","Lives in a household","Aged 55 to 59 years","Female",4807
"E07000090","Havant","Lives in a household","Aged 60 to 64 years","Female",4427
"E07000090","Havant","Lives in a household","Aged 65 years","Female",771
"E07000090","Havant","Lives in a household","Aged 66 to 69 years","Female",2996
"E07000090","Havant","Lives in a household","Aged 70 to 74 years","Female",4151
"E07000090","Havant","Lives in a household","Aged 75 to 79 years","Female",3228
"E07000090","Havant","Lives in a household","Aged 80 to 84 years","Female",2427
"E07000090","Havant","Lives in a household","Aged 85 years and over","Female",2382
"E07000091","New Forest","Lives in a household","Total","Female",89756
"E07000091","New Forest","Lives in a household","Aged 2 years and under","Female",2078
"E07000091","New Forest","Lives in a household","Aged 3 to 4 years","Female",1491
"E07000091","New Forest","Lives in a household","Aged 5 to 7 years","Female",2394
"E07000091","New Forest","Lives in a household","Aged 8 to 9 years","Female",1779
"E07000091","New Forest","Lives in a household","Aged 10 to 14 years","Female",4511
"E07000091","New Forest","Lives in a household","Aged 15 years","Female",864
"E07000091","New Forest","Lives in a household","Aged 16 to 17 years","Female",1704
"E07000091","New Forest","Lives in a household","Aged 18 to 19 years","Female",1352
"E07000091","New Forest","Lives in a household","Aged 20 to 24 years","Female",3297
"E07000091","New Forest","Lives in a household","Aged 25 to 29 years","Female",3933
"E07000091","New Forest","Lives in a household","Aged 30 to 34 years","Female",4403
"E07000091","New Forest","Lives in a household","Aged 35 to 39 years","Female",4535
"E07000091","New Forest","Lives in a household","Aged 40 to 44 years","Female",4678
"E07000091","New Forest","Lives in a household","Aged 45 to 49 years","Female",5370
"E07000091","New Forest","Lives in a household","Aged 50 to 54 years","Female",6608
"E07000091","New Forest","Lives in a household","Aged 55 to 59 years","Female",7272
"E07000091","New Forest","Lives in a household","Aged 60 to 64 years","Female",6523
"E07000091","New Forest","Lives in a household","Aged 65 years","Female",1252
"E07000091","New Forest","Lives in a household","Aged 66 to 69 years","Female",5061
"E07000091","New Forest","Lives in a household","Aged 70 to 74 years","Female",7112
"E07000091","New Forest","Lives in a household","Aged 75 to 79 years","Female",5408
"E07000091","New Forest","Lives in a household","Aged 80 to 84 years","Female",3951
"E07000091","New Forest","Lives in a household","Aged 85 years and over","Female",4180
"E07000092","Rushmoor","Lives in a household","Total","Female",49529
"E07000092","Rushmoor","Lives in a household","Aged 2 years and under","Female",1816
"E07000092","Rushmoor","Lives in a household","Aged 3 to 4 years","Female",1162
"E07000092","Rushmoor","Lives in a household","Aged 5 to 7 years","Female",1753
"E07000092","Rushmoor","Lives in a household","Aged 8 to 9 years","Female",1164
"E07000092","Rushmoor","Lives in a household","Aged 10 to 14 years","Female",2715
"E07000092","Rushmoor","Lives in a household","Aged 15 years","Female",503
"E07000092","Rushmoor","Lives in a household","Aged 16 to 17 years","Female",1031
"E07000092","Rushmoor","Lives in a household","Aged 18 to 19 years","Female",743
"E07000092","Rushmoor","Lives in a household","Aged 20 to 24 years","Female",2658
"E07000092","Rushmoor","Lives in a household","Aged 25 to 29 years","Female",3783
"E07000092","Rushmoor","Lives in a household","Aged 30 to 34 years","Female",4481
"E07000092","Rushmoor","Lives in a household","Aged 35 to 39 years","Female",3833
"E07000092","Rushmoor","Lives in a household","Aged 40 to 44 years","Female",3395
"E07000092","Rushmoor","Lives in a household","Aged 45 to 49 years","Female",3261
"E07000092","Rushmoor","Lives in a household","Aged 50 to 54 years","Female",3542
"E07000092","Rushmoor","Lives in a household","Aged 55 to 59 years","Female",3267
"E07000092","Rushmoor","Lives in a household","Aged 60 to 64 years","Female",2466
"E07000092","Rushmoor","Lives in a household","Aged 65 years","Female",438
"E07000092","Rushmoor","Lives in a household","Aged 66 to 69 years","Female",1774
"E07000092","Rushmoor","Lives in a household","Aged 70 to 74 years","Female",2194
"E07000092","Rushmoor","Lives in a household","Aged 75 to 79 years","Female",1537
"E07000092","Rushmoor","Lives in a household","Aged 80 to 84 years","Female",1037
"E07000092","Rushmoor","Lives in a household","Aged 85 years and over","Female",976
"E07000093","Test Valley","Lives in a household","Total","Female",65822
"E07000093","Test Valley","Lives in a household","Aged 2 years and under","Female",1958
"E07000093","Test Valley","Lives in a household","Aged 3 to 4 years","Female",1408
"E07000093","Test Valley","Lives in a household","Aged 5 to 7 years","Female",2226
"E07000093","Test Valley","Lives in a household","Aged 8 to 9 years","Female",1610
"E07000093","Test Valley","Lives in a household","Aged 10 to 14 years","Female",3719
"E07000093","Test Valley","Lives in a household","Aged 15 years","Female",702
"E07000093","Test Valley","Lives in a household","Aged 16 to 17 years","Female",1337
"E07000093","Test Valley","Lives in a household","Aged 18 to 19 years","Female",1035
"E07000093","Test Valley","Lives in a household","Aged 20 to 24 years","Female",2737
"E07000093","Test Valley","Lives in a household","Aged 25 to 29 years","Female",3726
"E07000093","Test Valley","Lives in a household","Aged 30 to 34 years","Female",4205
"E07000093","Test Valley","Lives in a household","Aged 35 to 39 years","Female",4243
"E07000093","Test Valley","Lives in a household","Aged 40 to 44 years","Female",4166
"E07000093","Test Valley","Lives in a household","Aged 45 to 49 years","Female",4436
"E07000093","Test Valley","Lives in a household","Aged 50 to 54 years","Female",4965
"E07000093","Test Valley","Lives in a household","Aged 55 to 59 years","Female",4842
"E07000093","Test Valley","Lives in a household","Aged 60 to 64 years","Female",4107
"E07000093","Test Valley","Lives in a household","Aged 65 years","Female",709
"E07000093","Test Valley","Lives in a household","Aged 66 to 69 years","Female",2822
"E07000093","Test Valley","Lives in a household","Aged 70 to 74 years","Female",3970
"E07000093","Test Valley","Lives in a household","Aged 75 to 79 years","Female",2997
"E07000093","Test Valley","Lives in a household","Aged 80 to 84 years","Female",1975
"E07000093","Test Valley","Lives in a household","Aged 85 years and over","Female",1927
"E07000094","Winchester","Lives in a household","Total","Female",62865
"E07000094","Winchester","Lives in a household","Aged 2 years and under","Female",1658
"E07000094","Winchester","Lives in a household","Aged 3 to 4 years","Female",1268
"E07000094","Winchester","Lives in a household","Aged 5 to 7 years","Female",2093
"E07000094","Winchester","Lives in a household","Aged 8 to 9 years","Female",1495
"E07000094","Winchester","Lives in a household","Aged 10 to 14 years","Female",3611
"E07000094","Winchester","Lives in a household","Aged 15 years","Female",691
"E07000094","Winchester","Lives in a household","Aged 16 to 17 years","Female",1340
"E07000094","Winchester","Lives in a household","Aged 18 to 19 years","Female",1261
"E07000094","Winchester","Lives in a household","Aged 20 to 24 years","Female",3962
"E07000094","Winchester","Lives in a household","Aged 25 to 29 years","Female",2998
"E07000094","Winchester","Lives in a household","Aged 30 to 34 years","Female",3493
"E07000094","Winchester","Lives in a household","Aged 35 to 39 years","Female",3717
"E07000094","Winchester","Lives in a household","Aged 40 to 44 years","Female",4127
"E07000094","Winchester","Lives in a household","Aged 45 to 49 years","Female",4273
"E07000094","Winchester","Lives in a household","Aged 50 to 54 years","Female",4587
"E07000094","Winchester","Lives in a household","Aged 55 to 59 years","Female",4601
"E07000094","Winchester","Lives in a household","Aged 60 to 64 years","Female",3872
"E07000094","Winchester","Lives in a household","Aged 65 years","Female",672
"E07000094","Winchester","Lives in a household","Aged 66 to 69 years","Female",2631
"E07000094","Winchester","Lives in a household","Aged 70 to 74 years","Female",3624
"E07000094","Winchester","Lives in a household","Aged 75 to 79 years","Female",2799
"E07000094","Winchester","Lives in a household","Aged 80 to 84 years","Female",2013
"E07000094","Winchester","Lives in a household","Aged 85 years and over","Female",2079
"E07000105","Ashford","Lives in a household","Total","Female",67616
"E07000105","Ashford","Lives in a household","Aged 2 years and under","Female",2165
"E07000105","Ashford","Lives in a household","Aged 3 to 4 years","Female",1557
"E07000105","Ashford","Lives in a household","Aged 5 to 7 years","Female",2356
"E07000105","Ashford","Lives in a household","Aged 8 to 9 years","Female",1685
"E07000105","Ashford","Lives in a household","Aged 10 to 14 years","Female",4234
"E07000105","Ashford","Lives in a household","Aged 15 years","Female",706
"E07000105","Ashford","Lives in a household","Aged 16 to 17 years","Female",1560
"E07000105","Ashford","Lives in a household","Aged 18 to 19 years","Female",1226
"E07000105","Ashford","Lives in a household","Aged 20 to 24 years","Female",3201
"E07000105","Ashford","Lives in a household","Aged 25 to 29 years","Female",4086
"E07000105","Ashford","Lives in a household","Aged 30 to 34 years","Female",4683
"E07000105","Ashford","Lives in a household","Aged 35 to 39 years","Female",4394
"E07000105","Ashford","Lives in a household","Aged 40 to 44 years","Female",4197
"E07000105","Ashford","Lives in a household","Aged 45 to 49 years","Female",4427
"E07000105","Ashford","Lives in a household","Aged 50 to 54 years","Female",5060
"E07000105","Ashford","Lives in a household","Aged 55 to 59 years","Female",4681
"E07000105","Ashford","Lives in a household","Aged 60 to 64 years","Female",3772
"E07000105","Ashford","Lives in a household","Aged 65 years","Female",707
"E07000105","Ashford","Lives in a household","Aged 66 to 69 years","Female",2735
"E07000105","Ashford","Lives in a household","Aged 70 to 74 years","Female",3833
"E07000105","Ashford","Lives in a household","Aged 75 to 79 years","Female",2831
"E07000105","Ashford","Lives in a household","Aged 80 to 84 years","Female",1818
"E07000105","Ashford","Lives in a household","Aged 85 years and over","Female",1702
"E07000106","Canterbury","Lives in a household","Total","Female",76759
"E07000106","Canterbury","Lives in a household","Aged 2 years and under","Female",1923
"E07000106","Canterbury","Lives in a household","Aged 3 to 4 years","Female",1367
"E07000106","Canterbury","Lives in a household","Aged 5 to 7 years","Female",2147
"E07000106","Canterbury","Lives in a household","Aged 8 to 9 years","Female",1580
"E07000106","Canterbury","Lives in a household","Aged 10 to 14 years","Female",3903
"E07000106","Canterbury","Lives in a household","Aged 15 years","Female",764
"E07000106","Canterbury","Lives in a household","Aged 16 to 17 years","Female",1499
"E07000106","Canterbury","Lives in a household","Aged 18 to 19 years","Female",1796
"E07000106","Canterbury","Lives in a household","Aged 20 to 24 years","Female",6836
"E07000106","Canterbury","Lives in a household","Aged 25 to 29 years","Female",4230
"E07000106","Canterbury","Lives in a household","Aged 30 to 34 years","Female",4260
"E07000106","Canterbury","Lives in a household","Aged 35 to 39 years","Female",4362
"E07000106","Canterbury","Lives in a household","Aged 40 to 44 years","Female",4261
"E07000106","Canterbury","Lives in a household","Aged 45 to 49 years","Female",4662
"E07000106","Canterbury","Lives in a household","Aged 50 to 54 years","Female",5113
"E07000106","Canterbury","Lives in a household","Aged 55 to 59 years","Female",5229
"E07000106","Canterbury","Lives in a household","Aged 60 to 64 years","Female",4699
"E07000106","Canterbury","Lives in a household","Aged 65 years","Female",932
"E07000106","Canterbury","Lives in a household","Aged 66 to 69 years","Female",3526
"E07000106","Canterbury","Lives in a household","Aged 70 to 74 years","Female",4925
"E07000106","Canterbury","Lives in a household","Aged 75 to 79 years","Female",3720
"E07000106","Canterbury","Lives in a household","Aged 80 to 84 years","Female",2496
"E07000106","Canterbury","Lives in a household","Aged 85 years and over","Female",2529
"E07000107","Dartford","Lives in a household","Total","Female",59174
"E07000107","Dartford","Lives in a household","Aged 2 years and under","Female",2360
"E07000107","Dartford","Lives in a household","Aged 3 to 4 years","Female",1603
"E07000107","Dartford","Lives in a household","Aged 5 to 7 years","Female",2463
"E07000107","Dartford","Lives in a household","Aged 8 to 9 years","Female",1596
"E07000107","Dartford","Lives in a household","Aged 10 to 14 years","Female",3933
"E07000107","Dartford","Lives in a household","Aged 15 years","Female",706
"E07000107","Dartford","Lives in a household","Aged 16 to 17 years","Female",1343
"E07000107","Dartford","Lives in a household","Aged 18 to 19 years","Female",912
"E07000107","Dartford","Lives in a household","Aged 20 to 24 years","Female",2839
"E07000107","Dartford","Lives in a household","Aged 25 to 29 years","Female",4256
"E07000107","Dartford","Lives in a household","Aged 30 to 34 years","Female",5269
"E07000107","Dartford","Lives in a household","Aged 35 to 39 years","Female",5089
"E07000107","Dartford","Lives in a household","Aged 40 to 44 years","Female",4361
"E07000107","Dartford","Lives in a household","Aged 45 to 49 years","Female",3852
"E07000107","Dartford","Lives in a household","Aged 50 to 54 years","Female",3871
"E07000107","Dartford","Lives in a household","Aged 55 to 59 years","Female",3492
"E07000107","Dartford","Lives in a household","Aged 60 to 64 years","Female",2784
"E07000107","Dartford","Lives in a household","Aged 65 years","Female",460
"E07000107","Dartford","Lives in a household","Aged 66 to 69 years","Female",1753
"E07000107","Dartford","Lives in a household","Aged 70 to 74 years","Female",2251
"E07000107","Dartford","Lives in a household","Aged 75 to 79 years","Female",1569
"E07000107","Dartford","Lives in a household","Aged 80 to 84 years","Female",1232
"E07000107","Dartford","Lives in a household","Aged 85 years and over","Female",1180
"E07000108","Dover","Lives in a household","Total","Female",58531
"E07000108","Dover","Lives in a household","Aged 2 years and under","Female",1578
"E07000108","Dover","Lives in a household","Aged 3 to 4 years","Female",1145
"E07000108","Dover","Lives in a household","Aged 5 to 7 years","Female",1825
"E07000108","Dover","Lives in a household","Aged 8 to 9 years","Female",1314
"E07000108","Dover","Lives in a household","Aged 10 to 14 years","Female",3210
"E07000108","Dover","Lives in a household","Aged 15 years","Female",607
"E07000108","Dover","Lives in a household","Aged 16 to 17 years","Female",1183
"E07000108","Dover","Lives in a household","Aged 18 to 19 years","Female",952
"E07000108","Dover","Lives in a household","Aged 20 to 24 years","Female",2648
"E07000108","Dover","Lives in a household","Aged 25 to 29 years","Female",3343
"E07000108","Dover","Lives in a household","Aged 30 to 34 years","Female",3513
"E07000108","Dover","Lives in a household","Aged 35 to 39 years","Female",3380
"E07000108","Dover","Lives in a household","Aged 40 to 44 years","Female",3202
"E07000108","Dover","Lives in a household","Aged 45 to 49 years","Female",3496
"E07000108","Dover","Lives in a household","Aged 50 to 54 years","Female",4138
"E07000108","Dover","Lives in a household","Aged 55 to 59 years","Female",4477
"E07000108","Dover","Lives in a household","Aged 60 to 64 years","Female",4139
"E07000108","Dover","Lives in a household","Aged 65 years","Female",801
"E07000108","Dover","Lives in a household","Aged 66 to 69 years","Female",2959
"E07000108","Dover","Lives in a household","Aged 70 to 74 years","Female",3937
"E07000108","Dover","Lives in a household","Aged 75 to 79 years","Female",2912
"E07000108","Dover","Lives in a household","Aged 80 to 84 years","Female",1954
"E07000108","Dover","Lives in a household","Aged 85 years and over","Female",1818
"E07000109","Gravesham","Lives in a household","Total","Female",54365
"E07000109","Gravesham","Lives in a household","Aged 2 years and under","Female",1864
"E07000109","Gravesham","Lives in a household","Aged 3 to 4 years","Female",1367
"E07000109","Gravesham","Lives in a household","Aged 5 to 7 years","Female",2135
"E07000109","Gravesham","Lives in a household","Aged 8 to 9 years","Female",1371
"E07000109","Gravesham","Lives in a household","Aged 10 to 14 years","Female",3537
"E07000109","Gravesham","Lives in a household","Aged 15 years","Female",712
"E07000109","Gravesham","Lives in a household","Aged 16 to 17 years","Female",1224
"E07000109","Gravesham","Lives in a household","Aged 18 to 19 years","Female",974
"E07000109","Gravesham","Lives in a household","Aged 20 to 24 years","Female",2751
"E07000109","Gravesham","Lives in a household","Aged 25 to 29 years","Female",3380
"E07000109","Gravesham","Lives in a household","Aged 30 to 34 years","Female",4009
"E07000109","Gravesham","Lives in a household","Aged 35 to 39 years","Female",3988
"E07000109","Gravesham","Lives in a household","Aged 40 to 44 years","Female",3533
"E07000109","Gravesham","Lives in a household","Aged 45 to 49 years","Female",3448
"E07000109","Gravesham","Lives in a household","Aged 50 to 54 years","Female",3804
"E07000109","Gravesham","Lives in a household","Aged 55 to 59 years","Female",3552
"E07000109","Gravesham","Lives in a household","Aged 60 to 64 years","Female",2869
"E07000109","Gravesham","Lives in a household","Aged 65 years","Female",507
"E07000109","Gravesham","Lives in a household","Aged 66 to 69 years","Female",1988
"E07000109","Gravesham","Lives in a household","Aged 70 to 74 years","Female",2573
"E07000109","Gravesham","Lives in a household","Aged 75 to 79 years","Female",1904
"E07000109","Gravesham","Lives in a household","Aged 80 to 84 years","Female",1468
"E07000109","Gravesham","Lives in a household","Aged 85 years and over","Female",1407
"E07000110","Maidstone","Lives in a household","Total","Female",87902
"E07000110","Maidstone","Lives in a household","Aged 2 years and under","Female",2940
"E07000110","Maidstone","Lives in a household","Aged 3 to 4 years","Female",2093
"E07000110","Maidstone","Lives in a household","Aged 5 to 7 years","Female",3070
"E07000110","Maidstone","Lives in a household","Aged 8 to 9 years","Female",2123
"E07000110","Maidstone","Lives in a household","Aged 10 to 14 years","Female",5058
"E07000110","Maidstone","Lives in a household","Aged 15 years","Female",950
"E07000110","Maidstone","Lives in a household","Aged 16 to 17 years","Female",1851
"E07000110","Maidstone","Lives in a household","Aged 18 to 19 years","Female",1448
"E07000110","Maidstone","Lives in a household","Aged 20 to 24 years","Female",4304
"E07000110","Maidstone","Lives in a household","Aged 25 to 29 years","Female",5518
"E07000110","Maidstone","Lives in a household","Aged 30 to 34 years","Female",6240
"E07000110","Maidstone","Lives in a household","Aged 35 to 39 years","Female",6043
"E07000110","Maidstone","Lives in a household","Aged 40 to 44 years","Female",5671
"E07000110","Maidstone","Lives in a household","Aged 45 to 49 years","Female",5920
"E07000110","Maidstone","Lives in a household","Aged 50 to 54 years","Female",6189
"E07000110","Maidstone","Lives in a household","Aged 55 to 59 years","Female",5961
"E07000110","Maidstone","Lives in a household","Aged 60 to 64 years","Female",4990
"E07000110","Maidstone","Lives in a household","Aged 65 years","Female",916
"E07000110","Maidstone","Lives in a household","Aged 66 to 69 years","Female",3545
"E07000110","Maidstone","Lives in a household","Aged 70 to 74 years","Female",4855
"E07000110","Maidstone","Lives in a household","Aged 75 to 79 years","Female",3416
"E07000110","Maidstone","Lives in a household","Aged 80 to 84 years","Female",2481
"E07000110","Maidstone","Lives in a household","Aged 85 years and over","Female",2320
"E07000111","Sevenoaks","Lives in a household","Total","Female",61624
"E07000111","Sevenoaks","Lives in a household","Aged 2 years and under","Female",1856
"E07000111","Sevenoaks","Lives in a household","Aged 3 to 4 years","Female",1406
"E07000111","Sevenoaks","Lives in a household","Aged 5 to 7 years","Female",2206
"E07000111","Sevenoaks","Lives in a household","Aged 8 to 9 years","Female",1542
"E07000111","Sevenoaks","Lives in a household","Aged 10 to 14 years","Female",3871
"E07000111","Sevenoaks","Lives in a household","Aged 15 years","Female",752
"E07000111","Sevenoaks","Lives in a household","Aged 16 to 17 years","Female",1435
"E07000111","Sevenoaks","Lives in a household","Aged 18 to 19 years","Female",954
"E07000111","Sevenoaks","Lives in a household","Aged 20 to 24 years","Female",2414
"E07000111","Sevenoaks","Lives in a household","Aged 25 to 29 years","Female",2978
"E07000111","Sevenoaks","Lives in a household","Aged 30 to 34 years","Female",3534
"E07000111","Sevenoaks","Lives in a household","Aged 35 to 39 years","Female",3901
"E07000111","Sevenoaks","Lives in a household","Aged 40 to 44 years","Female",4093
"E07000111","Sevenoaks","Lives in a household","Aged 45 to 49 years","Female",4180
"E07000111","Sevenoaks","Lives in a household","Aged 50 to 54 years","Female",4589
"E07000111","Sevenoaks","Lives in a household","Aged 55 to 59 years","Female",4435
"E07000111","Sevenoaks","Lives in a household","Aged 60 to 64 years","Female",3802
"E07000111","Sevenoaks","Lives in a household","Aged 65 years","Female",650
"E07000111","Sevenoaks","Lives in a household","Aged 66 to 69 years","Female",2621
"E07000111","Sevenoaks","Lives in a household","Aged 70 to 74 years","Female",3648
"E07000111","Sevenoaks","Lives in a household","Aged 75 to 79 years","Female",2707
"E07000111","Sevenoaks","Lives in a household","Aged 80 to 84 years","Female",1978
"E07000111","Sevenoaks","Lives in a household","Aged 85 years and over","Female",2072
"E07000112","Folkestone and Hythe","Lives in a household","Total","Female",55336
"E07000112","Folkestone and Hythe","Lives in a household","Aged 2 years and under","Female",1416
"E07000112","Folkestone and Hythe","Lives in a household","Aged 3 to 4 years","Female",1043
"E07000112","Folkestone and Hythe","Lives in a household","Aged 5 to 7 years","Female",1675
"E07000112","Folkestone and Hythe","Lives in a household","Aged 8 to 9 years","Female",1158
"E07000112","Folkestone and Hythe","Lives in a household","Aged 10 to 14 years","Female",3017
"E07000112","Folkestone and Hythe","Lives in a household","Aged 15 years","Female",557
"E07000112","Folkestone and Hythe","Lives in a household","Aged 16 to 17 years","Female",1040
"E07000112","Folkestone and Hythe","Lives in a household","Aged 18 to 19 years","Female",846
"E07000112","Folkestone and Hythe","Lives in a household","Aged 20 to 24 years","Female",2444
"E07000112","Folkestone and Hythe","Lives in a household","Aged 25 to 29 years","Female",2918
"E07000112","Folkestone and Hythe","Lives in a household","Aged 30 to 34 years","Female",3242
"E07000112","Folkestone and Hythe","Lives in a household","Aged 35 to 39 years","Female",3055
"E07000112","Folkestone and Hythe","Lives in a household","Aged 40 to 44 years","Female",3215
"E07000112","Folkestone and Hythe","Lives in a household","Aged 45 to 49 years","Female",3414
"E07000112","Folkestone and Hythe","Lives in a household","Aged 50 to 54 years","Female",4033
"E07000112","Folkestone and Hythe","Lives in a household","Aged 55 to 59 years","Female",4218
"E07000112","Folkestone and Hythe","Lives in a household","Aged 60 to 64 years","Female",3831
"E07000112","Folkestone and Hythe","Lives in a household","Aged 65 years","Female",689
"E07000112","Folkestone and Hythe","Lives in a household","Aged 66 to 69 years","Female",2932
"E07000112","Folkestone and Hythe","Lives in a household","Aged 70 to 74 years","Female",3936
"E07000112","Folkestone and Hythe","Lives in a household","Aged 75 to 79 years","Female",2913
"E07000112","Folkestone and Hythe","Lives in a household","Aged 80 to 84 years","Female",1938
"E07000112","Folkestone and Hythe","Lives in a household","Aged 85 years and over","Female",1806
"E07000113","Swale","Lives in a household","Total","Female",75862
"E07000113","Swale","Lives in a household","Aged 2 years and under","Female",2577
"E07000113","Swale","Lives in a household","Aged 3 to 4 years","Female",1820
"E07000113","Swale","Lives in a household","Aged 5 to 7 years","Female",2697
"E07000113","Swale","Lives in a household","Aged 8 to 9 years","Female",1867
"E07000113","Swale","Lives in a household","Aged 10 to 14 years","Female",4641
"E07000113","Swale","Lives in a household","Aged 15 years","Female",853
"E07000113","Swale","Lives in a household","Aged 16 to 17 years","Female",1668
"E07000113","Swale","Lives in a household","Aged 18 to 19 years","Female",1407
"E07000113","Swale","Lives in a household","Aged 20 to 24 years","Female",3856
"E07000113","Swale","Lives in a household","Aged 25 to 29 years","Female",4651
"E07000113","Swale","Lives in a household","Aged 30 to 34 years","Female",5261
"E07000113","Swale","Lives in a household","Aged 35 to 39 years","Female",5009
"E07000113","Swale","Lives in a household","Aged 40 to 44 years","Female",4633
"E07000113","Swale","Lives in a household","Aged 45 to 49 years","Female",4720
"E07000113","Swale","Lives in a household","Aged 50 to 54 years","Female",5340
"E07000113","Swale","Lives in a household","Aged 55 to 59 years","Female",5384
"E07000113","Swale","Lives in a household","Aged 60 to 64 years","Female",4442
"E07000113","Swale","Lives in a household","Aged 65 years","Female",802
"E07000113","Swale","Lives in a household","Aged 66 to 69 years","Female",3059
"E07000113","Swale","Lives in a household","Aged 70 to 74 years","Female",4316
"E07000113","Swale","Lives in a household","Aged 75 to 79 years","Female",3031
"E07000113","Swale","Lives in a household","Aged 80 to 84 years","Female",2042
"E07000113","Swale","Lives in a household","Aged 85 years and over","Female",1786
"E07000114","Thanet","Lives in a household","Total","Female",71946
"E07000114","Thanet","Lives in a household","Aged 2 years and under","Female",2036
"E07000114","Thanet","Lives in a household","Aged 3 to 4 years","Female",1435
"E07000114","Thanet","Lives in a household","Aged 5 to 7 years","Female",2240
"E07000114","Thanet","Lives in a household","Aged 8 to 9 years","Female",1558
"E07000114","Thanet","Lives in a household","Aged 10 to 14 years","Female",3991
"E07000114","Thanet","Lives in a household","Aged 15 years","Female",750
"E07000114","Thanet","Lives in a household","Aged 16 to 17 years","Female",1379
"E07000114","Thanet","Lives in a household","Aged 18 to 19 years","Female",1165
"E07000114","Thanet","Lives in a household","Aged 20 to 24 years","Female",3329
"E07000114","Thanet","Lives in a household","Aged 25 to 29 years","Female",4092
"E07000114","Thanet","Lives in a household","Aged 30 to 34 years","Female",4580
"E07000114","Thanet","Lives in a household","Aged 35 to 39 years","Female",4305
"E07000114","Thanet","Lives in a household","Aged 40 to 44 years","Female",4150
"E07000114","Thanet","Lives in a household","Aged 45 to 49 years","Female",4432
"E07000114","Thanet","Lives in a household","Aged 50 to 54 years","Female",5166
"E07000114","Thanet","Lives in a household","Aged 55 to 59 years","Female",5070
"E07000114","Thanet","Lives in a household","Aged 60 to 64 years","Female",4629
"E07000114","Thanet","Lives in a household","Aged 65 years","Female",886
"E07000114","Thanet","Lives in a household","Aged 66 to 69 years","Female",3605
"E07000114","Thanet","Lives in a household","Aged 70 to 74 years","Female",4850
"E07000114","Thanet","Lives in a household","Aged 75 to 79 years","Female",3581
"E07000114","Thanet","Lives in a household","Aged 80 to 84 years","Female",2396
"E07000114","Thanet","Lives in a household","Aged 85 years and over","Female",2321
"E07000115","Tonbridge and Malling","Lives in a household","Total","Female",67371
"E07000115","Tonbridge and Malling","Lives in a household","Aged 2 years and under","Female",2093
"E07000115","Tonbridge and Malling","Lives in a household","Aged 3 to 4 years","Female",1649
"E07000115","Tonbridge and Malling","Lives in a household","Aged 5 to 7 years","Female",2406
"E07000115","Tonbridge and Malling","Lives in a household","Aged 8 to 9 years","Female",1731
"E07000115","Tonbridge and Malling","Lives in a household","Aged 10 to 14 years","Female",4206
"E07000115","Tonbridge and Malling","Lives in a household","Aged 15 years","Female",825
"E07000115","Tonbridge and Malling","Lives in a household","Aged 16 to 17 years","Female",1562
"E07000115","Tonbridge and Malling","Lives in a household","Aged 18 to 19 years","Female",1085
"E07000115","Tonbridge and Malling","Lives in a household","Aged 20 to 24 years","Female",2878
"E07000115","Tonbridge and Malling","Lives in a household","Aged 25 to 29 years","Female",3774
"E07000115","Tonbridge and Malling","Lives in a household","Aged 30 to 34 years","Female",4282
"E07000115","Tonbridge and Malling","Lives in a household","Aged 35 to 39 years","Female",4424
"E07000115","Tonbridge and Malling","Lives in a household","Aged 40 to 44 years","Female",4580
"E07000115","Tonbridge and Malling","Lives in a household","Aged 45 to 49 years","Female",4806
"E07000115","Tonbridge and Malling","Lives in a household","Aged 50 to 54 years","Female",4989
"E07000115","Tonbridge and Malling","Lives in a household","Aged 55 to 59 years","Female",4812
"E07000115","Tonbridge and Malling","Lives in a household","Aged 60 to 64 years","Female",3837
"E07000115","Tonbridge and Malling","Lives in a household","Aged 65 years","Female",670
"E07000115","Tonbridge and Malling","Lives in a household","Aged 66 to 69 years","Female",2566
"E07000115","Tonbridge and Malling","Lives in a household","Aged 70 to 74 years","Female",3587
"E07000115","Tonbridge and Malling","Lives in a household","Aged 75 to 79 years","Female",2776
"E07000115","Tonbridge and Malling","Lives in a household","Aged 80 to 84 years","Female",1976
"E07000115","Tonbridge and Malling","Lives in a household","Aged 85 years and over","Female",1857
"E07000116","Tunbridge Wells","Lives in a household","Total","Female",58085
"E07000116","Tunbridge Wells","Lives in a household","Aged 2 years and under","Female",1729
"E07000116","Tunbridge Wells","Lives in a household","Aged 3 to 4 years","Female",1266
"E07000116","Tunbridge Wells","Lives in a household","Aged 5 to 7 years","Female",1973
"E07000116","Tunbridge Wells","Lives in a household","Aged 8 to 9 years","Female",1472
"E07000116","Tunbridge Wells","Lives in a household","Aged 10 to 14 years","Female",3762
"E07000116","Tunbridge Wells","Lives in a household","Aged 15 years","Female",669
"E07000116","Tunbridge Wells","Lives in a household","Aged 16 to 17 years","Female",1347
"E07000116","Tunbridge Wells","Lives in a household","Aged 18 to 19 years","Female",890
"E07000116","Tunbridge Wells","Lives in a household","Aged 20 to 24 years","Female",2373
"E07000116","Tunbridge Wells","Lives in a household","Aged 25 to 29 years","Female",3068
"E07000116","Tunbridge Wells","Lives in a household","Aged 30 to 34 years","Female",3557
"E07000116","Tunbridge Wells","Lives in a household","Aged 35 to 39 years","Female",3817
"E07000116","Tunbridge Wells","Lives in a household","Aged 40 to 44 years","Female",4005
"E07000116","Tunbridge Wells","Lives in a household","Aged 45 to 49 years","Female",4362
"E07000116","Tunbridge Wells","Lives in a household","Aged 50 to 54 years","Female",4554
"E07000116","Tunbridge Wells","Lives in a household","Aged 55 to 59 years","Female",4055
"E07000116","Tunbridge Wells","Lives in a household","Aged 60 to 64 years","Female",3440
"E07000116","Tunbridge Wells","Lives in a household","Aged 65 years","Female",543
"E07000116","Tunbridge Wells","Lives in a household","Aged 66 to 69 years","Female",2309
"E07000116","Tunbridge Wells","Lives in a household","Aged 70 to 74 years","Female",3072
"E07000116","Tunbridge Wells","Lives in a household","Aged 75 to 79 years","Female",2378
"E07000116","Tunbridge Wells","Lives in a household","Aged 80 to 84 years","Female",1684
"E07000116","Tunbridge Wells","Lives in a household","Aged 85 years and over","Female",1760
"E07000177","Cherwell","Lives in a household","Total","Female",80186
"E07000177","Cherwell","Lives in a household","Aged 2 years and under","Female",2612
"E07000177","Cherwell","Lives in a household","Aged 3 to 4 years","Female",1888
"E07000177","Cherwell","Lives in a household","Aged 5 to 7 years","Female",2673
"E07000177","Cherwell","Lives in a household","Aged 8 to 9 years","Female",1851
"E07000177","Cherwell","Lives in a household","Aged 10 to 14 years","Female",4672
"E07000177","Cherwell","Lives in a household","Aged 15 years","Female",893
"E07000177","Cherwell","Lives in a household","Aged 16 to 17 years","Female",1681
"E07000177","Cherwell","Lives in a household","Aged 18 to 19 years","Female",1305
"E07000177","Cherwell","Lives in a household","Aged 20 to 24 years","Female",3789
"E07000177","Cherwell","Lives in a household","Aged 25 to 29 years","Female",5288
"E07000177","Cherwell","Lives in a household","Aged 30 to 34 years","Female",6134
"E07000177","Cherwell","Lives in a household","Aged 35 to 39 years","Female",6058
"E07000177","Cherwell","Lives in a household","Aged 40 to 44 years","Female",5446
"E07000177","Cherwell","Lives in a household","Aged 45 to 49 years","Female",5355
"E07000177","Cherwell","Lives in a household","Aged 50 to 54 years","Female",5797
"E07000177","Cherwell","Lives in a household","Aged 55 to 59 years","Female",5577
"E07000177","Cherwell","Lives in a household","Aged 60 to 64 years","Female",4581
"E07000177","Cherwell","Lives in a household","Aged 65 years","Female",764
"E07000177","Cherwell","Lives in a household","Aged 66 to 69 years","Female",3048
"E07000177","Cherwell","Lives in a household","Aged 70 to 74 years","Female",3947
"E07000177","Cherwell","Lives in a household","Aged 75 to 79 years","Female",2823
"E07000177","Cherwell","Lives in a household","Aged 80 to 84 years","Female",2025
"E07000177","Cherwell","Lives in a household","Aged 85 years and over","Female",1979
"E07000178","Oxford","Lives in a household","Total","Female",71617
"E07000178","Oxford","Lives in a household","Aged 2 years and under","Female",2134
"E07000178","Oxford","Lives in a household","Aged 3 to 4 years","Female",1293
"E07000178","Oxford","Lives in a household","Aged 5 to 7 years","Female",2193
"E07000178","Oxford","Lives in a household","Aged 8 to 9 years","Female",1574
"E07000178","Oxford","Lives in a household","Aged 10 to 14 years","Female",3984
"E07000178","Oxford","Lives in a household","Aged 15 years","Female",718
"E07000178","Oxford","Lives in a household","Aged 16 to 17 years","Female",1462
"E07000178","Oxford","Lives in a household","Aged 18 to 19 years","Female",1523
"E07000178","Oxford","Lives in a household","Aged 20 to 24 years","Female",6892
"E07000178","Oxford","Lives in a household","Aged 25 to 29 years","Female",6790
"E07000178","Oxford","Lives in a household","Aged 30 to 34 years","Female",6294
"E07000178","Oxford","Lives in a household","Aged 35 to 39 years","Female",5447
"E07000178","Oxford","Lives in a household","Aged 40 to 44 years","Female",4805
"E07000178","Oxford","Lives in a household","Aged 45 to 49 years","Female",4456
"E07000178","Oxford","Lives in a household","Aged 50 to 54 years","Female",4470
"E07000178","Oxford","Lives in a household","Aged 55 to 59 years","Female",4219
"E07000178","Oxford","Lives in a household","Aged 60 to 64 years","Female",3296
"E07000178","Oxford","Lives in a household","Aged 65 years","Female",541
"E07000178","Oxford","Lives in a household","Aged 66 to 69 years","Female",2161
"E07000178","Oxford","Lives in a household","Aged 70 to 74 years","Female",2524
"E07000178","Oxford","Lives in a household","Aged 75 to 79 years","Female",1915
"E07000178","Oxford","Lives in a household","Aged 80 to 84 years","Female",1441
"E07000178","Oxford","Lives in a household","Aged 85 years and over","Female",1485
"E07000179","South Oxfordshire","Lives in a household","Total","Female",74701
"E07000179","South Oxfordshire","Lives in a household","Aged 2 years and under","Female",2210
"E07000179","South Oxfordshire","Lives in a household","Aged 3 to 4 years","Female",1628
"E07000179","South Oxfordshire","Lives in a household","Aged 5 to 7 years","Female",2503
"E07000179","South Oxfordshire","Lives in a household","Aged 8 to 9 years","Female",1746
"E07000179","South Oxfordshire","Lives in a household","Aged 10 to 14 years","Female",4446
"E07000179","South Oxfordshire","Lives in a household","Aged 15 years","Female",830
"E07000179","South Oxfordshire","Lives in a household","Aged 16 to 17 years","Female",1675
"E07000179","South Oxfordshire","Lives in a household","Aged 18 to 19 years","Female",1117
"E07000179","South Oxfordshire","Lives in a household","Aged 20 to 24 years","Female",2913
"E07000179","South Oxfordshire","Lives in a household","Aged 25 to 29 years","Female",4115
"E07000179","South Oxfordshire","Lives in a household","Aged 30 to 34 years","Female",4644
"E07000179","South Oxfordshire","Lives in a household","Aged 35 to 39 years","Female",4939
"E07000179","South Oxfordshire","Lives in a household","Aged 40 to 44 years","Female",4916
"E07000179","South Oxfordshire","Lives in a household","Aged 45 to 49 years","Female",5203
"E07000179","South Oxfordshire","Lives in a household","Aged 50 to 54 years","Female",5814
"E07000179","South Oxfordshire","Lives in a household","Aged 55 to 59 years","Female",5461
"E07000179","South Oxfordshire","Lives in a household","Aged 60 to 64 years","Female",4539
"E07000179","South Oxfordshire","Lives in a household","Aged 65 years","Female",783
"E07000179","South Oxfordshire","Lives in a household","Aged 66 to 69 years","Female",3127
"E07000179","South Oxfordshire","Lives in a household","Aged 70 to 74 years","Female",4096
"E07000179","South Oxfordshire","Lives in a household","Aged 75 to 79 years","Female",3427
"E07000179","South Oxfordshire","Lives in a household","Aged 80 to 84 years","Female",2361
"E07000179","South Oxfordshire","Lives in a household","Aged 85 years and over","Female",2208
"E07000180","Vale of White Horse","Lives in a household","Total","Female",69067
"E07000180","Vale of White Horse","Lives in a household","Aged 2 years and under","Female",2192
"E07000180","Vale of White Horse","Lives in a household","Aged 3 to 4 years","Female",1583
"E07000180","Vale of White Horse","Lives in a household","Aged 5 to 7 years","Female",2452
"E07000180","Vale of White Horse","Lives in a household","Aged 8 to 9 years","Female",1632
"E07000180","Vale of White Horse","Lives in a household","Aged 10 to 14 years","Female",4024
"E07000180","Vale of White Horse","Lives in a household","Aged 15 years","Female",750
"E07000180","Vale of White Horse","Lives in a household","Aged 16 to 17 years","Female",1520
"E07000180","Vale of White Horse","Lives in a household","Aged 18 to 19 years","Female",991
"E07000180","Vale of White Horse","Lives in a household","Aged 20 to 24 years","Female",2836
"E07000180","Vale of White Horse","Lives in a household","Aged 25 to 29 years","Female",4117
"E07000180","Vale of White Horse","Lives in a household","Aged 30 to 34 years","Female",4872
"E07000180","Vale of White Horse","Lives in a household","Aged 35 to 39 years","Female",4835
"E07000180","Vale of White Horse","Lives in a household","Aged 40 to 44 years","Female",4633
"E07000180","Vale of White Horse","Lives in a household","Aged 45 to 49 years","Female",4599
"E07000180","Vale of White Horse","Lives in a household","Aged 50 to 54 years","Female",4895
"E07000180","Vale of White Horse","Lives in a household","Aged 55 to 59 years","Female",4777
"E07000180","Vale of White Horse","Lives in a household","Aged 60 to 64 years","Female",4216
"E07000180","Vale of White Horse","Lives in a household","Aged 65 years","Female",731
"E07000180","Vale of White Horse","Lives in a household","Aged 66 to 69 years","Female",2761
"E07000180","Vale of White Horse","Lives in a household","Aged 70 to 74 years","Female",3687
"E07000180","Vale of White Horse","Lives in a household","Aged 75 to 79 years","Female",2892
"E07000180","Vale of White Horse","Lives in a household","Aged 80 to 84 years","Female",2011
"E07000180","Vale of White Horse","Lives in a household","Aged 85 years and over","Female",2061
"E07000181","West Oxfordshire","Lives in a household","Total","Female",57181
"E07000181","West Oxfordshire","Lives in a household","Aged 2 years and under","Female",1646
"E07000181","West Oxfordshire","Lives in a household","Aged 3 to 4 years","Female",1179
"E07000181","West Oxfordshire","Lives in a household","Aged 5 to 7 years","Female",1779
"E07000181","West Oxfordshire","Lives in a household","Aged 8 to 9 years","Female",1353
"E07000181","West Oxfordshire","Lives in a household","Aged 10 to 14 years","Female",3324
"E07000181","West Oxfordshire","Lives in a household","Aged 15 years","Female",593
"E07000181","West Oxfordshire","Lives in a household","Aged 16 to 17 years","Female",1186
"E07000181","West Oxfordshire","Lives in a household","Aged 18 to 19 years","Female",885
"E07000181","West Oxfordshire","Lives in a household","Aged 20 to 24 years","Female",2341
"E07000181","West Oxfordshire","Lives in a household","Aged 25 to 29 years","Female",3156
"E07000181","West Oxfordshire","Lives in a household","Aged 30 to 34 years","Female",3551
"E07000181","West Oxfordshire","Lives in a household","Aged 35 to 39 years","Female",3546
"E07000181","West Oxfordshire","Lives in a household","Aged 40 to 44 years","Female",3613
"E07000181","West Oxfordshire","Lives in a household","Aged 45 to 49 years","Female",3850
"E07000181","West Oxfordshire","Lives in a household","Aged 50 to 54 years","Female",4294
"E07000181","West Oxfordshire","Lives in a household","Aged 55 to 59 years","Female",4295
"E07000181","West Oxfordshire","Lives in a household","Aged 60 to 64 years","Female",3659
"E07000181","West Oxfordshire","Lives in a household","Aged 65 years","Female",670
"E07000181","West Oxfordshire","Lives in a household","Aged 66 to 69 years","Female",2570
"E07000181","West Oxfordshire","Lives in a household","Aged 70 to 74 years","Female",3417
"E07000181","West Oxfordshire","Lives in a household","Aged 75 to 79 years","Female",2629
"E07000181","West Oxfordshire","Lives in a household","Aged 80 to 84 years","Female",1801
"E07000181","West Oxfordshire","Lives in a household","Aged 85 years and over","Female",1844
"E07000207","Elmbridge","Lives in a household","Total","Female",70843
"E07000207","Elmbridge","Lives in a household","Aged 2 years and under","Female",2292
"E07000207","Elmbridge","Lives in a household","Aged 3 to 4 years","Female",1720
"E07000207","Elmbridge","Lives in a household","Aged 5 to 7 years","Female",2848
"E07000207","Elmbridge","Lives in a household","Aged 8 to 9 years","Female",2073
"E07000207","Elmbridge","Lives in a household","Aged 10 to 14 years","Female",4806
"E07000207","Elmbridge","Lives in a household","Aged 15 years","Female",880
"E07000207","Elmbridge","Lives in a household","Aged 16 to 17 years","Female",1710
"E07000207","Elmbridge","Lives in a household","Aged 18 to 19 years","Female",939
"E07000207","Elmbridge","Lives in a household","Aged 20 to 24 years","Female",2509
"E07000207","Elmbridge","Lives in a household","Aged 25 to 29 years","Female",3090
"E07000207","Elmbridge","Lives in a household","Aged 30 to 34 years","Female",3964
"E07000207","Elmbridge","Lives in a household","Aged 35 to 39 years","Female",5005
"E07000207","Elmbridge","Lives in a household","Aged 40 to 44 years","Female",5890
"E07000207","Elmbridge","Lives in a household","Aged 45 to 49 years","Female",5736
"E07000207","Elmbridge","Lives in a household","Aged 50 to 54 years","Female",5478
"E07000207","Elmbridge","Lives in a household","Aged 55 to 59 years","Female",4943
"E07000207","Elmbridge","Lives in a household","Aged 60 to 64 years","Female",3860
"E07000207","Elmbridge","Lives in a household","Aged 65 years","Female",638
"E07000207","Elmbridge","Lives in a household","Aged 66 to 69 years","Female",2586
"E07000207","Elmbridge","Lives in a household","Aged 70 to 74 years","Female",3293
"E07000207","Elmbridge","Lives in a household","Aged 75 to 79 years","Female",2523
"E07000207","Elmbridge","Lives in a household","Aged 80 to 84 years","Female",1961
"E07000207","Elmbridge","Lives in a household","Aged 85 years and over","Female",2099
"E07000208","Epsom and Ewell","Lives in a household","Total","Female",41248
"E07000208","Epsom and Ewell","Lives in a household","Aged 2 years and under","Female",1263
"E07000208","Epsom and Ewell","Lives in a household","Aged 3 to 4 years","Female",956
"E07000208","Epsom and Ewell","Lives in a household","Aged 5 to 7 years","Female",1513
"E07000208","Epsom and Ewell","Lives in a household","Aged 8 to 9 years","Female",1102
"E07000208","Epsom and Ewell","Lives in a household","Aged 10 to 14 years","Female",2554
"E07000208","Epsom and Ewell","Lives in a household","Aged 15 years","Female",481
"E07000208","Epsom and Ewell","Lives in a household","Aged 16 to 17 years","Female",953
"E07000208","Epsom and Ewell","Lives in a household","Aged 18 to 19 years","Female",722
"E07000208","Epsom and Ewell","Lives in a household","Aged 20 to 24 years","Female",1949
"E07000208","Epsom and Ewell","Lives in a household","Aged 25 to 29 years","Female",2094
"E07000208","Epsom and Ewell","Lives in a household","Aged 30 to 34 years","Female",2507
"E07000208","Epsom and Ewell","Lives in a household","Aged 35 to 39 years","Female",2986
"E07000208","Epsom and Ewell","Lives in a household","Aged 40 to 44 years","Female",3245
"E07000208","Epsom and Ewell","Lives in a household","Aged 45 to 49 years","Female",3052
"E07000208","Epsom and Ewell","Lives in a household","Aged 50 to 54 years","Female",2990
"E07000208","Epsom and Ewell","Lives in a household","Aged 55 to 59 years","Female",2729
"E07000208","Epsom and Ewell","Lives in a household","Aged 60 to 64 years","Female",2234
"E07000208","Epsom and Ewell","Lives in a household","Aged 65 years","Female",364
"E07000208","Epsom and Ewell","Lives in a household","Aged 66 to 69 years","Female",1546
"E07000208","Epsom and Ewell","Lives in a household","Aged 70 to 74 years","Female",2071
"E07000208","Epsom and Ewell","Lives in a household","Aged 75 to 79 years","Female",1586
"E07000208","Epsom and Ewell","Lives in a household","Aged 80 to 84 years","Female",1146
"E07000208","Epsom and Ewell","Lives in a household","Aged 85 years and over","Female",1205
"E07000209","Guildford","Lives in a household","Total","Female",68944
"E07000209","Guildford","Lives in a household","Aged 2 years and under","Female",1904
"E07000209","Guildford","Lives in a household","Aged 3 to 4 years","Female",1368
"E07000209","Guildford","Lives in a household","Aged 5 to 7 years","Female",2187
"E07000209","Guildford","Lives in a household","Aged 8 to 9 years","Female",1588
"E07000209","Guildford","Lives in a household","Aged 10 to 14 years","Female",3967
"E07000209","Guildford","Lives in a household","Aged 15 years","Female",794
"E07000209","Guildford","Lives in a household","Aged 16 to 17 years","Female",1552
"E07000209","Guildford","Lives in a household","Aged 18 to 19 years","Female",1439
"E07000209","Guildford","Lives in a household","Aged 20 to 24 years","Female",4989
"E07000209","Guildford","Lives in a household","Aged 25 to 29 years","Female",3952
"E07000209","Guildford","Lives in a household","Aged 30 to 34 years","Female",4321
"E07000209","Guildford","Lives in a household","Aged 35 to 39 years","Female",4421
"E07000209","Guildford","Lives in a household","Aged 40 to 44 years","Female",4641
"E07000209","Guildford","Lives in a household","Aged 45 to 49 years","Female",4877
"E07000209","Guildford","Lives in a household","Aged 50 to 54 years","Female",4831
"E07000209","Guildford","Lives in a household","Aged 55 to 59 years","Female",4891
"E07000209","Guildford","Lives in a household","Aged 60 to 64 years","Female",3953
"E07000209","Guildford","Lives in a household","Aged 65 years","Female",695
"E07000209","Guildford","Lives in a household","Aged 66 to 69 years","Female",2556
"E07000209","Guildford","Lives in a household","Aged 70 to 74 years","Female",3460
"E07000209","Guildford","Lives in a household","Aged 75 to 79 years","Female",2546
"E07000209","Guildford","Lives in a household","Aged 80 to 84 years","Female",1933
"E07000209","Guildford","Lives in a household","Aged 85 years and over","Female",2079
"E07000210","Mole Valley","Lives in a household","Total","Female",44179
"E07000210","Mole Valley","Lives in a household","Aged 2 years and under","Female",1154
"E07000210","Mole Valley","Lives in a household","Aged 3 to 4 years","Female",853
"E07000210","Mole Valley","Lives in a household","Aged 5 to 7 years","Female",1338
"E07000210","Mole Valley","Lives in a household","Aged 8 to 9 years","Female",961
"E07000210","Mole Valley","Lives in a household","Aged 10 to 14 years","Female",2554
"E07000210","Mole Valley","Lives in a household","Aged 15 years","Female",517
"E07000210","Mole Valley","Lives in a household","Aged 16 to 17 years","Female",1059
"E07000210","Mole Valley","Lives in a household","Aged 18 to 19 years","Female",664
"E07000210","Mole Valley","Lives in a household","Aged 20 to 24 years","Female",1706
"E07000210","Mole Valley","Lives in a household","Aged 25 to 29 years","Female",1971
"E07000210","Mole Valley","Lives in a household","Aged 30 to 34 years","Female",2137
"E07000210","Mole Valley","Lives in a household","Aged 35 to 39 years","Female",2482
"E07000210","Mole Valley","Lives in a household","Aged 40 to 44 years","Female",2857
"E07000210","Mole Valley","Lives in a household","Aged 45 to 49 years","Female",3143
"E07000210","Mole Valley","Lives in a household","Aged 50 to 54 years","Female",3448
"E07000210","Mole Valley","Lives in a household","Aged 55 to 59 years","Female",3527
"E07000210","Mole Valley","Lives in a household","Aged 60 to 64 years","Female",2942
"E07000210","Mole Valley","Lives in a household","Aged 65 years","Female",558
"E07000210","Mole Valley","Lives in a household","Aged 66 to 69 years","Female",2073
"E07000210","Mole Valley","Lives in a household","Aged 70 to 74 years","Female",2674
"E07000210","Mole Valley","Lives in a household","Aged 75 to 79 years","Female",2196
"E07000210","Mole Valley","Lives in a household","Aged 80 to 84 years","Female",1632
"E07000210","Mole Valley","Lives in a household","Aged 85 years and over","Female",1733
"E07000211","Reigate and Banstead","Lives in a household","Total","Female",75601
"E07000211","Reigate and Banstead","Lives in a household","Aged 2 years and under","Female",2587
"E07000211","Reigate and Banstead","Lives in a household","Aged 3 to 4 years","Female",1891
"E07000211","Reigate and Banstead","Lives in a household","Aged 5 to 7 years","Female",2918
"E07000211","Reigate and Banstead","Lives in a household","Aged 8 to 9 years","Female",1979
"E07000211","Reigate and Banstead","Lives in a household","Aged 10 to 14 years","Female",4724
"E07000211","Reigate and Banstead","Lives in a household","Aged 15 years","Female",852
"E07000211","Reigate and Banstead","Lives in a household","Aged 16 to 17 years","Female",1644
"E07000211","Reigate and Banstead","Lives in a household","Aged 18 to 19 years","Female",1160
"E07000211","Reigate and Banstead","Lives in a household","Aged 20 to 24 years","Female",3105
"E07000211","Reigate and Banstead","Lives in a household","Aged 25 to 29 years","Female",4242
"E07000211","Reigate and Banstead","Lives in a household","Aged 30 to 34 years","Female",5393
"E07000211","Reigate and Banstead","Lives in a household","Aged 35 to 39 years","Female",5613
"E07000211","Reigate and Banstead","Lives in a household","Aged 40 to 44 years","Female",5609
"E07000211","Reigate and Banstead","Lives in a household","Aged 45 to 49 years","Female",5322
"E07000211","Reigate and Banstead","Lives in a household","Aged 50 to 54 years","Female",5340
"E07000211","Reigate and Banstead","Lives in a household","Aged 55 to 59 years","Female",5230
"E07000211","Reigate and Banstead","Lives in a household","Aged 60 to 64 years","Female",4184
"E07000211","Reigate and Banstead","Lives in a household","Aged 65 years","Female",677
"E07000211","Reigate and Banstead","Lives in a household","Aged 66 to 69 years","Female",2753
"E07000211","Reigate and Banstead","Lives in a household","Aged 70 to 74 years","Female",3671
"E07000211","Reigate and Banstead","Lives in a household","Aged 75 to 79 years","Female",2668
"E07000211","Reigate and Banstead","Lives in a household","Aged 80 to 84 years","Female",1941
"E07000211","Reigate and Banstead","Lives in a household","Aged 85 years and over","Female",2098
"E07000212","Runnymede","Lives in a household","Total","Female",43351
"E07000212","Runnymede","Lives in a household","Aged 2 years and under","Female",1401
"E07000212","Runnymede","Lives in a household","Aged 3 to 4 years","Female",967
"E07000212","Runnymede","Lives in a household","Aged 5 to 7 years","Female",1451
"E07000212","Runnymede","Lives in a household","Aged 8 to 9 years","Female",936
"E07000212","Runnymede","Lives in a household","Aged 10 to 14 years","Female",2351
"E07000212","Runnymede","Lives in a household","Aged 15 years","Female",462
"E07000212","Runnymede","Lives in a household","Aged 16 to 17 years","Female",821
"E07000212","Runnymede","Lives in a household","Aged 18 to 19 years","Female",940
"E07000212","Runnymede","Lives in a household","Aged 20 to 24 years","Female",3376
"E07000212","Runnymede","Lives in a household","Aged 25 to 29 years","Female",2522
"E07000212","Runnymede","Lives in a household","Aged 30 to 34 years","Female",2934
"E07000212","Runnymede","Lives in a household","Aged 35 to 39 years","Female",2963
"E07000212","Runnymede","Lives in a household","Aged 40 to 44 years","Female",2917
"E07000212","Runnymede","Lives in a household","Aged 45 to 49 years","Female",3066
"E07000212","Runnymede","Lives in a household","Aged 50 to 54 years","Female",3027
"E07000212","Runnymede","Lives in a household","Aged 55 to 59 years","Female",2915
"E07000212","Runnymede","Lives in a household","Aged 60 to 64 years","Female",2369
"E07000212","Runnymede","Lives in a household","Aged 65 years","Female",397
"E07000212","Runnymede","Lives in a household","Aged 66 to 69 years","Female",1527
"E07000212","Runnymede","Lives in a household","Aged 70 to 74 years","Female",1988
"E07000212","Runnymede","Lives in a household","Aged 75 to 79 years","Female",1533
"E07000212","Runnymede","Lives in a household","Aged 80 to 84 years","Female",1186
"E07000212","Runnymede","Lives in a household","Aged 85 years and over","Female",1302
"E07000213","Spelthorne","Lives in a household","Total","Female",51768
"E07000213","Spelthorne","Lives in a household","Aged 2 years and under","Female",1770
"E07000213","Spelthorne","Lives in a household","Aged 3 to 4 years","Female",1166
"E07000213","Spelthorne","Lives in a household","Aged 5 to 7 years","Female",1893
"E07000213","Spelthorne","Lives in a household","Aged 8 to 9 years","Female",1239
"E07000213","Spelthorne","Lives in a household","Aged 10 to 14 years","Female",2919
"E07000213","Spelthorne","Lives in a household","Aged 15 years","Female",541
"E07000213","Spelthorne","Lives in a household","Aged 16 to 17 years","Female",1068
"E07000213","Spelthorne","Lives in a household","Aged 18 to 19 years","Female",788
"E07000213","Spelthorne","Lives in a household","Aged 20 to 24 years","Female",2411
"E07000213","Spelthorne","Lives in a household","Aged 25 to 29 years","Female",3056
"E07000213","Spelthorne","Lives in a household","Aged 30 to 34 years","Female",3828
"E07000213","Spelthorne","Lives in a household","Aged 35 to 39 years","Female",3812
"E07000213","Spelthorne","Lives in a household","Aged 40 to 44 years","Female",3779
"E07000213","Spelthorne","Lives in a household","Aged 45 to 49 years","Female",3486
"E07000213","Spelthorne","Lives in a household","Aged 50 to 54 years","Female",3740
"E07000213","Spelthorne","Lives in a household","Aged 55 to 59 years","Female",3578
"E07000213","Spelthorne","Lives in a household","Aged 60 to 64 years","Female",2849
"E07000213","Spelthorne","Lives in a household","Aged 65 years","Female",475
"E07000213","Spelthorne","Lives in a household","Aged 66 to 69 years","Female",1861
"E07000213","Spelthorne","Lives in a household","Aged 70 to 74 years","Female",2449
"E07000213","Spelthorne","Lives in a household","Aged 75 to 79 years","Female",1981
"E07000213","Spelthorne","Lives in a household","Aged 80 to 84 years","Female",1516
"E07000213","Spelthorne","Lives in a household","Aged 85 years and over","Female",1563
"E07000214","Surrey Heath","Lives in a household","Total","Female",45315
"E07000214","Surrey Heath","Lives in a household","Aged 2 years and under","Female",1259
"E07000214","Surrey Heath","Lives in a household","Aged 3 to 4 years","Female",899
"E07000214","Surrey Heath","Lives in a household","Aged 5 to 7 years","Female",1471
"E07000214","Surrey Heath","Lives in a household","Aged 8 to 9 years","Female",1101
"E07000214","Surrey Heath","Lives in a household","Aged 10 to 14 years","Female",2803
"E07000214","Surrey Heath","Lives in a household","Aged 15 years","Female",510
"E07000214","Surrey Heath","Lives in a household","Aged 16 to 17 years","Female",1045
"E07000214","Surrey Heath","Lives in a household","Aged 18 to 19 years","Female",689
"E07000214","Surrey Heath","Lives in a household","Aged 20 to 24 years","Female",2056
"E07000214","Surrey Heath","Lives in a household","Aged 25 to 29 years","Female",2461
"E07000214","Surrey Heath","Lives in a household","Aged 30 to 34 years","Female",2752
"E07000214","Surrey Heath","Lives in a household","Aged 35 to 39 years","Female",2972
"E07000214","Surrey Heath","Lives in a household","Aged 40 to 44 years","Female",3065
"E07000214","Surrey Heath","Lives in a household","Aged 45 to 49 years","Female",3408
"E07000214","Surrey Heath","Lives in a household","Aged 50 to 54 years","Female",3564
"E07000214","Surrey Heath","Lives in a household","Aged 55 to 59 years","Female",3323
"E07000214","Surrey Heath","Lives in a household","Aged 60 to 64 years","Female",2731
"E07000214","Surrey Heath","Lives in a household","Aged 65 years","Female",473
"E07000214","Surrey Heath","Lives in a household","Aged 66 to 69 years","Female",1785
"E07000214","Surrey Heath","Lives in a household","Aged 70 to 74 years","Female",2392
"E07000214","Surrey Heath","Lives in a household","Aged 75 to 79 years","Female",1847
"E07000214","Surrey Heath","Lives in a household","Aged 80 to 84 years","Female",1320
"E07000214","Surrey Heath","Lives in a household","Aged 85 years and over","Female",1389
"E07000215","Tandridge","Lives in a household","Total","Female",44308
"E07000215","Tandridge","Lives in a household","Aged 2 years and under","Female",1407
"E07000215","Tandridge","Lives in a household","Aged 3 to 4 years","Female",997
"E07000215","Tandridge","Lives in a household","Aged 5 to 7 years","Female",1472
"E07000215","Tandridge","Lives in a household","Aged 8 to 9 years","Female",1069
"E07000215","Tandridge","Lives in a household","Aged 10 to 14 years","Female",2632
"E07000215","Tandridge","Lives in a household","Aged 15 years","Female",513
"E07000215","Tandridge","Lives in a household","Aged 16 to 17 years","Female",972
"E07000215","Tandridge","Lives in a household","Aged 18 to 19 years","Female",637
"E07000215","Tandridge","Lives in a household","Aged 20 to 24 years","Female",1864
"E07000215","Tandridge","Lives in a household","Aged 25 to 29 years","Female",2102
"E07000215","Tandridge","Lives in a household","Aged 30 to 34 years","Female",2586
"E07000215","Tandridge","Lives in a household","Aged 35 to 39 years","Female",2958
"E07000215","Tandridge","Lives in a household","Aged 40 to 44 years","Female",2977
"E07000215","Tandridge","Lives in a household","Aged 45 to 49 years","Female",3058
"E07000215","Tandridge","Lives in a household","Aged 50 to 54 years","Female",3433
"E07000215","Tandridge","Lives in a household","Aged 55 to 59 years","Female",3230
"E07000215","Tandridge","Lives in a household","Aged 60 to 64 years","Female",2791
"E07000215","Tandridge","Lives in a household","Aged 65 years","Female",481
"E07000215","Tandridge","Lives in a household","Aged 66 to 69 years","Female",1905
"E07000215","Tandridge","Lives in a household","Aged 70 to 74 years","Female",2474
"E07000215","Tandridge","Lives in a household","Aged 75 to 79 years","Female",1964
"E07000215","Tandridge","Lives in a household","Aged 80 to 84 years","Female",1364
"E07000215","Tandridge","Lives in a household","Aged 85 years and over","Female",1422
"E07000216","Waverley","Lives in a household","Total","Female",64011
"E07000216","Waverley","Lives in a household","Aged 2 years and under","Female",1772
"E07000216","Waverley","Lives in a household","Aged 3 to 4 years","Female",1339
"E07000216","Waverley","Lives in a household","Aged 5 to 7 years","Female",2180
"E07000216","Waverley","Lives in a household","Aged 8 to 9 years","Female",1632
"E07000216","Waverley","Lives in a household","Aged 10 to 14 years","Female",4040
"E07000216","Waverley","Lives in a household","Aged 15 years","Female",726
"E07000216","Waverley","Lives in a household","Aged 16 to 17 years","Female",1481
"E07000216","Waverley","Lives in a household","Aged 18 to 19 years","Female",951
"E07000216","Waverley","Lives in a household","Aged 20 to 24 years","Female",2716
"E07000216","Waverley","Lives in a household","Aged 25 to 29 years","Female",2627
"E07000216","Waverley","Lives in a household","Aged 30 to 34 years","Female",3404
"E07000216","Waverley","Lives in a household","Aged 35 to 39 years","Female",3852
"E07000216","Waverley","Lives in a household","Aged 40 to 44 years","Female",4416
"E07000216","Waverley","Lives in a household","Aged 45 to 49 years","Female",4872
"E07000216","Waverley","Lives in a household","Aged 50 to 54 years","Female",4848
"E07000216","Waverley","Lives in a household","Aged 55 to 59 years","Female",4586
"E07000216","Waverley","Lives in a household","Aged 60 to 64 years","Female",3919
"E07000216","Waverley","Lives in a household","Aged 65 years","Female",675
"E07000216","Waverley","Lives in a household","Aged 66 to 69 years","Female",2672
"E07000216","Waverley","Lives in a household","Aged 70 to 74 years","Female",3733
"E07000216","Waverley","Lives in a household","Aged 75 to 79 years","Female",3005
"E07000216","Waverley","Lives in a household","Aged 80 to 84 years","Female",2117
"E07000216","Waverley","Lives in a household","Aged 85 years and over","Female",2448
"E07000217","Woking","Lives in a household","Total","Female",51881
"E07000217","Woking","Lives in a household","Aged 2 years and under","Female",1787
"E07000217","Woking","Lives in a household","Aged 3 to 4 years","Female",1200
"E07000217","Woking","Lives in a household","Aged 5 to 7 years","Female",1918
"E07000217","Woking","Lives in a household","Aged 8 to 9 years","Female",1346
"E07000217","Woking","Lives in a household","Aged 10 to 14 years","Female",3277
"E07000217","Woking","Lives in a household","Aged 15 years","Female",555
"E07000217","Woking","Lives in a household","Aged 16 to 17 years","Female",1197
"E07000217","Woking","Lives in a household","Aged 18 to 19 years","Female",786
"E07000217","Woking","Lives in a household","Aged 20 to 24 years","Female",2335
"E07000217","Woking","Lives in a household","Aged 25 to 29 years","Female",3174
"E07000217","Woking","Lives in a household","Aged 30 to 34 years","Female",3749
"E07000217","Woking","Lives in a household","Aged 35 to 39 years","Female",4064
"E07000217","Woking","Lives in a household","Aged 40 to 44 years","Female",4109
"E07000217","Woking","Lives in a household","Aged 45 to 49 years","Female",3773
"E07000217","Woking","Lives in a household","Aged 50 to 54 years","Female",3526
"E07000217","Woking","Lives in a household","Aged 55 to 59 years","Female",3392
"E07000217","Woking","Lives in a household","Aged 60 to 64 years","Female",2717
"E07000217","Woking","Lives in a household","Aged 65 years","Female",469
"E07000217","Woking","Lives in a household","Aged 66 to 69 years","Female",1749
"E07000217","Woking","Lives in a household","Aged 70 to 74 years","Female",2323
"E07000217","Woking","Lives in a household","Aged 75 to 79 years","Female",1722
"E07000217","Woking","Lives in a household","Aged 80 to 84 years","Female",1284
"E07000217","Woking","Lives in a household","Aged 85 years and over","Female",1429
"E07000223","Adur","Lives in a household","Total","Female",32906
"E07000223","Adur","Lives in a household","Aged 2 years and under","Female",914
"E07000223","Adur","Lives in a household","Aged 3 to 4 years","Female",679
"E07000223","Adur","Lives in a household","Aged 5 to 7 years","Female",1085
"E07000223","Adur","Lives in a household","Aged 8 to 9 years","Female",783
"E07000223","Adur","Lives in a household","Aged 10 to 14 years","Female",1774
"E07000223","Adur","Lives in a household","Aged 15 years","Female",305
"E07000223","Adur","Lives in a household","Aged 16 to 17 years","Female",620
"E07000223","Adur","Lives in a household","Aged 18 to 19 years","Female",488
"E07000223","Adur","Lives in a household","Aged 20 to 24 years","Female",1243
"E07000223","Adur","Lives in a household","Aged 25 to 29 years","Female",1616
"E07000223","Adur","Lives in a household","Aged 30 to 34 years","Female",1932
"E07000223","Adur","Lives in a household","Aged 35 to 39 years","Female",2066
"E07000223","Adur","Lives in a household","Aged 40 to 44 years","Female",2143
"E07000223","Adur","Lives in a household","Aged 45 to 49 years","Female",2297
"E07000223","Adur","Lives in a household","Aged 50 to 54 years","Female",2389
"E07000223","Adur","Lives in a household","Aged 55 to 59 years","Female",2240
"E07000223","Adur","Lives in a household","Aged 60 to 64 years","Female",2049
"E07000223","Adur","Lives in a household","Aged 65 years","Female",370
"E07000223","Adur","Lives in a household","Aged 66 to 69 years","Female",1521
"E07000223","Adur","Lives in a household","Aged 70 to 74 years","Female",2235
"E07000223","Adur","Lives in a household","Aged 75 to 79 years","Female",1660
"E07000223","Adur","Lives in a household","Aged 80 to 84 years","Female",1280
"E07000223","Adur","Lives in a household","Aged 85 years and over","Female",1217
"E07000224","Arun","Lives in a household","Total","Female",83748
"E07000224","Arun","Lives in a household","Aged 2 years and under","Female",2117
"E07000224","Arun","Lives in a household","Aged 3 to 4 years","Female",1457
"E07000224","Arun","Lives in a household","Aged 5 to 7 years","Female",2348
"E07000224","Arun","Lives in a household","Aged 8 to 9 years","Female",1681
"E07000224","Arun","Lives in a household","Aged 10 to 14 years","Female",3958
"E07000224","Arun","Lives in a household","Aged 15 years","Female",729
"E07000224","Arun","Lives in a household","Aged 16 to 17 years","Female",1488
"E07000224","Arun","Lives in a household","Aged 18 to 19 years","Female",1343
"E07000224","Arun","Lives in a household","Aged 20 to 24 years","Female",3613
"E07000224","Arun","Lives in a household","Aged 25 to 29 years","Female",4173
"E07000224","Arun","Lives in a household","Aged 30 to 34 years","Female",4707
"E07000224","Arun","Lives in a household","Aged 35 to 39 years","Female",4447
"E07000224","Arun","Lives in a household","Aged 40 to 44 years","Female",4410
"E07000224","Arun","Lives in a household","Aged 45 to 49 years","Female",4895
"E07000224","Arun","Lives in a household","Aged 50 to 54 years","Female",5775
"E07000224","Arun","Lives in a household","Aged 55 to 59 years","Female",6170
"E07000224","Arun","Lives in a household","Aged 60 to 64 years","Female",5797
"E07000224","Arun","Lives in a household","Aged 65 years","Female",1091
"E07000224","Arun","Lives in a household","Aged 66 to 69 years","Female",4530
"E07000224","Arun","Lives in a household","Aged 70 to 74 years","Female",6666
"E07000224","Arun","Lives in a household","Aged 75 to 79 years","Female",5093
"E07000224","Arun","Lives in a household","Aged 80 to 84 years","Female",3625
"E07000224","Arun","Lives in a household","Aged 85 years and over","Female",3635
"E07000225","Chichester","Lives in a household","Total","Female",62682
"E07000225","Chichester","Lives in a household","Aged 2 years and under","Female",1533
"E07000225","Chichester","Lives in a household","Aged 3 to 4 years","Female",1092
"E07000225","Chichester","Lives in a household","Aged 5 to 7 years","Female",1757
"E07000225","Chichester","Lives in a household","Aged 8 to 9 years","Female",1211
"E07000225","Chichester","Lives in a household","Aged 10 to 14 years","Female",3154
"E07000225","Chichester","Lives in a household","Aged 15 years","Female",623
"E07000225","Chichester","Lives in a household","Aged 16 to 17 years","Female",1110
"E07000225","Chichester","Lives in a household","Aged 18 to 19 years","Female",998
"E07000225","Chichester","Lives in a household","Aged 20 to 24 years","Female",3062
"E07000225","Chichester","Lives in a household","Aged 25 to 29 years","Female",2937
"E07000225","Chichester","Lives in a household","Aged 30 to 34 years","Female",3244
"E07000225","Chichester","Lives in a household","Aged 35 to 39 years","Female",3161
"E07000225","Chichester","Lives in a household","Aged 40 to 44 years","Female",3369
"E07000225","Chichester","Lives in a household","Aged 45 to 49 years","Female",3751
"E07000225","Chichester","Lives in a household","Aged 50 to 54 years","Female",4409
"E07000225","Chichester","Lives in a household","Aged 55 to 59 years","Female",4898
"E07000225","Chichester","Lives in a household","Aged 60 to 64 years","Female",4681
"E07000225","Chichester","Lives in a household","Aged 65 years","Female",828
"E07000225","Chichester","Lives in a household","Aged 66 to 69 years","Female",3243
"E07000225","Chichester","Lives in a household","Aged 70 to 74 years","Female",4720
"E07000225","Chichester","Lives in a household","Aged 75 to 79 years","Female",3616
"E07000225","Chichester","Lives in a household","Aged 80 to 84 years","Female",2606
"E07000225","Chichester","Lives in a household","Aged 85 years and over","Female",2679
"E07000226","Crawley","Lives in a household","Total","Female",59223
"E07000226","Crawley","Lives in a household","Aged 2 years and under","Female",2197
"E07000226","Crawley","Lives in a household","Aged 3 to 4 years","Female",1497
"E07000226","Crawley","Lives in a household","Aged 5 to 7 years","Female",2291
"E07000226","Crawley","Lives in a household","Aged 8 to 9 years","Female",1545
"E07000226","Crawley","Lives in a household","Aged 10 to 14 years","Female",3781
"E07000226","Crawley","Lives in a household","Aged 15 years","Female",656
"E07000226","Crawley","Lives in a household","Aged 16 to 17 years","Female",1362
"E07000226","Crawley","Lives in a household","Aged 18 to 19 years","Female",1030
"E07000226","Crawley","Lives in a household","Aged 20 to 24 years","Female",3227
"E07000226","Crawley","Lives in a household","Aged 25 to 29 years","Female",4399
"E07000226","Crawley","Lives in a household","Aged 30 to 34 years","Female",5129
"E07000226","Crawley","Lives in a household","Aged 35 to 39 years","Female",4921
"E07000226","Crawley","Lives in a household","Aged 40 to 44 years","Female",4485
"E07000226","Crawley","Lives in a household","Aged 45 to 49 years","Female",3800
"E07000226","Crawley","Lives in a household","Aged 50 to 54 years","Female",3801
"E07000226","Crawley","Lives in a household","Aged 55 to 59 years","Female",3529
"E07000226","Crawley","Lives in a household","Aged 60 to 64 years","Female",3057
"E07000226","Crawley","Lives in a household","Aged 65 years","Female",533
"E07000226","Crawley","Lives in a household","Aged 66 to 69 years","Female",1854
"E07000226","Crawley","Lives in a household","Aged 70 to 74 years","Female",2259
"E07000226","Crawley","Lives in a household","Aged 75 to 79 years","Female",1403
"E07000226","Crawley","Lives in a household","Aged 80 to 84 years","Female",1101
"E07000226","Crawley","Lives in a household","Aged 85 years and over","Female",1366
"E07000227","Horsham","Lives in a household","Total","Female",73738
"E07000227","Horsham","Lives in a household","Aged 2 years and under","Female",2068
"E07000227","Horsham","Lives in a household","Aged 3 to 4 years","Female",1497
"E07000227","Horsham","Lives in a household","Aged 5 to 7 years","Female",2232
"E07000227","Horsham","Lives in a household","Aged 8 to 9 years","Female",1631
"E07000227","Horsham","Lives in a household","Aged 10 to 14 years","Female",4088
"E07000227","Horsham","Lives in a household","Aged 15 years","Female",797
"E07000227","Horsham","Lives in a household","Aged 16 to 17 years","Female",1579
"E07000227","Horsham","Lives in a household","Aged 18 to 19 years","Female",1105
"E07000227","Horsham","Lives in a household","Aged 20 to 24 years","Female",2948
"E07000227","Horsham","Lives in a household","Aged 25 to 29 years","Female",3798
"E07000227","Horsham","Lives in a household","Aged 30 to 34 years","Female",4241
"E07000227","Horsham","Lives in a household","Aged 35 to 39 years","Female",4407
"E07000227","Horsham","Lives in a household","Aged 40 to 44 years","Female",4629
"E07000227","Horsham","Lives in a household","Aged 45 to 49 years","Female",4936
"E07000227","Horsham","Lives in a household","Aged 50 to 54 years","Female",5624
"E07000227","Horsham","Lives in a household","Aged 55 to 59 years","Female",5719
"E07000227","Horsham","Lives in a household","Aged 60 to 64 years","Female",4869
"E07000227","Horsham","Lives in a household","Aged 65 years","Female",887
"E07000227","Horsham","Lives in a household","Aged 66 to 69 years","Female",3403
"E07000227","Horsham","Lives in a household","Aged 70 to 74 years","Female",4622
"E07000227","Horsham","Lives in a household","Aged 75 to 79 years","Female",3590
"E07000227","Horsham","Lives in a household","Aged 80 to 84 years","Female",2487
"E07000227","Horsham","Lives in a household","Aged 85 years and over","Female",2581
"E07000228","Mid Sussex","Lives in a household","Total","Female",77331
"E07000228","Mid Sussex","Lives in a household","Aged 2 years and under","Female",2331
"E07000228","Mid Sussex","Lives in a household","Aged 3 to 4 years","Female",1759
"E07000228","Mid Sussex","Lives in a household","Aged 5 to 7 years","Female",2695
"E07000228","Mid Sussex","Lives in a household","Aged 8 to 9 years","Female",1875
"E07000228","Mid Sussex","Lives in a household","Aged 10 to 14 years","Female",4700
"E07000228","Mid Sussex","Lives in a household","Aged 15 years","Female",829
"E07000228","Mid Sussex","Lives in a household","Aged 16 to 17 years","Female",1693
"E07000228","Mid Sussex","Lives in a household","Aged 18 to 19 years","Female",1127
"E07000228","Mid Sussex","Lives in a household","Aged 20 to 24 years","Female",2994
"E07000228","Mid Sussex","Lives in a household","Aged 25 to 29 years","Female",3912
"E07000228","Mid Sussex","Lives in a household","Aged 30 to 34 years","Female",4810
"E07000228","Mid Sussex","Lives in a household","Aged 35 to 39 years","Female",5148
"E07000228","Mid Sussex","Lives in a household","Aged 40 to 44 years","Female",5372
"E07000228","Mid Sussex","Lives in a household","Aged 45 to 49 years","Female",5622
"E07000228","Mid Sussex","Lives in a household","Aged 50 to 54 years","Female",5765
"E07000228","Mid Sussex","Lives in a household","Aged 55 to 59 years","Female",5442
"E07000228","Mid Sussex","Lives in a household","Aged 60 to 64 years","Female",4543
"E07000228","Mid Sussex","Lives in a household","Aged 65 years","Female",876
"E07000228","Mid Sussex","Lives in a household","Aged 66 to 69 years","Female",3247
"E07000228","Mid Sussex","Lives in a household","Aged 70 to 74 years","Female",4381
"E07000228","Mid Sussex","Lives in a household","Aged 75 to 79 years","Female",3421
"E07000228","Mid Sussex","Lives in a household","Aged 80 to 84 years","Female",2327
"E07000228","Mid Sussex","Lives in a household","Aged 85 years and over","Female",2462
"E07000229","Worthing","Lives in a household","Total","Female",56491
"E07000229","Worthing","Lives in a household","Aged 2 years and under","Female",1569
"E07000229","Worthing","Lives in a household","Aged 3 to 4 years","Female",1079
"E07000229","Worthing","Lives in a household","Aged 5 to 7 years","Female",1776
"E07000229","Worthing","Lives in a household","Aged 8 to 9 years","Female",1230
"E07000229","Worthing","Lives in a household","Aged 10 to 14 years","Female",3043
"E07000229","Worthing","Lives in a household","Aged 15 years","Female",537
"E07000229","Worthing","Lives in a household","Aged 16 to 17 years","Female",1080
"E07000229","Worthing","Lives in a household","Aged 18 to 19 years","Female",899
"E07000229","Worthing","Lives in a household","Aged 20 to 24 years","Female",2591
"E07000229","Worthing","Lives in a household","Aged 25 to 29 years","Female",3179
"E07000229","Worthing","Lives in a household","Aged 30 to 34 years","Female",3667
"E07000229","Worthing","Lives in a household","Aged 35 to 39 years","Female",3623
"E07000229","Worthing","Lives in a household","Aged 40 to 44 years","Female",3676
"E07000229","Worthing","Lives in a household","Aged 45 to 49 years","Female",3809
"E07000229","Worthing","Lives in a household","Aged 50 to 54 years","Female",4136
"E07000229","Worthing","Lives in a household","Aged 55 to 59 years","Female",4045
"E07000229","Worthing","Lives in a household","Aged 60 to 64 years","Female",3378
"E07000229","Worthing","Lives in a household","Aged 65 years","Female",599
"E07000229","Worthing","Lives in a household","Aged 66 to 69 years","Female",2462
"E07000229","Worthing","Lives in a household","Aged 70 to 74 years","Female",3495
"E07000229","Worthing","Lives in a household","Aged 75 to 79 years","Female",2585
"E07000229","Worthing","Lives in a household","Aged 80 to 84 years","Female",1970
"E07000229","Worthing","Lives in a household","Aged 85 years and over","Female",2063
"E06000022","Bath and North East Somerset","Lives in a household","Total","Female",94665
"E06000022","Bath and North East Somerset","Lives in a household","Aged 2 years and under","Female",2484
"E06000022","Bath and North East Somerset","Lives in a household","Aged 3 to 4 years","Female",1832
"E06000022","Bath and North East Somerset","Lives in a household","Aged 5 to 7 years","Female",2837
"E06000022","Bath and North East Somerset","Lives in a household","Aged 8 to 9 years","Female",2032
"E06000022","Bath and North East Somerset","Lives in a household","Aged 10 to 14 years","Female",5050
"E06000022","Bath and North East Somerset","Lives in a household","Aged 15 years","Female",989
"E06000022","Bath and North East Somerset","Lives in a household","Aged 16 to 17 years","Female",1843
"E06000022","Bath and North East Somerset","Lives in a household","Aged 18 to 19 years","Female",2274
"E06000022","Bath and North East Somerset","Lives in a household","Aged 20 to 24 years","Female",8302
"E06000022","Bath and North East Somerset","Lives in a household","Aged 25 to 29 years","Female",5736
"E06000022","Bath and North East Somerset","Lives in a household","Aged 30 to 34 years","Female",6034
"E06000022","Bath and North East Somerset","Lives in a household","Aged 35 to 39 years","Female",5502
"E06000022","Bath and North East Somerset","Lives in a household","Aged 40 to 44 years","Female",5475
"E06000022","Bath and North East Somerset","Lives in a household","Aged 45 to 49 years","Female",5987
"E06000022","Bath and North East Somerset","Lives in a household","Aged 50 to 54 years","Female",6519
"E06000022","Bath and North East Somerset","Lives in a household","Aged 55 to 59 years","Female",6470
"E06000022","Bath and North East Somerset","Lives in a household","Aged 60 to 64 years","Female",5485
"E06000022","Bath and North East Somerset","Lives in a household","Aged 65 years","Female",1033
"E06000022","Bath and North East Somerset","Lives in a household","Aged 66 to 69 years","Female",3882
"E06000022","Bath and North East Somerset","Lives in a household","Aged 70 to 74 years","Female",5096
"E06000022","Bath and North East Somerset","Lives in a household","Aged 75 to 79 years","Female",3919
"E06000022","Bath and North East Somerset","Lives in a household","Aged 80 to 84 years","Female",2912
"E06000022","Bath and North East Somerset","Lives in a household","Aged 85 years and over","Female",2972
"E06000023","Bristol, City of","Lives in a household","Total","Female",230345
"E06000023","Bristol, City of","Lives in a household","Aged 2 years and under","Female",7574
"E06000023","Bristol, City of","Lives in a household","Aged 3 to 4 years","Female",4982
"E06000023","Bristol, City of","Lives in a household","Aged 5 to 7 years","Female",7869
"E06000023","Bristol, City of","Lives in a household","Aged 8 to 9 years","Female",5290
"E06000023","Bristol, City of","Lives in a household","Aged 10 to 14 years","Female",12490
"E06000023","Bristol, City of","Lives in a household","Aged 15 years","Female",2226
"E06000023","Bristol, City of","Lives in a household","Aged 16 to 17 years","Female",4317
"E06000023","Bristol, City of","Lives in a household","Aged 18 to 19 years","Female",4605
"E06000023","Bristol, City of","Lives in a household","Aged 20 to 24 years","Female",22096
"E06000023","Bristol, City of","Lives in a household","Aged 25 to 29 years","Female",21936
"E06000023","Bristol, City of","Lives in a household","Aged 30 to 34 years","Female",22008
"E06000023","Bristol, City of","Lives in a household","Aged 35 to 39 years","Female",18684
"E06000023","Bristol, City of","Lives in a household","Aged 40 to 44 years","Female",15462
"E06000023","Bristol, City of","Lives in a household","Aged 45 to 49 years","Female",13456
"E06000023","Bristol, City of","Lives in a household","Aged 50 to 54 years","Female",12914
"E06000023","Bristol, City of","Lives in a household","Aged 55 to 59 years","Female",12497
"E06000023","Bristol, City of","Lives in a household","Aged 60 to 64 years","Female",10299
"E06000023","Bristol, City of","Lives in a household","Aged 65 years","Female",1804
"E06000023","Bristol, City of","Lives in a household","Aged 66 to 69 years","Female",6735
"E06000023","Bristol, City of","Lives in a household","Aged 70 to 74 years","Female",8151
"E06000023","Bristol, City of","Lives in a household","Aged 75 to 79 years","Female",5929
"E06000023","Bristol, City of","Lives in a household","Aged 80 to 84 years","Female",4395
"E06000023","Bristol, City of","Lives in a household","Aged 85 years and over","Female",4626
"E06000024","North Somerset","Lives in a household","Total","Female",109942
"E06000024","North Somerset","Lives in a household","Aged 2 years and under","Female",3036
"E06000024","North Somerset","Lives in a household","Aged 3 to 4 years","Female",2178
"E06000024","North Somerset","Lives in a household","Aged 5 to 7 years","Female",3455
"E06000024","North Somerset","Lives in a household","Aged 8 to 9 years","Female",2481
"E06000024","North Somerset","Lives in a household","Aged 10 to 14 years","Female",6165
"E06000024","North Somerset","Lives in a household","Aged 15 years","Female",1175
"E06000024","North Somerset","Lives in a household","Aged 16 to 17 years","Female",2287
"E06000024","North Somerset","Lives in a household","Aged 18 to 19 years","Female",1761
"E06000024","North Somerset","Lives in a household","Aged 20 to 24 years","Female",4816
"E06000024","North Somerset","Lives in a household","Aged 25 to 29 years","Female",5518
"E06000024","North Somerset","Lives in a household","Aged 30 to 34 years","Female",6400
"E06000024","North Somerset","Lives in a household","Aged 35 to 39 years","Female",6758
"E06000024","North Somerset","Lives in a household","Aged 40 to 44 years","Female",6948
"E06000024","North Somerset","Lives in a household","Aged 45 to 49 years","Female",7099
"E06000024","North Somerset","Lives in a household","Aged 50 to 54 years","Female",7854
"E06000024","North Somerset","Lives in a household","Aged 55 to 59 years","Female",7901
"E06000024","North Somerset","Lives in a household","Aged 60 to 64 years","Female",6988
"E06000024","North Somerset","Lives in a household","Aged 65 years","Female",1314
"E06000024","North Somerset","Lives in a household","Aged 66 to 69 years","Female",5201
"E06000024","North Somerset","Lives in a household","Aged 70 to 74 years","Female",7257
"E06000024","North Somerset","Lives in a household","Aged 75 to 79 years","Female",5648
"E06000024","North Somerset","Lives in a household","Aged 80 to 84 years","Female",3835
"E06000024","North Somerset","Lives in a household","Aged 85 years and over","Female",3867
"E06000025","South Gloucestershire","Lives in a household","Total","Female",144224
"E06000025","South Gloucestershire","Lives in a household","Aged 2 years and under","Female",4628
"E06000025","South Gloucestershire","Lives in a household","Aged 3 to 4 years","Female",3162
"E06000025","South Gloucestershire","Lives in a household","Aged 5 to 7 years","Female",4943
"E06000025","South Gloucestershire","Lives in a household","Aged 8 to 9 years","Female",3421
"E06000025","South Gloucestershire","Lives in a household","Aged 10 to 14 years","Female",8158
"E06000025","South Gloucestershire","Lives in a household","Aged 15 years","Female",1508
"E06000025","South Gloucestershire","Lives in a household","Aged 16 to 17 years","Female",2988
"E06000025","South Gloucestershire","Lives in a household","Aged 18 to 19 years","Female",2591
"E06000025","South Gloucestershire","Lives in a household","Aged 20 to 24 years","Female",8185
"E06000025","South Gloucestershire","Lives in a household","Aged 25 to 29 years","Female",9693
"E06000025","South Gloucestershire","Lives in a household","Aged 30 to 34 years","Female",10391
"E06000025","South Gloucestershire","Lives in a household","Aged 35 to 39 years","Female",9899
"E06000025","South Gloucestershire","Lives in a household","Aged 40 to 44 years","Female",9071
"E06000025","South Gloucestershire","Lives in a household","Aged 45 to 49 years","Female",9022
"E06000025","South Gloucestershire","Lives in a household","Aged 50 to 54 years","Female",10261
"E06000025","South Gloucestershire","Lives in a household","Aged 55 to 59 years","Female",9932
"E06000025","South Gloucestershire","Lives in a household","Aged 60 to 64 years","Female",7998
"E06000025","South Gloucestershire","Lives in a household","Aged 65 years","Female",1405
"E06000025","South Gloucestershire","Lives in a household","Aged 66 to 69 years","Female",5496
"E06000025","South Gloucestershire","Lives in a household","Aged 70 to 74 years","Female",7355
"E06000025","South Gloucestershire","Lives in a household","Aged 75 to 79 years","Female",5927
"E06000025","South Gloucestershire","Lives in a household","Aged 80 to 84 years","Female",4168
"E06000025","South Gloucestershire","Lives in a household","Aged 85 years and over","Female",4022
"E06000026","Plymouth","Lives in a household","Total","Female",130850
"E06000026","Plymouth","Lives in a household","Aged 2 years and under","Female",3806
"E06000026","Plymouth","Lives in a household","Aged 3 to 4 years","Female",2567
"E06000026","Plymouth","Lives in a household","Aged 5 to 7 years","Female",4229
"E06000026","Plymouth","Lives in a household","Aged 8 to 9 years","Female",3126
"E06000026","Plymouth","Lives in a household","Aged 10 to 14 years","Female",7397
"E06000026","Plymouth","Lives in a household","Aged 15 years","Female",1261
"E06000026","Plymouth","Lives in a household","Aged 16 to 17 years","Female",2715
"E06000026","Plymouth","Lives in a household","Aged 18 to 19 years","Female",2630
"E06000026","Plymouth","Lives in a household","Aged 20 to 24 years","Female",9746
"E06000026","Plymouth","Lives in a household","Aged 25 to 29 years","Female",8847
"E06000026","Plymouth","Lives in a household","Aged 30 to 34 years","Female",9280
"E06000026","Plymouth","Lives in a household","Aged 35 to 39 years","Female",8680
"E06000026","Plymouth","Lives in a household","Aged 40 to 44 years","Female",7756
"E06000026","Plymouth","Lives in a household","Aged 45 to 49 years","Female",7974
"E06000026","Plymouth","Lives in a household","Aged 50 to 54 years","Female",8935
"E06000026","Plymouth","Lives in a household","Aged 55 to 59 years","Female",8648
"E06000026","Plymouth","Lives in a household","Aged 60 to 64 years","Female",7735
"E06000026","Plymouth","Lives in a household","Aged 65 years","Female",1333
"E06000026","Plymouth","Lives in a household","Aged 66 to 69 years","Female",5227
"E06000026","Plymouth","Lives in a household","Aged 70 to 74 years","Female",6797
"E06000026","Plymouth","Lives in a household","Aged 75 to 79 years","Female",5091
"E06000026","Plymouth","Lives in a household","Aged 80 to 84 years","Female",3641
"E06000026","Plymouth","Lives in a household","Aged 85 years and over","Female",3429
"E06000027","Torbay","Lives in a household","Total","Female",70275
"E06000027","Torbay","Lives in a household","Aged 2 years and under","Female",1668
"E06000027","Torbay","Lives in a household","Aged 3 to 4 years","Female",1293
"E06000027","Torbay","Lives in a household","Aged 5 to 7 years","Female",2126
"E06000027","Torbay","Lives in a household","Aged 8 to 9 years","Female",1456
"E06000027","Torbay","Lives in a household","Aged 10 to 14 years","Female",3663
"E06000027","Torbay","Lives in a household","Aged 15 years","Female",661
"E06000027","Torbay","Lives in a household","Aged 16 to 17 years","Female",1457
"E06000027","Torbay","Lives in a household","Aged 18 to 19 years","Female",1082
"E06000027","Torbay","Lives in a household","Aged 20 to 24 years","Female",3029
"E06000027","Torbay","Lives in a household","Aged 25 to 29 years","Female",3665
"E06000027","Torbay","Lives in a household","Aged 30 to 34 years","Female",3904
"E06000027","Torbay","Lives in a household","Aged 35 to 39 years","Female",3741
"E06000027","Torbay","Lives in a household","Aged 40 to 44 years","Female",3776
"E06000027","Torbay","Lives in a household","Aged 45 to 49 years","Female",4129
"E06000027","Torbay","Lives in a household","Aged 50 to 54 years","Female",5159
"E06000027","Torbay","Lives in a household","Aged 55 to 59 years","Female",5422
"E06000027","Torbay","Lives in a household","Aged 60 to 64 years","Female",4981
"E06000027","Torbay","Lives in a household","Aged 65 years","Female",952
"E06000027","Torbay","Lives in a household","Aged 66 to 69 years","Female",3706
"E06000027","Torbay","Lives in a household","Aged 70 to 74 years","Female",5098
"E06000027","Torbay","Lives in a household","Aged 75 to 79 years","Female",3863
"E06000027","Torbay","Lives in a household","Aged 80 to 84 years","Female",2696
"E06000027","Torbay","Lives in a household","Aged 85 years and over","Female",2748
"E06000030","Swindon","Lives in a household","Total","Female",116664
"E06000030","Swindon","Lives in a household","Aged 2 years and under","Female",3848
"E06000030","Swindon","Lives in a household","Aged 3 to 4 years","Female",2855
"E06000030","Swindon","Lives in a household","Aged 5 to 7 years","Female",4298
"E06000030","Swindon","Lives in a household","Aged 8 to 9 years","Female",3057
"E06000030","Swindon","Lives in a household","Aged 10 to 14 years","Female",7182
"E06000030","Swindon","Lives in a household","Aged 15 years","Female",1287
"E06000030","Swindon","Lives in a household","Aged 16 to 17 years","Female",2514
"E06000030","Swindon","Lives in a household","Aged 18 to 19 years","Female",2087
"E06000030","Swindon","Lives in a household","Aged 20 to 24 years","Female",5894
"E06000030","Swindon","Lives in a household","Aged 25 to 29 years","Female",7878
"E06000030","Swindon","Lives in a household","Aged 30 to 34 years","Female",8912
"E06000030","Swindon","Lives in a household","Aged 35 to 39 years","Female",8840
"E06000030","Swindon","Lives in a household","Aged 40 to 44 years","Female",8085
"E06000030","Swindon","Lives in a household","Aged 45 to 49 years","Female",8008
"E06000030","Swindon","Lives in a household","Aged 50 to 54 years","Female",8318
"E06000030","Swindon","Lives in a household","Aged 55 to 59 years","Female",7765
"E06000030","Swindon","Lives in a household","Aged 60 to 64 years","Female",6449
"E06000030","Swindon","Lives in a household","Aged 65 years","Female",1115
"E06000030","Swindon","Lives in a household","Aged 66 to 69 years","Female",4276
"E06000030","Swindon","Lives in a household","Aged 70 to 74 years","Female",5112
"E06000030","Swindon","Lives in a household","Aged 75 to 79 years","Female",3672
"E06000030","Swindon","Lives in a household","Aged 80 to 84 years","Female",2584
"E06000030","Swindon","Lives in a household","Aged 85 years and over","Female",2628
"E06000052","Cornwall","Lives in a household","Total","Female",289045
"E06000052","Cornwall","Lives in a household","Aged 2 years and under","Female",7243
"E06000052","Cornwall","Lives in a household","Aged 3 to 4 years","Female",5148
"E06000052","Cornwall","Lives in a household","Aged 5 to 7 years","Female",8667
"E06000052","Cornwall","Lives in a household","Aged 8 to 9 years","Female",6139
"E06000052","Cornwall","Lives in a household","Aged 10 to 14 years","Female",15120
"E06000052","Cornwall","Lives in a household","Aged 15 years","Female",2890
"E06000052","Cornwall","Lives in a household","Aged 16 to 17 years","Female",5731
"E06000052","Cornwall","Lives in a household","Aged 18 to 19 years","Female",4761
"E06000052","Cornwall","Lives in a household","Aged 20 to 24 years","Female",13578
"E06000052","Cornwall","Lives in a household","Aged 25 to 29 years","Female",14384
"E06000052","Cornwall","Lives in a household","Aged 30 to 34 years","Female",16167
"E06000052","Cornwall","Lives in a household","Aged 35 to 39 years","Female",15880
"E06000052","Cornwall","Lives in a household","Aged 40 to 44 years","Female",16007
"E06000052","Cornwall","Lives in a household","Aged 45 to 49 years","Female",18083
"E06000052","Cornwall","Lives in a household","Aged 50 to 54 years","Female",21154
"E06000052","Cornwall","Lives in a household","Aged 55 to 59 years","Female",22237
"E06000052","Cornwall","Lives in a household","Aged 60 to 64 years","Female",20783
"E06000052","Cornwall","Lives in a household","Aged 65 years","Female",3876
"E06000052","Cornwall","Lives in a household","Aged 66 to 69 years","Female",15496
"E06000052","Cornwall","Lives in a household","Aged 70 to 74 years","Female",20845
"E06000052","Cornwall","Lives in a household","Aged 75 to 79 years","Female",15383
"E06000052","Cornwall","Lives in a household","Aged 80 to 84 years","Female",9871
"E06000052","Cornwall","Lives in a household","Aged 85 years and over","Female",9602
"E06000053","Isles of Scilly","Lives in a household","Total","Female",1033
"E06000053","Isles of Scilly","Lives in a household","Aged 2 years and under","Female",35
"E06000053","Isles of Scilly","Lives in a household","Aged 3 to 4 years","Female",13
"E06000053","Isles of Scilly","Lives in a household","Aged 5 to 7 years","Female",40
"E06000053","Isles of Scilly","Lives in a household","Aged 8 to 9 years","Female",11
"E06000053","Isles of Scilly","Lives in a household","Aged 10 to 14 years","Female",51
"E06000053","Isles of Scilly","Lives in a household","Aged 15 years","Female",3
"E06000053","Isles of Scilly","Lives in a household","Aged 16 to 17 years","Female",2
"E06000053","Isles of Scilly","Lives in a household","Aged 18 to 19 years","Female",11
"E06000053","Isles of Scilly","Lives in a household","Aged 20 to 24 years","Female",39
"E06000053","Isles of Scilly","Lives in a household","Aged 25 to 29 years","Female",59
"E06000053","Isles of Scilly","Lives in a household","Aged 30 to 34 years","Female",50
"E06000053","Isles of Scilly","Lives in a household","Aged 35 to 39 years","Female",73
"E06000053","Isles of Scilly","Lives in a household","Aged 40 to 44 years","Female",68
"E06000053","Isles of Scilly","Lives in a household","Aged 45 to 49 years","Female",63
"E06000053","Isles of Scilly","Lives in a household","Aged 50 to 54 years","Female",84
"E06000053","Isles of Scilly","Lives in a household","Aged 55 to 59 years","Female",81
"E06000053","Isles of Scilly","Lives in a household","Aged 60 to 64 years","Female",59
"E06000053","Isles of Scilly","Lives in a household","Aged 65 years","Female",7
"E06000053","Isles of Scilly","Lives in a household","Aged 66 to 69 years","Female",53
"E06000053","Isles of Scilly","Lives in a household","Aged 70 to 74 years","Female",84
"E06000053","Isles of Scilly","Lives in a household","Aged 75 to 79 years","Female",56
"E06000053","Isles of Scilly","Lives in a household","Aged 80 to 84 years","Female",46
"E06000053","Isles of Scilly","Lives in a household","Aged 85 years and over","Female",45
"E06000054","Wiltshire","Lives in a household","Total","Female",254233
"E06000054","Wiltshire","Lives in a household","Aged 2 years and under","Female",7235
"E06000054","Wiltshire","Lives in a household","Aged 3 to 4 years","Female",5353
"E06000054","Wiltshire","Lives in a household","Aged 5 to 7 years","Female",8429
"E06000054","Wiltshire","Lives in a household","Aged 8 to 9 years","Female",5776
"E06000054","Wiltshire","Lives in a household","Aged 10 to 14 years","Female",14540
"E06000054","Wiltshire","Lives in a household","Aged 15 years","Female",2654
"E06000054","Wiltshire","Lives in a household","Aged 16 to 17 years","Female",5370
"E06000054","Wiltshire","Lives in a household","Aged 18 to 19 years","Female",3851
"E06000054","Wiltshire","Lives in a household","Aged 20 to 24 years","Female",10802
"E06000054","Wiltshire","Lives in a household","Aged 25 to 29 years","Female",13650
"E06000054","Wiltshire","Lives in a household","Aged 30 to 34 years","Female",15654
"E06000054","Wiltshire","Lives in a household","Aged 35 to 39 years","Female",15371
"E06000054","Wiltshire","Lives in a household","Aged 40 to 44 years","Female",14937
"E06000054","Wiltshire","Lives in a household","Aged 45 to 49 years","Female",17183
"E06000054","Wiltshire","Lives in a household","Aged 50 to 54 years","Female",19172
"E06000054","Wiltshire","Lives in a household","Aged 55 to 59 years","Female",19350
"E06000054","Wiltshire","Lives in a household","Aged 60 to 64 years","Female",16726
"E06000054","Wiltshire","Lives in a household","Aged 65 years","Female",3054
"E06000054","Wiltshire","Lives in a household","Aged 66 to 69 years","Female",11786
"E06000054","Wiltshire","Lives in a household","Aged 70 to 74 years","Female",15482
"E06000054","Wiltshire","Lives in a household","Aged 75 to 79 years","Female",11763
"E06000054","Wiltshire","Lives in a household","Aged 80 to 84 years","Female",8122
"E06000054","Wiltshire","Lives in a household","Aged 85 years and over","Female",7973
"E06000058","Bournemouth, Christchurch and Poole","Lives in a household","Total","Female",199057
"E06000058","Bournemouth, Christchurch and Poole","Lives in a household","Aged 2 years and under","Female",5365
"E06000058","Bournemouth, Christchurch and Poole","Lives in a household","Aged 3 to 4 years","Female",3811
"E06000058","Bournemouth, Christchurch and Poole","Lives in a household","Aged 5 to 7 years","Female",6082
"E06000058","Bournemouth, Christchurch and Poole","Lives in a household","Aged 8 to 9 years","Female",4285
"E06000058","Bournemouth, Christchurch and Poole","Lives in a household","Aged 10 to 14 years","Female",10336
"E06000058","Bournemouth, Christchurch and Poole","Lives in a household","Aged 15 years","Female",1814
"E06000058","Bournemouth, Christchurch and Poole","Lives in a household","Aged 16 to 17 years","Female",3768
"E06000058","Bournemouth, Christchurch and Poole","Lives in a household","Aged 18 to 19 years","Female",3419
"E06000058","Bournemouth, Christchurch and Poole","Lives in a household","Aged 20 to 24 years","Female",12328
"E06000058","Bournemouth, Christchurch and Poole","Lives in a household","Aged 25 to 29 years","Female",11865
"E06000058","Bournemouth, Christchurch and Poole","Lives in a household","Aged 30 to 34 years","Female",13367
"E06000058","Bournemouth, Christchurch and Poole","Lives in a household","Aged 35 to 39 years","Female",13388
"E06000058","Bournemouth, Christchurch and Poole","Lives in a household","Aged 40 to 44 years","Female",12708
"E06000058","Bournemouth, Christchurch and Poole","Lives in a household","Aged 45 to 49 years","Female",12314
"E06000058","Bournemouth, Christchurch and Poole","Lives in a household","Aged 50 to 54 years","Female",13389
"E06000058","Bournemouth, Christchurch and Poole","Lives in a household","Aged 55 to 59 years","Female",13399
"E06000058","Bournemouth, Christchurch and Poole","Lives in a household","Aged 60 to 64 years","Female",11869
"E06000058","Bournemouth, Christchurch and Poole","Lives in a household","Aged 65 years","Female",2102
"E06000058","Bournemouth, Christchurch and Poole","Lives in a household","Aged 66 to 69 years","Female",8708
"E06000058","Bournemouth, Christchurch and Poole","Lives in a household","Aged 70 to 74 years","Female",11899
"E06000058","Bournemouth, Christchurch and Poole","Lives in a household","Aged 75 to 79 years","Female",8950
"E06000058","Bournemouth, Christchurch and Poole","Lives in a household","Aged 80 to 84 years","Female",6494
"E06000058","Bournemouth, Christchurch and Poole","Lives in a household","Aged 85 years and over","Female",7397
"E06000059","Dorset","Lives in a household","Total","Female",191856
"E06000059","Dorset","Lives in a household","Aged 2 years and under","Female",4026
"E06000059","Dorset","Lives in a household","Aged 3 to 4 years","Female",3257
"E06000059","Dorset","Lives in a household","Aged 5 to 7 years","Female",5097
"E06000059","Dorset","Lives in a household","Aged 8 to 9 years","Female",3733
"E06000059","Dorset","Lives in a household","Aged 10 to 14 years","Female",9675
"E06000059","Dorset","Lives in a household","Aged 15 years","Female",1901
"E06000059","Dorset","Lives in a household","Aged 16 to 17 years","Female",3575
"E06000059","Dorset","Lives in a household","Aged 18 to 19 years","Female",2851
"E06000059","Dorset","Lives in a household","Aged 20 to 24 years","Female",7072
"E06000059","Dorset","Lives in a household","Aged 25 to 29 years","Female",8244
"E06000059","Dorset","Lives in a household","Aged 30 to 34 years","Female",9232
"E06000059","Dorset","Lives in a household","Aged 35 to 39 years","Female",9454
"E06000059","Dorset","Lives in a household","Aged 40 to 44 years","Female",9609
"E06000059","Dorset","Lives in a household","Aged 45 to 49 years","Female",11282
"E06000059","Dorset","Lives in a household","Aged 50 to 54 years","Female",14018
"E06000059","Dorset","Lives in a household","Aged 55 to 59 years","Female",15378
"E06000059","Dorset","Lives in a household","Aged 60 to 64 years","Female",14912
"E06000059","Dorset","Lives in a household","Aged 65 years","Female",2722
"E06000059","Dorset","Lives in a household","Aged 66 to 69 years","Female",11321
"E06000059","Dorset","Lives in a household","Aged 70 to 74 years","Female",15831
"E06000059","Dorset","Lives in a household","Aged 75 to 79 years","Female",11874
"E06000059","Dorset","Lives in a household","Aged 80 to 84 years","Female",8284
"E06000059","Dorset","Lives in a household","Aged 85 years and over","Female",8508
"E07000040","East Devon","Lives in a household","Total","Female",77041
"E07000040","East Devon","Lives in a household","Aged 2 years and under","Female",1810
"E07000040","East Devon","Lives in a household","Aged 3 to 4 years","Female",1384
"E07000040","East Devon","Lives in a household","Aged 5 to 7 years","Female",2182
"E07000040","East Devon","Lives in a household","Aged 8 to 9 years","Female",1525
"E07000040","East Devon","Lives in a household","Aged 10 to 14 years","Female",3755
"E07000040","East Devon","Lives in a household","Aged 15 years","Female",734
"E07000040","East Devon","Lives in a household","Aged 16 to 17 years","Female",1443
"E07000040","East Devon","Lives in a household","Aged 18 to 19 years","Female",1144
"E07000040","East Devon","Lives in a household","Aged 20 to 24 years","Female",2804
"E07000040","East Devon","Lives in a household","Aged 25 to 29 years","Female",3452
"E07000040","East Devon","Lives in a household","Aged 30 to 34 years","Female",3825
"E07000040","East Devon","Lives in a household","Aged 35 to 39 years","Female",3886
"E07000040","East Devon","Lives in a household","Aged 40 to 44 years","Female",3948
"E07000040","East Devon","Lives in a household","Aged 45 to 49 years","Female",4541
"E07000040","East Devon","Lives in a household","Aged 50 to 54 years","Female",5481
"E07000040","East Devon","Lives in a household","Aged 55 to 59 years","Female",5761
"E07000040","East Devon","Lives in a household","Aged 60 to 64 years","Female",5607
"E07000040","East Devon","Lives in a household","Aged 65 years","Female",1089
"E07000040","East Devon","Lives in a household","Aged 66 to 69 years","Female",4444
"E07000040","East Devon","Lives in a household","Aged 70 to 74 years","Female",6162
"E07000040","East Devon","Lives in a household","Aged 75 to 79 years","Female",4887
"E07000040","East Devon","Lives in a household","Aged 80 to 84 years","Female",3486
"E07000040","East Devon","Lives in a household","Aged 85 years and over","Female",3691
"E07000041","Exeter","Lives in a household","Total","Female",61994
"E07000041","Exeter","Lives in a household","Aged 2 years and under","Female",1701
"E07000041","Exeter","Lives in a household","Aged 3 to 4 years","Female",1171
"E07000041","Exeter","Lives in a household","Aged 5 to 7 years","Female",1782
"E07000041","Exeter","Lives in a household","Aged 8 to 9 years","Female",1208
"E07000041","Exeter","Lives in a household","Aged 10 to 14 years","Female",2967
"E07000041","Exeter","Lives in a household","Aged 15 years","Female",589
"E07000041","Exeter","Lives in a household","Aged 16 to 17 years","Female",1067
"E07000041","Exeter","Lives in a household","Aged 18 to 19 years","Female",1567
"E07000041","Exeter","Lives in a household","Aged 20 to 24 years","Female",7038
"E07000041","Exeter","Lives in a household","Aged 25 to 29 years","Female",4339
"E07000041","Exeter","Lives in a household","Aged 30 to 34 years","Female",4421
"E07000041","Exeter","Lives in a household","Aged 35 to 39 years","Female",4232
"E07000041","Exeter","Lives in a household","Aged 40 to 44 years","Female",3728
"E07000041","Exeter","Lives in a household","Aged 45 to 49 years","Female",3593
"E07000041","Exeter","Lives in a household","Aged 50 to 54 years","Female",3905
"E07000041","Exeter","Lives in a household","Aged 55 to 59 years","Female",3766
"E07000041","Exeter","Lives in a household","Aged 60 to 64 years","Female",3216
"E07000041","Exeter","Lives in a household","Aged 65 years","Female",574
"E07000041","Exeter","Lives in a household","Aged 66 to 69 years","Female",2329
"E07000041","Exeter","Lives in a household","Aged 70 to 74 years","Female",2995
"E07000041","Exeter","Lives in a household","Aged 75 to 79 years","Female",2296
"E07000041","Exeter","Lives in a household","Aged 80 to 84 years","Female",1714
"E07000041","Exeter","Lives in a household","Aged 85 years and over","Female",1796
"E07000042","Mid Devon","Lives in a household","Total","Female",41999
"E07000042","Mid Devon","Lives in a household","Aged 2 years and under","Female",1117
"E07000042","Mid Devon","Lives in a household","Aged 3 to 4 years","Female",837
"E07000042","Mid Devon","Lives in a household","Aged 5 to 7 years","Female",1273
"E07000042","Mid Devon","Lives in a household","Aged 8 to 9 years","Female",925
"E07000042","Mid Devon","Lives in a household","Aged 10 to 14 years","Female",2406
"E07000042","Mid Devon","Lives in a household","Aged 15 years","Female",466
"E07000042","Mid Devon","Lives in a household","Aged 16 to 17 years","Female",906
"E07000042","Mid Devon","Lives in a household","Aged 18 to 19 years","Female",671
"E07000042","Mid Devon","Lives in a household","Aged 20 to 24 years","Female",1761
"E07000042","Mid Devon","Lives in a household","Aged 25 to 29 years","Female",2103
"E07000042","Mid Devon","Lives in a household","Aged 30 to 34 years","Female",2372
"E07000042","Mid Devon","Lives in a household","Aged 35 to 39 years","Female",2474
"E07000042","Mid Devon","Lives in a household","Aged 40 to 44 years","Female",2412
"E07000042","Mid Devon","Lives in a household","Aged 45 to 49 years","Female",2616
"E07000042","Mid Devon","Lives in a household","Aged 50 to 54 years","Female",3161
"E07000042","Mid Devon","Lives in a household","Aged 55 to 59 years","Female",3305
"E07000042","Mid Devon","Lives in a household","Aged 60 to 64 years","Female",2883
"E07000042","Mid Devon","Lives in a household","Aged 65 years","Female",561
"E07000042","Mid Devon","Lives in a household","Aged 66 to 69 years","Female",2107
"E07000042","Mid Devon","Lives in a household","Aged 70 to 74 years","Female",2771
"E07000042","Mid Devon","Lives in a household","Aged 75 to 79 years","Female",2025
"E07000042","Mid Devon","Lives in a household","Aged 80 to 84 years","Female",1460
"E07000042","Mid Devon","Lives in a household","Aged 85 years and over","Female",1387
"E07000043","North Devon","Lives in a household","Total","Female",49885
"E07000043","North Devon","Lives in a household","Aged 2 years and under","Female",1262
"E07000043","North Devon","Lives in a household","Aged 3 to 4 years","Female",957
"E07000043","North Devon","Lives in a household","Aged 5 to 7 years","Female",1456
"E07000043","North Devon","Lives in a household","Aged 8 to 9 years","Female",1089
"E07000043","North Devon","Lives in a household","Aged 10 to 14 years","Female",2770
"E07000043","North Devon","Lives in a household","Aged 15 years","Female",535
"E07000043","North Devon","Lives in a household","Aged 16 to 17 years","Female",996
"E07000043","North Devon","Lives in a household","Aged 18 to 19 years","Female",750
"E07000043","North Devon","Lives in a household","Aged 20 to 24 years","Female",2017
"E07000043","North Devon","Lives in a household","Aged 25 to 29 years","Female",2523
"E07000043","North Devon","Lives in a household","Aged 30 to 34 years","Female",2763
"E07000043","North Devon","Lives in a household","Aged 35 to 39 years","Female",2668
"E07000043","North Devon","Lives in a household","Aged 40 to 44 years","Female",2647
"E07000043","North Devon","Lives in a household","Aged 45 to 49 years","Female",3079
"E07000043","North Devon","Lives in a household","Aged 50 to 54 years","Female",3653
"E07000043","North Devon","Lives in a household","Aged 55 to 59 years","Female",3939
"E07000043","North Devon","Lives in a household","Aged 60 to 64 years","Female",3618
"E07000043","North Devon","Lives in a household","Aged 65 years","Female",642
"E07000043","North Devon","Lives in a household","Aged 66 to 69 years","Female",2582
"E07000043","North Devon","Lives in a household","Aged 70 to 74 years","Female",3519
"E07000043","North Devon","Lives in a household","Aged 75 to 79 years","Female",2755
"E07000043","North Devon","Lives in a household","Aged 80 to 84 years","Female",1843
"E07000043","North Devon","Lives in a household","Aged 85 years and over","Female",1822
"E07000044","South Hams","Lives in a household","Total","Female",45461
"E07000044","South Hams","Lives in a household","Aged 2 years and under","Female",953
"E07000044","South Hams","Lives in a household","Aged 3 to 4 years","Female",753
"E07000044","South Hams","Lives in a household","Aged 5 to 7 years","Female",1275
"E07000044","South Hams","Lives in a household","Aged 8 to 9 years","Female",960
"E07000044","South Hams","Lives in a household","Aged 10 to 14 years","Female",2321
"E07000044","South Hams","Lives in a household","Aged 15 years","Female",464
"E07000044","South Hams","Lives in a household","Aged 16 to 17 years","Female",896
"E07000044","South Hams","Lives in a household","Aged 18 to 19 years","Female",689
"E07000044","South Hams","Lives in a household","Aged 20 to 24 years","Female",1530
"E07000044","South Hams","Lives in a household","Aged 25 to 29 years","Female",1831
"E07000044","South Hams","Lives in a household","Aged 30 to 34 years","Female",2239
"E07000044","South Hams","Lives in a household","Aged 35 to 39 years","Female",2319
"E07000044","South Hams","Lives in a household","Aged 40 to 44 years","Female",2447
"E07000044","South Hams","Lives in a household","Aged 45 to 49 years","Female",2740
"E07000044","South Hams","Lives in a household","Aged 50 to 54 years","Female",3454
"E07000044","South Hams","Lives in a household","Aged 55 to 59 years","Female",3876
"E07000044","South Hams","Lives in a household","Aged 60 to 64 years","Female",3704
"E07000044","South Hams","Lives in a household","Aged 65 years","Female",675
"E07000044","South Hams","Lives in a household","Aged 66 to 69 years","Female",2690
"E07000044","South Hams","Lives in a household","Aged 70 to 74 years","Female",3569
"E07000044","South Hams","Lives in a household","Aged 75 to 79 years","Female",2592
"E07000044","South Hams","Lives in a household","Aged 80 to 84 years","Female",1713
"E07000044","South Hams","Lives in a household","Aged 85 years and over","Female",1771
"E07000045","Teignbridge","Lives in a household","Total","Female",68561
"E07000045","Teignbridge","Lives in a household","Aged 2 years and under","Female",1668
"E07000045","Teignbridge","Lives in a household","Aged 3 to 4 years","Female",1189
"E07000045","Teignbridge","Lives in a household","Aged 5 to 7 years","Female",1926
"E07000045","Teignbridge","Lives in a household","Aged 8 to 9 years","Female",1409
"E07000045","Teignbridge","Lives in a household","Aged 10 to 14 years","Female",3454
"E07000045","Teignbridge","Lives in a household","Aged 15 years","Female",663
"E07000045","Teignbridge","Lives in a household","Aged 16 to 17 years","Female",1355
"E07000045","Teignbridge","Lives in a household","Aged 18 to 19 years","Female",1039
"E07000045","Teignbridge","Lives in a household","Aged 20 to 24 years","Female",2568
"E07000045","Teignbridge","Lives in a household","Aged 25 to 29 years","Female",3256
"E07000045","Teignbridge","Lives in a household","Aged 30 to 34 years","Female",3667
"E07000045","Teignbridge","Lives in a household","Aged 35 to 39 years","Female",3661
"E07000045","Teignbridge","Lives in a household","Aged 40 to 44 years","Female",3680
"E07000045","Teignbridge","Lives in a household","Aged 45 to 49 years","Female",4176
"E07000045","Teignbridge","Lives in a household","Aged 50 to 54 years","Female",5083
"E07000045","Teignbridge","Lives in a household","Aged 55 to 59 years","Female",5645
"E07000045","Teignbridge","Lives in a household","Aged 60 to 64 years","Female",5122
"E07000045","Teignbridge","Lives in a household","Aged 65 years","Female",918
"E07000045","Teignbridge","Lives in a household","Aged 66 to 69 years","Female",3929
"E07000045","Teignbridge","Lives in a household","Aged 70 to 74 years","Female",5134
"E07000045","Teignbridge","Lives in a household","Aged 75 to 79 years","Female",3900
"E07000045","Teignbridge","Lives in a household","Aged 80 to 84 years","Female",2534
"E07000045","Teignbridge","Lives in a household","Aged 85 years and over","Female",2585
"E07000046","Torridge","Lives in a household","Total","Female",34283
"E07000046","Torridge","Lives in a household","Aged 2 years and under","Female",808
"E07000046","Torridge","Lives in a household","Aged 3 to 4 years","Female",551
"E07000046","Torridge","Lives in a household","Aged 5 to 7 years","Female",956
"E07000046","Torridge","Lives in a household","Aged 8 to 9 years","Female",683
"E07000046","Torridge","Lives in a household","Aged 10 to 14 years","Female",1694
"E07000046","Torridge","Lives in a household","Aged 15 years","Female",334
"E07000046","Torridge","Lives in a household","Aged 16 to 17 years","Female",615
"E07000046","Torridge","Lives in a household","Aged 18 to 19 years","Female",543
"E07000046","Torridge","Lives in a household","Aged 20 to 24 years","Female",1276
"E07000046","Torridge","Lives in a household","Aged 25 to 29 years","Female",1510
"E07000046","Torridge","Lives in a household","Aged 30 to 34 years","Female",1772
"E07000046","Torridge","Lives in a household","Aged 35 to 39 years","Female",1622
"E07000046","Torridge","Lives in a household","Aged 40 to 44 years","Female",1752
"E07000046","Torridge","Lives in a household","Aged 45 to 49 years","Female",2087
"E07000046","Torridge","Lives in a household","Aged 50 to 54 years","Female",2631
"E07000046","Torridge","Lives in a household","Aged 55 to 59 years","Female",2804
"E07000046","Torridge","Lives in a household","Aged 60 to 64 years","Female",2843
"E07000046","Torridge","Lives in a household","Aged 65 years","Female",499
"E07000046","Torridge","Lives in a household","Aged 66 to 69 years","Female",2064
"E07000046","Torridge","Lives in a household","Aged 70 to 74 years","Female",2784
"E07000046","Torridge","Lives in a household","Aged 75 to 79 years","Female",2022
"E07000046","Torridge","Lives in a household","Aged 80 to 84 years","Female",1232
"E07000046","Torridge","Lives in a household","Aged 85 years and over","Female",1201
"E07000047","West Devon","Lives in a household","Total","Female",28640
"E07000047","West Devon","Lives in a household","Aged 2 years and under","Female",613
"E07000047","West Devon","Lives in a household","Aged 3 to 4 years","Female",480
"E07000047","West Devon","Lives in a household","Aged 5 to 7 years","Female",778
"E07000047","West Devon","Lives in a household","Aged 8 to 9 years","Female",558
"E07000047","West Devon","Lives in a household","Aged 10 to 14 years","Female",1556
"E07000047","West Devon","Lives in a household","Aged 15 years","Female",281
"E07000047","West Devon","Lives in a household","Aged 16 to 17 years","Female",565
"E07000047","West Devon","Lives in a household","Aged 18 to 19 years","Female",456
"E07000047","West Devon","Lives in a household","Aged 20 to 24 years","Female",964
"E07000047","West Devon","Lives in a household","Aged 25 to 29 years","Female",1222
"E07000047","West Devon","Lives in a household","Aged 30 to 34 years","Female",1315
"E07000047","West Devon","Lives in a household","Aged 35 to 39 years","Female",1384
"E07000047","West Devon","Lives in a household","Aged 40 to 44 years","Female",1457
"E07000047","West Devon","Lives in a household","Aged 45 to 49 years","Female",1729
"E07000047","West Devon","Lives in a household","Aged 50 to 54 years","Female",2187
"E07000047","West Devon","Lives in a household","Aged 55 to 59 years","Female",2552
"E07000047","West Devon","Lives in a household","Aged 60 to 64 years","Female",2258
"E07000047","West Devon","Lives in a household","Aged 65 years","Female",439
"E07000047","West Devon","Lives in a household","Aged 66 to 69 years","Female",1679
"E07000047","West Devon","Lives in a household","Aged 70 to 74 years","Female",2346
"E07000047","West Devon","Lives in a household","Aged 75 to 79 years","Female",1667
"E07000047","West Devon","Lives in a household","Aged 80 to 84 years","Female",1098
"E07000047","West Devon","Lives in a household","Aged 85 years and over","Female",1056
"E07000078","Cheltenham","Lives in a household","Total","Female",58504
"E07000078","Cheltenham","Lives in a household","Aged 2 years and under","Female",1678
"E07000078","Cheltenham","Lives in a household","Aged 3 to 4 years","Female",1176
"E07000078","Cheltenham","Lives in a household","Aged 5 to 7 years","Female",1829
"E07000078","Cheltenham","Lives in a household","Aged 8 to 9 years","Female",1266
"E07000078","Cheltenham","Lives in a household","Aged 10 to 14 years","Female",3158
"E07000078","Cheltenham","Lives in a household","Aged 15 years","Female",545
"E07000078","Cheltenham","Lives in a household","Aged 16 to 17 years","Female",1102
"E07000078","Cheltenham","Lives in a household","Aged 18 to 19 years","Female",921
"E07000078","Cheltenham","Lives in a household","Aged 20 to 24 years","Female",3742
"E07000078","Cheltenham","Lives in a household","Aged 25 to 29 years","Female",3887
"E07000078","Cheltenham","Lives in a household","Aged 30 to 34 years","Female",4198
"E07000078","Cheltenham","Lives in a household","Aged 35 to 39 years","Female",4109
"E07000078","Cheltenham","Lives in a household","Aged 40 to 44 years","Female",3778
"E07000078","Cheltenham","Lives in a household","Aged 45 to 49 years","Female",3790
"E07000078","Cheltenham","Lives in a household","Aged 50 to 54 years","Female",3966
"E07000078","Cheltenham","Lives in a household","Aged 55 to 59 years","Female",4057
"E07000078","Cheltenham","Lives in a household","Aged 60 to 64 years","Female",3225
"E07000078","Cheltenham","Lives in a household","Aged 65 years","Female",595
"E07000078","Cheltenham","Lives in a household","Aged 66 to 69 years","Female",2350
"E07000078","Cheltenham","Lives in a household","Aged 70 to 74 years","Female",3024
"E07000078","Cheltenham","Lives in a household","Aged 75 to 79 years","Female",2381
"E07000078","Cheltenham","Lives in a household","Aged 80 to 84 years","Female",1759
"E07000078","Cheltenham","Lives in a household","Aged 85 years and over","Female",1968
"E07000079","Cotswold","Lives in a household","Total","Female",46422
"E07000079","Cotswold","Lives in a household","Aged 2 years and under","Female",1111
"E07000079","Cotswold","Lives in a household","Aged 3 to 4 years","Female",827
"E07000079","Cotswold","Lives in a household","Aged 5 to 7 years","Female",1340
"E07000079","Cotswold","Lives in a household","Aged 8 to 9 years","Female",958
"E07000079","Cotswold","Lives in a household","Aged 10 to 14 years","Female",2433
"E07000079","Cotswold","Lives in a household","Aged 15 years","Female",465
"E07000079","Cotswold","Lives in a household","Aged 16 to 17 years","Female",927
"E07000079","Cotswold","Lives in a household","Aged 18 to 19 years","Female",665
"E07000079","Cotswold","Lives in a household","Aged 20 to 24 years","Female",1840
"E07000079","Cotswold","Lives in a household","Aged 25 to 29 years","Female",2029
"E07000079","Cotswold","Lives in a household","Aged 30 to 34 years","Female",2386
"E07000079","Cotswold","Lives in a household","Aged 35 to 39 years","Female",2520
"E07000079","Cotswold","Lives in a household","Aged 40 to 44 years","Female",2659
"E07000079","Cotswold","Lives in a household","Aged 45 to 49 years","Female",3087
"E07000079","Cotswold","Lives in a household","Aged 50 to 54 years","Female",3616
"E07000079","Cotswold","Lives in a household","Aged 55 to 59 years","Female",3842
"E07000079","Cotswold","Lives in a household","Aged 60 to 64 years","Female",3356
"E07000079","Cotswold","Lives in a household","Aged 65 years","Female",579
"E07000079","Cotswold","Lives in a household","Aged 66 to 69 years","Female",2514
"E07000079","Cotswold","Lives in a household","Aged 70 to 74 years","Female",3262
"E07000079","Cotswold","Lives in a household","Aged 75 to 79 years","Female",2530
"E07000079","Cotswold","Lives in a household","Aged 80 to 84 years","Female",1735
"E07000079","Cotswold","Lives in a household","Aged 85 years and over","Female",1741
"E07000080","Forest of Dean","Lives in a household","Total","Female",43469
"E07000080","Forest of Dean","Lives in a household","Aged 2 years and under","Female",1130
"E07000080","Forest of Dean","Lives in a household","Aged 3 to 4 years","Female",794
"E07000080","Forest of Dean","Lives in a household","Aged 5 to 7 years","Female",1317
"E07000080","Forest of Dean","Lives in a household","Aged 8 to 9 years","Female",901
"E07000080","Forest of Dean","Lives in a household","Aged 10 to 14 years","Female",2334
"E07000080","Forest of Dean","Lives in a household","Aged 15 years","Female",428
"E07000080","Forest of Dean","Lives in a household","Aged 16 to 17 years","Female",945
"E07000080","Forest of Dean","Lives in a household","Aged 18 to 19 years","Female",657
"E07000080","Forest of Dean","Lives in a household","Aged 20 to 24 years","Female",1833
"E07000080","Forest of Dean","Lives in a household","Aged 25 to 29 years","Female",2177
"E07000080","Forest of Dean","Lives in a household","Aged 30 to 34 years","Female",2413
"E07000080","Forest of Dean","Lives in a household","Aged 35 to 39 years","Female",2358
"E07000080","Forest of Dean","Lives in a household","Aged 40 to 44 years","Female",2235
"E07000080","Forest of Dean","Lives in a household","Aged 45 to 49 years","Female",2667
"E07000080","Forest of Dean","Lives in a household","Aged 50 to 54 years","Female",3362
"E07000080","Forest of Dean","Lives in a household","Aged 55 to 59 years","Female",3487
"E07000080","Forest of Dean","Lives in a household","Aged 60 to 64 years","Female",3168
"E07000080","Forest of Dean","Lives in a household","Aged 65 years","Female",593
"E07000080","Forest of Dean","Lives in a household","Aged 66 to 69 years","Female",2355
"E07000080","Forest of Dean","Lives in a household","Aged 70 to 74 years","Female",3078
"E07000080","Forest of Dean","Lives in a household","Aged 75 to 79 years","Female",2260
"E07000080","Forest of Dean","Lives in a household","Aged 80 to 84 years","Female",1499
"E07000080","Forest of Dean","Lives in a household","Aged 85 years and over","Female",1478
"E07000081","Gloucester","Lives in a household","Total","Female",65936
"E07000081","Gloucester","Lives in a household","Aged 2 years and under","Female",2132
"E07000081","Gloucester","Lives in a household","Aged 3 to 4 years","Female",1488
"E07000081","Gloucester","Lives in a household","Aged 5 to 7 years","Female",2397
"E07000081","Gloucester","Lives in a household","Aged 8 to 9 years","Female",1665
"E07000081","Gloucester","Lives in a household","Aged 10 to 14 years","Female",4008
"E07000081","Gloucester","Lives in a household","Aged 15 years","Female",706
"E07000081","Gloucester","Lives in a household","Aged 16 to 17 years","Female",1525
"E07000081","Gloucester","Lives in a household","Aged 18 to 19 years","Female",1249
"E07000081","Gloucester","Lives in a household","Aged 20 to 24 years","Female",4168
"E07000081","Gloucester","Lives in a household","Aged 25 to 29 years","Female",4432
"E07000081","Gloucester","Lives in a household","Aged 30 to 34 years","Female",5006
"E07000081","Gloucester","Lives in a household","Aged 35 to 39 years","Female",4560
"E07000081","Gloucester","Lives in a household","Aged 40 to 44 years","Female",4135
"E07000081","Gloucester","Lives in a household","Aged 45 to 49 years","Female",4051
"E07000081","Gloucester","Lives in a household","Aged 50 to 54 years","Female",4640
"E07000081","Gloucester","Lives in a household","Aged 55 to 59 years","Female",4481
"E07000081","Gloucester","Lives in a household","Aged 60 to 64 years","Female",3729
"E07000081","Gloucester","Lives in a household","Aged 65 years","Female",638
"E07000081","Gloucester","Lives in a household","Aged 66 to 69 years","Female",2397
"E07000081","Gloucester","Lives in a household","Aged 70 to 74 years","Female",2947
"E07000081","Gloucester","Lives in a household","Aged 75 to 79 years","Female",2370
"E07000081","Gloucester","Lives in a household","Aged 80 to 84 years","Female",1610
"E07000081","Gloucester","Lives in a household","Aged 85 years and over","Female",1602
"E07000082","Stroud","Lives in a household","Total","Female",61113
"E07000082","Stroud","Lives in a household","Aged 2 years and under","Female",1524
"E07000082","Stroud","Lives in a household","Aged 3 to 4 years","Female",1181
"E07000082","Stroud","Lives in a household","Aged 5 to 7 years","Female",1918
"E07000082","Stroud","Lives in a household","Aged 8 to 9 years","Female",1330
"E07000082","Stroud","Lives in a household","Aged 10 to 14 years","Female",3482
"E07000082","Stroud","Lives in a household","Aged 15 years","Female",659
"E07000082","Stroud","Lives in a household","Aged 16 to 17 years","Female",1309
"E07000082","Stroud","Lives in a household","Aged 18 to 19 years","Female",1006
"E07000082","Stroud","Lives in a household","Aged 20 to 24 years","Female",2385
"E07000082","Stroud","Lives in a household","Aged 25 to 29 years","Female",3037
"E07000082","Stroud","Lives in a household","Aged 30 to 34 years","Female",3389
"E07000082","Stroud","Lives in a household","Aged 35 to 39 years","Female",3440
"E07000082","Stroud","Lives in a household","Aged 40 to 44 years","Female",3659
"E07000082","Stroud","Lives in a household","Aged 45 to 49 years","Female",4229
"E07000082","Stroud","Lives in a household","Aged 50 to 54 years","Female",4810
"E07000082","Stroud","Lives in a household","Aged 55 to 59 years","Female",4793
"E07000082","Stroud","Lives in a household","Aged 60 to 64 years","Female",4311
"E07000082","Stroud","Lives in a household","Aged 65 years","Female",744
"E07000082","Stroud","Lives in a household","Aged 66 to 69 years","Female",3009
"E07000082","Stroud","Lives in a household","Aged 70 to 74 years","Female",4050
"E07000082","Stroud","Lives in a household","Aged 75 to 79 years","Female",2883
"E07000082","Stroud","Lives in a household","Aged 80 to 84 years","Female",1962
"E07000082","Stroud","Lives in a household","Aged 85 years and over","Female",2003
"E07000083","Tewkesbury","Lives in a household","Total","Female",48479
"E07000083","Tewkesbury","Lives in a household","Aged 2 years and under","Female",1470
"E07000083","Tewkesbury","Lives in a household","Aged 3 to 4 years","Female",1087
"E07000083","Tewkesbury","Lives in a household","Aged 5 to 7 years","Female",1690
"E07000083","Tewkesbury","Lives in a household","Aged 8 to 9 years","Female",1088
"E07000083","Tewkesbury","Lives in a household","Aged 10 to 14 years","Female",2679
"E07000083","Tewkesbury","Lives in a household","Aged 15 years","Female",453
"E07000083","Tewkesbury","Lives in a household","Aged 16 to 17 years","Female",1027
"E07000083","Tewkesbury","Lives in a household","Aged 18 to 19 years","Female",712
"E07000083","Tewkesbury","Lives in a household","Aged 20 to 24 years","Female",2019
"E07000083","Tewkesbury","Lives in a household","Aged 25 to 29 years","Female",2718
"E07000083","Tewkesbury","Lives in a household","Aged 30 to 34 years","Female",3281
"E07000083","Tewkesbury","Lives in a household","Aged 35 to 39 years","Female",3110
"E07000083","Tewkesbury","Lives in a household","Aged 40 to 44 years","Female",2991
"E07000083","Tewkesbury","Lives in a household","Aged 45 to 49 years","Female",2988
"E07000083","Tewkesbury","Lives in a household","Aged 50 to 54 years","Female",3429
"E07000083","Tewkesbury","Lives in a household","Aged 55 to 59 years","Female",3512
"E07000083","Tewkesbury","Lives in a household","Aged 60 to 64 years","Female",3111
"E07000083","Tewkesbury","Lives in a household","Aged 65 years","Female",536
"E07000083","Tewkesbury","Lives in a household","Aged 66 to 69 years","Female",2286
"E07000083","Tewkesbury","Lives in a household","Aged 70 to 74 years","Female",2913
"E07000083","Tewkesbury","Lives in a household","Aged 75 to 79 years","Female",2245
"E07000083","Tewkesbury","Lives in a household","Aged 80 to 84 years","Female",1613
"E07000083","Tewkesbury","Lives in a household","Aged 85 years and over","Female",1521
"E06000066","Somerset","Lives in a household","Total","Female",287313
"E06000066","Somerset","Lives in a household","Aged 2 years and under","Female",7653
"E06000066","Somerset","Lives in a household","Aged 3 to 4 years","Female",5570
"E06000066","Somerset","Lives in a household","Aged 5 to 7 years","Female",8664
"E06000066","Somerset","Lives in a household","Aged 8 to 9 years","Female",6224
"E06000066","Somerset","Lives in a household","Aged 10 to 14 years","Female",15556
"E06000066","Somerset","Lives in a household","Aged 15 years","Female",2935
"E06000066","Somerset","Lives in a household","Aged 16 to 17 years","Female",5934
"E06000066","Somerset","Lives in a household","Aged 18 to 19 years","Female",4609
"E06000066","Somerset","Lives in a household","Aged 20 to 24 years","Female",12347
"E06000066","Somerset","Lives in a household","Aged 25 to 29 years","Female",15198
"E06000066","Somerset","Lives in a household","Aged 30 to 34 years","Female",16855
"E06000066","Somerset","Lives in a household","Aged 35 to 39 years","Female",15854
"E06000066","Somerset","Lives in a household","Aged 40 to 44 years","Female",15645
"E06000066","Somerset","Lives in a household","Aged 45 to 49 years","Female",17787
"E06000066","Somerset","Lives in a household","Aged 50 to 54 years","Female",21122
"E06000066","Somerset","Lives in a household","Aged 55 to 59 years","Female",22043
"E06000066","Somerset","Lives in a household","Aged 60 to 64 years","Female",19751
"E06000066","Somerset","Lives in a household","Aged 65 years","Female",3521
"E06000066","Somerset","Lives in a household","Aged 66 to 69 years","Female",15134
"E06000066","Somerset","Lives in a household","Aged 70 to 74 years","Female",19861
"E06000066","Somerset","Lives in a household","Aged 75 to 79 years","Female",14808
"E06000066","Somerset","Lives in a household","Aged 80 to 84 years","Female",10067
"E06000066","Somerset","Lives in a household","Aged 85 years and over","Female",10175
"W06000001","Isle of Anglesey","Lives in a household","Total","Female",34812
"W06000001","Isle of Anglesey","Lives in a household","Aged 2 years and under","Female",852
"W06000001","Isle of Anglesey","Lives in a household","Aged 3 to 4 years","Female",690
"W06000001","Isle of Anglesey","Lives in a household","Aged 5 to 7 years","Female",1098
"W06000001","Isle of Anglesey","Lives in a household","Aged 8 to 9 years","Female",856
"W06000001","Isle of Anglesey","Lives in a household","Aged 10 to 14 years","Female",1903
"W06000001","Isle of Anglesey","Lives in a household","Aged 15 years","Female",317
"W06000001","Isle of Anglesey","Lives in a household","Aged 16 to 17 years","Female",731
"W06000001","Isle of Anglesey","Lives in a household","Aged 18 to 19 years","Female",573
"W06000001","Isle of Anglesey","Lives in a household","Aged 20 to 24 years","Female",1504
"W06000001","Isle of Anglesey","Lives in a household","Aged 25 to 29 years","Female",1632
"W06000001","Isle of Anglesey","Lives in a household","Aged 30 to 34 years","Female",1907
"W06000001","Isle of Anglesey","Lives in a household","Aged 35 to 39 years","Female",1782
"W06000001","Isle of Anglesey","Lives in a household","Aged 40 to 44 years","Female",1824
"W06000001","Isle of Anglesey","Lives in a household","Aged 45 to 49 years","Female",2026
"W06000001","Isle of Anglesey","Lives in a household","Aged 50 to 54 years","Female",2591
"W06000001","Isle of Anglesey","Lives in a household","Aged 55 to 59 years","Female",2636
"W06000001","Isle of Anglesey","Lives in a household","Aged 60 to 64 years","Female",2541
"W06000001","Isle of Anglesey","Lives in a household","Aged 65 years","Female",474
"W06000001","Isle of Anglesey","Lives in a household","Aged 66 to 69 years","Female",1908
"W06000001","Isle of Anglesey","Lives in a household","Aged 70 to 74 years","Female",2575
"W06000001","Isle of Anglesey","Lives in a household","Aged 75 to 79 years","Female",1952
"W06000001","Isle of Anglesey","Lives in a household","Aged 80 to 84 years","Female",1299
"W06000001","Isle of Anglesey","Lives in a household","Aged 85 years and over","Female",1141
"W06000002","Gwynedd","Lives in a household","Total","Female",57667
"W06000002","Gwynedd","Lives in a household","Aged 2 years and under","Female",1491
"W06000002","Gwynedd","Lives in a household","Aged 3 to 4 years","Female",1109
"W06000002","Gwynedd","Lives in a household","Aged 5 to 7 years","Female",1718
"W06000002","Gwynedd","Lives in a household","Aged 8 to 9 years","Female",1311
"W06000002","Gwynedd","Lives in a household","Aged 10 to 14 years","Female",3169
"W06000002","Gwynedd","Lives in a household","Aged 15 years","Female",642
"W06000002","Gwynedd","Lives in a household","Aged 16 to 17 years","Female",1182
"W06000002","Gwynedd","Lives in a household","Aged 18 to 19 years","Female",1041
"W06000002","Gwynedd","Lives in a household","Aged 20 to 24 years","Female",3775
"W06000002","Gwynedd","Lives in a household","Aged 25 to 29 years","Female",3189
"W06000002","Gwynedd","Lives in a household","Aged 30 to 34 years","Female",3304
"W06000002","Gwynedd","Lives in a household","Aged 35 to 39 years","Female",2981
"W06000002","Gwynedd","Lives in a household","Aged 40 to 44 years","Female",3010
"W06000002","Gwynedd","Lives in a household","Aged 45 to 49 years","Female",3466
"W06000002","Gwynedd","Lives in a household","Aged 50 to 54 years","Female",4114
"W06000002","Gwynedd","Lives in a household","Aged 55 to 59 years","Female",4221
"W06000002","Gwynedd","Lives in a household","Aged 60 to 64 years","Female",4088
"W06000002","Gwynedd","Lives in a household","Aged 65 years","Female",726
"W06000002","Gwynedd","Lives in a household","Aged 66 to 69 years","Female",2827
"W06000002","Gwynedd","Lives in a household","Aged 70 to 74 years","Female",3603
"W06000002","Gwynedd","Lives in a household","Aged 75 to 79 years","Female",2817
"W06000002","Gwynedd","Lives in a household","Aged 80 to 84 years","Female",1899
"W06000002","Gwynedd","Lives in a household","Aged 85 years and over","Female",1984
"W06000003","Conwy","Lives in a household","Total","Female",58079
"W06000003","Conwy","Lives in a household","Aged 2 years and under","Female",1400
"W06000003","Conwy","Lives in a household","Aged 3 to 4 years","Female",1025
"W06000003","Conwy","Lives in a household","Aged 5 to 7 years","Female",1673
"W06000003","Conwy","Lives in a household","Aged 8 to 9 years","Female",1198
"W06000003","Conwy","Lives in a household","Aged 10 to 14 years","Female",3095
"W06000003","Conwy","Lives in a household","Aged 15 years","Female",552
"W06000003","Conwy","Lives in a household","Aged 16 to 17 years","Female",1100
"W06000003","Conwy","Lives in a household","Aged 18 to 19 years","Female",912
"W06000003","Conwy","Lives in a household","Aged 20 to 24 years","Female",2387
"W06000003","Conwy","Lives in a household","Aged 25 to 29 years","Female",2854
"W06000003","Conwy","Lives in a household","Aged 30 to 34 years","Female",3140
"W06000003","Conwy","Lives in a household","Aged 35 to 39 years","Female",3033
"W06000003","Conwy","Lives in a household","Aged 40 to 44 years","Female",2905
"W06000003","Conwy","Lives in a household","Aged 45 to 49 years","Female",3388
"W06000003","Conwy","Lives in a household","Aged 50 to 54 years","Female",4267
"W06000003","Conwy","Lives in a household","Aged 55 to 59 years","Female",4629
"W06000003","Conwy","Lives in a household","Aged 60 to 64 years","Female",4388
"W06000003","Conwy","Lives in a household","Aged 65 years","Female",768
"W06000003","Conwy","Lives in a household","Aged 66 to 69 years","Female",3287
"W06000003","Conwy","Lives in a household","Aged 70 to 74 years","Female",4342
"W06000003","Conwy","Lives in a household","Aged 75 to 79 years","Female",3162
"W06000003","Conwy","Lives in a household","Aged 80 to 84 years","Female",2278
"W06000003","Conwy","Lives in a household","Aged 85 years and over","Female",2296
"W06000004","Denbighshire","Lives in a household","Total","Female",48310
"W06000004","Denbighshire","Lives in a household","Aged 2 years and under","Female",1299
"W06000004","Denbighshire","Lives in a household","Aged 3 to 4 years","Female",963
"W06000004","Denbighshire","Lives in a household","Aged 5 to 7 years","Female",1538
"W06000004","Denbighshire","Lives in a household","Aged 8 to 9 years","Female",1095
"W06000004","Denbighshire","Lives in a household","Aged 10 to 14 years","Female",2757
"W06000004","Denbighshire","Lives in a household","Aged 15 years","Female",542
"W06000004","Denbighshire","Lives in a household","Aged 16 to 17 years","Female",979
"W06000004","Denbighshire","Lives in a household","Aged 18 to 19 years","Female",794
"W06000004","Denbighshire","Lives in a household","Aged 20 to 24 years","Female",2145
"W06000004","Denbighshire","Lives in a household","Aged 25 to 29 years","Female",2570
"W06000004","Denbighshire","Lives in a household","Aged 30 to 34 years","Female",2659
"W06000004","Denbighshire","Lives in a household","Aged 35 to 39 years","Female",2530
"W06000004","Denbighshire","Lives in a household","Aged 40 to 44 years","Female",2605
"W06000004","Denbighshire","Lives in a household","Aged 45 to 49 years","Female",3003
"W06000004","Denbighshire","Lives in a household","Aged 50 to 54 years","Female",3557
"W06000004","Denbighshire","Lives in a household","Aged 55 to 59 years","Female",3717
"W06000004","Denbighshire","Lives in a household","Aged 60 to 64 years","Female",3373
"W06000004","Denbighshire","Lives in a household","Aged 65 years","Female",577
"W06000004","Denbighshire","Lives in a household","Aged 66 to 69 years","Female",2501
"W06000004","Denbighshire","Lives in a household","Aged 70 to 74 years","Female",3358
"W06000004","Denbighshire","Lives in a household","Aged 75 to 79 years","Female",2484
"W06000004","Denbighshire","Lives in a household","Aged 80 to 84 years","Female",1704
"W06000004","Denbighshire","Lives in a household","Aged 85 years and over","Female",1560
"W06000005","Flintshire","Lives in a household","Total","Female",78413
"W06000005","Flintshire","Lives in a household","Aged 2 years and under","Female",2093
"W06000005","Flintshire","Lives in a household","Aged 3 to 4 years","Female",1604
"W06000005","Flintshire","Lives in a household","Aged 5 to 7 years","Female",2392
"W06000005","Flintshire","Lives in a household","Aged 8 to 9 years","Female",1785
"W06000005","Flintshire","Lives in a household","Aged 10 to 14 years","Female",4495
"W06000005","Flintshire","Lives in a household","Aged 15 years","Female",870
"W06000005","Flintshire","Lives in a household","Aged 16 to 17 years","Female",1740
"W06000005","Flintshire","Lives in a household","Aged 18 to 19 years","Female",1313
"W06000005","Flintshire","Lives in a household","Aged 20 to 24 years","Female",3555
"W06000005","Flintshire","Lives in a household","Aged 25 to 29 years","Female",4541
"W06000005","Flintshire","Lives in a household","Aged 30 to 34 years","Female",4949
"W06000005","Flintshire","Lives in a household","Aged 35 to 39 years","Female",4886
"W06000005","Flintshire","Lives in a household","Aged 40 to 44 years","Female",4559
"W06000005","Flintshire","Lives in a household","Aged 45 to 49 years","Female",5168
"W06000005","Flintshire","Lives in a household","Aged 50 to 54 years","Female",6034
"W06000005","Flintshire","Lives in a household","Aged 55 to 59 years","Female",5935
"W06000005","Flintshire","Lives in a household","Aged 60 to 64 years","Female",5035
"W06000005","Flintshire","Lives in a household","Aged 65 years","Female",866
"W06000005","Flintshire","Lives in a household","Aged 66 to 69 years","Female",3611
"W06000005","Flintshire","Lives in a household","Aged 70 to 74 years","Female",5001
"W06000005","Flintshire","Lives in a household","Aged 75 to 79 years","Female",3531
"W06000005","Flintshire","Lives in a household","Aged 80 to 84 years","Female",2448
"W06000005","Flintshire","Lives in a household","Aged 85 years and over","Female",2002
"W06000006","Wrexham","Lives in a household","Total","Female",67440
"W06000006","Wrexham","Lives in a household","Aged 2 years and under","Female",1948
"W06000006","Wrexham","Lives in a household","Aged 3 to 4 years","Female",1454
"W06000006","Wrexham","Lives in a household","Aged 5 to 7 years","Female",2306
"W06000006","Wrexham","Lives in a household","Aged 8 to 9 years","Female",1681
"W06000006","Wrexham","Lives in a household","Aged 10 to 14 years","Female",4005
"W06000006","Wrexham","Lives in a household","Aged 15 years","Female",763
"W06000006","Wrexham","Lives in a household","Aged 16 to 17 years","Female",1496
"W06000006","Wrexham","Lives in a household","Aged 18 to 19 years","Female",1192
"W06000006","Wrexham","Lives in a household","Aged 20 to 24 years","Female",3372
"W06000006","Wrexham","Lives in a household","Aged 25 to 29 years","Female",3903
"W06000006","Wrexham","Lives in a household","Aged 30 to 34 years","Female",4357
"W06000006","Wrexham","Lives in a household","Aged 35 to 39 years","Female",4440
"W06000006","Wrexham","Lives in a household","Aged 40 to 44 years","Female",3963
"W06000006","Wrexham","Lives in a household","Aged 45 to 49 years","Female",4336
"W06000006","Wrexham","Lives in a household","Aged 50 to 54 years","Female",5159
"W06000006","Wrexham","Lives in a household","Aged 55 to 59 years","Female",4773
"W06000006","Wrexham","Lives in a household","Aged 60 to 64 years","Female",4174
"W06000006","Wrexham","Lives in a household","Aged 65 years","Female",758
"W06000006","Wrexham","Lives in a household","Aged 66 to 69 years","Female",3085
"W06000006","Wrexham","Lives in a household","Aged 70 to 74 years","Female",3880
"W06000006","Wrexham","Lives in a household","Aged 75 to 79 years","Female",2810
"W06000006","Wrexham","Lives in a household","Aged 80 to 84 years","Female",1861
"W06000006","Wrexham","Lives in a household","Aged 85 years and over","Female",1724
"W06000008","Ceredigion","Lives in a household","Total","Female",34541
"W06000008","Ceredigion","Lives in a household","Aged 2 years and under","Female",773
"W06000008","Ceredigion","Lives in a household","Aged 3 to 4 years","Female",551
"W06000008","Ceredigion","Lives in a household","Aged 5 to 7 years","Female",998
"W06000008","Ceredigion","Lives in a household","Aged 8 to 9 years","Female",655
"W06000008","Ceredigion","Lives in a household","Aged 10 to 14 years","Female",1713
"W06000008","Ceredigion","Lives in a household","Aged 15 years","Female",306
"W06000008","Ceredigion","Lives in a household","Aged 16 to 17 years","Female",641
"W06000008","Ceredigion","Lives in a household","Aged 18 to 19 years","Female",581
"W06000008","Ceredigion","Lives in a household","Aged 20 to 24 years","Female",2340
"W06000008","Ceredigion","Lives in a household","Aged 25 to 29 years","Female",1746
"W06000008","Ceredigion","Lives in a household","Aged 30 to 34 years","Female",1682
"W06000008","Ceredigion","Lives in a household","Aged 35 to 39 years","Female",1651
"W06000008","Ceredigion","Lives in a household","Aged 40 to 44 years","Female",1644
"W06000008","Ceredigion","Lives in a household","Aged 45 to 49 years","Female",1914
"W06000008","Ceredigion","Lives in a household","Aged 50 to 54 years","Female",2447
"W06000008","Ceredigion","Lives in a household","Aged 55 to 59 years","Female",2811
"W06000008","Ceredigion","Lives in a household","Aged 60 to 64 years","Female",2629
"W06000008","Ceredigion","Lives in a household","Aged 65 years","Female",492
"W06000008","Ceredigion","Lives in a household","Aged 66 to 69 years","Female",2023
"W06000008","Ceredigion","Lives in a household","Aged 70 to 74 years","Female",2497
"W06000008","Ceredigion","Lives in a household","Aged 75 to 79 years","Female",1928
"W06000008","Ceredigion","Lives in a household","Aged 80 to 84 years","Female",1275
"W06000008","Ceredigion","Lives in a household","Aged 85 years and over","Female",1244
"W06000009","Pembrokeshire","Lives in a household","Total","Female",62482
"W06000009","Pembrokeshire","Lives in a household","Aged 2 years and under","Female",1503
"W06000009","Pembrokeshire","Lives in a household","Aged 3 to 4 years","Female",1181
"W06000009","Pembrokeshire","Lives in a household","Aged 5 to 7 years","Female",1895
"W06000009","Pembrokeshire","Lives in a household","Aged 8 to 9 years","Female",1433
"W06000009","Pembrokeshire","Lives in a household","Aged 10 to 14 years","Female",3481
"W06000009","Pembrokeshire","Lives in a household","Aged 15 years","Female",642
"W06000009","Pembrokeshire","Lives in a household","Aged 16 to 17 years","Female",1319
"W06000009","Pembrokeshire","Lives in a household","Aged 18 to 19 years","Female",1025
"W06000009","Pembrokeshire","Lives in a household","Aged 20 to 24 years","Female",2580
"W06000009","Pembrokeshire","Lives in a household","Aged 25 to 29 years","Female",3171
"W06000009","Pembrokeshire","Lives in a household","Aged 30 to 34 years","Female",3426
"W06000009","Pembrokeshire","Lives in a household","Aged 35 to 39 years","Female",3261
"W06000009","Pembrokeshire","Lives in a household","Aged 40 to 44 years","Female",3225
"W06000009","Pembrokeshire","Lives in a household","Aged 45 to 49 years","Female",3638
"W06000009","Pembrokeshire","Lives in a household","Aged 50 to 54 years","Female",4514
"W06000009","Pembrokeshire","Lives in a household","Aged 55 to 59 years","Female",4958
"W06000009","Pembrokeshire","Lives in a household","Aged 60 to 64 years","Female",4600
"W06000009","Pembrokeshire","Lives in a household","Aged 65 years","Female",861
"W06000009","Pembrokeshire","Lives in a household","Aged 66 to 69 years","Female",3428
"W06000009","Pembrokeshire","Lives in a household","Aged 70 to 74 years","Female",4501
"W06000009","Pembrokeshire","Lives in a household","Aged 75 to 79 years","Female",3437
"W06000009","Pembrokeshire","Lives in a household","Aged 80 to 84 years","Female",2223
"W06000009","Pembrokeshire","Lives in a household","Aged 85 years and over","Female",2180
"W06000010","Carmarthenshire","Lives in a household","Total","Female",94909
"W06000010","Carmarthenshire","Lives in a household","Aged 2 years and under","Female",2580
"W06000010","Carmarthenshire","Lives in a household","Aged 3 to 4 years","Female",1898
"W06000010","Carmarthenshire","Lives in a household","Aged 5 to 7 years","Female",2856
"W06000010","Carmarthenshire","Lives in a household","Aged 8 to 9 years","Female",2118
"W06000010","Carmarthenshire","Lives in a household","Aged 10 to 14 years","Female",5346
"W06000010","Carmarthenshire","Lives in a household","Aged 15 years","Female",979
"W06000010","Carmarthenshire","Lives in a household","Aged 16 to 17 years","Female",2052
"W06000010","Carmarthenshire","Lives in a household","Aged 18 to 19 years","Female",1576
"W06000010","Carmarthenshire","Lives in a household","Aged 20 to 24 years","Female",4184
"W06000010","Carmarthenshire","Lives in a household","Aged 25 to 29 years","Female",5081
"W06000010","Carmarthenshire","Lives in a household","Aged 30 to 34 years","Female",5408
"W06000010","Carmarthenshire","Lives in a household","Aged 35 to 39 years","Female",5406
"W06000010","Carmarthenshire","Lives in a household","Aged 40 to 44 years","Female",5269
"W06000010","Carmarthenshire","Lives in a household","Aged 45 to 49 years","Female",5696
"W06000010","Carmarthenshire","Lives in a household","Aged 50 to 54 years","Female",6899
"W06000010","Carmarthenshire","Lives in a household","Aged 55 to 59 years","Female",7408
"W06000010","Carmarthenshire","Lives in a household","Aged 60 to 64 years","Female",6894
"W06000010","Carmarthenshire","Lives in a household","Aged 65 years","Female",1347
"W06000010","Carmarthenshire","Lives in a household","Aged 66 to 69 years","Female",4977
"W06000010","Carmarthenshire","Lives in a household","Aged 70 to 74 years","Female",6174
"W06000010","Carmarthenshire","Lives in a household","Aged 75 to 79 years","Female",4730
"W06000010","Carmarthenshire","Lives in a household","Aged 80 to 84 years","Female",3084
"W06000010","Carmarthenshire","Lives in a household","Aged 85 years and over","Female",2947
"W06000011","Swansea","Lives in a household","Total","Female",118337
"W06000011","Swansea","Lives in a household","Aged 2 years and under","Female",3290
"W06000011","Swansea","Lives in a household","Aged 3 to 4 years","Female",2346
"W06000011","Swansea","Lives in a household","Aged 5 to 7 years","Female",3647
"W06000011","Swansea","Lives in a household","Aged 8 to 9 years","Female",2613
"W06000011","Swansea","Lives in a household","Aged 10 to 14 years","Female",6545
"W06000011","Swansea","Lives in a household","Aged 15 years","Female",1208
"W06000011","Swansea","Lives in a household","Aged 16 to 17 years","Female",2453
"W06000011","Swansea","Lives in a household","Aged 18 to 19 years","Female",2345
"W06000011","Swansea","Lives in a household","Aged 20 to 24 years","Female",8211
"W06000011","Swansea","Lives in a household","Aged 25 to 29 years","Female",7108
"W06000011","Swansea","Lives in a household","Aged 30 to 34 years","Female",7652
"W06000011","Swansea","Lives in a household","Aged 35 to 39 years","Female",7411
"W06000011","Swansea","Lives in a household","Aged 40 to 44 years","Female",6977
"W06000011","Swansea","Lives in a household","Aged 45 to 49 years","Female",7129
"W06000011","Swansea","Lives in a household","Aged 50 to 54 years","Female",7887
"W06000011","Swansea","Lives in a household","Aged 55 to 59 years","Female",8155
"W06000011","Swansea","Lives in a household","Aged 60 to 64 years","Female",7563
"W06000011","Swansea","Lives in a household","Aged 65 years","Female",1349
"W06000011","Swansea","Lives in a household","Aged 66 to 69 years","Female",5227
"W06000011","Swansea","Lives in a household","Aged 70 to 74 years","Female",6868
"W06000011","Swansea","Lives in a household","Aged 75 to 79 years","Female",5066
"W06000011","Swansea","Lives in a household","Aged 80 to 84 years","Female",3714
"W06000011","Swansea","Lives in a household","Aged 85 years and over","Female",3573
"W06000012","Neath Port Talbot","Lives in a household","Total","Female",71201
"W06000012","Neath Port Talbot","Lives in a household","Aged 2 years and under","Female",1960
"W06000012","Neath Port Talbot","Lives in a household","Aged 3 to 4 years","Female",1516
"W06000012","Neath Port Talbot","Lives in a household","Aged 5 to 7 years","Female",2295
"W06000012","Neath Port Talbot","Lives in a household","Aged 8 to 9 years","Female",1584
"W06000012","Neath Port Talbot","Lives in a household","Aged 10 to 14 years","Female",4038
"W06000012","Neath Port Talbot","Lives in a household","Aged 15 years","Female",814
"W06000012","Neath Port Talbot","Lives in a household","Aged 16 to 17 years","Female",1568
"W06000012","Neath Port Talbot","Lives in a household","Aged 18 to 19 years","Female",1270
"W06000012","Neath Port Talbot","Lives in a household","Aged 20 to 24 years","Female",3503
"W06000012","Neath Port Talbot","Lives in a household","Aged 25 to 29 years","Female",4221
"W06000012","Neath Port Talbot","Lives in a household","Aged 30 to 34 years","Female",4653
"W06000012","Neath Port Talbot","Lives in a household","Aged 35 to 39 years","Female",4485
"W06000012","Neath Port Talbot","Lives in a household","Aged 40 to 44 years","Female",4154
"W06000012","Neath Port Talbot","Lives in a household","Aged 45 to 49 years","Female",4337
"W06000012","Neath Port Talbot","Lives in a household","Aged 50 to 54 years","Female",5019
"W06000012","Neath Port Talbot","Lives in a household","Aged 55 to 59 years","Female",5296
"W06000012","Neath Port Talbot","Lives in a household","Aged 60 to 64 years","Female",4856
"W06000012","Neath Port Talbot","Lives in a household","Aged 65 years","Female",833
"W06000012","Neath Port Talbot","Lives in a household","Aged 66 to 69 years","Female",3412
"W06000012","Neath Port Talbot","Lives in a household","Aged 70 to 74 years","Female",4209
"W06000012","Neath Port Talbot","Lives in a household","Aged 75 to 79 years","Female",3013
"W06000012","Neath Port Talbot","Lives in a household","Aged 80 to 84 years","Female",2133
"W06000012","Neath Port Talbot","Lives in a household","Aged 85 years and over","Female",2032
"W06000013","Bridgend","Lives in a household","Total","Female",73038
"W06000013","Bridgend","Lives in a household","Aged 2 years and under","Female",2086
"W06000013","Bridgend","Lives in a household","Aged 3 to 4 years","Female",1508
"W06000013","Bridgend","Lives in a household","Aged 5 to 7 years","Female",2370
"W06000013","Bridgend","Lives in a household","Aged 8 to 9 years","Female",1755
"W06000013","Bridgend","Lives in a household","Aged 10 to 14 years","Female",4104
"W06000013","Bridgend","Lives in a household","Aged 15 years","Female",769
"W06000013","Bridgend","Lives in a household","Aged 16 to 17 years","Female",1659
"W06000013","Bridgend","Lives in a household","Aged 18 to 19 years","Female",1200
"W06000013","Bridgend","Lives in a household","Aged 20 to 24 years","Female",3486
"W06000013","Bridgend","Lives in a household","Aged 25 to 29 years","Female",4335
"W06000013","Bridgend","Lives in a household","Aged 30 to 34 years","Female",4995
"W06000013","Bridgend","Lives in a household","Aged 35 to 39 years","Female",4477
"W06000013","Bridgend","Lives in a household","Aged 40 to 44 years","Female",4265
"W06000013","Bridgend","Lives in a household","Aged 45 to 49 years","Female",4739
"W06000013","Bridgend","Lives in a household","Aged 50 to 54 years","Female",5406
"W06000013","Bridgend","Lives in a household","Aged 55 to 59 years","Female",5451
"W06000013","Bridgend","Lives in a household","Aged 60 to 64 years","Female",4663
"W06000013","Bridgend","Lives in a household","Aged 65 years","Female",797
"W06000013","Bridgend","Lives in a household","Aged 66 to 69 years","Female",3363
"W06000013","Bridgend","Lives in a household","Aged 70 to 74 years","Female",4238
"W06000013","Bridgend","Lives in a household","Aged 75 to 79 years","Female",3160
"W06000013","Bridgend","Lives in a household","Aged 80 to 84 years","Female",2289
"W06000013","Bridgend","Lives in a household","Aged 85 years and over","Female",1923
"W06000014","Vale of Glamorgan","Lives in a household","Total","Female",67544
"W06000014","Vale of Glamorgan","Lives in a household","Aged 2 years and under","Female",1863
"W06000014","Vale of Glamorgan","Lives in a household","Aged 3 to 4 years","Female",1535
"W06000014","Vale of Glamorgan","Lives in a household","Aged 5 to 7 years","Female",2265
"W06000014","Vale of Glamorgan","Lives in a household","Aged 8 to 9 years","Female",1631
"W06000014","Vale of Glamorgan","Lives in a household","Aged 10 to 14 years","Female",3985
"W06000014","Vale of Glamorgan","Lives in a household","Aged 15 years","Female",716
"W06000014","Vale of Glamorgan","Lives in a household","Aged 16 to 17 years","Female",1474
"W06000014","Vale of Glamorgan","Lives in a household","Aged 18 to 19 years","Female",998
"W06000014","Vale of Glamorgan","Lives in a household","Aged 20 to 24 years","Female",2910
"W06000014","Vale of Glamorgan","Lives in a household","Aged 25 to 29 years","Female",3660
"W06000014","Vale of Glamorgan","Lives in a household","Aged 30 to 34 years","Female",4139
"W06000014","Vale of Glamorgan","Lives in a household","Aged 35 to 39 years","Female",4231
"W06000014","Vale of Glamorgan","Lives in a household","Aged 40 to 44 years","Female",4227
"W06000014","Vale of Glamorgan","Lives in a household","Aged 45 to 49 years","Female",4300
"W06000014","Vale of Glamorgan","Lives in a household","Aged 50 to 54 years","Female",4772
"W06000014","Vale of Glamorgan","Lives in a household","Aged 55 to 59 years","Female",4936
"W06000014","Vale of Glamorgan","Lives in a household","Aged 60 to 64 years","Female",4514
"W06000014","Vale of Glamorgan","Lives in a household","Aged 65 years","Female",872
"W06000014","Vale of Glamorgan","Lives in a household","Aged 66 to 69 years","Female",3167
"W06000014","Vale of Glamorgan","Lives in a household","Aged 70 to 74 years","Female",4110
"W06000014","Vale of Glamorgan","Lives in a household","Aged 75 to 79 years","Female",3092
"W06000014","Vale of Glamorgan","Lives in a household","Aged 80 to 84 years","Female",2110
"W06000014","Vale of Glamorgan","Lives in a household","Aged 85 years and over","Female",2037
"W06000015","Cardiff","Lives in a household","Total","Female",177179
"W06000015","Cardiff","Lives in a household","Aged 2 years and under","Female",5471
"W06000015","Cardiff","Lives in a household","Aged 3 to 4 years","Female",3877
"W06000015","Cardiff","Lives in a household","Aged 5 to 7 years","Female",6134
"W06000015","Cardiff","Lives in a household","Aged 8 to 9 years","Female",4348
"W06000015","Cardiff","Lives in a household","Aged 10 to 14 years","Female",10548
"W06000015","Cardiff","Lives in a household","Aged 15 years","Female",1916
"W06000015","Cardiff","Lives in a household","Aged 16 to 17 years","Female",3669
"W06000015","Cardiff","Lives in a household","Aged 18 to 19 years","Female",3851
"W06000015","Cardiff","Lives in a household","Aged 20 to 24 years","Female",17261
"W06000015","Cardiff","Lives in a household","Aged 25 to 29 years","Female",14214
"W06000015","Cardiff","Lives in a household","Aged 30 to 34 years","Female",13684
"W06000015","Cardiff","Lives in a household","Aged 35 to 39 years","Female",12653
"W06000015","Cardiff","Lives in a household","Aged 40 to 44 years","Female",11187
"W06000015","Cardiff","Lives in a household","Aged 45 to 49 years","Female",10138
"W06000015","Cardiff","Lives in a household","Aged 50 to 54 years","Female",10696
"W06000015","Cardiff","Lives in a household","Aged 55 to 59 years","Female",10641
"W06000015","Cardiff","Lives in a household","Aged 60 to 64 years","Female",9121
"W06000015","Cardiff","Lives in a household","Aged 65 years","Female",1590
"W06000015","Cardiff","Lives in a household","Aged 66 to 69 years","Female",5950
"W06000015","Cardiff","Lives in a household","Aged 70 to 74 years","Female",7247
"W06000015","Cardiff","Lives in a household","Aged 75 to 79 years","Female",5117
"W06000015","Cardiff","Lives in a household","Aged 80 to 84 years","Female",3825
"W06000015","Cardiff","Lives in a household","Aged 85 years and over","Female",4041
"W06000016","Rhondda Cynon Taf","Lives in a household","Total","Female",120178
"W06000016","Rhondda Cynon Taf","Lives in a household","Aged 2 years and under","Female",3529
"W06000016","Rhondda Cynon Taf","Lives in a household","Aged 3 to 4 years","Female",2518
"W06000016","Rhondda Cynon Taf","Lives in a household","Aged 5 to 7 years","Female",4084
"W06000016","Rhondda Cynon Taf","Lives in a household","Aged 8 to 9 years","Female",2874
"W06000016","Rhondda Cynon Taf","Lives in a household","Aged 10 to 14 years","Female",7112
"W06000016","Rhondda Cynon Taf","Lives in a household","Aged 15 years","Female",1337
"W06000016","Rhondda Cynon Taf","Lives in a household","Aged 16 to 17 years","Female",2765
"W06000016","Rhondda Cynon Taf","Lives in a household","Aged 18 to 19 years","Female",2293
"W06000016","Rhondda Cynon Taf","Lives in a household","Aged 20 to 24 years","Female",6921
"W06000016","Rhondda Cynon Taf","Lives in a household","Aged 25 to 29 years","Female",7462
"W06000016","Rhondda Cynon Taf","Lives in a household","Aged 30 to 34 years","Female",8341
"W06000016","Rhondda Cynon Taf","Lives in a household","Aged 35 to 39 years","Female",7863
"W06000016","Rhondda Cynon Taf","Lives in a household","Aged 40 to 44 years","Female",6900
"W06000016","Rhondda Cynon Taf","Lives in a household","Aged 45 to 49 years","Female",7570
"W06000016","Rhondda Cynon Taf","Lives in a household","Aged 50 to 54 years","Female",8457
"W06000016","Rhondda Cynon Taf","Lives in a household","Aged 55 to 59 years","Female",8478
"W06000016","Rhondda Cynon Taf","Lives in a household","Aged 60 to 64 years","Female",7364
"W06000016","Rhondda Cynon Taf","Lives in a household","Aged 65 years","Female",1335
"W06000016","Rhondda Cynon Taf","Lives in a household","Aged 66 to 69 years","Female",5255
"W06000016","Rhondda Cynon Taf","Lives in a household","Aged 70 to 74 years","Female",6770
"W06000016","Rhondda Cynon Taf","Lives in a household","Aged 75 to 79 years","Female",4782
"W06000016","Rhondda Cynon Taf","Lives in a household","Aged 80 to 84 years","Female",3335
"W06000016","Rhondda Cynon Taf","Lives in a household","Aged 85 years and over","Female",2833
"W06000018","Caerphilly","Lives in a household","Total","Female",89444
"W06000018","Caerphilly","Lives in a household","Aged 2 years and under","Female",2610
"W06000018","Caerphilly","Lives in a household","Aged 3 to 4 years","Female",1944
"W06000018","Caerphilly","Lives in a household","Aged 5 to 7 years","Female",3053
"W06000018","Caerphilly","Lives in a household","Aged 8 to 9 years","Female",2079
"W06000018","Caerphilly","Lives in a household","Aged 10 to 14 years","Female",5289
"W06000018","Caerphilly","Lives in a household","Aged 15 years","Female",966
"W06000018","Caerphilly","Lives in a household","Aged 16 to 17 years","Female",1958
"W06000018","Caerphilly","Lives in a household","Aged 18 to 19 years","Female",1589
"W06000018","Caerphilly","Lives in a household","Aged 20 to 24 years","Female",4369
"W06000018","Caerphilly","Lives in a household","Aged 25 to 29 years","Female",5585
"W06000018","Caerphilly","Lives in a household","Aged 30 to 34 years","Female",5990
"W06000018","Caerphilly","Lives in a household","Aged 35 to 39 years","Female",5886
"W06000018","Caerphilly","Lives in a household","Aged 40 to 44 years","Female",5459
"W06000018","Caerphilly","Lives in a household","Aged 45 to 49 years","Female",5623
"W06000018","Caerphilly","Lives in a household","Aged 50 to 54 years","Female",6445
"W06000018","Caerphilly","Lives in a household","Aged 55 to 59 years","Female",6390
"W06000018","Caerphilly","Lives in a household","Aged 60 to 64 years","Female",5559
"W06000018","Caerphilly","Lives in a household","Aged 65 years","Female",1056
"W06000018","Caerphilly","Lives in a household","Aged 66 to 69 years","Female",4059
"W06000018","Caerphilly","Lives in a household","Aged 70 to 74 years","Female",5194
"W06000018","Caerphilly","Lives in a household","Aged 75 to 79 years","Female",3698
"W06000018","Caerphilly","Lives in a household","Aged 80 to 84 years","Female",2459
"W06000018","Caerphilly","Lives in a household","Aged 85 years and over","Female",2184
"W06000019","Blaenau Gwent","Lives in a household","Total","Female",33857
"W06000019","Blaenau Gwent","Lives in a household","Aged 2 years and under","Female",1002
"W06000019","Blaenau Gwent","Lives in a household","Aged 3 to 4 years","Female",725
"W06000019","Blaenau Gwent","Lives in a household","Aged 5 to 7 years","Female",1051
"W06000019","Blaenau Gwent","Lives in a household","Aged 8 to 9 years","Female",751
"W06000019","Blaenau Gwent","Lives in a household","Aged 10 to 14 years","Female",1873
"W06000019","Blaenau Gwent","Lives in a household","Aged 15 years","Female",366
"W06000019","Blaenau Gwent","Lives in a household","Aged 16 to 17 years","Female",651
"W06000019","Blaenau Gwent","Lives in a household","Aged 18 to 19 years","Female",611
"W06000019","Blaenau Gwent","Lives in a household","Aged 20 to 24 years","Female",1748
"W06000019","Blaenau Gwent","Lives in a household","Aged 25 to 29 years","Female",2308
"W06000019","Blaenau Gwent","Lives in a household","Aged 30 to 34 years","Female",2412
"W06000019","Blaenau Gwent","Lives in a household","Aged 35 to 39 years","Female",2017
"W06000019","Blaenau Gwent","Lives in a household","Aged 40 to 44 years","Female",1894
"W06000019","Blaenau Gwent","Lives in a household","Aged 45 to 49 years","Female",2050
"W06000019","Blaenau Gwent","Lives in a household","Aged 50 to 54 years","Female",2633
"W06000019","Blaenau Gwent","Lives in a household","Aged 55 to 59 years","Female",2600
"W06000019","Blaenau Gwent","Lives in a household","Aged 60 to 64 years","Female",2212
"W06000019","Blaenau Gwent","Lives in a household","Aged 65 years","Female",341
"W06000019","Blaenau Gwent","Lives in a household","Aged 66 to 69 years","Female",1482
"W06000019","Blaenau Gwent","Lives in a household","Aged 70 to 74 years","Female",1938
"W06000019","Blaenau Gwent","Lives in a household","Aged 75 to 79 years","Female",1438
"W06000019","Blaenau Gwent","Lives in a household","Aged 80 to 84 years","Female",956
"W06000019","Blaenau Gwent","Lives in a household","Aged 85 years and over","Female",798
"W06000020","Torfaen","Lives in a household","Total","Female",47044
"W06000020","Torfaen","Lives in a household","Aged 2 years and under","Female",1397
"W06000020","Torfaen","Lives in a household","Aged 3 to 4 years","Female",1012
"W06000020","Torfaen","Lives in a household","Aged 5 to 7 years","Female",1521
"W06000020","Torfaen","Lives in a household","Aged 8 to 9 years","Female",1111
"W06000020","Torfaen","Lives in a household","Aged 10 to 14 years","Female",2737
"W06000020","Torfaen","Lives in a household","Aged 15 years","Female",539
"W06000020","Torfaen","Lives in a household","Aged 16 to 17 years","Female",1005
"W06000020","Torfaen","Lives in a household","Aged 18 to 19 years","Female",810
"W06000020","Torfaen","Lives in a household","Aged 20 to 24 years","Female",2310
"W06000020","Torfaen","Lives in a household","Aged 25 to 29 years","Female",3042
"W06000020","Torfaen","Lives in a household","Aged 30 to 34 years","Female",3341
"W06000020","Torfaen","Lives in a household","Aged 35 to 39 years","Female",2933
"W06000020","Torfaen","Lives in a household","Aged 40 to 44 years","Female",2712
"W06000020","Torfaen","Lives in a household","Aged 45 to 49 years","Female",2767
"W06000020","Torfaen","Lives in a household","Aged 50 to 54 years","Female",3299
"W06000020","Torfaen","Lives in a household","Aged 55 to 59 years","Female",3456
"W06000020","Torfaen","Lives in a household","Aged 60 to 64 years","Female",2966
"W06000020","Torfaen","Lives in a household","Aged 65 years","Female",543
"W06000020","Torfaen","Lives in a household","Aged 66 to 69 years","Female",2215
"W06000020","Torfaen","Lives in a household","Aged 70 to 74 years","Female",2673
"W06000020","Torfaen","Lives in a household","Aged 75 to 79 years","Female",2012
"W06000020","Torfaen","Lives in a household","Aged 80 to 84 years","Female",1344
"W06000020","Torfaen","Lives in a household","Aged 85 years and over","Female",1299
"W06000021","Monmouthshire","Lives in a household","Total","Female",46830
"W06000021","Monmouthshire","Lives in a household","Aged 2 years and under","Female",1118
"W06000021","Monmouthshire","Lives in a household","Aged 3 to 4 years","Female",783
"W06000021","Monmouthshire","Lives in a household","Aged 5 to 7 years","Female",1267
"W06000021","Monmouthshire","Lives in a household","Aged 8 to 9 years","Female",947
"W06000021","Monmouthshire","Lives in a household","Aged 10 to 14 years","Female",2485
"W06000021","Monmouthshire","Lives in a household","Aged 15 years","Female",452
"W06000021","Monmouthshire","Lives in a household","Aged 16 to 17 years","Female",949
"W06000021","Monmouthshire","Lives in a household","Aged 18 to 19 years","Female",725
"W06000021","Monmouthshire","Lives in a household","Aged 20 to 24 years","Female",1827
"W06000021","Monmouthshire","Lives in a household","Aged 25 to 29 years","Female",2195
"W06000021","Monmouthshire","Lives in a household","Aged 30 to 34 years","Female",2359
"W06000021","Monmouthshire","Lives in a household","Aged 35 to 39 years","Female",2574
"W06000021","Monmouthshire","Lives in a household","Aged 40 to 44 years","Female",2570
"W06000021","Monmouthshire","Lives in a household","Aged 45 to 49 years","Female",2966
"W06000021","Monmouthshire","Lives in a household","Aged 50 to 54 years","Female",3746
"W06000021","Monmouthshire","Lives in a household","Aged 55 to 59 years","Female",4028
"W06000021","Monmouthshire","Lives in a household","Aged 60 to 64 years","Female",3341
"W06000021","Monmouthshire","Lives in a household","Aged 65 years","Female",627
"W06000021","Monmouthshire","Lives in a household","Aged 66 to 69 years","Female",2547
"W06000021","Monmouthshire","Lives in a household","Aged 70 to 74 years","Female",3280
"W06000021","Monmouthshire","Lives in a household","Aged 75 to 79 years","Female",2571
"W06000021","Monmouthshire","Lives in a household","Aged 80 to 84 years","Female",1730
"W06000021","Monmouthshire","Lives in a household","Aged 85 years and over","Female",1743
"W06000022","Newport","Lives in a household","Total","Female",80389
"W06000022","Newport","Lives in a household","Aged 2 years and under","Female",2747
"W06000022","Newport","Lives in a household","Aged 3 to 4 years","Female",2046
"W06000022","Newport","Lives in a household","Aged 5 to 7 years","Female",3023
"W06000022","Newport","Lives in a household","Aged 8 to 9 years","Female",1953
"W06000022","Newport","Lives in a household","Aged 10 to 14 years","Female",5009
"W06000022","Newport","Lives in a household","Aged 15 years","Female",924
"W06000022","Newport","Lives in a household","Aged 16 to 17 years","Female",1814
"W06000022","Newport","Lives in a household","Aged 18 to 19 years","Female",1415
"W06000022","Newport","Lives in a household","Aged 20 to 24 years","Female",4240
"W06000022","Newport","Lives in a household","Aged 25 to 29 years","Female",5692
"W06000022","Newport","Lives in a household","Aged 30 to 34 years","Female",6401
"W06000022","Newport","Lives in a household","Aged 35 to 39 years","Female",5701
"W06000022","Newport","Lives in a household","Aged 40 to 44 years","Female",4941
"W06000022","Newport","Lives in a household","Aged 45 to 49 years","Female",4878
"W06000022","Newport","Lives in a household","Aged 50 to 54 years","Female",5471
"W06000022","Newport","Lives in a household","Aged 55 to 59 years","Female",5428
"W06000022","Newport","Lives in a household","Aged 60 to 64 years","Female",4494
"W06000022","Newport","Lives in a household","Aged 65 years","Female",722
"W06000022","Newport","Lives in a household","Aged 66 to 69 years","Female",2970
"W06000022","Newport","Lives in a household","Aged 70 to 74 years","Female",3739
"W06000022","Newport","Lives in a household","Aged 75 to 79 years","Female",2859
"W06000022","Newport","Lives in a household","Aged 80 to 84 years","Female",2061
"W06000022","Newport","Lives in a household","Aged 85 years and over","Female",1861
"W06000023","Powys","Lives in a household","Total","Female",66750
"W06000023","Powys","Lives in a household","Aged 2 years and under","Female",1588
"W06000023","Powys","Lives in a household","Aged 3 to 4 years","Female",1187
"W06000023","Powys","Lives in a household","Aged 5 to 7 years","Female",1855
"W06000023","Powys","Lives in a household","Aged 8 to 9 years","Female",1317
"W06000023","Powys","Lives in a household","Aged 10 to 14 years","Female",3391
"W06000023","Powys","Lives in a household","Aged 15 years","Female",665
"W06000023","Powys","Lives in a household","Aged 16 to 17 years","Female",1358
"W06000023","Powys","Lives in a household","Aged 18 to 19 years","Female",1006
"W06000023","Powys","Lives in a household","Aged 20 to 24 years","Female",2620
"W06000023","Powys","Lives in a household","Aged 25 to 29 years","Female",3141
"W06000023","Powys","Lives in a household","Aged 30 to 34 years","Female",3355
"W06000023","Powys","Lives in a household","Aged 35 to 39 years","Female",3282
"W06000023","Powys","Lives in a household","Aged 40 to 44 years","Female",3230
"W06000023","Powys","Lives in a household","Aged 45 to 49 years","Female",3960
"W06000023","Powys","Lives in a household","Aged 50 to 54 years","Female",5079
"W06000023","Powys","Lives in a household","Aged 55 to 59 years","Female",5440
"W06000023","Powys","Lives in a household","Aged 60 to 64 years","Female",5308
"W06000023","Powys","Lives in a household","Aged 65 years","Female",965
"W06000023","Powys","Lives in a household","Aged 66 to 69 years","Female",4000
"W06000023","Powys","Lives in a household","Aged 70 to 74 years","Female",5007
"W06000023","Powys","Lives in a household","Aged 75 to 79 years","Female",3844
"W06000023","Powys","Lives in a household","Aged 80 to 84 years","Female",2614
"W06000023","Powys","Lives in a household","Aged 85 years and over","Female",2538
"W06000024","Merthyr Tydfil","Lives in a household","Total","Female",29806
"W06000024","Merthyr Tydfil","Lives in a household","Aged 2 years and under","Female",935
"W06000024","Merthyr Tydfil","Lives in a household","Aged 3 to 4 years","Female",659
"W06000024","Merthyr Tydfil","Lives in a household","Aged 5 to 7 years","Female",1050
"W06000024","Merthyr Tydfil","Lives in a household","Aged 8 to 9 years","Female",737
"W06000024","Merthyr Tydfil","Lives in a household","Aged 10 to 14 years","Female",1713
"W06000024","Merthyr Tydfil","Lives in a household","Aged 15 years","Female",306
"W06000024","Merthyr Tydfil","Lives in a household","Aged 16 to 17 years","Female",645
"W06000024","Merthyr Tydfil","Lives in a household","Aged 18 to 19 years","Female",537
"W06000024","Merthyr Tydfil","Lives in a household","Aged 20 to 24 years","Female",1609
"W06000024","Merthyr Tydfil","Lives in a household","Aged 25 to 29 years","Female",1914
"W06000024","Merthyr Tydfil","Lives in a household","Aged 30 to 34 years","Female",2168
"W06000024","Merthyr Tydfil","Lives in a household","Aged 35 to 39 years","Female",2098
"W06000024","Merthyr Tydfil","Lives in a household","Aged 40 to 44 years","Female",1685
"W06000024","Merthyr Tydfil","Lives in a household","Aged 45 to 49 years","Female",1808
"W06000024","Merthyr Tydfil","Lives in a household","Aged 50 to 54 years","Female",2138
"W06000024","Merthyr Tydfil","Lives in a household","Aged 55 to 59 years","Female",2196
"W06000024","Merthyr Tydfil","Lives in a household","Aged 60 to 64 years","Female",1871
"W06000024","Merthyr Tydfil","Lives in a household","Aged 65 years","Female",344
"W06000024","Merthyr Tydfil","Lives in a household","Aged 66 to 69 years","Female",1261
"W06000024","Merthyr Tydfil","Lives in a household","Aged 70 to 74 years","Female",1637
"W06000024","Merthyr Tydfil","Lives in a household","Aged 75 to 79 years","Female",1082
"W06000024","Merthyr Tydfil","Lives in a household","Aged 80 to 84 years","Female",754
"W06000024","Merthyr Tydfil","Lives in a household","Aged 85 years and over","Female",659
