BRMA,Year,Measure,Beds,Value
Scotland,2010,Mean,1 Bedroom,441.9
Aberdeen and Shire,2010,Mean,1 Bedroom,528.64
Argyll and Bute,2010,Mean,1 Bedroom,382.06
Ayrshires,2010,Mean,1 Bedroom,375.42
Dumfries and Galloway,2010,Mean,1 Bedroom,358.94
Dundee and Angus,2010,Mean,1 Bedroom,350.87
East Dunbartonshire,2010,Mean,1 Bedroom,449.59
Fife,2010,Mean,1 Bedroom,378.99
Forth Valley,2010,Mean,1 Bedroom,386.8
Greater Glasgow,2010,Mean,1 Bedroom,437.14
Highland and Islands,2010,Mean,1 Bedroom,415.01
Lothian,2010,Mean,1 Bedroom,520.36
North Lanarkshire,2010,Mean,1 Bedroom,373.16
Perth and Kinross,2010,Mean,1 Bedroom,377.44
Renfrewshire / Inverclyde,2010,Mean,1 Bedroom,374.39
Scottish Borders,2010,Mean,1 Bedroom,336.19
South Lanarkshire,2010,Mean,1 Bedroom,382.47
West Dunbartonshire,2010,Mean,1 Bedroom,396.84
West Lothian,2010,Mean,1 Bedroom,428.18
Scotland,2011,Mean,1 Bedroom,450.626023
Aberdeen and Shire,2011,Mean,1 Bedroom,540.49
Argyll and Bute,2011,Mean,1 Bedroom,369.11
Ayrshires,2011,Mean,1 Bedroom,378.48
Dumfries and Galloway,2011,Mean,1 Bedroom,367.22
Dundee and Angus,2011,Mean,1 Bedroom,360.3
East Dunbartonshire,2011,Mean,1 Bedroom,456.61
Fife,2011,Mean,1 Bedroom,383.44
Forth Valley,2011,Mean,1 Bedroom,384.61
Greater Glasgow,2011,Mean,1 Bedroom,451.11
Highland and Islands,2011,Mean,1 Bedroom,419.9
Lothian,2011,Mean,1 Bedroom,535.28
North Lanarkshire,2011,Mean,1 Bedroom,378.99
Perth and Kinross,2011,Mean,1 Bedroom,377.57
Renfrewshire / Inverclyde,2011,Mean,1 Bedroom,373.37
Scottish Borders,2011,Mean,1 Bedroom,344.54
South Lanarkshire,2011,Mean,1 Bedroom,384.89
West Dunbartonshire,2011,Mean,1 Bedroom,390.11
West Lothian,2011,Mean,1 Bedroom,435.58
Scotland,2012,Mean,1 Bedroom,448.765635
Aberdeen and Shire,2012,Mean,1 Bedroom,555.25
Argyll and Bute,2012,Mean,1 Bedroom,383.07
Ayrshires,2012,Mean,1 Bedroom,365.01
Dumfries and Galloway,2012,Mean,1 Bedroom,366.47
Dundee and Angus,2012,Mean,1 Bedroom,361.48
East Dunbartonshire,2012,Mean,1 Bedroom,440.86
Fife,2012,Mean,1 Bedroom,387.33
Forth Valley,2012,Mean,1 Bedroom,392.76
Greater Glasgow,2012,Mean,1 Bedroom,444.05
Highland and Islands,2012,Mean,1 Bedroom,424.36
Lothian,2012,Mean,1 Bedroom,541.55
North Lanarkshire,2012,Mean,1 Bedroom,382.48
Perth and Kinross,2012,Mean,1 Bedroom,380.4
Renfrewshire / Inverclyde,2012,Mean,1 Bedroom,370.31
Scottish Borders,2012,Mean,1 Bedroom,336.91
South Lanarkshire,2012,Mean,1 Bedroom,379
West Dunbartonshire,2012,Mean,1 Bedroom,399.03
West Lothian,2012,Mean,1 Bedroom,435.6
Scotland,2013,Mean,1 Bedroom,456.935741
Aberdeen and Shire,2013,Mean,1 Bedroom,600.18
Argyll and Bute,2013,Mean,1 Bedroom,398.82
Ayrshires,2013,Mean,1 Bedroom,369.38
Dumfries and Galloway,2013,Mean,1 Bedroom,374.15
Dundee and Angus,2013,Mean,1 Bedroom,362.12
East Dunbartonshire,2013,Mean,1 Bedroom,465.96
Fife,2013,Mean,1 Bedroom,381.48
Forth Valley,2013,Mean,1 Bedroom,388.84
Greater Glasgow,2013,Mean,1 Bedroom,455.78
Highland and Islands,2013,Mean,1 Bedroom,430.75
Lothian,2013,Mean,1 Bedroom,555.27
North Lanarkshire,2013,Mean,1 Bedroom,382.66
Perth and Kinross,2013,Mean,1 Bedroom,396.18
Renfrewshire / Inverclyde,2013,Mean,1 Bedroom,377.76
Scottish Borders,2013,Mean,1 Bedroom,331.99
South Lanarkshire,2013,Mean,1 Bedroom,375.26
West Dunbartonshire,2013,Mean,1 Bedroom,392.2
West Lothian,2013,Mean,1 Bedroom,433.11
Scotland,2014,Mean,1 Bedroom,479.536756
Aberdeen and Shire,2014,Mean,1 Bedroom,663.52
Argyll and Bute,2014,Mean,1 Bedroom,395.47
Ayrshires,2014,Mean,1 Bedroom,364.83
Dumfries and Galloway,2014,Mean,1 Bedroom,369.27
Dundee and Angus,2014,Mean,1 Bedroom,369.12
East Dunbartonshire,2014,Mean,1 Bedroom,472.07
Fife,2014,Mean,1 Bedroom,405.31
Forth Valley,2014,Mean,1 Bedroom,387.39
Greater Glasgow,2014,Mean,1 Bedroom,476.49
Highland and Islands,2014,Mean,1 Bedroom,439.51
Lothian,2014,Mean,1 Bedroom,582.18
North Lanarkshire,2014,Mean,1 Bedroom,375.12
Perth and Kinross,2014,Mean,1 Bedroom,388.83
Renfrewshire / Inverclyde,2014,Mean,1 Bedroom,377.5
Scottish Borders,2014,Mean,1 Bedroom,337.33
South Lanarkshire,2014,Mean,1 Bedroom,379.54
West Dunbartonshire,2014,Mean,1 Bedroom,390
West Lothian,2014,Mean,1 Bedroom,448.15
Scotland,2015,Mean,1 Bedroom,497.859327
Aberdeen and Shire,2015,Mean,1 Bedroom,666.96
Argyll and Bute,2015,Mean,1 Bedroom,398.16
Ayrshires,2015,Mean,1 Bedroom,362.86
Dumfries and Galloway,2015,Mean,1 Bedroom,373.39
Dundee and Angus,2015,Mean,1 Bedroom,381.24
East Dunbartonshire,2015,Mean,1 Bedroom,461.49
Fife,2015,Mean,1 Bedroom,395.12
Forth Valley,2015,Mean,1 Bedroom,396.32
Greater Glasgow,2015,Mean,1 Bedroom,501.23
Highland and Islands,2015,Mean,1 Bedroom,449.77
Lothian,2015,Mean,1 Bedroom,619.9
North Lanarkshire,2015,Mean,1 Bedroom,383.63
Perth and Kinross,2015,Mean,1 Bedroom,402.5
Renfrewshire / Inverclyde,2015,Mean,1 Bedroom,372.21
Scottish Borders,2015,Mean,1 Bedroom,339.71
South Lanarkshire,2015,Mean,1 Bedroom,384.36
West Dunbartonshire,2015,Mean,1 Bedroom,390.14
West Lothian,2015,Mean,1 Bedroom,445.29
Scotland,2016,Mean,1 Bedroom,503.247756
Aberdeen and Shire,2016,Mean,1 Bedroom,565.87
Argyll and Bute,2016,Mean,1 Bedroom,412.33
Ayrshires,2016,Mean,1 Bedroom,366.26
Dumfries and Galloway,2016,Mean,1 Bedroom,384.25
Dundee and Angus,2016,Mean,1 Bedroom,383.14
East Dunbartonshire,2016,Mean,1 Bedroom,478.92
Fife,2016,Mean,1 Bedroom,402.75
Forth Valley,2016,Mean,1 Bedroom,407.52
Greater Glasgow,2016,Mean,1 Bedroom,520.03
Highland and Islands,2016,Mean,1 Bedroom,460.5
Lothian,2016,Mean,1 Bedroom,652.92
North Lanarkshire,2016,Mean,1 Bedroom,381.35
Perth and Kinross,2016,Mean,1 Bedroom,408.15
Renfrewshire / Inverclyde,2016,Mean,1 Bedroom,391.6
Scottish Borders,2016,Mean,1 Bedroom,337.92
South Lanarkshire,2016,Mean,1 Bedroom,381
West Dunbartonshire,2016,Mean,1 Bedroom,400.42
West Lothian,2016,Mean,1 Bedroom,469.89
Scotland,2017,Mean,1 Bedroom,514.987022
Aberdeen and Shire,2017,Mean,1 Bedroom,500.65
Argyll and Bute,2017,Mean,1 Bedroom,417.15
Ayrshires,2017,Mean,1 Bedroom,369.97
Dumfries and Galloway,2017,Mean,1 Bedroom,383.46
Dundee and Angus,2017,Mean,1 Bedroom,393.68
East Dunbartonshire,2017,Mean,1 Bedroom,487.82
Fife,2017,Mean,1 Bedroom,411.45
Forth Valley,2017,Mean,1 Bedroom,414.77
Greater Glasgow,2017,Mean,1 Bedroom,549.05
Highland and Islands,2017,Mean,1 Bedroom,470.38
Lothian,2017,Mean,1 Bedroom,704.27
North Lanarkshire,2017,Mean,1 Bedroom,389.89
Perth and Kinross,2017,Mean,1 Bedroom,416.14
Renfrewshire / Inverclyde,2017,Mean,1 Bedroom,386.61
Scottish Borders,2017,Mean,1 Bedroom,344.95
South Lanarkshire,2017,Mean,1 Bedroom,391.49
West Dunbartonshire,2017,Mean,1 Bedroom,398.63
West Lothian,2017,Mean,1 Bedroom,477.15
Scotland,2018,Mean,1 Bedroom,520.13974
Aberdeen and Shire,2018,Mean,1 Bedroom,472.58
Argyll and Bute,2018,Mean,1 Bedroom,424.27
Ayrshires,2018,Mean,1 Bedroom,370.39
Dumfries and Galloway,2018,Mean,1 Bedroom,388.91
Dundee and Angus,2018,Mean,1 Bedroom,390.16
East Dunbartonshire,2018,Mean,1 Bedroom,521.18
Fife,2018,Mean,1 Bedroom,413.36
Forth Valley,2018,Mean,1 Bedroom,427.86
Greater Glasgow,2018,Mean,1 Bedroom,572.22
Highland and Islands,2018,Mean,1 Bedroom,470.55
Lothian,2018,Mean,1 Bedroom,727.5
North Lanarkshire,2018,Mean,1 Bedroom,393.95
Perth and Kinross,2018,Mean,1 Bedroom,409.96
Renfrewshire / Inverclyde,2018,Mean,1 Bedroom,384.48
Scottish Borders,2018,Mean,1 Bedroom,356.96
South Lanarkshire,2018,Mean,1 Bedroom,397.07
West Dunbartonshire,2018,Mean,1 Bedroom,404.79
West Lothian,2018,Mean,1 Bedroom,489.92
Scotland,2019,Mean,1 Bedroom,532.476701
Aberdeen and Shire,2019,Mean,1 Bedroom,470.17
Argyll and Bute,2019,Mean,1 Bedroom,416.81
Ayrshires,2019,Mean,1 Bedroom,370.11
Dumfries and Galloway,2019,Mean,1 Bedroom,404.29
Dundee and Angus,2019,Mean,1 Bedroom,401.52
East Dunbartonshire,2019,Mean,1 Bedroom,525.56
Fife,2019,Mean,1 Bedroom,422.29
Forth Valley,2019,Mean,1 Bedroom,438.14
Greater Glasgow,2019,Mean,1 Bedroom,584.63
Highland and Islands,2019,Mean,1 Bedroom,477.71
Lothian,2019,Mean,1 Bedroom,752.08
North Lanarkshire,2019,Mean,1 Bedroom,391.08
Perth and Kinross,2019,Mean,1 Bedroom,426.83
Renfrewshire / Inverclyde,2019,Mean,1 Bedroom,391.61
Scottish Borders,2019,Mean,1 Bedroom,359.59
South Lanarkshire,2019,Mean,1 Bedroom,406.35
West Dunbartonshire,2019,Mean,1 Bedroom,403.34
West Lothian,2019,Mean,1 Bedroom,503.63
Scotland,2020,Mean,1 Bedroom,542.184246
Aberdeen and Shire,2020,Mean,1 Bedroom,457.3
Argyll and Bute,2020,Mean,1 Bedroom,439.61
Ayrshires,2020,Mean,1 Bedroom,375.8
Dumfries and Galloway,2020,Mean,1 Bedroom,395.07
Dundee and Angus,2020,Mean,1 Bedroom,405.18
East Dunbartonshire,2020,Mean,1 Bedroom,537.6
Fife,2020,Mean,1 Bedroom,441.34
Forth Valley,2020,Mean,1 Bedroom,438.51
Greater Glasgow,2020,Mean,1 Bedroom,604.51
Highland and Islands,2020,Mean,1 Bedroom,492.91
Lothian,2020,Mean,1 Bedroom,760.16
North Lanarkshire,2020,Mean,1 Bedroom,395.7
Perth and Kinross,2020,Mean,1 Bedroom,428.15
Renfrewshire / Inverclyde,2020,Mean,1 Bedroom,401.49
Scottish Borders,2020,Mean,1 Bedroom,366.34
South Lanarkshire,2020,Mean,1 Bedroom,412.46
West Dunbartonshire,2020,Mean,1 Bedroom,404.49
West Lothian,2020,Mean,1 Bedroom,512.51
Scotland,2021,Mean,1 Bedroom,545.671431
Aberdeen and Shire,2021,Mean,1 Bedroom,455.14
Argyll and Bute,2021,Mean,1 Bedroom,440.14
Ayrshires,2021,Mean,1 Bedroom,403.94
Dumfries and Galloway,2021,Mean,1 Bedroom,405.58
Dundee and Angus,2021,Mean,1 Bedroom,414.48
East Dunbartonshire,2021,Mean,1 Bedroom,534.46
Fife,2021,Mean,1 Bedroom,462.23
Forth Valley,2021,Mean,1 Bedroom,467.63
Greater Glasgow,2021,Mean,1 Bedroom,604.29
Highland and Islands,2021,Mean,1 Bedroom,494.03
Lothian,2021,Mean,1 Bedroom,755.38
North Lanarkshire,2021,Mean,1 Bedroom,398.48
Perth and Kinross,2021,Mean,1 Bedroom,438.66
Renfrewshire / Inverclyde,2021,Mean,1 Bedroom,391.98
Scottish Borders,2021,Mean,1 Bedroom,387.21
South Lanarkshire,2021,Mean,1 Bedroom,411.31
West Dunbartonshire,2021,Mean,1 Bedroom,419.69
West Lothian,2021,Mean,1 Bedroom,520.55
Scotland,2022,Mean,1 Bedroom,579.941279
Aberdeen and Shire,2022,Mean,1 Bedroom,468.92
Argyll and Bute,2022,Mean,1 Bedroom,454.06
Ayrshires,2022,Mean,1 Bedroom,404.89
Dumfries and Galloway,2022,Mean,1 Bedroom,398.48
Dundee and Angus,2022,Mean,1 Bedroom,438.64
East Dunbartonshire,2022,Mean,1 Bedroom,580.35
Fife,2022,Mean,1 Bedroom,491.91
Forth Valley,2022,Mean,1 Bedroom,510.5
Greater Glasgow,2022,Mean,1 Bedroom,648.09
Highland and Islands,2022,Mean,1 Bedroom,524.12
Lothian,2022,Mean,1 Bedroom,806.92
North Lanarkshire,2022,Mean,1 Bedroom,446.71
Perth and Kinross,2022,Mean,1 Bedroom,457.33
Renfrewshire / Inverclyde,2022,Mean,1 Bedroom,424.74
Scottish Borders,2022,Mean,1 Bedroom,397.15
South Lanarkshire,2022,Mean,1 Bedroom,448.41
West Dunbartonshire,2022,Mean,1 Bedroom,444.98
West Lothian,2022,Mean,1 Bedroom,538.52
Scotland,2023,Mean,1 Bedroom,647.956553
Aberdeen and Shire,2023,Mean,1 Bedroom,518.4
Argyll and Bute,2023,Mean,1 Bedroom,531.55
Ayrshires,2023,Mean,1 Bedroom,426.21
Dumfries and Galloway,2023,Mean,1 Bedroom,424.26
Dundee and Angus,2023,Mean,1 Bedroom,473.43
East Dunbartonshire,2023,Mean,1 Bedroom,644.85
Fife,2023,Mean,1 Bedroom,523.38
Forth Valley,2023,Mean,1 Bedroom,533.33
Greater Glasgow,2023,Mean,1 Bedroom,792.15
Highland and Islands,2023,Mean,1 Bedroom,533.18
Lothian,2023,Mean,1 Bedroom,885.47
North Lanarkshire,2023,Mean,1 Bedroom,477.14
Perth and Kinross,2023,Mean,1 Bedroom,472.14
Renfrewshire / Inverclyde,2023,Mean,1 Bedroom,463.49
Scottish Borders,2023,Mean,1 Bedroom,428.79
South Lanarkshire,2023,Mean,1 Bedroom,490.19
West Dunbartonshire,2023,Mean,1 Bedroom,507.73
West Lothian,2023,Mean,1 Bedroom,559.22
Scotland,2010,Median,1 Bedroom,N/A
Aberdeen and Shire,2010,Median,1 Bedroom,525
Argyll and Bute,2010,Median,1 Bedroom,395
Ayrshires,2010,Median,1 Bedroom,375
Dumfries and Galloway,2010,Median,1 Bedroom,360
Dundee and Angus,2010,Median,1 Bedroom,350
East Dunbartonshire,2010,Median,1 Bedroom,425
Fife,2010,Median,1 Bedroom,370
Forth Valley,2010,Median,1 Bedroom,375
Greater Glasgow,2010,Median,1 Bedroom,425
Highland and Islands,2010,Median,1 Bedroom,420
Lothian,2010,Median,1 Bedroom,500
North Lanarkshire,2010,Median,1 Bedroom,375
Perth and Kinross,2010,Median,1 Bedroom,380
Renfrewshire / Inverclyde,2010,Median,1 Bedroom,375
Scottish Borders,2010,Median,1 Bedroom,335
South Lanarkshire,2010,Median,1 Bedroom,375
West Dunbartonshire,2010,Median,1 Bedroom,395
West Lothian,2010,Median,1 Bedroom,425
Scotland,2011,Median,1 Bedroom,N/A
Aberdeen and Shire,2011,Median,1 Bedroom,550
Argyll and Bute,2011,Median,1 Bedroom,395
Ayrshires,2011,Median,1 Bedroom,375
Dumfries and Galloway,2011,Median,1 Bedroom,375
Dundee and Angus,2011,Median,1 Bedroom,350
East Dunbartonshire,2011,Median,1 Bedroom,450
Fife,2011,Median,1 Bedroom,375
Forth Valley,2011,Median,1 Bedroom,385
Greater Glasgow,2011,Median,1 Bedroom,450
Highland and Islands,2011,Median,1 Bedroom,420
Lothian,2011,Median,1 Bedroom,525
North Lanarkshire,2011,Median,1 Bedroom,375
Perth and Kinross,2011,Median,1 Bedroom,380
Renfrewshire / Inverclyde,2011,Median,1 Bedroom,372.5
Scottish Borders,2011,Median,1 Bedroom,350
South Lanarkshire,2011,Median,1 Bedroom,375
West Dunbartonshire,2011,Median,1 Bedroom,395
West Lothian,2011,Median,1 Bedroom,435
Scotland,2012,Median,1 Bedroom,N/A
Aberdeen and Shire,2012,Median,1 Bedroom,550
Argyll and Bute,2012,Median,1 Bedroom,395
Ayrshires,2012,Median,1 Bedroom,350
Dumfries and Galloway,2012,Median,1 Bedroom,370
Dundee and Angus,2012,Median,1 Bedroom,360
East Dunbartonshire,2012,Median,1 Bedroom,425
Fife,2012,Median,1 Bedroom,375
Forth Valley,2012,Median,1 Bedroom,395
Greater Glasgow,2012,Median,1 Bedroom,430
Highland and Islands,2012,Median,1 Bedroom,425
Lothian,2012,Median,1 Bedroom,525
North Lanarkshire,2012,Median,1 Bedroom,375
Perth and Kinross,2012,Median,1 Bedroom,380
Renfrewshire / Inverclyde,2012,Median,1 Bedroom,365
Scottish Borders,2012,Median,1 Bedroom,340
South Lanarkshire,2012,Median,1 Bedroom,375
West Dunbartonshire,2012,Median,1 Bedroom,395
West Lothian,2012,Median,1 Bedroom,435
Scotland,2013,Median,1 Bedroom,N/A
Aberdeen and Shire,2013,Median,1 Bedroom,600
Argyll and Bute,2013,Median,1 Bedroom,400
Ayrshires,2013,Median,1 Bedroom,360
Dumfries and Galloway,2013,Median,1 Bedroom,375
Dundee and Angus,2013,Median,1 Bedroom,350
East Dunbartonshire,2013,Median,1 Bedroom,450
Fife,2013,Median,1 Bedroom,375
Forth Valley,2013,Median,1 Bedroom,390
Greater Glasgow,2013,Median,1 Bedroom,450
Highland and Islands,2013,Median,1 Bedroom,430
Lothian,2013,Median,1 Bedroom,525
North Lanarkshire,2013,Median,1 Bedroom,375
Perth and Kinross,2013,Median,1 Bedroom,395
Renfrewshire / Inverclyde,2013,Median,1 Bedroom,375
Scottish Borders,2013,Median,1 Bedroom,325
South Lanarkshire,2013,Median,1 Bedroom,375
West Dunbartonshire,2013,Median,1 Bedroom,395
West Lothian,2013,Median,1 Bedroom,435
Scotland,2014,Median,1 Bedroom,N/A
Aberdeen and Shire,2014,Median,1 Bedroom,650
Argyll and Bute,2014,Median,1 Bedroom,395
Ayrshires,2014,Median,1 Bedroom,360
Dumfries and Galloway,2014,Median,1 Bedroom,375
Dundee and Angus,2014,Median,1 Bedroom,365
East Dunbartonshire,2014,Median,1 Bedroom,450
Fife,2014,Median,1 Bedroom,395
Forth Valley,2014,Median,1 Bedroom,392.5
Greater Glasgow,2014,Median,1 Bedroom,450
Highland and Islands,2014,Median,1 Bedroom,445
Lothian,2014,Median,1 Bedroom,550
North Lanarkshire,2014,Median,1 Bedroom,375
Perth and Kinross,2014,Median,1 Bedroom,392.5
Renfrewshire / Inverclyde,2014,Median,1 Bedroom,375
Scottish Borders,2014,Median,1 Bedroom,350
South Lanarkshire,2014,Median,1 Bedroom,375
West Dunbartonshire,2014,Median,1 Bedroom,395
West Lothian,2014,Median,1 Bedroom,450
Scotland,2015,Median,1 Bedroom,N/A
Aberdeen and Shire,2015,Median,1 Bedroom,675
Argyll and Bute,2015,Median,1 Bedroom,400
Ayrshires,2015,Median,1 Bedroom,350
Dumfries and Galloway,2015,Median,1 Bedroom,375
Dundee and Angus,2015,Median,1 Bedroom,375
East Dunbartonshire,2015,Median,1 Bedroom,450
Fife,2015,Median,1 Bedroom,395
Forth Valley,2015,Median,1 Bedroom,380
Greater Glasgow,2015,Median,1 Bedroom,480
Highland and Islands,2015,Median,1 Bedroom,450
Lothian,2015,Median,1 Bedroom,595
North Lanarkshire,2015,Median,1 Bedroom,375
Perth and Kinross,2015,Median,1 Bedroom,400
Renfrewshire / Inverclyde,2015,Median,1 Bedroom,350
Scottish Borders,2015,Median,1 Bedroom,345
South Lanarkshire,2015,Median,1 Bedroom,380
West Dunbartonshire,2015,Median,1 Bedroom,395
West Lothian,2015,Median,1 Bedroom,450
Scotland,2016,Median,1 Bedroom,N/A
Aberdeen and Shire,2016,Median,1 Bedroom,550
Argyll and Bute,2016,Median,1 Bedroom,400
Ayrshires,2016,Median,1 Bedroom,350
Dumfries and Galloway,2016,Median,1 Bedroom,380
Dundee and Angus,2016,Median,1 Bedroom,375
East Dunbartonshire,2016,Median,1 Bedroom,450
Fife,2016,Median,1 Bedroom,395
Forth Valley,2016,Median,1 Bedroom,395
Greater Glasgow,2016,Median,1 Bedroom,495
Highland and Islands,2016,Median,1 Bedroom,470
Lothian,2016,Median,1 Bedroom,625
North Lanarkshire,2016,Median,1 Bedroom,375
Perth and Kinross,2016,Median,1 Bedroom,400
Renfrewshire / Inverclyde,2016,Median,1 Bedroom,375
Scottish Borders,2016,Median,1 Bedroom,325
South Lanarkshire,2016,Median,1 Bedroom,375
West Dunbartonshire,2016,Median,1 Bedroom,395
West Lothian,2016,Median,1 Bedroom,475
Scotland,2017,Median,1 Bedroom,N/A
Aberdeen and Shire,2017,Median,1 Bedroom,500
Argyll and Bute,2017,Median,1 Bedroom,400
Ayrshires,2017,Median,1 Bedroom,365
Dumfries and Galloway,2017,Median,1 Bedroom,390
Dundee and Angus,2017,Median,1 Bedroom,385
East Dunbartonshire,2017,Median,1 Bedroom,450
Fife,2017,Median,1 Bedroom,400
Forth Valley,2017,Median,1 Bedroom,395
Greater Glasgow,2017,Median,1 Bedroom,525
Highland and Islands,2017,Median,1 Bedroom,475
Lothian,2017,Median,1 Bedroom,675
North Lanarkshire,2017,Median,1 Bedroom,395
Perth and Kinross,2017,Median,1 Bedroom,400
Renfrewshire / Inverclyde,2017,Median,1 Bedroom,385
Scottish Borders,2017,Median,1 Bedroom,335
South Lanarkshire,2017,Median,1 Bedroom,395
West Dunbartonshire,2017,Median,1 Bedroom,400
West Lothian,2017,Median,1 Bedroom,480
Scotland,2018,Median,1 Bedroom,N/A
Aberdeen and Shire,2018,Median,1 Bedroom,470
Argyll and Bute,2018,Median,1 Bedroom,425
Ayrshires,2018,Median,1 Bedroom,360
Dumfries and Galloway,2018,Median,1 Bedroom,395
Dundee and Angus,2018,Median,1 Bedroom,385
East Dunbartonshire,2018,Median,1 Bedroom,525
Fife,2018,Median,1 Bedroom,400
Forth Valley,2018,Median,1 Bedroom,400
Greater Glasgow,2018,Median,1 Bedroom,550
Highland and Islands,2018,Median,1 Bedroom,480
Lothian,2018,Median,1 Bedroom,695
North Lanarkshire,2018,Median,1 Bedroom,395
Perth and Kinross,2018,Median,1 Bedroom,400
Renfrewshire / Inverclyde,2018,Median,1 Bedroom,375
Scottish Borders,2018,Median,1 Bedroom,350
South Lanarkshire,2018,Median,1 Bedroom,395
West Dunbartonshire,2018,Median,1 Bedroom,395
West Lothian,2018,Median,1 Bedroom,495
Scotland,2019,Median,1 Bedroom,N/A
Aberdeen and Shire,2019,Median,1 Bedroom,450
Argyll and Bute,2019,Median,1 Bedroom,425
Ayrshires,2019,Median,1 Bedroom,375
Dumfries and Galloway,2019,Median,1 Bedroom,395
Dundee and Angus,2019,Median,1 Bedroom,395
East Dunbartonshire,2019,Median,1 Bedroom,500
Fife,2019,Median,1 Bedroom,400
Forth Valley,2019,Median,1 Bedroom,420
Greater Glasgow,2019,Median,1 Bedroom,575
Highland and Islands,2019,Median,1 Bedroom,495
Lothian,2019,Median,1 Bedroom,725
North Lanarkshire,2019,Median,1 Bedroom,395
Perth and Kinross,2019,Median,1 Bedroom,420
Renfrewshire / Inverclyde,2019,Median,1 Bedroom,390
Scottish Borders,2019,Median,1 Bedroom,350
South Lanarkshire,2019,Median,1 Bedroom,395
West Dunbartonshire,2019,Median,1 Bedroom,395
West Lothian,2019,Median,1 Bedroom,500
Scotland,2020,Median,1 Bedroom,N/A
Aberdeen and Shire,2020,Median,1 Bedroom,450
Argyll and Bute,2020,Median,1 Bedroom,425
Ayrshires,2020,Median,1 Bedroom,375
Dumfries and Galloway,2020,Median,1 Bedroom,390
Dundee and Angus,2020,Median,1 Bedroom,400
East Dunbartonshire,2020,Median,1 Bedroom,550
Fife,2020,Median,1 Bedroom,420
Forth Valley,2020,Median,1 Bedroom,415
Greater Glasgow,2020,Median,1 Bedroom,595
Highland and Islands,2020,Median,1 Bedroom,500
Lothian,2020,Median,1 Bedroom,745
North Lanarkshire,2020,Median,1 Bedroom,395
Perth and Kinross,2020,Median,1 Bedroom,420
Renfrewshire / Inverclyde,2020,Median,1 Bedroom,395
Scottish Borders,2020,Median,1 Bedroom,350
South Lanarkshire,2020,Median,1 Bedroom,400
West Dunbartonshire,2020,Median,1 Bedroom,395
West Lothian,2020,Median,1 Bedroom,500
Scotland,2021,Median,1 Bedroom,N/A
Aberdeen and Shire,2021,Median,1 Bedroom,450
Argyll and Bute,2021,Median,1 Bedroom,425
Ayrshires,2021,Median,1 Bedroom,395
Dumfries and Galloway,2021,Median,1 Bedroom,400
Dundee and Angus,2021,Median,1 Bedroom,400
East Dunbartonshire,2021,Median,1 Bedroom,525
Fife,2021,Median,1 Bedroom,442.5
Forth Valley,2021,Median,1 Bedroom,435
Greater Glasgow,2021,Median,1 Bedroom,595
Highland and Islands,2021,Median,1 Bedroom,500
Lothian,2021,Median,1 Bedroom,725
North Lanarkshire,2021,Median,1 Bedroom,395
Perth and Kinross,2021,Median,1 Bedroom,425
Renfrewshire / Inverclyde,2021,Median,1 Bedroom,370
Scottish Borders,2021,Median,1 Bedroom,375
South Lanarkshire,2021,Median,1 Bedroom,400
West Dunbartonshire,2021,Median,1 Bedroom,415
West Lothian,2021,Median,1 Bedroom,525
Scotland,2022,Median,1 Bedroom,N/A
Aberdeen and Shire,2022,Median,1 Bedroom,450
Argyll and Bute,2022,Median,1 Bedroom,450
Ayrshires,2022,Median,1 Bedroom,395
Dumfries and Galloway,2022,Median,1 Bedroom,390
Dundee and Angus,2022,Median,1 Bedroom,425
East Dunbartonshire,2022,Median,1 Bedroom,550
Fife,2022,Median,1 Bedroom,475
Forth Valley,2022,Median,1 Bedroom,495
Greater Glasgow,2022,Median,1 Bedroom,625
Highland and Islands,2022,Median,1 Bedroom,525
Lothian,2022,Median,1 Bedroom,750
North Lanarkshire,2022,Median,1 Bedroom,425
Perth and Kinross,2022,Median,1 Bedroom,450
Renfrewshire / Inverclyde,2022,Median,1 Bedroom,400
Scottish Borders,2022,Median,1 Bedroom,380
South Lanarkshire,2022,Median,1 Bedroom,450
West Dunbartonshire,2022,Median,1 Bedroom,450
West Lothian,2022,Median,1 Bedroom,550
Scotland,2023,Median,1 Bedroom,N/A
Aberdeen and Shire,2023,Median,1 Bedroom,515
Argyll and Bute,2023,Median,1 Bedroom,497.5
Ayrshires,2023,Median,1 Bedroom,400
Dumfries and Galloway,2023,Median,1 Bedroom,400
Dundee and Angus,2023,Median,1 Bedroom,450
East Dunbartonshire,2023,Median,1 Bedroom,650
Fife,2023,Median,1 Bedroom,495
Forth Valley,2023,Median,1 Bedroom,500
Greater Glasgow,2023,Median,1 Bedroom,795
Highland and Islands,2023,Median,1 Bedroom,550
Lothian,2023,Median,1 Bedroom,850
North Lanarkshire,2023,Median,1 Bedroom,475
Perth and Kinross,2023,Median,1 Bedroom,450
Renfrewshire / Inverclyde,2023,Median,1 Bedroom,450
Scottish Borders,2023,Median,1 Bedroom,400
South Lanarkshire,2023,Median,1 Bedroom,475
West Dunbartonshire,2023,Median,1 Bedroom,500
West Lothian,2023,Median,1 Bedroom,550
Scotland,2010,Upper Quartile,1 Bedroom,N/A
Aberdeen and Shire,2010,Upper Quartile,1 Bedroom,575
Argyll and Bute,2010,Upper Quartile,1 Bedroom,425
Ayrshires,2010,Upper Quartile,1 Bedroom,400
Dumfries and Galloway,2010,Upper Quartile,1 Bedroom,390
Dundee and Angus,2010,Upper Quartile,1 Bedroom,375
East Dunbartonshire,2010,Upper Quartile,1 Bedroom,475
Fife,2010,Upper Quartile,1 Bedroom,395
Forth Valley,2010,Upper Quartile,1 Bedroom,417.5
Greater Glasgow,2010,Upper Quartile,1 Bedroom,485
Highland and Islands,2010,Upper Quartile,1 Bedroom,450
Lothian,2010,Upper Quartile,1 Bedroom,550
North Lanarkshire,2010,Upper Quartile,1 Bedroom,400
Perth and Kinross,2010,Upper Quartile,1 Bedroom,400
Renfrewshire / Inverclyde,2010,Upper Quartile,1 Bedroom,395
Scottish Borders,2010,Upper Quartile,1 Bedroom,370
South Lanarkshire,2010,Upper Quartile,1 Bedroom,395
West Dunbartonshire,2010,Upper Quartile,1 Bedroom,425
West Lothian,2010,Upper Quartile,1 Bedroom,450
Scotland,2011,Upper Quartile,1 Bedroom,N/A
Aberdeen and Shire,2011,Upper Quartile,1 Bedroom,575
Argyll and Bute,2011,Upper Quartile,1 Bedroom,425
Ayrshires,2011,Upper Quartile,1 Bedroom,400
Dumfries and Galloway,2011,Upper Quartile,1 Bedroom,395
Dundee and Angus,2011,Upper Quartile,1 Bedroom,385
East Dunbartonshire,2011,Upper Quartile,1 Bedroom,475
Fife,2011,Upper Quartile,1 Bedroom,400
Forth Valley,2011,Upper Quartile,1 Bedroom,400
Greater Glasgow,2011,Upper Quartile,1 Bedroom,495
Highland and Islands,2011,Upper Quartile,1 Bedroom,450
Lothian,2011,Upper Quartile,1 Bedroom,575
North Lanarkshire,2011,Upper Quartile,1 Bedroom,425
Perth and Kinross,2011,Upper Quartile,1 Bedroom,400
Renfrewshire / Inverclyde,2011,Upper Quartile,1 Bedroom,395
Scottish Borders,2011,Upper Quartile,1 Bedroom,375
South Lanarkshire,2011,Upper Quartile,1 Bedroom,395
West Dunbartonshire,2011,Upper Quartile,1 Bedroom,425
West Lothian,2011,Upper Quartile,1 Bedroom,450
Scotland,2012,Upper Quartile,1 Bedroom,N/A
Aberdeen and Shire,2012,Upper Quartile,1 Bedroom,600
Argyll and Bute,2012,Upper Quartile,1 Bedroom,425
Ayrshires,2012,Upper Quartile,1 Bedroom,395
Dumfries and Galloway,2012,Upper Quartile,1 Bedroom,395
Dundee and Angus,2012,Upper Quartile,1 Bedroom,380
East Dunbartonshire,2012,Upper Quartile,1 Bedroom,475
Fife,2012,Upper Quartile,1 Bedroom,400
Forth Valley,2012,Upper Quartile,1 Bedroom,425
Greater Glasgow,2012,Upper Quartile,1 Bedroom,495
Highland and Islands,2012,Upper Quartile,1 Bedroom,450
Lothian,2012,Upper Quartile,1 Bedroom,575
North Lanarkshire,2012,Upper Quartile,1 Bedroom,400
Perth and Kinross,2012,Upper Quartile,1 Bedroom,400
Renfrewshire / Inverclyde,2012,Upper Quartile,1 Bedroom,395
Scottish Borders,2012,Upper Quartile,1 Bedroom,355
South Lanarkshire,2012,Upper Quartile,1 Bedroom,395
West Dunbartonshire,2012,Upper Quartile,1 Bedroom,425
West Lothian,2012,Upper Quartile,1 Bedroom,450
Scotland,2013,Upper Quartile,1 Bedroom,N/A
Aberdeen and Shire,2013,Upper Quartile,1 Bedroom,650
Argyll and Bute,2013,Upper Quartile,1 Bedroom,440
Ayrshires,2013,Upper Quartile,1 Bedroom,400
Dumfries and Galloway,2013,Upper Quartile,1 Bedroom,395
Dundee and Angus,2013,Upper Quartile,1 Bedroom,385
East Dunbartonshire,2013,Upper Quartile,1 Bedroom,495
Fife,2013,Upper Quartile,1 Bedroom,400
Forth Valley,2013,Upper Quartile,1 Bedroom,425
Greater Glasgow,2013,Upper Quartile,1 Bedroom,500
Highland and Islands,2013,Upper Quartile,1 Bedroom,475
Lothian,2013,Upper Quartile,1 Bedroom,595
North Lanarkshire,2013,Upper Quartile,1 Bedroom,425
Perth and Kinross,2013,Upper Quartile,1 Bedroom,420
Renfrewshire / Inverclyde,2013,Upper Quartile,1 Bedroom,400
Scottish Borders,2013,Upper Quartile,1 Bedroom,350
South Lanarkshire,2013,Upper Quartile,1 Bedroom,395
West Dunbartonshire,2013,Upper Quartile,1 Bedroom,425
West Lothian,2013,Upper Quartile,1 Bedroom,450
Scotland,2014,Upper Quartile,1 Bedroom,N/A
Aberdeen and Shire,2014,Upper Quartile,1 Bedroom,725
Argyll and Bute,2014,Upper Quartile,1 Bedroom,425
Ayrshires,2014,Upper Quartile,1 Bedroom,395
Dumfries and Galloway,2014,Upper Quartile,1 Bedroom,390
Dundee and Angus,2014,Upper Quartile,1 Bedroom,400
East Dunbartonshire,2014,Upper Quartile,1 Bedroom,525
Fife,2014,Upper Quartile,1 Bedroom,425
Forth Valley,2014,Upper Quartile,1 Bedroom,425
Greater Glasgow,2014,Upper Quartile,1 Bedroom,535
Highland and Islands,2014,Upper Quartile,1 Bedroom,475
Lothian,2014,Upper Quartile,1 Bedroom,625
North Lanarkshire,2014,Upper Quartile,1 Bedroom,395
Perth and Kinross,2014,Upper Quartile,1 Bedroom,420
Renfrewshire / Inverclyde,2014,Upper Quartile,1 Bedroom,395
Scottish Borders,2014,Upper Quartile,1 Bedroom,370
South Lanarkshire,2014,Upper Quartile,1 Bedroom,400
West Dunbartonshire,2014,Upper Quartile,1 Bedroom,425
West Lothian,2014,Upper Quartile,1 Bedroom,475
Scotland,2015,Upper Quartile,1 Bedroom,N/A
Aberdeen and Shire,2015,Upper Quartile,1 Bedroom,700
Argyll and Bute,2015,Upper Quartile,1 Bedroom,450
Ayrshires,2015,Upper Quartile,1 Bedroom,395
Dumfries and Galloway,2015,Upper Quartile,1 Bedroom,400
Dundee and Angus,2015,Upper Quartile,1 Bedroom,400
East Dunbartonshire,2015,Upper Quartile,1 Bedroom,495
Fife,2015,Upper Quartile,1 Bedroom,425
Forth Valley,2015,Upper Quartile,1 Bedroom,425
Greater Glasgow,2015,Upper Quartile,1 Bedroom,575
Highland and Islands,2015,Upper Quartile,1 Bedroom,495
Lothian,2015,Upper Quartile,1 Bedroom,675
North Lanarkshire,2015,Upper Quartile,1 Bedroom,400
Perth and Kinross,2015,Upper Quartile,1 Bedroom,425
Renfrewshire / Inverclyde,2015,Upper Quartile,1 Bedroom,400
Scottish Borders,2015,Upper Quartile,1 Bedroom,360
South Lanarkshire,2015,Upper Quartile,1 Bedroom,400
West Dunbartonshire,2015,Upper Quartile,1 Bedroom,417.5
West Lothian,2015,Upper Quartile,1 Bedroom,475
Scotland,2016,Upper Quartile,1 Bedroom,N/A
Aberdeen and Shire,2016,Upper Quartile,1 Bedroom,600
Argyll and Bute,2016,Upper Quartile,1 Bedroom,450
Ayrshires,2016,Upper Quartile,1 Bedroom,400
Dumfries and Galloway,2016,Upper Quartile,1 Bedroom,400
Dundee and Angus,2016,Upper Quartile,1 Bedroom,400
East Dunbartonshire,2016,Upper Quartile,1 Bedroom,525
Fife,2016,Upper Quartile,1 Bedroom,425
Forth Valley,2016,Upper Quartile,1 Bedroom,450
Greater Glasgow,2016,Upper Quartile,1 Bedroom,595
Highland and Islands,2016,Upper Quartile,1 Bedroom,500
Lothian,2016,Upper Quartile,1 Bedroom,700
North Lanarkshire,2016,Upper Quartile,1 Bedroom,425
Perth and Kinross,2016,Upper Quartile,1 Bedroom,430
Renfrewshire / Inverclyde,2016,Upper Quartile,1 Bedroom,400
Scottish Borders,2016,Upper Quartile,1 Bedroom,360
South Lanarkshire,2016,Upper Quartile,1 Bedroom,400
West Dunbartonshire,2016,Upper Quartile,1 Bedroom,425
West Lothian,2016,Upper Quartile,1 Bedroom,495
Scotland,2017,Upper Quartile,1 Bedroom,N/A
Aberdeen and Shire,2017,Upper Quartile,1 Bedroom,550
Argyll and Bute,2017,Upper Quartile,1 Bedroom,450
Ayrshires,2017,Upper Quartile,1 Bedroom,400
Dumfries and Galloway,2017,Upper Quartile,1 Bedroom,400
Dundee and Angus,2017,Upper Quartile,1 Bedroom,425
East Dunbartonshire,2017,Upper Quartile,1 Bedroom,550
Fife,2017,Upper Quartile,1 Bedroom,450
Forth Valley,2017,Upper Quartile,1 Bedroom,450
Greater Glasgow,2017,Upper Quartile,1 Bedroom,625
Highland and Islands,2017,Upper Quartile,1 Bedroom,520
Lothian,2017,Upper Quartile,1 Bedroom,750
North Lanarkshire,2017,Upper Quartile,1 Bedroom,425
Perth and Kinross,2017,Upper Quartile,1 Bedroom,435
Renfrewshire / Inverclyde,2017,Upper Quartile,1 Bedroom,425
Scottish Borders,2017,Upper Quartile,1 Bedroom,375
South Lanarkshire,2017,Upper Quartile,1 Bedroom,420
West Dunbartonshire,2017,Upper Quartile,1 Bedroom,425
West Lothian,2017,Upper Quartile,1 Bedroom,500
Scotland,2018,Upper Quartile,1 Bedroom,N/A
Aberdeen and Shire,2018,Upper Quartile,1 Bedroom,500
Argyll and Bute,2018,Upper Quartile,1 Bedroom,460
Ayrshires,2018,Upper Quartile,1 Bedroom,400
Dumfries and Galloway,2018,Upper Quartile,1 Bedroom,415
Dundee and Angus,2018,Upper Quartile,1 Bedroom,425
East Dunbartonshire,2018,Upper Quartile,1 Bedroom,575
Fife,2018,Upper Quartile,1 Bedroom,450
Forth Valley,2018,Upper Quartile,1 Bedroom,475
Greater Glasgow,2018,Upper Quartile,1 Bedroom,650
Highland and Islands,2018,Upper Quartile,1 Bedroom,525
Lothian,2018,Upper Quartile,1 Bedroom,775
North Lanarkshire,2018,Upper Quartile,1 Bedroom,425
Perth and Kinross,2018,Upper Quartile,1 Bedroom,430
Renfrewshire / Inverclyde,2018,Upper Quartile,1 Bedroom,400
Scottish Borders,2018,Upper Quartile,1 Bedroom,390
South Lanarkshire,2018,Upper Quartile,1 Bedroom,425
West Dunbartonshire,2018,Upper Quartile,1 Bedroom,425
West Lothian,2018,Upper Quartile,1 Bedroom,525
Scotland,2019,Upper Quartile,1 Bedroom,N/A
Aberdeen and Shire,2019,Upper Quartile,1 Bedroom,500
Argyll and Bute,2019,Upper Quartile,1 Bedroom,460
Ayrshires,2019,Upper Quartile,1 Bedroom,400
Dumfries and Galloway,2019,Upper Quartile,1 Bedroom,420
Dundee and Angus,2019,Upper Quartile,1 Bedroom,445
East Dunbartonshire,2019,Upper Quartile,1 Bedroom,595
Fife,2019,Upper Quartile,1 Bedroom,450
Forth Valley,2019,Upper Quartile,1 Bedroom,480
Greater Glasgow,2019,Upper Quartile,1 Bedroom,675
Highland and Islands,2019,Upper Quartile,1 Bedroom,525
Lothian,2019,Upper Quartile,1 Bedroom,795
North Lanarkshire,2019,Upper Quartile,1 Bedroom,425
Perth and Kinross,2019,Upper Quartile,1 Bedroom,450
Renfrewshire / Inverclyde,2019,Upper Quartile,1 Bedroom,425
Scottish Borders,2019,Upper Quartile,1 Bedroom,375
South Lanarkshire,2019,Upper Quartile,1 Bedroom,450
West Dunbartonshire,2019,Upper Quartile,1 Bedroom,450
West Lothian,2019,Upper Quartile,1 Bedroom,525
Scotland,2020,Upper Quartile,1 Bedroom,N/A
Aberdeen and Shire,2020,Upper Quartile,1 Bedroom,495
Argyll and Bute,2020,Upper Quartile,1 Bedroom,490
Ayrshires,2020,Upper Quartile,1 Bedroom,400
Dumfries and Galloway,2020,Upper Quartile,1 Bedroom,400
Dundee and Angus,2020,Upper Quartile,1 Bedroom,450
East Dunbartonshire,2020,Upper Quartile,1 Bedroom,600
Fife,2020,Upper Quartile,1 Bedroom,450
Forth Valley,2020,Upper Quartile,1 Bedroom,477.5
Greater Glasgow,2020,Upper Quartile,1 Bedroom,700
Highland and Islands,2020,Upper Quartile,1 Bedroom,540
Lothian,2020,Upper Quartile,1 Bedroom,815
North Lanarkshire,2020,Upper Quartile,1 Bedroom,425
Perth and Kinross,2020,Upper Quartile,1 Bedroom,450
Renfrewshire / Inverclyde,2020,Upper Quartile,1 Bedroom,425
Scottish Borders,2020,Upper Quartile,1 Bedroom,399
South Lanarkshire,2020,Upper Quartile,1 Bedroom,450
West Dunbartonshire,2020,Upper Quartile,1 Bedroom,425
West Lothian,2020,Upper Quartile,1 Bedroom,525
Scotland,2021,Upper Quartile,1 Bedroom,N/A
Aberdeen and Shire,2021,Upper Quartile,1 Bedroom,495
Argyll and Bute,2021,Upper Quartile,1 Bedroom,495
Ayrshires,2021,Upper Quartile,1 Bedroom,440
Dumfries and Galloway,2021,Upper Quartile,1 Bedroom,425
Dundee and Angus,2021,Upper Quartile,1 Bedroom,450
East Dunbartonshire,2021,Upper Quartile,1 Bedroom,597.5
Fife,2021,Upper Quartile,1 Bedroom,482.5
Forth Valley,2021,Upper Quartile,1 Bedroom,525
Greater Glasgow,2021,Upper Quartile,1 Bedroom,695
Highland and Islands,2021,Upper Quartile,1 Bedroom,550
Lothian,2021,Upper Quartile,1 Bedroom,800
North Lanarkshire,2021,Upper Quartile,1 Bedroom,425
Perth and Kinross,2021,Upper Quartile,1 Bedroom,467.5
Renfrewshire / Inverclyde,2021,Upper Quartile,1 Bedroom,425
Scottish Borders,2021,Upper Quartile,1 Bedroom,425
South Lanarkshire,2021,Upper Quartile,1 Bedroom,450
West Dunbartonshire,2021,Upper Quartile,1 Bedroom,450
West Lothian,2021,Upper Quartile,1 Bedroom,550
Scotland,2022,Upper Quartile,1 Bedroom,N/A
Aberdeen and Shire,2022,Upper Quartile,1 Bedroom,500
Argyll and Bute,2022,Upper Quartile,1 Bedroom,520
Ayrshires,2022,Upper Quartile,1 Bedroom,440
Dumfries and Galloway,2022,Upper Quartile,1 Bedroom,420
Dundee and Angus,2022,Upper Quartile,1 Bedroom,482.5
East Dunbartonshire,2022,Upper Quartile,1 Bedroom,650
Fife,2022,Upper Quartile,1 Bedroom,525
Forth Valley,2022,Upper Quartile,1 Bedroom,575
Greater Glasgow,2022,Upper Quartile,1 Bedroom,750
Highland and Islands,2022,Upper Quartile,1 Bedroom,575
Lothian,2022,Upper Quartile,1 Bedroom,850
North Lanarkshire,2022,Upper Quartile,1 Bedroom,485
Perth and Kinross,2022,Upper Quartile,1 Bedroom,475
Renfrewshire / Inverclyde,2022,Upper Quartile,1 Bedroom,460
Scottish Borders,2022,Upper Quartile,1 Bedroom,425
South Lanarkshire,2022,Upper Quartile,1 Bedroom,475
West Dunbartonshire,2022,Upper Quartile,1 Bedroom,475
West Lothian,2022,Upper Quartile,1 Bedroom,575
Scotland,2023,Upper Quartile,1 Bedroom,N/A
Aberdeen and Shire,2023,Upper Quartile,1 Bedroom,550
Argyll and Bute,2023,Upper Quartile,1 Bedroom,600
Ayrshires,2023,Upper Quartile,1 Bedroom,470
Dumfries and Galloway,2023,Upper Quartile,1 Bedroom,450
Dundee and Angus,2023,Upper Quartile,1 Bedroom,550
East Dunbartonshire,2023,Upper Quartile,1 Bedroom,725
Fife,2023,Upper Quartile,1 Bedroom,550
Forth Valley,2023,Upper Quartile,1 Bedroom,595
Greater Glasgow,2023,Upper Quartile,1 Bedroom,895
Highland and Islands,2023,Upper Quartile,1 Bedroom,595
Lothian,2023,Upper Quartile,1 Bedroom,950
North Lanarkshire,2023,Upper Quartile,1 Bedroom,525
Perth and Kinross,2023,Upper Quartile,1 Bedroom,500
Renfrewshire / Inverclyde,2023,Upper Quartile,1 Bedroom,520
Scottish Borders,2023,Upper Quartile,1 Bedroom,460
South Lanarkshire,2023,Upper Quartile,1 Bedroom,525
West Dunbartonshire,2023,Upper Quartile,1 Bedroom,550
West Lothian,2023,Upper Quartile,1 Bedroom,625
Scotland,2010,Lower Quartile,1 Bedroom,N/A
Aberdeen and Shire,2010,Lower Quartile,1 Bedroom,500
Argyll and Bute,2010,Lower Quartile,1 Bedroom,350
Ayrshires,2010,Lower Quartile,1 Bedroom,350
Dumfries and Galloway,2010,Lower Quartile,1 Bedroom,325
Dundee and Angus,2010,Lower Quartile,1 Bedroom,320
East Dunbartonshire,2010,Lower Quartile,1 Bedroom,400
Fife,2010,Lower Quartile,1 Bedroom,350
Forth Valley,2010,Lower Quartile,1 Bedroom,350
Greater Glasgow,2010,Lower Quartile,1 Bedroom,380
Highland and Islands,2010,Lower Quartile,1 Bedroom,375
Lothian,2010,Lower Quartile,1 Bedroom,465
North Lanarkshire,2010,Lower Quartile,1 Bedroom,350
Perth and Kinross,2010,Lower Quartile,1 Bedroom,350
Renfrewshire / Inverclyde,2010,Lower Quartile,1 Bedroom,350
Scottish Borders,2010,Lower Quartile,1 Bedroom,300
South Lanarkshire,2010,Lower Quartile,1 Bedroom,350
West Dunbartonshire,2010,Lower Quartile,1 Bedroom,370
West Lothian,2010,Lower Quartile,1 Bedroom,400
Scotland,2011,Lower Quartile,1 Bedroom,N/A
Aberdeen and Shire,2011,Lower Quartile,1 Bedroom,500
Argyll and Bute,2011,Lower Quartile,1 Bedroom,325
Ayrshires,2011,Lower Quartile,1 Bedroom,350
Dumfries and Galloway,2011,Lower Quartile,1 Bedroom,340
Dundee and Angus,2011,Lower Quartile,1 Bedroom,325
East Dunbartonshire,2011,Lower Quartile,1 Bedroom,412.5
Fife,2011,Lower Quartile,1 Bedroom,350
Forth Valley,2011,Lower Quartile,1 Bedroom,350
Greater Glasgow,2011,Lower Quartile,1 Bedroom,395
Highland and Islands,2011,Lower Quartile,1 Bedroom,375
Lothian,2011,Lower Quartile,1 Bedroom,480
North Lanarkshire,2011,Lower Quartile,1 Bedroom,350
Perth and Kinross,2011,Lower Quartile,1 Bedroom,350
Renfrewshire / Inverclyde,2011,Lower Quartile,1 Bedroom,350
Scottish Borders,2011,Lower Quartile,1 Bedroom,300
South Lanarkshire,2011,Lower Quartile,1 Bedroom,350
West Dunbartonshire,2011,Lower Quartile,1 Bedroom,350
West Lothian,2011,Lower Quartile,1 Bedroom,425
Scotland,2012,Lower Quartile,1 Bedroom,N/A
Aberdeen and Shire,2012,Lower Quartile,1 Bedroom,520
Argyll and Bute,2012,Lower Quartile,1 Bedroom,350
Ayrshires,2012,Lower Quartile,1 Bedroom,330
Dumfries and Galloway,2012,Lower Quartile,1 Bedroom,350
Dundee and Angus,2012,Lower Quartile,1 Bedroom,330
East Dunbartonshire,2012,Lower Quartile,1 Bedroom,400
Fife,2012,Lower Quartile,1 Bedroom,350
Forth Valley,2012,Lower Quartile,1 Bedroom,350
Greater Glasgow,2012,Lower Quartile,1 Bedroom,375
Highland and Islands,2012,Lower Quartile,1 Bedroom,375
Lothian,2012,Lower Quartile,1 Bedroom,495
North Lanarkshire,2012,Lower Quartile,1 Bedroom,350
Perth and Kinross,2012,Lower Quartile,1 Bedroom,350
Renfrewshire / Inverclyde,2012,Lower Quartile,1 Bedroom,330
Scottish Borders,2012,Lower Quartile,1 Bedroom,300
South Lanarkshire,2012,Lower Quartile,1 Bedroom,350
West Dunbartonshire,2012,Lower Quartile,1 Bedroom,357.5
West Lothian,2012,Lower Quartile,1 Bedroom,425
Scotland,2013,Lower Quartile,1 Bedroom,N/A
Aberdeen and Shire,2013,Lower Quartile,1 Bedroom,550
Argyll and Bute,2013,Lower Quartile,1 Bedroom,350
Ayrshires,2013,Lower Quartile,1 Bedroom,325
Dumfries and Galloway,2013,Lower Quartile,1 Bedroom,350
Dundee and Angus,2013,Lower Quartile,1 Bedroom,330
East Dunbartonshire,2013,Lower Quartile,1 Bedroom,420
Fife,2013,Lower Quartile,1 Bedroom,350
Forth Valley,2013,Lower Quartile,1 Bedroom,350
Greater Glasgow,2013,Lower Quartile,1 Bedroom,395
Highland and Islands,2013,Lower Quartile,1 Bedroom,395
Lothian,2013,Lower Quartile,1 Bedroom,495
North Lanarkshire,2013,Lower Quartile,1 Bedroom,350
Perth and Kinross,2013,Lower Quartile,1 Bedroom,365
Renfrewshire / Inverclyde,2013,Lower Quartile,1 Bedroom,350
Scottish Borders,2013,Lower Quartile,1 Bedroom,300
South Lanarkshire,2013,Lower Quartile,1 Bedroom,350
West Dunbartonshire,2013,Lower Quartile,1 Bedroom,375
West Lothian,2013,Lower Quartile,1 Bedroom,400
Scotland,2014,Lower Quartile,1 Bedroom,N/A
Aberdeen and Shire,2014,Lower Quartile,1 Bedroom,625
Argyll and Bute,2014,Lower Quartile,1 Bedroom,360
Ayrshires,2014,Lower Quartile,1 Bedroom,325
Dumfries and Galloway,2014,Lower Quartile,1 Bedroom,350
Dundee and Angus,2014,Lower Quartile,1 Bedroom,335
East Dunbartonshire,2014,Lower Quartile,1 Bedroom,425
Fife,2014,Lower Quartile,1 Bedroom,350
Forth Valley,2014,Lower Quartile,1 Bedroom,350
Greater Glasgow,2014,Lower Quartile,1 Bedroom,395
Highland and Islands,2014,Lower Quartile,1 Bedroom,400
Lothian,2014,Lower Quartile,1 Bedroom,515
North Lanarkshire,2014,Lower Quartile,1 Bedroom,350
Perth and Kinross,2014,Lower Quartile,1 Bedroom,360
Renfrewshire / Inverclyde,2014,Lower Quartile,1 Bedroom,350
Scottish Borders,2014,Lower Quartile,1 Bedroom,300
South Lanarkshire,2014,Lower Quartile,1 Bedroom,350
West Dunbartonshire,2014,Lower Quartile,1 Bedroom,360
West Lothian,2014,Lower Quartile,1 Bedroom,425
Scotland,2015,Lower Quartile,1 Bedroom,N/A
Aberdeen and Shire,2015,Lower Quartile,1 Bedroom,625
Argyll and Bute,2015,Lower Quartile,1 Bedroom,350
Ayrshires,2015,Lower Quartile,1 Bedroom,325
Dumfries and Galloway,2015,Lower Quartile,1 Bedroom,350
Dundee and Angus,2015,Lower Quartile,1 Bedroom,350
East Dunbartonshire,2015,Lower Quartile,1 Bedroom,425
Fife,2015,Lower Quartile,1 Bedroom,350
Forth Valley,2015,Lower Quartile,1 Bedroom,357.5
Greater Glasgow,2015,Lower Quartile,1 Bedroom,420
Highland and Islands,2015,Lower Quartile,1 Bedroom,400
Lothian,2015,Lower Quartile,1 Bedroom,550
North Lanarkshire,2015,Lower Quartile,1 Bedroom,350
Perth and Kinross,2015,Lower Quartile,1 Bedroom,375
Renfrewshire / Inverclyde,2015,Lower Quartile,1 Bedroom,330
Scottish Borders,2015,Lower Quartile,1 Bedroom,300
South Lanarkshire,2015,Lower Quartile,1 Bedroom,350
West Dunbartonshire,2015,Lower Quartile,1 Bedroom,360
West Lothian,2015,Lower Quartile,1 Bedroom,425
Scotland,2016,Lower Quartile,1 Bedroom,N/A
Aberdeen and Shire,2016,Lower Quartile,1 Bedroom,510
Argyll and Bute,2016,Lower Quartile,1 Bedroom,350.5
Ayrshires,2016,Lower Quartile,1 Bedroom,327.5
Dumfries and Galloway,2016,Lower Quartile,1 Bedroom,369.35
Dundee and Angus,2016,Lower Quartile,1 Bedroom,350
East Dunbartonshire,2016,Lower Quartile,1 Bedroom,425
Fife,2016,Lower Quartile,1 Bedroom,360
Forth Valley,2016,Lower Quartile,1 Bedroom,355
Greater Glasgow,2016,Lower Quartile,1 Bedroom,425
Highland and Islands,2016,Lower Quartile,1 Bedroom,400
Lothian,2016,Lower Quartile,1 Bedroom,575
North Lanarkshire,2016,Lower Quartile,1 Bedroom,350
Perth and Kinross,2016,Lower Quartile,1 Bedroom,380
Renfrewshire / Inverclyde,2016,Lower Quartile,1 Bedroom,350
Scottish Borders,2016,Lower Quartile,1 Bedroom,310
South Lanarkshire,2016,Lower Quartile,1 Bedroom,350
West Dunbartonshire,2016,Lower Quartile,1 Bedroom,360
West Lothian,2016,Lower Quartile,1 Bedroom,450
Scotland,2017,Lower Quartile,1 Bedroom,N/A
Aberdeen and Shire,2017,Lower Quartile,1 Bedroom,450
Argyll and Bute,2017,Lower Quartile,1 Bedroom,375
Ayrshires,2017,Lower Quartile,1 Bedroom,350
Dumfries and Galloway,2017,Lower Quartile,1 Bedroom,350
Dundee and Angus,2017,Lower Quartile,1 Bedroom,350
East Dunbartonshire,2017,Lower Quartile,1 Bedroom,425
Fife,2017,Lower Quartile,1 Bedroom,365
Forth Valley,2017,Lower Quartile,1 Bedroom,350
Greater Glasgow,2017,Lower Quartile,1 Bedroom,450
Highland and Islands,2017,Lower Quartile,1 Bedroom,400
Lothian,2017,Lower Quartile,1 Bedroom,625
North Lanarkshire,2017,Lower Quartile,1 Bedroom,350
Perth and Kinross,2017,Lower Quartile,1 Bedroom,395
Renfrewshire / Inverclyde,2017,Lower Quartile,1 Bedroom,350
Scottish Borders,2017,Lower Quartile,1 Bedroom,325
South Lanarkshire,2017,Lower Quartile,1 Bedroom,365
West Dunbartonshire,2017,Lower Quartile,1 Bedroom,365
West Lothian,2017,Lower Quartile,1 Bedroom,450
Scotland,2018,Lower Quartile,1 Bedroom,N/A
Aberdeen and Shire,2018,Lower Quartile,1 Bedroom,425
Argyll and Bute,2018,Lower Quartile,1 Bedroom,375
Ayrshires,2018,Lower Quartile,1 Bedroom,348.81
Dumfries and Galloway,2018,Lower Quartile,1 Bedroom,360
Dundee and Angus,2018,Lower Quartile,1 Bedroom,350
East Dunbartonshire,2018,Lower Quartile,1 Bedroom,450
Fife,2018,Lower Quartile,1 Bedroom,370
Forth Valley,2018,Lower Quartile,1 Bedroom,375
Greater Glasgow,2018,Lower Quartile,1 Bedroom,475
Highland and Islands,2018,Lower Quartile,1 Bedroom,400
Lothian,2018,Lower Quartile,1 Bedroom,650
North Lanarkshire,2018,Lower Quartile,1 Bedroom,350
Perth and Kinross,2018,Lower Quartile,1 Bedroom,380
Renfrewshire / Inverclyde,2018,Lower Quartile,1 Bedroom,350
Scottish Borders,2018,Lower Quartile,1 Bedroom,325
South Lanarkshire,2018,Lower Quartile,1 Bedroom,365
West Dunbartonshire,2018,Lower Quartile,1 Bedroom,375
West Lothian,2018,Lower Quartile,1 Bedroom,475
Scotland,2019,Lower Quartile,1 Bedroom,N/A
Aberdeen and Shire,2019,Lower Quartile,1 Bedroom,425
Argyll and Bute,2019,Lower Quartile,1 Bedroom,368
Ayrshires,2019,Lower Quartile,1 Bedroom,325
Dumfries and Galloway,2019,Lower Quartile,1 Bedroom,369.35
Dundee and Angus,2019,Lower Quartile,1 Bedroom,350
East Dunbartonshire,2019,Lower Quartile,1 Bedroom,450
Fife,2019,Lower Quartile,1 Bedroom,360
Forth Valley,2019,Lower Quartile,1 Bedroom,375
Greater Glasgow,2019,Lower Quartile,1 Bedroom,475
Highland and Islands,2019,Lower Quartile,1 Bedroom,425
Lothian,2019,Lower Quartile,1 Bedroom,675
North Lanarkshire,2019,Lower Quartile,1 Bedroom,350
Perth and Kinross,2019,Lower Quartile,1 Bedroom,400
Renfrewshire / Inverclyde,2019,Lower Quartile,1 Bedroom,350
Scottish Borders,2019,Lower Quartile,1 Bedroom,320
South Lanarkshire,2019,Lower Quartile,1 Bedroom,375
West Dunbartonshire,2019,Lower Quartile,1 Bedroom,375
West Lothian,2019,Lower Quartile,1 Bedroom,475
Scotland,2020,Lower Quartile,1 Bedroom,N/A
Aberdeen and Shire,2020,Lower Quartile,1 Bedroom,400
Argyll and Bute,2020,Lower Quartile,1 Bedroom,365
Ayrshires,2020,Lower Quartile,1 Bedroom,350
Dumfries and Galloway,2020,Lower Quartile,1 Bedroom,368.33
Dundee and Angus,2020,Lower Quartile,1 Bedroom,360
East Dunbartonshire,2020,Lower Quartile,1 Bedroom,450
Fife,2020,Lower Quartile,1 Bedroom,375
Forth Valley,2020,Lower Quartile,1 Bedroom,380
Greater Glasgow,2020,Lower Quartile,1 Bedroom,485
Highland and Islands,2020,Lower Quartile,1 Bedroom,435
Lothian,2020,Lower Quartile,1 Bedroom,675
North Lanarkshire,2020,Lower Quartile,1 Bedroom,350
Perth and Kinross,2020,Lower Quartile,1 Bedroom,395
Renfrewshire / Inverclyde,2020,Lower Quartile,1 Bedroom,350
Scottish Borders,2020,Lower Quartile,1 Bedroom,325
South Lanarkshire,2020,Lower Quartile,1 Bedroom,375
West Dunbartonshire,2020,Lower Quartile,1 Bedroom,375
West Lothian,2020,Lower Quartile,1 Bedroom,475
Scotland,2021,Lower Quartile,1 Bedroom,N/A
Aberdeen and Shire,2021,Lower Quartile,1 Bedroom,400
Argyll and Bute,2021,Lower Quartile,1 Bedroom,395
Ayrshires,2021,Lower Quartile,1 Bedroom,350
Dumfries and Galloway,2021,Lower Quartile,1 Bedroom,385
Dundee and Angus,2021,Lower Quartile,1 Bedroom,360
East Dunbartonshire,2021,Lower Quartile,1 Bedroom,450
Fife,2021,Lower Quartile,1 Bedroom,395
Forth Valley,2021,Lower Quartile,1 Bedroom,395
Greater Glasgow,2021,Lower Quartile,1 Bedroom,495
Highland and Islands,2021,Lower Quartile,1 Bedroom,432.5
Lothian,2021,Lower Quartile,1 Bedroom,675
North Lanarkshire,2021,Lower Quartile,1 Bedroom,350
Perth and Kinross,2021,Lower Quartile,1 Bedroom,400
Renfrewshire / Inverclyde,2021,Lower Quartile,1 Bedroom,350
Scottish Borders,2021,Lower Quartile,1 Bedroom,345
South Lanarkshire,2021,Lower Quartile,1 Bedroom,375
West Dunbartonshire,2021,Lower Quartile,1 Bedroom,375
West Lothian,2021,Lower Quartile,1 Bedroom,480
Scotland,2022,Lower Quartile,1 Bedroom,N/A
Aberdeen and Shire,2022,Lower Quartile,1 Bedroom,425
Argyll and Bute,2022,Lower Quartile,1 Bedroom,375
Ayrshires,2022,Lower Quartile,1 Bedroom,350
Dumfries and Galloway,2022,Lower Quartile,1 Bedroom,369.35
Dundee and Angus,2022,Lower Quartile,1 Bedroom,375
East Dunbartonshire,2022,Lower Quartile,1 Bedroom,495
Fife,2022,Lower Quartile,1 Bedroom,425
Forth Valley,2022,Lower Quartile,1 Bedroom,435
Greater Glasgow,2022,Lower Quartile,1 Bedroom,550
Highland and Islands,2022,Lower Quartile,1 Bedroom,450
Lothian,2022,Lower Quartile,1 Bedroom,695
North Lanarkshire,2022,Lower Quartile,1 Bedroom,395
Perth and Kinross,2022,Lower Quartile,1 Bedroom,400
Renfrewshire / Inverclyde,2022,Lower Quartile,1 Bedroom,375
Scottish Borders,2022,Lower Quartile,1 Bedroom,350
South Lanarkshire,2022,Lower Quartile,1 Bedroom,395
West Dunbartonshire,2022,Lower Quartile,1 Bedroom,395
West Lothian,2022,Lower Quartile,1 Bedroom,488
Scotland,2023,Lower Quartile,1 Bedroom,N/A
Aberdeen and Shire,2023,Lower Quartile,1 Bedroom,475
Argyll and Bute,2023,Lower Quartile,1 Bedroom,425
Ayrshires,2023,Lower Quartile,1 Bedroom,371
Dumfries and Galloway,2023,Lower Quartile,1 Bedroom,375
Dundee and Angus,2023,Lower Quartile,1 Bedroom,385
East Dunbartonshire,2023,Lower Quartile,1 Bedroom,550
Fife,2023,Lower Quartile,1 Bedroom,450
Forth Valley,2023,Lower Quartile,1 Bedroom,450
Greater Glasgow,2023,Lower Quartile,1 Bedroom,675
Highland and Islands,2023,Lower Quartile,1 Bedroom,450
Lothian,2023,Lower Quartile,1 Bedroom,746.38
North Lanarkshire,2023,Lower Quartile,1 Bedroom,425
Perth and Kinross,2023,Lower Quartile,1 Bedroom,420
Renfrewshire / Inverclyde,2023,Lower Quartile,1 Bedroom,395
Scottish Borders,2023,Lower Quartile,1 Bedroom,375
South Lanarkshire,2023,Lower Quartile,1 Bedroom,425
West Dunbartonshire,2023,Lower Quartile,1 Bedroom,450
West Lothian,2023,Lower Quartile,1 Bedroom,495
Scotland,2010,Number of Records,1 Bedroom,5411
Aberdeen and Shire,2010,Number of Records,1 Bedroom,541
Argyll and Bute,2010,Number of Records,1 Bedroom,80
Ayrshires,2010,Number of Records,1 Bedroom,359
Dumfries and Galloway,2010,Number of Records,1 Bedroom,58
Dundee and Angus,2010,Number of Records,1 Bedroom,319
East Dunbartonshire,2010,Number of Records,1 Bedroom,75
Fife,2010,Number of Records,1 Bedroom,202
Forth Valley,2010,Number of Records,1 Bedroom,260
Greater Glasgow,2010,Number of Records,1 Bedroom,868
Highland and Islands,2010,Number of Records,1 Bedroom,175
Lothian,2010,Number of Records,1 Bedroom,1221
North Lanarkshire,2010,Number of Records,1 Bedroom,153
Perth and Kinross,2010,Number of Records,1 Bedroom,176
Renfrewshire / Inverclyde,2010,Number of Records,1 Bedroom,346
Scottish Borders,2010,Number of Records,1 Bedroom,95
South Lanarkshire,2010,Number of Records,1 Bedroom,302
West Dunbartonshire,2010,Number of Records,1 Bedroom,74
West Lothian,2010,Number of Records,1 Bedroom,107
Scotland,2011,Number of Records,1 Bedroom,5471
Aberdeen and Shire,2011,Number of Records,1 Bedroom,691
Argyll and Bute,2011,Number of Records,1 Bedroom,89
Ayrshires,2011,Number of Records,1 Bedroom,354
Dumfries and Galloway,2011,Number of Records,1 Bedroom,82
Dundee and Angus,2011,Number of Records,1 Bedroom,458
East Dunbartonshire,2011,Number of Records,1 Bedroom,84
Fife,2011,Number of Records,1 Bedroom,186
Forth Valley,2011,Number of Records,1 Bedroom,208
Greater Glasgow,2011,Number of Records,1 Bedroom,747
Highland and Islands,2011,Number of Records,1 Bedroom,244
Lothian,2011,Number of Records,1 Bedroom,987
North Lanarkshire,2011,Number of Records,1 Bedroom,185
Perth and Kinross,2011,Number of Records,1 Bedroom,212
Renfrewshire / Inverclyde,2011,Number of Records,1 Bedroom,360
Scottish Borders,2011,Number of Records,1 Bedroom,118
South Lanarkshire,2011,Number of Records,1 Bedroom,272
West Dunbartonshire,2011,Number of Records,1 Bedroom,90
West Lothian,2011,Number of Records,1 Bedroom,104
Scotland,2012,Number of Records,1 Bedroom,5846
Aberdeen and Shire,2012,Number of Records,1 Bedroom,690
Argyll and Bute,2012,Number of Records,1 Bedroom,95
Ayrshires,2012,Number of Records,1 Bedroom,284
Dumfries and Galloway,2012,Number of Records,1 Bedroom,97
Dundee and Angus,2012,Number of Records,1 Bedroom,483
East Dunbartonshire,2012,Number of Records,1 Bedroom,70
Fife,2012,Number of Records,1 Bedroom,227
Forth Valley,2012,Number of Records,1 Bedroom,217
Greater Glasgow,2012,Number of Records,1 Bedroom,998
Highland and Islands,2012,Number of Records,1 Bedroom,257
Lothian,2012,Number of Records,1 Bedroom,1276
North Lanarkshire,2012,Number of Records,1 Bedroom,162
Perth and Kinross,2012,Number of Records,1 Bedroom,210
Renfrewshire / Inverclyde,2012,Number of Records,1 Bedroom,257
Scottish Borders,2012,Number of Records,1 Bedroom,138
South Lanarkshire,2012,Number of Records,1 Bedroom,246
West Dunbartonshire,2012,Number of Records,1 Bedroom,72
West Lothian,2012,Number of Records,1 Bedroom,67
Scotland,2013,Number of Records,1 Bedroom,5112
Aberdeen and Shire,2013,Number of Records,1 Bedroom,534
Argyll and Bute,2013,Number of Records,1 Bedroom,65
Ayrshires,2013,Number of Records,1 Bedroom,201
Dumfries and Galloway,2013,Number of Records,1 Bedroom,102
Dundee and Angus,2013,Number of Records,1 Bedroom,437
East Dunbartonshire,2013,Number of Records,1 Bedroom,52
Fife,2013,Number of Records,1 Bedroom,253
Forth Valley,2013,Number of Records,1 Bedroom,219
Greater Glasgow,2013,Number of Records,1 Bedroom,945
Highland and Islands,2013,Number of Records,1 Bedroom,179
Lothian,2013,Number of Records,1 Bedroom,1049
North Lanarkshire,2013,Number of Records,1 Bedroom,127
Perth and Kinross,2013,Number of Records,1 Bedroom,165
Renfrewshire / Inverclyde,2013,Number of Records,1 Bedroom,244
Scottish Borders,2013,Number of Records,1 Bedroom,141
South Lanarkshire,2013,Number of Records,1 Bedroom,245
West Dunbartonshire,2013,Number of Records,1 Bedroom,50
West Lothian,2013,Number of Records,1 Bedroom,104
Scotland,2014,Number of Records,1 Bedroom,5197
Aberdeen and Shire,2014,Number of Records,1 Bedroom,561
Argyll and Bute,2014,Number of Records,1 Bedroom,91
Ayrshires,2014,Number of Records,1 Bedroom,206
Dumfries and Galloway,2014,Number of Records,1 Bedroom,114
Dundee and Angus,2014,Number of Records,1 Bedroom,405
East Dunbartonshire,2014,Number of Records,1 Bedroom,58
Fife,2014,Number of Records,1 Bedroom,180
Forth Valley,2014,Number of Records,1 Bedroom,218
Greater Glasgow,2014,Number of Records,1 Bedroom,1116
Highland and Islands,2014,Number of Records,1 Bedroom,236
Lothian,2014,Number of Records,1 Bedroom,950
North Lanarkshire,2014,Number of Records,1 Bedroom,164
Perth and Kinross,2014,Number of Records,1 Bedroom,200
Renfrewshire / Inverclyde,2014,Number of Records,1 Bedroom,232
Scottish Borders,2014,Number of Records,1 Bedroom,126
South Lanarkshire,2014,Number of Records,1 Bedroom,188
West Dunbartonshire,2014,Number of Records,1 Bedroom,56
West Lothian,2014,Number of Records,1 Bedroom,96
Scotland,2015,Number of Records,1 Bedroom,5682
Aberdeen and Shire,2015,Number of Records,1 Bedroom,596
Argyll and Bute,2015,Number of Records,1 Bedroom,102
Ayrshires,2015,Number of Records,1 Bedroom,286
Dumfries and Galloway,2015,Number of Records,1 Bedroom,110
Dundee and Angus,2015,Number of Records,1 Bedroom,406
East Dunbartonshire,2015,Number of Records,1 Bedroom,111
Fife,2015,Number of Records,1 Bedroom,279
Forth Valley,2015,Number of Records,1 Bedroom,300
Greater Glasgow,2015,Number of Records,1 Bedroom,1097
Highland and Islands,2015,Number of Records,1 Bedroom,258
Lothian,2015,Number of Records,1 Bedroom,939
North Lanarkshire,2015,Number of Records,1 Bedroom,160
Perth and Kinross,2015,Number of Records,1 Bedroom,201
Renfrewshire / Inverclyde,2015,Number of Records,1 Bedroom,277
Scottish Borders,2015,Number of Records,1 Bedroom,157
South Lanarkshire,2015,Number of Records,1 Bedroom,192
West Dunbartonshire,2015,Number of Records,1 Bedroom,108
West Lothian,2015,Number of Records,1 Bedroom,103
Scotland,2016,Number of Records,1 Bedroom,6299
Aberdeen and Shire,2016,Number of Records,1 Bedroom,738
Argyll and Bute,2016,Number of Records,1 Bedroom,124
Ayrshires,2016,Number of Records,1 Bedroom,288
Dumfries and Galloway,2016,Number of Records,1 Bedroom,109
Dundee and Angus,2016,Number of Records,1 Bedroom,382
East Dunbartonshire,2016,Number of Records,1 Bedroom,98
Fife,2016,Number of Records,1 Bedroom,322
Forth Valley,2016,Number of Records,1 Bedroom,350
Greater Glasgow,2016,Number of Records,1 Bedroom,1289
Highland and Islands,2016,Number of Records,1 Bedroom,269
Lothian,2016,Number of Records,1 Bedroom,944
North Lanarkshire,2016,Number of Records,1 Bedroom,181
Perth and Kinross,2016,Number of Records,1 Bedroom,240
Renfrewshire / Inverclyde,2016,Number of Records,1 Bedroom,352
Scottish Borders,2016,Number of Records,1 Bedroom,179
South Lanarkshire,2016,Number of Records,1 Bedroom,223
West Dunbartonshire,2016,Number of Records,1 Bedroom,118
West Lothian,2016,Number of Records,1 Bedroom,93
Scotland,2017,Number of Records,1 Bedroom,6868
Aberdeen and Shire,2017,Number of Records,1 Bedroom,756
Argyll and Bute,2017,Number of Records,1 Bedroom,107
Ayrshires,2017,Number of Records,1 Bedroom,351
Dumfries and Galloway,2017,Number of Records,1 Bedroom,110
Dundee and Angus,2017,Number of Records,1 Bedroom,369
East Dunbartonshire,2017,Number of Records,1 Bedroom,71
Fife,2017,Number of Records,1 Bedroom,325
Forth Valley,2017,Number of Records,1 Bedroom,321
Greater Glasgow,2017,Number of Records,1 Bedroom,1343
Highland and Islands,2017,Number of Records,1 Bedroom,243
Lothian,2017,Number of Records,1 Bedroom,1338
North Lanarkshire,2017,Number of Records,1 Bedroom,233
Perth and Kinross,2017,Number of Records,1 Bedroom,241
Renfrewshire / Inverclyde,2017,Number of Records,1 Bedroom,373
Scottish Borders,2017,Number of Records,1 Bedroom,194
South Lanarkshire,2017,Number of Records,1 Bedroom,295
West Dunbartonshire,2017,Number of Records,1 Bedroom,95
West Lothian,2017,Number of Records,1 Bedroom,103
Scotland,2018,Number of Records,1 Bedroom,7574
Aberdeen and Shire,2018,Number of Records,1 Bedroom,837
Argyll and Bute,2018,Number of Records,1 Bedroom,123
Ayrshires,2018,Number of Records,1 Bedroom,348
Dumfries and Galloway,2018,Number of Records,1 Bedroom,146
Dundee and Angus,2018,Number of Records,1 Bedroom,398
East Dunbartonshire,2018,Number of Records,1 Bedroom,73
Fife,2018,Number of Records,1 Bedroom,352
Forth Valley,2018,Number of Records,1 Bedroom,307
Greater Glasgow,2018,Number of Records,1 Bedroom,1606
Highland and Islands,2018,Number of Records,1 Bedroom,253
Lothian,2018,Number of Records,1 Bedroom,1436
North Lanarkshire,2018,Number of Records,1 Bedroom,255
Perth and Kinross,2018,Number of Records,1 Bedroom,255
Renfrewshire / Inverclyde,2018,Number of Records,1 Bedroom,456
Scottish Borders,2018,Number of Records,1 Bedroom,158
South Lanarkshire,2018,Number of Records,1 Bedroom,384
West Dunbartonshire,2018,Number of Records,1 Bedroom,95
West Lothian,2018,Number of Records,1 Bedroom,92
Scotland,2019,Number of Records,1 Bedroom,7897
Aberdeen and Shire,2019,Number of Records,1 Bedroom,881
Argyll and Bute,2019,Number of Records,1 Bedroom,142
Ayrshires,2019,Number of Records,1 Bedroom,456
Dumfries and Galloway,2019,Number of Records,1 Bedroom,121
Dundee and Angus,2019,Number of Records,1 Bedroom,429
East Dunbartonshire,2019,Number of Records,1 Bedroom,72
Fife,2019,Number of Records,1 Bedroom,322
Forth Valley,2019,Number of Records,1 Bedroom,237
Greater Glasgow,2019,Number of Records,1 Bedroom,1638
Highland and Islands,2019,Number of Records,1 Bedroom,252
Lothian,2019,Number of Records,1 Bedroom,1518
North Lanarkshire,2019,Number of Records,1 Bedroom,305
Perth and Kinross,2019,Number of Records,1 Bedroom,247
Renfrewshire / Inverclyde,2019,Number of Records,1 Bedroom,530
Scottish Borders,2019,Number of Records,1 Bedroom,148
South Lanarkshire,2019,Number of Records,1 Bedroom,394
West Dunbartonshire,2019,Number of Records,1 Bedroom,97
West Lothian,2019,Number of Records,1 Bedroom,107
Scotland,2020,Number of Records,1 Bedroom,6548
Aberdeen and Shire,2020,Number of Records,1 Bedroom,980
Argyll and Bute,2020,Number of Records,1 Bedroom,113
Ayrshires,2020,Number of Records,1 Bedroom,367
Dumfries and Galloway,2020,Number of Records,1 Bedroom,122
Dundee and Angus,2020,Number of Records,1 Bedroom,424
East Dunbartonshire,2020,Number of Records,1 Bedroom,75
Fife,2020,Number of Records,1 Bedroom,261
Forth Valley,2020,Number of Records,1 Bedroom,200
Greater Glasgow,2020,Number of Records,1 Bedroom,1117
Highland and Islands,2020,Number of Records,1 Bedroom,227
Lothian,2020,Number of Records,1 Bedroom,1127
North Lanarkshire,2020,Number of Records,1 Bedroom,232
Perth and Kinross,2020,Number of Records,1 Bedroom,251
Renfrewshire / Inverclyde,2020,Number of Records,1 Bedroom,456
Scottish Borders,2020,Number of Records,1 Bedroom,134
South Lanarkshire,2020,Number of Records,1 Bedroom,289
West Dunbartonshire,2020,Number of Records,1 Bedroom,85
West Lothian,2020,Number of Records,1 Bedroom,88
Scotland,2021,Number of Records,1 Bedroom,7399
Aberdeen and Shire,2021,Number of Records,1 Bedroom,1027
Argyll and Bute,2021,Number of Records,1 Bedroom,107
Ayrshires,2021,Number of Records,1 Bedroom,503
Dumfries and Galloway,2021,Number of Records,1 Bedroom,139
Dundee and Angus,2021,Number of Records,1 Bedroom,525
East Dunbartonshire,2021,Number of Records,1 Bedroom,56
Fife,2021,Number of Records,1 Bedroom,304
Forth Valley,2021,Number of Records,1 Bedroom,223
Greater Glasgow,2021,Number of Records,1 Bedroom,1376
Highland and Islands,2021,Number of Records,1 Bedroom,308
Lothian,2021,Number of Records,1 Bedroom,1324
North Lanarkshire,2021,Number of Records,1 Bedroom,203
Perth and Kinross,2021,Number of Records,1 Bedroom,236
Renfrewshire / Inverclyde,2021,Number of Records,1 Bedroom,468
Scottish Borders,2021,Number of Records,1 Bedroom,173
South Lanarkshire,2021,Number of Records,1 Bedroom,229
West Dunbartonshire,2021,Number of Records,1 Bedroom,97
West Lothian,2021,Number of Records,1 Bedroom,101
Scotland,2022,Number of Records,1 Bedroom,8608
Aberdeen and Shire,2022,Number of Records,1 Bedroom,1135
Argyll and Bute,2022,Number of Records,1 Bedroom,112
Ayrshires,2022,Number of Records,1 Bedroom,685
Dumfries and Galloway,2022,Number of Records,1 Bedroom,211
Dundee and Angus,2022,Number of Records,1 Bedroom,476
East Dunbartonshire,2022,Number of Records,1 Bedroom,101
Fife,2022,Number of Records,1 Bedroom,275
Forth Valley,2022,Number of Records,1 Bedroom,361
Greater Glasgow,2022,Number of Records,1 Bedroom,1352
Highland and Islands,2022,Number of Records,1 Bedroom,330
Lothian,2022,Number of Records,1 Bedroom,1735
North Lanarkshire,2022,Number of Records,1 Bedroom,204
Perth and Kinross,2022,Number of Records,1 Bedroom,374
Renfrewshire / Inverclyde,2022,Number of Records,1 Bedroom,515
Scottish Borders,2022,Number of Records,1 Bedroom,203
South Lanarkshire,2022,Number of Records,1 Bedroom,303
West Dunbartonshire,2022,Number of Records,1 Bedroom,99
West Lothian,2022,Number of Records,1 Bedroom,137
Scotland,2023,Number of Records,1 Bedroom,10429
Aberdeen and Shire,2023,Number of Records,1 Bedroom,1272
Argyll and Bute,2023,Number of Records,1 Bedroom,82
Ayrshires,2023,Number of Records,1 Bedroom,704
Dumfries and Galloway,2023,Number of Records,1 Bedroom,250
Dundee and Angus,2023,Number of Records,1 Bedroom,551
East Dunbartonshire,2023,Number of Records,1 Bedroom,108
Fife,2023,Number of Records,1 Bedroom,279
Forth Valley,2023,Number of Records,1 Bedroom,295
Greater Glasgow,2023,Number of Records,1 Bedroom,2343
Highland and Islands,2023,Number of Records,1 Bedroom,326
Lothian,2023,Number of Records,1 Bedroom,2156
North Lanarkshire,2023,Number of Records,1 Bedroom,245
Perth and Kinross,2023,Number of Records,1 Bedroom,349
Renfrewshire / Inverclyde,2023,Number of Records,1 Bedroom,614
Scottish Borders,2023,Number of Records,1 Bedroom,165
South Lanarkshire,2023,Number of Records,1 Bedroom,406
West Dunbartonshire,2023,Number of Records,1 Bedroom,93
West Lothian,2023,Number of Records,1 Bedroom,191
Scotland,2010,Mean,2 Bedroom,553.956115
Aberdeen and Shire,2010,Mean,2 Bedroom,642.58
Argyll and Bute,2010,Mean,2 Bedroom,503.03
Ayrshires,2010,Mean,2 Bedroom,464.47
Dumfries and Galloway,2010,Mean,2 Bedroom,435.12
Dundee and Angus,2010,Mean,2 Bedroom,497.46
East Dunbartonshire,2010,Mean,2 Bedroom,581.12
Fife,2010,Mean,2 Bedroom,463.99
Forth Valley,2010,Mean,2 Bedroom,492.41
Greater Glasgow,2010,Mean,2 Bedroom,563.64
Highland and Islands,2010,Mean,2 Bedroom,503.41
Lothian,2010,Mean,2 Bedroom,664.51
North Lanarkshire,2010,Mean,2 Bedroom,454.65
Perth and Kinross,2010,Mean,2 Bedroom,506.44
Renfrewshire / Inverclyde,2010,Mean,2 Bedroom,472.96
Scottish Borders,2010,Mean,2 Bedroom,441.58
South Lanarkshire,2010,Mean,2 Bedroom,480.55
West Dunbartonshire,2010,Mean,2 Bedroom,492.17
West Lothian,2010,Mean,2 Bedroom,527.37
Scotland,2011,Mean,2 Bedroom,569.978554
Aberdeen and Shire,2011,Mean,2 Bedroom,670.81
Argyll and Bute,2011,Mean,2 Bedroom,499.54
Ayrshires,2011,Mean,2 Bedroom,469.47
Dumfries and Galloway,2011,Mean,2 Bedroom,444.21
Dundee and Angus,2011,Mean,2 Bedroom,520.5
East Dunbartonshire,2011,Mean,2 Bedroom,571.97
Fife,2011,Mean,2 Bedroom,476.96
Forth Valley,2011,Mean,2 Bedroom,506.53
Greater Glasgow,2011,Mean,2 Bedroom,588.05
Highland and Islands,2011,Mean,2 Bedroom,513.76
Lothian,2011,Mean,2 Bedroom,688.96
North Lanarkshire,2011,Mean,2 Bedroom,463.08
Perth and Kinross,2011,Mean,2 Bedroom,512.44
Renfrewshire / Inverclyde,2011,Mean,2 Bedroom,477.94
Scottish Borders,2011,Mean,2 Bedroom,446.24
South Lanarkshire,2011,Mean,2 Bedroom,492.1
West Dunbartonshire,2011,Mean,2 Bedroom,493.6
West Lothian,2011,Mean,2 Bedroom,525.86
Scotland,2012,Mean,2 Bedroom,572.703277
Aberdeen and Shire,2012,Mean,2 Bedroom,701.44
Argyll and Bute,2012,Mean,2 Bedroom,508.31
Ayrshires,2012,Mean,2 Bedroom,459.24
Dumfries and Galloway,2012,Mean,2 Bedroom,443.75
Dundee and Angus,2012,Mean,2 Bedroom,502.96
East Dunbartonshire,2012,Mean,2 Bedroom,608.66
Fife,2012,Mean,2 Bedroom,481.34
Forth Valley,2012,Mean,2 Bedroom,510.32
Greater Glasgow,2012,Mean,2 Bedroom,572.74
Highland and Islands,2012,Mean,2 Bedroom,516.38
Lothian,2012,Mean,2 Bedroom,699.53
North Lanarkshire,2012,Mean,2 Bedroom,464.37
Perth and Kinross,2012,Mean,2 Bedroom,504.82
Renfrewshire / Inverclyde,2012,Mean,2 Bedroom,484.84
Scottish Borders,2012,Mean,2 Bedroom,444.92
South Lanarkshire,2012,Mean,2 Bedroom,485.26
West Dunbartonshire,2012,Mean,2 Bedroom,493.9
West Lothian,2012,Mean,2 Bedroom,527.74
Scotland,2013,Mean,2 Bedroom,593.713861
Aberdeen and Shire,2013,Mean,2 Bedroom,819.48
Argyll and Bute,2013,Mean,2 Bedroom,502.51
Ayrshires,2013,Mean,2 Bedroom,469.51
Dumfries and Galloway,2013,Mean,2 Bedroom,444.46
Dundee and Angus,2013,Mean,2 Bedroom,515.07
East Dunbartonshire,2013,Mean,2 Bedroom,587.11
Fife,2013,Mean,2 Bedroom,485.39
Forth Valley,2013,Mean,2 Bedroom,505.6
Greater Glasgow,2013,Mean,2 Bedroom,593.71
Highland and Islands,2013,Mean,2 Bedroom,527.24
Lothian,2013,Mean,2 Bedroom,728.57
North Lanarkshire,2013,Mean,2 Bedroom,463.09
Perth and Kinross,2013,Mean,2 Bedroom,518.61
Renfrewshire / Inverclyde,2013,Mean,2 Bedroom,480.45
Scottish Borders,2013,Mean,2 Bedroom,443.86
South Lanarkshire,2013,Mean,2 Bedroom,490.7
West Dunbartonshire,2013,Mean,2 Bedroom,486.03
West Lothian,2013,Mean,2 Bedroom,536.71
Scotland,2014,Mean,2 Bedroom,618.840692
Aberdeen and Shire,2014,Mean,2 Bedroom,898.08
Argyll and Bute,2014,Mean,2 Bedroom,495.44
Ayrshires,2014,Mean,2 Bedroom,460.9
Dumfries and Galloway,2014,Mean,2 Bedroom,442.14
Dundee and Angus,2014,Mean,2 Bedroom,517.76
East Dunbartonshire,2014,Mean,2 Bedroom,603.7
Fife,2014,Mean,2 Bedroom,509.51
Forth Valley,2014,Mean,2 Bedroom,506.37
Greater Glasgow,2014,Mean,2 Bedroom,626.38
Highland and Islands,2014,Mean,2 Bedroom,532.32
Lothian,2014,Mean,2 Bedroom,779.12
North Lanarkshire,2014,Mean,2 Bedroom,463.85
Perth and Kinross,2014,Mean,2 Bedroom,520.45
Renfrewshire / Inverclyde,2014,Mean,2 Bedroom,483
Scottish Borders,2014,Mean,2 Bedroom,444.22
South Lanarkshire,2014,Mean,2 Bedroom,494.06
West Dunbartonshire,2014,Mean,2 Bedroom,479
West Lothian,2014,Mean,2 Bedroom,542.6
Scotland,2015,Mean,2 Bedroom,635.754464
Aberdeen and Shire,2015,Mean,2 Bedroom,873.8
Argyll and Bute,2015,Mean,2 Bedroom,508.79
Ayrshires,2015,Mean,2 Bedroom,460.63
Dumfries and Galloway,2015,Mean,2 Bedroom,446.25
Dundee and Angus,2015,Mean,2 Bedroom,530.9
East Dunbartonshire,2015,Mean,2 Bedroom,610.75
Fife,2015,Mean,2 Bedroom,497.96
Forth Valley,2015,Mean,2 Bedroom,508.44
Greater Glasgow,2015,Mean,2 Bedroom,667.74
Highland and Islands,2015,Mean,2 Bedroom,544.55
Lothian,2015,Mean,2 Bedroom,828.92
North Lanarkshire,2015,Mean,2 Bedroom,474.83
Perth and Kinross,2015,Mean,2 Bedroom,528.99
Renfrewshire / Inverclyde,2015,Mean,2 Bedroom,488.37
Scottish Borders,2015,Mean,2 Bedroom,443.93
South Lanarkshire,2015,Mean,2 Bedroom,497.05
West Dunbartonshire,2015,Mean,2 Bedroom,476.44
West Lothian,2015,Mean,2 Bedroom,559.54
Scotland,2016,Mean,2 Bedroom,631.571184
Aberdeen and Shire,2016,Mean,2 Bedroom,754.39
Argyll and Bute,2016,Mean,2 Bedroom,524.75
Ayrshires,2016,Mean,2 Bedroom,463.38
Dumfries and Galloway,2016,Mean,2 Bedroom,446.89
Dundee and Angus,2016,Mean,2 Bedroom,545.96
East Dunbartonshire,2016,Mean,2 Bedroom,635.52
Fife,2016,Mean,2 Bedroom,510.77
Forth Valley,2016,Mean,2 Bedroom,529.72
Greater Glasgow,2016,Mean,2 Bedroom,695.92
Highland and Islands,2016,Mean,2 Bedroom,560.95
Lothian,2016,Mean,2 Bedroom,830.97
North Lanarkshire,2016,Mean,2 Bedroom,475.8
Perth and Kinross,2016,Mean,2 Bedroom,539.95
Renfrewshire / Inverclyde,2016,Mean,2 Bedroom,493.93
Scottish Borders,2016,Mean,2 Bedroom,452.23
South Lanarkshire,2016,Mean,2 Bedroom,500.05
West Dunbartonshire,2016,Mean,2 Bedroom,498.22
West Lothian,2016,Mean,2 Bedroom,577.8
Scotland,2017,Mean,2 Bedroom,648.912547
Aberdeen and Shire,2017,Mean,2 Bedroom,681.97
Argyll and Bute,2017,Mean,2 Bedroom,515.93
Ayrshires,2017,Mean,2 Bedroom,466.59
Dumfries and Galloway,2017,Mean,2 Bedroom,453.39
Dundee and Angus,2017,Mean,2 Bedroom,554.96
East Dunbartonshire,2017,Mean,2 Bedroom,653.4
Fife,2017,Mean,2 Bedroom,533.29
Forth Valley,2017,Mean,2 Bedroom,562.55
Greater Glasgow,2017,Mean,2 Bedroom,744.8
Highland and Islands,2017,Mean,2 Bedroom,575.09
Lothian,2017,Mean,2 Bedroom,888.18
North Lanarkshire,2017,Mean,2 Bedroom,480.25
Perth and Kinross,2017,Mean,2 Bedroom,549.21
Renfrewshire / Inverclyde,2017,Mean,2 Bedroom,507.56
Scottish Borders,2017,Mean,2 Bedroom,458.64
South Lanarkshire,2017,Mean,2 Bedroom,520.08
West Dunbartonshire,2017,Mean,2 Bedroom,495.63
West Lothian,2017,Mean,2 Bedroom,598.79
Scotland,2018,Mean,2 Bedroom,659.215732
Aberdeen and Shire,2018,Mean,2 Bedroom,653.73
Argyll and Bute,2018,Mean,2 Bedroom,536.21
Ayrshires,2018,Mean,2 Bedroom,475.01
Dumfries and Galloway,2018,Mean,2 Bedroom,461.46
Dundee and Angus,2018,Mean,2 Bedroom,561.51
East Dunbartonshire,2018,Mean,2 Bedroom,683.7
Fife,2018,Mean,2 Bedroom,547.92
Forth Valley,2018,Mean,2 Bedroom,588.62
Greater Glasgow,2018,Mean,2 Bedroom,740.33
Highland and Islands,2018,Mean,2 Bedroom,582.8
Lothian,2018,Mean,2 Bedroom,945.71
North Lanarkshire,2018,Mean,2 Bedroom,486.7
Perth and Kinross,2018,Mean,2 Bedroom,550.7
Renfrewshire / Inverclyde,2018,Mean,2 Bedroom,507.67
Scottish Borders,2018,Mean,2 Bedroom,477.92
South Lanarkshire,2018,Mean,2 Bedroom,526.08
West Dunbartonshire,2018,Mean,2 Bedroom,503.31
West Lothian,2018,Mean,2 Bedroom,608.82
Scotland,2019,Mean,2 Bedroom,681.153841
Aberdeen and Shire,2019,Mean,2 Bedroom,651.82
Argyll and Bute,2019,Mean,2 Bedroom,557.11
Ayrshires,2019,Mean,2 Bedroom,471.45
Dumfries and Galloway,2019,Mean,2 Bedroom,475.5
Dundee and Angus,2019,Mean,2 Bedroom,581.94
East Dunbartonshire,2019,Mean,2 Bedroom,677.02
Fife,2019,Mean,2 Bedroom,566.76
Forth Valley,2019,Mean,2 Bedroom,595.88
Greater Glasgow,2019,Mean,2 Bedroom,779.76
Highland and Islands,2019,Mean,2 Bedroom,600.86
Lothian,2019,Mean,2 Bedroom,972.07
North Lanarkshire,2019,Mean,2 Bedroom,487.79
Perth and Kinross,2019,Mean,2 Bedroom,563.74
Renfrewshire / Inverclyde,2019,Mean,2 Bedroom,512.55
Scottish Borders,2019,Mean,2 Bedroom,490.34
South Lanarkshire,2019,Mean,2 Bedroom,533.27
West Dunbartonshire,2019,Mean,2 Bedroom,508.68
West Lothian,2019,Mean,2 Bedroom,629.67
Scotland,2020,Mean,2 Bedroom,688.844859
Aberdeen and Shire,2020,Mean,2 Bedroom,648.95
Argyll and Bute,2020,Mean,2 Bedroom,577.13
Ayrshires,2020,Mean,2 Bedroom,468.57
Dumfries and Galloway,2020,Mean,2 Bedroom,476.04
Dundee and Angus,2020,Mean,2 Bedroom,580.76
East Dunbartonshire,2020,Mean,2 Bedroom,704.3
Fife,2020,Mean,2 Bedroom,585.98
Forth Valley,2020,Mean,2 Bedroom,613.52
Greater Glasgow,2020,Mean,2 Bedroom,794.45
Highland and Islands,2020,Mean,2 Bedroom,607.43
Lothian,2020,Mean,2 Bedroom,969.27
North Lanarkshire,2020,Mean,2 Bedroom,503
Perth and Kinross,2020,Mean,2 Bedroom,573.39
Renfrewshire / Inverclyde,2020,Mean,2 Bedroom,512.41
Scottish Borders,2020,Mean,2 Bedroom,501.57
South Lanarkshire,2020,Mean,2 Bedroom,539.79
West Dunbartonshire,2020,Mean,2 Bedroom,501.82
West Lothian,2020,Mean,2 Bedroom,636.44
Scotland,2021,Mean,2 Bedroom,693.174006
Aberdeen and Shire,2021,Mean,2 Bedroom,648.97
Argyll and Bute,2021,Mean,2 Bedroom,582.55
Ayrshires,2021,Mean,2 Bedroom,500.48
Dumfries and Galloway,2021,Mean,2 Bedroom,476.62
Dundee and Angus,2021,Mean,2 Bedroom,600.5
East Dunbartonshire,2021,Mean,2 Bedroom,720.66
Fife,2021,Mean,2 Bedroom,616.39
Forth Valley,2021,Mean,2 Bedroom,641.69
Greater Glasgow,2021,Mean,2 Bedroom,797.06
Highland and Islands,2021,Mean,2 Bedroom,612.35
Lothian,2021,Mean,2 Bedroom,941.6
North Lanarkshire,2021,Mean,2 Bedroom,516.82
Perth and Kinross,2021,Mean,2 Bedroom,589.89
Renfrewshire / Inverclyde,2021,Mean,2 Bedroom,517.66
Scottish Borders,2021,Mean,2 Bedroom,516.46
South Lanarkshire,2021,Mean,2 Bedroom,556.11
West Dunbartonshire,2021,Mean,2 Bedroom,537.21
West Lothian,2021,Mean,2 Bedroom,642.2
Scotland,2022,Mean,2 Bedroom,736.389113
Aberdeen and Shire,2022,Mean,2 Bedroom,662.54
Argyll and Bute,2022,Mean,2 Bedroom,611.83
Ayrshires,2022,Mean,2 Bedroom,492.74
Dumfries and Galloway,2022,Mean,2 Bedroom,479.64
Dundee and Angus,2022,Mean,2 Bedroom,648.35
East Dunbartonshire,2022,Mean,2 Bedroom,780.06
Fife,2022,Mean,2 Bedroom,649.08
Forth Valley,2022,Mean,2 Bedroom,697.21
Greater Glasgow,2022,Mean,2 Bedroom,858.15
Highland and Islands,2022,Mean,2 Bedroom,642.56
Lothian,2022,Mean,2 Bedroom,1006.45
North Lanarkshire,2022,Mean,2 Bedroom,559.68
Perth and Kinross,2022,Mean,2 Bedroom,626.02
Renfrewshire / Inverclyde,2022,Mean,2 Bedroom,546.59
Scottish Borders,2022,Mean,2 Bedroom,525.22
South Lanarkshire,2022,Mean,2 Bedroom,613.46
West Dunbartonshire,2022,Mean,2 Bedroom,581.98
West Lothian,2022,Mean,2 Bedroom,672.64
Scotland,2023,Mean,2 Bedroom,841.34164
Aberdeen and Shire,2023,Mean,2 Bedroom,719.57
Argyll and Bute,2023,Mean,2 Bedroom,723.42
Ayrshires,2023,Mean,2 Bedroom,545.66
Dumfries and Galloway,2023,Mean,2 Bedroom,486.64
Dundee and Angus,2023,Mean,2 Bedroom,745.48
East Dunbartonshire,2023,Mean,2 Bedroom,897.45
Fife,2023,Mean,2 Bedroom,699.82
Forth Valley,2023,Mean,2 Bedroom,747.92
Greater Glasgow,2023,Mean,2 Bedroom,1049.61
Highland and Islands,2023,Mean,2 Bedroom,661.91
Lothian,2023,Mean,2 Bedroom,1191.64
North Lanarkshire,2023,Mean,2 Bedroom,621.34
Perth and Kinross,2023,Mean,2 Bedroom,643.57
Renfrewshire / Inverclyde,2023,Mean,2 Bedroom,637.8
Scottish Borders,2023,Mean,2 Bedroom,585.5
South Lanarkshire,2023,Mean,2 Bedroom,672.31
West Dunbartonshire,2023,Mean,2 Bedroom,682
West Lothian,2023,Mean,2 Bedroom,688.41
Scotland,2010,Median,2 Bedroom,N/A
Aberdeen and Shire,2010,Median,2 Bedroom,650
Argyll and Bute,2010,Median,2 Bedroom,495
Ayrshires,2010,Median,2 Bedroom,450
Dumfries and Galloway,2010,Median,2 Bedroom,430
Dundee and Angus,2010,Median,2 Bedroom,480
East Dunbartonshire,2010,Median,2 Bedroom,575
Fife,2010,Median,2 Bedroom,450
Forth Valley,2010,Median,2 Bedroom,482.5
Greater Glasgow,2010,Median,2 Bedroom,550
Highland and Islands,2010,Median,2 Bedroom,500
Lothian,2010,Median,2 Bedroom,650
North Lanarkshire,2010,Median,2 Bedroom,450
Perth and Kinross,2010,Median,2 Bedroom,500
Renfrewshire / Inverclyde,2010,Median,2 Bedroom,450
Scottish Borders,2010,Median,2 Bedroom,427.5
South Lanarkshire,2010,Median,2 Bedroom,460
West Dunbartonshire,2010,Median,2 Bedroom,495
West Lothian,2010,Median,2 Bedroom,525
Scotland,2011,Median,2 Bedroom,N/A
Aberdeen and Shire,2011,Median,2 Bedroom,695
Argyll and Bute,2011,Median,2 Bedroom,495
Ayrshires,2011,Median,2 Bedroom,450
Dumfries and Galloway,2011,Median,2 Bedroom,450
Dundee and Angus,2011,Median,2 Bedroom,500
East Dunbartonshire,2011,Median,2 Bedroom,550
Fife,2011,Median,2 Bedroom,470
Forth Valley,2011,Median,2 Bedroom,495
Greater Glasgow,2011,Median,2 Bedroom,550
Highland and Islands,2011,Median,2 Bedroom,500
Lothian,2011,Median,2 Bedroom,650
North Lanarkshire,2011,Median,2 Bedroom,450
Perth and Kinross,2011,Median,2 Bedroom,500
Renfrewshire / Inverclyde,2011,Median,2 Bedroom,475
Scottish Borders,2011,Median,2 Bedroom,450
South Lanarkshire,2011,Median,2 Bedroom,475
West Dunbartonshire,2011,Median,2 Bedroom,495
West Lothian,2011,Median,2 Bedroom,525
Scotland,2012,Median,2 Bedroom,N/A
Aberdeen and Shire,2012,Median,2 Bedroom,700
Argyll and Bute,2012,Median,2 Bedroom,495
Ayrshires,2012,Median,2 Bedroom,450
Dumfries and Galloway,2012,Median,2 Bedroom,450
Dundee and Angus,2012,Median,2 Bedroom,490
East Dunbartonshire,2012,Median,2 Bedroom,595
Fife,2012,Median,2 Bedroom,470
Forth Valley,2012,Median,2 Bedroom,500
Greater Glasgow,2012,Median,2 Bedroom,550
Highland and Islands,2012,Median,2 Bedroom,500
Lothian,2012,Median,2 Bedroom,650
North Lanarkshire,2012,Median,2 Bedroom,450
Perth and Kinross,2012,Median,2 Bedroom,495
Renfrewshire / Inverclyde,2012,Median,2 Bedroom,475
Scottish Borders,2012,Median,2 Bedroom,440
South Lanarkshire,2012,Median,2 Bedroom,475
West Dunbartonshire,2012,Median,2 Bedroom,495
West Lothian,2012,Median,2 Bedroom,525
Scotland,2013,Median,2 Bedroom,N/A
Aberdeen and Shire,2013,Median,2 Bedroom,800
Argyll and Bute,2013,Median,2 Bedroom,495
Ayrshires,2013,Median,2 Bedroom,450
Dumfries and Galloway,2013,Median,2 Bedroom,450
Dundee and Angus,2013,Median,2 Bedroom,500
East Dunbartonshire,2013,Median,2 Bedroom,575
Fife,2013,Median,2 Bedroom,475
Forth Valley,2013,Median,2 Bedroom,495
Greater Glasgow,2013,Median,2 Bedroom,550
Highland and Islands,2013,Median,2 Bedroom,525
Lothian,2013,Median,2 Bedroom,680
North Lanarkshire,2013,Median,2 Bedroom,450
Perth and Kinross,2013,Median,2 Bedroom,500
Renfrewshire / Inverclyde,2013,Median,2 Bedroom,475
Scottish Borders,2013,Median,2 Bedroom,450
South Lanarkshire,2013,Median,2 Bedroom,475
West Dunbartonshire,2013,Median,2 Bedroom,475
West Lothian,2013,Median,2 Bedroom,529
Scotland,2014,Median,2 Bedroom,N/A
Aberdeen and Shire,2014,Median,2 Bedroom,875
Argyll and Bute,2014,Median,2 Bedroom,495
Ayrshires,2014,Median,2 Bedroom,450
Dumfries and Galloway,2014,Median,2 Bedroom,450
Dundee and Angus,2014,Median,2 Bedroom,500
East Dunbartonshire,2014,Median,2 Bedroom,575
Fife,2014,Median,2 Bedroom,490
Forth Valley,2014,Median,2 Bedroom,495
Greater Glasgow,2014,Median,2 Bedroom,575
Highland and Islands,2014,Median,2 Bedroom,525
Lothian,2014,Median,2 Bedroom,705
North Lanarkshire,2014,Median,2 Bedroom,450
Perth and Kinross,2014,Median,2 Bedroom,500
Renfrewshire / Inverclyde,2014,Median,2 Bedroom,475
Scottish Borders,2014,Median,2 Bedroom,440
South Lanarkshire,2014,Median,2 Bedroom,475
West Dunbartonshire,2014,Median,2 Bedroom,475
West Lothian,2014,Median,2 Bedroom,542.5
Scotland,2015,Median,2 Bedroom,N/A
Aberdeen and Shire,2015,Median,2 Bedroom,875
Argyll and Bute,2015,Median,2 Bedroom,495
Ayrshires,2015,Median,2 Bedroom,450
Dumfries and Galloway,2015,Median,2 Bedroom,450
Dundee and Angus,2015,Median,2 Bedroom,517.5
East Dunbartonshire,2015,Median,2 Bedroom,575
Fife,2015,Median,2 Bedroom,475
Forth Valley,2015,Median,2 Bedroom,495
Greater Glasgow,2015,Median,2 Bedroom,625
Highland and Islands,2015,Median,2 Bedroom,550
Lothian,2015,Median,2 Bedroom,775
North Lanarkshire,2015,Median,2 Bedroom,450
Perth and Kinross,2015,Median,2 Bedroom,525
Renfrewshire / Inverclyde,2015,Median,2 Bedroom,475
Scottish Borders,2015,Median,2 Bedroom,435
South Lanarkshire,2015,Median,2 Bedroom,475
West Dunbartonshire,2015,Median,2 Bedroom,460
West Lothian,2015,Median,2 Bedroom,550
Scotland,2016,Median,2 Bedroom,N/A
Aberdeen and Shire,2016,Median,2 Bedroom,750
Argyll and Bute,2016,Median,2 Bedroom,500
Ayrshires,2016,Median,2 Bedroom,450
Dumfries and Galloway,2016,Median,2 Bedroom,450
Dundee and Angus,2016,Median,2 Bedroom,530
East Dunbartonshire,2016,Median,2 Bedroom,625
Fife,2016,Median,2 Bedroom,495
Forth Valley,2016,Median,2 Bedroom,510
Greater Glasgow,2016,Median,2 Bedroom,650
Highland and Islands,2016,Median,2 Bedroom,550
Lothian,2016,Median,2 Bedroom,800
North Lanarkshire,2016,Median,2 Bedroom,475
Perth and Kinross,2016,Median,2 Bedroom,525
Renfrewshire / Inverclyde,2016,Median,2 Bedroom,475
Scottish Borders,2016,Median,2 Bedroom,450
South Lanarkshire,2016,Median,2 Bedroom,475
West Dunbartonshire,2016,Median,2 Bedroom,475
West Lothian,2016,Median,2 Bedroom,575
Scotland,2017,Median,2 Bedroom,N/A
Aberdeen and Shire,2017,Median,2 Bedroom,650
Argyll and Bute,2017,Median,2 Bedroom,500
Ayrshires,2017,Median,2 Bedroom,450
Dumfries and Galloway,2017,Median,2 Bedroom,450
Dundee and Angus,2017,Median,2 Bedroom,540
East Dunbartonshire,2017,Median,2 Bedroom,600
Fife,2017,Median,2 Bedroom,500
Forth Valley,2017,Median,2 Bedroom,550
Greater Glasgow,2017,Median,2 Bedroom,695
Highland and Islands,2017,Median,2 Bedroom,550
Lothian,2017,Median,2 Bedroom,850
North Lanarkshire,2017,Median,2 Bedroom,475
Perth and Kinross,2017,Median,2 Bedroom,550
Renfrewshire / Inverclyde,2017,Median,2 Bedroom,495
Scottish Borders,2017,Median,2 Bedroom,450
South Lanarkshire,2017,Median,2 Bedroom,495
West Dunbartonshire,2017,Median,2 Bedroom,487.5
West Lothian,2017,Median,2 Bedroom,595
Scotland,2018,Median,2 Bedroom,N/A
Aberdeen and Shire,2018,Median,2 Bedroom,650
Argyll and Bute,2018,Median,2 Bedroom,525
Ayrshires,2018,Median,2 Bedroom,460
Dumfries and Galloway,2018,Median,2 Bedroom,457.5
Dundee and Angus,2018,Median,2 Bedroom,550
East Dunbartonshire,2018,Median,2 Bedroom,675
Fife,2018,Median,2 Bedroom,502.5
Forth Valley,2018,Median,2 Bedroom,575
Greater Glasgow,2018,Median,2 Bedroom,695
Highland and Islands,2018,Median,2 Bedroom,575
Lothian,2018,Median,2 Bedroom,895
North Lanarkshire,2018,Median,2 Bedroom,475
Perth and Kinross,2018,Median,2 Bedroom,550
Renfrewshire / Inverclyde,2018,Median,2 Bedroom,480
Scottish Borders,2018,Median,2 Bedroom,450
South Lanarkshire,2018,Median,2 Bedroom,500
West Dunbartonshire,2018,Median,2 Bedroom,495
West Lothian,2018,Median,2 Bedroom,600
Scotland,2019,Median,2 Bedroom,N/A
Aberdeen and Shire,2019,Median,2 Bedroom,640
Argyll and Bute,2019,Median,2 Bedroom,550
Ayrshires,2019,Median,2 Bedroom,450
Dumfries and Galloway,2019,Median,2 Bedroom,465
Dundee and Angus,2019,Median,2 Bedroom,575
East Dunbartonshire,2019,Median,2 Bedroom,650
Fife,2019,Median,2 Bedroom,517.5
Forth Valley,2019,Median,2 Bedroom,575
Greater Glasgow,2019,Median,2 Bedroom,750
Highland and Islands,2019,Median,2 Bedroom,600
Lothian,2019,Median,2 Bedroom,900
North Lanarkshire,2019,Median,2 Bedroom,475
Perth and Kinross,2019,Median,2 Bedroom,550
Renfrewshire / Inverclyde,2019,Median,2 Bedroom,495
Scottish Borders,2019,Median,2 Bedroom,490
South Lanarkshire,2019,Median,2 Bedroom,525
West Dunbartonshire,2019,Median,2 Bedroom,495
West Lothian,2019,Median,2 Bedroom,625
Scotland,2020,Median,2 Bedroom,N/A
Aberdeen and Shire,2020,Median,2 Bedroom,625
Argyll and Bute,2020,Median,2 Bedroom,550
Ayrshires,2020,Median,2 Bedroom,450
Dumfries and Galloway,2020,Median,2 Bedroom,475
Dundee and Angus,2020,Median,2 Bedroom,550
East Dunbartonshire,2020,Median,2 Bedroom,695
Fife,2020,Median,2 Bedroom,525
Forth Valley,2020,Median,2 Bedroom,595
Greater Glasgow,2020,Median,2 Bedroom,750
Highland and Islands,2020,Median,2 Bedroom,600
Lothian,2020,Median,2 Bedroom,900
North Lanarkshire,2020,Median,2 Bedroom,485
Perth and Kinross,2020,Median,2 Bedroom,550
Renfrewshire / Inverclyde,2020,Median,2 Bedroom,495
Scottish Borders,2020,Median,2 Bedroom,495
South Lanarkshire,2020,Median,2 Bedroom,525
West Dunbartonshire,2020,Median,2 Bedroom,495
West Lothian,2020,Median,2 Bedroom,625
Scotland,2021,Median,2 Bedroom,N/A
Aberdeen and Shire,2021,Median,2 Bedroom,625
Argyll and Bute,2021,Median,2 Bedroom,565
Ayrshires,2021,Median,2 Bedroom,475
Dumfries and Galloway,2021,Median,2 Bedroom,475
Dundee and Angus,2021,Median,2 Bedroom,587.5
East Dunbartonshire,2021,Median,2 Bedroom,725
Fife,2021,Median,2 Bedroom,550
Forth Valley,2021,Median,2 Bedroom,625
Greater Glasgow,2021,Median,2 Bedroom,750
Highland and Islands,2021,Median,2 Bedroom,600
Lothian,2021,Median,2 Bedroom,895
North Lanarkshire,2021,Median,2 Bedroom,495
Perth and Kinross,2021,Median,2 Bedroom,575
Renfrewshire / Inverclyde,2021,Median,2 Bedroom,495
Scottish Borders,2021,Median,2 Bedroom,495
South Lanarkshire,2021,Median,2 Bedroom,532.5
West Dunbartonshire,2021,Median,2 Bedroom,525
West Lothian,2021,Median,2 Bedroom,650
Scotland,2022,Median,2 Bedroom,N/A
Aberdeen and Shire,2022,Median,2 Bedroom,650
Argyll and Bute,2022,Median,2 Bedroom,597.5
Ayrshires,2022,Median,2 Bedroom,475
Dumfries and Galloway,2022,Median,2 Bedroom,470
Dundee and Angus,2022,Median,2 Bedroom,630
East Dunbartonshire,2022,Median,2 Bedroom,750
Fife,2022,Median,2 Bedroom,595
Forth Valley,2022,Median,2 Bedroom,675
Greater Glasgow,2022,Median,2 Bedroom,795
Highland and Islands,2022,Median,2 Bedroom,650
Lothian,2022,Median,2 Bedroom,950
North Lanarkshire,2022,Median,2 Bedroom,550
Perth and Kinross,2022,Median,2 Bedroom,600
Renfrewshire / Inverclyde,2022,Median,2 Bedroom,500
Scottish Borders,2022,Median,2 Bedroom,520
South Lanarkshire,2022,Median,2 Bedroom,595
West Dunbartonshire,2022,Median,2 Bedroom,575
West Lothian,2022,Median,2 Bedroom,650
Scotland,2023,Median,2 Bedroom,N/A
Aberdeen and Shire,2023,Median,2 Bedroom,699
Argyll and Bute,2023,Median,2 Bedroom,675
Ayrshires,2023,Median,2 Bedroom,525
Dumfries and Galloway,2023,Median,2 Bedroom,475
Dundee and Angus,2023,Median,2 Bedroom,725
East Dunbartonshire,2023,Median,2 Bedroom,850
Fife,2023,Median,2 Bedroom,650
Forth Valley,2023,Median,2 Bedroom,725
Greater Glasgow,2023,Median,2 Bedroom,995
Highland and Islands,2023,Median,2 Bedroom,650
Lothian,2023,Median,2 Bedroom,1155
North Lanarkshire,2023,Median,2 Bedroom,600
Perth and Kinross,2023,Median,2 Bedroom,625
Renfrewshire / Inverclyde,2023,Median,2 Bedroom,625
Scottish Borders,2023,Median,2 Bedroom,560
South Lanarkshire,2023,Median,2 Bedroom,650
West Dunbartonshire,2023,Median,2 Bedroom,675
West Lothian,2023,Median,2 Bedroom,675
Scotland,2010,Upper Quartile,2 Bedroom,N/A
Aberdeen and Shire,2010,Upper Quartile,2 Bedroom,700
Argyll and Bute,2010,Upper Quartile,2 Bedroom,550
Ayrshires,2010,Upper Quartile,2 Bedroom,495
Dumfries and Galloway,2010,Upper Quartile,2 Bedroom,475
Dundee and Angus,2010,Upper Quartile,2 Bedroom,550
East Dunbartonshire,2010,Upper Quartile,2 Bedroom,625
Fife,2010,Upper Quartile,2 Bedroom,495
Forth Valley,2010,Upper Quartile,2 Bedroom,550
Greater Glasgow,2010,Upper Quartile,2 Bedroom,600
Highland and Islands,2010,Upper Quartile,2 Bedroom,550
Lothian,2010,Upper Quartile,2 Bedroom,715
North Lanarkshire,2010,Upper Quartile,2 Bedroom,495
Perth and Kinross,2010,Upper Quartile,2 Bedroom,550
Renfrewshire / Inverclyde,2010,Upper Quartile,2 Bedroom,525
Scottish Borders,2010,Upper Quartile,2 Bedroom,490
South Lanarkshire,2010,Upper Quartile,2 Bedroom,525
West Dunbartonshire,2010,Upper Quartile,2 Bedroom,550
West Lothian,2010,Upper Quartile,2 Bedroom,550
Scotland,2011,Upper Quartile,2 Bedroom,N/A
Aberdeen and Shire,2011,Upper Quartile,2 Bedroom,750
Argyll and Bute,2011,Upper Quartile,2 Bedroom,550
Ayrshires,2011,Upper Quartile,2 Bedroom,500
Dumfries and Galloway,2011,Upper Quartile,2 Bedroom,475
Dundee and Angus,2011,Upper Quartile,2 Bedroom,585
East Dunbartonshire,2011,Upper Quartile,2 Bedroom,650
Fife,2011,Upper Quartile,2 Bedroom,520
Forth Valley,2011,Upper Quartile,2 Bedroom,550
Greater Glasgow,2011,Upper Quartile,2 Bedroom,650
Highland and Islands,2011,Upper Quartile,2 Bedroom,550
Lothian,2011,Upper Quartile,2 Bedroom,750
North Lanarkshire,2011,Upper Quartile,2 Bedroom,495
Perth and Kinross,2011,Upper Quartile,2 Bedroom,550
Renfrewshire / Inverclyde,2011,Upper Quartile,2 Bedroom,525
Scottish Borders,2011,Upper Quartile,2 Bedroom,495
South Lanarkshire,2011,Upper Quartile,2 Bedroom,550
West Dunbartonshire,2011,Upper Quartile,2 Bedroom,550
West Lothian,2011,Upper Quartile,2 Bedroom,550
Scotland,2012,Upper Quartile,2 Bedroom,N/A
Aberdeen and Shire,2012,Upper Quartile,2 Bedroom,775
Argyll and Bute,2012,Upper Quartile,2 Bedroom,550
Ayrshires,2012,Upper Quartile,2 Bedroom,495
Dumfries and Galloway,2012,Upper Quartile,2 Bedroom,475
Dundee and Angus,2012,Upper Quartile,2 Bedroom,560
East Dunbartonshire,2012,Upper Quartile,2 Bedroom,680
Fife,2012,Upper Quartile,2 Bedroom,510
Forth Valley,2012,Upper Quartile,2 Bedroom,550
Greater Glasgow,2012,Upper Quartile,2 Bedroom,625
Highland and Islands,2012,Upper Quartile,2 Bedroom,550
Lothian,2012,Upper Quartile,2 Bedroom,750
North Lanarkshire,2012,Upper Quartile,2 Bedroom,500
Perth and Kinross,2012,Upper Quartile,2 Bedroom,550
Renfrewshire / Inverclyde,2012,Upper Quartile,2 Bedroom,550
Scottish Borders,2012,Upper Quartile,2 Bedroom,485
South Lanarkshire,2012,Upper Quartile,2 Bedroom,550
West Dunbartonshire,2012,Upper Quartile,2 Bedroom,550
West Lothian,2012,Upper Quartile,2 Bedroom,550
Scotland,2013,Upper Quartile,2 Bedroom,N/A
Aberdeen and Shire,2013,Upper Quartile,2 Bedroom,900
Argyll and Bute,2013,Upper Quartile,2 Bedroom,550
Ayrshires,2013,Upper Quartile,2 Bedroom,500
Dumfries and Galloway,2013,Upper Quartile,2 Bedroom,475
Dundee and Angus,2013,Upper Quartile,2 Bedroom,575
East Dunbartonshire,2013,Upper Quartile,2 Bedroom,650
Fife,2013,Upper Quartile,2 Bedroom,525
Forth Valley,2013,Upper Quartile,2 Bedroom,550
Greater Glasgow,2013,Upper Quartile,2 Bedroom,650
Highland and Islands,2013,Upper Quartile,2 Bedroom,575
Lothian,2013,Upper Quartile,2 Bedroom,775
North Lanarkshire,2013,Upper Quartile,2 Bedroom,495
Perth and Kinross,2013,Upper Quartile,2 Bedroom,550
Renfrewshire / Inverclyde,2013,Upper Quartile,2 Bedroom,525
Scottish Borders,2013,Upper Quartile,2 Bedroom,495
South Lanarkshire,2013,Upper Quartile,2 Bedroom,545
West Dunbartonshire,2013,Upper Quartile,2 Bedroom,550
West Lothian,2013,Upper Quartile,2 Bedroom,558
Scotland,2014,Upper Quartile,2 Bedroom,N/A
Aberdeen and Shire,2014,Upper Quartile,2 Bedroom,1000
Argyll and Bute,2014,Upper Quartile,2 Bedroom,550
Ayrshires,2014,Upper Quartile,2 Bedroom,497.5
Dumfries and Galloway,2014,Upper Quartile,2 Bedroom,475
Dundee and Angus,2014,Upper Quartile,2 Bedroom,575
East Dunbartonshire,2014,Upper Quartile,2 Bedroom,695
Fife,2014,Upper Quartile,2 Bedroom,550
Forth Valley,2014,Upper Quartile,2 Bedroom,550
Greater Glasgow,2014,Upper Quartile,2 Bedroom,695
Highland and Islands,2014,Upper Quartile,2 Bedroom,580
Lothian,2014,Upper Quartile,2 Bedroom,840
North Lanarkshire,2014,Upper Quartile,2 Bedroom,497.5
Perth and Kinross,2014,Upper Quartile,2 Bedroom,575
Renfrewshire / Inverclyde,2014,Upper Quartile,2 Bedroom,525
Scottish Borders,2014,Upper Quartile,2 Bedroom,495
South Lanarkshire,2014,Upper Quartile,2 Bedroom,550
West Dunbartonshire,2014,Upper Quartile,2 Bedroom,525
West Lothian,2014,Upper Quartile,2 Bedroom,575
Scotland,2015,Upper Quartile,2 Bedroom,N/A
Aberdeen and Shire,2015,Upper Quartile,2 Bedroom,950
Argyll and Bute,2015,Upper Quartile,2 Bedroom,550
Ayrshires,2015,Upper Quartile,2 Bedroom,500
Dumfries and Galloway,2015,Upper Quartile,2 Bedroom,475
Dundee and Angus,2015,Upper Quartile,2 Bedroom,600
East Dunbartonshire,2015,Upper Quartile,2 Bedroom,675
Fife,2015,Upper Quartile,2 Bedroom,550
Forth Valley,2015,Upper Quartile,2 Bedroom,550
Greater Glasgow,2015,Upper Quartile,2 Bedroom,750
Highland and Islands,2015,Upper Quartile,2 Bedroom,600
Lothian,2015,Upper Quartile,2 Bedroom,900
North Lanarkshire,2015,Upper Quartile,2 Bedroom,525
Perth and Kinross,2015,Upper Quartile,2 Bedroom,575
Renfrewshire / Inverclyde,2015,Upper Quartile,2 Bedroom,550
Scottish Borders,2015,Upper Quartile,2 Bedroom,490
South Lanarkshire,2015,Upper Quartile,2 Bedroom,550
West Dunbartonshire,2015,Upper Quartile,2 Bedroom,525
West Lothian,2015,Upper Quartile,2 Bedroom,595
Scotland,2016,Upper Quartile,2 Bedroom,N/A
Aberdeen and Shire,2016,Upper Quartile,2 Bedroom,800
Argyll and Bute,2016,Upper Quartile,2 Bedroom,575
Ayrshires,2016,Upper Quartile,2 Bedroom,500
Dumfries and Galloway,2016,Upper Quartile,2 Bedroom,475
Dundee and Angus,2016,Upper Quartile,2 Bedroom,600
East Dunbartonshire,2016,Upper Quartile,2 Bedroom,695
Fife,2016,Upper Quartile,2 Bedroom,550
Forth Valley,2016,Upper Quartile,2 Bedroom,595
Greater Glasgow,2016,Upper Quartile,2 Bedroom,795
Highland and Islands,2016,Upper Quartile,2 Bedroom,625
Lothian,2016,Upper Quartile,2 Bedroom,925
North Lanarkshire,2016,Upper Quartile,2 Bedroom,525
Perth and Kinross,2016,Upper Quartile,2 Bedroom,595
Renfrewshire / Inverclyde,2016,Upper Quartile,2 Bedroom,550
Scottish Borders,2016,Upper Quartile,2 Bedroom,495
South Lanarkshire,2016,Upper Quartile,2 Bedroom,550
West Dunbartonshire,2016,Upper Quartile,2 Bedroom,550
West Lothian,2016,Upper Quartile,2 Bedroom,600
Scotland,2017,Upper Quartile,2 Bedroom,N/A
Aberdeen and Shire,2017,Upper Quartile,2 Bedroom,750
Argyll and Bute,2017,Upper Quartile,2 Bedroom,550
Ayrshires,2017,Upper Quartile,2 Bedroom,500
Dumfries and Galloway,2017,Upper Quartile,2 Bedroom,475
Dundee and Angus,2017,Upper Quartile,2 Bedroom,622.5
East Dunbartonshire,2017,Upper Quartile,2 Bedroom,750
Fife,2017,Upper Quartile,2 Bedroom,575
Forth Valley,2017,Upper Quartile,2 Bedroom,625
Greater Glasgow,2017,Upper Quartile,2 Bedroom,850
Highland and Islands,2017,Upper Quartile,2 Bedroom,650
Lothian,2017,Upper Quartile,2 Bedroom,975
North Lanarkshire,2017,Upper Quartile,2 Bedroom,525
Perth and Kinross,2017,Upper Quartile,2 Bedroom,595
Renfrewshire / Inverclyde,2017,Upper Quartile,2 Bedroom,550
Scottish Borders,2017,Upper Quartile,2 Bedroom,500
South Lanarkshire,2017,Upper Quartile,2 Bedroom,575
West Dunbartonshire,2017,Upper Quartile,2 Bedroom,550
West Lothian,2017,Upper Quartile,2 Bedroom,642.5
Scotland,2018,Upper Quartile,2 Bedroom,N/A
Aberdeen and Shire,2018,Upper Quartile,2 Bedroom,700
Argyll and Bute,2018,Upper Quartile,2 Bedroom,595
Ayrshires,2018,Upper Quartile,2 Bedroom,525
Dumfries and Galloway,2018,Upper Quartile,2 Bedroom,495
Dundee and Angus,2018,Upper Quartile,2 Bedroom,630
East Dunbartonshire,2018,Upper Quartile,2 Bedroom,750
Fife,2018,Upper Quartile,2 Bedroom,575
Forth Valley,2018,Upper Quartile,2 Bedroom,650
Greater Glasgow,2018,Upper Quartile,2 Bedroom,850
Highland and Islands,2018,Upper Quartile,2 Bedroom,650
Lothian,2018,Upper Quartile,2 Bedroom,1045
North Lanarkshire,2018,Upper Quartile,2 Bedroom,530
Perth and Kinross,2018,Upper Quartile,2 Bedroom,600
Renfrewshire / Inverclyde,2018,Upper Quartile,2 Bedroom,560
Scottish Borders,2018,Upper Quartile,2 Bedroom,525
South Lanarkshire,2018,Upper Quartile,2 Bedroom,575
West Dunbartonshire,2018,Upper Quartile,2 Bedroom,550
West Lothian,2018,Upper Quartile,2 Bedroom,650
Scotland,2019,Upper Quartile,2 Bedroom,N/A
Aberdeen and Shire,2019,Upper Quartile,2 Bedroom,700
Argyll and Bute,2019,Upper Quartile,2 Bedroom,600
Ayrshires,2019,Upper Quartile,2 Bedroom,525
Dumfries and Galloway,2019,Upper Quartile,2 Bedroom,500
Dundee and Angus,2019,Upper Quartile,2 Bedroom,650
East Dunbartonshire,2019,Upper Quartile,2 Bedroom,750
Fife,2019,Upper Quartile,2 Bedroom,595
Forth Valley,2019,Upper Quartile,2 Bedroom,675
Greater Glasgow,2019,Upper Quartile,2 Bedroom,895
Highland and Islands,2019,Upper Quartile,2 Bedroom,675
Lothian,2019,Upper Quartile,2 Bedroom,1095
North Lanarkshire,2019,Upper Quartile,2 Bedroom,532.5
Perth and Kinross,2019,Upper Quartile,2 Bedroom,600
Renfrewshire / Inverclyde,2019,Upper Quartile,2 Bedroom,575
Scottish Borders,2019,Upper Quartile,2 Bedroom,550
South Lanarkshire,2019,Upper Quartile,2 Bedroom,595
West Dunbartonshire,2019,Upper Quartile,2 Bedroom,550
West Lothian,2019,Upper Quartile,2 Bedroom,675
Scotland,2020,Upper Quartile,2 Bedroom,N/A
Aberdeen and Shire,2020,Upper Quartile,2 Bedroom,700
Argyll and Bute,2020,Upper Quartile,2 Bedroom,625
Ayrshires,2020,Upper Quartile,2 Bedroom,500
Dumfries and Galloway,2020,Upper Quartile,2 Bedroom,500
Dundee and Angus,2020,Upper Quartile,2 Bedroom,660
East Dunbartonshire,2020,Upper Quartile,2 Bedroom,800
Fife,2020,Upper Quartile,2 Bedroom,615
Forth Valley,2020,Upper Quartile,2 Bedroom,700
Greater Glasgow,2020,Upper Quartile,2 Bedroom,895
Highland and Islands,2020,Upper Quartile,2 Bedroom,675
Lothian,2020,Upper Quartile,2 Bedroom,1099
North Lanarkshire,2020,Upper Quartile,2 Bedroom,550
Perth and Kinross,2020,Upper Quartile,2 Bedroom,650
Renfrewshire / Inverclyde,2020,Upper Quartile,2 Bedroom,575
Scottish Borders,2020,Upper Quartile,2 Bedroom,550
South Lanarkshire,2020,Upper Quartile,2 Bedroom,595
West Dunbartonshire,2020,Upper Quartile,2 Bedroom,550
West Lothian,2020,Upper Quartile,2 Bedroom,675
Scotland,2021,Upper Quartile,2 Bedroom,N/A
Aberdeen and Shire,2021,Upper Quartile,2 Bedroom,700
Argyll and Bute,2021,Upper Quartile,2 Bedroom,625
Ayrshires,2021,Upper Quartile,2 Bedroom,550
Dumfries and Galloway,2021,Upper Quartile,2 Bedroom,500
Dundee and Angus,2021,Upper Quartile,2 Bedroom,690
East Dunbartonshire,2021,Upper Quartile,2 Bedroom,825
Fife,2021,Upper Quartile,2 Bedroom,625
Forth Valley,2021,Upper Quartile,2 Bedroom,725
Greater Glasgow,2021,Upper Quartile,2 Bedroom,895
Highland and Islands,2021,Upper Quartile,2 Bedroom,675
Lothian,2021,Upper Quartile,2 Bedroom,1000
North Lanarkshire,2021,Upper Quartile,2 Bedroom,550
Perth and Kinross,2021,Upper Quartile,2 Bedroom,650
Renfrewshire / Inverclyde,2021,Upper Quartile,2 Bedroom,575
Scottish Borders,2021,Upper Quartile,2 Bedroom,575
South Lanarkshire,2021,Upper Quartile,2 Bedroom,617.5
West Dunbartonshire,2021,Upper Quartile,2 Bedroom,595
West Lothian,2021,Upper Quartile,2 Bedroom,677.5
Scotland,2022,Upper Quartile,2 Bedroom,N/A
Aberdeen and Shire,2022,Upper Quartile,2 Bedroom,735
Argyll and Bute,2022,Upper Quartile,2 Bedroom,650
Ayrshires,2022,Upper Quartile,2 Bedroom,550
Dumfries and Galloway,2022,Upper Quartile,2 Bedroom,500
Dundee and Angus,2022,Upper Quartile,2 Bedroom,750
East Dunbartonshire,2022,Upper Quartile,2 Bedroom,875
Fife,2022,Upper Quartile,2 Bedroom,695
Forth Valley,2022,Upper Quartile,2 Bedroom,795
Greater Glasgow,2022,Upper Quartile,2 Bedroom,975
Highland and Islands,2022,Upper Quartile,2 Bedroom,725
Lothian,2022,Upper Quartile,2 Bedroom,1100
North Lanarkshire,2022,Upper Quartile,2 Bedroom,625
Perth and Kinross,2022,Upper Quartile,2 Bedroom,695
Renfrewshire / Inverclyde,2022,Upper Quartile,2 Bedroom,605
Scottish Borders,2022,Upper Quartile,2 Bedroom,590
South Lanarkshire,2022,Upper Quartile,2 Bedroom,675
West Dunbartonshire,2022,Upper Quartile,2 Bedroom,625
West Lothian,2022,Upper Quartile,2 Bedroom,725
Scotland,2023,Upper Quartile,2 Bedroom,N/A
Aberdeen and Shire,2023,Upper Quartile,2 Bedroom,795
Argyll and Bute,2023,Upper Quartile,2 Bedroom,800
Ayrshires,2023,Upper Quartile,2 Bedroom,600
Dumfries and Galloway,2023,Upper Quartile,2 Bedroom,525
Dundee and Angus,2023,Upper Quartile,2 Bedroom,870
East Dunbartonshire,2023,Upper Quartile,2 Bedroom,995
Fife,2023,Upper Quartile,2 Bedroom,750
Forth Valley,2023,Upper Quartile,2 Bedroom,850
Greater Glasgow,2023,Upper Quartile,2 Bedroom,1250
Highland and Islands,2023,Upper Quartile,2 Bedroom,750
Lothian,2023,Upper Quartile,2 Bedroom,1395
North Lanarkshire,2023,Upper Quartile,2 Bedroom,695
Perth and Kinross,2023,Upper Quartile,2 Bedroom,700
Renfrewshire / Inverclyde,2023,Upper Quartile,2 Bedroom,725
Scottish Borders,2023,Upper Quartile,2 Bedroom,650
South Lanarkshire,2023,Upper Quartile,2 Bedroom,750
West Dunbartonshire,2023,Upper Quartile,2 Bedroom,750
West Lothian,2023,Upper Quartile,2 Bedroom,750
Scotland,2010,Lower Quartile,2 Bedroom,N/A
Aberdeen and Shire,2010,Lower Quartile,2 Bedroom,590
Argyll and Bute,2010,Lower Quartile,2 Bedroom,450
Ayrshires,2010,Lower Quartile,2 Bedroom,425
Dumfries and Galloway,2010,Lower Quartile,2 Bedroom,400
Dundee and Angus,2010,Lower Quartile,2 Bedroom,440
East Dunbartonshire,2010,Lower Quartile,2 Bedroom,525
Fife,2010,Lower Quartile,2 Bedroom,420
Forth Valley,2010,Lower Quartile,2 Bedroom,435
Greater Glasgow,2010,Lower Quartile,2 Bedroom,495
Highland and Islands,2010,Lower Quartile,2 Bedroom,450
Lothian,2010,Lower Quartile,2 Bedroom,580
North Lanarkshire,2010,Lower Quartile,2 Bedroom,425
Perth and Kinross,2010,Lower Quartile,2 Bedroom,450
Renfrewshire / Inverclyde,2010,Lower Quartile,2 Bedroom,425
Scottish Borders,2010,Lower Quartile,2 Bedroom,395
South Lanarkshire,2010,Lower Quartile,2 Bedroom,425
West Dunbartonshire,2010,Lower Quartile,2 Bedroom,450
West Lothian,2010,Lower Quartile,2 Bedroom,500
Scotland,2011,Lower Quartile,2 Bedroom,N/A
Aberdeen and Shire,2011,Lower Quartile,2 Bedroom,600
Argyll and Bute,2011,Lower Quartile,2 Bedroom,425
Ayrshires,2011,Lower Quartile,2 Bedroom,425
Dumfries and Galloway,2011,Lower Quartile,2 Bedroom,420
Dundee and Angus,2011,Lower Quartile,2 Bedroom,450
East Dunbartonshire,2011,Lower Quartile,2 Bedroom,500
Fife,2011,Lower Quartile,2 Bedroom,425
Forth Valley,2011,Lower Quartile,2 Bedroom,450
Greater Glasgow,2011,Lower Quartile,2 Bedroom,495
Highland and Islands,2011,Lower Quartile,2 Bedroom,460
Lothian,2011,Lower Quartile,2 Bedroom,595
North Lanarkshire,2011,Lower Quartile,2 Bedroom,425
Perth and Kinross,2011,Lower Quartile,2 Bedroom,452.5
Renfrewshire / Inverclyde,2011,Lower Quartile,2 Bedroom,425
Scottish Borders,2011,Lower Quartile,2 Bedroom,400
South Lanarkshire,2011,Lower Quartile,2 Bedroom,435
West Dunbartonshire,2011,Lower Quartile,2 Bedroom,450
West Lothian,2011,Lower Quartile,2 Bedroom,495
Scotland,2012,Lower Quartile,2 Bedroom,N/A
Aberdeen and Shire,2012,Lower Quartile,2 Bedroom,650
Argyll and Bute,2012,Lower Quartile,2 Bedroom,450
Ayrshires,2012,Lower Quartile,2 Bedroom,425
Dumfries and Galloway,2012,Lower Quartile,2 Bedroom,420
Dundee and Angus,2012,Lower Quartile,2 Bedroom,440
East Dunbartonshire,2012,Lower Quartile,2 Bedroom,525
Fife,2012,Lower Quartile,2 Bedroom,430
Forth Valley,2012,Lower Quartile,2 Bedroom,450
Greater Glasgow,2012,Lower Quartile,2 Bedroom,495
Highland and Islands,2012,Lower Quartile,2 Bedroom,450
Lothian,2012,Lower Quartile,2 Bedroom,600
North Lanarkshire,2012,Lower Quartile,2 Bedroom,425
Perth and Kinross,2012,Lower Quartile,2 Bedroom,450
Renfrewshire / Inverclyde,2012,Lower Quartile,2 Bedroom,425
Scottish Borders,2012,Lower Quartile,2 Bedroom,400
South Lanarkshire,2012,Lower Quartile,2 Bedroom,425
West Dunbartonshire,2012,Lower Quartile,2 Bedroom,450
West Lothian,2012,Lower Quartile,2 Bedroom,495
Scotland,2013,Lower Quartile,2 Bedroom,N/A
Aberdeen and Shire,2013,Lower Quartile,2 Bedroom,700
Argyll and Bute,2013,Lower Quartile,2 Bedroom,450
Ayrshires,2013,Lower Quartile,2 Bedroom,425
Dumfries and Galloway,2013,Lower Quartile,2 Bedroom,425
Dundee and Angus,2013,Lower Quartile,2 Bedroom,450
East Dunbartonshire,2013,Lower Quartile,2 Bedroom,500
Fife,2013,Lower Quartile,2 Bedroom,425
Forth Valley,2013,Lower Quartile,2 Bedroom,450
Greater Glasgow,2013,Lower Quartile,2 Bedroom,495
Highland and Islands,2013,Lower Quartile,2 Bedroom,475
Lothian,2013,Lower Quartile,2 Bedroom,625
North Lanarkshire,2013,Lower Quartile,2 Bedroom,425
Perth and Kinross,2013,Lower Quartile,2 Bedroom,460
Renfrewshire / Inverclyde,2013,Lower Quartile,2 Bedroom,425
Scottish Borders,2013,Lower Quartile,2 Bedroom,395
South Lanarkshire,2013,Lower Quartile,2 Bedroom,435
West Dunbartonshire,2013,Lower Quartile,2 Bedroom,425
West Lothian,2013,Lower Quartile,2 Bedroom,500
Scotland,2014,Lower Quartile,2 Bedroom,N/A
Aberdeen and Shire,2014,Lower Quartile,2 Bedroom,795
Argyll and Bute,2014,Lower Quartile,2 Bedroom,425
Ayrshires,2014,Lower Quartile,2 Bedroom,425
Dumfries and Galloway,2014,Lower Quartile,2 Bedroom,410
Dundee and Angus,2014,Lower Quartile,2 Bedroom,450
East Dunbartonshire,2014,Lower Quartile,2 Bedroom,525
Fife,2014,Lower Quartile,2 Bedroom,450
Forth Valley,2014,Lower Quartile,2 Bedroom,435
Greater Glasgow,2014,Lower Quartile,2 Bedroom,500
Highland and Islands,2014,Lower Quartile,2 Bedroom,475
Lothian,2014,Lower Quartile,2 Bedroom,630
North Lanarkshire,2014,Lower Quartile,2 Bedroom,425
Perth and Kinross,2014,Lower Quartile,2 Bedroom,460
Renfrewshire / Inverclyde,2014,Lower Quartile,2 Bedroom,425
Scottish Borders,2014,Lower Quartile,2 Bedroom,400
South Lanarkshire,2014,Lower Quartile,2 Bedroom,447.5
West Dunbartonshire,2014,Lower Quartile,2 Bedroom,450
West Lothian,2014,Lower Quartile,2 Bedroom,500
Scotland,2015,Lower Quartile,2 Bedroom,N/A
Aberdeen and Shire,2015,Lower Quartile,2 Bedroom,795
Argyll and Bute,2015,Lower Quartile,2 Bedroom,450
Ayrshires,2015,Lower Quartile,2 Bedroom,420
Dumfries and Galloway,2015,Lower Quartile,2 Bedroom,420
Dundee and Angus,2015,Lower Quartile,2 Bedroom,450
East Dunbartonshire,2015,Lower Quartile,2 Bedroom,525
Fife,2015,Lower Quartile,2 Bedroom,440
Forth Valley,2015,Lower Quartile,2 Bedroom,450
Greater Glasgow,2015,Lower Quartile,2 Bedroom,525
Highland and Islands,2015,Lower Quartile,2 Bedroom,495
Lothian,2015,Lower Quartile,2 Bedroom,675
North Lanarkshire,2015,Lower Quartile,2 Bedroom,425
Perth and Kinross,2015,Lower Quartile,2 Bedroom,475
Renfrewshire / Inverclyde,2015,Lower Quartile,2 Bedroom,425
Scottish Borders,2015,Lower Quartile,2 Bedroom,400
South Lanarkshire,2015,Lower Quartile,2 Bedroom,450
West Dunbartonshire,2015,Lower Quartile,2 Bedroom,425
West Lothian,2015,Lower Quartile,2 Bedroom,525
Scotland,2016,Lower Quartile,2 Bedroom,N/A
Aberdeen and Shire,2016,Lower Quartile,2 Bedroom,675
Argyll and Bute,2016,Lower Quartile,2 Bedroom,460
Ayrshires,2016,Lower Quartile,2 Bedroom,425
Dumfries and Galloway,2016,Lower Quartile,2 Bedroom,420
Dundee and Angus,2016,Lower Quartile,2 Bedroom,465
East Dunbartonshire,2016,Lower Quartile,2 Bedroom,550
Fife,2016,Lower Quartile,2 Bedroom,450
Forth Valley,2016,Lower Quartile,2 Bedroom,450
Greater Glasgow,2016,Lower Quartile,2 Bedroom,550
Highland and Islands,2016,Lower Quartile,2 Bedroom,500
Lothian,2016,Lower Quartile,2 Bedroom,700
North Lanarkshire,2016,Lower Quartile,2 Bedroom,425
Perth and Kinross,2016,Lower Quartile,2 Bedroom,495
Renfrewshire / Inverclyde,2016,Lower Quartile,2 Bedroom,425
Scottish Borders,2016,Lower Quartile,2 Bedroom,400
South Lanarkshire,2016,Lower Quartile,2 Bedroom,450
West Dunbartonshire,2016,Lower Quartile,2 Bedroom,450
West Lothian,2016,Lower Quartile,2 Bedroom,550
Scotland,2017,Lower Quartile,2 Bedroom,N/A
Aberdeen and Shire,2017,Lower Quartile,2 Bedroom,600
Argyll and Bute,2017,Lower Quartile,2 Bedroom,450
Ayrshires,2017,Lower Quartile,2 Bedroom,425
Dumfries and Galloway,2017,Lower Quartile,2 Bedroom,425
Dundee and Angus,2017,Lower Quartile,2 Bedroom,475
East Dunbartonshire,2017,Lower Quartile,2 Bedroom,550
Fife,2017,Lower Quartile,2 Bedroom,450
Forth Valley,2017,Lower Quartile,2 Bedroom,475
Greater Glasgow,2017,Lower Quartile,2 Bedroom,575
Highland and Islands,2017,Lower Quartile,2 Bedroom,500
Lothian,2017,Lower Quartile,2 Bedroom,750
North Lanarkshire,2017,Lower Quartile,2 Bedroom,425
Perth and Kinross,2017,Lower Quartile,2 Bedroom,495
Renfrewshire / Inverclyde,2017,Lower Quartile,2 Bedroom,450
Scottish Borders,2017,Lower Quartile,2 Bedroom,400
South Lanarkshire,2017,Lower Quartile,2 Bedroom,450
West Dunbartonshire,2017,Lower Quartile,2 Bedroom,450
West Lothian,2017,Lower Quartile,2 Bedroom,560
Scotland,2018,Lower Quartile,2 Bedroom,N/A
Aberdeen and Shire,2018,Lower Quartile,2 Bedroom,550
Argyll and Bute,2018,Lower Quartile,2 Bedroom,475
Ayrshires,2018,Lower Quartile,2 Bedroom,425
Dumfries and Galloway,2018,Lower Quartile,2 Bedroom,425
Dundee and Angus,2018,Lower Quartile,2 Bedroom,475
East Dunbartonshire,2018,Lower Quartile,2 Bedroom,575
Fife,2018,Lower Quartile,2 Bedroom,450
Forth Valley,2018,Lower Quartile,2 Bedroom,495
Greater Glasgow,2018,Lower Quartile,2 Bedroom,595
Highland and Islands,2018,Lower Quartile,2 Bedroom,510
Lothian,2018,Lower Quartile,2 Bedroom,795
North Lanarkshire,2018,Lower Quartile,2 Bedroom,445
Perth and Kinross,2018,Lower Quartile,2 Bedroom,495
Renfrewshire / Inverclyde,2018,Lower Quartile,2 Bedroom,425
Scottish Borders,2018,Lower Quartile,2 Bedroom,425
South Lanarkshire,2018,Lower Quartile,2 Bedroom,450
West Dunbartonshire,2018,Lower Quartile,2 Bedroom,450
West Lothian,2018,Lower Quartile,2 Bedroom,575
Scotland,2019,Lower Quartile,2 Bedroom,N/A
Aberdeen and Shire,2019,Lower Quartile,2 Bedroom,550
Argyll and Bute,2019,Lower Quartile,2 Bedroom,495
Ayrshires,2019,Lower Quartile,2 Bedroom,425
Dumfries and Galloway,2019,Lower Quartile,2 Bedroom,435
Dundee and Angus,2019,Lower Quartile,2 Bedroom,480
East Dunbartonshire,2019,Lower Quartile,2 Bedroom,575
Fife,2019,Lower Quartile,2 Bedroom,460
Forth Valley,2019,Lower Quartile,2 Bedroom,495
Greater Glasgow,2019,Lower Quartile,2 Bedroom,610
Highland and Islands,2019,Lower Quartile,2 Bedroom,525
Lothian,2019,Lower Quartile,2 Bedroom,800
North Lanarkshire,2019,Lower Quartile,2 Bedroom,450
Perth and Kinross,2019,Lower Quartile,2 Bedroom,495
Renfrewshire / Inverclyde,2019,Lower Quartile,2 Bedroom,445
Scottish Borders,2019,Lower Quartile,2 Bedroom,420
South Lanarkshire,2019,Lower Quartile,2 Bedroom,450
West Dunbartonshire,2019,Lower Quartile,2 Bedroom,450
West Lothian,2019,Lower Quartile,2 Bedroom,595
Scotland,2020,Lower Quartile,2 Bedroom,N/A
Aberdeen and Shire,2020,Lower Quartile,2 Bedroom,550
Argyll and Bute,2020,Lower Quartile,2 Bedroom,500
Ayrshires,2020,Lower Quartile,2 Bedroom,425
Dumfries and Galloway,2020,Lower Quartile,2 Bedroom,434.5
Dundee and Angus,2020,Lower Quartile,2 Bedroom,480
East Dunbartonshire,2020,Lower Quartile,2 Bedroom,575
Fife,2020,Lower Quartile,2 Bedroom,460
Forth Valley,2020,Lower Quartile,2 Bedroom,495
Greater Glasgow,2020,Lower Quartile,2 Bedroom,625
Highland and Islands,2020,Lower Quartile,2 Bedroom,525
Lothian,2020,Lower Quartile,2 Bedroom,795
North Lanarkshire,2020,Lower Quartile,2 Bedroom,450
Perth and Kinross,2020,Lower Quartile,2 Bedroom,500
Renfrewshire / Inverclyde,2020,Lower Quartile,2 Bedroom,440
Scottish Borders,2020,Lower Quartile,2 Bedroom,425
South Lanarkshire,2020,Lower Quartile,2 Bedroom,475
West Dunbartonshire,2020,Lower Quartile,2 Bedroom,450
West Lothian,2020,Lower Quartile,2 Bedroom,600
Scotland,2021,Lower Quartile,2 Bedroom,N/A
Aberdeen and Shire,2021,Lower Quartile,2 Bedroom,550
Argyll and Bute,2021,Lower Quartile,2 Bedroom,525
Ayrshires,2021,Lower Quartile,2 Bedroom,435
Dumfries and Galloway,2021,Lower Quartile,2 Bedroom,450
Dundee and Angus,2021,Lower Quartile,2 Bedroom,500
East Dunbartonshire,2021,Lower Quartile,2 Bedroom,592.5
Fife,2021,Lower Quartile,2 Bedroom,475
Forth Valley,2021,Lower Quartile,2 Bedroom,535
Greater Glasgow,2021,Lower Quartile,2 Bedroom,650
Highland and Islands,2021,Lower Quartile,2 Bedroom,540
Lothian,2021,Lower Quartile,2 Bedroom,800
North Lanarkshire,2021,Lower Quartile,2 Bedroom,450
Perth and Kinross,2021,Lower Quartile,2 Bedroom,500
Renfrewshire / Inverclyde,2021,Lower Quartile,2 Bedroom,450
Scottish Borders,2021,Lower Quartile,2 Bedroom,450
South Lanarkshire,2021,Lower Quartile,2 Bedroom,475
West Dunbartonshire,2021,Lower Quartile,2 Bedroom,475
West Lothian,2021,Lower Quartile,2 Bedroom,598
Scotland,2022,Lower Quartile,2 Bedroom,N/A
Aberdeen and Shire,2022,Lower Quartile,2 Bedroom,550
Argyll and Bute,2022,Lower Quartile,2 Bedroom,525
Ayrshires,2022,Lower Quartile,2 Bedroom,425
Dumfries and Galloway,2022,Lower Quartile,2 Bedroom,430
Dundee and Angus,2022,Lower Quartile,2 Bedroom,540
East Dunbartonshire,2022,Lower Quartile,2 Bedroom,625
Fife,2022,Lower Quartile,2 Bedroom,525
Forth Valley,2022,Lower Quartile,2 Bedroom,585
Greater Glasgow,2022,Lower Quartile,2 Bedroom,675
Highland and Islands,2022,Lower Quartile,2 Bedroom,550
Lothian,2022,Lower Quartile,2 Bedroom,840
North Lanarkshire,2022,Lower Quartile,2 Bedroom,495
Perth and Kinross,2022,Lower Quartile,2 Bedroom,550
Renfrewshire / Inverclyde,2022,Lower Quartile,2 Bedroom,450
Scottish Borders,2022,Lower Quartile,2 Bedroom,450
South Lanarkshire,2022,Lower Quartile,2 Bedroom,525
West Dunbartonshire,2022,Lower Quartile,2 Bedroom,512.5
West Lothian,2022,Lower Quartile,2 Bedroom,615
Scotland,2023,Lower Quartile,2 Bedroom,N/A
Aberdeen and Shire,2023,Lower Quartile,2 Bedroom,625
Argyll and Bute,2023,Lower Quartile,2 Bedroom,585
Ayrshires,2023,Lower Quartile,2 Bedroom,450.5
Dumfries and Galloway,2023,Lower Quartile,2 Bedroom,430
Dundee and Angus,2023,Lower Quartile,2 Bedroom,595
East Dunbartonshire,2023,Lower Quartile,2 Bedroom,725
Fife,2023,Lower Quartile,2 Bedroom,575
Forth Valley,2023,Lower Quartile,2 Bedroom,625
Greater Glasgow,2023,Lower Quartile,2 Bedroom,814
Highland and Islands,2023,Lower Quartile,2 Bedroom,566
Lothian,2023,Lower Quartile,2 Bedroom,925
North Lanarkshire,2023,Lower Quartile,2 Bedroom,550
Perth and Kinross,2023,Lower Quartile,2 Bedroom,550
Renfrewshire / Inverclyde,2023,Lower Quartile,2 Bedroom,500
Scottish Borders,2023,Lower Quartile,2 Bedroom,495
South Lanarkshire,2023,Lower Quartile,2 Bedroom,570
West Dunbartonshire,2023,Lower Quartile,2 Bedroom,595
West Lothian,2023,Lower Quartile,2 Bedroom,620
Scotland,2010,Number of Records,2 Bedroom,10615
Aberdeen and Shire,2010,Number of Records,2 Bedroom,557
Argyll and Bute,2010,Number of Records,2 Bedroom,142
Ayrshires,2010,Number of Records,2 Bedroom,759
Dumfries and Galloway,2010,Number of Records,2 Bedroom,180
Dundee and Angus,2010,Number of Records,2 Bedroom,613
East Dunbartonshire,2010,Number of Records,2 Bedroom,172
Fife,2010,Number of Records,2 Bedroom,606
Forth Valley,2010,Number of Records,2 Bedroom,660
Greater Glasgow,2010,Number of Records,2 Bedroom,1486
Highland and Islands,2010,Number of Records,2 Bedroom,585
Lothian,2010,Number of Records,2 Bedroom,1909
North Lanarkshire,2010,Number of Records,2 Bedroom,468
Perth and Kinross,2010,Number of Records,2 Bedroom,379
Renfrewshire / Inverclyde,2010,Number of Records,2 Bedroom,613
Scottish Borders,2010,Number of Records,2 Bedroom,244
South Lanarkshire,2010,Number of Records,2 Bedroom,665
West Dunbartonshire,2010,Number of Records,2 Bedroom,160
West Lothian,2010,Number of Records,2 Bedroom,417
Scotland,2011,Number of Records,2 Bedroom,10841
Aberdeen and Shire,2011,Number of Records,2 Bedroom,870
Argyll and Bute,2011,Number of Records,2 Bedroom,143
Ayrshires,2011,Number of Records,2 Bedroom,737
Dumfries and Galloway,2011,Number of Records,2 Bedroom,280
Dundee and Angus,2011,Number of Records,2 Bedroom,818
East Dunbartonshire,2011,Number of Records,2 Bedroom,137
Fife,2011,Number of Records,2 Bedroom,503
Forth Valley,2011,Number of Records,2 Bedroom,576
Greater Glasgow,2011,Number of Records,2 Bedroom,1374
Highland and Islands,2011,Number of Records,2 Bedroom,783
Lothian,2011,Number of Records,2 Bedroom,1495
North Lanarkshire,2011,Number of Records,2 Bedroom,548
Perth and Kinross,2011,Number of Records,2 Bedroom,472
Renfrewshire / Inverclyde,2011,Number of Records,2 Bedroom,653
Scottish Borders,2011,Number of Records,2 Bedroom,272
South Lanarkshire,2011,Number of Records,2 Bedroom,657
West Dunbartonshire,2011,Number of Records,2 Bedroom,161
West Lothian,2011,Number of Records,2 Bedroom,362
Scotland,2012,Number of Records,2 Bedroom,11298
Aberdeen and Shire,2012,Number of Records,2 Bedroom,1062
Argyll and Bute,2012,Number of Records,2 Bedroom,172
Ayrshires,2012,Number of Records,2 Bedroom,607
Dumfries and Galloway,2012,Number of Records,2 Bedroom,322
Dundee and Angus,2012,Number of Records,2 Bedroom,918
East Dunbartonshire,2012,Number of Records,2 Bedroom,114
Fife,2012,Number of Records,2 Bedroom,711
Forth Valley,2012,Number of Records,2 Bedroom,581
Greater Glasgow,2012,Number of Records,2 Bedroom,1570
Highland and Islands,2012,Number of Records,2 Bedroom,785
Lothian,2012,Number of Records,2 Bedroom,1654
North Lanarkshire,2012,Number of Records,2 Bedroom,430
Perth and Kinross,2012,Number of Records,2 Bedroom,516
Renfrewshire / Inverclyde,2012,Number of Records,2 Bedroom,528
Scottish Borders,2012,Number of Records,2 Bedroom,301
South Lanarkshire,2012,Number of Records,2 Bedroom,597
West Dunbartonshire,2012,Number of Records,2 Bedroom,165
West Lothian,2012,Number of Records,2 Bedroom,265
Scotland,2013,Number of Records,2 Bedroom,11005
Aberdeen and Shire,2013,Number of Records,2 Bedroom,967
Argyll and Bute,2013,Number of Records,2 Bedroom,151
Ayrshires,2013,Number of Records,2 Bedroom,592
Dumfries and Galloway,2013,Number of Records,2 Bedroom,339
Dundee and Angus,2013,Number of Records,2 Bedroom,790
East Dunbartonshire,2013,Number of Records,2 Bedroom,123
Fife,2013,Number of Records,2 Bedroom,738
Forth Valley,2013,Number of Records,2 Bedroom,582
Greater Glasgow,2013,Number of Records,2 Bedroom,1623
Highland and Islands,2013,Number of Records,2 Bedroom,566
Lothian,2013,Number of Records,2 Bedroom,1791
North Lanarkshire,2013,Number of Records,2 Bedroom,431
Perth and Kinross,2013,Number of Records,2 Bedroom,419
Renfrewshire / Inverclyde,2013,Number of Records,2 Bedroom,478
Scottish Borders,2013,Number of Records,2 Bedroom,317
South Lanarkshire,2013,Number of Records,2 Bedroom,565
West Dunbartonshire,2013,Number of Records,2 Bedroom,175
West Lothian,2013,Number of Records,2 Bedroom,358
Scotland,2014,Number of Records,2 Bedroom,11206
Aberdeen and Shire,2014,Number of Records,2 Bedroom,1025
Argyll and Bute,2014,Number of Records,2 Bedroom,140
Ayrshires,2014,Number of Records,2 Bedroom,604
Dumfries and Galloway,2014,Number of Records,2 Bedroom,363
Dundee and Angus,2014,Number of Records,2 Bedroom,856
East Dunbartonshire,2014,Number of Records,2 Bedroom,150
Fife,2014,Number of Records,2 Bedroom,626
Forth Valley,2014,Number of Records,2 Bedroom,540
Greater Glasgow,2014,Number of Records,2 Bedroom,1840
Highland and Islands,2014,Number of Records,2 Bedroom,741
Lothian,2014,Number of Records,2 Bedroom,1602
North Lanarkshire,2014,Number of Records,2 Bedroom,468
Perth and Kinross,2014,Number of Records,2 Bedroom,462
Renfrewshire / Inverclyde,2014,Number of Records,2 Bedroom,513
Scottish Borders,2014,Number of Records,2 Bedroom,325
South Lanarkshire,2014,Number of Records,2 Bedroom,468
West Dunbartonshire,2014,Number of Records,2 Bedroom,145
West Lothian,2014,Number of Records,2 Bedroom,338
Scotland,2015,Number of Records,2 Bedroom,12042
Aberdeen and Shire,2015,Number of Records,2 Bedroom,1009
Argyll and Bute,2015,Number of Records,2 Bedroom,178
Ayrshires,2015,Number of Records,2 Bedroom,681
Dumfries and Galloway,2015,Number of Records,2 Bedroom,371
Dundee and Angus,2015,Number of Records,2 Bedroom,860
East Dunbartonshire,2015,Number of Records,2 Bedroom,177
Fife,2015,Number of Records,2 Bedroom,812
Forth Valley,2015,Number of Records,2 Bedroom,739
Greater Glasgow,2015,Number of Records,2 Bedroom,1856
Highland and Islands,2015,Number of Records,2 Bedroom,734
Lothian,2015,Number of Records,2 Bedroom,1818
North Lanarkshire,2015,Number of Records,2 Bedroom,437
Perth and Kinross,2015,Number of Records,2 Bedroom,442
Renfrewshire / Inverclyde,2015,Number of Records,2 Bedroom,493
Scottish Borders,2015,Number of Records,2 Bedroom,309
South Lanarkshire,2015,Number of Records,2 Bedroom,503
West Dunbartonshire,2015,Number of Records,2 Bedroom,243
West Lothian,2015,Number of Records,2 Bedroom,380
Scotland,2016,Number of Records,2 Bedroom,12578
Aberdeen and Shire,2016,Number of Records,2 Bedroom,1271
Argyll and Bute,2016,Number of Records,2 Bedroom,173
Ayrshires,2016,Number of Records,2 Bedroom,716
Dumfries and Galloway,2016,Number of Records,2 Bedroom,341
Dundee and Angus,2016,Number of Records,2 Bedroom,950
East Dunbartonshire,2016,Number of Records,2 Bedroom,144
Fife,2016,Number of Records,2 Bedroom,680
Forth Valley,2016,Number of Records,2 Bedroom,709
Greater Glasgow,2016,Number of Records,2 Bedroom,2199
Highland and Islands,2016,Number of Records,2 Bedroom,733
Lothian,2016,Number of Records,2 Bedroom,1776
North Lanarkshire,2016,Number of Records,2 Bedroom,505
Perth and Kinross,2016,Number of Records,2 Bedroom,424
Renfrewshire / Inverclyde,2016,Number of Records,2 Bedroom,583
Scottish Borders,2016,Number of Records,2 Bedroom,303
South Lanarkshire,2016,Number of Records,2 Bedroom,489
West Dunbartonshire,2016,Number of Records,2 Bedroom,197
West Lothian,2016,Number of Records,2 Bedroom,385
Scotland,2017,Number of Records,2 Bedroom,12817
Aberdeen and Shire,2017,Number of Records,2 Bedroom,1448
Argyll and Bute,2017,Number of Records,2 Bedroom,180
Ayrshires,2017,Number of Records,2 Bedroom,786
Dumfries and Galloway,2017,Number of Records,2 Bedroom,330
Dundee and Angus,2017,Number of Records,2 Bedroom,728
East Dunbartonshire,2017,Number of Records,2 Bedroom,169
Fife,2017,Number of Records,2 Bedroom,611
Forth Valley,2017,Number of Records,2 Bedroom,491
Greater Glasgow,2017,Number of Records,2 Bedroom,2443
Highland and Islands,2017,Number of Records,2 Bedroom,738
Lothian,2017,Number of Records,2 Bedroom,2025
North Lanarkshire,2017,Number of Records,2 Bedroom,513
Perth and Kinross,2017,Number of Records,2 Bedroom,422
Renfrewshire / Inverclyde,2017,Number of Records,2 Bedroom,551
Scottish Borders,2017,Number of Records,2 Bedroom,318
South Lanarkshire,2017,Number of Records,2 Bedroom,458
West Dunbartonshire,2017,Number of Records,2 Bedroom,210
West Lothian,2017,Number of Records,2 Bedroom,396
Scotland,2018,Number of Records,2 Bedroom,13973
Aberdeen and Shire,2018,Number of Records,2 Bedroom,1600
Argyll and Bute,2018,Number of Records,2 Bedroom,199
Ayrshires,2018,Number of Records,2 Bedroom,795
Dumfries and Galloway,2018,Number of Records,2 Bedroom,312
Dundee and Angus,2018,Number of Records,2 Bedroom,779
East Dunbartonshire,2018,Number of Records,2 Bedroom,165
Fife,2018,Number of Records,2 Bedroom,776
Forth Valley,2018,Number of Records,2 Bedroom,627
Greater Glasgow,2018,Number of Records,2 Bedroom,2673
Highland and Islands,2018,Number of Records,2 Bedroom,683
Lothian,2018,Number of Records,2 Bedroom,2155
North Lanarkshire,2018,Number of Records,2 Bedroom,519
Perth and Kinross,2018,Number of Records,2 Bedroom,467
Renfrewshire / Inverclyde,2018,Number of Records,2 Bedroom,720
Scottish Borders,2018,Number of Records,2 Bedroom,298
South Lanarkshire,2018,Number of Records,2 Bedroom,599
West Dunbartonshire,2018,Number of Records,2 Bedroom,210
West Lothian,2018,Number of Records,2 Bedroom,396
Scotland,2019,Number of Records,2 Bedroom,14535
Aberdeen and Shire,2019,Number of Records,2 Bedroom,1675
Argyll and Bute,2019,Number of Records,2 Bedroom,213
Ayrshires,2019,Number of Records,2 Bedroom,870
Dumfries and Galloway,2019,Number of Records,2 Bedroom,287
Dundee and Angus,2019,Number of Records,2 Bedroom,857
East Dunbartonshire,2019,Number of Records,2 Bedroom,178
Fife,2019,Number of Records,2 Bedroom,850
Forth Valley,2019,Number of Records,2 Bedroom,623
Greater Glasgow,2019,Number of Records,2 Bedroom,2755
Highland and Islands,2019,Number of Records,2 Bedroom,720
Lothian,2019,Number of Records,2 Bedroom,2215
North Lanarkshire,2019,Number of Records,2 Bedroom,572
Perth and Kinross,2019,Number of Records,2 Bedroom,439
Renfrewshire / Inverclyde,2019,Number of Records,2 Bedroom,774
Scottish Borders,2019,Number of Records,2 Bedroom,262
South Lanarkshire,2019,Number of Records,2 Bedroom,652
West Dunbartonshire,2019,Number of Records,2 Bedroom,222
West Lothian,2019,Number of Records,2 Bedroom,371
Scotland,2020,Number of Records,2 Bedroom,13947
Aberdeen and Shire,2020,Number of Records,2 Bedroom,1712
Argyll and Bute,2020,Number of Records,2 Bedroom,164
Ayrshires,2020,Number of Records,2 Bedroom,667
Dumfries and Galloway,2020,Number of Records,2 Bedroom,244
Dundee and Angus,2020,Number of Records,2 Bedroom,805
East Dunbartonshire,2020,Number of Records,2 Bedroom,135
Fife,2020,Number of Records,2 Bedroom,773
Forth Valley,2020,Number of Records,2 Bedroom,660
Greater Glasgow,2020,Number of Records,2 Bedroom,2560
Highland and Islands,2020,Number of Records,2 Bedroom,688
Lothian,2020,Number of Records,2 Bedroom,2651
North Lanarkshire,2020,Number of Records,2 Bedroom,531
Perth and Kinross,2020,Number of Records,2 Bedroom,409
Renfrewshire / Inverclyde,2020,Number of Records,2 Bedroom,624
Scottish Borders,2020,Number of Records,2 Bedroom,210
South Lanarkshire,2020,Number of Records,2 Bedroom,626
West Dunbartonshire,2020,Number of Records,2 Bedroom,161
West Lothian,2020,Number of Records,2 Bedroom,327
Scotland,2021,Number of Records,2 Bedroom,15573
Aberdeen and Shire,2021,Number of Records,2 Bedroom,1888
Argyll and Bute,2021,Number of Records,2 Bedroom,193
Ayrshires,2021,Number of Records,2 Bedroom,785
Dumfries and Galloway,2021,Number of Records,2 Bedroom,315
Dundee and Angus,2021,Number of Records,2 Bedroom,906
East Dunbartonshire,2021,Number of Records,2 Bedroom,152
Fife,2021,Number of Records,2 Bedroom,901
Forth Valley,2021,Number of Records,2 Bedroom,696
Greater Glasgow,2021,Number of Records,2 Bedroom,3029
Highland and Islands,2021,Number of Records,2 Bedroom,809
Lothian,2021,Number of Records,2 Bedroom,2906
North Lanarkshire,2021,Number of Records,2 Bedroom,523
Perth and Kinross,2021,Number of Records,2 Bedroom,400
Renfrewshire / Inverclyde,2021,Number of Records,2 Bedroom,724
Scottish Borders,2021,Number of Records,2 Bedroom,263
South Lanarkshire,2021,Number of Records,2 Bedroom,580
West Dunbartonshire,2021,Number of Records,2 Bedroom,163
West Lothian,2021,Number of Records,2 Bedroom,340
Scotland,2022,Number of Records,2 Bedroom,17300
Aberdeen and Shire,2022,Number of Records,2 Bedroom,1879
Argyll and Bute,2022,Number of Records,2 Bedroom,156
Ayrshires,2022,Number of Records,2 Bedroom,1177
Dumfries and Galloway,2022,Number of Records,2 Bedroom,425
Dundee and Angus,2022,Number of Records,2 Bedroom,877
East Dunbartonshire,2022,Number of Records,2 Bedroom,164
Fife,2022,Number of Records,2 Bedroom,896
Forth Valley,2022,Number of Records,2 Bedroom,900
Greater Glasgow,2022,Number of Records,2 Bedroom,2875
Highland and Islands,2022,Number of Records,2 Bedroom,743
Lothian,2022,Number of Records,2 Bedroom,3240
North Lanarkshire,2022,Number of Records,2 Bedroom,613
Perth and Kinross,2022,Number of Records,2 Bedroom,595
Renfrewshire / Inverclyde,2022,Number of Records,2 Bedroom,888
Scottish Borders,2022,Number of Records,2 Bedroom,371
South Lanarkshire,2022,Number of Records,2 Bedroom,744
West Dunbartonshire,2022,Number of Records,2 Bedroom,164
West Lothian,2022,Number of Records,2 Bedroom,593
Scotland,2023,Number of Records,2 Bedroom,19727
Aberdeen and Shire,2023,Number of Records,2 Bedroom,1981
Argyll and Bute,2023,Number of Records,2 Bedroom,118
Ayrshires,2023,Number of Records,2 Bedroom,1206
Dumfries and Galloway,2023,Number of Records,2 Bedroom,529
Dundee and Angus,2023,Number of Records,2 Bedroom,965
East Dunbartonshire,2023,Number of Records,2 Bedroom,201
Fife,2023,Number of Records,2 Bedroom,858
Forth Valley,2023,Number of Records,2 Bedroom,834
Greater Glasgow,2023,Number of Records,2 Bedroom,3961
Highland and Islands,2023,Number of Records,2 Bedroom,841
Lothian,2023,Number of Records,2 Bedroom,3779
North Lanarkshire,2023,Number of Records,2 Bedroom,724
Perth and Kinross,2023,Number of Records,2 Bedroom,589
Renfrewshire / Inverclyde,2023,Number of Records,2 Bedroom,973
Scottish Borders,2023,Number of Records,2 Bedroom,212
South Lanarkshire,2023,Number of Records,2 Bedroom,998
West Dunbartonshire,2023,Number of Records,2 Bedroom,197
West Lothian,2023,Number of Records,2 Bedroom,761
Scotland,2010,Mean,3 Bedroom,673.588189
Aberdeen and Shire,2010,Mean,3 Bedroom,743.67
Argyll and Bute,2010,Mean,3 Bedroom,637.54
Ayrshires,2010,Mean,3 Bedroom,556.1
Dumfries and Galloway,2010,Mean,3 Bedroom,499.63
Dundee and Angus,2010,Mean,3 Bedroom,632.52
East Dunbartonshire,2010,Mean,3 Bedroom,750.02
Fife,2010,Mean,3 Bedroom,563.02
Forth Valley,2010,Mean,3 Bedroom,642.74
Greater Glasgow,2010,Mean,3 Bedroom,728.19
Highland and Islands,2010,Mean,3 Bedroom,594.77
Lothian,2010,Mean,3 Bedroom,917.68
North Lanarkshire,2010,Mean,3 Bedroom,548.52
Perth and Kinross,2010,Mean,3 Bedroom,647.27
Renfrewshire / Inverclyde,2010,Mean,3 Bedroom,611.61
Scottish Borders,2010,Mean,3 Bedroom,514.96
South Lanarkshire,2010,Mean,3 Bedroom,626.88
West Dunbartonshire,2010,Mean,3 Bedroom,591.06
West Lothian,2010,Mean,3 Bedroom,615.97
Scotland,2011,Mean,3 Bedroom,692.928083
Aberdeen and Shire,2011,Mean,3 Bedroom,752.95
Argyll and Bute,2011,Mean,3 Bedroom,627.45
Ayrshires,2011,Mean,3 Bedroom,569.88
Dumfries and Galloway,2011,Mean,3 Bedroom,509.58
Dundee and Angus,2011,Mean,3 Bedroom,651.09
East Dunbartonshire,2011,Mean,3 Bedroom,772.43
Fife,2011,Mean,3 Bedroom,588.68
Forth Valley,2011,Mean,3 Bedroom,626.7
Greater Glasgow,2011,Mean,3 Bedroom,753.27
Highland and Islands,2011,Mean,3 Bedroom,619.54
Lothian,2011,Mean,3 Bedroom,924.64
North Lanarkshire,2011,Mean,3 Bedroom,545.82
Perth and Kinross,2011,Mean,3 Bedroom,646.58
Renfrewshire / Inverclyde,2011,Mean,3 Bedroom,620.07
Scottish Borders,2011,Mean,3 Bedroom,539.47
South Lanarkshire,2011,Mean,3 Bedroom,618.54
West Dunbartonshire,2011,Mean,3 Bedroom,592.34
West Lothian,2011,Mean,3 Bedroom,619.26
Scotland,2012,Mean,3 Bedroom,703.61372
Aberdeen and Shire,2012,Mean,3 Bedroom,827.09
Argyll and Bute,2012,Mean,3 Bedroom,678.87
Ayrshires,2012,Mean,3 Bedroom,576.09
Dumfries and Galloway,2012,Mean,3 Bedroom,507.7
Dundee and Angus,2012,Mean,3 Bedroom,643.12
East Dunbartonshire,2012,Mean,3 Bedroom,810.13
Fife,2012,Mean,3 Bedroom,592.24
Forth Valley,2012,Mean,3 Bedroom,647.5
Greater Glasgow,2012,Mean,3 Bedroom,734.1
Highland and Islands,2012,Mean,3 Bedroom,623.1
Lothian,2012,Mean,3 Bedroom,983.3
North Lanarkshire,2012,Mean,3 Bedroom,571.46
Perth and Kinross,2012,Mean,3 Bedroom,639.05
Renfrewshire / Inverclyde,2012,Mean,3 Bedroom,609.26
Scottish Borders,2012,Mean,3 Bedroom,553.24
South Lanarkshire,2012,Mean,3 Bedroom,625.94
West Dunbartonshire,2012,Mean,3 Bedroom,606.89
West Lothian,2012,Mean,3 Bedroom,624.25
Scotland,2013,Mean,3 Bedroom,717.409941
Aberdeen and Shire,2013,Mean,3 Bedroom,1019.32
Argyll and Bute,2013,Mean,3 Bedroom,624.94
Ayrshires,2013,Mean,3 Bedroom,574.91
Dumfries and Galloway,2013,Mean,3 Bedroom,508.44
Dundee and Angus,2013,Mean,3 Bedroom,644.39
East Dunbartonshire,2013,Mean,3 Bedroom,797.68
Fife,2013,Mean,3 Bedroom,600.47
Forth Valley,2013,Mean,3 Bedroom,637.34
Greater Glasgow,2013,Mean,3 Bedroom,753.15
Highland and Islands,2013,Mean,3 Bedroom,620.37
Lothian,2013,Mean,3 Bedroom,970.95
North Lanarkshire,2013,Mean,3 Bedroom,540.87
Perth and Kinross,2013,Mean,3 Bedroom,665.03
Renfrewshire / Inverclyde,2013,Mean,3 Bedroom,626.29
Scottish Borders,2013,Mean,3 Bedroom,541.89
South Lanarkshire,2013,Mean,3 Bedroom,615.73
West Dunbartonshire,2013,Mean,3 Bedroom,573.74
West Lothian,2013,Mean,3 Bedroom,623.23
Scotland,2014,Mean,3 Bedroom,737.109567
Aberdeen and Shire,2014,Mean,3 Bedroom,1089.01
Argyll and Bute,2014,Mean,3 Bedroom,639.6
Ayrshires,2014,Mean,3 Bedroom,568.83
Dumfries and Galloway,2014,Mean,3 Bedroom,511.86
Dundee and Angus,2014,Mean,3 Bedroom,668.02
East Dunbartonshire,2014,Mean,3 Bedroom,798.73
Fife,2014,Mean,3 Bedroom,608.7
Forth Valley,2014,Mean,3 Bedroom,637.21
Greater Glasgow,2014,Mean,3 Bedroom,795.62
Highland and Islands,2014,Mean,3 Bedroom,625.22
Lothian,2014,Mean,3 Bedroom,1065.86
North Lanarkshire,2014,Mean,3 Bedroom,550.52
Perth and Kinross,2014,Mean,3 Bedroom,639.44
Renfrewshire / Inverclyde,2014,Mean,3 Bedroom,621.87
Scottish Borders,2014,Mean,3 Bedroom,528.23
South Lanarkshire,2014,Mean,3 Bedroom,617.06
West Dunbartonshire,2014,Mean,3 Bedroom,590.7
West Lothian,2014,Mean,3 Bedroom,636.77
Scotland,2015,Mean,3 Bedroom,758.85746
Aberdeen and Shire,2015,Mean,3 Bedroom,1072.46
Argyll and Bute,2015,Mean,3 Bedroom,612.35
Ayrshires,2015,Mean,3 Bedroom,568.07
Dumfries and Galloway,2015,Mean,3 Bedroom,505.94
Dundee and Angus,2015,Mean,3 Bedroom,684.17
East Dunbartonshire,2015,Mean,3 Bedroom,819.59
Fife,2015,Mean,3 Bedroom,602.28
Forth Valley,2015,Mean,3 Bedroom,633.64
Greater Glasgow,2015,Mean,3 Bedroom,833.69
Highland and Islands,2015,Mean,3 Bedroom,652.25
Lothian,2015,Mean,3 Bedroom,1097.15
North Lanarkshire,2015,Mean,3 Bedroom,564.87
Perth and Kinross,2015,Mean,3 Bedroom,679.55
Renfrewshire / Inverclyde,2015,Mean,3 Bedroom,646.1
Scottish Borders,2015,Mean,3 Bedroom,535.36
South Lanarkshire,2015,Mean,3 Bedroom,634.01
West Dunbartonshire,2015,Mean,3 Bedroom,571.15
West Lothian,2015,Mean,3 Bedroom,673.9
Scotland,2016,Mean,3 Bedroom,776.400489
Aberdeen and Shire,2016,Mean,3 Bedroom,930.15
Argyll and Bute,2016,Mean,3 Bedroom,665.89
Ayrshires,2016,Mean,3 Bedroom,578.84
Dumfries and Galloway,2016,Mean,3 Bedroom,513.91
Dundee and Angus,2016,Mean,3 Bedroom,701.64
East Dunbartonshire,2016,Mean,3 Bedroom,859.19
Fife,2016,Mean,3 Bedroom,617
Forth Valley,2016,Mean,3 Bedroom,677.94
Greater Glasgow,2016,Mean,3 Bedroom,915.07
Highland and Islands,2016,Mean,3 Bedroom,671.75
Lothian,2016,Mean,3 Bedroom,1111.64
North Lanarkshire,2016,Mean,3 Bedroom,564.39
Perth and Kinross,2016,Mean,3 Bedroom,699.52
Renfrewshire / Inverclyde,2016,Mean,3 Bedroom,643.1
Scottish Borders,2016,Mean,3 Bedroom,545.97
South Lanarkshire,2016,Mean,3 Bedroom,636.58
West Dunbartonshire,2016,Mean,3 Bedroom,575.4
West Lothian,2016,Mean,3 Bedroom,690.52
Scotland,2017,Mean,3 Bedroom,788.046688
Aberdeen and Shire,2017,Mean,3 Bedroom,865.75
Argyll and Bute,2017,Mean,3 Bedroom,651.62
Ayrshires,2017,Mean,3 Bedroom,589.55
Dumfries and Galloway,2017,Mean,3 Bedroom,526.2
Dundee and Angus,2017,Mean,3 Bedroom,717.22
East Dunbartonshire,2017,Mean,3 Bedroom,923.82
Fife,2017,Mean,3 Bedroom,656.95
Forth Valley,2017,Mean,3 Bedroom,752.01
Greater Glasgow,2017,Mean,3 Bedroom,964.74
Highland and Islands,2017,Mean,3 Bedroom,692.34
Lothian,2017,Mean,3 Bedroom,1143.78
North Lanarkshire,2017,Mean,3 Bedroom,555.36
Perth and Kinross,2017,Mean,3 Bedroom,754.41
Renfrewshire / Inverclyde,2017,Mean,3 Bedroom,651.5
Scottish Borders,2017,Mean,3 Bedroom,565.77
South Lanarkshire,2017,Mean,3 Bedroom,661.52
West Dunbartonshire,2017,Mean,3 Bedroom,603.98
West Lothian,2017,Mean,3 Bedroom,708.53
Scotland,2018,Mean,3 Bedroom,826.911664
Aberdeen and Shire,2018,Mean,3 Bedroom,885.03
Argyll and Bute,2018,Mean,3 Bedroom,706.34
Ayrshires,2018,Mean,3 Bedroom,607.63
Dumfries and Galloway,2018,Mean,3 Bedroom,546.11
Dundee and Angus,2018,Mean,3 Bedroom,745.87
East Dunbartonshire,2018,Mean,3 Bedroom,936.32
Fife,2018,Mean,3 Bedroom,659.26
Forth Valley,2018,Mean,3 Bedroom,783.23
Greater Glasgow,2018,Mean,3 Bedroom,999.54
Highland and Islands,2018,Mean,3 Bedroom,709.75
Lothian,2018,Mean,3 Bedroom,1345.43
North Lanarkshire,2018,Mean,3 Bedroom,592.61
Perth and Kinross,2018,Mean,3 Bedroom,723.11
Renfrewshire / Inverclyde,2018,Mean,3 Bedroom,656.39
Scottish Borders,2018,Mean,3 Bedroom,591.34
South Lanarkshire,2018,Mean,3 Bedroom,690.66
West Dunbartonshire,2018,Mean,3 Bedroom,634.45
West Lothian,2018,Mean,3 Bedroom,735.69
Scotland,2019,Mean,3 Bedroom,826.130935
Aberdeen and Shire,2019,Mean,3 Bedroom,888.83
Argyll and Bute,2019,Mean,3 Bedroom,654.01
Ayrshires,2019,Mean,3 Bedroom,583.35
Dumfries and Galloway,2019,Mean,3 Bedroom,550.69
Dundee and Angus,2019,Mean,3 Bedroom,794.73
East Dunbartonshire,2019,Mean,3 Bedroom,945.66
Fife,2019,Mean,3 Bedroom,713.82
Forth Valley,2019,Mean,3 Bedroom,800.92
Greater Glasgow,2019,Mean,3 Bedroom,1029.3
Highland and Islands,2019,Mean,3 Bedroom,726.4
Lothian,2019,Mean,3 Bedroom,1329.11
North Lanarkshire,2019,Mean,3 Bedroom,568.87
Perth and Kinross,2019,Mean,3 Bedroom,758.77
Renfrewshire / Inverclyde,2019,Mean,3 Bedroom,666.32
Scottish Borders,2019,Mean,3 Bedroom,615.81
South Lanarkshire,2019,Mean,3 Bedroom,699.38
West Dunbartonshire,2019,Mean,3 Bedroom,639
West Lothian,2019,Mean,3 Bedroom,769.39
Scotland,2020,Mean,3 Bedroom,843.945699
Aberdeen and Shire,2020,Mean,3 Bedroom,885.67
Argyll and Bute,2020,Mean,3 Bedroom,740.64
Ayrshires,2020,Mean,3 Bedroom,596.96
Dumfries and Galloway,2020,Mean,3 Bedroom,547.49
Dundee and Angus,2020,Mean,3 Bedroom,782.79
East Dunbartonshire,2020,Mean,3 Bedroom,975.87
Fife,2020,Mean,3 Bedroom,717.9
Forth Valley,2020,Mean,3 Bedroom,893.43
Greater Glasgow,2020,Mean,3 Bedroom,1028.12
Highland and Islands,2020,Mean,3 Bedroom,726.89
Lothian,2020,Mean,3 Bedroom,1343.71
North Lanarkshire,2020,Mean,3 Bedroom,585.3
Perth and Kinross,2020,Mean,3 Bedroom,761.79
Renfrewshire / Inverclyde,2020,Mean,3 Bedroom,657.83
Scottish Borders,2020,Mean,3 Bedroom,630.48
South Lanarkshire,2020,Mean,3 Bedroom,709.92
West Dunbartonshire,2020,Mean,3 Bedroom,674.32
West Lothian,2020,Mean,3 Bedroom,764.07
Scotland,2021,Mean,3 Bedroom,843.703952
Aberdeen and Shire,2021,Mean,3 Bedroom,867.3
Argyll and Bute,2021,Mean,3 Bedroom,659.37
Ayrshires,2021,Mean,3 Bedroom,607.91
Dumfries and Galloway,2021,Mean,3 Bedroom,546.95
Dundee and Angus,2021,Mean,3 Bedroom,809.29
East Dunbartonshire,2021,Mean,3 Bedroom,1016.96
Fife,2021,Mean,3 Bedroom,778.05
Forth Valley,2021,Mean,3 Bedroom,899.09
Greater Glasgow,2021,Mean,3 Bedroom,1016.07
Highland and Islands,2021,Mean,3 Bedroom,737.42
Lothian,2021,Mean,3 Bedroom,1301.1
North Lanarkshire,2021,Mean,3 Bedroom,600.14
Perth and Kinross,2021,Mean,3 Bedroom,776.83
Renfrewshire / Inverclyde,2021,Mean,3 Bedroom,641.56
Scottish Borders,2021,Mean,3 Bedroom,662.83
South Lanarkshire,2021,Mean,3 Bedroom,732.07
West Dunbartonshire,2021,Mean,3 Bedroom,671.69
West Lothian,2021,Mean,3 Bedroom,781.46
Scotland,2022,Mean,3 Bedroom,905.804287
Aberdeen and Shire,2022,Mean,3 Bedroom,931.28
Argyll and Bute,2022,Mean,3 Bedroom,834.36
Ayrshires,2022,Mean,3 Bedroom,605.83
Dumfries and Galloway,2022,Mean,3 Bedroom,548.76
Dundee and Angus,2022,Mean,3 Bedroom,884.44
East Dunbartonshire,2022,Mean,3 Bedroom,1137.88
Fife,2022,Mean,3 Bedroom,839.11
Forth Valley,2022,Mean,3 Bedroom,978.93
Greater Glasgow,2022,Mean,3 Bedroom,1093.34
Highland and Islands,2022,Mean,3 Bedroom,770.48
Lothian,2022,Mean,3 Bedroom,1381.88
North Lanarkshire,2022,Mean,3 Bedroom,668.36
Perth and Kinross,2022,Mean,3 Bedroom,857.14
Renfrewshire / Inverclyde,2022,Mean,3 Bedroom,693.31
Scottish Borders,2022,Mean,3 Bedroom,669.72
South Lanarkshire,2022,Mean,3 Bedroom,812.62
West Dunbartonshire,2022,Mean,3 Bedroom,728.14
West Lothian,2022,Mean,3 Bedroom,875.71
Scotland,2023,Mean,3 Bedroom,1026.488193
Aberdeen and Shire,2023,Mean,3 Bedroom,1019.72
Argyll and Bute,2023,Mean,3 Bedroom,909.18
Ayrshires,2023,Mean,3 Bedroom,686.63
Dumfries and Galloway,2023,Mean,3 Bedroom,560.2
Dundee and Angus,2023,Mean,3 Bedroom,1021.11
East Dunbartonshire,2023,Mean,3 Bedroom,1230.38
Fife,2023,Mean,3 Bedroom,915.31
Forth Valley,2023,Mean,3 Bedroom,1046.3
Greater Glasgow,2023,Mean,3 Bedroom,1374.08
Highland and Islands,2023,Mean,3 Bedroom,817.39
Lothian,2023,Mean,3 Bedroom,1626.01
North Lanarkshire,2023,Mean,3 Bedroom,794.61
Perth and Kinross,2023,Mean,3 Bedroom,908.04
Renfrewshire / Inverclyde,2023,Mean,3 Bedroom,756.46
Scottish Borders,2023,Mean,3 Bedroom,772.03
South Lanarkshire,2023,Mean,3 Bedroom,880.09
West Dunbartonshire,2023,Mean,3 Bedroom,826
West Lothian,2023,Mean,3 Bedroom,899.27
Scotland,2010,Median,3 Bedroom,N/A
Aberdeen and Shire,2010,Median,3 Bedroom,750
Argyll and Bute,2010,Median,3 Bedroom,575
Ayrshires,2010,Median,3 Bedroom,545
Dumfries and Galloway,2010,Median,3 Bedroom,485
Dundee and Angus,2010,Median,3 Bedroom,650
East Dunbartonshire,2010,Median,3 Bedroom,700
Fife,2010,Median,3 Bedroom,525
Forth Valley,2010,Median,3 Bedroom,600
Greater Glasgow,2010,Median,3 Bedroom,695
Highland and Islands,2010,Median,3 Bedroom,600
Lothian,2010,Median,3 Bedroom,895
North Lanarkshire,2010,Median,3 Bedroom,550
Perth and Kinross,2010,Median,3 Bedroom,650
Renfrewshire / Inverclyde,2010,Median,3 Bedroom,600
Scottish Borders,2010,Median,3 Bedroom,500
South Lanarkshire,2010,Median,3 Bedroom,595
West Dunbartonshire,2010,Median,3 Bedroom,575
West Lothian,2010,Median,3 Bedroom,600
Scotland,2011,Median,3 Bedroom,N/A
Aberdeen and Shire,2011,Median,3 Bedroom,750
Argyll and Bute,2011,Median,3 Bedroom,595
Ayrshires,2011,Median,3 Bedroom,550
Dumfries and Galloway,2011,Median,3 Bedroom,500
Dundee and Angus,2011,Median,3 Bedroom,650
East Dunbartonshire,2011,Median,3 Bedroom,730
Fife,2011,Median,3 Bedroom,560
Forth Valley,2011,Median,3 Bedroom,600
Greater Glasgow,2011,Median,3 Bedroom,695
Highland and Islands,2011,Median,3 Bedroom,625
Lothian,2011,Median,3 Bedroom,895
North Lanarkshire,2011,Median,3 Bedroom,550
Perth and Kinross,2011,Median,3 Bedroom,650
Renfrewshire / Inverclyde,2011,Median,3 Bedroom,595
Scottish Borders,2011,Median,3 Bedroom,525
South Lanarkshire,2011,Median,3 Bedroom,595
West Dunbartonshire,2011,Median,3 Bedroom,575
West Lothian,2011,Median,3 Bedroom,600
Scotland,2012,Median,3 Bedroom,N/A
Aberdeen and Shire,2012,Median,3 Bedroom,825
Argyll and Bute,2012,Median,3 Bedroom,650
Ayrshires,2012,Median,3 Bedroom,550
Dumfries and Galloway,2012,Median,3 Bedroom,500
Dundee and Angus,2012,Median,3 Bedroom,650
East Dunbartonshire,2012,Median,3 Bedroom,750
Fife,2012,Median,3 Bedroom,575
Forth Valley,2012,Median,3 Bedroom,625
Greater Glasgow,2012,Median,3 Bedroom,695
Highland and Islands,2012,Median,3 Bedroom,620
Lothian,2012,Median,3 Bedroom,925
North Lanarkshire,2012,Median,3 Bedroom,550
Perth and Kinross,2012,Median,3 Bedroom,650
Renfrewshire / Inverclyde,2012,Median,3 Bedroom,595
Scottish Borders,2012,Median,3 Bedroom,550
South Lanarkshire,2012,Median,3 Bedroom,595
West Dunbartonshire,2012,Median,3 Bedroom,575
West Lothian,2012,Median,3 Bedroom,599
Scotland,2013,Median,3 Bedroom,N/A
Aberdeen and Shire,2013,Median,3 Bedroom,950
Argyll and Bute,2013,Median,3 Bedroom,600
Ayrshires,2013,Median,3 Bedroom,550
Dumfries and Galloway,2013,Median,3 Bedroom,500
Dundee and Angus,2013,Median,3 Bedroom,625
East Dunbartonshire,2013,Median,3 Bedroom,750
Fife,2013,Median,3 Bedroom,575
Forth Valley,2013,Median,3 Bedroom,600
Greater Glasgow,2013,Median,3 Bedroom,675
Highland and Islands,2013,Median,3 Bedroom,600
Lothian,2013,Median,3 Bedroom,920
North Lanarkshire,2013,Median,3 Bedroom,550
Perth and Kinross,2013,Median,3 Bedroom,650
Renfrewshire / Inverclyde,2013,Median,3 Bedroom,625
Scottish Borders,2013,Median,3 Bedroom,525
South Lanarkshire,2013,Median,3 Bedroom,595
West Dunbartonshire,2013,Median,3 Bedroom,550
West Lothian,2013,Median,3 Bedroom,608
Scotland,2014,Median,3 Bedroom,N/A
Aberdeen and Shire,2014,Median,3 Bedroom,1100
Argyll and Bute,2014,Median,3 Bedroom,650
Ayrshires,2014,Median,3 Bedroom,550
Dumfries and Galloway,2014,Median,3 Bedroom,500
Dundee and Angus,2014,Median,3 Bedroom,650
East Dunbartonshire,2014,Median,3 Bedroom,795
Fife,2014,Median,3 Bedroom,590
Forth Valley,2014,Median,3 Bedroom,595
Greater Glasgow,2014,Median,3 Bedroom,695
Highland and Islands,2014,Median,3 Bedroom,600
Lothian,2014,Median,3 Bedroom,985
North Lanarkshire,2014,Median,3 Bedroom,550
Perth and Kinross,2014,Median,3 Bedroom,625
Renfrewshire / Inverclyde,2014,Median,3 Bedroom,595
Scottish Borders,2014,Median,3 Bedroom,515
South Lanarkshire,2014,Median,3 Bedroom,600
West Dunbartonshire,2014,Median,3 Bedroom,550
West Lothian,2014,Median,3 Bedroom,625
Scotland,2015,Median,3 Bedroom,N/A
Aberdeen and Shire,2015,Median,3 Bedroom,1100
Argyll and Bute,2015,Median,3 Bedroom,595
Ayrshires,2015,Median,3 Bedroom,525
Dumfries and Galloway,2015,Median,3 Bedroom,500
Dundee and Angus,2015,Median,3 Bedroom,690
East Dunbartonshire,2015,Median,3 Bedroom,797.5
Fife,2015,Median,3 Bedroom,575
Forth Valley,2015,Median,3 Bedroom,600
Greater Glasgow,2015,Median,3 Bedroom,750
Highland and Islands,2015,Median,3 Bedroom,650
Lothian,2015,Median,3 Bedroom,1000
North Lanarkshire,2015,Median,3 Bedroom,550
Perth and Kinross,2015,Median,3 Bedroom,650
Renfrewshire / Inverclyde,2015,Median,3 Bedroom,625
Scottish Borders,2015,Median,3 Bedroom,525
South Lanarkshire,2015,Median,3 Bedroom,600
West Dunbartonshire,2015,Median,3 Bedroom,550
West Lothian,2015,Median,3 Bedroom,650
Scotland,2016,Median,3 Bedroom,N/A
Aberdeen and Shire,2016,Median,3 Bedroom,900
Argyll and Bute,2016,Median,3 Bedroom,650
Ayrshires,2016,Median,3 Bedroom,550
Dumfries and Galloway,2016,Median,3 Bedroom,500
Dundee and Angus,2016,Median,3 Bedroom,700
East Dunbartonshire,2016,Median,3 Bedroom,795
Fife,2016,Median,3 Bedroom,575
Forth Valley,2016,Median,3 Bedroom,650
Greater Glasgow,2016,Median,3 Bedroom,800
Highland and Islands,2016,Median,3 Bedroom,650
Lothian,2016,Median,3 Bedroom,1100
North Lanarkshire,2016,Median,3 Bedroom,550
Perth and Kinross,2016,Median,3 Bedroom,675
Renfrewshire / Inverclyde,2016,Median,3 Bedroom,650
Scottish Borders,2016,Median,3 Bedroom,525
South Lanarkshire,2016,Median,3 Bedroom,625
West Dunbartonshire,2016,Median,3 Bedroom,562.5
West Lothian,2016,Median,3 Bedroom,675
Scotland,2017,Median,3 Bedroom,N/A
Aberdeen and Shire,2017,Median,3 Bedroom,850
Argyll and Bute,2017,Median,3 Bedroom,597.5
Ayrshires,2017,Median,3 Bedroom,550
Dumfries and Galloway,2017,Median,3 Bedroom,500
Dundee and Angus,2017,Median,3 Bedroom,700
East Dunbartonshire,2017,Median,3 Bedroom,892.5
Fife,2017,Median,3 Bedroom,612.5
Forth Valley,2017,Median,3 Bedroom,695
Greater Glasgow,2017,Median,3 Bedroom,850
Highland and Islands,2017,Median,3 Bedroom,695
Lothian,2017,Median,3 Bedroom,1100
North Lanarkshire,2017,Median,3 Bedroom,550
Perth and Kinross,2017,Median,3 Bedroom,747.5
Renfrewshire / Inverclyde,2017,Median,3 Bedroom,645
Scottish Borders,2017,Median,3 Bedroom,550
South Lanarkshire,2017,Median,3 Bedroom,650
West Dunbartonshire,2017,Median,3 Bedroom,595
West Lothian,2017,Median,3 Bedroom,695
Scotland,2018,Median,3 Bedroom,N/A
Aberdeen and Shire,2018,Median,3 Bedroom,850
Argyll and Bute,2018,Median,3 Bedroom,650
Ayrshires,2018,Median,3 Bedroom,575
Dumfries and Galloway,2018,Median,3 Bedroom,525
Dundee and Angus,2018,Median,3 Bedroom,750
East Dunbartonshire,2018,Median,3 Bedroom,895
Fife,2018,Median,3 Bedroom,600
Forth Valley,2018,Median,3 Bedroom,749.5
Greater Glasgow,2018,Median,3 Bedroom,900
Highland and Islands,2018,Median,3 Bedroom,695
Lothian,2018,Median,3 Bedroom,1350
North Lanarkshire,2018,Median,3 Bedroom,575
Perth and Kinross,2018,Median,3 Bedroom,725
Renfrewshire / Inverclyde,2018,Median,3 Bedroom,650
Scottish Borders,2018,Median,3 Bedroom,562.5
South Lanarkshire,2018,Median,3 Bedroom,650
West Dunbartonshire,2018,Median,3 Bedroom,575
West Lothian,2018,Median,3 Bedroom,697.5
Scotland,2019,Median,3 Bedroom,N/A
Aberdeen and Shire,2019,Median,3 Bedroom,850
Argyll and Bute,2019,Median,3 Bedroom,600
Ayrshires,2019,Median,3 Bedroom,550
Dumfries and Galloway,2019,Median,3 Bedroom,525
Dundee and Angus,2019,Median,3 Bedroom,775
East Dunbartonshire,2019,Median,3 Bedroom,895
Fife,2019,Median,3 Bedroom,662.5
Forth Valley,2019,Median,3 Bedroom,750
Greater Glasgow,2019,Median,3 Bedroom,950
Highland and Islands,2019,Median,3 Bedroom,700
Lothian,2019,Median,3 Bedroom,1300
North Lanarkshire,2019,Median,3 Bedroom,550
Perth and Kinross,2019,Median,3 Bedroom,732.5
Renfrewshire / Inverclyde,2019,Median,3 Bedroom,650
Scottish Borders,2019,Median,3 Bedroom,575
South Lanarkshire,2019,Median,3 Bedroom,675
West Dunbartonshire,2019,Median,3 Bedroom,595
West Lothian,2019,Median,3 Bedroom,750
Scotland,2020,Median,3 Bedroom,N/A
Aberdeen and Shire,2020,Median,3 Bedroom,850
Argyll and Bute,2020,Median,3 Bedroom,695
Ayrshires,2020,Median,3 Bedroom,550
Dumfries and Galloway,2020,Median,3 Bedroom,525
Dundee and Angus,2020,Median,3 Bedroom,750
East Dunbartonshire,2020,Median,3 Bedroom,895
Fife,2020,Median,3 Bedroom,650
Forth Valley,2020,Median,3 Bedroom,795
Greater Glasgow,2020,Median,3 Bedroom,950
Highland and Islands,2020,Median,3 Bedroom,725
Lothian,2020,Median,3 Bedroom,1300
North Lanarkshire,2020,Median,3 Bedroom,575
Perth and Kinross,2020,Median,3 Bedroom,750
Renfrewshire / Inverclyde,2020,Median,3 Bedroom,625
Scottish Borders,2020,Median,3 Bedroom,587.5
South Lanarkshire,2020,Median,3 Bedroom,695
West Dunbartonshire,2020,Median,3 Bedroom,600
West Lothian,2020,Median,3 Bedroom,750
Scotland,2021,Median,3 Bedroom,N/A
Aberdeen and Shire,2021,Median,3 Bedroom,825
Argyll and Bute,2021,Median,3 Bedroom,600
Ayrshires,2021,Median,3 Bedroom,575
Dumfries and Galloway,2021,Median,3 Bedroom,525
Dundee and Angus,2021,Median,3 Bedroom,775
East Dunbartonshire,2021,Median,3 Bedroom,895
Fife,2021,Median,3 Bedroom,695
Forth Valley,2021,Median,3 Bedroom,850
Greater Glasgow,2021,Median,3 Bedroom,925
Highland and Islands,2021,Median,3 Bedroom,725
Lothian,2021,Median,3 Bedroom,1250
North Lanarkshire,2021,Median,3 Bedroom,595
Perth and Kinross,2021,Median,3 Bedroom,750
Renfrewshire / Inverclyde,2021,Median,3 Bedroom,575
Scottish Borders,2021,Median,3 Bedroom,625
South Lanarkshire,2021,Median,3 Bedroom,695
West Dunbartonshire,2021,Median,3 Bedroom,650
West Lothian,2021,Median,3 Bedroom,750
Scotland,2022,Median,3 Bedroom,N/A
Aberdeen and Shire,2022,Median,3 Bedroom,895
Argyll and Bute,2022,Median,3 Bedroom,737.5
Ayrshires,2022,Median,3 Bedroom,570
Dumfries and Galloway,2022,Median,3 Bedroom,525
Dundee and Angus,2022,Median,3 Bedroom,850
East Dunbartonshire,2022,Median,3 Bedroom,1050
Fife,2022,Median,3 Bedroom,750
Forth Valley,2022,Median,3 Bedroom,895
Greater Glasgow,2022,Median,3 Bedroom,975
Highland and Islands,2022,Median,3 Bedroom,750
Lothian,2022,Median,3 Bedroom,1350
North Lanarkshire,2022,Median,3 Bedroom,650
Perth and Kinross,2022,Median,3 Bedroom,825
Renfrewshire / Inverclyde,2022,Median,3 Bedroom,635
Scottish Borders,2022,Median,3 Bedroom,625
South Lanarkshire,2022,Median,3 Bedroom,750
West Dunbartonshire,2022,Median,3 Bedroom,695
West Lothian,2022,Median,3 Bedroom,845
Scotland,2023,Median,3 Bedroom,N/A
Aberdeen and Shire,2023,Median,3 Bedroom,975
Argyll and Bute,2023,Median,3 Bedroom,850
Ayrshires,2023,Median,3 Bedroom,630
Dumfries and Galloway,2023,Median,3 Bedroom,550
Dundee and Angus,2023,Median,3 Bedroom,980
East Dunbartonshire,2023,Median,3 Bedroom,1200
Fife,2023,Median,3 Bedroom,825
Forth Valley,2023,Median,3 Bedroom,995
Greater Glasgow,2023,Median,3 Bedroom,1300
Highland and Islands,2023,Median,3 Bedroom,800
Lothian,2023,Median,3 Bedroom,1595
North Lanarkshire,2023,Median,3 Bedroom,750
Perth and Kinross,2023,Median,3 Bedroom,895
Renfrewshire / Inverclyde,2023,Median,3 Bedroom,695
Scottish Borders,2023,Median,3 Bedroom,745
South Lanarkshire,2023,Median,3 Bedroom,825
West Dunbartonshire,2023,Median,3 Bedroom,750
West Lothian,2023,Median,3 Bedroom,847.5
Scotland,2010,Upper Quartile,3 Bedroom,N/A
Aberdeen and Shire,2010,Upper Quartile,3 Bedroom,850
Argyll and Bute,2010,Upper Quartile,3 Bedroom,750
Ayrshires,2010,Upper Quartile,3 Bedroom,600
Dumfries and Galloway,2010,Upper Quartile,3 Bedroom,550
Dundee and Angus,2010,Upper Quartile,3 Bedroom,700
East Dunbartonshire,2010,Upper Quartile,3 Bedroom,775
Fife,2010,Upper Quartile,3 Bedroom,627.5
Forth Valley,2010,Upper Quartile,3 Bedroom,700
Greater Glasgow,2010,Upper Quartile,3 Bedroom,825
Highland and Islands,2010,Upper Quartile,3 Bedroom,650
Lothian,2010,Upper Quartile,3 Bedroom,1005
North Lanarkshire,2010,Upper Quartile,3 Bedroom,600
Perth and Kinross,2010,Upper Quartile,3 Bedroom,695
Renfrewshire / Inverclyde,2010,Upper Quartile,3 Bedroom,695
Scottish Borders,2010,Upper Quartile,3 Bedroom,595
South Lanarkshire,2010,Upper Quartile,3 Bedroom,675
West Dunbartonshire,2010,Upper Quartile,3 Bedroom,650
West Lothian,2010,Upper Quartile,3 Bedroom,650
Scotland,2011,Upper Quartile,3 Bedroom,N/A
Aberdeen and Shire,2011,Upper Quartile,3 Bedroom,875
Argyll and Bute,2011,Upper Quartile,3 Bedroom,750
Ayrshires,2011,Upper Quartile,3 Bedroom,625
Dumfries and Galloway,2011,Upper Quartile,3 Bedroom,560
Dundee and Angus,2011,Upper Quartile,3 Bedroom,750
East Dunbartonshire,2011,Upper Quartile,3 Bedroom,800
Fife,2011,Upper Quartile,3 Bedroom,650
Forth Valley,2011,Upper Quartile,3 Bedroom,695
Greater Glasgow,2011,Upper Quartile,3 Bedroom,862.5
Highland and Islands,2011,Upper Quartile,3 Bedroom,695
Lothian,2011,Upper Quartile,3 Bedroom,1050
North Lanarkshire,2011,Upper Quartile,3 Bedroom,595
Perth and Kinross,2011,Upper Quartile,3 Bedroom,700
Renfrewshire / Inverclyde,2011,Upper Quartile,3 Bedroom,695
Scottish Borders,2011,Upper Quartile,3 Bedroom,595
South Lanarkshire,2011,Upper Quartile,3 Bedroom,675
West Dunbartonshire,2011,Upper Quartile,3 Bedroom,650
West Lothian,2011,Upper Quartile,3 Bedroom,650
Scotland,2012,Upper Quartile,3 Bedroom,N/A
Aberdeen and Shire,2012,Upper Quartile,3 Bedroom,950
Argyll and Bute,2012,Upper Quartile,3 Bedroom,775
Ayrshires,2012,Upper Quartile,3 Bedroom,650
Dumfries and Galloway,2012,Upper Quartile,3 Bedroom,550
Dundee and Angus,2012,Upper Quartile,3 Bedroom,725
East Dunbartonshire,2012,Upper Quartile,3 Bedroom,895
Fife,2012,Upper Quartile,3 Bedroom,650
Forth Valley,2012,Upper Quartile,3 Bedroom,725
Greater Glasgow,2012,Upper Quartile,3 Bedroom,800
Highland and Islands,2012,Upper Quartile,3 Bedroom,695
Lothian,2012,Upper Quartile,3 Bedroom,1100
North Lanarkshire,2012,Upper Quartile,3 Bedroom,650
Perth and Kinross,2012,Upper Quartile,3 Bedroom,700
Renfrewshire / Inverclyde,2012,Upper Quartile,3 Bedroom,695
Scottish Borders,2012,Upper Quartile,3 Bedroom,600
South Lanarkshire,2012,Upper Quartile,3 Bedroom,695
West Dunbartonshire,2012,Upper Quartile,3 Bedroom,680
West Lothian,2012,Upper Quartile,3 Bedroom,650
Scotland,2013,Upper Quartile,3 Bedroom,N/A
Aberdeen and Shire,2013,Upper Quartile,3 Bedroom,1200
Argyll and Bute,2013,Upper Quartile,3 Bedroom,745
Ayrshires,2013,Upper Quartile,3 Bedroom,650
Dumfries and Galloway,2013,Upper Quartile,3 Bedroom,550
Dundee and Angus,2013,Upper Quartile,3 Bedroom,750
East Dunbartonshire,2013,Upper Quartile,3 Bedroom,850
Fife,2013,Upper Quartile,3 Bedroom,675
Forth Valley,2013,Upper Quartile,3 Bedroom,695
Greater Glasgow,2013,Upper Quartile,3 Bedroom,850
Highland and Islands,2013,Upper Quartile,3 Bedroom,695
Lothian,2013,Upper Quartile,3 Bedroom,1100
North Lanarkshire,2013,Upper Quartile,3 Bedroom,600
Perth and Kinross,2013,Upper Quartile,3 Bedroom,700
Renfrewshire / Inverclyde,2013,Upper Quartile,3 Bedroom,700
Scottish Borders,2013,Upper Quartile,3 Bedroom,600
South Lanarkshire,2013,Upper Quartile,3 Bedroom,695
West Dunbartonshire,2013,Upper Quartile,3 Bedroom,635
West Lothian,2013,Upper Quartile,3 Bedroom,675
Scotland,2014,Upper Quartile,3 Bedroom,N/A
Aberdeen and Shire,2014,Upper Quartile,3 Bedroom,1300
Argyll and Bute,2014,Upper Quartile,3 Bedroom,750
Ayrshires,2014,Upper Quartile,3 Bedroom,625
Dumfries and Galloway,2014,Upper Quartile,3 Bedroom,550
Dundee and Angus,2014,Upper Quartile,3 Bedroom,750
East Dunbartonshire,2014,Upper Quartile,3 Bedroom,890
Fife,2014,Upper Quartile,3 Bedroom,675
Forth Valley,2014,Upper Quartile,3 Bedroom,750
Greater Glasgow,2014,Upper Quartile,3 Bedroom,900
Highland and Islands,2014,Upper Quartile,3 Bedroom,700
Lothian,2014,Upper Quartile,3 Bedroom,1215
North Lanarkshire,2014,Upper Quartile,3 Bedroom,597.5
Perth and Kinross,2014,Upper Quartile,3 Bedroom,695
Renfrewshire / Inverclyde,2014,Upper Quartile,3 Bedroom,700
Scottish Borders,2014,Upper Quartile,3 Bedroom,580
South Lanarkshire,2014,Upper Quartile,3 Bedroom,670
West Dunbartonshire,2014,Upper Quartile,3 Bedroom,650
West Lothian,2014,Upper Quartile,3 Bedroom,675
Scotland,2015,Upper Quartile,3 Bedroom,N/A
Aberdeen and Shire,2015,Upper Quartile,3 Bedroom,1250
Argyll and Bute,2015,Upper Quartile,3 Bedroom,675
Ayrshires,2015,Upper Quartile,3 Bedroom,642.5
Dumfries and Galloway,2015,Upper Quartile,3 Bedroom,550
Dundee and Angus,2015,Upper Quartile,3 Bedroom,795
East Dunbartonshire,2015,Upper Quartile,3 Bedroom,900
Fife,2015,Upper Quartile,3 Bedroom,680
Forth Valley,2015,Upper Quartile,3 Bedroom,695
Greater Glasgow,2015,Upper Quartile,3 Bedroom,975
Highland and Islands,2015,Upper Quartile,3 Bedroom,750
Lothian,2015,Upper Quartile,3 Bedroom,1300
North Lanarkshire,2015,Upper Quartile,3 Bedroom,650
Perth and Kinross,2015,Upper Quartile,3 Bedroom,750
Renfrewshire / Inverclyde,2015,Upper Quartile,3 Bedroom,725
Scottish Borders,2015,Upper Quartile,3 Bedroom,595
South Lanarkshire,2015,Upper Quartile,3 Bedroom,695
West Dunbartonshire,2015,Upper Quartile,3 Bedroom,625
West Lothian,2015,Upper Quartile,3 Bedroom,725
Scotland,2016,Upper Quartile,3 Bedroom,N/A
Aberdeen and Shire,2016,Upper Quartile,3 Bedroom,1050
Argyll and Bute,2016,Upper Quartile,3 Bedroom,750
Ayrshires,2016,Upper Quartile,3 Bedroom,650
Dumfries and Galloway,2016,Upper Quartile,3 Bedroom,550
Dundee and Angus,2016,Upper Quartile,3 Bedroom,795
East Dunbartonshire,2016,Upper Quartile,3 Bedroom,985
Fife,2016,Upper Quartile,3 Bedroom,695
Forth Valley,2016,Upper Quartile,3 Bedroom,750
Greater Glasgow,2016,Upper Quartile,3 Bedroom,1170
Highland and Islands,2016,Upper Quartile,3 Bedroom,765
Lothian,2016,Upper Quartile,3 Bedroom,1300
North Lanarkshire,2016,Upper Quartile,3 Bedroom,600
Perth and Kinross,2016,Upper Quartile,3 Bedroom,795
Renfrewshire / Inverclyde,2016,Upper Quartile,3 Bedroom,750
Scottish Borders,2016,Upper Quartile,3 Bedroom,600
South Lanarkshire,2016,Upper Quartile,3 Bedroom,695
West Dunbartonshire,2016,Upper Quartile,3 Bedroom,650
West Lothian,2016,Upper Quartile,3 Bedroom,775
Scotland,2017,Upper Quartile,3 Bedroom,N/A
Aberdeen and Shire,2017,Upper Quartile,3 Bedroom,950
Argyll and Bute,2017,Upper Quartile,3 Bedroom,750
Ayrshires,2017,Upper Quartile,3 Bedroom,640
Dumfries and Galloway,2017,Upper Quartile,3 Bedroom,575
Dundee and Angus,2017,Upper Quartile,3 Bedroom,800
East Dunbartonshire,2017,Upper Quartile,3 Bedroom,1000
Fife,2017,Upper Quartile,3 Bedroom,750
Forth Valley,2017,Upper Quartile,3 Bedroom,850
Greater Glasgow,2017,Upper Quartile,3 Bedroom,1200
Highland and Islands,2017,Upper Quartile,3 Bedroom,795
Lothian,2017,Upper Quartile,3 Bedroom,1350
North Lanarkshire,2017,Upper Quartile,3 Bedroom,600
Perth and Kinross,2017,Upper Quartile,3 Bedroom,850
Renfrewshire / Inverclyde,2017,Upper Quartile,3 Bedroom,750
Scottish Borders,2017,Upper Quartile,3 Bedroom,650
South Lanarkshire,2017,Upper Quartile,3 Bedroom,725
West Dunbartonshire,2017,Upper Quartile,3 Bedroom,650
West Lothian,2017,Upper Quartile,3 Bedroom,775
Scotland,2018,Upper Quartile,3 Bedroom,N/A
Aberdeen and Shire,2018,Upper Quartile,3 Bedroom,995
Argyll and Bute,2018,Upper Quartile,3 Bedroom,850
Ayrshires,2018,Upper Quartile,3 Bedroom,650
Dumfries and Galloway,2018,Upper Quartile,3 Bedroom,600
Dundee and Angus,2018,Upper Quartile,3 Bedroom,860
East Dunbartonshire,2018,Upper Quartile,3 Bedroom,1050
Fife,2018,Upper Quartile,3 Bedroom,725
Forth Valley,2018,Upper Quartile,3 Bedroom,900
Greater Glasgow,2018,Upper Quartile,3 Bedroom,1250
Highland and Islands,2018,Upper Quartile,3 Bedroom,795
Lothian,2018,Upper Quartile,3 Bedroom,1575
North Lanarkshire,2018,Upper Quartile,3 Bedroom,650
Perth and Kinross,2018,Upper Quartile,3 Bedroom,795
Renfrewshire / Inverclyde,2018,Upper Quartile,3 Bedroom,750
Scottish Borders,2018,Upper Quartile,3 Bedroom,675
South Lanarkshire,2018,Upper Quartile,3 Bedroom,775
West Dunbartonshire,2018,Upper Quartile,3 Bedroom,695
West Lothian,2018,Upper Quartile,3 Bedroom,800
Scotland,2019,Upper Quartile,3 Bedroom,N/A
Aberdeen and Shire,2019,Upper Quartile,3 Bedroom,995
Argyll and Bute,2019,Upper Quartile,3 Bedroom,772.5
Ayrshires,2019,Upper Quartile,3 Bedroom,630
Dumfries and Galloway,2019,Upper Quartile,3 Bedroom,600
Dundee and Angus,2019,Upper Quartile,3 Bedroom,950
East Dunbartonshire,2019,Upper Quartile,3 Bedroom,1025
Fife,2019,Upper Quartile,3 Bedroom,775
Forth Valley,2019,Upper Quartile,3 Bedroom,900
Greater Glasgow,2019,Upper Quartile,3 Bedroom,1300
Highland and Islands,2019,Upper Quartile,3 Bedroom,825
Lothian,2019,Upper Quartile,3 Bedroom,1550
North Lanarkshire,2019,Upper Quartile,3 Bedroom,650
Perth and Kinross,2019,Upper Quartile,3 Bedroom,850
Renfrewshire / Inverclyde,2019,Upper Quartile,3 Bedroom,750
Scottish Borders,2019,Upper Quartile,3 Bedroom,675
South Lanarkshire,2019,Upper Quartile,3 Bedroom,750
West Dunbartonshire,2019,Upper Quartile,3 Bedroom,695
West Lothian,2019,Upper Quartile,3 Bedroom,850
Scotland,2020,Upper Quartile,3 Bedroom,N/A
Aberdeen and Shire,2020,Upper Quartile,3 Bedroom,995
Argyll and Bute,2020,Upper Quartile,3 Bedroom,875
Ayrshires,2020,Upper Quartile,3 Bedroom,650
Dumfries and Galloway,2020,Upper Quartile,3 Bedroom,600
Dundee and Angus,2020,Upper Quartile,3 Bedroom,930
East Dunbartonshire,2020,Upper Quartile,3 Bedroom,1050
Fife,2020,Upper Quartile,3 Bedroom,775
Forth Valley,2020,Upper Quartile,3 Bedroom,1170
Greater Glasgow,2020,Upper Quartile,3 Bedroom,1250
Highland and Islands,2020,Upper Quartile,3 Bedroom,825
Lothian,2020,Upper Quartile,3 Bedroom,1595
North Lanarkshire,2020,Upper Quartile,3 Bedroom,650
Perth and Kinross,2020,Upper Quartile,3 Bedroom,820
Renfrewshire / Inverclyde,2020,Upper Quartile,3 Bedroom,750
Scottish Borders,2020,Upper Quartile,3 Bedroom,750
South Lanarkshire,2020,Upper Quartile,3 Bedroom,795
West Dunbartonshire,2020,Upper Quartile,3 Bedroom,795
West Lothian,2020,Upper Quartile,3 Bedroom,835
Scotland,2021,Upper Quartile,3 Bedroom,N/A
Aberdeen and Shire,2021,Upper Quartile,3 Bedroom,995
Argyll and Bute,2021,Upper Quartile,3 Bedroom,700
Ayrshires,2021,Upper Quartile,3 Bedroom,650
Dumfries and Galloway,2021,Upper Quartile,3 Bedroom,600
Dundee and Angus,2021,Upper Quartile,3 Bedroom,965
East Dunbartonshire,2021,Upper Quartile,3 Bedroom,1195
Fife,2021,Upper Quartile,3 Bedroom,825
Forth Valley,2021,Upper Quartile,3 Bedroom,1145
Greater Glasgow,2021,Upper Quartile,3 Bedroom,1250
Highland and Islands,2021,Upper Quartile,3 Bedroom,840
Lothian,2021,Upper Quartile,3 Bedroom,1500
North Lanarkshire,2021,Upper Quartile,3 Bedroom,675
Perth and Kinross,2021,Upper Quartile,3 Bedroom,895
Renfrewshire / Inverclyde,2021,Upper Quartile,3 Bedroom,700
Scottish Borders,2021,Upper Quartile,3 Bedroom,750
South Lanarkshire,2021,Upper Quartile,3 Bedroom,800
West Dunbartonshire,2021,Upper Quartile,3 Bedroom,795
West Lothian,2021,Upper Quartile,3 Bedroom,850
Scotland,2022,Upper Quartile,3 Bedroom,N/A
Aberdeen and Shire,2022,Upper Quartile,3 Bedroom,1095
Argyll and Bute,2022,Upper Quartile,3 Bedroom,1000
Ayrshires,2022,Upper Quartile,3 Bedroom,650
Dumfries and Galloway,2022,Upper Quartile,3 Bedroom,600
Dundee and Angus,2022,Upper Quartile,3 Bedroom,1080
East Dunbartonshire,2022,Upper Quartile,3 Bedroom,1300
Fife,2022,Upper Quartile,3 Bedroom,897.5
Forth Valley,2022,Upper Quartile,3 Bedroom,1262.5
Greater Glasgow,2022,Upper Quartile,3 Bedroom,1350
Highland and Islands,2022,Upper Quartile,3 Bedroom,890
Lothian,2022,Upper Quartile,3 Bedroom,1575
North Lanarkshire,2022,Upper Quartile,3 Bedroom,725
Perth and Kinross,2022,Upper Quartile,3 Bedroom,950
Renfrewshire / Inverclyde,2022,Upper Quartile,3 Bedroom,750
Scottish Borders,2022,Upper Quartile,3 Bedroom,750
South Lanarkshire,2022,Upper Quartile,3 Bedroom,895
West Dunbartonshire,2022,Upper Quartile,3 Bedroom,850
West Lothian,2022,Upper Quartile,3 Bedroom,975
Scotland,2023,Upper Quartile,3 Bedroom,N/A
Aberdeen and Shire,2023,Upper Quartile,3 Bedroom,1200
Argyll and Bute,2023,Upper Quartile,3 Bedroom,1100
Ayrshires,2023,Upper Quartile,3 Bedroom,750
Dumfries and Galloway,2023,Upper Quartile,3 Bedroom,600
Dundee and Angus,2023,Upper Quartile,3 Bedroom,1275
East Dunbartonshire,2023,Upper Quartile,3 Bedroom,1475
Fife,2023,Upper Quartile,3 Bedroom,1095
Forth Valley,2023,Upper Quartile,3 Bedroom,1300
Greater Glasgow,2023,Upper Quartile,3 Bedroom,1695
Highland and Islands,2023,Upper Quartile,3 Bedroom,945
Lothian,2023,Upper Quartile,3 Bedroom,1900
North Lanarkshire,2023,Upper Quartile,3 Bedroom,895
Perth and Kinross,2023,Upper Quartile,3 Bedroom,999
Renfrewshire / Inverclyde,2023,Upper Quartile,3 Bedroom,895
Scottish Borders,2023,Upper Quartile,3 Bedroom,850
South Lanarkshire,2023,Upper Quartile,3 Bedroom,964.5
West Dunbartonshire,2023,Upper Quartile,3 Bedroom,925
West Lothian,2023,Upper Quartile,3 Bedroom,995
Scotland,2010,Lower Quartile,3 Bedroom,N/A
Aberdeen and Shire,2010,Lower Quartile,3 Bedroom,650
Argyll and Bute,2010,Lower Quartile,3 Bedroom,500
Ayrshires,2010,Lower Quartile,3 Bedroom,475
Dumfries and Galloway,2010,Lower Quartile,3 Bedroom,440
Dundee and Angus,2010,Lower Quartile,3 Bedroom,550
East Dunbartonshire,2010,Lower Quartile,3 Bedroom,650
Fife,2010,Lower Quartile,3 Bedroom,480
Forth Valley,2010,Lower Quartile,3 Bedroom,525
Greater Glasgow,2010,Lower Quartile,3 Bedroom,575
Highland and Islands,2010,Lower Quartile,3 Bedroom,525
Lothian,2010,Lower Quartile,3 Bedroom,750
North Lanarkshire,2010,Lower Quartile,3 Bedroom,495
Perth and Kinross,2010,Lower Quartile,3 Bedroom,595
Renfrewshire / Inverclyde,2010,Lower Quartile,3 Bedroom,497.5
Scottish Borders,2010,Lower Quartile,3 Bedroom,440
South Lanarkshire,2010,Lower Quartile,3 Bedroom,550
West Dunbartonshire,2010,Lower Quartile,3 Bedroom,475
West Lothian,2010,Lower Quartile,3 Bedroom,550
Scotland,2011,Lower Quartile,3 Bedroom,N/A
Aberdeen and Shire,2011,Lower Quartile,3 Bedroom,650
Argyll and Bute,2011,Lower Quartile,3 Bedroom,495
Ayrshires,2011,Lower Quartile,3 Bedroom,495
Dumfries and Galloway,2011,Lower Quartile,3 Bedroom,450
Dundee and Angus,2011,Lower Quartile,3 Bedroom,575
East Dunbartonshire,2011,Lower Quartile,3 Bedroom,650
Fife,2011,Lower Quartile,3 Bedroom,495
Forth Valley,2011,Lower Quartile,3 Bedroom,545
Greater Glasgow,2011,Lower Quartile,3 Bedroom,575
Highland and Islands,2011,Lower Quartile,3 Bedroom,550
Lothian,2011,Lower Quartile,3 Bedroom,750
North Lanarkshire,2011,Lower Quartile,3 Bedroom,475
Perth and Kinross,2011,Lower Quartile,3 Bedroom,575
Renfrewshire / Inverclyde,2011,Lower Quartile,3 Bedroom,500
Scottish Borders,2011,Lower Quartile,3 Bedroom,450
South Lanarkshire,2011,Lower Quartile,3 Bedroom,550
West Dunbartonshire,2011,Lower Quartile,3 Bedroom,495
West Lothian,2011,Lower Quartile,3 Bedroom,575
Scotland,2012,Lower Quartile,3 Bedroom,N/A
Aberdeen and Shire,2012,Lower Quartile,3 Bedroom,700
Argyll and Bute,2012,Lower Quartile,3 Bedroom,550
Ayrshires,2012,Lower Quartile,3 Bedroom,495
Dumfries and Galloway,2012,Lower Quartile,3 Bedroom,450
Dundee and Angus,2012,Lower Quartile,3 Bedroom,550
East Dunbartonshire,2012,Lower Quartile,3 Bedroom,695
Fife,2012,Lower Quartile,3 Bedroom,500
Forth Valley,2012,Lower Quartile,3 Bedroom,545
Greater Glasgow,2012,Lower Quartile,3 Bedroom,575
Highland and Islands,2012,Lower Quartile,3 Bedroom,550
Lothian,2012,Lower Quartile,3 Bedroom,795
North Lanarkshire,2012,Lower Quartile,3 Bedroom,495
Perth and Kinross,2012,Lower Quartile,3 Bedroom,575
Renfrewshire / Inverclyde,2012,Lower Quartile,3 Bedroom,500
Scottish Borders,2012,Lower Quartile,3 Bedroom,475
South Lanarkshire,2012,Lower Quartile,3 Bedroom,550
West Dunbartonshire,2012,Lower Quartile,3 Bedroom,498
West Lothian,2012,Lower Quartile,3 Bedroom,560
Scotland,2013,Lower Quartile,3 Bedroom,N/A
Aberdeen and Shire,2013,Lower Quartile,3 Bedroom,775
Argyll and Bute,2013,Lower Quartile,3 Bedroom,500
Ayrshires,2013,Lower Quartile,3 Bedroom,495
Dumfries and Galloway,2013,Lower Quartile,3 Bedroom,475
Dundee and Angus,2013,Lower Quartile,3 Bedroom,550
East Dunbartonshire,2013,Lower Quartile,3 Bedroom,650
Fife,2013,Lower Quartile,3 Bedroom,500
Forth Valley,2013,Lower Quartile,3 Bedroom,550
Greater Glasgow,2013,Lower Quartile,3 Bedroom,575
Highland and Islands,2013,Lower Quartile,3 Bedroom,550
Lothian,2013,Lower Quartile,3 Bedroom,795
North Lanarkshire,2013,Lower Quartile,3 Bedroom,475
Perth and Kinross,2013,Lower Quartile,3 Bedroom,575
Renfrewshire / Inverclyde,2013,Lower Quartile,3 Bedroom,525
Scottish Borders,2013,Lower Quartile,3 Bedroom,450
South Lanarkshire,2013,Lower Quartile,3 Bedroom,525
West Dunbartonshire,2013,Lower Quartile,3 Bedroom,495
West Lothian,2013,Lower Quartile,3 Bedroom,558
Scotland,2014,Lower Quartile,3 Bedroom,N/A
Aberdeen and Shire,2014,Lower Quartile,3 Bedroom,850
Argyll and Bute,2014,Lower Quartile,3 Bedroom,500
Ayrshires,2014,Lower Quartile,3 Bedroom,495
Dumfries and Galloway,2014,Lower Quartile,3 Bedroom,450
Dundee and Angus,2014,Lower Quartile,3 Bedroom,550
East Dunbartonshire,2014,Lower Quartile,3 Bedroom,695
Fife,2014,Lower Quartile,3 Bedroom,525
Forth Valley,2014,Lower Quartile,3 Bedroom,525
Greater Glasgow,2014,Lower Quartile,3 Bedroom,567.5
Highland and Islands,2014,Lower Quartile,3 Bedroom,550
Lothian,2014,Lower Quartile,3 Bedroom,800
North Lanarkshire,2014,Lower Quartile,3 Bedroom,495
Perth and Kinross,2014,Lower Quartile,3 Bedroom,550
Renfrewshire / Inverclyde,2014,Lower Quartile,3 Bedroom,500
Scottish Borders,2014,Lower Quartile,3 Bedroom,450
South Lanarkshire,2014,Lower Quartile,3 Bedroom,550
West Dunbartonshire,2014,Lower Quartile,3 Bedroom,480
West Lothian,2014,Lower Quartile,3 Bedroom,575
Scotland,2015,Lower Quartile,3 Bedroom,N/A
Aberdeen and Shire,2015,Lower Quartile,3 Bedroom,900
Argyll and Bute,2015,Lower Quartile,3 Bedroom,510
Ayrshires,2015,Lower Quartile,3 Bedroom,490
Dumfries and Galloway,2015,Lower Quartile,3 Bedroom,450
Dundee and Angus,2015,Lower Quartile,3 Bedroom,560
East Dunbartonshire,2015,Lower Quartile,3 Bedroom,695
Fife,2015,Lower Quartile,3 Bedroom,500
Forth Valley,2015,Lower Quartile,3 Bedroom,525
Greater Glasgow,2015,Lower Quartile,3 Bedroom,595
Highland and Islands,2015,Lower Quartile,3 Bedroom,550
Lothian,2015,Lower Quartile,3 Bedroom,825
North Lanarkshire,2015,Lower Quartile,3 Bedroom,479
Perth and Kinross,2015,Lower Quartile,3 Bedroom,595
Renfrewshire / Inverclyde,2015,Lower Quartile,3 Bedroom,500
Scottish Borders,2015,Lower Quartile,3 Bedroom,450
South Lanarkshire,2015,Lower Quartile,3 Bedroom,550
West Dunbartonshire,2015,Lower Quartile,3 Bedroom,495
West Lothian,2015,Lower Quartile,3 Bedroom,600
Scotland,2016,Lower Quartile,3 Bedroom,N/A
Aberdeen and Shire,2016,Lower Quartile,3 Bedroom,800
Argyll and Bute,2016,Lower Quartile,3 Bedroom,550
Ayrshires,2016,Lower Quartile,3 Bedroom,495
Dumfries and Galloway,2016,Lower Quartile,3 Bedroom,450
Dundee and Angus,2016,Lower Quartile,3 Bedroom,600
East Dunbartonshire,2016,Lower Quartile,3 Bedroom,695
Fife,2016,Lower Quartile,3 Bedroom,520
Forth Valley,2016,Lower Quartile,3 Bedroom,545
Greater Glasgow,2016,Lower Quartile,3 Bedroom,600
Highland and Islands,2016,Lower Quartile,3 Bedroom,575
Lothian,2016,Lower Quartile,3 Bedroom,860
North Lanarkshire,2016,Lower Quartile,3 Bedroom,495
Perth and Kinross,2016,Lower Quartile,3 Bedroom,600
Renfrewshire / Inverclyde,2016,Lower Quartile,3 Bedroom,525
Scottish Borders,2016,Lower Quartile,3 Bedroom,475
South Lanarkshire,2016,Lower Quartile,3 Bedroom,550
West Dunbartonshire,2016,Lower Quartile,3 Bedroom,475
West Lothian,2016,Lower Quartile,3 Bedroom,600
Scotland,2017,Lower Quartile,3 Bedroom,N/A
Aberdeen and Shire,2017,Lower Quartile,3 Bedroom,750
Argyll and Bute,2017,Lower Quartile,3 Bedroom,525
Ayrshires,2017,Lower Quartile,3 Bedroom,495
Dumfries and Galloway,2017,Lower Quartile,3 Bedroom,460
Dundee and Angus,2017,Lower Quartile,3 Bedroom,590
East Dunbartonshire,2017,Lower Quartile,3 Bedroom,775
Fife,2017,Lower Quartile,3 Bedroom,550
Forth Valley,2017,Lower Quartile,3 Bedroom,595
Greater Glasgow,2017,Lower Quartile,3 Bedroom,650
Highland and Islands,2017,Lower Quartile,3 Bedroom,595
Lothian,2017,Lower Quartile,3 Bedroom,895
North Lanarkshire,2017,Lower Quartile,3 Bedroom,475
Perth and Kinross,2017,Lower Quartile,3 Bedroom,650
Renfrewshire / Inverclyde,2017,Lower Quartile,3 Bedroom,525
Scottish Borders,2017,Lower Quartile,3 Bedroom,475
South Lanarkshire,2017,Lower Quartile,3 Bedroom,550
West Dunbartonshire,2017,Lower Quartile,3 Bedroom,525
West Lothian,2017,Lower Quartile,3 Bedroom,625
Scotland,2018,Lower Quartile,3 Bedroom,N/A
Aberdeen and Shire,2018,Lower Quartile,3 Bedroom,750
Argyll and Bute,2018,Lower Quartile,3 Bedroom,550
Ayrshires,2018,Lower Quartile,3 Bedroom,495
Dumfries and Galloway,2018,Lower Quartile,3 Bedroom,480
Dundee and Angus,2018,Lower Quartile,3 Bedroom,600
East Dunbartonshire,2018,Lower Quartile,3 Bedroom,795
Fife,2018,Lower Quartile,3 Bedroom,545
Forth Valley,2018,Lower Quartile,3 Bedroom,610
Greater Glasgow,2018,Lower Quartile,3 Bedroom,672.5
Highland and Islands,2018,Lower Quartile,3 Bedroom,625
Lothian,2018,Lower Quartile,3 Bedroom,1100
North Lanarkshire,2018,Lower Quartile,3 Bedroom,500
Perth and Kinross,2018,Lower Quartile,3 Bedroom,650
Renfrewshire / Inverclyde,2018,Lower Quartile,3 Bedroom,525
Scottish Borders,2018,Lower Quartile,3 Bedroom,495
South Lanarkshire,2018,Lower Quartile,3 Bedroom,595
West Dunbartonshire,2018,Lower Quartile,3 Bedroom,500
West Lothian,2018,Lower Quartile,3 Bedroom,650
Scotland,2019,Lower Quartile,3 Bedroom,N/A
Aberdeen and Shire,2019,Lower Quartile,3 Bedroom,725
Argyll and Bute,2019,Lower Quartile,3 Bedroom,537.5
Ayrshires,2019,Lower Quartile,3 Bedroom,500
Dumfries and Galloway,2019,Lower Quartile,3 Bedroom,495
Dundee and Angus,2019,Lower Quartile,3 Bedroom,625
East Dunbartonshire,2019,Lower Quartile,3 Bedroom,750
Fife,2019,Lower Quartile,3 Bedroom,550
Forth Valley,2019,Lower Quartile,3 Bedroom,625
Greater Glasgow,2019,Lower Quartile,3 Bedroom,695
Highland and Islands,2019,Lower Quartile,3 Bedroom,600
Lothian,2019,Lower Quartile,3 Bedroom,1000
North Lanarkshire,2019,Lower Quartile,3 Bedroom,495
Perth and Kinross,2019,Lower Quartile,3 Bedroom,650
Renfrewshire / Inverclyde,2019,Lower Quartile,3 Bedroom,525
Scottish Borders,2019,Lower Quartile,3 Bedroom,500
South Lanarkshire,2019,Lower Quartile,3 Bedroom,595
West Dunbartonshire,2019,Lower Quartile,3 Bedroom,550
West Lothian,2019,Lower Quartile,3 Bedroom,675
Scotland,2020,Lower Quartile,3 Bedroom,N/A
Aberdeen and Shire,2020,Lower Quartile,3 Bedroom,725
Argyll and Bute,2020,Lower Quartile,3 Bedroom,575
Ayrshires,2020,Lower Quartile,3 Bedroom,500
Dumfries and Galloway,2020,Lower Quartile,3 Bedroom,490
Dundee and Angus,2020,Lower Quartile,3 Bedroom,620
East Dunbartonshire,2020,Lower Quartile,3 Bedroom,800
Fife,2020,Lower Quartile,3 Bedroom,550
Forth Valley,2020,Lower Quartile,3 Bedroom,650
Greater Glasgow,2020,Lower Quartile,3 Bedroom,700
Highland and Islands,2020,Lower Quartile,3 Bedroom,625
Lothian,2020,Lower Quartile,3 Bedroom,1000
North Lanarkshire,2020,Lower Quartile,3 Bedroom,495
Perth and Kinross,2020,Lower Quartile,3 Bedroom,650
Renfrewshire / Inverclyde,2020,Lower Quartile,3 Bedroom,525
Scottish Borders,2020,Lower Quartile,3 Bedroom,525
South Lanarkshire,2020,Lower Quartile,3 Bedroom,595
West Dunbartonshire,2020,Lower Quartile,3 Bedroom,550
West Lothian,2020,Lower Quartile,3 Bedroom,675
Scotland,2021,Lower Quartile,3 Bedroom,N/A
Aberdeen and Shire,2021,Lower Quartile,3 Bedroom,725
Argyll and Bute,2021,Lower Quartile,3 Bedroom,550
Ayrshires,2021,Lower Quartile,3 Bedroom,500
Dumfries and Galloway,2021,Lower Quartile,3 Bedroom,480
Dundee and Angus,2021,Lower Quartile,3 Bedroom,650
East Dunbartonshire,2021,Lower Quartile,3 Bedroom,800
Fife,2021,Lower Quartile,3 Bedroom,595
Forth Valley,2021,Lower Quartile,3 Bedroom,675
Greater Glasgow,2021,Lower Quartile,3 Bedroom,700
Highland and Islands,2021,Lower Quartile,3 Bedroom,625
Lothian,2021,Lower Quartile,3 Bedroom,1050
North Lanarkshire,2021,Lower Quartile,3 Bedroom,495
Perth and Kinross,2021,Lower Quartile,3 Bedroom,650
Renfrewshire / Inverclyde,2021,Lower Quartile,3 Bedroom,550
Scottish Borders,2021,Lower Quartile,3 Bedroom,525
South Lanarkshire,2021,Lower Quartile,3 Bedroom,600
West Dunbartonshire,2021,Lower Quartile,3 Bedroom,550
West Lothian,2021,Lower Quartile,3 Bedroom,674
Scotland,2022,Lower Quartile,3 Bedroom,N/A
Aberdeen and Shire,2022,Lower Quartile,3 Bedroom,750
Argyll and Bute,2022,Lower Quartile,3 Bedroom,600
Ayrshires,2022,Lower Quartile,3 Bedroom,495
Dumfries and Galloway,2022,Lower Quartile,3 Bedroom,480
Dundee and Angus,2022,Lower Quartile,3 Bedroom,700
East Dunbartonshire,2022,Lower Quartile,3 Bedroom,850
Fife,2022,Lower Quartile,3 Bedroom,625
Forth Valley,2022,Lower Quartile,3 Bedroom,750
Greater Glasgow,2022,Lower Quartile,3 Bedroom,750
Highland and Islands,2022,Lower Quartile,3 Bedroom,650
Lothian,2022,Lower Quartile,3 Bedroom,1100
North Lanarkshire,2022,Lower Quartile,3 Bedroom,550
Perth and Kinross,2022,Lower Quartile,3 Bedroom,700
Renfrewshire / Inverclyde,2022,Lower Quartile,3 Bedroom,550
Scottish Borders,2022,Lower Quartile,3 Bedroom,525
South Lanarkshire,2022,Lower Quartile,3 Bedroom,650
West Dunbartonshire,2022,Lower Quartile,3 Bedroom,595
West Lothian,2022,Lower Quartile,3 Bedroom,750
Scotland,2023,Lower Quartile,3 Bedroom,N/A
Aberdeen and Shire,2023,Lower Quartile,3 Bedroom,850
Argyll and Bute,2023,Lower Quartile,3 Bedroom,650
Ayrshires,2023,Lower Quartile,3 Bedroom,550
Dumfries and Galloway,2023,Lower Quartile,3 Bedroom,485.45
Dundee and Angus,2023,Lower Quartile,3 Bedroom,750
East Dunbartonshire,2023,Lower Quartile,3 Bedroom,950
Fife,2023,Lower Quartile,3 Bedroom,695
Forth Valley,2023,Lower Quartile,3 Bedroom,795
Greater Glasgow,2023,Lower Quartile,3 Bedroom,900
Highland and Islands,2023,Lower Quartile,3 Bedroom,669.5
Lothian,2023,Lower Quartile,3 Bedroom,1300
North Lanarkshire,2023,Lower Quartile,3 Bedroom,650
Perth and Kinross,2023,Lower Quartile,3 Bedroom,750
Renfrewshire / Inverclyde,2023,Lower Quartile,3 Bedroom,575
Scottish Borders,2023,Lower Quartile,3 Bedroom,600
South Lanarkshire,2023,Lower Quartile,3 Bedroom,695
West Dunbartonshire,2023,Lower Quartile,3 Bedroom,650
West Lothian,2023,Lower Quartile,3 Bedroom,750
Scotland,2010,Number of Records,3 Bedroom,4778
Aberdeen and Shire,2010,Number of Records,3 Bedroom,226
Argyll and Bute,2010,Number of Records,3 Bedroom,69
Ayrshires,2010,Number of Records,3 Bedroom,390
Dumfries and Galloway,2010,Number of Records,3 Bedroom,145
Dundee and Angus,2010,Number of Records,3 Bedroom,198
East Dunbartonshire,2010,Number of Records,3 Bedroom,110
Fife,2010,Number of Records,3 Bedroom,272
Forth Valley,2010,Number of Records,3 Bedroom,301
Greater Glasgow,2010,Number of Records,3 Bedroom,474
Highland and Islands,2010,Number of Records,3 Bedroom,362
Lothian,2010,Number of Records,3 Bedroom,923
North Lanarkshire,2010,Number of Records,3 Bedroom,180
Perth and Kinross,2010,Number of Records,3 Bedroom,161
Renfrewshire / Inverclyde,2010,Number of Records,3 Bedroom,228
Scottish Borders,2010,Number of Records,3 Bedroom,182
South Lanarkshire,2010,Number of Records,3 Bedroom,279
West Dunbartonshire,2010,Number of Records,3 Bedroom,67
West Lothian,2010,Number of Records,3 Bedroom,211
Scotland,2011,Number of Records,3 Bedroom,5268
Aberdeen and Shire,2011,Number of Records,3 Bedroom,364
Argyll and Bute,2011,Number of Records,3 Bedroom,87
Ayrshires,2011,Number of Records,3 Bedroom,417
Dumfries and Galloway,2011,Number of Records,3 Bedroom,200
Dundee and Angus,2011,Number of Records,3 Bedroom,224
East Dunbartonshire,2011,Number of Records,3 Bedroom,115
Fife,2011,Number of Records,3 Bedroom,282
Forth Valley,2011,Number of Records,3 Bedroom,241
Greater Glasgow,2011,Number of Records,3 Bedroom,476
Highland and Islands,2011,Number of Records,3 Bedroom,467
Lothian,2011,Number of Records,3 Bedroom,737
North Lanarkshire,2011,Number of Records,3 Bedroom,251
Perth and Kinross,2011,Number of Records,3 Bedroom,218
Renfrewshire / Inverclyde,2011,Number of Records,3 Bedroom,269
Scottish Borders,2011,Number of Records,3 Bedroom,235
South Lanarkshire,2011,Number of Records,3 Bedroom,374
West Dunbartonshire,2011,Number of Records,3 Bedroom,92
West Lothian,2011,Number of Records,3 Bedroom,219
Scotland,2012,Number of Records,3 Bedroom,5337
Aberdeen and Shire,2012,Number of Records,3 Bedroom,486
Argyll and Bute,2012,Number of Records,3 Bedroom,102
Ayrshires,2012,Number of Records,3 Bedroom,328
Dumfries and Galloway,2012,Number of Records,3 Bedroom,256
Dundee and Angus,2012,Number of Records,3 Bedroom,283
East Dunbartonshire,2012,Number of Records,3 Bedroom,79
Fife,2012,Number of Records,3 Bedroom,407
Forth Valley,2012,Number of Records,3 Bedroom,194
Greater Glasgow,2012,Number of Records,3 Bedroom,474
Highland and Islands,2012,Number of Records,3 Bedroom,491
Lothian,2012,Number of Records,3 Bedroom,801
North Lanarkshire,2012,Number of Records,3 Bedroom,229
Perth and Kinross,2012,Number of Records,3 Bedroom,213
Renfrewshire / Inverclyde,2012,Number of Records,3 Bedroom,199
Scottish Borders,2012,Number of Records,3 Bedroom,250
South Lanarkshire,2012,Number of Records,3 Bedroom,299
West Dunbartonshire,2012,Number of Records,3 Bedroom,73
West Lothian,2012,Number of Records,3 Bedroom,173
Scotland,2013,Number of Records,3 Bedroom,4863
Aberdeen and Shire,2013,Number of Records,3 Bedroom,448
Argyll and Bute,2013,Number of Records,3 Bedroom,83
Ayrshires,2013,Number of Records,3 Bedroom,347
Dumfries and Galloway,2013,Number of Records,3 Bedroom,259
Dundee and Angus,2013,Number of Records,3 Bedroom,245
East Dunbartonshire,2013,Number of Records,3 Bedroom,95
Fife,2013,Number of Records,3 Bedroom,381
Forth Valley,2013,Number of Records,3 Bedroom,199
Greater Glasgow,2013,Number of Records,3 Bedroom,503
Highland and Islands,2013,Number of Records,3 Bedroom,355
Lothian,2013,Number of Records,3 Bedroom,666
North Lanarkshire,2013,Number of Records,3 Bedroom,199
Perth and Kinross,2013,Number of Records,3 Bedroom,153
Renfrewshire / Inverclyde,2013,Number of Records,3 Bedroom,195
Scottish Borders,2013,Number of Records,3 Bedroom,222
South Lanarkshire,2013,Number of Records,3 Bedroom,251
West Dunbartonshire,2013,Number of Records,3 Bedroom,79
West Lothian,2013,Number of Records,3 Bedroom,183
Scotland,2014,Number of Records,3 Bedroom,5007
Aberdeen and Shire,2014,Number of Records,3 Bedroom,422
Argyll and Bute,2014,Number of Records,3 Bedroom,82
Ayrshires,2014,Number of Records,3 Bedroom,346
Dumfries and Galloway,2014,Number of Records,3 Bedroom,284
Dundee and Angus,2014,Number of Records,3 Bedroom,303
East Dunbartonshire,2014,Number of Records,3 Bedroom,114
Fife,2014,Number of Records,3 Bedroom,415
Forth Valley,2014,Number of Records,3 Bedroom,176
Greater Glasgow,2014,Number of Records,3 Bedroom,512
Highland and Islands,2014,Number of Records,3 Bedroom,436
Lothian,2014,Number of Records,3 Bedroom,612
North Lanarkshire,2014,Number of Records,3 Bedroom,200
Perth and Kinross,2014,Number of Records,3 Bedroom,179
Renfrewshire / Inverclyde,2014,Number of Records,3 Bedroom,276
Scottish Borders,2014,Number of Records,3 Bedroom,218
South Lanarkshire,2014,Number of Records,3 Bedroom,202
West Dunbartonshire,2014,Number of Records,3 Bedroom,87
West Lothian,2014,Number of Records,3 Bedroom,143
Scotland,2015,Number of Records,3 Bedroom,5079
Aberdeen and Shire,2015,Number of Records,3 Bedroom,428
Argyll and Bute,2015,Number of Records,3 Bedroom,98
Ayrshires,2015,Number of Records,3 Bedroom,380
Dumfries and Galloway,2015,Number of Records,3 Bedroom,234
Dundee and Angus,2015,Number of Records,3 Bedroom,283
East Dunbartonshire,2015,Number of Records,3 Bedroom,98
Fife,2015,Number of Records,3 Bedroom,455
Forth Valley,2015,Number of Records,3 Bedroom,236
Greater Glasgow,2015,Number of Records,3 Bedroom,545
Highland and Islands,2015,Number of Records,3 Bedroom,347
Lothian,2015,Number of Records,3 Bedroom,698
North Lanarkshire,2015,Number of Records,3 Bedroom,237
Perth and Kinross,2015,Number of Records,3 Bedroom,133
Renfrewshire / Inverclyde,2015,Number of Records,3 Bedroom,227
Scottish Borders,2015,Number of Records,3 Bedroom,223
South Lanarkshire,2015,Number of Records,3 Bedroom,181
West Dunbartonshire,2015,Number of Records,3 Bedroom,103
West Lothian,2015,Number of Records,3 Bedroom,173
Scotland,2016,Number of Records,3 Bedroom,4907
Aberdeen and Shire,2016,Number of Records,3 Bedroom,412
Argyll and Bute,2016,Number of Records,3 Bedroom,85
Ayrshires,2016,Number of Records,3 Bedroom,341
Dumfries and Galloway,2016,Number of Records,3 Bedroom,206
Dundee and Angus,2016,Number of Records,3 Bedroom,335
East Dunbartonshire,2016,Number of Records,3 Bedroom,105
Fife,2016,Number of Records,3 Bedroom,434
Forth Valley,2016,Number of Records,3 Bedroom,286
Greater Glasgow,2016,Number of Records,3 Bedroom,566
Highland and Islands,2016,Number of Records,3 Bedroom,361
Lothian,2016,Number of Records,3 Bedroom,613
North Lanarkshire,2016,Number of Records,3 Bedroom,215
Perth and Kinross,2016,Number of Records,3 Bedroom,138
Renfrewshire / Inverclyde,2016,Number of Records,3 Bedroom,237
Scottish Borders,2016,Number of Records,3 Bedroom,175
South Lanarkshire,2016,Number of Records,3 Bedroom,199
West Dunbartonshire,2016,Number of Records,3 Bedroom,68
West Lothian,2016,Number of Records,3 Bedroom,131
Scotland,2017,Number of Records,3 Bedroom,4942
Aberdeen and Shire,2017,Number of Records,3 Bedroom,446
Argyll and Bute,2017,Number of Records,3 Bedroom,76
Ayrshires,2017,Number of Records,3 Bedroom,317
Dumfries and Galloway,2017,Number of Records,3 Bedroom,190
Dundee and Angus,2017,Number of Records,3 Bedroom,275
East Dunbartonshire,2017,Number of Records,3 Bedroom,106
Fife,2017,Number of Records,3 Bedroom,348
Forth Valley,2017,Number of Records,3 Bedroom,244
Greater Glasgow,2017,Number of Records,3 Bedroom,745
Highland and Islands,2017,Number of Records,3 Bedroom,370
Lothian,2017,Number of Records,3 Bedroom,642
North Lanarkshire,2017,Number of Records,3 Bedroom,253
Perth and Kinross,2017,Number of Records,3 Bedroom,118
Renfrewshire / Inverclyde,2017,Number of Records,3 Bedroom,203
Scottish Borders,2017,Number of Records,3 Bedroom,169
South Lanarkshire,2017,Number of Records,3 Bedroom,247
West Dunbartonshire,2017,Number of Records,3 Bedroom,60
West Lothian,2017,Number of Records,3 Bedroom,133
Scotland,2018,Number of Records,3 Bedroom,5277
Aberdeen and Shire,2018,Number of Records,3 Bedroom,473
Argyll and Bute,2018,Number of Records,3 Bedroom,82
Ayrshires,2018,Number of Records,3 Bedroom,327
Dumfries and Galloway,2018,Number of Records,3 Bedroom,167
Dundee and Angus,2018,Number of Records,3 Bedroom,304
East Dunbartonshire,2018,Number of Records,3 Bedroom,106
Fife,2018,Number of Records,3 Bedroom,396
Forth Valley,2018,Number of Records,3 Bedroom,240
Greater Glasgow,2018,Number of Records,3 Bedroom,780
Highland and Islands,2018,Number of Records,3 Bedroom,338
Lothian,2018,Number of Records,3 Bedroom,866
North Lanarkshire,2018,Number of Records,3 Bedroom,241
Perth and Kinross,2018,Number of Records,3 Bedroom,111
Renfrewshire / Inverclyde,2018,Number of Records,3 Bedroom,206
Scottish Borders,2018,Number of Records,3 Bedroom,160
South Lanarkshire,2018,Number of Records,3 Bedroom,287
West Dunbartonshire,2018,Number of Records,3 Bedroom,55
West Lothian,2018,Number of Records,3 Bedroom,138
Scotland,2019,Number of Records,3 Bedroom,5476
Aberdeen and Shire,2019,Number of Records,3 Bedroom,545
Argyll and Bute,2019,Number of Records,3 Bedroom,96
Ayrshires,2019,Number of Records,3 Bedroom,434
Dumfries and Galloway,2019,Number of Records,3 Bedroom,140
Dundee and Angus,2019,Number of Records,3 Bedroom,315
East Dunbartonshire,2019,Number of Records,3 Bedroom,99
Fife,2019,Number of Records,3 Bedroom,376
Forth Valley,2019,Number of Records,3 Bedroom,216
Greater Glasgow,2019,Number of Records,3 Bedroom,775
Highland and Islands,2019,Number of Records,3 Bedroom,326
Lothian,2019,Number of Records,3 Bedroom,851
North Lanarkshire,2019,Number of Records,3 Bedroom,267
Perth and Kinross,2019,Number of Records,3 Bedroom,106
Renfrewshire / Inverclyde,2019,Number of Records,3 Bedroom,280
Scottish Borders,2019,Number of Records,3 Bedroom,162
South Lanarkshire,2019,Number of Records,3 Bedroom,296
West Dunbartonshire,2019,Number of Records,3 Bedroom,60
West Lothian,2019,Number of Records,3 Bedroom,132
Scotland,2020,Number of Records,3 Bedroom,4879
Aberdeen and Shire,2020,Number of Records,3 Bedroom,542
Argyll and Bute,2020,Number of Records,3 Bedroom,70
Ayrshires,2020,Number of Records,3 Bedroom,438
Dumfries and Galloway,2020,Number of Records,3 Bedroom,145
Dundee and Angus,2020,Number of Records,3 Bedroom,229
East Dunbartonshire,2020,Number of Records,3 Bedroom,63
Fife,2020,Number of Records,3 Bedroom,307
Forth Valley,2020,Number of Records,3 Bedroom,188
Greater Glasgow,2020,Number of Records,3 Bedroom,609
Highland and Islands,2020,Number of Records,3 Bedroom,311
Lothian,2020,Number of Records,3 Bedroom,758
North Lanarkshire,2020,Number of Records,3 Bedroom,280
Perth and Kinross,2020,Number of Records,3 Bedroom,129
Renfrewshire / Inverclyde,2020,Number of Records,3 Bedroom,215
Scottish Borders,2020,Number of Records,3 Bedroom,146
South Lanarkshire,2020,Number of Records,3 Bedroom,255
West Dunbartonshire,2020,Number of Records,3 Bedroom,59
West Lothian,2020,Number of Records,3 Bedroom,135
Scotland,2021,Number of Records,3 Bedroom,5151
Aberdeen and Shire,2021,Number of Records,3 Bedroom,495
Argyll and Bute,2021,Number of Records,3 Bedroom,82
Ayrshires,2021,Number of Records,3 Bedroom,405
Dumfries and Galloway,2021,Number of Records,3 Bedroom,177
Dundee and Angus,2021,Number of Records,3 Bedroom,233
East Dunbartonshire,2021,Number of Records,3 Bedroom,53
Fife,2021,Number of Records,3 Bedroom,319
Forth Valley,2021,Number of Records,3 Bedroom,220
Greater Glasgow,2021,Number of Records,3 Bedroom,726
Highland and Islands,2021,Number of Records,3 Bedroom,334
Lothian,2021,Number of Records,3 Bedroom,861
North Lanarkshire,2021,Number of Records,3 Bedroom,258
Perth and Kinross,2021,Number of Records,3 Bedroom,143
Renfrewshire / Inverclyde,2021,Number of Records,3 Bedroom,267
Scottish Borders,2021,Number of Records,3 Bedroom,141
South Lanarkshire,2021,Number of Records,3 Bedroom,238
West Dunbartonshire,2021,Number of Records,3 Bedroom,54
West Lothian,2021,Number of Records,3 Bedroom,145
Scotland,2022,Number of Records,3 Bedroom,5996
Aberdeen and Shire,2022,Number of Records,3 Bedroom,505
Argyll and Bute,2022,Number of Records,3 Bedroom,70
Ayrshires,2022,Number of Records,3 Bedroom,470
Dumfries and Galloway,2022,Number of Records,3 Bedroom,246
Dundee and Angus,2022,Number of Records,3 Bedroom,251
East Dunbartonshire,2022,Number of Records,3 Bedroom,66
Fife,2022,Number of Records,3 Bedroom,332
Forth Valley,2022,Number of Records,3 Bedroom,312
Greater Glasgow,2022,Number of Records,3 Bedroom,840
Highland and Islands,2022,Number of Records,3 Bedroom,298
Lothian,2022,Number of Records,3 Bedroom,1051
North Lanarkshire,2022,Number of Records,3 Bedroom,259
Perth and Kinross,2022,Number of Records,3 Bedroom,157
Renfrewshire / Inverclyde,2022,Number of Records,3 Bedroom,332
Scottish Borders,2022,Number of Records,3 Bedroom,220
South Lanarkshire,2022,Number of Records,3 Bedroom,282
West Dunbartonshire,2022,Number of Records,3 Bedroom,59
West Lothian,2022,Number of Records,3 Bedroom,246
Scotland,2023,Number of Records,3 Bedroom,6793
Aberdeen and Shire,2023,Number of Records,3 Bedroom,594
Argyll and Bute,2023,Number of Records,3 Bedroom,61
Ayrshires,2023,Number of Records,3 Bedroom,487
Dumfries and Galloway,2023,Number of Records,3 Bedroom,240
Dundee and Angus,2023,Number of Records,3 Bedroom,319
East Dunbartonshire,2023,Number of Records,3 Bedroom,93
Fife,2023,Number of Records,3 Bedroom,395
Forth Valley,2023,Number of Records,3 Bedroom,298
Greater Glasgow,2023,Number of Records,3 Bedroom,1036
Highland and Islands,2023,Number of Records,3 Bedroom,387
Lothian,2023,Number of Records,3 Bedroom,1140
North Lanarkshire,2023,Number of Records,3 Bedroom,318
Perth and Kinross,2023,Number of Records,3 Bedroom,197
Renfrewshire / Inverclyde,2023,Number of Records,3 Bedroom,362
Scottish Borders,2023,Number of Records,3 Bedroom,139
South Lanarkshire,2023,Number of Records,3 Bedroom,364
West Dunbartonshire,2023,Number of Records,3 Bedroom,61
West Lothian,2023,Number of Records,3 Bedroom,302
Scotland,2010,Mean,4 Bedroom,938.544424
Aberdeen and Shire,2010,Mean,4 Bedroom,943.66
Argyll and Bute,2010,Mean,4 Bedroom,923.91
Ayrshires,2010,Mean,4 Bedroom,758.06
Dumfries and Galloway,2010,Mean,4 Bedroom,620.08
Dundee and Angus,2010,Mean,4 Bedroom,811.27
East Dunbartonshire,2010,Mean,4 Bedroom,1135.19
Fife,2010,Mean,4 Bedroom,773.31
Forth Valley,2010,Mean,4 Bedroom,857.08
Greater Glasgow,2010,Mean,4 Bedroom,1067.19
Highland and Islands,2010,Mean,4 Bedroom,750.68
Lothian,2010,Mean,4 Bedroom,1290.68
North Lanarkshire,2010,Mean,4 Bedroom,776.25
Perth and Kinross,2010,Mean,4 Bedroom,857.5
Renfrewshire / Inverclyde,2010,Mean,4 Bedroom,833.68
Scottish Borders,2010,Mean,4 Bedroom,689.67
South Lanarkshire,2010,Mean,4 Bedroom,924.21
West Dunbartonshire,2010,Mean,4 Bedroom,821.05
West Lothian,2010,Mean,4 Bedroom,834.19
Scotland,2011,Mean,4 Bedroom,984.817667
Aberdeen and Shire,2011,Mean,4 Bedroom,1017.76
Argyll and Bute,2011,Mean,4 Bedroom,834.13
Ayrshires,2011,Mean,4 Bedroom,788.66
Dumfries and Galloway,2011,Mean,4 Bedroom,648.78
Dundee and Angus,2011,Mean,4 Bedroom,894.44
East Dunbartonshire,2011,Mean,4 Bedroom,1204.31
Fife,2011,Mean,4 Bedroom,823.76
Forth Valley,2011,Mean,4 Bedroom,858.02
Greater Glasgow,2011,Mean,4 Bedroom,1169.83
Highland and Islands,2011,Mean,4 Bedroom,745.16
Lothian,2011,Mean,4 Bedroom,1321.2
North Lanarkshire,2011,Mean,4 Bedroom,769.27
Perth and Kinross,2011,Mean,4 Bedroom,865.06
Renfrewshire / Inverclyde,2011,Mean,4 Bedroom,954.19
Scottish Borders,2011,Mean,4 Bedroom,724.63
South Lanarkshire,2011,Mean,4 Bedroom,925.78
West Dunbartonshire,2011,Mean,4 Bedroom,821.4
West Lothian,2011,Mean,4 Bedroom,796.42
Scotland,2012,Mean,4 Bedroom,1010.021989
Aberdeen and Shire,2012,Mean,4 Bedroom,1105.08
Argyll and Bute,2012,Mean,4 Bedroom,877.55
Ayrshires,2012,Mean,4 Bedroom,816.47
Dumfries and Galloway,2012,Mean,4 Bedroom,632.94
Dundee and Angus,2012,Mean,4 Bedroom,849.5
East Dunbartonshire,2012,Mean,4 Bedroom,1137.57
Fife,2012,Mean,4 Bedroom,859.7
Forth Valley,2012,Mean,4 Bedroom,883.77
Greater Glasgow,2012,Mean,4 Bedroom,1048.83
Highland and Islands,2012,Mean,4 Bedroom,755.01
Lothian,2012,Mean,4 Bedroom,1341.31
North Lanarkshire,2012,Mean,4 Bedroom,793.22
Perth and Kinross,2012,Mean,4 Bedroom,870.84
Renfrewshire / Inverclyde,2012,Mean,4 Bedroom,998.27
Scottish Borders,2012,Mean,4 Bedroom,712.45
South Lanarkshire,2012,Mean,4 Bedroom,956.99
West Dunbartonshire,2012,Mean,4 Bedroom,834.38
West Lothian,2012,Mean,4 Bedroom,856.56
Scotland,2013,Mean,4 Bedroom,1091.875987
Aberdeen and Shire,2013,Mean,4 Bedroom,1484.07
Argyll and Bute,2013,Mean,4 Bedroom,921.83
Ayrshires,2013,Mean,4 Bedroom,834.36
Dumfries and Galloway,2013,Mean,4 Bedroom,635.38
Dundee and Angus,2013,Mean,4 Bedroom,883.13
East Dunbartonshire,2013,Mean,4 Bedroom,1246.04
Fife,2013,Mean,4 Bedroom,884.28
Forth Valley,2013,Mean,4 Bedroom,891.69
Greater Glasgow,2013,Mean,4 Bedroom,1189.78
Highland and Islands,2013,Mean,4 Bedroom,748.89
Lothian,2013,Mean,4 Bedroom,1416.47
North Lanarkshire,2013,Mean,4 Bedroom,826.73
Perth and Kinross,2013,Mean,4 Bedroom,972.7
Renfrewshire / Inverclyde,2013,Mean,4 Bedroom,915.1
Scottish Borders,2013,Mean,4 Bedroom,700.65
South Lanarkshire,2013,Mean,4 Bedroom,893.4
West Dunbartonshire,2013,Mean,4 Bedroom,774.17
West Lothian,2013,Mean,4 Bedroom,870.95
Scotland,2014,Mean,4 Bedroom,1095.691548
Aberdeen and Shire,2014,Mean,4 Bedroom,1564.74
Argyll and Bute,2014,Mean,4 Bedroom,908.89
Ayrshires,2014,Mean,4 Bedroom,840.12
Dumfries and Galloway,2014,Mean,4 Bedroom,636.92
Dundee and Angus,2014,Mean,4 Bedroom,961.21
East Dunbartonshire,2014,Mean,4 Bedroom,1279.83
Fife,2014,Mean,4 Bedroom,870.87
Forth Valley,2014,Mean,4 Bedroom,878.77
Greater Glasgow,2014,Mean,4 Bedroom,1211.12
Highland and Islands,2014,Mean,4 Bedroom,761.79
Lothian,2014,Mean,4 Bedroom,1428.27
North Lanarkshire,2014,Mean,4 Bedroom,791.64
Perth and Kinross,2014,Mean,4 Bedroom,912.59
Renfrewshire / Inverclyde,2014,Mean,4 Bedroom,975.32
Scottish Borders,2014,Mean,4 Bedroom,727.05
South Lanarkshire,2014,Mean,4 Bedroom,976.84
West Dunbartonshire,2014,Mean,4 Bedroom,795.87
West Lothian,2014,Mean,4 Bedroom,889.07
Scotland,2015,Mean,4 Bedroom,1108.922084
Aberdeen and Shire,2015,Mean,4 Bedroom,1492.52
Argyll and Bute,2015,Mean,4 Bedroom,946.5
Ayrshires,2015,Mean,4 Bedroom,871.69
Dumfries and Galloway,2015,Mean,4 Bedroom,646.85
Dundee and Angus,2015,Mean,4 Bedroom,967.81
East Dunbartonshire,2015,Mean,4 Bedroom,1264.46
Fife,2015,Mean,4 Bedroom,884.35
Forth Valley,2015,Mean,4 Bedroom,905.72
Greater Glasgow,2015,Mean,4 Bedroom,1189.33
Highland and Islands,2015,Mean,4 Bedroom,814.1
Lothian,2015,Mean,4 Bedroom,1510.64
North Lanarkshire,2015,Mean,4 Bedroom,895.06
Perth and Kinross,2015,Mean,4 Bedroom,992.12
Renfrewshire / Inverclyde,2015,Mean,4 Bedroom,977.39
Scottish Borders,2015,Mean,4 Bedroom,746.42
South Lanarkshire,2015,Mean,4 Bedroom,1042.67
West Dunbartonshire,2015,Mean,4 Bedroom,861.7
West Lothian,2015,Mean,4 Bedroom,936.17
Scotland,2016,Mean,4 Bedroom,1103.552701
Aberdeen and Shire,2016,Mean,4 Bedroom,1291.33
Argyll and Bute,2016,Mean,4 Bedroom,988.57
Ayrshires,2016,Mean,4 Bedroom,907.52
Dumfries and Galloway,2016,Mean,4 Bedroom,645.81
Dundee and Angus,2016,Mean,4 Bedroom,972.76
East Dunbartonshire,2016,Mean,4 Bedroom,1276.88
Fife,2016,Mean,4 Bedroom,900.74
Forth Valley,2016,Mean,4 Bedroom,1051.92
Greater Glasgow,2016,Mean,4 Bedroom,1299.47
Highland and Islands,2016,Mean,4 Bedroom,822.47
Lothian,2016,Mean,4 Bedroom,1512.32
North Lanarkshire,2016,Mean,4 Bedroom,823.4
Perth and Kinross,2016,Mean,4 Bedroom,1018.04
Renfrewshire / Inverclyde,2016,Mean,4 Bedroom,1014.72
Scottish Borders,2016,Mean,4 Bedroom,739.76
South Lanarkshire,2016,Mean,4 Bedroom,1022.17
West Dunbartonshire,2016,Mean,4 Bedroom,906.5
West Lothian,2016,Mean,4 Bedroom,920.33
Scotland,2017,Mean,4 Bedroom,1138.06796
Aberdeen and Shire,2017,Mean,4 Bedroom,1168.92
Argyll and Bute,2017,Mean,4 Bedroom,980.26
Ayrshires,2017,Mean,4 Bedroom,906.8
Dumfries and Galloway,2017,Mean,4 Bedroom,702.46
Dundee and Angus,2017,Mean,4 Bedroom,1047.22
East Dunbartonshire,2017,Mean,4 Bedroom,1551.67
Fife,2017,Mean,4 Bedroom,917.22
Forth Valley,2017,Mean,4 Bedroom,1094.93
Greater Glasgow,2017,Mean,4 Bedroom,1523.85
Highland and Islands,2017,Mean,4 Bedroom,827.9
Lothian,2017,Mean,4 Bedroom,1592.26
North Lanarkshire,2017,Mean,4 Bedroom,889.42
Perth and Kinross,2017,Mean,4 Bedroom,1018.42
Renfrewshire / Inverclyde,2017,Mean,4 Bedroom,1095.42
Scottish Borders,2017,Mean,4 Bedroom,750.14
South Lanarkshire,2017,Mean,4 Bedroom,1096.76
West Dunbartonshire,2017,Mean,4 Bedroom,886
West Lothian,2017,Mean,4 Bedroom,975.1
Scotland,2018,Mean,4 Bedroom,1236.639915
Aberdeen and Shire,2018,Mean,4 Bedroom,1249.02
Argyll and Bute,2018,Mean,4 Bedroom,945.38
Ayrshires,2018,Mean,4 Bedroom,903.47
Dumfries and Galloway,2018,Mean,4 Bedroom,688.28
Dundee and Angus,2018,Mean,4 Bedroom,1084.8
East Dunbartonshire,2018,Mean,4 Bedroom,1343.5
Fife,2018,Mean,4 Bedroom,978.84
Forth Valley,2018,Mean,4 Bedroom,1147.82
Greater Glasgow,2018,Mean,4 Bedroom,1527.35
Highland and Islands,2018,Mean,4 Bedroom,881.97
Lothian,2018,Mean,4 Bedroom,1893.94
North Lanarkshire,2018,Mean,4 Bedroom,925.83
Perth and Kinross,2018,Mean,4 Bedroom,993.19
Renfrewshire / Inverclyde,2018,Mean,4 Bedroom,1060.58
Scottish Borders,2018,Mean,4 Bedroom,942.13
South Lanarkshire,2018,Mean,4 Bedroom,1137.75
West Dunbartonshire,2018,Mean,4 Bedroom,1089.29
West Lothian,2018,Mean,4 Bedroom,1007.36
Scotland,2019,Mean,4 Bedroom,1315.843373
Aberdeen and Shire,2019,Mean,4 Bedroom,1305.73
Argyll and Bute,2019,Mean,4 Bedroom,966.56
Ayrshires,2019,Mean,4 Bedroom,847.64
Dumfries and Galloway,2019,Mean,4 Bedroom,736.64
Dundee and Angus,2019,Mean,4 Bedroom,1177.19
East Dunbartonshire,2019,Mean,4 Bedroom,1553.19
Fife,2019,Mean,4 Bedroom,1092.04
Forth Valley,2019,Mean,4 Bedroom,1206.93
Greater Glasgow,2019,Mean,4 Bedroom,1616.64
Highland and Islands,2019,Mean,4 Bedroom,914.72
Lothian,2019,Mean,4 Bedroom,1904.72
North Lanarkshire,2019,Mean,4 Bedroom,890.14
Perth and Kinross,2019,Mean,4 Bedroom,1056.39
Renfrewshire / Inverclyde,2019,Mean,4 Bedroom,1210.33
Scottish Borders,2019,Mean,4 Bedroom,991.88
South Lanarkshire,2019,Mean,4 Bedroom,1167.09
West Dunbartonshire,2019,Mean,4 Bedroom,1265.83
West Lothian,2019,Mean,4 Bedroom,1055.47
Scotland,2020,Mean,4 Bedroom,1342.309355
Aberdeen and Shire,2020,Mean,4 Bedroom,1230.86
Argyll and Bute,2020,Mean,4 Bedroom,1124.75
Ayrshires,2020,Mean,4 Bedroom,906
Dumfries and Galloway,2020,Mean,4 Bedroom,741.05
Dundee and Angus,2020,Mean,4 Bedroom,1208.48
East Dunbartonshire,2020,Mean,4 Bedroom,1505.92
Fife,2020,Mean,4 Bedroom,1141.59
Forth Valley,2020,Mean,4 Bedroom,1342.77
Greater Glasgow,2020,Mean,4 Bedroom,1666.74
Highland and Islands,2020,Mean,4 Bedroom,929.12
Lothian,2020,Mean,4 Bedroom,1966.47
North Lanarkshire,2020,Mean,4 Bedroom,932.98
Perth and Kinross,2020,Mean,4 Bedroom,1118.6
Renfrewshire / Inverclyde,2020,Mean,4 Bedroom,1093.44
Scottish Borders,2020,Mean,4 Bedroom,1018.29
South Lanarkshire,2020,Mean,4 Bedroom,1099.48
West Dunbartonshire,2020,Mean,4 Bedroom,964.58
West Lothian,2020,Mean,4 Bedroom,1105
Scotland,2021,Mean,4 Bedroom,1358.324668
Aberdeen and Shire,2021,Mean,4 Bedroom,1319.13
Argyll and Bute,2021,Mean,4 Bedroom,1062.67
Ayrshires,2021,Mean,4 Bedroom,994.08
Dumfries and Galloway,2021,Mean,4 Bedroom,789.81
Dundee and Angus,2021,Mean,4 Bedroom,1224.47
East Dunbartonshire,2021,Mean,4 Bedroom,1651.25
Fife,2021,Mean,4 Bedroom,1329.93
Forth Valley,2021,Mean,4 Bedroom,1224.77
Greater Glasgow,2021,Mean,4 Bedroom,1677.04
Highland and Islands,2021,Mean,4 Bedroom,940.46
Lothian,2021,Mean,4 Bedroom,1878.6
North Lanarkshire,2021,Mean,4 Bedroom,952.02
Perth and Kinross,2021,Mean,4 Bedroom,1080.18
Renfrewshire / Inverclyde,2021,Mean,4 Bedroom,1237.83
Scottish Borders,2021,Mean,4 Bedroom,1056.59
South Lanarkshire,2021,Mean,4 Bedroom,1181.14
West Dunbartonshire,2021,Mean,4 Bedroom,1091.5
West Lothian,2021,Mean,4 Bedroom,1161.67
Scotland,2022,Mean,4 Bedroom,1460.354564
Aberdeen and Shire,2022,Mean,4 Bedroom,1371.1
Argyll and Bute,2022,Mean,4 Bedroom,1357.31
Ayrshires,2022,Mean,4 Bedroom,903.42
Dumfries and Galloway,2022,Mean,4 Bedroom,824.48
Dundee and Angus,2022,Mean,4 Bedroom,1317.29
East Dunbartonshire,2022,Mean,4 Bedroom,1637.5
Fife,2022,Mean,4 Bedroom,1344.66
Forth Valley,2022,Mean,4 Bedroom,1469.01
Greater Glasgow,2022,Mean,4 Bedroom,1773.45
Highland and Islands,2022,Mean,4 Bedroom,1015.06
Lothian,2022,Mean,4 Bedroom,2043.5
North Lanarkshire,2022,Mean,4 Bedroom,1033.11
Perth and Kinross,2022,Mean,4 Bedroom,1210.45
Renfrewshire / Inverclyde,2022,Mean,4 Bedroom,1306.28
Scottish Borders,2022,Mean,4 Bedroom,1132.07
South Lanarkshire,2022,Mean,4 Bedroom,1390.32
West Dunbartonshire,2022,Mean,4 Bedroom,1023.93
West Lothian,2022,Mean,4 Bedroom,1258.19
Scotland,2023,Mean,4 Bedroom,1656.270193
Aberdeen and Shire,2023,Mean,4 Bedroom,1492.86
Argyll and Bute,2023,Mean,4 Bedroom,1305.38
Ayrshires,2023,Mean,4 Bedroom,1093.95
Dumfries and Galloway,2023,Mean,4 Bedroom,844.36
Dundee and Angus,2023,Mean,4 Bedroom,1346.1
East Dunbartonshire,2023,Mean,4 Bedroom,1885.41
Fife,2023,Mean,4 Bedroom,1476.07
Forth Valley,2023,Mean,4 Bedroom,1563.62
Greater Glasgow,2023,Mean,4 Bedroom,2191.51
Highland and Islands,2023,Mean,4 Bedroom,1055.47
Lothian,2023,Mean,4 Bedroom,2446.73
North Lanarkshire,2023,Mean,4 Bedroom,1166.53
Perth and Kinross,2023,Mean,4 Bedroom,1437.62
Renfrewshire / Inverclyde,2023,Mean,4 Bedroom,1423.58
Scottish Borders,2023,Mean,4 Bedroom,1342.88
South Lanarkshire,2023,Mean,4 Bedroom,1419.09
West Dunbartonshire,2023,Mean,4 Bedroom,1088.08
West Lothian,2023,Mean,4 Bedroom,1293.58
Scotland,2010,Median,4 Bedroom,N/A
Aberdeen and Shire,2010,Median,4 Bedroom,950
Argyll and Bute,2010,Median,4 Bedroom,850
Ayrshires,2010,Median,4 Bedroom,725
Dumfries and Galloway,2010,Median,4 Bedroom,600
Dundee and Angus,2010,Median,4 Bedroom,825
East Dunbartonshire,2010,Median,4 Bedroom,995
Fife,2010,Median,4 Bedroom,790
Forth Valley,2010,Median,4 Bedroom,800
Greater Glasgow,2010,Median,4 Bedroom,1000
Highland and Islands,2010,Median,4 Bedroom,775
Lothian,2010,Median,4 Bedroom,1280
North Lanarkshire,2010,Median,4 Bedroom,795
Perth and Kinross,2010,Median,4 Bedroom,850
Renfrewshire / Inverclyde,2010,Median,4 Bedroom,800
Scottish Borders,2010,Median,4 Bedroom,685
South Lanarkshire,2010,Median,4 Bedroom,849.5
West Dunbartonshire,2010,Median,4 Bedroom,795
West Lothian,2010,Median,4 Bedroom,825
Scotland,2011,Median,4 Bedroom,N/A
Aberdeen and Shire,2011,Median,4 Bedroom,995
Argyll and Bute,2011,Median,4 Bedroom,800
Ayrshires,2011,Median,4 Bedroom,750
Dumfries and Galloway,2011,Median,4 Bedroom,650
Dundee and Angus,2011,Median,4 Bedroom,850
East Dunbartonshire,2011,Median,4 Bedroom,1100
Fife,2011,Median,4 Bedroom,800
Forth Valley,2011,Median,4 Bedroom,800
Greater Glasgow,2011,Median,4 Bedroom,1100
Highland and Islands,2011,Median,4 Bedroom,750
Lothian,2011,Median,4 Bedroom,1300
North Lanarkshire,2011,Median,4 Bedroom,750
Perth and Kinross,2011,Median,4 Bedroom,875
Renfrewshire / Inverclyde,2011,Median,4 Bedroom,875
Scottish Borders,2011,Median,4 Bedroom,700
South Lanarkshire,2011,Median,4 Bedroom,850
West Dunbartonshire,2011,Median,4 Bedroom,850
West Lothian,2011,Median,4 Bedroom,800
Scotland,2012,Median,4 Bedroom,N/A
Aberdeen and Shire,2012,Median,4 Bedroom,1100
Argyll and Bute,2012,Median,4 Bedroom,800
Ayrshires,2012,Median,4 Bedroom,750
Dumfries and Galloway,2012,Median,4 Bedroom,622.5
Dundee and Angus,2012,Median,4 Bedroom,850
East Dunbartonshire,2012,Median,4 Bedroom,1195
Fife,2012,Median,4 Bedroom,825
Forth Valley,2012,Median,4 Bedroom,850
Greater Glasgow,2012,Median,4 Bedroom,950
Highland and Islands,2012,Median,4 Bedroom,750
Lothian,2012,Median,4 Bedroom,1300
North Lanarkshire,2012,Median,4 Bedroom,795
Perth and Kinross,2012,Median,4 Bedroom,850
Renfrewshire / Inverclyde,2012,Median,4 Bedroom,900
Scottish Borders,2012,Median,4 Bedroom,695
South Lanarkshire,2012,Median,4 Bedroom,885
West Dunbartonshire,2012,Median,4 Bedroom,795
West Lothian,2012,Median,4 Bedroom,850
Scotland,2013,Median,4 Bedroom,N/A
Aberdeen and Shire,2013,Median,4 Bedroom,1400
Argyll and Bute,2013,Median,4 Bedroom,850
Ayrshires,2013,Median,4 Bedroom,795
Dumfries and Galloway,2013,Median,4 Bedroom,632.5
Dundee and Angus,2013,Median,4 Bedroom,850
East Dunbartonshire,2013,Median,4 Bedroom,1100
Fife,2013,Median,4 Bedroom,850
Forth Valley,2013,Median,4 Bedroom,850
Greater Glasgow,2013,Median,4 Bedroom,1000
Highland and Islands,2013,Median,4 Bedroom,750
Lothian,2013,Median,4 Bedroom,1400
North Lanarkshire,2013,Median,4 Bedroom,800
Perth and Kinross,2013,Median,4 Bedroom,895
Renfrewshire / Inverclyde,2013,Median,4 Bedroom,875
Scottish Borders,2013,Median,4 Bedroom,665
South Lanarkshire,2013,Median,4 Bedroom,847.5
West Dunbartonshire,2013,Median,4 Bedroom,772.5
West Lothian,2013,Median,4 Bedroom,850
Scotland,2014,Median,4 Bedroom,N/A
Aberdeen and Shire,2014,Median,4 Bedroom,1550
Argyll and Bute,2014,Median,4 Bedroom,895
Ayrshires,2014,Median,4 Bedroom,750
Dumfries and Galloway,2014,Median,4 Bedroom,650
Dundee and Angus,2014,Median,4 Bedroom,950
East Dunbartonshire,2014,Median,4 Bedroom,1200
Fife,2014,Median,4 Bedroom,850
Forth Valley,2014,Median,4 Bedroom,850
Greater Glasgow,2014,Median,4 Bedroom,1200
Highland and Islands,2014,Median,4 Bedroom,750
Lothian,2014,Median,4 Bedroom,1395
North Lanarkshire,2014,Median,4 Bedroom,795
Perth and Kinross,2014,Median,4 Bedroom,885
Renfrewshire / Inverclyde,2014,Median,4 Bedroom,912.5
Scottish Borders,2014,Median,4 Bedroom,695
South Lanarkshire,2014,Median,4 Bedroom,925
West Dunbartonshire,2014,Median,4 Bedroom,795
West Lothian,2014,Median,4 Bedroom,862.5
Scotland,2015,Median,4 Bedroom,N/A
Aberdeen and Shire,2015,Median,4 Bedroom,1450
Argyll and Bute,2015,Median,4 Bedroom,900
Ayrshires,2015,Median,4 Bedroom,850
Dumfries and Galloway,2015,Median,4 Bedroom,650
Dundee and Angus,2015,Median,4 Bedroom,950
East Dunbartonshire,2015,Median,4 Bedroom,1200
Fife,2015,Median,4 Bedroom,850
Forth Valley,2015,Median,4 Bedroom,850
Greater Glasgow,2015,Median,4 Bedroom,1100
Highland and Islands,2015,Median,4 Bedroom,795
Lothian,2015,Median,4 Bedroom,1500
North Lanarkshire,2015,Median,4 Bedroom,850
Perth and Kinross,2015,Median,4 Bedroom,972.5
Renfrewshire / Inverclyde,2015,Median,4 Bedroom,895
Scottish Borders,2015,Median,4 Bedroom,755
South Lanarkshire,2015,Median,4 Bedroom,970
West Dunbartonshire,2015,Median,4 Bedroom,800
West Lothian,2015,Median,4 Bedroom,935
Scotland,2016,Median,4 Bedroom,N/A
Aberdeen and Shire,2016,Median,4 Bedroom,1200
Argyll and Bute,2016,Median,4 Bedroom,900
Ayrshires,2016,Median,4 Bedroom,800
Dumfries and Galloway,2016,Median,4 Bedroom,650
Dundee and Angus,2016,Median,4 Bedroom,995
East Dunbartonshire,2016,Median,4 Bedroom,1100
Fife,2016,Median,4 Bedroom,875
Forth Valley,2016,Median,4 Bedroom,950
Greater Glasgow,2016,Median,4 Bedroom,1250
Highland and Islands,2016,Median,4 Bedroom,812.5
Lothian,2016,Median,4 Bedroom,1500
North Lanarkshire,2016,Median,4 Bedroom,795
Perth and Kinross,2016,Median,4 Bedroom,950
Renfrewshire / Inverclyde,2016,Median,4 Bedroom,950
Scottish Borders,2016,Median,4 Bedroom,695
South Lanarkshire,2016,Median,4 Bedroom,900
West Dunbartonshire,2016,Median,4 Bedroom,872.5
West Lothian,2016,Median,4 Bedroom,895
Scotland,2017,Median,4 Bedroom,N/A
Aberdeen and Shire,2017,Median,4 Bedroom,1100
Argyll and Bute,2017,Median,4 Bedroom,925
Ayrshires,2017,Median,4 Bedroom,895
Dumfries and Galloway,2017,Median,4 Bedroom,650
Dundee and Angus,2017,Median,4 Bedroom,1000
East Dunbartonshire,2017,Median,4 Bedroom,1500
Fife,2017,Median,4 Bedroom,895
Forth Valley,2017,Median,4 Bedroom,995
Greater Glasgow,2017,Median,4 Bedroom,1500
Highland and Islands,2017,Median,4 Bedroom,825
Lothian,2017,Median,4 Bedroom,1600
North Lanarkshire,2017,Median,4 Bedroom,850
Perth and Kinross,2017,Median,4 Bedroom,970
Renfrewshire / Inverclyde,2017,Median,4 Bedroom,995
Scottish Borders,2017,Median,4 Bedroom,700
South Lanarkshire,2017,Median,4 Bedroom,1100
West Dunbartonshire,2017,Median,4 Bedroom,850
West Lothian,2017,Median,4 Bedroom,950
Scotland,2018,Median,4 Bedroom,N/A
Aberdeen and Shire,2018,Median,4 Bedroom,1200
Argyll and Bute,2018,Median,4 Bedroom,897.5
Ayrshires,2018,Median,4 Bedroom,850
Dumfries and Galloway,2018,Median,4 Bedroom,675
Dundee and Angus,2018,Median,4 Bedroom,1100
East Dunbartonshire,2018,Median,4 Bedroom,1300
Fife,2018,Median,4 Bedroom,925
Forth Valley,2018,Median,4 Bedroom,1000
Greater Glasgow,2018,Median,4 Bedroom,1525
Highland and Islands,2018,Median,4 Bedroom,875
Lothian,2018,Median,4 Bedroom,1950
North Lanarkshire,2018,Median,4 Bedroom,895
Perth and Kinross,2018,Median,4 Bedroom,995
Renfrewshire / Inverclyde,2018,Median,4 Bedroom,1100
Scottish Borders,2018,Median,4 Bedroom,875
South Lanarkshire,2018,Median,4 Bedroom,1100
West Dunbartonshire,2018,Median,4 Bedroom,1100
West Lothian,2018,Median,4 Bedroom,1000
Scotland,2019,Median,4 Bedroom,N/A
Aberdeen and Shire,2019,Median,4 Bedroom,1200
Argyll and Bute,2019,Median,4 Bedroom,1022.5
Ayrshires,2019,Median,4 Bedroom,825
Dumfries and Galloway,2019,Median,4 Bedroom,750
Dundee and Angus,2019,Median,4 Bedroom,1200
East Dunbartonshire,2019,Median,4 Bedroom,1497.5
Fife,2019,Median,4 Bedroom,950
Forth Valley,2019,Median,4 Bedroom,1100
Greater Glasgow,2019,Median,4 Bedroom,1600
Highland and Islands,2019,Median,4 Bedroom,885
Lothian,2019,Median,4 Bedroom,1980
North Lanarkshire,2019,Median,4 Bedroom,875
Perth and Kinross,2019,Median,4 Bedroom,950
Renfrewshire / Inverclyde,2019,Median,4 Bedroom,1200
Scottish Borders,2019,Median,4 Bedroom,950
South Lanarkshire,2019,Median,4 Bedroom,1100
West Dunbartonshire,2019,Median,4 Bedroom,1147.5
West Lothian,2019,Median,4 Bedroom,1100
Scotland,2020,Median,4 Bedroom,N/A
Aberdeen and Shire,2020,Median,4 Bedroom,1200
Argyll and Bute,2020,Median,4 Bedroom,1125
Ayrshires,2020,Median,4 Bedroom,850
Dumfries and Galloway,2020,Median,4 Bedroom,712.5
Dundee and Angus,2020,Median,4 Bedroom,1240
East Dunbartonshire,2020,Median,4 Bedroom,1450
Fife,2020,Median,4 Bedroom,1000
Forth Valley,2020,Median,4 Bedroom,1325
Greater Glasgow,2020,Median,4 Bedroom,1680
Highland and Islands,2020,Median,4 Bedroom,887.5
Lothian,2020,Median,4 Bedroom,2000
North Lanarkshire,2020,Median,4 Bedroom,900
Perth and Kinross,2020,Median,4 Bedroom,1100
Renfrewshire / Inverclyde,2020,Median,4 Bedroom,1000
Scottish Borders,2020,Median,4 Bedroom,995
South Lanarkshire,2020,Median,4 Bedroom,1062.5
West Dunbartonshire,2020,Median,4 Bedroom,972.5
West Lothian,2020,Median,4 Bedroom,1097.5
Scotland,2021,Median,4 Bedroom,N/A
Aberdeen and Shire,2021,Median,4 Bedroom,1200
Argyll and Bute,2021,Median,4 Bedroom,1000
Ayrshires,2021,Median,4 Bedroom,907.5
Dumfries and Galloway,2021,Median,4 Bedroom,750
Dundee and Angus,2021,Median,4 Bedroom,1240
East Dunbartonshire,2021,Median,4 Bedroom,1537.5
Fife,2021,Median,4 Bedroom,1100
Forth Valley,2021,Median,4 Bedroom,1250
Greater Glasgow,2021,Median,4 Bedroom,1750
Highland and Islands,2021,Median,4 Bedroom,900
Lothian,2021,Median,4 Bedroom,1900
North Lanarkshire,2021,Median,4 Bedroom,950
Perth and Kinross,2021,Median,4 Bedroom,1022.5
Renfrewshire / Inverclyde,2021,Median,4 Bedroom,1200
Scottish Borders,2021,Median,4 Bedroom,1100
South Lanarkshire,2021,Median,4 Bedroom,1150
West Dunbartonshire,2021,Median,4 Bedroom,1072.5
West Lothian,2021,Median,4 Bedroom,1200
Scotland,2022,Median,4 Bedroom,N/A
Aberdeen and Shire,2022,Median,4 Bedroom,1300
Argyll and Bute,2022,Median,4 Bedroom,1300
Ayrshires,2022,Median,4 Bedroom,875
Dumfries and Galloway,2022,Median,4 Bedroom,750
Dundee and Angus,2022,Median,4 Bedroom,1320
East Dunbartonshire,2022,Median,4 Bedroom,1445
Fife,2022,Median,4 Bedroom,1302.5
Forth Valley,2022,Median,4 Bedroom,1500
Greater Glasgow,2022,Median,4 Bedroom,1700
Highland and Islands,2022,Median,4 Bedroom,947.5
Lothian,2022,Median,4 Bedroom,2000
North Lanarkshire,2022,Median,4 Bedroom,950
Perth and Kinross,2022,Median,4 Bedroom,1250
Renfrewshire / Inverclyde,2022,Median,4 Bedroom,1275
Scottish Borders,2022,Median,4 Bedroom,995
South Lanarkshire,2022,Median,4 Bedroom,1295
West Dunbartonshire,2022,Median,4 Bedroom,950
West Lothian,2022,Median,4 Bedroom,1250
Scotland,2023,Median,4 Bedroom,N/A
Aberdeen and Shire,2023,Median,4 Bedroom,1450
Argyll and Bute,2023,Median,4 Bedroom,1300
Ayrshires,2023,Median,4 Bedroom,999.5
Dumfries and Galloway,2023,Median,4 Bedroom,800
Dundee and Angus,2023,Median,4 Bedroom,1300
East Dunbartonshire,2023,Median,4 Bedroom,1750
Fife,2023,Median,4 Bedroom,1450
Forth Valley,2023,Median,4 Bedroom,1500
Greater Glasgow,2023,Median,4 Bedroom,2200
Highland and Islands,2023,Median,4 Bedroom,985
Lothian,2023,Median,4 Bedroom,2440
North Lanarkshire,2023,Median,4 Bedroom,1100
Perth and Kinross,2023,Median,4 Bedroom,1300
Renfrewshire / Inverclyde,2023,Median,4 Bedroom,1350
Scottish Borders,2023,Median,4 Bedroom,1300
South Lanarkshire,2023,Median,4 Bedroom,1377.5
West Dunbartonshire,2023,Median,4 Bedroom,950
West Lothian,2023,Median,4 Bedroom,1300
Scotland,2010,Upper Quartile,4 Bedroom,N/A
Aberdeen and Shire,2010,Upper Quartile,4 Bedroom,1000
Argyll and Bute,2010,Upper Quartile,4 Bedroom,1175
Ayrshires,2010,Upper Quartile,4 Bedroom,850
Dumfries and Galloway,2010,Upper Quartile,4 Bedroom,700
Dundee and Angus,2010,Upper Quartile,4 Bedroom,890
East Dunbartonshire,2010,Upper Quartile,4 Bedroom,1350
Fife,2010,Upper Quartile,4 Bedroom,850
Forth Valley,2010,Upper Quartile,4 Bedroom,900
Greater Glasgow,2010,Upper Quartile,4 Bedroom,1250
Highland and Islands,2010,Upper Quartile,4 Bedroom,850
Lothian,2010,Upper Quartile,4 Bedroom,1400
North Lanarkshire,2010,Upper Quartile,4 Bedroom,850
Perth and Kinross,2010,Upper Quartile,4 Bedroom,995
Renfrewshire / Inverclyde,2010,Upper Quartile,4 Bedroom,995
Scottish Borders,2010,Upper Quartile,4 Bedroom,800
South Lanarkshire,2010,Upper Quartile,4 Bedroom,900
West Dunbartonshire,2010,Upper Quartile,4 Bedroom,850
West Lothian,2010,Upper Quartile,4 Bedroom,875
Scotland,2011,Upper Quartile,4 Bedroom,N/A
Aberdeen and Shire,2011,Upper Quartile,4 Bedroom,1200
Argyll and Bute,2011,Upper Quartile,4 Bedroom,995
Ayrshires,2011,Upper Quartile,4 Bedroom,875
Dumfries and Galloway,2011,Upper Quartile,4 Bedroom,700
Dundee and Angus,2011,Upper Quartile,4 Bedroom,1000
East Dunbartonshire,2011,Upper Quartile,4 Bedroom,1400
Fife,2011,Upper Quartile,4 Bedroom,895
Forth Valley,2011,Upper Quartile,4 Bedroom,900
Greater Glasgow,2011,Upper Quartile,4 Bedroom,1300
Highland and Islands,2011,Upper Quartile,4 Bedroom,825
Lothian,2011,Upper Quartile,4 Bedroom,1500
North Lanarkshire,2011,Upper Quartile,4 Bedroom,850
Perth and Kinross,2011,Upper Quartile,4 Bedroom,975
Renfrewshire / Inverclyde,2011,Upper Quartile,4 Bedroom,1000
Scottish Borders,2011,Upper Quartile,4 Bedroom,845
South Lanarkshire,2011,Upper Quartile,4 Bedroom,995
West Dunbartonshire,2011,Upper Quartile,4 Bedroom,900
West Lothian,2011,Upper Quartile,4 Bedroom,875
Scotland,2012,Upper Quartile,4 Bedroom,N/A
Aberdeen and Shire,2012,Upper Quartile,4 Bedroom,1300
Argyll and Bute,2012,Upper Quartile,4 Bedroom,950
Ayrshires,2012,Upper Quartile,4 Bedroom,900
Dumfries and Galloway,2012,Upper Quartile,4 Bedroom,675
Dundee and Angus,2012,Upper Quartile,4 Bedroom,950
East Dunbartonshire,2012,Upper Quartile,4 Bedroom,1300
Fife,2012,Upper Quartile,4 Bedroom,895
Forth Valley,2012,Upper Quartile,4 Bedroom,950
Greater Glasgow,2012,Upper Quartile,4 Bedroom,1250
Highland and Islands,2012,Upper Quartile,4 Bedroom,850
Lothian,2012,Upper Quartile,4 Bedroom,1500
North Lanarkshire,2012,Upper Quartile,4 Bedroom,850
Perth and Kinross,2012,Upper Quartile,4 Bedroom,995
Renfrewshire / Inverclyde,2012,Upper Quartile,4 Bedroom,1000
Scottish Borders,2012,Upper Quartile,4 Bedroom,800
South Lanarkshire,2012,Upper Quartile,4 Bedroom,995
West Dunbartonshire,2012,Upper Quartile,4 Bedroom,912.5
West Lothian,2012,Upper Quartile,4 Bedroom,895
Scotland,2013,Upper Quartile,4 Bedroom,N/A
Aberdeen and Shire,2013,Upper Quartile,4 Bedroom,1800
Argyll and Bute,2013,Upper Quartile,4 Bedroom,1197.5
Ayrshires,2013,Upper Quartile,4 Bedroom,900
Dumfries and Galloway,2013,Upper Quartile,4 Bedroom,700
Dundee and Angus,2013,Upper Quartile,4 Bedroom,950
East Dunbartonshire,2013,Upper Quartile,4 Bedroom,1500
Fife,2013,Upper Quartile,4 Bedroom,925
Forth Valley,2013,Upper Quartile,4 Bedroom,975
Greater Glasgow,2013,Upper Quartile,4 Bedroom,1400
Highland and Islands,2013,Upper Quartile,4 Bedroom,850
Lothian,2013,Upper Quartile,4 Bedroom,1600
North Lanarkshire,2013,Upper Quartile,4 Bedroom,895
Perth and Kinross,2013,Upper Quartile,4 Bedroom,1000
Renfrewshire / Inverclyde,2013,Upper Quartile,4 Bedroom,1000
Scottish Borders,2013,Upper Quartile,4 Bedroom,795
South Lanarkshire,2013,Upper Quartile,4 Bedroom,995
West Dunbartonshire,2013,Upper Quartile,4 Bedroom,850
West Lothian,2013,Upper Quartile,4 Bedroom,940
Scotland,2014,Upper Quartile,4 Bedroom,N/A
Aberdeen and Shire,2014,Upper Quartile,4 Bedroom,1850
Argyll and Bute,2014,Upper Quartile,4 Bedroom,997.5
Ayrshires,2014,Upper Quartile,4 Bedroom,1000
Dumfries and Galloway,2014,Upper Quartile,4 Bedroom,700
Dundee and Angus,2014,Upper Quartile,4 Bedroom,1140
East Dunbartonshire,2014,Upper Quartile,4 Bedroom,1525
Fife,2014,Upper Quartile,4 Bedroom,947.5
Forth Valley,2014,Upper Quartile,4 Bedroom,900
Greater Glasgow,2014,Upper Quartile,4 Bedroom,1500
Highland and Islands,2014,Upper Quartile,4 Bedroom,850
Lothian,2014,Upper Quartile,4 Bedroom,1695
North Lanarkshire,2014,Upper Quartile,4 Bedroom,850
Perth and Kinross,2014,Upper Quartile,4 Bedroom,1000
Renfrewshire / Inverclyde,2014,Upper Quartile,4 Bedroom,1200
Scottish Borders,2014,Upper Quartile,4 Bedroom,800
South Lanarkshire,2014,Upper Quartile,4 Bedroom,1100
West Dunbartonshire,2014,Upper Quartile,4 Bedroom,850
West Lothian,2014,Upper Quartile,4 Bedroom,950
Scotland,2015,Upper Quartile,4 Bedroom,N/A
Aberdeen and Shire,2015,Upper Quartile,4 Bedroom,1700
Argyll and Bute,2015,Upper Quartile,4 Bedroom,995
Ayrshires,2015,Upper Quartile,4 Bedroom,995
Dumfries and Galloway,2015,Upper Quartile,4 Bedroom,750
Dundee and Angus,2015,Upper Quartile,4 Bedroom,1140
East Dunbartonshire,2015,Upper Quartile,4 Bedroom,1500
Fife,2015,Upper Quartile,4 Bedroom,950
Forth Valley,2015,Upper Quartile,4 Bedroom,1000
Greater Glasgow,2015,Upper Quartile,4 Bedroom,1500
Highland and Islands,2015,Upper Quartile,4 Bedroom,900
Lothian,2015,Upper Quartile,4 Bedroom,1730
North Lanarkshire,2015,Upper Quartile,4 Bedroom,950
Perth and Kinross,2015,Upper Quartile,4 Bedroom,1100
Renfrewshire / Inverclyde,2015,Upper Quartile,4 Bedroom,1100
Scottish Borders,2015,Upper Quartile,4 Bedroom,830
South Lanarkshire,2015,Upper Quartile,4 Bedroom,1200
West Dunbartonshire,2015,Upper Quartile,4 Bedroom,875
West Lothian,2015,Upper Quartile,4 Bedroom,1000
Scotland,2016,Upper Quartile,4 Bedroom,N/A
Aberdeen and Shire,2016,Upper Quartile,4 Bedroom,1500
Argyll and Bute,2016,Upper Quartile,4 Bedroom,1200
Ayrshires,2016,Upper Quartile,4 Bedroom,975
Dumfries and Galloway,2016,Upper Quartile,4 Bedroom,750
Dundee and Angus,2016,Upper Quartile,4 Bedroom,1200
East Dunbartonshire,2016,Upper Quartile,4 Bedroom,1500
Fife,2016,Upper Quartile,4 Bedroom,975
Forth Valley,2016,Upper Quartile,4 Bedroom,1200
Greater Glasgow,2016,Upper Quartile,4 Bedroom,1600
Highland and Islands,2016,Upper Quartile,4 Bedroom,950
Lothian,2016,Upper Quartile,4 Bedroom,1800
North Lanarkshire,2016,Upper Quartile,4 Bedroom,925
Perth and Kinross,2016,Upper Quartile,4 Bedroom,1100
Renfrewshire / Inverclyde,2016,Upper Quartile,4 Bedroom,1200
Scottish Borders,2016,Upper Quartile,4 Bedroom,850
South Lanarkshire,2016,Upper Quartile,4 Bedroom,1192.5
West Dunbartonshire,2016,Upper Quartile,4 Bedroom,997.5
West Lothian,2016,Upper Quartile,4 Bedroom,1000
Scotland,2017,Upper Quartile,4 Bedroom,N/A
Aberdeen and Shire,2017,Upper Quartile,4 Bedroom,1300
Argyll and Bute,2017,Upper Quartile,4 Bedroom,1250
Ayrshires,2017,Upper Quartile,4 Bedroom,1050
Dumfries and Galloway,2017,Upper Quartile,4 Bedroom,750
Dundee and Angus,2017,Upper Quartile,4 Bedroom,1240
East Dunbartonshire,2017,Upper Quartile,4 Bedroom,1650
Fife,2017,Upper Quartile,4 Bedroom,995
Forth Valley,2017,Upper Quartile,4 Bedroom,1295
Greater Glasgow,2017,Upper Quartile,4 Bedroom,1800
Highland and Islands,2017,Upper Quartile,4 Bedroom,912.5
Lothian,2017,Upper Quartile,4 Bedroom,1850
North Lanarkshire,2017,Upper Quartile,4 Bedroom,1000
Perth and Kinross,2017,Upper Quartile,4 Bedroom,1150
Renfrewshire / Inverclyde,2017,Upper Quartile,4 Bedroom,1200
Scottish Borders,2017,Upper Quartile,4 Bedroom,825
South Lanarkshire,2017,Upper Quartile,4 Bedroom,1300
West Dunbartonshire,2017,Upper Quartile,4 Bedroom,995
West Lothian,2017,Upper Quartile,4 Bedroom,1100
Scotland,2018,Upper Quartile,4 Bedroom,N/A
Aberdeen and Shire,2018,Upper Quartile,4 Bedroom,1400
Argyll and Bute,2018,Upper Quartile,4 Bedroom,1150
Ayrshires,2018,Upper Quartile,4 Bedroom,1100
Dumfries and Galloway,2018,Upper Quartile,4 Bedroom,800
Dundee and Angus,2018,Upper Quartile,4 Bedroom,1255
East Dunbartonshire,2018,Upper Quartile,4 Bedroom,1500
Fife,2018,Upper Quartile,4 Bedroom,1100
Forth Valley,2018,Upper Quartile,4 Bedroom,1500
Greater Glasgow,2018,Upper Quartile,4 Bedroom,1850
Highland and Islands,2018,Upper Quartile,4 Bedroom,995
Lothian,2018,Upper Quartile,4 Bedroom,2200
North Lanarkshire,2018,Upper Quartile,4 Bedroom,1050
Perth and Kinross,2018,Upper Quartile,4 Bedroom,1075
Renfrewshire / Inverclyde,2018,Upper Quartile,4 Bedroom,1200
Scottish Borders,2018,Upper Quartile,4 Bedroom,1050
South Lanarkshire,2018,Upper Quartile,4 Bedroom,1300
West Dunbartonshire,2018,Upper Quartile,4 Bedroom,1385
West Lothian,2018,Upper Quartile,4 Bedroom,1195
Scotland,2019,Upper Quartile,4 Bedroom,N/A
Aberdeen and Shire,2019,Upper Quartile,4 Bedroom,1500
Argyll and Bute,2019,Upper Quartile,4 Bedroom,1100
Ayrshires,2019,Upper Quartile,4 Bedroom,950
Dumfries and Galloway,2019,Upper Quartile,4 Bedroom,800
Dundee and Angus,2019,Upper Quartile,4 Bedroom,1375
East Dunbartonshire,2019,Upper Quartile,4 Bedroom,1725
Fife,2019,Upper Quartile,4 Bedroom,1165
Forth Valley,2019,Upper Quartile,4 Bedroom,1480
Greater Glasgow,2019,Upper Quartile,4 Bedroom,1899
Highland and Islands,2019,Upper Quartile,4 Bedroom,1000
Lothian,2019,Upper Quartile,4 Bedroom,2220
North Lanarkshire,2019,Upper Quartile,4 Bedroom,995
Perth and Kinross,2019,Upper Quartile,4 Bedroom,1200
Renfrewshire / Inverclyde,2019,Upper Quartile,4 Bedroom,1495
Scottish Borders,2019,Upper Quartile,4 Bedroom,1200
South Lanarkshire,2019,Upper Quartile,4 Bedroom,1400
West Dunbartonshire,2019,Upper Quartile,4 Bedroom,1650
West Lothian,2019,Upper Quartile,4 Bedroom,1195
Scotland,2020,Upper Quartile,4 Bedroom,N/A
Aberdeen and Shire,2020,Upper Quartile,4 Bedroom,1400
Argyll and Bute,2020,Upper Quartile,4 Bedroom,1225
Ayrshires,2020,Upper Quartile,4 Bedroom,1000
Dumfries and Galloway,2020,Upper Quartile,4 Bedroom,800
Dundee and Angus,2020,Upper Quartile,4 Bedroom,1400
East Dunbartonshire,2020,Upper Quartile,4 Bedroom,1700
Fife,2020,Upper Quartile,4 Bedroom,1250
Forth Valley,2020,Upper Quartile,4 Bedroom,1735
Greater Glasgow,2020,Upper Quartile,4 Bedroom,2000
Highland and Islands,2020,Upper Quartile,4 Bedroom,1047.5
Lothian,2020,Upper Quartile,4 Bedroom,2295
North Lanarkshire,2020,Upper Quartile,4 Bedroom,1050
Perth and Kinross,2020,Upper Quartile,4 Bedroom,1350
Renfrewshire / Inverclyde,2020,Upper Quartile,4 Bedroom,1200
Scottish Borders,2020,Upper Quartile,4 Bedroom,1250
South Lanarkshire,2020,Upper Quartile,4 Bedroom,1300
West Dunbartonshire,2020,Upper Quartile,4 Bedroom,1125
West Lothian,2020,Upper Quartile,4 Bedroom,1247.5
Scotland,2021,Upper Quartile,4 Bedroom,N/A
Aberdeen and Shire,2021,Upper Quartile,4 Bedroom,1500
Argyll and Bute,2021,Upper Quartile,4 Bedroom,1400
Ayrshires,2021,Upper Quartile,4 Bedroom,1172.5
Dumfries and Galloway,2021,Upper Quartile,4 Bedroom,900
Dundee and Angus,2021,Upper Quartile,4 Bedroom,1440
East Dunbartonshire,2021,Upper Quartile,4 Bedroom,1775
Fife,2021,Upper Quartile,4 Bedroom,1650
Forth Valley,2021,Upper Quartile,4 Bedroom,1500
Greater Glasgow,2021,Upper Quartile,4 Bedroom,2000
Highland and Islands,2021,Upper Quartile,4 Bedroom,1100
Lothian,2021,Upper Quartile,4 Bedroom,2200
North Lanarkshire,2021,Upper Quartile,4 Bedroom,1050
Perth and Kinross,2021,Upper Quartile,4 Bedroom,1300
Renfrewshire / Inverclyde,2021,Upper Quartile,4 Bedroom,1495
Scottish Borders,2021,Upper Quartile,4 Bedroom,1290
South Lanarkshire,2021,Upper Quartile,4 Bedroom,1400
West Dunbartonshire,2021,Upper Quartile,4 Bedroom,1200
West Lothian,2021,Upper Quartile,4 Bedroom,1300
Scotland,2022,Upper Quartile,4 Bedroom,N/A
Aberdeen and Shire,2022,Upper Quartile,4 Bedroom,1600
Argyll and Bute,2022,Upper Quartile,4 Bedroom,1600
Ayrshires,2022,Upper Quartile,4 Bedroom,1100
Dumfries and Galloway,2022,Upper Quartile,4 Bedroom,950
Dundee and Angus,2022,Upper Quartile,4 Bedroom,1580
East Dunbartonshire,2022,Upper Quartile,4 Bedroom,1847.5
Fife,2022,Upper Quartile,4 Bedroom,1508.5
Forth Valley,2022,Upper Quartile,4 Bedroom,1800
Greater Glasgow,2022,Upper Quartile,4 Bedroom,2100
Highland and Islands,2022,Upper Quartile,4 Bedroom,1275
Lothian,2022,Upper Quartile,4 Bedroom,2396
North Lanarkshire,2022,Upper Quartile,4 Bedroom,1200
Perth and Kinross,2022,Upper Quartile,4 Bedroom,1400
Renfrewshire / Inverclyde,2022,Upper Quartile,4 Bedroom,1525
Scottish Borders,2022,Upper Quartile,4 Bedroom,1450
South Lanarkshire,2022,Upper Quartile,4 Bedroom,1550
West Dunbartonshire,2022,Upper Quartile,4 Bedroom,1050
West Lothian,2022,Upper Quartile,4 Bedroom,1400
Scotland,2023,Upper Quartile,4 Bedroom,N/A
Aberdeen and Shire,2023,Upper Quartile,4 Bedroom,1665
Argyll and Bute,2023,Upper Quartile,4 Bedroom,1495
Ayrshires,2023,Upper Quartile,4 Bedroom,1395
Dumfries and Galloway,2023,Upper Quartile,4 Bedroom,1000
Dundee and Angus,2023,Upper Quartile,4 Bedroom,1600
East Dunbartonshire,2023,Upper Quartile,4 Bedroom,2250
Fife,2023,Upper Quartile,4 Bedroom,1790
Forth Valley,2023,Upper Quartile,4 Bedroom,1975
Greater Glasgow,2023,Upper Quartile,4 Bedroom,2680
Highland and Islands,2023,Upper Quartile,4 Bedroom,1300
Lothian,2023,Upper Quartile,4 Bedroom,2800
North Lanarkshire,2023,Upper Quartile,4 Bedroom,1500
Perth and Kinross,2023,Upper Quartile,4 Bedroom,1700
Renfrewshire / Inverclyde,2023,Upper Quartile,4 Bedroom,1750
Scottish Borders,2023,Upper Quartile,4 Bedroom,1600
South Lanarkshire,2023,Upper Quartile,4 Bedroom,1550
West Dunbartonshire,2023,Upper Quartile,4 Bedroom,1000
West Lothian,2023,Upper Quartile,4 Bedroom,1500
Scotland,2010,Lower Quartile,4 Bedroom,N/A
Aberdeen and Shire,2010,Lower Quartile,4 Bedroom,850
Argyll and Bute,2010,Lower Quartile,4 Bedroom,750
Ayrshires,2010,Lower Quartile,4 Bedroom,650
Dumfries and Galloway,2010,Lower Quartile,4 Bedroom,500
Dundee and Angus,2010,Lower Quartile,4 Bedroom,750
East Dunbartonshire,2010,Lower Quartile,4 Bedroom,900
Fife,2010,Lower Quartile,4 Bedroom,695
Forth Valley,2010,Lower Quartile,4 Bedroom,750
Greater Glasgow,2010,Lower Quartile,4 Bedroom,845
Highland and Islands,2010,Lower Quartile,4 Bedroom,650
Lothian,2010,Lower Quartile,4 Bedroom,1100
North Lanarkshire,2010,Lower Quartile,4 Bedroom,695
Perth and Kinross,2010,Lower Quartile,4 Bedroom,750
Renfrewshire / Inverclyde,2010,Lower Quartile,4 Bedroom,675
Scottish Borders,2010,Lower Quartile,4 Bedroom,595
South Lanarkshire,2010,Lower Quartile,4 Bedroom,750
West Dunbartonshire,2010,Lower Quartile,4 Bedroom,695
West Lothian,2010,Lower Quartile,4 Bedroom,750
Scotland,2011,Lower Quartile,4 Bedroom,N/A
Aberdeen and Shire,2011,Lower Quartile,4 Bedroom,850
Argyll and Bute,2011,Lower Quartile,4 Bedroom,725
Ayrshires,2011,Lower Quartile,4 Bedroom,650
Dumfries and Galloway,2011,Lower Quartile,4 Bedroom,550
Dundee and Angus,2011,Lower Quartile,4 Bedroom,780
East Dunbartonshire,2011,Lower Quartile,4 Bedroom,950
Fife,2011,Lower Quartile,4 Bedroom,750
Forth Valley,2011,Lower Quartile,4 Bedroom,732.5
Greater Glasgow,2011,Lower Quartile,4 Bedroom,875
Highland and Islands,2011,Lower Quartile,4 Bedroom,650
Lothian,2011,Lower Quartile,4 Bedroom,1045
North Lanarkshire,2011,Lower Quartile,4 Bedroom,695
Perth and Kinross,2011,Lower Quartile,4 Bedroom,750
Renfrewshire / Inverclyde,2011,Lower Quartile,4 Bedroom,775
Scottish Borders,2011,Lower Quartile,4 Bedroom,615
South Lanarkshire,2011,Lower Quartile,4 Bedroom,750
West Dunbartonshire,2011,Lower Quartile,4 Bedroom,700
West Lothian,2011,Lower Quartile,4 Bedroom,745
Scotland,2012,Lower Quartile,4 Bedroom,N/A
Aberdeen and Shire,2012,Lower Quartile,4 Bedroom,900
Argyll and Bute,2012,Lower Quartile,4 Bedroom,725
Ayrshires,2012,Lower Quartile,4 Bedroom,650
Dumfries and Galloway,2012,Lower Quartile,4 Bedroom,545
Dundee and Angus,2012,Lower Quartile,4 Bedroom,750
East Dunbartonshire,2012,Lower Quartile,4 Bedroom,900
Fife,2012,Lower Quartile,4 Bedroom,750
Forth Valley,2012,Lower Quartile,4 Bedroom,750
Greater Glasgow,2012,Lower Quartile,4 Bedroom,800
Highland and Islands,2012,Lower Quartile,4 Bedroom,650
Lothian,2012,Lower Quartile,4 Bedroom,1100
North Lanarkshire,2012,Lower Quartile,4 Bedroom,725
Perth and Kinross,2012,Lower Quartile,4 Bedroom,725
Renfrewshire / Inverclyde,2012,Lower Quartile,4 Bedroom,795
Scottish Borders,2012,Lower Quartile,4 Bedroom,600
South Lanarkshire,2012,Lower Quartile,4 Bedroom,795
West Dunbartonshire,2012,Lower Quartile,4 Bedroom,700
West Lothian,2012,Lower Quartile,4 Bedroom,750
Scotland,2013,Lower Quartile,4 Bedroom,N/A
Aberdeen and Shire,2013,Lower Quartile,4 Bedroom,1100
Argyll and Bute,2013,Lower Quartile,4 Bedroom,722.5
Ayrshires,2013,Lower Quartile,4 Bedroom,677.5
Dumfries and Galloway,2013,Lower Quartile,4 Bedroom,550
Dundee and Angus,2013,Lower Quartile,4 Bedroom,750
East Dunbartonshire,2013,Lower Quartile,4 Bedroom,950
Fife,2013,Lower Quartile,4 Bedroom,750
Forth Valley,2013,Lower Quartile,4 Bedroom,775
Greater Glasgow,2013,Lower Quartile,4 Bedroom,895
Highland and Islands,2013,Lower Quartile,4 Bedroom,650
Lothian,2013,Lower Quartile,4 Bedroom,1175
North Lanarkshire,2013,Lower Quartile,4 Bedroom,750
Perth and Kinross,2013,Lower Quartile,4 Bedroom,762.5
Renfrewshire / Inverclyde,2013,Lower Quartile,4 Bedroom,750
Scottish Borders,2013,Lower Quartile,4 Bedroom,595
South Lanarkshire,2013,Lower Quartile,4 Bedroom,750
West Dunbartonshire,2013,Lower Quartile,4 Bedroom,695
West Lothian,2013,Lower Quartile,4 Bedroom,795
Scotland,2014,Lower Quartile,4 Bedroom,N/A
Aberdeen and Shire,2014,Lower Quartile,4 Bedroom,1200
Argyll and Bute,2014,Lower Quartile,4 Bedroom,772.5
Ayrshires,2014,Lower Quartile,4 Bedroom,675
Dumfries and Galloway,2014,Lower Quartile,4 Bedroom,550
Dundee and Angus,2014,Lower Quartile,4 Bedroom,800
East Dunbartonshire,2014,Lower Quartile,4 Bedroom,922.5
Fife,2014,Lower Quartile,4 Bedroom,750
Forth Valley,2014,Lower Quartile,4 Bedroom,775
Greater Glasgow,2014,Lower Quartile,4 Bedroom,895
Highland and Islands,2014,Lower Quartile,4 Bedroom,675
Lothian,2014,Lower Quartile,4 Bedroom,1050
North Lanarkshire,2014,Lower Quartile,4 Bedroom,695
Perth and Kinross,2014,Lower Quartile,4 Bedroom,725
Renfrewshire / Inverclyde,2014,Lower Quartile,4 Bedroom,800
Scottish Borders,2014,Lower Quartile,4 Bedroom,600
South Lanarkshire,2014,Lower Quartile,4 Bedroom,800
West Dunbartonshire,2014,Lower Quartile,4 Bedroom,750
West Lothian,2014,Lower Quartile,4 Bedroom,795
Scotland,2015,Lower Quartile,4 Bedroom,N/A
Aberdeen and Shire,2015,Lower Quartile,4 Bedroom,1250
Argyll and Bute,2015,Lower Quartile,4 Bedroom,850
Ayrshires,2015,Lower Quartile,4 Bedroom,695
Dumfries and Galloway,2015,Lower Quartile,4 Bedroom,550
Dundee and Angus,2015,Lower Quartile,4 Bedroom,825
East Dunbartonshire,2015,Lower Quartile,4 Bedroom,950
Fife,2015,Lower Quartile,4 Bedroom,750
Forth Valley,2015,Lower Quartile,4 Bedroom,795
Greater Glasgow,2015,Lower Quartile,4 Bedroom,850
Highland and Islands,2015,Lower Quartile,4 Bedroom,695
Lothian,2015,Lower Quartile,4 Bedroom,1200
North Lanarkshire,2015,Lower Quartile,4 Bedroom,750
Perth and Kinross,2015,Lower Quartile,4 Bedroom,862.5
Renfrewshire / Inverclyde,2015,Lower Quartile,4 Bedroom,795
Scottish Borders,2015,Lower Quartile,4 Bedroom,675
South Lanarkshire,2015,Lower Quartile,4 Bedroom,825
West Dunbartonshire,2015,Lower Quartile,4 Bedroom,795
West Lothian,2015,Lower Quartile,4 Bedroom,810
Scotland,2016,Lower Quartile,4 Bedroom,N/A
Aberdeen and Shire,2016,Lower Quartile,4 Bedroom,1000
Argyll and Bute,2016,Lower Quartile,4 Bedroom,795
Ayrshires,2016,Lower Quartile,4 Bedroom,695
Dumfries and Galloway,2016,Lower Quartile,4 Bedroom,550
Dundee and Angus,2016,Lower Quartile,4 Bedroom,800
East Dunbartonshire,2016,Lower Quartile,4 Bedroom,962.5
Fife,2016,Lower Quartile,4 Bedroom,775
Forth Valley,2016,Lower Quartile,4 Bedroom,800
Greater Glasgow,2016,Lower Quartile,4 Bedroom,925
Highland and Islands,2016,Lower Quartile,4 Bedroom,695
Lothian,2016,Lower Quartile,4 Bedroom,1225
North Lanarkshire,2016,Lower Quartile,4 Bedroom,695
Perth and Kinross,2016,Lower Quartile,4 Bedroom,850
Renfrewshire / Inverclyde,2016,Lower Quartile,4 Bedroom,800
Scottish Borders,2016,Lower Quartile,4 Bedroom,600
South Lanarkshire,2016,Lower Quartile,4 Bedroom,812.5
West Dunbartonshire,2016,Lower Quartile,4 Bedroom,771.5
West Lothian,2016,Lower Quartile,4 Bedroom,825
Scotland,2017,Lower Quartile,4 Bedroom,N/A
Aberdeen and Shire,2017,Lower Quartile,4 Bedroom,950
Argyll and Bute,2017,Lower Quartile,4 Bedroom,700
Ayrshires,2017,Lower Quartile,4 Bedroom,700
Dumfries and Galloway,2017,Lower Quartile,4 Bedroom,550
Dundee and Angus,2017,Lower Quartile,4 Bedroom,850
East Dunbartonshire,2017,Lower Quartile,4 Bedroom,1200
Fife,2017,Lower Quartile,4 Bedroom,790
Forth Valley,2017,Lower Quartile,4 Bedroom,875
Greater Glasgow,2017,Lower Quartile,4 Bedroom,1150
Highland and Islands,2017,Lower Quartile,4 Bedroom,692.5
Lothian,2017,Lower Quartile,4 Bedroom,1275
North Lanarkshire,2017,Lower Quartile,4 Bedroom,662.5
Perth and Kinross,2017,Lower Quartile,4 Bedroom,900
Renfrewshire / Inverclyde,2017,Lower Quartile,4 Bedroom,850
Scottish Borders,2017,Lower Quartile,4 Bedroom,600
South Lanarkshire,2017,Lower Quartile,4 Bedroom,895
West Dunbartonshire,2017,Lower Quartile,4 Bedroom,795
West Lothian,2017,Lower Quartile,4 Bedroom,862.5
Scotland,2018,Lower Quartile,4 Bedroom,N/A
Aberdeen and Shire,2018,Lower Quartile,4 Bedroom,1000
Argyll and Bute,2018,Lower Quartile,4 Bedroom,750
Ayrshires,2018,Lower Quartile,4 Bedroom,695
Dumfries and Galloway,2018,Lower Quartile,4 Bedroom,500
Dundee and Angus,2018,Lower Quartile,4 Bedroom,900
East Dunbartonshire,2018,Lower Quartile,4 Bedroom,1150
Fife,2018,Lower Quartile,4 Bedroom,795
Forth Valley,2018,Lower Quartile,4 Bedroom,895
Greater Glasgow,2018,Lower Quartile,4 Bedroom,1200
Highland and Islands,2018,Lower Quartile,4 Bedroom,700
Lothian,2018,Lower Quartile,4 Bedroom,1625
North Lanarkshire,2018,Lower Quartile,4 Bedroom,725
Perth and Kinross,2018,Lower Quartile,4 Bedroom,872.5
Renfrewshire / Inverclyde,2018,Lower Quartile,4 Bedroom,850
Scottish Borders,2018,Lower Quartile,4 Bedroom,737.5
South Lanarkshire,2018,Lower Quartile,4 Bedroom,900
West Dunbartonshire,2018,Lower Quartile,4 Bedroom,695
West Lothian,2018,Lower Quartile,4 Bedroom,875
Scotland,2019,Lower Quartile,4 Bedroom,N/A
Aberdeen and Shire,2019,Lower Quartile,4 Bedroom,1000
Argyll and Bute,2019,Lower Quartile,4 Bedroom,825
Ayrshires,2019,Lower Quartile,4 Bedroom,650
Dumfries and Galloway,2019,Lower Quartile,4 Bedroom,625
Dundee and Angus,2019,Lower Quartile,4 Bedroom,1000
East Dunbartonshire,2019,Lower Quartile,4 Bedroom,1272.5
Fife,2019,Lower Quartile,4 Bedroom,800
Forth Valley,2019,Lower Quartile,4 Bedroom,925
Greater Glasgow,2019,Lower Quartile,4 Bedroom,1350
Highland and Islands,2019,Lower Quartile,4 Bedroom,750
Lothian,2019,Lower Quartile,4 Bedroom,1600
North Lanarkshire,2019,Lower Quartile,4 Bedroom,750
Perth and Kinross,2019,Lower Quartile,4 Bedroom,895
Renfrewshire / Inverclyde,2019,Lower Quartile,4 Bedroom,995
Scottish Borders,2019,Lower Quartile,4 Bedroom,800
South Lanarkshire,2019,Lower Quartile,4 Bedroom,900
West Dunbartonshire,2019,Lower Quartile,4 Bedroom,950
West Lothian,2019,Lower Quartile,4 Bedroom,950
Scotland,2020,Lower Quartile,4 Bedroom,N/A
Aberdeen and Shire,2020,Lower Quartile,4 Bedroom,985
Argyll and Bute,2020,Lower Quartile,4 Bedroom,900
Ayrshires,2020,Lower Quartile,4 Bedroom,625
Dumfries and Galloway,2020,Lower Quartile,4 Bedroom,650
Dundee and Angus,2020,Lower Quartile,4 Bedroom,1000
East Dunbartonshire,2020,Lower Quartile,4 Bedroom,1150
Fife,2020,Lower Quartile,4 Bedroom,755
Forth Valley,2020,Lower Quartile,4 Bedroom,950
Greater Glasgow,2020,Lower Quartile,4 Bedroom,1350
Highland and Islands,2020,Lower Quartile,4 Bedroom,750
Lothian,2020,Lower Quartile,4 Bedroom,1600
North Lanarkshire,2020,Lower Quartile,4 Bedroom,750
Perth and Kinross,2020,Lower Quartile,4 Bedroom,895
Renfrewshire / Inverclyde,2020,Lower Quartile,4 Bedroom,850
Scottish Borders,2020,Lower Quartile,4 Bedroom,750
South Lanarkshire,2020,Lower Quartile,4 Bedroom,895
West Dunbartonshire,2020,Lower Quartile,4 Bedroom,820
West Lothian,2020,Lower Quartile,4 Bedroom,950
Scotland,2021,Lower Quartile,4 Bedroom,N/A
Aberdeen and Shire,2021,Lower Quartile,4 Bedroom,1000
Argyll and Bute,2021,Lower Quartile,4 Bedroom,750
Ayrshires,2021,Lower Quartile,4 Bedroom,750
Dumfries and Galloway,2021,Lower Quartile,4 Bedroom,650
Dundee and Angus,2021,Lower Quartile,4 Bedroom,1000
East Dunbartonshire,2021,Lower Quartile,4 Bedroom,1295
Fife,2021,Lower Quartile,4 Bedroom,800
Forth Valley,2021,Lower Quartile,4 Bedroom,975
Greater Glasgow,2021,Lower Quartile,4 Bedroom,1350
Highland and Islands,2021,Lower Quartile,4 Bedroom,750
Lothian,2021,Lower Quartile,4 Bedroom,1600
North Lanarkshire,2021,Lower Quartile,4 Bedroom,750
Perth and Kinross,2021,Lower Quartile,4 Bedroom,800
Renfrewshire / Inverclyde,2021,Lower Quartile,4 Bedroom,995
Scottish Borders,2021,Lower Quartile,4 Bedroom,695
South Lanarkshire,2021,Lower Quartile,4 Bedroom,895
West Dunbartonshire,2021,Lower Quartile,4 Bedroom,900
West Lothian,2021,Lower Quartile,4 Bedroom,1000
Scotland,2022,Lower Quartile,4 Bedroom,N/A
Aberdeen and Shire,2022,Lower Quartile,4 Bedroom,1100
Argyll and Bute,2022,Lower Quartile,4 Bedroom,1300
Ayrshires,2022,Lower Quartile,4 Bedroom,650
Dumfries and Galloway,2022,Lower Quartile,4 Bedroom,660
Dundee and Angus,2022,Lower Quartile,4 Bedroom,1100
East Dunbartonshire,2022,Lower Quartile,4 Bedroom,1290
Fife,2022,Lower Quartile,4 Bedroom,995
Forth Valley,2022,Lower Quartile,4 Bedroom,1200
Greater Glasgow,2022,Lower Quartile,4 Bedroom,1395
Highland and Islands,2022,Lower Quartile,4 Bedroom,800
Lothian,2022,Lower Quartile,4 Bedroom,1695
North Lanarkshire,2022,Lower Quartile,4 Bedroom,750
Perth and Kinross,2022,Lower Quartile,4 Bedroom,950
Renfrewshire / Inverclyde,2022,Lower Quartile,4 Bedroom,995
Scottish Borders,2022,Lower Quartile,4 Bedroom,775
South Lanarkshire,2022,Lower Quartile,4 Bedroom,999
West Dunbartonshire,2022,Lower Quartile,4 Bedroom,950
West Lothian,2022,Lower Quartile,4 Bedroom,1100
Scotland,2023,Lower Quartile,4 Bedroom,N/A
Aberdeen and Shire,2023,Lower Quartile,4 Bedroom,1200
Argyll and Bute,2023,Lower Quartile,4 Bedroom,1200
Ayrshires,2023,Lower Quartile,4 Bedroom,750
Dumfries and Galloway,2023,Lower Quartile,4 Bedroom,650
Dundee and Angus,2023,Lower Quartile,4 Bedroom,1000
East Dunbartonshire,2023,Lower Quartile,4 Bedroom,1290
Fife,2023,Lower Quartile,4 Bedroom,1200
Forth Valley,2023,Lower Quartile,4 Bedroom,1250
Greater Glasgow,2023,Lower Quartile,4 Bedroom,1750
Highland and Islands,2023,Lower Quartile,4 Bedroom,847.5
Lothian,2023,Lower Quartile,4 Bedroom,2100
North Lanarkshire,2023,Lower Quartile,4 Bedroom,872.5
Perth and Kinross,2023,Lower Quartile,4 Bedroom,1200
Renfrewshire / Inverclyde,2023,Lower Quartile,4 Bedroom,995
Scottish Borders,2023,Lower Quartile,4 Bedroom,925
South Lanarkshire,2023,Lower Quartile,4 Bedroom,1081.5
West Dunbartonshire,2023,Lower Quartile,4 Bedroom,950
West Lothian,2023,Lower Quartile,4 Bedroom,1075
Scotland,2010,Number of Records,4 Bedroom,2049
Aberdeen and Shire,2010,Number of Records,4 Bedroom,123
Argyll and Bute,2010,Number of Records,4 Bedroom,32
Ayrshires,2010,Number of Records,4 Bedroom,119
Dumfries and Galloway,2010,Number of Records,4 Bedroom,65
Dundee and Angus,2010,Number of Records,4 Bedroom,71
East Dunbartonshire,2010,Number of Records,4 Bedroom,43
Fife,2010,Number of Records,4 Bedroom,106
Forth Valley,2010,Number of Records,4 Bedroom,130
Greater Glasgow,2010,Number of Records,4 Bedroom,219
Highland and Islands,2010,Number of Records,4 Bedroom,117
Lothian,2010,Number of Records,4 Bedroom,473
North Lanarkshire,2010,Number of Records,4 Bedroom,102
Perth and Kinross,2010,Number of Records,4 Bedroom,62
Renfrewshire / Inverclyde,2010,Number of Records,4 Bedroom,62
Scottish Borders,2010,Number of Records,4 Bedroom,82
South Lanarkshire,2010,Number of Records,4 Bedroom,144
West Dunbartonshire,2010,Number of Records,4 Bedroom,19
West Lothian,2010,Number of Records,4 Bedroom,80
Scotland,2011,Number of Records,4 Bedroom,2243
Aberdeen and Shire,2011,Number of Records,4 Bedroom,174
Argyll and Bute,2011,Number of Records,4 Bedroom,46
Ayrshires,2011,Number of Records,4 Bedroom,136
Dumfries and Galloway,2011,Number of Records,4 Bedroom,80
Dundee and Angus,2011,Number of Records,4 Bedroom,107
East Dunbartonshire,2011,Number of Records,4 Bedroom,51
Fife,2011,Number of Records,4 Bedroom,120
Forth Valley,2011,Number of Records,4 Bedroom,144
Greater Glasgow,2011,Number of Records,4 Bedroom,233
Highland and Islands,2011,Number of Records,4 Bedroom,170
Lothian,2011,Number of Records,4 Bedroom,406
North Lanarkshire,2011,Number of Records,4 Bedroom,97
Perth and Kinross,2011,Number of Records,4 Bedroom,78
Renfrewshire / Inverclyde,2011,Number of Records,4 Bedroom,100
Scottish Borders,2011,Number of Records,4 Bedroom,81
South Lanarkshire,2011,Number of Records,4 Bedroom,121
West Dunbartonshire,2011,Number of Records,4 Bedroom,25
West Lothian,2011,Number of Records,4 Bedroom,74
Scotland,2012,Number of Records,4 Bedroom,2357
Aberdeen and Shire,2012,Number of Records,4 Bedroom,239
Argyll and Bute,2012,Number of Records,4 Bedroom,51
Ayrshires,2012,Number of Records,4 Bedroom,108
Dumfries and Galloway,2012,Number of Records,4 Bedroom,80
Dundee and Angus,2012,Number of Records,4 Bedroom,121
East Dunbartonshire,2012,Number of Records,4 Bedroom,37
Fife,2012,Number of Records,4 Bedroom,185
Forth Valley,2012,Number of Records,4 Bedroom,114
Greater Glasgow,2012,Number of Records,4 Bedroom,227
Highland and Islands,2012,Number of Records,4 Bedroom,184
Lothian,2012,Number of Records,4 Bedroom,442
North Lanarkshire,2012,Number of Records,4 Bedroom,96
Perth and Kinross,2012,Number of Records,4 Bedroom,77
Renfrewshire / Inverclyde,2012,Number of Records,4 Bedroom,66
Scottish Borders,2012,Number of Records,4 Bedroom,94
South Lanarkshire,2012,Number of Records,4 Bedroom,158
West Dunbartonshire,2012,Number of Records,4 Bedroom,16
West Lothian,2012,Number of Records,4 Bedroom,62
Scotland,2013,Number of Records,4 Bedroom,1951
Aberdeen and Shire,2013,Number of Records,4 Bedroom,324
Argyll and Bute,2013,Number of Records,4 Bedroom,60
Ayrshires,2013,Number of Records,4 Bedroom,136
Dumfries and Galloway,2013,Number of Records,4 Bedroom,80
Dundee and Angus,2013,Number of Records,4 Bedroom,93
East Dunbartonshire,2013,Number of Records,4 Bedroom,48
Fife,2013,Number of Records,4 Bedroom,138
Forth Valley,2013,Number of Records,4 Bedroom,71
Greater Glasgow,2013,Number of Records,4 Bedroom,138
Highland and Islands,2013,Number of Records,4 Bedroom,128
Lothian,2013,Number of Records,4 Bedroom,264
North Lanarkshire,2013,Number of Records,4 Bedroom,66
Perth and Kinross,2013,Number of Records,4 Bedroom,76
Renfrewshire / Inverclyde,2013,Number of Records,4 Bedroom,81
Scottish Borders,2013,Number of Records,4 Bedroom,81
South Lanarkshire,2013,Number of Records,4 Bedroom,92
West Dunbartonshire,2013,Number of Records,4 Bedroom,12
West Lothian,2013,Number of Records,4 Bedroom,63
Scotland,2014,Number of Records,4 Bedroom,1799
Aberdeen and Shire,2014,Number of Records,4 Bedroom,293
Argyll and Bute,2014,Number of Records,4 Bedroom,36
Ayrshires,2014,Number of Records,4 Bedroom,115
Dumfries and Galloway,2014,Number of Records,4 Bedroom,65
Dundee and Angus,2014,Number of Records,4 Bedroom,107
East Dunbartonshire,2014,Number of Records,4 Bedroom,40
Fife,2014,Number of Records,4 Bedroom,168
Forth Valley,2014,Number of Records,4 Bedroom,73
Greater Glasgow,2014,Number of Records,4 Bedroom,130
Highland and Islands,2014,Number of Records,4 Bedroom,123
Lothian,2014,Number of Records,4 Bedroom,242
North Lanarkshire,2014,Number of Records,4 Bedroom,55
Perth and Kinross,2014,Number of Records,4 Bedroom,66
Renfrewshire / Inverclyde,2014,Number of Records,4 Bedroom,74
Scottish Borders,2014,Number of Records,4 Bedroom,73
South Lanarkshire,2014,Number of Records,4 Bedroom,70
West Dunbartonshire,2014,Number of Records,4 Bedroom,15
West Lothian,2014,Number of Records,4 Bedroom,54
Scotland,2015,Number of Records,4 Bedroom,1777
Aberdeen and Shire,2015,Number of Records,4 Bedroom,281
Argyll and Bute,2015,Number of Records,4 Bedroom,40
Ayrshires,2015,Number of Records,4 Bedroom,106
Dumfries and Galloway,2015,Number of Records,4 Bedroom,62
Dundee and Angus,2015,Number of Records,4 Bedroom,105
East Dunbartonshire,2015,Number of Records,4 Bedroom,46
Fife,2015,Number of Records,4 Bedroom,167
Forth Valley,2015,Number of Records,4 Bedroom,83
Greater Glasgow,2015,Number of Records,4 Bedroom,127
Highland and Islands,2015,Number of Records,4 Bedroom,129
Lothian,2015,Number of Records,4 Bedroom,229
North Lanarkshire,2015,Number of Records,4 Bedroom,62
Perth and Kinross,2015,Number of Records,4 Bedroom,52
Renfrewshire / Inverclyde,2015,Number of Records,4 Bedroom,95
Scottish Borders,2015,Number of Records,4 Bedroom,60
South Lanarkshire,2015,Number of Records,4 Bedroom,60
West Dunbartonshire,2015,Number of Records,4 Bedroom,13
West Lothian,2015,Number of Records,4 Bedroom,60
Scotland,2016,Number of Records,4 Bedroom,1607
Aberdeen and Shire,2016,Number of Records,4 Bedroom,275
Argyll and Bute,2016,Number of Records,4 Bedroom,44
Ayrshires,2016,Number of Records,4 Bedroom,101
Dumfries and Galloway,2016,Number of Records,4 Bedroom,62
Dundee and Angus,2016,Number of Records,4 Bedroom,85
East Dunbartonshire,2016,Number of Records,4 Bedroom,40
Fife,2016,Number of Records,4 Bedroom,151
Forth Valley,2016,Number of Records,4 Bedroom,100
Greater Glasgow,2016,Number of Records,4 Bedroom,123
Highland and Islands,2016,Number of Records,4 Bedroom,108
Lothian,2016,Number of Records,4 Bedroom,194
North Lanarkshire,2016,Number of Records,4 Bedroom,47
Perth and Kinross,2016,Number of Records,4 Bedroom,47
Renfrewshire / Inverclyde,2016,Number of Records,4 Bedroom,71
Scottish Borders,2016,Number of Records,4 Bedroom,41
South Lanarkshire,2016,Number of Records,4 Bedroom,60
West Dunbartonshire,2016,Number of Records,4 Bedroom,12
West Lothian,2016,Number of Records,4 Bedroom,46
Scotland,2017,Number of Records,4 Bedroom,1561
Aberdeen and Shire,2017,Number of Records,4 Bedroom,213
Argyll and Bute,2017,Number of Records,4 Bedroom,19
Ayrshires,2017,Number of Records,4 Bedroom,97
Dumfries and Galloway,2017,Number of Records,4 Bedroom,54
Dundee and Angus,2017,Number of Records,4 Bedroom,115
East Dunbartonshire,2017,Number of Records,4 Bedroom,42
Fife,2017,Number of Records,4 Bedroom,125
Forth Valley,2017,Number of Records,4 Bedroom,75
Greater Glasgow,2017,Number of Records,4 Bedroom,196
Highland and Islands,2017,Number of Records,4 Bedroom,100
Lothian,2017,Number of Records,4 Bedroom,177
North Lanarkshire,2017,Number of Records,4 Bedroom,60
Perth and Kinross,2017,Number of Records,4 Bedroom,38
Renfrewshire / Inverclyde,2017,Number of Records,4 Bedroom,59
Scottish Borders,2017,Number of Records,4 Bedroom,37
South Lanarkshire,2017,Number of Records,4 Bedroom,91
West Dunbartonshire,2017,Number of Records,4 Bedroom,15
West Lothian,2017,Number of Records,4 Bedroom,48
Scotland,2018,Number of Records,4 Bedroom,1694
Aberdeen and Shire,2018,Number of Records,4 Bedroom,263
Argyll and Bute,2018,Number of Records,4 Bedroom,26
Ayrshires,2018,Number of Records,4 Bedroom,101
Dumfries and Galloway,2018,Number of Records,4 Bedroom,31
Dundee and Angus,2018,Number of Records,4 Bedroom,95
East Dunbartonshire,2018,Number of Records,4 Bedroom,30
Fife,2018,Number of Records,4 Bedroom,112
Forth Valley,2018,Number of Records,4 Bedroom,78
Greater Glasgow,2018,Number of Records,4 Bedroom,210
Highland and Islands,2018,Number of Records,4 Bedroom,94
Lothian,2018,Number of Records,4 Bedroom,325
North Lanarkshire,2018,Number of Records,4 Bedroom,66
Perth and Kinross,2018,Number of Records,4 Bedroom,36
Renfrewshire / Inverclyde,2018,Number of Records,4 Bedroom,52
Scottish Borders,2018,Number of Records,4 Bedroom,40
South Lanarkshire,2018,Number of Records,4 Bedroom,83
West Dunbartonshire,2018,Number of Records,4 Bedroom,7
West Lothian,2018,Number of Records,4 Bedroom,45
Scotland,2019,Number of Records,4 Bedroom,1729
Aberdeen and Shire,2019,Number of Records,4 Bedroom,263
Argyll and Bute,2019,Number of Records,4 Bedroom,16
Ayrshires,2019,Number of Records,4 Bedroom,110
Dumfries and Galloway,2019,Number of Records,4 Bedroom,45
Dundee and Angus,2019,Number of Records,4 Bedroom,89
East Dunbartonshire,2019,Number of Records,4 Bedroom,36
Fife,2019,Number of Records,4 Bedroom,117
Forth Valley,2019,Number of Records,4 Bedroom,75
Greater Glasgow,2019,Number of Records,4 Bedroom,219
Highland and Islands,2019,Number of Records,4 Bedroom,90
Lothian,2019,Number of Records,4 Bedroom,327
North Lanarkshire,2019,Number of Records,4 Bedroom,71
Perth and Kinross,2019,Number of Records,4 Bedroom,36
Renfrewshire / Inverclyde,2019,Number of Records,4 Bedroom,61
Scottish Borders,2019,Number of Records,4 Bedroom,40
South Lanarkshire,2019,Number of Records,4 Bedroom,85
West Dunbartonshire,2019,Number of Records,4 Bedroom,6
West Lothian,2019,Number of Records,4 Bedroom,43
Scotland,2020,Number of Records,4 Bedroom,1705
Aberdeen and Shire,2020,Number of Records,4 Bedroom,245
Argyll and Bute,2020,Number of Records,4 Bedroom,20
Ayrshires,2020,Number of Records,4 Bedroom,99
Dumfries and Galloway,2020,Number of Records,4 Bedroom,38
Dundee and Angus,2020,Number of Records,4 Bedroom,105
East Dunbartonshire,2020,Number of Records,4 Bedroom,38
Fife,2020,Number of Records,4 Bedroom,87
Forth Valley,2020,Number of Records,4 Bedroom,56
Greater Glasgow,2020,Number of Records,4 Bedroom,188
Highland and Islands,2020,Number of Records,4 Bedroom,68
Lothian,2020,Number of Records,4 Bedroom,437
North Lanarkshire,2020,Number of Records,4 Bedroom,57
Perth and Kinross,2020,Number of Records,4 Bedroom,43
Renfrewshire / Inverclyde,2020,Number of Records,4 Bedroom,45
Scottish Borders,2020,Number of Records,4 Bedroom,35
South Lanarkshire,2020,Number of Records,4 Bedroom,88
West Dunbartonshire,2020,Number of Records,4 Bedroom,12
West Lothian,2020,Number of Records,4 Bedroom,44
Scotland,2021,Number of Records,4 Bedroom,1654
Aberdeen and Shire,2021,Number of Records,4 Bedroom,191
Argyll and Bute,2021,Number of Records,4 Bedroom,15
Ayrshires,2021,Number of Records,4 Bedroom,76
Dumfries and Galloway,2021,Number of Records,4 Bedroom,52
Dundee and Angus,2021,Number of Records,4 Bedroom,122
East Dunbartonshire,2021,Number of Records,4 Bedroom,20
Fife,2021,Number of Records,4 Bedroom,126
Forth Valley,2021,Number of Records,4 Bedroom,54
Greater Glasgow,2021,Number of Records,4 Bedroom,209
Highland and Islands,2021,Number of Records,4 Bedroom,65
Lothian,2021,Number of Records,4 Bedroom,450
North Lanarkshire,2021,Number of Records,4 Bedroom,44
Perth and Kinross,2021,Number of Records,4 Bedroom,56
Renfrewshire / Inverclyde,2021,Number of Records,4 Bedroom,30
Scottish Borders,2021,Number of Records,4 Bedroom,41
South Lanarkshire,2021,Number of Records,4 Bedroom,51
West Dunbartonshire,2021,Number of Records,4 Bedroom,10
West Lothian,2021,Number of Records,4 Bedroom,42
Scotland,2022,Number of Records,4 Bedroom,1774
Aberdeen and Shire,2022,Number of Records,4 Bedroom,178
Argyll and Bute,2022,Number of Records,4 Bedroom,13
Ayrshires,2022,Number of Records,4 Bedroom,86
Dumfries and Galloway,2022,Number of Records,4 Bedroom,29
Dundee and Angus,2022,Number of Records,4 Bedroom,105
East Dunbartonshire,2022,Number of Records,4 Bedroom,28
Fife,2022,Number of Records,4 Bedroom,104
Forth Valley,2022,Number of Records,4 Bedroom,91
Greater Glasgow,2022,Number of Records,4 Bedroom,215
Highland and Islands,2022,Number of Records,4 Bedroom,84
Lothian,2022,Number of Records,4 Bedroom,494
North Lanarkshire,2022,Number of Records,4 Bedroom,45
Perth and Kinross,2022,Number of Records,4 Bedroom,67
Renfrewshire / Inverclyde,2022,Number of Records,4 Bedroom,46
Scottish Borders,2022,Number of Records,4 Bedroom,58
South Lanarkshire,2022,Number of Records,4 Bedroom,59
West Dunbartonshire,2022,Number of Records,4 Bedroom,14
West Lothian,2022,Number of Records,4 Bedroom,58
Scotland,2023,Number of Records,4 Bedroom,2171
Aberdeen and Shire,2023,Number of Records,4 Bedroom,264
Argyll and Bute,2023,Number of Records,4 Bedroom,13
Ayrshires,2023,Number of Records,4 Bedroom,102
Dumfries and Galloway,2023,Number of Records,4 Bedroom,39
Dundee and Angus,2023,Number of Records,4 Bedroom,111
East Dunbartonshire,2023,Number of Records,4 Bedroom,49
Fife,2023,Number of Records,4 Bedroom,121
Forth Valley,2023,Number of Records,4 Bedroom,87
Greater Glasgow,2023,Number of Records,4 Bedroom,274
Highland and Islands,2023,Number of Records,4 Bedroom,104
Lothian,2023,Number of Records,4 Bedroom,583
North Lanarkshire,2023,Number of Records,4 Bedroom,52
Perth and Kinross,2023,Number of Records,4 Bedroom,79
Renfrewshire / Inverclyde,2023,Number of Records,4 Bedroom,57
Scottish Borders,2023,Number of Records,4 Bedroom,33
South Lanarkshire,2023,Number of Records,4 Bedroom,90
West Dunbartonshire,2023,Number of Records,4 Bedroom,13
West Lothian,2023,Number of Records,4 Bedroom,100
Scotland,2010,Mean,1 Bedroom Shared,305.4297302
Aberdeen and Shire,2010,Mean,1 Bedroom Shared,328.42
Argyll and Bute,2010,Mean,1 Bedroom Shared,315.6
Ayrshires,2010,Mean,1 Bedroom Shared,301.7
Dumfries and Galloway,2010,Mean,1 Bedroom Shared,277.88
Dundee and Angus,2010,Mean,1 Bedroom Shared,262.86
East Dunbartonshire,2010,Mean,1 Bedroom Shared,300.36
Fife,2010,Mean,1 Bedroom Shared,270.66
Forth Valley,2010,Mean,1 Bedroom Shared,275.63
Greater Glasgow,2010,Mean,1 Bedroom Shared,313.1
Highland and Islands,2010,Mean,1 Bedroom Shared,287.37
Lothian,2010,Mean,1 Bedroom Shared,319.85
North Lanarkshire,2010,Mean,1 Bedroom Shared,296.88
Perth and Kinross,2010,Mean,1 Bedroom Shared,261.86
Renfrewshire / Inverclyde,2010,Mean,1 Bedroom Shared,296.26
Scottish Borders,2010,Mean,1 Bedroom Shared,255.63
South Lanarkshire,2010,Mean,1 Bedroom Shared,309.07
West Dunbartonshire,2010,Mean,1 Bedroom Shared,288.89
West Lothian,2010,Mean,1 Bedroom Shared,278.75
Scotland,2011,Mean,1 Bedroom Shared,298.97795
Aberdeen and Shire,2011,Mean,1 Bedroom Shared,322.86
Argyll and Bute,2011,Mean,1 Bedroom Shared,318.41
Ayrshires,2011,Mean,1 Bedroom Shared,300.68
Dumfries and Galloway,2011,Mean,1 Bedroom Shared,274.11
Dundee and Angus,2011,Mean,1 Bedroom Shared,263.08
East Dunbartonshire,2011,Mean,1 Bedroom Shared,303.59
Fife,2011,Mean,1 Bedroom Shared,253.94
Forth Valley,2011,Mean,1 Bedroom Shared,278.14
Greater Glasgow,2011,Mean,1 Bedroom Shared,295.46
Highland and Islands,2011,Mean,1 Bedroom Shared,289.49
Lothian,2011,Mean,1 Bedroom Shared,313.86
North Lanarkshire,2011,Mean,1 Bedroom Shared,306.67
Perth and Kinross,2011,Mean,1 Bedroom Shared,267.89
Renfrewshire / Inverclyde,2011,Mean,1 Bedroom Shared,299.05
Scottish Borders,2011,Mean,1 Bedroom Shared,246.95
South Lanarkshire,2011,Mean,1 Bedroom Shared,290.62
West Dunbartonshire,2011,Mean,1 Bedroom Shared,300.15
West Lothian,2011,Mean,1 Bedroom Shared,274.61
Scotland,2012,Mean,1 Bedroom Shared,305.9111514
Aberdeen and Shire,2012,Mean,1 Bedroom Shared,338.34
Argyll and Bute,2012,Mean,1 Bedroom Shared,274.73
Ayrshires,2012,Mean,1 Bedroom Shared,301.73
Dumfries and Galloway,2012,Mean,1 Bedroom Shared,274.66
Dundee and Angus,2012,Mean,1 Bedroom Shared,269.83
East Dunbartonshire,2012,Mean,1 Bedroom Shared,338.4
Fife,2012,Mean,1 Bedroom Shared,292.26
Forth Valley,2012,Mean,1 Bedroom Shared,273.16
Greater Glasgow,2012,Mean,1 Bedroom Shared,312.28
Highland and Islands,2012,Mean,1 Bedroom Shared,279.29
Lothian,2012,Mean,1 Bedroom Shared,316.18
North Lanarkshire,2012,Mean,1 Bedroom Shared,297.25
Perth and Kinross,2012,Mean,1 Bedroom Shared,258.69
Renfrewshire / Inverclyde,2012,Mean,1 Bedroom Shared,290.55
Scottish Borders,2012,Mean,1 Bedroom Shared,244.81
South Lanarkshire,2012,Mean,1 Bedroom Shared,304
West Dunbartonshire,2012,Mean,1 Bedroom Shared,291.19
West Lothian,2012,Mean,1 Bedroom Shared,274.07
Scotland,2013,Mean,1 Bedroom Shared,318.2311643
Aberdeen and Shire,2013,Mean,1 Bedroom Shared,365.66
Argyll and Bute,2013,Mean,1 Bedroom Shared,280.18
Ayrshires,2013,Mean,1 Bedroom Shared,301.15
Dumfries and Galloway,2013,Mean,1 Bedroom Shared,272.17
Dundee and Angus,2013,Mean,1 Bedroom Shared,268.35
East Dunbartonshire,2013,Mean,1 Bedroom Shared,323.36
Fife,2013,Mean,1 Bedroom Shared,312.87
Forth Valley,2013,Mean,1 Bedroom Shared,284.89
Greater Glasgow,2013,Mean,1 Bedroom Shared,323.09
Highland and Islands,2013,Mean,1 Bedroom Shared,317.59
Lothian,2013,Mean,1 Bedroom Shared,327.84
North Lanarkshire,2013,Mean,1 Bedroom Shared,274.71
Perth and Kinross,2013,Mean,1 Bedroom Shared,275.49
Renfrewshire / Inverclyde,2013,Mean,1 Bedroom Shared,292.81
Scottish Borders,2013,Mean,1 Bedroom Shared,265.16
South Lanarkshire,2013,Mean,1 Bedroom Shared,292.51
West Dunbartonshire,2013,Mean,1 Bedroom Shared,286.21
West Lothian,2013,Mean,1 Bedroom Shared,287.04
Scotland,2014,Mean,1 Bedroom Shared,329.8433339
Aberdeen and Shire,2014,Mean,1 Bedroom Shared,401.77
Argyll and Bute,2014,Mean,1 Bedroom Shared,305.91
Ayrshires,2014,Mean,1 Bedroom Shared,289.5
Dumfries and Galloway,2014,Mean,1 Bedroom Shared,268.81
Dundee and Angus,2014,Mean,1 Bedroom Shared,274.42
East Dunbartonshire,2014,Mean,1 Bedroom Shared,322.2
Fife,2014,Mean,1 Bedroom Shared,312.33
Forth Valley,2014,Mean,1 Bedroom Shared,308.49
Greater Glasgow,2014,Mean,1 Bedroom Shared,346.23
Highland and Islands,2014,Mean,1 Bedroom Shared,290.83
Lothian,2014,Mean,1 Bedroom Shared,338.41
North Lanarkshire,2014,Mean,1 Bedroom Shared,296.1
Perth and Kinross,2014,Mean,1 Bedroom Shared,280.86
Renfrewshire / Inverclyde,2014,Mean,1 Bedroom Shared,291.26
Scottish Borders,2014,Mean,1 Bedroom Shared,262.9
South Lanarkshire,2014,Mean,1 Bedroom Shared,302.57
West Dunbartonshire,2014,Mean,1 Bedroom Shared,283.4
West Lothian,2014,Mean,1 Bedroom Shared,293.83
Scotland,2015,Mean,1 Bedroom Shared,344.2161379
Aberdeen and Shire,2015,Mean,1 Bedroom Shared,433.46
Argyll and Bute,2015,Mean,1 Bedroom Shared,319.23
Ayrshires,2015,Mean,1 Bedroom Shared,304.35
Dumfries and Galloway,2015,Mean,1 Bedroom Shared,277.7
Dundee and Angus,2015,Mean,1 Bedroom Shared,289.28
East Dunbartonshire,2015,Mean,1 Bedroom Shared,312.08
Fife,2015,Mean,1 Bedroom Shared,320.61
Forth Valley,2015,Mean,1 Bedroom Shared,307.52
Greater Glasgow,2015,Mean,1 Bedroom Shared,352.87
Highland and Islands,2015,Mean,1 Bedroom Shared,315.31
Lothian,2015,Mean,1 Bedroom Shared,351.08
North Lanarkshire,2015,Mean,1 Bedroom Shared,310.17
Perth and Kinross,2015,Mean,1 Bedroom Shared,294.54
Renfrewshire / Inverclyde,2015,Mean,1 Bedroom Shared,286.84
Scottish Borders,2015,Mean,1 Bedroom Shared,271.45
South Lanarkshire,2015,Mean,1 Bedroom Shared,325.39
West Dunbartonshire,2015,Mean,1 Bedroom Shared,315.55
West Lothian,2015,Mean,1 Bedroom Shared,298.56
Scotland,2016,Mean,1 Bedroom Shared,356.4089869
Aberdeen and Shire,2016,Mean,1 Bedroom Shared,404.11
Argyll and Bute,2016,Mean,1 Bedroom Shared,301.85
Ayrshires,2016,Mean,1 Bedroom Shared,335.13
Dumfries and Galloway,2016,Mean,1 Bedroom Shared,284.72
Dundee and Angus,2016,Mean,1 Bedroom Shared,295.72
East Dunbartonshire,2016,Mean,1 Bedroom Shared,324.78
Fife,2016,Mean,1 Bedroom Shared,367.97
Forth Valley,2016,Mean,1 Bedroom Shared,350.9
Greater Glasgow,2016,Mean,1 Bedroom Shared,372.15
Highland and Islands,2016,Mean,1 Bedroom Shared,319.81
Lothian,2016,Mean,1 Bedroom Shared,367.86
North Lanarkshire,2016,Mean,1 Bedroom Shared,319.96
Perth and Kinross,2016,Mean,1 Bedroom Shared,288.35
Renfrewshire / Inverclyde,2016,Mean,1 Bedroom Shared,304.03
Scottish Borders,2016,Mean,1 Bedroom Shared,270.22
South Lanarkshire,2016,Mean,1 Bedroom Shared,315.1
West Dunbartonshire,2016,Mean,1 Bedroom Shared,322.09
West Lothian,2016,Mean,1 Bedroom Shared,318.32
Scotland,2017,Mean,1 Bedroom Shared,363.3128712
Aberdeen and Shire,2017,Mean,1 Bedroom Shared,358.31
Argyll and Bute,2017,Mean,1 Bedroom Shared,300.83
Ayrshires,2017,Mean,1 Bedroom Shared,338.11
Dumfries and Galloway,2017,Mean,1 Bedroom Shared,291.95
Dundee and Angus,2017,Mean,1 Bedroom Shared,309.21
East Dunbartonshire,2017,Mean,1 Bedroom Shared,385.4
Fife,2017,Mean,1 Bedroom Shared,347.5
Forth Valley,2017,Mean,1 Bedroom Shared,357.06
Greater Glasgow,2017,Mean,1 Bedroom Shared,385.58
Highland and Islands,2017,Mean,1 Bedroom Shared,327.29
Lothian,2017,Mean,1 Bedroom Shared,390.14
North Lanarkshire,2017,Mean,1 Bedroom Shared,346.7
Perth and Kinross,2017,Mean,1 Bedroom Shared,307.91
Renfrewshire / Inverclyde,2017,Mean,1 Bedroom Shared,304.21
Scottish Borders,2017,Mean,1 Bedroom Shared,312.18
South Lanarkshire,2017,Mean,1 Bedroom Shared,371.17
West Dunbartonshire,2017,Mean,1 Bedroom Shared,331.01
West Lothian,2017,Mean,1 Bedroom Shared,331.66
Scotland,2018,Mean,1 Bedroom Shared,375.6770343
Aberdeen and Shire,2018,Mean,1 Bedroom Shared,354.17
Argyll and Bute,2018,Mean,1 Bedroom Shared,320.14
Ayrshires,2018,Mean,1 Bedroom Shared,358.67
Dumfries and Galloway,2018,Mean,1 Bedroom Shared,294.74
Dundee and Angus,2018,Mean,1 Bedroom Shared,332.03
East Dunbartonshire,2018,Mean,1 Bedroom Shared,346.63
Fife,2018,Mean,1 Bedroom Shared,371.67
Forth Valley,2018,Mean,1 Bedroom Shared,371.22
Greater Glasgow,2018,Mean,1 Bedroom Shared,385.53
Highland and Islands,2018,Mean,1 Bedroom Shared,371.08
Lothian,2018,Mean,1 Bedroom Shared,425.25
North Lanarkshire,2018,Mean,1 Bedroom Shared,330.78
Perth and Kinross,2018,Mean,1 Bedroom Shared,311.6
Renfrewshire / Inverclyde,2018,Mean,1 Bedroom Shared,308.77
Scottish Borders,2018,Mean,1 Bedroom Shared,356.99
South Lanarkshire,2018,Mean,1 Bedroom Shared,337.04
West Dunbartonshire,2018,Mean,1 Bedroom Shared,311.75
West Lothian,2018,Mean,1 Bedroom Shared,347.91
Scotland,2019,Mean,1 Bedroom Shared,390.1745152
Aberdeen and Shire,2019,Mean,1 Bedroom Shared,359.12
Argyll and Bute,2019,Mean,1 Bedroom Shared,373.89
Ayrshires,2019,Mean,1 Bedroom Shared,368.88
Dumfries and Galloway,2019,Mean,1 Bedroom Shared,283.11
Dundee and Angus,2019,Mean,1 Bedroom Shared,343.77
East Dunbartonshire,2019,Mean,1 Bedroom Shared,352.18
Fife,2019,Mean,1 Bedroom Shared,350.65
Forth Valley,2019,Mean,1 Bedroom Shared,345.06
Greater Glasgow,2019,Mean,1 Bedroom Shared,403.2
Highland and Islands,2019,Mean,1 Bedroom Shared,371.06
Lothian,2019,Mean,1 Bedroom Shared,460.15
North Lanarkshire,2019,Mean,1 Bedroom Shared,303.35
Perth and Kinross,2019,Mean,1 Bedroom Shared,312.34
Renfrewshire / Inverclyde,2019,Mean,1 Bedroom Shared,331.74
Scottish Borders,2019,Mean,1 Bedroom Shared,303.91
South Lanarkshire,2019,Mean,1 Bedroom Shared,334.1
West Dunbartonshire,2019,Mean,1 Bedroom Shared,332.59
West Lothian,2019,Mean,1 Bedroom Shared,336.79
Scotland,2020,Mean,1 Bedroom Shared,399.3798847
Aberdeen and Shire,2020,Mean,1 Bedroom Shared,360.06
Argyll and Bute,2020,Mean,1 Bedroom Shared,335.84
Ayrshires,2020,Mean,1 Bedroom Shared,357.54
Dumfries and Galloway,2020,Mean,1 Bedroom Shared,306.52
Dundee and Angus,2020,Mean,1 Bedroom Shared,331.22
East Dunbartonshire,2020,Mean,1 Bedroom Shared,356.46
Fife,2020,Mean,1 Bedroom Shared,388.07
Forth Valley,2020,Mean,1 Bedroom Shared,373.18
Greater Glasgow,2020,Mean,1 Bedroom Shared,409.84
Highland and Islands,2020,Mean,1 Bedroom Shared,380.94
Lothian,2020,Mean,1 Bedroom Shared,460.13
North Lanarkshire,2020,Mean,1 Bedroom Shared,319.68
Perth and Kinross,2020,Mean,1 Bedroom Shared,347.12
Renfrewshire / Inverclyde,2020,Mean,1 Bedroom Shared,356.54
Scottish Borders,2020,Mean,1 Bedroom Shared,330.4
South Lanarkshire,2020,Mean,1 Bedroom Shared,361.86
West Dunbartonshire,2020,Mean,1 Bedroom Shared,346.61
West Lothian,2020,Mean,1 Bedroom Shared,340.3
Scotland,2021,Mean,1 Bedroom Shared,397.7638983
Aberdeen and Shire,2021,Mean,1 Bedroom Shared,360.78
Argyll and Bute,2021,Mean,1 Bedroom Shared,381.17
Ayrshires,2021,Mean,1 Bedroom Shared,383.59
Dumfries and Galloway,2021,Mean,1 Bedroom Shared,332.25
Dundee and Angus,2021,Mean,1 Bedroom Shared,329.32
East Dunbartonshire,2021,Mean,1 Bedroom Shared,436.32
Fife,2021,Mean,1 Bedroom Shared,361.4
Forth Valley,2021,Mean,1 Bedroom Shared,357.06
Greater Glasgow,2021,Mean,1 Bedroom Shared,395.48
Highland and Islands,2021,Mean,1 Bedroom Shared,381.83
Lothian,2021,Mean,1 Bedroom Shared,470.29
North Lanarkshire,2021,Mean,1 Bedroom Shared,341.82
Perth and Kinross,2021,Mean,1 Bedroom Shared,320.47
Renfrewshire / Inverclyde,2021,Mean,1 Bedroom Shared,331.66
Scottish Borders,2021,Mean,1 Bedroom Shared,313.79
South Lanarkshire,2021,Mean,1 Bedroom Shared,401.3
West Dunbartonshire,2021,Mean,1 Bedroom Shared,357
West Lothian,2021,Mean,1 Bedroom Shared,334.37
Scotland,2022,Mean,1 Bedroom Shared,425.4999305
Aberdeen and Shire,2022,Mean,1 Bedroom Shared,361.05
Argyll and Bute,2022,Mean,1 Bedroom Shared,389.39
Ayrshires,2022,Mean,1 Bedroom Shared,399.59
Dumfries and Galloway,2022,Mean,1 Bedroom Shared,334.33
Dundee and Angus,2022,Mean,1 Bedroom Shared,358.98
East Dunbartonshire,2022,Mean,1 Bedroom Shared,420
Fife,2022,Mean,1 Bedroom Shared,392.29
Forth Valley,2022,Mean,1 Bedroom Shared,426.94
Greater Glasgow,2022,Mean,1 Bedroom Shared,428.4
Highland and Islands,2022,Mean,1 Bedroom Shared,416.58
Lothian,2022,Mean,1 Bedroom Shared,493.39
North Lanarkshire,2022,Mean,1 Bedroom Shared,376.52
Perth and Kinross,2022,Mean,1 Bedroom Shared,385.29
Renfrewshire / Inverclyde,2022,Mean,1 Bedroom Shared,370.45
Scottish Borders,2022,Mean,1 Bedroom Shared,357.44
South Lanarkshire,2022,Mean,1 Bedroom Shared,412.82
West Dunbartonshire,2022,Mean,1 Bedroom Shared,382.62
West Lothian,2022,Mean,1 Bedroom Shared,386.61
Scotland,2023,Mean,1 Bedroom Shared,489.8480934
Aberdeen and Shire,2023,Mean,1 Bedroom Shared,384.81
Argyll and Bute,2023,Mean,1 Bedroom Shared,418.84
Ayrshires,2023,Mean,1 Bedroom Shared,423.34
Dumfries and Galloway,2023,Mean,1 Bedroom Shared,398.33
Dundee and Angus,2023,Mean,1 Bedroom Shared,407.38
East Dunbartonshire,2023,Mean,1 Bedroom Shared,473.73
Fife,2023,Mean,1 Bedroom Shared,471.8
Forth Valley,2023,Mean,1 Bedroom Shared,501
Greater Glasgow,2023,Mean,1 Bedroom Shared,544.32
Highland and Islands,2023,Mean,1 Bedroom Shared,448.16
Lothian,2023,Mean,1 Bedroom Shared,528.95
North Lanarkshire,2023,Mean,1 Bedroom Shared,421.38
Perth and Kinross,2023,Mean,1 Bedroom Shared,414.89
Renfrewshire / Inverclyde,2023,Mean,1 Bedroom Shared,415.65
Scottish Borders,2023,Mean,1 Bedroom Shared,382.36
South Lanarkshire,2023,Mean,1 Bedroom Shared,461.51
West Dunbartonshire,2023,Mean,1 Bedroom Shared,436.63
West Lothian,2023,Mean,1 Bedroom Shared,479.86
Scotland,2010,Median,1 Bedroom Shared,N/A
Aberdeen and Shire,2010,Median,1 Bedroom Shared,335
Argyll and Bute,2010,Median,1 Bedroom Shared,320.33
Ayrshires,2010,Median,1 Bedroom Shared,300
Dumfries and Galloway,2010,Median,1 Bedroom Shared,285
Dundee and Angus,2010,Median,1 Bedroom Shared,250
East Dunbartonshire,2010,Median,1 Bedroom Shared,300
Fife,2010,Median,1 Bedroom Shared,255.67
Forth Valley,2010,Median,1 Bedroom Shared,285
Greater Glasgow,2010,Median,1 Bedroom Shared,300
Highland and Islands,2010,Median,1 Bedroom Shared,285
Lothian,2010,Median,1 Bedroom Shared,325
North Lanarkshire,2010,Median,1 Bedroom Shared,300
Perth and Kinross,2010,Median,1 Bedroom Shared,260
Renfrewshire / Inverclyde,2010,Median,1 Bedroom Shared,300
Scottish Borders,2010,Median,1 Bedroom Shared,260
South Lanarkshire,2010,Median,1 Bedroom Shared,300
West Dunbartonshire,2010,Median,1 Bedroom Shared,294
West Lothian,2010,Median,1 Bedroom Shared,285
Scotland,2011,Median,1 Bedroom Shared,N/A
Aberdeen and Shire,2011,Median,1 Bedroom Shared,325
Argyll and Bute,2011,Median,1 Bedroom Shared,324
Ayrshires,2011,Median,1 Bedroom Shared,298
Dumfries and Galloway,2011,Median,1 Bedroom Shared,275
Dundee and Angus,2011,Median,1 Bedroom Shared,260
East Dunbartonshire,2011,Median,1 Bedroom Shared,305
Fife,2011,Median,1 Bedroom Shared,250
Forth Valley,2011,Median,1 Bedroom Shared,275
Greater Glasgow,2011,Median,1 Bedroom Shared,300
Highland and Islands,2011,Median,1 Bedroom Shared,285
Lothian,2011,Median,1 Bedroom Shared,320
North Lanarkshire,2011,Median,1 Bedroom Shared,300
Perth and Kinross,2011,Median,1 Bedroom Shared,265
Renfrewshire / Inverclyde,2011,Median,1 Bedroom Shared,300
Scottish Borders,2011,Median,1 Bedroom Shared,250
South Lanarkshire,2011,Median,1 Bedroom Shared,285
West Dunbartonshire,2011,Median,1 Bedroom Shared,294
West Lothian,2011,Median,1 Bedroom Shared,281.67
Scotland,2012,Median,1 Bedroom Shared,N/A
Aberdeen and Shire,2012,Median,1 Bedroom Shared,340
Argyll and Bute,2012,Median,1 Bedroom Shared,281.66
Ayrshires,2012,Median,1 Bedroom Shared,300
Dumfries and Galloway,2012,Median,1 Bedroom Shared,275
Dundee and Angus,2012,Median,1 Bedroom Shared,265
East Dunbartonshire,2012,Median,1 Bedroom Shared,327.5
Fife,2012,Median,1 Bedroom Shared,285
Forth Valley,2012,Median,1 Bedroom Shared,275
Greater Glasgow,2012,Median,1 Bedroom Shared,302.5
Highland and Islands,2012,Median,1 Bedroom Shared,275
Lothian,2012,Median,1 Bedroom Shared,325
North Lanarkshire,2012,Median,1 Bedroom Shared,301.5
Perth and Kinross,2012,Median,1 Bedroom Shared,253.33
Renfrewshire / Inverclyde,2012,Median,1 Bedroom Shared,300
Scottish Borders,2012,Median,1 Bedroom Shared,244.17
South Lanarkshire,2012,Median,1 Bedroom Shared,300
West Dunbartonshire,2012,Median,1 Bedroom Shared,292.5
West Lothian,2012,Median,1 Bedroom Shared,275
Scotland,2013,Median,1 Bedroom Shared,N/A
Aberdeen and Shire,2013,Median,1 Bedroom Shared,350
Argyll and Bute,2013,Median,1 Bedroom Shared,301.67
Ayrshires,2013,Median,1 Bedroom Shared,286.5
Dumfries and Galloway,2013,Median,1 Bedroom Shared,265
Dundee and Angus,2013,Median,1 Bedroom Shared,273.34
East Dunbartonshire,2013,Median,1 Bedroom Shared,310
Fife,2013,Median,1 Bedroom Shared,303.33
Forth Valley,2013,Median,1 Bedroom Shared,275
Greater Glasgow,2013,Median,1 Bedroom Shared,320
Highland and Islands,2013,Median,1 Bedroom Shared,285.34
Lothian,2013,Median,1 Bedroom Shared,325
North Lanarkshire,2013,Median,1 Bedroom Shared,275
Perth and Kinross,2013,Median,1 Bedroom Shared,280
Renfrewshire / Inverclyde,2013,Median,1 Bedroom Shared,287.5
Scottish Borders,2013,Median,1 Bedroom Shared,250
South Lanarkshire,2013,Median,1 Bedroom Shared,300
West Dunbartonshire,2013,Median,1 Bedroom Shared,285
West Lothian,2013,Median,1 Bedroom Shared,275
Scotland,2014,Median,1 Bedroom Shared,N/A
Aberdeen and Shire,2014,Median,1 Bedroom Shared,400
Argyll and Bute,2014,Median,1 Bedroom Shared,303.33
Ayrshires,2014,Median,1 Bedroom Shared,276.66
Dumfries and Galloway,2014,Median,1 Bedroom Shared,271.67
Dundee and Angus,2014,Median,1 Bedroom Shared,275
East Dunbartonshire,2014,Median,1 Bedroom Shared,315
Fife,2014,Median,1 Bedroom Shared,304.17
Forth Valley,2014,Median,1 Bedroom Shared,305
Greater Glasgow,2014,Median,1 Bedroom Shared,325
Highland and Islands,2014,Median,1 Bedroom Shared,290
Lothian,2014,Median,1 Bedroom Shared,328
North Lanarkshire,2014,Median,1 Bedroom Shared,300
Perth and Kinross,2014,Median,1 Bedroom Shared,256.67
Renfrewshire / Inverclyde,2014,Median,1 Bedroom Shared,283.33
Scottish Borders,2014,Median,1 Bedroom Shared,251.67
South Lanarkshire,2014,Median,1 Bedroom Shared,300
West Dunbartonshire,2014,Median,1 Bedroom Shared,281.66
West Lothian,2014,Median,1 Bedroom Shared,285
Scotland,2015,Median,1 Bedroom Shared,N/A
Aberdeen and Shire,2015,Median,1 Bedroom Shared,407.5
Argyll and Bute,2015,Median,1 Bedroom Shared,325
Ayrshires,2015,Median,1 Bedroom Shared,300
Dumfries and Galloway,2015,Median,1 Bedroom Shared,281.81
Dundee and Angus,2015,Median,1 Bedroom Shared,290
East Dunbartonshire,2015,Median,1 Bedroom Shared,319.54
Fife,2015,Median,1 Bedroom Shared,316.07
Forth Valley,2015,Median,1 Bedroom Shared,300
Greater Glasgow,2015,Median,1 Bedroom Shared,335
Highland and Islands,2015,Median,1 Bedroom Shared,300
Lothian,2015,Median,1 Bedroom Shared,350
North Lanarkshire,2015,Median,1 Bedroom Shared,300
Perth and Kinross,2015,Median,1 Bedroom Shared,291.07
Renfrewshire / Inverclyde,2015,Median,1 Bedroom Shared,294.35
Scottish Borders,2015,Median,1 Bedroom Shared,250.89
South Lanarkshire,2015,Median,1 Bedroom Shared,325
West Dunbartonshire,2015,Median,1 Bedroom Shared,305
West Lothian,2015,Median,1 Bedroom Shared,300
Scotland,2016,Median,1 Bedroom Shared,N/A
Aberdeen and Shire,2016,Median,1 Bedroom Shared,400
Argyll and Bute,2016,Median,1 Bedroom Shared,316.07
Ayrshires,2016,Median,1 Bedroom Shared,325.89
Dumfries and Galloway,2016,Median,1 Bedroom Shared,282.5
Dundee and Angus,2016,Median,1 Bedroom Shared,300
East Dunbartonshire,2016,Median,1 Bedroom Shared,325
Fife,2016,Median,1 Bedroom Shared,351.92
Forth Valley,2016,Median,1 Bedroom Shared,333
Greater Glasgow,2016,Median,1 Bedroom Shared,350
Highland and Islands,2016,Median,1 Bedroom Shared,306.4
Lothian,2016,Median,1 Bedroom Shared,375
North Lanarkshire,2016,Median,1 Bedroom Shared,325
Perth and Kinross,2016,Median,1 Bedroom Shared,291.07
Renfrewshire / Inverclyde,2016,Median,1 Bedroom Shared,300
Scottish Borders,2016,Median,1 Bedroom Shared,250
South Lanarkshire,2016,Median,1 Bedroom Shared,309.68
West Dunbartonshire,2016,Median,1 Bedroom Shared,305
West Lothian,2016,Median,1 Bedroom Shared,325
Scotland,2017,Median,1 Bedroom Shared,N/A
Aberdeen and Shire,2017,Median,1 Bedroom Shared,350
Argyll and Bute,2017,Median,1 Bedroom Shared,294.35
Ayrshires,2017,Median,1 Bedroom Shared,337.79
Dumfries and Galloway,2017,Median,1 Bedroom Shared,287.5
Dundee and Angus,2017,Median,1 Bedroom Shared,290
East Dunbartonshire,2017,Median,1 Bedroom Shared,375
Fife,2017,Median,1 Bedroom Shared,348.04
Forth Valley,2017,Median,1 Bedroom Shared,340
Greater Glasgow,2017,Median,1 Bedroom Shared,375
Highland and Islands,2017,Median,1 Bedroom Shared,300
Lothian,2017,Median,1 Bedroom Shared,385
North Lanarkshire,2017,Median,1 Bedroom Shared,334
Perth and Kinross,2017,Median,1 Bedroom Shared,300
Renfrewshire / Inverclyde,2017,Median,1 Bedroom Shared,300
Scottish Borders,2017,Median,1 Bedroom Shared,275
South Lanarkshire,2017,Median,1 Bedroom Shared,325
West Dunbartonshire,2017,Median,1 Bedroom Shared,325
West Lothian,2017,Median,1 Bedroom Shared,325
Scotland,2018,Median,1 Bedroom Shared,N/A
Aberdeen and Shire,2018,Median,1 Bedroom Shared,350
Argyll and Bute,2018,Median,1 Bedroom Shared,304.68
Ayrshires,2018,Median,1 Bedroom Shared,359.52
Dumfries and Galloway,2018,Median,1 Bedroom Shared,291.07
Dundee and Angus,2018,Median,1 Bedroom Shared,315
East Dunbartonshire,2018,Median,1 Bedroom Shared,337.79
Fife,2018,Median,1 Bedroom Shared,359.52
Forth Valley,2018,Median,1 Bedroom Shared,359.52
Greater Glasgow,2018,Median,1 Bedroom Shared,375
Highland and Islands,2018,Median,1 Bedroom Shared,337.8
Lothian,2018,Median,1 Bedroom Shared,424.85
North Lanarkshire,2018,Median,1 Bedroom Shared,325
Perth and Kinross,2018,Median,1 Bedroom Shared,300
Renfrewshire / Inverclyde,2018,Median,1 Bedroom Shared,300
Scottish Borders,2018,Median,1 Bedroom Shared,294.35
South Lanarkshire,2018,Median,1 Bedroom Shared,322.5
West Dunbartonshire,2018,Median,1 Bedroom Shared,300
West Lothian,2018,Median,1 Bedroom Shared,359.52
Scotland,2019,Median,1 Bedroom Shared,N/A
Aberdeen and Shire,2019,Median,1 Bedroom Shared,359.52
Argyll and Bute,2019,Median,1 Bedroom Shared,350.63
Ayrshires,2019,Median,1 Bedroom Shared,359.52
Dumfries and Galloway,2019,Median,1 Bedroom Shared,280
Dundee and Angus,2019,Median,1 Bedroom Shared,330
East Dunbartonshire,2019,Median,1 Bedroom Shared,325.89
Fife,2019,Median,1 Bedroom Shared,334.52
Forth Valley,2019,Median,1 Bedroom Shared,340
Greater Glasgow,2019,Median,1 Bedroom Shared,400
Highland and Islands,2019,Median,1 Bedroom Shared,350
Lothian,2019,Median,1 Bedroom Shared,450
North Lanarkshire,2019,Median,1 Bedroom Shared,310
Perth and Kinross,2019,Median,1 Bedroom Shared,305
Renfrewshire / Inverclyde,2019,Median,1 Bedroom Shared,325
Scottish Borders,2019,Median,1 Bedroom Shared,305
South Lanarkshire,2019,Median,1 Bedroom Shared,325
West Dunbartonshire,2019,Median,1 Bedroom Shared,350
West Lothian,2019,Median,1 Bedroom Shared,325
Scotland,2020,Median,1 Bedroom Shared,N/A
Aberdeen and Shire,2020,Median,1 Bedroom Shared,350
Argyll and Bute,2020,Median,1 Bedroom Shared,325
Ayrshires,2020,Median,1 Bedroom Shared,359.52
Dumfries and Galloway,2020,Median,1 Bedroom Shared,310.54
Dundee and Angus,2020,Median,1 Bedroom Shared,325
East Dunbartonshire,2020,Median,1 Bedroom Shared,341
Fife,2020,Median,1 Bedroom Shared,359.52
Forth Valley,2020,Median,1 Bedroom Shared,360
Greater Glasgow,2020,Median,1 Bedroom Shared,410
Highland and Islands,2020,Median,1 Bedroom Shared,365
Lothian,2020,Median,1 Bedroom Shared,450
North Lanarkshire,2020,Median,1 Bedroom Shared,320
Perth and Kinross,2020,Median,1 Bedroom Shared,325
Renfrewshire / Inverclyde,2020,Median,1 Bedroom Shared,350
Scottish Borders,2020,Median,1 Bedroom Shared,317.5
South Lanarkshire,2020,Median,1 Bedroom Shared,334.52
West Dunbartonshire,2020,Median,1 Bedroom Shared,350
West Lothian,2020,Median,1 Bedroom Shared,333.33
Scotland,2021,Median,1 Bedroom Shared,N/A
Aberdeen and Shire,2021,Median,1 Bedroom Shared,350
Argyll and Bute,2021,Median,1 Bedroom Shared,367.26
Ayrshires,2021,Median,1 Bedroom Shared,359.52
Dumfries and Galloway,2021,Median,1 Bedroom Shared,330
Dundee and Angus,2021,Median,1 Bedroom Shared,325
East Dunbartonshire,2021,Median,1 Bedroom Shared,472.5
Fife,2021,Median,1 Bedroom Shared,354.76
Forth Valley,2021,Median,1 Bedroom Shared,360.76
Greater Glasgow,2021,Median,1 Bedroom Shared,400
Highland and Islands,2021,Median,1 Bedroom Shared,359.52
Lothian,2021,Median,1 Bedroom Shared,470
North Lanarkshire,2021,Median,1 Bedroom Shared,325
Perth and Kinross,2021,Median,1 Bedroom Shared,316.07
Renfrewshire / Inverclyde,2021,Median,1 Bedroom Shared,310
Scottish Borders,2021,Median,1 Bedroom Shared,318.33
South Lanarkshire,2021,Median,1 Bedroom Shared,375
West Dunbartonshire,2021,Median,1 Bedroom Shared,360
West Lothian,2021,Median,1 Bedroom Shared,333.5
Scotland,2022,Median,1 Bedroom Shared,N/A
Aberdeen and Shire,2022,Median,1 Bedroom Shared,350
Argyll and Bute,2022,Median,1 Bedroom Shared,375
Ayrshires,2022,Median,1 Bedroom Shared,391.07
Dumfries and Galloway,2022,Median,1 Bedroom Shared,340
Dundee and Angus,2022,Median,1 Bedroom Shared,350
East Dunbartonshire,2022,Median,1 Bedroom Shared,400
Fife,2022,Median,1 Bedroom Shared,364.76
Forth Valley,2022,Median,1 Bedroom Shared,415
Greater Glasgow,2022,Median,1 Bedroom Shared,410
Highland and Islands,2022,Median,1 Bedroom Shared,400
Lothian,2022,Median,1 Bedroom Shared,480
North Lanarkshire,2022,Median,1 Bedroom Shared,350
Perth and Kinross,2022,Median,1 Bedroom Shared,380
Renfrewshire / Inverclyde,2022,Median,1 Bedroom Shared,325
Scottish Borders,2022,Median,1 Bedroom Shared,335
South Lanarkshire,2022,Median,1 Bedroom Shared,377.98
West Dunbartonshire,2022,Median,1 Bedroom Shared,359
West Lothian,2022,Median,1 Bedroom Shared,359.76
Scotland,2023,Median,1 Bedroom Shared,N/A
Aberdeen and Shire,2023,Median,1 Bedroom Shared,375
Argyll and Bute,2023,Median,1 Bedroom Shared,397.5
Ayrshires,2023,Median,1 Bedroom Shared,425
Dumfries and Galloway,2023,Median,1 Bedroom Shared,386.67
Dundee and Angus,2023,Median,1 Bedroom Shared,400
East Dunbartonshire,2023,Median,1 Bedroom Shared,475
Fife,2023,Median,1 Bedroom Shared,425
Forth Valley,2023,Median,1 Bedroom Shared,455.84
Greater Glasgow,2023,Median,1 Bedroom Shared,525
Highland and Islands,2023,Median,1 Bedroom Shared,421.43
Lothian,2023,Median,1 Bedroom Shared,527.51
North Lanarkshire,2023,Median,1 Bedroom Shared,400
Perth and Kinross,2023,Median,1 Bedroom Shared,405
Renfrewshire / Inverclyde,2023,Median,1 Bedroom Shared,380
Scottish Borders,2023,Median,1 Bedroom Shared,377.5
South Lanarkshire,2023,Median,1 Bedroom Shared,418.15
West Dunbartonshire,2023,Median,1 Bedroom Shared,450
West Lothian,2023,Median,1 Bedroom Shared,465
Scotland,2010,Upper Quartile,1 Bedroom Shared,N/A
Aberdeen and Shire,2010,Upper Quartile,1 Bedroom Shared,360
Argyll and Bute,2010,Upper Quartile,1 Bedroom Shared,333
Ayrshires,2010,Upper Quartile,1 Bedroom Shared,324
Dumfries and Galloway,2010,Upper Quartile,1 Bedroom Shared,299.99
Dundee and Angus,2010,Upper Quartile,1 Bedroom Shared,300
East Dunbartonshire,2010,Upper Quartile,1 Bedroom Shared,324
Fife,2010,Upper Quartile,1 Bedroom Shared,281.67
Forth Valley,2010,Upper Quartile,1 Bedroom Shared,300
Greater Glasgow,2010,Upper Quartile,1 Bedroom Shared,345
Highland and Islands,2010,Upper Quartile,1 Bedroom Shared,310
Lothian,2010,Upper Quartile,1 Bedroom Shared,350
North Lanarkshire,2010,Upper Quartile,1 Bedroom Shared,320.33
Perth and Kinross,2010,Upper Quartile,1 Bedroom Shared,285
Renfrewshire / Inverclyde,2010,Upper Quartile,1 Bedroom Shared,330
Scottish Borders,2010,Upper Quartile,1 Bedroom Shared,280
South Lanarkshire,2010,Upper Quartile,1 Bedroom Shared,320.67
West Dunbartonshire,2010,Upper Quartile,1 Bedroom Shared,344
West Lothian,2010,Upper Quartile,1 Bedroom Shared,315
Scotland,2011,Upper Quartile,1 Bedroom Shared,N/A
Aberdeen and Shire,2011,Upper Quartile,1 Bedroom Shared,355
Argyll and Bute,2011,Upper Quartile,1 Bedroom Shared,340
Ayrshires,2011,Upper Quartile,1 Bedroom Shared,324
Dumfries and Galloway,2011,Upper Quartile,1 Bedroom Shared,290
Dundee and Angus,2011,Upper Quartile,1 Bedroom Shared,290
East Dunbartonshire,2011,Upper Quartile,1 Bedroom Shared,335
Fife,2011,Upper Quartile,1 Bedroom Shared,275
Forth Valley,2011,Upper Quartile,1 Bedroom Shared,297.5
Greater Glasgow,2011,Upper Quartile,1 Bedroom Shared,325
Highland and Islands,2011,Upper Quartile,1 Bedroom Shared,320
Lothian,2011,Upper Quartile,1 Bedroom Shared,341.47
North Lanarkshire,2011,Upper Quartile,1 Bedroom Shared,349
Perth and Kinross,2011,Upper Quartile,1 Bedroom Shared,300
Renfrewshire / Inverclyde,2011,Upper Quartile,1 Bedroom Shared,324
Scottish Borders,2011,Upper Quartile,1 Bedroom Shared,260
South Lanarkshire,2011,Upper Quartile,1 Bedroom Shared,303
West Dunbartonshire,2011,Upper Quartile,1 Bedroom Shared,315
West Lothian,2011,Upper Quartile,1 Bedroom Shared,304.17
Scotland,2012,Upper Quartile,1 Bedroom Shared,N/A
Aberdeen and Shire,2012,Upper Quartile,1 Bedroom Shared,375
Argyll and Bute,2012,Upper Quartile,1 Bedroom Shared,325
Ayrshires,2012,Upper Quartile,1 Bedroom Shared,325
Dumfries and Galloway,2012,Upper Quartile,1 Bedroom Shared,305
Dundee and Angus,2012,Upper Quartile,1 Bedroom Shared,300
East Dunbartonshire,2012,Upper Quartile,1 Bedroom Shared,368.33
Fife,2012,Upper Quartile,1 Bedroom Shared,325
Forth Valley,2012,Upper Quartile,1 Bedroom Shared,300
Greater Glasgow,2012,Upper Quartile,1 Bedroom Shared,350
Highland and Islands,2012,Upper Quartile,1 Bedroom Shared,300
Lothian,2012,Upper Quartile,1 Bedroom Shared,350
North Lanarkshire,2012,Upper Quartile,1 Bedroom Shared,329
Perth and Kinross,2012,Upper Quartile,1 Bedroom Shared,283
Renfrewshire / Inverclyde,2012,Upper Quartile,1 Bedroom Shared,320
Scottish Borders,2012,Upper Quartile,1 Bedroom Shared,268.67
South Lanarkshire,2012,Upper Quartile,1 Bedroom Shared,320
West Dunbartonshire,2012,Upper Quartile,1 Bedroom Shared,325
West Lothian,2012,Upper Quartile,1 Bedroom Shared,295
Scotland,2013,Upper Quartile,1 Bedroom Shared,N/A
Aberdeen and Shire,2013,Upper Quartile,1 Bedroom Shared,400
Argyll and Bute,2013,Upper Quartile,1 Bedroom Shared,325
Ayrshires,2013,Upper Quartile,1 Bedroom Shared,325
Dumfries and Galloway,2013,Upper Quartile,1 Bedroom Shared,293.8
Dundee and Angus,2013,Upper Quartile,1 Bedroom Shared,300
East Dunbartonshire,2013,Upper Quartile,1 Bedroom Shared,376.66
Fife,2013,Upper Quartile,1 Bedroom Shared,336.5
Forth Valley,2013,Upper Quartile,1 Bedroom Shared,315.47
Greater Glasgow,2013,Upper Quartile,1 Bedroom Shared,350
Highland and Islands,2013,Upper Quartile,1 Bedroom Shared,311.67
Lothian,2013,Upper Quartile,1 Bedroom Shared,366.33
North Lanarkshire,2013,Upper Quartile,1 Bedroom Shared,300
Perth and Kinross,2013,Upper Quartile,1 Bedroom Shared,300
Renfrewshire / Inverclyde,2013,Upper Quartile,1 Bedroom Shared,315
Scottish Borders,2013,Upper Quartile,1 Bedroom Shared,290
South Lanarkshire,2013,Upper Quartile,1 Bedroom Shared,317.5
West Dunbartonshire,2013,Upper Quartile,1 Bedroom Shared,303.33
West Lothian,2013,Upper Quartile,1 Bedroom Shared,325
Scotland,2014,Upper Quartile,1 Bedroom Shared,N/A
Aberdeen and Shire,2014,Upper Quartile,1 Bedroom Shared,450
Argyll and Bute,2014,Upper Quartile,1 Bedroom Shared,334.52
Ayrshires,2014,Upper Quartile,1 Bedroom Shared,315
Dumfries and Galloway,2014,Upper Quartile,1 Bedroom Shared,285
Dundee and Angus,2014,Upper Quartile,1 Bedroom Shared,300
East Dunbartonshire,2014,Upper Quartile,1 Bedroom Shared,341.67
Fife,2014,Upper Quartile,1 Bedroom Shared,350
Forth Valley,2014,Upper Quartile,1 Bedroom Shared,354.17
Greater Glasgow,2014,Upper Quartile,1 Bedroom Shared,400
Highland and Islands,2014,Upper Quartile,1 Bedroom Shared,318.33
Lothian,2014,Upper Quartile,1 Bedroom Shared,375
North Lanarkshire,2014,Upper Quartile,1 Bedroom Shared,325
Perth and Kinross,2014,Upper Quartile,1 Bedroom Shared,300
Renfrewshire / Inverclyde,2014,Upper Quartile,1 Bedroom Shared,325
Scottish Borders,2014,Upper Quartile,1 Bedroom Shared,300
South Lanarkshire,2014,Upper Quartile,1 Bedroom Shared,325
West Dunbartonshire,2014,Upper Quartile,1 Bedroom Shared,305
West Lothian,2014,Upper Quartile,1 Bedroom Shared,325
Scotland,2015,Upper Quartile,1 Bedroom Shared,N/A
Aberdeen and Shire,2015,Upper Quartile,1 Bedroom Shared,500
Argyll and Bute,2015,Upper Quartile,1 Bedroom Shared,347.62
Ayrshires,2015,Upper Quartile,1 Bedroom Shared,333
Dumfries and Galloway,2015,Upper Quartile,1 Bedroom Shared,305
Dundee and Angus,2015,Upper Quartile,1 Bedroom Shared,320
East Dunbartonshire,2015,Upper Quartile,1 Bedroom Shared,325
Fife,2015,Upper Quartile,1 Bedroom Shared,355
Forth Valley,2015,Upper Quartile,1 Bedroom Shared,350
Greater Glasgow,2015,Upper Quartile,1 Bedroom Shared,400
Highland and Islands,2015,Upper Quartile,1 Bedroom Shared,334.52
Lothian,2015,Upper Quartile,1 Bedroom Shared,395
North Lanarkshire,2015,Upper Quartile,1 Bedroom Shared,338.81
Perth and Kinross,2015,Upper Quartile,1 Bedroom Shared,330
Renfrewshire / Inverclyde,2015,Upper Quartile,1 Bedroom Shared,320
Scottish Borders,2015,Upper Quartile,1 Bedroom Shared,300
South Lanarkshire,2015,Upper Quartile,1 Bedroom Shared,359.52
West Dunbartonshire,2015,Upper Quartile,1 Bedroom Shared,359.52
West Lothian,2015,Upper Quartile,1 Bedroom Shared,355
Scotland,2016,Upper Quartile,1 Bedroom Shared,N/A
Aberdeen and Shire,2016,Upper Quartile,1 Bedroom Shared,450
Argyll and Bute,2016,Upper Quartile,1 Bedroom Shared,325
Ayrshires,2016,Upper Quartile,1 Bedroom Shared,359.52
Dumfries and Galloway,2016,Upper Quartile,1 Bedroom Shared,305
Dundee and Angus,2016,Upper Quartile,1 Bedroom Shared,320
East Dunbartonshire,2016,Upper Quartile,1 Bedroom Shared,375
Fife,2016,Upper Quartile,1 Bedroom Shared,409.66
Forth Valley,2016,Upper Quartile,1 Bedroom Shared,375
Greater Glasgow,2016,Upper Quartile,1 Bedroom Shared,425
Highland and Islands,2016,Upper Quartile,1 Bedroom Shared,350
Lothian,2016,Upper Quartile,1 Bedroom Shared,425
North Lanarkshire,2016,Upper Quartile,1 Bedroom Shared,359.52
Perth and Kinross,2016,Upper Quartile,1 Bedroom Shared,300
Renfrewshire / Inverclyde,2016,Upper Quartile,1 Bedroom Shared,330
Scottish Borders,2016,Upper Quartile,1 Bedroom Shared,294.35
South Lanarkshire,2016,Upper Quartile,1 Bedroom Shared,350
West Dunbartonshire,2016,Upper Quartile,1 Bedroom Shared,359.52
West Lothian,2016,Upper Quartile,1 Bedroom Shared,359.52
Scotland,2017,Upper Quartile,1 Bedroom Shared,N/A
Aberdeen and Shire,2017,Upper Quartile,1 Bedroom Shared,400
Argyll and Bute,2017,Upper Quartile,1 Bedroom Shared,345
Ayrshires,2017,Upper Quartile,1 Bedroom Shared,359.52
Dumfries and Galloway,2017,Upper Quartile,1 Bedroom Shared,334.52
Dundee and Angus,2017,Upper Quartile,1 Bedroom Shared,340
East Dunbartonshire,2017,Upper Quartile,1 Bedroom Shared,425
Fife,2017,Upper Quartile,1 Bedroom Shared,379.52
Forth Valley,2017,Upper Quartile,1 Bedroom Shared,385
Greater Glasgow,2017,Upper Quartile,1 Bedroom Shared,434.52
Highland and Islands,2017,Upper Quartile,1 Bedroom Shared,375
Lothian,2017,Upper Quartile,1 Bedroom Shared,446.43
North Lanarkshire,2017,Upper Quartile,1 Bedroom Shared,367.26
Perth and Kinross,2017,Upper Quartile,1 Bedroom Shared,325
Renfrewshire / Inverclyde,2017,Upper Quartile,1 Bedroom Shared,337.79
Scottish Borders,2017,Upper Quartile,1 Bedroom Shared,359.52
South Lanarkshire,2017,Upper Quartile,1 Bedroom Shared,405
West Dunbartonshire,2017,Upper Quartile,1 Bedroom Shared,375
West Lothian,2017,Upper Quartile,1 Bedroom Shared,359.52
Scotland,2018,Upper Quartile,1 Bedroom Shared,N/A
Aberdeen and Shire,2018,Upper Quartile,1 Bedroom Shared,400
Argyll and Bute,2018,Upper Quartile,1 Bedroom Shared,367.5
Ayrshires,2018,Upper Quartile,1 Bedroom Shared,402.97
Dumfries and Galloway,2018,Upper Quartile,1 Bedroom Shared,325
Dundee and Angus,2018,Upper Quartile,1 Bedroom Shared,365
East Dunbartonshire,2018,Upper Quartile,1 Bedroom Shared,400
Fife,2018,Upper Quartile,1 Bedroom Shared,425
Forth Valley,2018,Upper Quartile,1 Bedroom Shared,419.85
Greater Glasgow,2018,Upper Quartile,1 Bedroom Shared,437.74
Highland and Islands,2018,Upper Quartile,1 Bedroom Shared,402.98
Lothian,2018,Upper Quartile,1 Bedroom Shared,485
North Lanarkshire,2018,Upper Quartile,1 Bedroom Shared,359.52
Perth and Kinross,2018,Upper Quartile,1 Bedroom Shared,334.52
Renfrewshire / Inverclyde,2018,Upper Quartile,1 Bedroom Shared,325
Scottish Borders,2018,Upper Quartile,1 Bedroom Shared,541.33
South Lanarkshire,2018,Upper Quartile,1 Bedroom Shared,375
West Dunbartonshire,2018,Upper Quartile,1 Bedroom Shared,350
West Lothian,2018,Upper Quartile,1 Bedroom Shared,377.98
Scotland,2019,Upper Quartile,1 Bedroom Shared,N/A
Aberdeen and Shire,2019,Upper Quartile,1 Bedroom Shared,400
Argyll and Bute,2019,Upper Quartile,1 Bedroom Shared,375
Ayrshires,2019,Upper Quartile,1 Bedroom Shared,418.21
Dumfries and Galloway,2019,Upper Quartile,1 Bedroom Shared,310
Dundee and Angus,2019,Upper Quartile,1 Bedroom Shared,385
East Dunbartonshire,2019,Upper Quartile,1 Bedroom Shared,390
Fife,2019,Upper Quartile,1 Bedroom Shared,375
Forth Valley,2019,Upper Quartile,1 Bedroom Shared,380
Greater Glasgow,2019,Upper Quartile,1 Bedroom Shared,450
Highland and Islands,2019,Upper Quartile,1 Bedroom Shared,400
Lothian,2019,Upper Quartile,1 Bedroom Shared,520
North Lanarkshire,2019,Upper Quartile,1 Bedroom Shared,350
Perth and Kinross,2019,Upper Quartile,1 Bedroom Shared,352.8
Renfrewshire / Inverclyde,2019,Upper Quartile,1 Bedroom Shared,360
Scottish Borders,2019,Upper Quartile,1 Bedroom Shared,359.52
South Lanarkshire,2019,Upper Quartile,1 Bedroom Shared,375
West Dunbartonshire,2019,Upper Quartile,1 Bedroom Shared,375
West Lothian,2019,Upper Quartile,1 Bedroom Shared,375
Scotland,2020,Upper Quartile,1 Bedroom Shared,N/A
Aberdeen and Shire,2020,Upper Quartile,1 Bedroom Shared,425
Argyll and Bute,2020,Upper Quartile,1 Bedroom Shared,365
Ayrshires,2020,Upper Quartile,1 Bedroom Shared,421.43
Dumfries and Galloway,2020,Upper Quartile,1 Bedroom Shared,330
Dundee and Angus,2020,Upper Quartile,1 Bedroom Shared,375
East Dunbartonshire,2020,Upper Quartile,1 Bedroom Shared,400
Fife,2020,Upper Quartile,1 Bedroom Shared,455.72
Forth Valley,2020,Upper Quartile,1 Bedroom Shared,420.5
Greater Glasgow,2020,Upper Quartile,1 Bedroom Shared,475
Highland and Islands,2020,Upper Quartile,1 Bedroom Shared,425
Lothian,2020,Upper Quartile,1 Bedroom Shared,525
North Lanarkshire,2020,Upper Quartile,1 Bedroom Shared,359.52
Perth and Kinross,2020,Upper Quartile,1 Bedroom Shared,375
Renfrewshire / Inverclyde,2020,Upper Quartile,1 Bedroom Shared,410
Scottish Borders,2020,Upper Quartile,1 Bedroom Shared,360
South Lanarkshire,2020,Upper Quartile,1 Bedroom Shared,375
West Dunbartonshire,2020,Upper Quartile,1 Bedroom Shared,400
West Lothian,2020,Upper Quartile,1 Bedroom Shared,375
Scotland,2021,Upper Quartile,1 Bedroom Shared,N/A
Aberdeen and Shire,2021,Upper Quartile,1 Bedroom Shared,407.5
Argyll and Bute,2021,Upper Quartile,1 Bedroom Shared,425
Ayrshires,2021,Upper Quartile,1 Bedroom Shared,457.44
Dumfries and Galloway,2021,Upper Quartile,1 Bedroom Shared,355
Dundee and Angus,2021,Upper Quartile,1 Bedroom Shared,360
East Dunbartonshire,2021,Upper Quartile,1 Bedroom Shared,500
Fife,2021,Upper Quartile,1 Bedroom Shared,424.7
Forth Valley,2021,Upper Quartile,1 Bedroom Shared,380
Greater Glasgow,2021,Upper Quartile,1 Bedroom Shared,457.5
Highland and Islands,2021,Upper Quartile,1 Bedroom Shared,425
Lothian,2021,Upper Quartile,1 Bedroom Shared,525
North Lanarkshire,2021,Upper Quartile,1 Bedroom Shared,367.5
Perth and Kinross,2021,Upper Quartile,1 Bedroom Shared,359.52
Renfrewshire / Inverclyde,2021,Upper Quartile,1 Bedroom Shared,402.97
Scottish Borders,2021,Upper Quartile,1 Bedroom Shared,362
South Lanarkshire,2021,Upper Quartile,1 Bedroom Shared,450
West Dunbartonshire,2021,Upper Quartile,1 Bedroom Shared,403
West Lothian,2021,Upper Quartile,1 Bedroom Shared,375
Scotland,2022,Upper Quartile,1 Bedroom Shared,N/A
Aberdeen and Shire,2022,Upper Quartile,1 Bedroom Shared,402.98
Argyll and Bute,2022,Upper Quartile,1 Bedroom Shared,440
Ayrshires,2022,Upper Quartile,1 Bedroom Shared,464.88
Dumfries and Galloway,2022,Upper Quartile,1 Bedroom Shared,350
Dundee and Angus,2022,Upper Quartile,1 Bedroom Shared,402
East Dunbartonshire,2022,Upper Quartile,1 Bedroom Shared,500
Fife,2022,Upper Quartile,1 Bedroom Shared,446.43
Forth Valley,2022,Upper Quartile,1 Bedroom Shared,523.33
Greater Glasgow,2022,Upper Quartile,1 Bedroom Shared,500
Highland and Islands,2022,Upper Quartile,1 Bedroom Shared,468.15
Lothian,2022,Upper Quartile,1 Bedroom Shared,564.88
North Lanarkshire,2022,Upper Quartile,1 Bedroom Shared,448.22
Perth and Kinross,2022,Upper Quartile,1 Bedroom Shared,425
Renfrewshire / Inverclyde,2022,Upper Quartile,1 Bedroom Shared,425
Scottish Borders,2022,Upper Quartile,1 Bedroom Shared,385
South Lanarkshire,2022,Upper Quartile,1 Bedroom Shared,543.15
West Dunbartonshire,2022,Upper Quartile,1 Bedroom Shared,445
West Lothian,2022,Upper Quartile,1 Bedroom Shared,400
Scotland,2023,Upper Quartile,1 Bedroom Shared,N/A
Aberdeen and Shire,2023,Upper Quartile,1 Bedroom Shared,450
Argyll and Bute,2023,Upper Quartile,1 Bedroom Shared,477.5
Ayrshires,2023,Upper Quartile,1 Bedroom Shared,500
Dumfries and Galloway,2023,Upper Quartile,1 Bedroom Shared,450
Dundee and Angus,2023,Upper Quartile,1 Bedroom Shared,450
East Dunbartonshire,2023,Upper Quartile,1 Bedroom Shared,550
Fife,2023,Upper Quartile,1 Bedroom Shared,550
Forth Valley,2023,Upper Quartile,1 Bedroom Shared,550
Greater Glasgow,2023,Upper Quartile,1 Bedroom Shared,625
Highland and Islands,2023,Upper Quartile,1 Bedroom Shared,508.33
Lothian,2023,Upper Quartile,1 Bedroom Shared,595
North Lanarkshire,2023,Upper Quartile,1 Bedroom Shared,489.88
Perth and Kinross,2023,Upper Quartile,1 Bedroom Shared,469.17
Renfrewshire / Inverclyde,2023,Upper Quartile,1 Bedroom Shared,500
Scottish Borders,2023,Upper Quartile,1 Bedroom Shared,430
South Lanarkshire,2023,Upper Quartile,1 Bedroom Shared,510
West Dunbartonshire,2023,Upper Quartile,1 Bedroom Shared,500
West Lothian,2023,Upper Quartile,1 Bedroom Shared,525
Scotland,2010,Lower Quartile,1 Bedroom Shared,N/A
Aberdeen and Shire,2010,Lower Quartile,1 Bedroom Shared,286
Argyll and Bute,2010,Lower Quartile,1 Bedroom Shared,300
Ayrshires,2010,Lower Quartile,1 Bedroom Shared,280
Dumfries and Galloway,2010,Lower Quartile,1 Bedroom Shared,260
Dundee and Angus,2010,Lower Quartile,1 Bedroom Shared,225
East Dunbartonshire,2010,Lower Quartile,1 Bedroom Shared,274
Fife,2010,Lower Quartile,1 Bedroom Shared,238.33
Forth Valley,2010,Lower Quartile,1 Bedroom Shared,255
Greater Glasgow,2010,Lower Quartile,1 Bedroom Shared,284
Highland and Islands,2010,Lower Quartile,1 Bedroom Shared,255
Lothian,2010,Lower Quartile,1 Bedroom Shared,285
North Lanarkshire,2010,Lower Quartile,1 Bedroom Shared,260
Perth and Kinross,2010,Lower Quartile,1 Bedroom Shared,235
Renfrewshire / Inverclyde,2010,Lower Quartile,1 Bedroom Shared,274
Scottish Borders,2010,Lower Quartile,1 Bedroom Shared,230
South Lanarkshire,2010,Lower Quartile,1 Bedroom Shared,299
West Dunbartonshire,2010,Lower Quartile,1 Bedroom Shared,240
West Lothian,2010,Lower Quartile,1 Bedroom Shared,240
Scotland,2011,Lower Quartile,1 Bedroom Shared,N/A
Aberdeen and Shire,2011,Lower Quartile,1 Bedroom Shared,285
Argyll and Bute,2011,Lower Quartile,1 Bedroom Shared,284
Ayrshires,2011,Lower Quartile,1 Bedroom Shared,274
Dumfries and Galloway,2011,Lower Quartile,1 Bedroom Shared,255
Dundee and Angus,2011,Lower Quartile,1 Bedroom Shared,235
East Dunbartonshire,2011,Lower Quartile,1 Bedroom Shared,257
Fife,2011,Lower Quartile,1 Bedroom Shared,224
Forth Valley,2011,Lower Quartile,1 Bedroom Shared,250
Greater Glasgow,2011,Lower Quartile,1 Bedroom Shared,270
Highland and Islands,2011,Lower Quartile,1 Bedroom Shared,258.27
Lothian,2011,Lower Quartile,1 Bedroom Shared,285
North Lanarkshire,2011,Lower Quartile,1 Bedroom Shared,280
Perth and Kinross,2011,Lower Quartile,1 Bedroom Shared,235
Renfrewshire / Inverclyde,2011,Lower Quartile,1 Bedroom Shared,265.5
Scottish Borders,2011,Lower Quartile,1 Bedroom Shared,220
South Lanarkshire,2011,Lower Quartile,1 Bedroom Shared,252.5
West Dunbartonshire,2011,Lower Quartile,1 Bedroom Shared,277
West Lothian,2011,Lower Quartile,1 Bedroom Shared,235
Scotland,2012,Lower Quartile,1 Bedroom Shared,N/A
Aberdeen and Shire,2012,Lower Quartile,1 Bedroom Shared,300
Argyll and Bute,2012,Lower Quartile,1 Bedroom Shared,260
Ayrshires,2012,Lower Quartile,1 Bedroom Shared,273
Dumfries and Galloway,2012,Lower Quartile,1 Bedroom Shared,250.47
Dundee and Angus,2012,Lower Quartile,1 Bedroom Shared,238.33
East Dunbartonshire,2012,Lower Quartile,1 Bedroom Shared,285
Fife,2012,Lower Quartile,1 Bedroom Shared,251.33
Forth Valley,2012,Lower Quartile,1 Bedroom Shared,250
Greater Glasgow,2012,Lower Quartile,1 Bedroom Shared,275
Highland and Islands,2012,Lower Quartile,1 Bedroom Shared,250
Lothian,2012,Lower Quartile,1 Bedroom Shared,280
North Lanarkshire,2012,Lower Quartile,1 Bedroom Shared,255.5
Perth and Kinross,2012,Lower Quartile,1 Bedroom Shared,236
Renfrewshire / Inverclyde,2012,Lower Quartile,1 Bedroom Shared,275
Scottish Borders,2012,Lower Quartile,1 Bedroom Shared,225
South Lanarkshire,2012,Lower Quartile,1 Bedroom Shared,260
West Dunbartonshire,2012,Lower Quartile,1 Bedroom Shared,268
West Lothian,2012,Lower Quartile,1 Bedroom Shared,250
Scotland,2013,Lower Quartile,1 Bedroom Shared,N/A
Aberdeen and Shire,2013,Lower Quartile,1 Bedroom Shared,316.33
Argyll and Bute,2013,Lower Quartile,1 Bedroom Shared,228.33
Ayrshires,2013,Lower Quartile,1 Bedroom Shared,260
Dumfries and Galloway,2013,Lower Quartile,1 Bedroom Shared,250
Dundee and Angus,2013,Lower Quartile,1 Bedroom Shared,250
East Dunbartonshire,2013,Lower Quartile,1 Bedroom Shared,281.66
Fife,2013,Lower Quartile,1 Bedroom Shared,274
Forth Valley,2013,Lower Quartile,1 Bedroom Shared,260
Greater Glasgow,2013,Lower Quartile,1 Bedroom Shared,290
Highland and Islands,2013,Lower Quartile,1 Bedroom Shared,250
Lothian,2013,Lower Quartile,1 Bedroom Shared,285
North Lanarkshire,2013,Lower Quartile,1 Bedroom Shared,253
Perth and Kinross,2013,Lower Quartile,1 Bedroom Shared,250
Renfrewshire / Inverclyde,2013,Lower Quartile,1 Bedroom Shared,250
Scottish Borders,2013,Lower Quartile,1 Bedroom Shared,245
South Lanarkshire,2013,Lower Quartile,1 Bedroom Shared,260
West Dunbartonshire,2013,Lower Quartile,1 Bedroom Shared,275
West Lothian,2013,Lower Quartile,1 Bedroom Shared,250.47
Scotland,2014,Lower Quartile,1 Bedroom Shared,N/A
Aberdeen and Shire,2014,Lower Quartile,1 Bedroom Shared,345
Argyll and Bute,2014,Lower Quartile,1 Bedroom Shared,273.33
Ayrshires,2014,Lower Quartile,1 Bedroom Shared,260
Dumfries and Galloway,2014,Lower Quartile,1 Bedroom Shared,255
Dundee and Angus,2014,Lower Quartile,1 Bedroom Shared,250
East Dunbartonshire,2014,Lower Quartile,1 Bedroom Shared,285
Fife,2014,Lower Quartile,1 Bedroom Shared,275
Forth Valley,2014,Lower Quartile,1 Bedroom Shared,270.17
Greater Glasgow,2014,Lower Quartile,1 Bedroom Shared,293.33
Highland and Islands,2014,Lower Quartile,1 Bedroom Shared,253.33
Lothian,2014,Lower Quartile,1 Bedroom Shared,300
North Lanarkshire,2014,Lower Quartile,1 Bedroom Shared,260
Perth and Kinross,2014,Lower Quartile,1 Bedroom Shared,250
Renfrewshire / Inverclyde,2014,Lower Quartile,1 Bedroom Shared,250
Scottish Borders,2014,Lower Quartile,1 Bedroom Shared,235
South Lanarkshire,2014,Lower Quartile,1 Bedroom Shared,271.66
West Dunbartonshire,2014,Lower Quartile,1 Bedroom Shared,260
West Lothian,2014,Lower Quartile,1 Bedroom Shared,260
Scotland,2015,Lower Quartile,1 Bedroom Shared,N/A
Aberdeen and Shire,2015,Lower Quartile,1 Bedroom Shared,375
Argyll and Bute,2015,Lower Quartile,1 Bedroom Shared,275
Ayrshires,2015,Lower Quartile,1 Bedroom Shared,275
Dumfries and Galloway,2015,Lower Quartile,1 Bedroom Shared,257.5
Dundee and Angus,2015,Lower Quartile,1 Bedroom Shared,250
East Dunbartonshire,2015,Lower Quartile,1 Bedroom Shared,280
Fife,2015,Lower Quartile,1 Bedroom Shared,275
Forth Valley,2015,Lower Quartile,1 Bedroom Shared,272.62
Greater Glasgow,2015,Lower Quartile,1 Bedroom Shared,285
Highland and Islands,2015,Lower Quartile,1 Bedroom Shared,270
Lothian,2015,Lower Quartile,1 Bedroom Shared,305
North Lanarkshire,2015,Lower Quartile,1 Bedroom Shared,260.71
Perth and Kinross,2015,Lower Quartile,1 Bedroom Shared,254.17
Renfrewshire / Inverclyde,2015,Lower Quartile,1 Bedroom Shared,250
Scottish Borders,2015,Lower Quartile,1 Bedroom Shared,250
South Lanarkshire,2015,Lower Quartile,1 Bedroom Shared,275
West Dunbartonshire,2015,Lower Quartile,1 Bedroom Shared,272.61
West Lothian,2015,Lower Quartile,1 Bedroom Shared,250.89
Scotland,2016,Lower Quartile,1 Bedroom Shared,N/A
Aberdeen and Shire,2016,Lower Quartile,1 Bedroom Shared,350
Argyll and Bute,2016,Lower Quartile,1 Bedroom Shared,275
Ayrshires,2016,Lower Quartile,1 Bedroom Shared,275
Dumfries and Galloway,2016,Lower Quartile,1 Bedroom Shared,260
Dundee and Angus,2016,Lower Quartile,1 Bedroom Shared,250
East Dunbartonshire,2016,Lower Quartile,1 Bedroom Shared,275
Fife,2016,Lower Quartile,1 Bedroom Shared,290
Forth Valley,2016,Lower Quartile,1 Bedroom Shared,294.35
Greater Glasgow,2016,Lower Quartile,1 Bedroom Shared,308
Highland and Islands,2016,Lower Quartile,1 Bedroom Shared,275.89
Lothian,2016,Lower Quartile,1 Bedroom Shared,325
North Lanarkshire,2016,Lower Quartile,1 Bedroom Shared,260.71
Perth and Kinross,2016,Lower Quartile,1 Bedroom Shared,250
Renfrewshire / Inverclyde,2016,Lower Quartile,1 Bedroom Shared,270
Scottish Borders,2016,Lower Quartile,1 Bedroom Shared,245
South Lanarkshire,2016,Lower Quartile,1 Bedroom Shared,275
West Dunbartonshire,2016,Lower Quartile,1 Bedroom Shared,260.71
West Lothian,2016,Lower Quartile,1 Bedroom Shared,275
Scotland,2017,Lower Quartile,1 Bedroom Shared,N/A
Aberdeen and Shire,2017,Lower Quartile,1 Bedroom Shared,320
Argyll and Bute,2017,Lower Quartile,1 Bedroom Shared,255
Ayrshires,2017,Lower Quartile,1 Bedroom Shared,275
Dumfries and Galloway,2017,Lower Quartile,1 Bedroom Shared,255
Dundee and Angus,2017,Lower Quartile,1 Bedroom Shared,260
East Dunbartonshire,2017,Lower Quartile,1 Bedroom Shared,325
Fife,2017,Lower Quartile,1 Bedroom Shared,275
Forth Valley,2017,Lower Quartile,1 Bedroom Shared,300
Greater Glasgow,2017,Lower Quartile,1 Bedroom Shared,325
Highland and Islands,2017,Lower Quartile,1 Bedroom Shared,280
Lothian,2017,Lower Quartile,1 Bedroom Shared,325
North Lanarkshire,2017,Lower Quartile,1 Bedroom Shared,275
Perth and Kinross,2017,Lower Quartile,1 Bedroom Shared,272.62
Renfrewshire / Inverclyde,2017,Lower Quartile,1 Bedroom Shared,265
Scottish Borders,2017,Lower Quartile,1 Bedroom Shared,242.5
South Lanarkshire,2017,Lower Quartile,1 Bedroom Shared,275
West Dunbartonshire,2017,Lower Quartile,1 Bedroom Shared,275
West Lothian,2017,Lower Quartile,1 Bedroom Shared,275
Scotland,2018,Lower Quartile,1 Bedroom Shared,N/A
Aberdeen and Shire,2018,Lower Quartile,1 Bedroom Shared,300
Argyll and Bute,2018,Lower Quartile,1 Bedroom Shared,275
Ayrshires,2018,Lower Quartile,1 Bedroom Shared,315
Dumfries and Galloway,2018,Lower Quartile,1 Bedroom Shared,265
Dundee and Angus,2018,Lower Quartile,1 Bedroom Shared,280
East Dunbartonshire,2018,Lower Quartile,1 Bedroom Shared,290
Fife,2018,Lower Quartile,1 Bedroom Shared,300
Forth Valley,2018,Lower Quartile,1 Bedroom Shared,325
Greater Glasgow,2018,Lower Quartile,1 Bedroom Shared,325
Highland and Islands,2018,Lower Quartile,1 Bedroom Shared,305
Lothian,2018,Lower Quartile,1 Bedroom Shared,360
North Lanarkshire,2018,Lower Quartile,1 Bedroom Shared,280
Perth and Kinross,2018,Lower Quartile,1 Bedroom Shared,275
Renfrewshire / Inverclyde,2018,Lower Quartile,1 Bedroom Shared,275.89
Scottish Borders,2018,Lower Quartile,1 Bedroom Shared,250.89
South Lanarkshire,2018,Lower Quartile,1 Bedroom Shared,282.5
West Dunbartonshire,2018,Lower Quartile,1 Bedroom Shared,275
West Lothian,2018,Lower Quartile,1 Bedroom Shared,316.07
Scotland,2019,Lower Quartile,1 Bedroom Shared,N/A
Aberdeen and Shire,2019,Lower Quartile,1 Bedroom Shared,320
Argyll and Bute,2019,Lower Quartile,1 Bedroom Shared,305
Ayrshires,2019,Lower Quartile,1 Bedroom Shared,325
Dumfries and Galloway,2019,Lower Quartile,1 Bedroom Shared,255
Dundee and Angus,2019,Lower Quartile,1 Bedroom Shared,300
East Dunbartonshire,2019,Lower Quartile,1 Bedroom Shared,300
Fife,2019,Lower Quartile,1 Bedroom Shared,290
Forth Valley,2019,Lower Quartile,1 Bedroom Shared,315
Greater Glasgow,2019,Lower Quartile,1 Bedroom Shared,347
Highland and Islands,2019,Lower Quartile,1 Bedroom Shared,324.76
Lothian,2019,Lower Quartile,1 Bedroom Shared,400
North Lanarkshire,2019,Lower Quartile,1 Bedroom Shared,275
Perth and Kinross,2019,Lower Quartile,1 Bedroom Shared,275
Renfrewshire / Inverclyde,2019,Lower Quartile,1 Bedroom Shared,290
Scottish Borders,2019,Lower Quartile,1 Bedroom Shared,260
South Lanarkshire,2019,Lower Quartile,1 Bedroom Shared,290
West Dunbartonshire,2019,Lower Quartile,1 Bedroom Shared,300
West Lothian,2019,Lower Quartile,1 Bedroom Shared,290
Scotland,2020,Lower Quartile,1 Bedroom Shared,N/A
Aberdeen and Shire,2020,Lower Quartile,1 Bedroom Shared,305
Argyll and Bute,2020,Lower Quartile,1 Bedroom Shared,295
Ayrshires,2020,Lower Quartile,1 Bedroom Shared,272.62
Dumfries and Galloway,2020,Lower Quartile,1 Bedroom Shared,275
Dundee and Angus,2020,Lower Quartile,1 Bedroom Shared,275
East Dunbartonshire,2020,Lower Quartile,1 Bedroom Shared,300
Fife,2020,Lower Quartile,1 Bedroom Shared,325
Forth Valley,2020,Lower Quartile,1 Bedroom Shared,336.5
Greater Glasgow,2020,Lower Quartile,1 Bedroom Shared,330
Highland and Islands,2020,Lower Quartile,1 Bedroom Shared,325
Lothian,2020,Lower Quartile,1 Bedroom Shared,397.5
North Lanarkshire,2020,Lower Quartile,1 Bedroom Shared,275
Perth and Kinross,2020,Lower Quartile,1 Bedroom Shared,298.57
Renfrewshire / Inverclyde,2020,Lower Quartile,1 Bedroom Shared,297.5
Scottish Borders,2020,Lower Quartile,1 Bedroom Shared,265
South Lanarkshire,2020,Lower Quartile,1 Bedroom Shared,290
West Dunbartonshire,2020,Lower Quartile,1 Bedroom Shared,302
West Lothian,2020,Lower Quartile,1 Bedroom Shared,300
Scotland,2021,Lower Quartile,1 Bedroom Shared,N/A
Aberdeen and Shire,2021,Lower Quartile,1 Bedroom Shared,307.5
Argyll and Bute,2021,Lower Quartile,1 Bedroom Shared,335
Ayrshires,2021,Lower Quartile,1 Bedroom Shared,315
Dumfries and Galloway,2021,Lower Quartile,1 Bedroom Shared,295
Dundee and Angus,2021,Lower Quartile,1 Bedroom Shared,290
East Dunbartonshire,2021,Lower Quartile,1 Bedroom Shared,350
Fife,2021,Lower Quartile,1 Bedroom Shared,300
Forth Valley,2021,Lower Quartile,1 Bedroom Shared,325
Greater Glasgow,2021,Lower Quartile,1 Bedroom Shared,330
Highland and Islands,2021,Lower Quartile,1 Bedroom Shared,325
Lothian,2021,Lower Quartile,1 Bedroom Shared,403.5
North Lanarkshire,2021,Lower Quartile,1 Bedroom Shared,275
Perth and Kinross,2021,Lower Quartile,1 Bedroom Shared,275
Renfrewshire / Inverclyde,2021,Lower Quartile,1 Bedroom Shared,275
Scottish Borders,2021,Lower Quartile,1 Bedroom Shared,265
South Lanarkshire,2021,Lower Quartile,1 Bedroom Shared,281.3
West Dunbartonshire,2021,Lower Quartile,1 Bedroom Shared,300
West Lothian,2021,Lower Quartile,1 Bedroom Shared,292.5
Scotland,2022,Lower Quartile,1 Bedroom Shared,N/A
Aberdeen and Shire,2022,Lower Quartile,1 Bedroom Shared,300
Argyll and Bute,2022,Lower Quartile,1 Bedroom Shared,325
Ayrshires,2022,Lower Quartile,1 Bedroom Shared,325
Dumfries and Galloway,2022,Lower Quartile,1 Bedroom Shared,295
Dundee and Angus,2022,Lower Quartile,1 Bedroom Shared,300
East Dunbartonshire,2022,Lower Quartile,1 Bedroom Shared,310
Fife,2022,Lower Quartile,1 Bedroom Shared,316.07
Forth Valley,2022,Lower Quartile,1 Bedroom Shared,340
Greater Glasgow,2022,Lower Quartile,1 Bedroom Shared,350
Highland and Islands,2022,Lower Quartile,1 Bedroom Shared,350.42
Lothian,2022,Lower Quartile,1 Bedroom Shared,417
North Lanarkshire,2022,Lower Quartile,1 Bedroom Shared,325
Perth and Kinross,2022,Lower Quartile,1 Bedroom Shared,345
Renfrewshire / Inverclyde,2022,Lower Quartile,1 Bedroom Shared,280
Scottish Borders,2022,Lower Quartile,1 Bedroom Shared,290
South Lanarkshire,2022,Lower Quartile,1 Bedroom Shared,300
West Dunbartonshire,2022,Lower Quartile,1 Bedroom Shared,305
West Lothian,2022,Lower Quartile,1 Bedroom Shared,330
Scotland,2023,Lower Quartile,1 Bedroom Shared,N/A
Aberdeen and Shire,2023,Lower Quartile,1 Bedroom Shared,312.9
Argyll and Bute,2023,Lower Quartile,1 Bedroom Shared,346.67
Ayrshires,2023,Lower Quartile,1 Bedroom Shared,347.61
Dumfries and Galloway,2023,Lower Quartile,1 Bedroom Shared,315
Dundee and Angus,2023,Lower Quartile,1 Bedroom Shared,350
East Dunbartonshire,2023,Lower Quartile,1 Bedroom Shared,400
Fife,2023,Lower Quartile,1 Bedroom Shared,355
Forth Valley,2023,Lower Quartile,1 Bedroom Shared,400
Greater Glasgow,2023,Lower Quartile,1 Bedroom Shared,425
Highland and Islands,2023,Lower Quartile,1 Bedroom Shared,359.52
Lothian,2023,Lower Quartile,1 Bedroom Shared,465
North Lanarkshire,2023,Lower Quartile,1 Bedroom Shared,359.52
Perth and Kinross,2023,Lower Quartile,1 Bedroom Shared,342.5
Renfrewshire / Inverclyde,2023,Lower Quartile,1 Bedroom Shared,350
Scottish Borders,2023,Lower Quartile,1 Bedroom Shared,325
South Lanarkshire,2023,Lower Quartile,1 Bedroom Shared,350
West Dunbartonshire,2023,Lower Quartile,1 Bedroom Shared,335
West Lothian,2023,Lower Quartile,1 Bedroom Shared,395
Scotland,2010,Number of Records,1 Bedroom Shared,1235
Aberdeen and Shire,2010,Number of Records,1 Bedroom Shared,134
Argyll and Bute,2010,Number of Records,1 Bedroom Shared,10
Ayrshires,2010,Number of Records,1 Bedroom Shared,38
Dumfries and Galloway,2010,Number of Records,1 Bedroom Shared,50
Dundee and Angus,2010,Number of Records,1 Bedroom Shared,94
East Dunbartonshire,2010,Number of Records,1 Bedroom Shared,22
Fife,2010,Number of Records,1 Bedroom Shared,49
Forth Valley,2010,Number of Records,1 Bedroom Shared,37
Greater Glasgow,2010,Number of Records,1 Bedroom Shared,190
Highland and Islands,2010,Number of Records,1 Bedroom Shared,101
Lothian,2010,Number of Records,1 Bedroom Shared,251
North Lanarkshire,2010,Number of Records,1 Bedroom Shared,44
Perth and Kinross,2010,Number of Records,1 Bedroom Shared,49
Renfrewshire / Inverclyde,2010,Number of Records,1 Bedroom Shared,46
Scottish Borders,2010,Number of Records,1 Bedroom Shared,17
South Lanarkshire,2010,Number of Records,1 Bedroom Shared,47
West Dunbartonshire,2010,Number of Records,1 Bedroom Shared,15
West Lothian,2010,Number of Records,1 Bedroom Shared,41
Scotland,2011,Number of Records,1 Bedroom Shared,1650
Aberdeen and Shire,2011,Number of Records,1 Bedroom Shared,192
Argyll and Bute,2011,Number of Records,1 Bedroom Shared,17
Ayrshires,2011,Number of Records,1 Bedroom Shared,67
Dumfries and Galloway,2011,Number of Records,1 Bedroom Shared,59
Dundee and Angus,2011,Number of Records,1 Bedroom Shared,138
East Dunbartonshire,2011,Number of Records,1 Bedroom Shared,31
Fife,2011,Number of Records,1 Bedroom Shared,69
Forth Valley,2011,Number of Records,1 Bedroom Shared,56
Greater Glasgow,2011,Number of Records,1 Bedroom Shared,302
Highland and Islands,2011,Number of Records,1 Bedroom Shared,133
Lothian,2011,Number of Records,1 Bedroom Shared,243
North Lanarkshire,2011,Number of Records,1 Bedroom Shared,51
Perth and Kinross,2011,Number of Records,1 Bedroom Shared,54
Renfrewshire / Inverclyde,2011,Number of Records,1 Bedroom Shared,64
Scottish Borders,2011,Number of Records,1 Bedroom Shared,22
South Lanarkshire,2011,Number of Records,1 Bedroom Shared,68
West Dunbartonshire,2011,Number of Records,1 Bedroom Shared,20
West Lothian,2011,Number of Records,1 Bedroom Shared,64
Scotland,2012,Number of Records,1 Bedroom Shared,1926
Aberdeen and Shire,2012,Number of Records,1 Bedroom Shared,232
Argyll and Bute,2012,Number of Records,1 Bedroom Shared,38
Ayrshires,2012,Number of Records,1 Bedroom Shared,97
Dumfries and Galloway,2012,Number of Records,1 Bedroom Shared,55
Dundee and Angus,2012,Number of Records,1 Bedroom Shared,143
East Dunbartonshire,2012,Number of Records,1 Bedroom Shared,26
Fife,2012,Number of Records,1 Bedroom Shared,109
Forth Valley,2012,Number of Records,1 Bedroom Shared,67
Greater Glasgow,2012,Number of Records,1 Bedroom Shared,372
Highland and Islands,2012,Number of Records,1 Bedroom Shared,143
Lothian,2012,Number of Records,1 Bedroom Shared,307
North Lanarkshire,2012,Number of Records,1 Bedroom Shared,64
Perth and Kinross,2012,Number of Records,1 Bedroom Shared,69
Renfrewshire / Inverclyde,2012,Number of Records,1 Bedroom Shared,65
Scottish Borders,2012,Number of Records,1 Bedroom Shared,16
South Lanarkshire,2012,Number of Records,1 Bedroom Shared,66
West Dunbartonshire,2012,Number of Records,1 Bedroom Shared,18
West Lothian,2012,Number of Records,1 Bedroom Shared,39
Scotland,2013,Number of Records,1 Bedroom Shared,2025
Aberdeen and Shire,2013,Number of Records,1 Bedroom Shared,142
Argyll and Bute,2013,Number of Records,1 Bedroom Shared,70
Ayrshires,2013,Number of Records,1 Bedroom Shared,120
Dumfries and Galloway,2013,Number of Records,1 Bedroom Shared,65
Dundee and Angus,2013,Number of Records,1 Bedroom Shared,108
East Dunbartonshire,2013,Number of Records,1 Bedroom Shared,38
Fife,2013,Number of Records,1 Bedroom Shared,152
Forth Valley,2013,Number of Records,1 Bedroom Shared,85
Greater Glasgow,2013,Number of Records,1 Bedroom Shared,379
Highland and Islands,2013,Number of Records,1 Bedroom Shared,126
Lothian,2013,Number of Records,1 Bedroom Shared,329
North Lanarkshire,2013,Number of Records,1 Bedroom Shared,59
Perth and Kinross,2013,Number of Records,1 Bedroom Shared,69
Renfrewshire / Inverclyde,2013,Number of Records,1 Bedroom Shared,88
Scottish Borders,2013,Number of Records,1 Bedroom Shared,32
South Lanarkshire,2013,Number of Records,1 Bedroom Shared,68
West Dunbartonshire,2013,Number of Records,1 Bedroom Shared,30
West Lothian,2013,Number of Records,1 Bedroom Shared,65
Scotland,2014,Number of Records,1 Bedroom Shared,1938
Aberdeen and Shire,2014,Number of Records,1 Bedroom Shared,148
Argyll and Bute,2014,Number of Records,1 Bedroom Shared,68
Ayrshires,2014,Number of Records,1 Bedroom Shared,107
Dumfries and Galloway,2014,Number of Records,1 Bedroom Shared,74
Dundee and Angus,2014,Number of Records,1 Bedroom Shared,104
East Dunbartonshire,2014,Number of Records,1 Bedroom Shared,28
Fife,2014,Number of Records,1 Bedroom Shared,146
Forth Valley,2014,Number of Records,1 Bedroom Shared,108
Greater Glasgow,2014,Number of Records,1 Bedroom Shared,273
Highland and Islands,2014,Number of Records,1 Bedroom Shared,134
Lothian,2014,Number of Records,1 Bedroom Shared,333
North Lanarkshire,2014,Number of Records,1 Bedroom Shared,51
Perth and Kinross,2014,Number of Records,1 Bedroom Shared,54
Renfrewshire / Inverclyde,2014,Number of Records,1 Bedroom Shared,92
Scottish Borders,2014,Number of Records,1 Bedroom Shared,30
South Lanarkshire,2014,Number of Records,1 Bedroom Shared,74
West Dunbartonshire,2014,Number of Records,1 Bedroom Shared,49
West Lothian,2014,Number of Records,1 Bedroom Shared,65
Scotland,2015,Number of Records,1 Bedroom Shared,2178
Aberdeen and Shire,2015,Number of Records,1 Bedroom Shared,138
Argyll and Bute,2015,Number of Records,1 Bedroom Shared,81
Ayrshires,2015,Number of Records,1 Bedroom Shared,139
Dumfries and Galloway,2015,Number of Records,1 Bedroom Shared,80
Dundee and Angus,2015,Number of Records,1 Bedroom Shared,95
East Dunbartonshire,2015,Number of Records,1 Bedroom Shared,32
Fife,2015,Number of Records,1 Bedroom Shared,209
Forth Valley,2015,Number of Records,1 Bedroom Shared,135
Greater Glasgow,2015,Number of Records,1 Bedroom Shared,255
Highland and Islands,2015,Number of Records,1 Bedroom Shared,201
Lothian,2015,Number of Records,1 Bedroom Shared,339
North Lanarkshire,2015,Number of Records,1 Bedroom Shared,64
Perth and Kinross,2015,Number of Records,1 Bedroom Shared,49
Renfrewshire / Inverclyde,2015,Number of Records,1 Bedroom Shared,118
Scottish Borders,2015,Number of Records,1 Bedroom Shared,37
South Lanarkshire,2015,Number of Records,1 Bedroom Shared,67
West Dunbartonshire,2015,Number of Records,1 Bedroom Shared,69
West Lothian,2015,Number of Records,1 Bedroom Shared,70
Scotland,2016,Number of Records,1 Bedroom Shared,1931
Aberdeen and Shire,2016,Number of Records,1 Bedroom Shared,104
Argyll and Bute,2016,Number of Records,1 Bedroom Shared,46
Ayrshires,2016,Number of Records,1 Bedroom Shared,115
Dumfries and Galloway,2016,Number of Records,1 Bedroom Shared,82
Dundee and Angus,2016,Number of Records,1 Bedroom Shared,93
East Dunbartonshire,2016,Number of Records,1 Bedroom Shared,22
Fife,2016,Number of Records,1 Bedroom Shared,162
Forth Valley,2016,Number of Records,1 Bedroom Shared,105
Greater Glasgow,2016,Number of Records,1 Bedroom Shared,189
Highland and Islands,2016,Number of Records,1 Bedroom Shared,178
Lothian,2016,Number of Records,1 Bedroom Shared,379
North Lanarkshire,2016,Number of Records,1 Bedroom Shared,69
Perth and Kinross,2016,Number of Records,1 Bedroom Shared,64
Renfrewshire / Inverclyde,2016,Number of Records,1 Bedroom Shared,105
Scottish Borders,2016,Number of Records,1 Bedroom Shared,37
South Lanarkshire,2016,Number of Records,1 Bedroom Shared,66
West Dunbartonshire,2016,Number of Records,1 Bedroom Shared,45
West Lothian,2016,Number of Records,1 Bedroom Shared,70
Scotland,2017,Number of Records,1 Bedroom Shared,2381
Aberdeen and Shire,2017,Number of Records,1 Bedroom Shared,98
Argyll and Bute,2017,Number of Records,1 Bedroom Shared,45
Ayrshires,2017,Number of Records,1 Bedroom Shared,146
Dumfries and Galloway,2017,Number of Records,1 Bedroom Shared,98
Dundee and Angus,2017,Number of Records,1 Bedroom Shared,200
East Dunbartonshire,2017,Number of Records,1 Bedroom Shared,30
Fife,2017,Number of Records,1 Bedroom Shared,162
Forth Valley,2017,Number of Records,1 Bedroom Shared,137
Greater Glasgow,2017,Number of Records,1 Bedroom Shared,346
Highland and Islands,2017,Number of Records,1 Bedroom Shared,157
Lothian,2017,Number of Records,1 Bedroom Shared,397
North Lanarkshire,2017,Number of Records,1 Bedroom Shared,104
Perth and Kinross,2017,Number of Records,1 Bedroom Shared,82
Renfrewshire / Inverclyde,2017,Number of Records,1 Bedroom Shared,102
Scottish Borders,2017,Number of Records,1 Bedroom Shared,44
South Lanarkshire,2017,Number of Records,1 Bedroom Shared,107
West Dunbartonshire,2017,Number of Records,1 Bedroom Shared,51
West Lothian,2017,Number of Records,1 Bedroom Shared,75
Scotland,2018,Number of Records,1 Bedroom Shared,2378
Aberdeen and Shire,2018,Number of Records,1 Bedroom Shared,140
Argyll and Bute,2018,Number of Records,1 Bedroom Shared,32
Ayrshires,2018,Number of Records,1 Bedroom Shared,125
Dumfries and Galloway,2018,Number of Records,1 Bedroom Shared,108
Dundee and Angus,2018,Number of Records,1 Bedroom Shared,163
East Dunbartonshire,2018,Number of Records,1 Bedroom Shared,28
Fife,2018,Number of Records,1 Bedroom Shared,160
Forth Valley,2018,Number of Records,1 Bedroom Shared,100
Greater Glasgow,2018,Number of Records,1 Bedroom Shared,414
Highland and Islands,2018,Number of Records,1 Bedroom Shared,229
Lothian,2018,Number of Records,1 Bedroom Shared,422
North Lanarkshire,2018,Number of Records,1 Bedroom Shared,71
Perth and Kinross,2018,Number of Records,1 Bedroom Shared,67
Renfrewshire / Inverclyde,2018,Number of Records,1 Bedroom Shared,95
Scottish Borders,2018,Number of Records,1 Bedroom Shared,31
South Lanarkshire,2018,Number of Records,1 Bedroom Shared,76
West Dunbartonshire,2018,Number of Records,1 Bedroom Shared,36
West Lothian,2018,Number of Records,1 Bedroom Shared,81
Scotland,2019,Number of Records,1 Bedroom Shared,2581
Aberdeen and Shire,2019,Number of Records,1 Bedroom Shared,254
Argyll and Bute,2019,Number of Records,1 Bedroom Shared,46
Ayrshires,2019,Number of Records,1 Bedroom Shared,124
Dumfries and Galloway,2019,Number of Records,1 Bedroom Shared,115
Dundee and Angus,2019,Number of Records,1 Bedroom Shared,181
East Dunbartonshire,2019,Number of Records,1 Bedroom Shared,43
Fife,2019,Number of Records,1 Bedroom Shared,151
Forth Valley,2019,Number of Records,1 Bedroom Shared,83
Greater Glasgow,2019,Number of Records,1 Bedroom Shared,414
Highland and Islands,2019,Number of Records,1 Bedroom Shared,217
Lothian,2019,Number of Records,1 Bedroom Shared,453
North Lanarkshire,2019,Number of Records,1 Bedroom Shared,75
Perth and Kinross,2019,Number of Records,1 Bedroom Shared,70
Renfrewshire / Inverclyde,2019,Number of Records,1 Bedroom Shared,105
Scottish Borders,2019,Number of Records,1 Bedroom Shared,35
South Lanarkshire,2019,Number of Records,1 Bedroom Shared,82
West Dunbartonshire,2019,Number of Records,1 Bedroom Shared,45
West Lothian,2019,Number of Records,1 Bedroom Shared,87
Scotland,2020,Number of Records,1 Bedroom Shared,2081
Aberdeen and Shire,2020,Number of Records,1 Bedroom Shared,248
Argyll and Bute,2020,Number of Records,1 Bedroom Shared,31
Ayrshires,2020,Number of Records,1 Bedroom Shared,79
Dumfries and Galloway,2020,Number of Records,1 Bedroom Shared,108
Dundee and Angus,2020,Number of Records,1 Bedroom Shared,199
East Dunbartonshire,2020,Number of Records,1 Bedroom Shared,25
Fife,2020,Number of Records,1 Bedroom Shared,116
Forth Valley,2020,Number of Records,1 Bedroom Shared,48
Greater Glasgow,2020,Number of Records,1 Bedroom Shared,274
Highland and Islands,2020,Number of Records,1 Bedroom Shared,212
Lothian,2020,Number of Records,1 Bedroom Shared,363
North Lanarkshire,2020,Number of Records,1 Bedroom Shared,61
Perth and Kinross,2020,Number of Records,1 Bedroom Shared,61
Renfrewshire / Inverclyde,2020,Number of Records,1 Bedroom Shared,52
Scottish Borders,2020,Number of Records,1 Bedroom Shared,66
South Lanarkshire,2020,Number of Records,1 Bedroom Shared,57
West Dunbartonshire,2020,Number of Records,1 Bedroom Shared,35
West Lothian,2020,Number of Records,1 Bedroom Shared,46
Scotland,2021,Number of Records,1 Bedroom Shared,2056
Aberdeen and Shire,2021,Number of Records,1 Bedroom Shared,240
Argyll and Bute,2021,Number of Records,1 Bedroom Shared,34
Ayrshires,2021,Number of Records,1 Bedroom Shared,128
Dumfries and Galloway,2021,Number of Records,1 Bedroom Shared,127
Dundee and Angus,2021,Number of Records,1 Bedroom Shared,199
East Dunbartonshire,2021,Number of Records,1 Bedroom Shared,22
Fife,2021,Number of Records,1 Bedroom Shared,120
Forth Valley,2021,Number of Records,1 Bedroom Shared,46
Greater Glasgow,2021,Number of Records,1 Bedroom Shared,328
Highland and Islands,2021,Number of Records,1 Bedroom Shared,196
Lothian,2021,Number of Records,1 Bedroom Shared,340
North Lanarkshire,2021,Number of Records,1 Bedroom Shared,28
Perth and Kinross,2021,Number of Records,1 Bedroom Shared,49
Renfrewshire / Inverclyde,2021,Number of Records,1 Bedroom Shared,49
Scottish Borders,2021,Number of Records,1 Bedroom Shared,42
South Lanarkshire,2021,Number of Records,1 Bedroom Shared,31
West Dunbartonshire,2021,Number of Records,1 Bedroom Shared,37
West Lothian,2021,Number of Records,1 Bedroom Shared,40
Scotland,2022,Number of Records,1 Bedroom Shared,2065
Aberdeen and Shire,2022,Number of Records,1 Bedroom Shared,220
Argyll and Bute,2022,Number of Records,1 Bedroom Shared,49
Ayrshires,2022,Number of Records,1 Bedroom Shared,115
Dumfries and Galloway,2022,Number of Records,1 Bedroom Shared,90
Dundee and Angus,2022,Number of Records,1 Bedroom Shared,195
East Dunbartonshire,2022,Number of Records,1 Bedroom Shared,18
Fife,2022,Number of Records,1 Bedroom Shared,82
Forth Valley,2022,Number of Records,1 Bedroom Shared,75
Greater Glasgow,2022,Number of Records,1 Bedroom Shared,329
Highland and Islands,2022,Number of Records,1 Bedroom Shared,176
Lothian,2022,Number of Records,1 Bedroom Shared,403
North Lanarkshire,2022,Number of Records,1 Bedroom Shared,36
Perth and Kinross,2022,Number of Records,1 Bedroom Shared,49
Renfrewshire / Inverclyde,2022,Number of Records,1 Bedroom Shared,53
Scottish Borders,2022,Number of Records,1 Bedroom Shared,57
South Lanarkshire,2022,Number of Records,1 Bedroom Shared,33
West Dunbartonshire,2022,Number of Records,1 Bedroom Shared,39
West Lothian,2022,Number of Records,1 Bedroom Shared,46
Scotland,2023,Number of Records,1 Bedroom Shared,2673
Aberdeen and Shire,2023,Number of Records,1 Bedroom Shared,264
Argyll and Bute,2023,Number of Records,1 Bedroom Shared,40
Ayrshires,2023,Number of Records,1 Bedroom Shared,93
Dumfries and Galloway,2023,Number of Records,1 Bedroom Shared,83
Dundee and Angus,2023,Number of Records,1 Bedroom Shared,237
East Dunbartonshire,2023,Number of Records,1 Bedroom Shared,11
Fife,2023,Number of Records,1 Bedroom Shared,162
Forth Valley,2023,Number of Records,1 Bedroom Shared,200
Greater Glasgow,2023,Number of Records,1 Bedroom Shared,510
Highland and Islands,2023,Number of Records,1 Bedroom Shared,217
Lothian,2023,Number of Records,1 Bedroom Shared,439
North Lanarkshire,2023,Number of Records,1 Bedroom Shared,58
Perth and Kinross,2023,Number of Records,1 Bedroom Shared,60
Renfrewshire / Inverclyde,2023,Number of Records,1 Bedroom Shared,57
Scottish Borders,2023,Number of Records,1 Bedroom Shared,50
South Lanarkshire,2023,Number of Records,1 Bedroom Shared,63
West Dunbartonshire,2023,Number of Records,1 Bedroom Shared,31
West Lothian,2023,Number of Records,1 Bedroom Shared,98
Scotland,2024,Mean,1 Bedroom,710.304504
Aberdeen and Shire,2024,Mean,1 Bedroom,560.12
Argyll and Bute,2024,Mean,1 Bedroom,544.36
Ayrshires,2024,Mean,1 Bedroom,451.14
Dumfries and Galloway,2024,Mean,1 Bedroom,434.24
Dundee and Angus,2024,Mean,1 Bedroom,536.83
East Dunbartonshire,2024,Mean,1 Bedroom,679.94
Fife,2024,Mean,1 Bedroom,575.2
Forth Valley,2024,Mean,1 Bedroom,585.86
Greater Glasgow,2024,Mean,1 Bedroom,794.24
Highland and Islands,2024,Mean,1 Bedroom,551.79
Lothian,2024,Mean,1 Bedroom,1013.17
North Lanarkshire,2024,Mean,1 Bedroom,508.57
Perth and Kinross,2024,Mean,1 Bedroom,499.13
Renfrewshire / Inverclyde,2024,Mean,1 Bedroom,519.44
Scottish Borders,2024,Mean,1 Bedroom,451.08
South Lanarkshire,2024,Mean,1 Bedroom,535.96
West Dunbartonshire,2024,Mean,1 Bedroom,534.28
West Lothian,2024,Mean,1 Bedroom,613.72
Scotland,2024,Median,1 Bedroom,N/A
Aberdeen and Shire,2024,Median,1 Bedroom,550
Argyll and Bute,2024,Median,1 Bedroom,530
Ayrshires,2024,Median,1 Bedroom,430
Dumfries and Galloway,2024,Median,1 Bedroom,410
Dundee and Angus,2024,Median,1 Bedroom,525
East Dunbartonshire,2024,Median,1 Bedroom,695
Fife,2024,Median,1 Bedroom,525
Forth Valley,2024,Median,1 Bedroom,575
Greater Glasgow,2024,Median,1 Bedroom,795
Highland and Islands,2024,Median,1 Bedroom,550
Lothian,2024,Median,1 Bedroom,975
North Lanarkshire,2024,Median,1 Bedroom,500
Perth and Kinross,2024,Median,1 Bedroom,480
Renfrewshire / Inverclyde,2024,Median,1 Bedroom,500
Scottish Borders,2024,Median,1 Bedroom,425
South Lanarkshire,2024,Median,1 Bedroom,545
West Dunbartonshire,2024,Median,1 Bedroom,525
West Lothian,2024,Median,1 Bedroom,608.99
Scotland,2024,Upper Quartile,1 Bedroom,N/A
Aberdeen and Shire,2024,Upper Quartile,1 Bedroom,600
Argyll and Bute,2024,Upper Quartile,1 Bedroom,625
Ayrshires,2024,Upper Quartile,1 Bedroom,500
Dumfries and Galloway,2024,Upper Quartile,1 Bedroom,475
Dundee and Angus,2024,Upper Quartile,1 Bedroom,625
East Dunbartonshire,2024,Upper Quartile,1 Bedroom,750
Fife,2024,Upper Quartile,1 Bedroom,625
Forth Valley,2024,Upper Quartile,1 Bedroom,650
Greater Glasgow,2024,Upper Quartile,1 Bedroom,900
Highland and Islands,2024,Upper Quartile,1 Bedroom,625
Lothian,2024,Upper Quartile,1 Bedroom,1125
North Lanarkshire,2024,Upper Quartile,1 Bedroom,550
Perth and Kinross,2024,Upper Quartile,1 Bedroom,550
Renfrewshire / Inverclyde,2024,Upper Quartile,1 Bedroom,595
Scottish Borders,2024,Upper Quartile,1 Bedroom,475
South Lanarkshire,2024,Upper Quartile,1 Bedroom,595
West Dunbartonshire,2024,Upper Quartile,1 Bedroom,575
West Lothian,2024,Upper Quartile,1 Bedroom,674.88
Scotland,2024,Lower Quartile,1 Bedroom,N/A
Aberdeen and Shire,2024,Lower Quartile,1 Bedroom,500
Argyll and Bute,2024,Lower Quartile,1 Bedroom,450
Ayrshires,2024,Lower Quartile,1 Bedroom,395
Dumfries and Galloway,2024,Lower Quartile,1 Bedroom,380
Dundee and Angus,2024,Lower Quartile,1 Bedroom,430
East Dunbartonshire,2024,Lower Quartile,1 Bedroom,575
Fife,2024,Lower Quartile,1 Bedroom,470
Forth Valley,2024,Lower Quartile,1 Bedroom,475
Greater Glasgow,2024,Lower Quartile,1 Bedroom,675
Highland and Islands,2024,Lower Quartile,1 Bedroom,470.47
Lothian,2024,Lower Quartile,1 Bedroom,875
North Lanarkshire,2024,Lower Quartile,1 Bedroom,450
Perth and Kinross,2024,Lower Quartile,1 Bedroom,420
Renfrewshire / Inverclyde,2024,Lower Quartile,1 Bedroom,425
Scottish Borders,2024,Lower Quartile,1 Bedroom,400
South Lanarkshire,2024,Lower Quartile,1 Bedroom,465
West Dunbartonshire,2024,Lower Quartile,1 Bedroom,475
West Lothian,2024,Lower Quartile,1 Bedroom,550
Scotland,2024,Number of Records,1 Bedroom,9929
Aberdeen and Shire,2024,Number of Records,1 Bedroom,1288
Argyll and Bute,2024,Number of Records,1 Bedroom,81
Ayrshires,2024,Number of Records,1 Bedroom,410
Dumfries and Galloway,2024,Number of Records,1 Bedroom,271
Dundee and Angus,2024,Number of Records,1 Bedroom,666
East Dunbartonshire,2024,Number of Records,1 Bedroom,110
Fife,2024,Number of Records,1 Bedroom,379
Forth Valley,2024,Number of Records,1 Bedroom,335
Greater Glasgow,2024,Number of Records,1 Bedroom,2187
Highland and Islands,2024,Number of Records,1 Bedroom,354
Lothian,2024,Number of Records,1 Bedroom,1761
North Lanarkshire,2024,Number of Records,1 Bedroom,245
Perth and Kinross,2024,Number of Records,1 Bedroom,312
Renfrewshire / Inverclyde,2024,Number of Records,1 Bedroom,663
Scottish Borders,2024,Number of Records,1 Bedroom,114
South Lanarkshire,2024,Number of Records,1 Bedroom,519
West Dunbartonshire,2024,Number of Records,1 Bedroom,93
West Lothian,2024,Number of Records,1 Bedroom,141
Scotland,2024,Mean,2 Bedroom,893.413794
Aberdeen and Shire,2024,Mean,2 Bedroom,765.72
Argyll and Bute,2024,Mean,2 Bedroom,756.4
Ayrshires,2024,Mean,2 Bedroom,594.76
Dumfries and Galloway,2024,Mean,2 Bedroom,504.61
Dundee and Angus,2024,Mean,2 Bedroom,813.24
East Dunbartonshire,2024,Mean,2 Bedroom,937.69
Fife,2024,Mean,2 Bedroom,741.33
Forth Valley,2024,Mean,2 Bedroom,792.52
Greater Glasgow,2024,Mean,2 Bedroom,1024.45
Highland and Islands,2024,Mean,2 Bedroom,697.22
Lothian,2024,Mean,2 Bedroom,1358.36
North Lanarkshire,2024,Mean,2 Bedroom,672.35
Perth and Kinross,2024,Mean,2 Bedroom,667.78
Renfrewshire / Inverclyde,2024,Mean,2 Bedroom,697.13
Scottish Borders,2024,Mean,2 Bedroom,609.49
South Lanarkshire,2024,Mean,2 Bedroom,713.58
West Dunbartonshire,2024,Mean,2 Bedroom,725.69
West Lothian,2024,Mean,2 Bedroom,772.19
Scotland,2024,Median,2 Bedroom,N/A
Aberdeen and Shire,2024,Median,2 Bedroom,750
Argyll and Bute,2024,Median,2 Bedroom,750
Ayrshires,2024,Median,2 Bedroom,575
Dumfries and Galloway,2024,Median,2 Bedroom,495
Dundee and Angus,2024,Median,2 Bedroom,800
East Dunbartonshire,2024,Median,2 Bedroom,900
Fife,2024,Median,2 Bedroom,675
Forth Valley,2024,Median,2 Bedroom,750
Greater Glasgow,2024,Median,2 Bedroom,995
Highland and Islands,2024,Median,2 Bedroom,695
Lothian,2024,Median,2 Bedroom,1327.5
North Lanarkshire,2024,Median,2 Bedroom,675
Perth and Kinross,2024,Median,2 Bedroom,650
Renfrewshire / Inverclyde,2024,Median,2 Bedroom,680
Scottish Borders,2024,Median,2 Bedroom,575.5
South Lanarkshire,2024,Median,2 Bedroom,695
West Dunbartonshire,2024,Median,2 Bedroom,725
West Lothian,2024,Median,2 Bedroom,750
Scotland,2024,Upper Quartile,2 Bedroom,N/A
Aberdeen and Shire,2024,Upper Quartile,2 Bedroom,850
Argyll and Bute,2024,Upper Quartile,2 Bedroom,850
Ayrshires,2024,Upper Quartile,2 Bedroom,650
Dumfries and Galloway,2024,Upper Quartile,2 Bedroom,550
Dundee and Angus,2024,Upper Quartile,2 Bedroom,950
East Dunbartonshire,2024,Upper Quartile,2 Bedroom,1050
Fife,2024,Upper Quartile,2 Bedroom,795
Forth Valley,2024,Upper Quartile,2 Bedroom,895
Greater Glasgow,2024,Upper Quartile,2 Bedroom,1200
Highland and Islands,2024,Upper Quartile,2 Bedroom,795
Lothian,2024,Upper Quartile,2 Bedroom,1500
North Lanarkshire,2024,Upper Quartile,2 Bedroom,750
Perth and Kinross,2024,Upper Quartile,2 Bedroom,750
Renfrewshire / Inverclyde,2024,Upper Quartile,2 Bedroom,800
Scottish Borders,2024,Upper Quartile,2 Bedroom,695
South Lanarkshire,2024,Upper Quartile,2 Bedroom,795
West Dunbartonshire,2024,Upper Quartile,2 Bedroom,795
West Lothian,2024,Upper Quartile,2 Bedroom,850
Scotland,2024,Lower Quartile,2 Bedroom,N/A
Aberdeen and Shire,2024,Lower Quartile,2 Bedroom,650
Argyll and Bute,2024,Lower Quartile,2 Bedroom,625
Ayrshires,2024,Lower Quartile,2 Bedroom,495
Dumfries and Galloway,2024,Lower Quartile,2 Bedroom,440
Dundee and Angus,2024,Lower Quartile,2 Bedroom,650
East Dunbartonshire,2024,Lower Quartile,2 Bedroom,775
Fife,2024,Lower Quartile,2 Bedroom,575
Forth Valley,2024,Lower Quartile,2 Bedroom,675
Greater Glasgow,2024,Lower Quartile,2 Bedroom,820
Highland and Islands,2024,Lower Quartile,2 Bedroom,600
Lothian,2024,Lower Quartile,2 Bedroom,1165
North Lanarkshire,2024,Lower Quartile,2 Bedroom,595
Perth and Kinross,2024,Lower Quartile,2 Bedroom,550
Renfrewshire / Inverclyde,2024,Lower Quartile,2 Bedroom,550
Scottish Borders,2024,Lower Quartile,2 Bedroom,495
South Lanarkshire,2024,Lower Quartile,2 Bedroom,595
West Dunbartonshire,2024,Lower Quartile,2 Bedroom,625
West Lothian,2024,Lower Quartile,2 Bedroom,675
Scotland,2024,Number of Records,2 Bedroom,19277
Aberdeen and Shire,2024,Number of Records,2 Bedroom,2075
Argyll and Bute,2024,Number of Records,2 Bedroom,135
Ayrshires,2024,Number of Records,2 Bedroom,782
Dumfries and Galloway,2024,Number of Records,2 Bedroom,570
Dundee and Angus,2024,Number of Records,2 Bedroom,1175
East Dunbartonshire,2024,Number of Records,2 Bedroom,248
Fife,2024,Number of Records,2 Bedroom,1068
Forth Valley,2024,Number of Records,2 Bedroom,981
Greater Glasgow,2024,Number of Records,2 Bedroom,3667
Highland and Islands,2024,Number of Records,2 Bedroom,920
Lothian,2024,Number of Records,2 Bedroom,2906
North Lanarkshire,2024,Number of Records,2 Bedroom,681
Perth and Kinross,2024,Number of Records,2 Bedroom,500
Renfrewshire / Inverclyde,2024,Number of Records,2 Bedroom,1267
Scottish Borders,2024,Number of Records,2 Bedroom,258
South Lanarkshire,2024,Number of Records,2 Bedroom,1272
West Dunbartonshire,2024,Number of Records,2 Bedroom,208
West Lothian,2024,Number of Records,2 Bedroom,564
Scotland,2024,Mean,3 Bedroom,1136.220735
Aberdeen and Shire,2024,Mean,3 Bedroom,1066.75
Argyll and Bute,2024,Mean,3 Bedroom,1026.25
Ayrshires,2024,Mean,3 Bedroom,751.97
Dumfries and Galloway,2024,Mean,3 Bedroom,603.23
Dundee and Angus,2024,Mean,3 Bedroom,1107.92
East Dunbartonshire,2024,Mean,3 Bedroom,1296.14
Fife,2024,Mean,3 Bedroom,1010.45
Forth Valley,2024,Mean,3 Bedroom,1088.53
Greater Glasgow,2024,Mean,3 Bedroom,1354.13
Highland and Islands,2024,Mean,3 Bedroom,865.89
Lothian,2024,Mean,3 Bedroom,1906.56
North Lanarkshire,2024,Mean,3 Bedroom,823.83
Perth and Kinross,2024,Mean,3 Bedroom,908.3
Renfrewshire / Inverclyde,2024,Mean,3 Bedroom,844.08
Scottish Borders,2024,Mean,3 Bedroom,802.26
South Lanarkshire,2024,Mean,3 Bedroom,936.25
West Dunbartonshire,2024,Mean,3 Bedroom,894.9
West Lothian,2024,Mean,3 Bedroom,994.41
Scotland,2024,Median,3 Bedroom,N/A
Aberdeen and Shire,2024,Median,3 Bedroom,999.5
Argyll and Bute,2024,Median,3 Bedroom,925
Ayrshires,2024,Median,3 Bedroom,700
Dumfries and Galloway,2024,Median,3 Bedroom,553.25
Dundee and Angus,2024,Median,3 Bedroom,1125
East Dunbartonshire,2024,Median,3 Bedroom,1295
Fife,2024,Median,3 Bedroom,895
Forth Valley,2024,Median,3 Bedroom,1000
Greater Glasgow,2024,Median,3 Bedroom,1300
Highland and Islands,2024,Median,3 Bedroom,845
Lothian,2024,Median,3 Bedroom,1895
North Lanarkshire,2024,Median,3 Bedroom,795
Perth and Kinross,2024,Median,3 Bedroom,895
Renfrewshire / Inverclyde,2024,Median,3 Bedroom,795
Scottish Borders,2024,Median,3 Bedroom,750
South Lanarkshire,2024,Median,3 Bedroom,895
West Dunbartonshire,2024,Median,3 Bedroom,800
West Lothian,2024,Median,3 Bedroom,950
Scotland,2024,Upper Quartile,3 Bedroom,N/A
Aberdeen and Shire,2024,Upper Quartile,3 Bedroom,1200
Argyll and Bute,2024,Upper Quartile,3 Bedroom,1275
Ayrshires,2024,Upper Quartile,3 Bedroom,827.5
Dumfries and Galloway,2024,Upper Quartile,3 Bedroom,675.86
Dundee and Angus,2024,Upper Quartile,3 Bedroom,1350
East Dunbartonshire,2024,Upper Quartile,3 Bedroom,1495
Fife,2024,Upper Quartile,3 Bedroom,1200
Forth Valley,2024,Upper Quartile,3 Bedroom,1350
Greater Glasgow,2024,Upper Quartile,3 Bedroom,1650
Highland and Islands,2024,Upper Quartile,3 Bedroom,995
Lothian,2024,Upper Quartile,3 Bedroom,2210
North Lanarkshire,2024,Upper Quartile,3 Bedroom,895
Perth and Kinross,2024,Upper Quartile,3 Bedroom,1100
Renfrewshire / Inverclyde,2024,Upper Quartile,3 Bedroom,950
Scottish Borders,2024,Upper Quartile,3 Bedroom,925
South Lanarkshire,2024,Upper Quartile,3 Bedroom,1100
West Dunbartonshire,2024,Upper Quartile,3 Bedroom,1100
West Lothian,2024,Upper Quartile,3 Bedroom,1175
Scotland,2024,Lower Quartile,3 Bedroom,N/A
Aberdeen and Shire,2024,Lower Quartile,3 Bedroom,850
Argyll and Bute,2024,Lower Quartile,3 Bedroom,750
Ayrshires,2024,Lower Quartile,3 Bedroom,595
Dumfries and Galloway,2024,Lower Quartile,3 Bedroom,500
Dundee and Angus,2024,Lower Quartile,3 Bedroom,875
East Dunbartonshire,2024,Lower Quartile,3 Bedroom,1000
Fife,2024,Lower Quartile,3 Bedroom,725
Forth Valley,2024,Lower Quartile,3 Bedroom,825
Greater Glasgow,2024,Lower Quartile,3 Bedroom,950
Highland and Islands,2024,Lower Quartile,3 Bedroom,700
Lothian,2024,Lower Quartile,3 Bedroom,1595
North Lanarkshire,2024,Lower Quartile,3 Bedroom,675
Perth and Kinross,2024,Lower Quartile,3 Bedroom,725
Renfrewshire / Inverclyde,2024,Lower Quartile,3 Bedroom,650
Scottish Borders,2024,Lower Quartile,3 Bedroom,600
South Lanarkshire,2024,Lower Quartile,3 Bedroom,750
West Dunbartonshire,2024,Lower Quartile,3 Bedroom,700
West Lothian,2024,Lower Quartile,3 Bedroom,800
Scotland,2024,Number of Records,3 Bedroom,7199
Aberdeen and Shire,2024,Number of Records,3 Bedroom,590
Argyll and Bute,2024,Number of Records,3 Bedroom,48
Ayrshires,2024,Number of Records,3 Bedroom,380
Dumfries and Galloway,2024,Number of Records,3 Bedroom,284
Dundee and Angus,2024,Number of Records,3 Bedroom,424
East Dunbartonshire,2024,Number of Records,3 Bedroom,132
Fife,2024,Number of Records,3 Bedroom,417
Forth Valley,2024,Number of Records,3 Bedroom,376
Greater Glasgow,2024,Number of Records,3 Bedroom,1145
Highland and Islands,2024,Number of Records,3 Bedroom,455
Lothian,2024,Number of Records,3 Bedroom,1074
North Lanarkshire,2024,Number of Records,3 Bedroom,328
Perth and Kinross,2024,Number of Records,3 Bedroom,189
Renfrewshire / Inverclyde,2024,Number of Records,3 Bedroom,392
Scottish Borders,2024,Number of Records,3 Bedroom,199
South Lanarkshire,2024,Number of Records,3 Bedroom,437
West Dunbartonshire,2024,Number of Records,3 Bedroom,77
West Lothian,2024,Number of Records,3 Bedroom,252
Scotland,2024,Mean,4 Bedroom,1792.980012
Aberdeen and Shire,2024,Mean,4 Bedroom,1618.6
Argyll and Bute,2024,Mean,4 Bedroom,1632.06
Ayrshires,2024,Mean,4 Bedroom,1246.67
Dumfries and Galloway,2024,Mean,4 Bedroom,964.38
Dundee and Angus,2024,Mean,4 Bedroom,1494.7
East Dunbartonshire,2024,Mean,4 Bedroom,1971.63
Fife,2024,Mean,4 Bedroom,1638.32
Forth Valley,2024,Mean,4 Bedroom,1619.81
Greater Glasgow,2024,Mean,4 Bedroom,2217.04
Highland and Islands,2024,Mean,4 Bedroom,1174.79
Lothian,2024,Mean,4 Bedroom,2640.96
North Lanarkshire,2024,Mean,4 Bedroom,1237.63
Perth and Kinross,2024,Mean,4 Bedroom,1494.74
Renfrewshire / Inverclyde,2024,Mean,4 Bedroom,1359.75
Scottish Borders,2024,Mean,4 Bedroom,1393.88
South Lanarkshire,2024,Mean,4 Bedroom,1466.78
West Dunbartonshire,2024,Mean,4 Bedroom,1220
West Lothian,2024,Mean,4 Bedroom,1453.82
Scotland,2024,Median,4 Bedroom,N/A
Aberdeen and Shire,2024,Median,4 Bedroom,1550
Argyll and Bute,2024,Median,4 Bedroom,1550
Ayrshires,2024,Median,4 Bedroom,1075
Dumfries and Galloway,2024,Median,4 Bedroom,825
Dundee and Angus,2024,Median,4 Bedroom,1520
East Dunbartonshire,2024,Median,4 Bedroom,1825
Fife,2024,Median,4 Bedroom,1595
Forth Valley,2024,Median,4 Bedroom,1550
Greater Glasgow,2024,Median,4 Bedroom,2200
Highland and Islands,2024,Median,4 Bedroom,1200
Lothian,2024,Median,4 Bedroom,2660
North Lanarkshire,2024,Median,4 Bedroom,1200
Perth and Kinross,2024,Median,4 Bedroom,1495
Renfrewshire / Inverclyde,2024,Median,4 Bedroom,1400
Scottish Borders,2024,Median,4 Bedroom,1325
South Lanarkshire,2024,Median,4 Bedroom,1495
West Dunbartonshire,2024,Median,4 Bedroom,1222.5
West Lothian,2024,Median,4 Bedroom,1400
Scotland,2024,Upper Quartile,4 Bedroom,N/A
Aberdeen and Shire,2024,Upper Quartile,4 Bedroom,1800
Argyll and Bute,2024,Upper Quartile,4 Bedroom,1950
Ayrshires,2024,Upper Quartile,4 Bedroom,1450
Dumfries and Galloway,2024,Upper Quartile,4 Bedroom,1095
Dundee and Angus,2024,Upper Quartile,4 Bedroom,1800
East Dunbartonshire,2024,Upper Quartile,4 Bedroom,2450
Fife,2024,Upper Quartile,4 Bedroom,1850
Forth Valley,2024,Upper Quartile,4 Bedroom,1950
Greater Glasgow,2024,Upper Quartile,4 Bedroom,2695
Highland and Islands,2024,Upper Quartile,4 Bedroom,1400
Lothian,2024,Upper Quartile,4 Bedroom,3000
North Lanarkshire,2024,Upper Quartile,4 Bedroom,1500
Perth and Kinross,2024,Upper Quartile,4 Bedroom,1775
Renfrewshire / Inverclyde,2024,Upper Quartile,4 Bedroom,1650
Scottish Borders,2024,Upper Quartile,4 Bedroom,1750.5
South Lanarkshire,2024,Upper Quartile,4 Bedroom,1750
West Dunbartonshire,2024,Upper Quartile,4 Bedroom,1350
West Lothian,2024,Upper Quartile,4 Bedroom,1700
Scotland,2024,Lower Quartile,4 Bedroom,N/A
Aberdeen and Shire,2024,Lower Quartile,4 Bedroom,1300
Argyll and Bute,2024,Lower Quartile,4 Bedroom,1400
Ayrshires,2024,Lower Quartile,4 Bedroom,750
Dumfries and Galloway,2024,Lower Quartile,4 Bedroom,670
Dundee and Angus,2024,Lower Quartile,4 Bedroom,1217.5
East Dunbartonshire,2024,Lower Quartile,4 Bedroom,1550
Fife,2024,Lower Quartile,4 Bedroom,1250
Forth Valley,2024,Lower Quartile,4 Bedroom,1350
Greater Glasgow,2024,Lower Quartile,4 Bedroom,1800
Highland and Islands,2024,Lower Quartile,4 Bedroom,900
Lothian,2024,Lower Quartile,4 Bedroom,2200
North Lanarkshire,2024,Lower Quartile,4 Bedroom,945
Perth and Kinross,2024,Lower Quartile,4 Bedroom,1200
Renfrewshire / Inverclyde,2024,Lower Quartile,4 Bedroom,1100
Scottish Borders,2024,Lower Quartile,4 Bedroom,1012.5
South Lanarkshire,2024,Lower Quartile,4 Bedroom,1128.5
West Dunbartonshire,2024,Lower Quartile,4 Bedroom,950
West Lothian,2024,Lower Quartile,4 Bedroom,1250
Scotland,2024,Number of Records,4 Bedroom,2366
Aberdeen and Shire,2024,Number of Records,4 Bedroom,317
Argyll and Bute,2024,Number of Records,4 Bedroom,17
Ayrshires,2024,Number of Records,4 Bedroom,66
Dumfries and Galloway,2024,Number of Records,4 Bedroom,50
Dundee and Angus,2024,Number of Records,4 Bedroom,152
East Dunbartonshire,2024,Number of Records,4 Bedroom,70
Fife,2024,Number of Records,4 Bedroom,159
Forth Valley,2024,Number of Records,4 Bedroom,122
Greater Glasgow,2024,Number of Records,4 Bedroom,326
Highland and Islands,2024,Number of Records,4 Bedroom,120
Lothian,2024,Number of Records,4 Bedroom,524
North Lanarkshire,2024,Number of Records,4 Bedroom,65
Perth and Kinross,2024,Number of Records,4 Bedroom,60
Renfrewshire / Inverclyde,2024,Number of Records,4 Bedroom,81
Scottish Borders,2024,Number of Records,4 Bedroom,40
South Lanarkshire,2024,Number of Records,4 Bedroom,104
West Dunbartonshire,2024,Number of Records,4 Bedroom,12
West Lothian,2024,Number of Records,4 Bedroom,81
Scotland,2024,Mean,1 Bedroom Shared,530.4635109
Aberdeen and Shire,2024,Mean,1 Bedroom Shared,402.65
Argyll and Bute,2024,Mean,1 Bedroom Shared,495.96
Ayrshires,2024,Mean,1 Bedroom Shared,530.63
Dumfries and Galloway,2024,Mean,1 Bedroom Shared,438.29
Dundee and Angus,2024,Mean,1 Bedroom Shared,429.2
East Dunbartonshire,2024,Mean,1 Bedroom Shared,531.04
Fife,2024,Mean,1 Bedroom Shared,521.93
Forth Valley,2024,Mean,1 Bedroom Shared,559.31
Greater Glasgow,2024,Mean,1 Bedroom Shared,545.95
Highland and Islands,2024,Mean,1 Bedroom Shared,478.93
Lothian,2024,Mean,1 Bedroom Shared,594.71
North Lanarkshire,2024,Mean,1 Bedroom Shared,426.7
Perth and Kinross,2024,Mean,1 Bedroom Shared,474.14
Renfrewshire / Inverclyde,2024,Mean,1 Bedroom Shared,439.67
Scottish Borders,2024,Mean,1 Bedroom Shared,443.7
South Lanarkshire,2024,Mean,1 Bedroom Shared,526.2
West Dunbartonshire,2024,Mean,1 Bedroom Shared,520.77
West Lothian,2024,Mean,1 Bedroom Shared,516.72
Scotland,2024,Median,1 Bedroom Shared,N/A
Aberdeen and Shire,2024,Median,1 Bedroom Shared,400
Argyll and Bute,2024,Median,1 Bedroom Shared,434.76
Ayrshires,2024,Median,1 Bedroom Shared,500
Dumfries and Galloway,2024,Median,1 Bedroom Shared,425
Dundee and Angus,2024,Median,1 Bedroom Shared,401
East Dunbartonshire,2024,Median,1 Bedroom Shared,500
Fife,2024,Median,1 Bedroom Shared,488.33
Forth Valley,2024,Median,1 Bedroom Shared,531.67
Greater Glasgow,2024,Median,1 Bedroom Shared,550
Highland and Islands,2024,Median,1 Bedroom Shared,465
Lothian,2024,Median,1 Bedroom Shared,595
North Lanarkshire,2024,Median,1 Bedroom Shared,400
Perth and Kinross,2024,Median,1 Bedroom Shared,450
Renfrewshire / Inverclyde,2024,Median,1 Bedroom Shared,425
Scottish Borders,2024,Median,1 Bedroom Shared,425
South Lanarkshire,2024,Median,1 Bedroom Shared,483.33
West Dunbartonshire,2024,Median,1 Bedroom Shared,475
West Lothian,2024,Median,1 Bedroom Shared,486
Scotland,2024,Upper Quartile,1 Bedroom Shared,N/A
Aberdeen and Shire,2024,Upper Quartile,1 Bedroom Shared,450
Argyll and Bute,2024,Upper Quartile,1 Bedroom Shared,507.5
Ayrshires,2024,Upper Quartile,1 Bedroom Shared,580
Dumfries and Galloway,2024,Upper Quartile,1 Bedroom Shared,525
Dundee and Angus,2024,Upper Quartile,1 Bedroom Shared,490
East Dunbartonshire,2024,Upper Quartile,1 Bedroom Shared,600
Fife,2024,Upper Quartile,1 Bedroom Shared,590
Forth Valley,2024,Upper Quartile,1 Bedroom Shared,607.5
Greater Glasgow,2024,Upper Quartile,1 Bedroom Shared,622.5
Highland and Islands,2024,Upper Quartile,1 Bedroom Shared,550
Lothian,2024,Upper Quartile,1 Bedroom Shared,675
North Lanarkshire,2024,Upper Quartile,1 Bedroom Shared,500
Perth and Kinross,2024,Upper Quartile,1 Bedroom Shared,543
Renfrewshire / Inverclyde,2024,Upper Quartile,1 Bedroom Shared,500
Scottish Borders,2024,Upper Quartile,1 Bedroom Shared,500
South Lanarkshire,2024,Upper Quartile,1 Bedroom Shared,625
West Dunbartonshire,2024,Upper Quartile,1 Bedroom Shared,650
West Lothian,2024,Upper Quartile,1 Bedroom Shared,580
Scotland,2024,Lower Quartile,1 Bedroom Shared,N/A
Aberdeen and Shire,2024,Lower Quartile,1 Bedroom Shared,335
Argyll and Bute,2024,Lower Quartile,1 Bedroom Shared,395.54
Ayrshires,2024,Lower Quartile,1 Bedroom Shared,400
Dumfries and Galloway,2024,Lower Quartile,1 Bedroom Shared,368.33
Dundee and Angus,2024,Lower Quartile,1 Bedroom Shared,380
East Dunbartonshire,2024,Lower Quartile,1 Bedroom Shared,450
Fife,2024,Lower Quartile,1 Bedroom Shared,400
Forth Valley,2024,Lower Quartile,1 Bedroom Shared,464.11
Greater Glasgow,2024,Lower Quartile,1 Bedroom Shared,450
Highland and Islands,2024,Lower Quartile,1 Bedroom Shared,400
Lothian,2024,Lower Quartile,1 Bedroom Shared,500
North Lanarkshire,2024,Lower Quartile,1 Bedroom Shared,350
Perth and Kinross,2024,Lower Quartile,1 Bedroom Shared,377.98
Renfrewshire / Inverclyde,2024,Lower Quartile,1 Bedroom Shared,380
Scottish Borders,2024,Lower Quartile,1 Bedroom Shared,360
South Lanarkshire,2024,Lower Quartile,1 Bedroom Shared,400
West Dunbartonshire,2024,Lower Quartile,1 Bedroom Shared,350
West Lothian,2024,Lower Quartile,1 Bedroom Shared,435
Scotland,2024,Number of Records,1 Bedroom Shared,2590
Aberdeen and Shire,2024,Number of Records,1 Bedroom Shared,259
Argyll and Bute,2024,Number of Records,1 Bedroom Shared,32
Ayrshires,2024,Number of Records,1 Bedroom Shared,130
Dumfries and Galloway,2024,Number of Records,1 Bedroom Shared,133
Dundee and Angus,2024,Number of Records,1 Bedroom Shared,267
East Dunbartonshire,2024,Number of Records,1 Bedroom Shared,18
Fife,2024,Number of Records,1 Bedroom Shared,152
Forth Valley,2024,Number of Records,1 Bedroom Shared,148
Greater Glasgow,2024,Number of Records,1 Bedroom Shared,332
Highland and Islands,2024,Number of Records,1 Bedroom Shared,191
Lothian,2024,Number of Records,1 Bedroom Shared,533
North Lanarkshire,2024,Number of Records,1 Bedroom Shared,44
Perth and Kinross,2024,Number of Records,1 Bedroom Shared,63
Renfrewshire / Inverclyde,2024,Number of Records,1 Bedroom Shared,69
Scottish Borders,2024,Number of Records,1 Bedroom Shared,50
South Lanarkshire,2024,Number of Records,1 Bedroom Shared,47
West Dunbartonshire,2024,Number of Records,1 Bedroom Shared,31
West Lothian,2024,Number of Records,1 Bedroom Shared,91
Aberdeen and Shire,2025,Lower Quartile,1 Bedroom,525
Aberdeen and Shire,2025,Mean,1 Bedroom,572.1352263
Aberdeen and Shire,2025,Median,1 Bedroom,570
Aberdeen and Shire,2025,Number of Records,1 Bedroom,1127
Aberdeen and Shire,2025,Upper Quartile,1 Bedroom,600
Argyll and Bute,2025,Lower Quartile,1 Bedroom,500
Argyll and Bute,2025,Mean,1 Bedroom,568.0335714
Argyll and Bute,2025,Median,1 Bedroom,550
Argyll and Bute,2025,Number of Records,1 Bedroom,98
Argyll and Bute,2025,Upper Quartile,1 Bedroom,650
Ayrshires,2025,Lower Quartile,1 Bedroom,399
Ayrshires,2025,Mean,1 Bedroom,470.5283241
Ayrshires,2025,Median,1 Bedroom,450
Ayrshires,2025,Number of Records,1 Bedroom,543
Ayrshires,2025,Upper Quartile,1 Bedroom,525
Dumfries and Galloway,2025,Lower Quartile,1 Bedroom,450
Dumfries and Galloway,2025,Mean,1 Bedroom,504.3230625
Dumfries and Galloway,2025,Median,1 Bedroom,499.35
Dumfries and Galloway,2025,Number of Records,1 Bedroom,160
Dumfries and Galloway,2025,Upper Quartile,1 Bedroom,550
Dundee and Angus,2025,Lower Quartile,1 Bedroom,450
Dundee and Angus,2025,Mean,1 Bedroom,543.0909499
Dundee and Angus,2025,Median,1 Bedroom,550
Dundee and Angus,2025,Number of Records,1 Bedroom,579
Dundee and Angus,2025,Upper Quartile,1 Bedroom,600
East Dunbartonshire,2025,Lower Quartile,1 Bedroom,595
East Dunbartonshire,2025,Mean,1 Bedroom,688.0379747
East Dunbartonshire,2025,Median,1 Bedroom,695
East Dunbartonshire,2025,Number of Records,1 Bedroom,79
East Dunbartonshire,2025,Upper Quartile,1 Bedroom,775
Fife,2025,Lower Quartile,1 Bedroom,460
Fife,2025,Mean,1 Bedroom,577.5110941
Fife,2025,Median,1 Bedroom,540
Fife,2025,Number of Records,1 Bedroom,393
Fife,2025,Upper Quartile,1 Bedroom,625
Forth Valley,2025,Lower Quartile,1 Bedroom,500
Forth Valley,2025,Mean,1 Bedroom,609.7451724
Forth Valley,2025,Median,1 Bedroom,595
Forth Valley,2025,Number of Records,1 Bedroom,261
Forth Valley,2025,Upper Quartile,1 Bedroom,689
Greater Glasgow,2025,Lower Quartile,1 Bedroom,750
Greater Glasgow,2025,Mean,1 Bedroom,865.4814403
Greater Glasgow,2025,Median,1 Bedroom,850
Greater Glasgow,2025,Number of Records,1 Bedroom,1708
Greater Glasgow,2025,Upper Quartile,1 Bedroom,950
Highland and Islands,2025,Lower Quartile,1 Bedroom,500
Highland and Islands,2025,Mean,1 Bedroom,585.8321429
Highland and Islands,2025,Median,1 Bedroom,595
Highland and Islands,2025,Number of Records,1 Bedroom,280
Highland and Islands,2025,Upper Quartile,1 Bedroom,650
Lothian,2025,Lower Quartile,1 Bedroom,900
Lothian,2025,Mean,1 Bedroom,1057.472144
Lothian,2025,Median,1 Bedroom,1000
Lothian,2025,Number of Records,1 Bedroom,1754
Lothian,2025,Upper Quartile,1 Bedroom,1165
North Lanarkshire,2025,Lower Quartile,1 Bedroom,495
North Lanarkshire,2025,Mean,1 Bedroom,553.1067227
North Lanarkshire,2025,Median,1 Bedroom,550
North Lanarkshire,2025,Number of Records,1 Bedroom,238
North Lanarkshire,2025,Upper Quartile,1 Bedroom,600
Perth and Kinross,2025,Lower Quartile,1 Bedroom,450
Perth and Kinross,2025,Mean,1 Bedroom,521.8196885
Perth and Kinross,2025,Median,1 Bedroom,500
Perth and Kinross,2025,Number of Records,1 Bedroom,321
Perth and Kinross,2025,Upper Quartile,1 Bedroom,585
Renfrewshire / Inverclyde,2025,Lower Quartile,1 Bedroom,466.75
Renfrewshire / Inverclyde,2025,Mean,1 Bedroom,545.5291898
Renfrewshire / Inverclyde,2025,Median,1 Bedroom,550
Renfrewshire / Inverclyde,2025,Number of Records,1 Bedroom,432
Renfrewshire / Inverclyde,2025,Upper Quartile,1 Bedroom,622.5
Scotland,2025,Lower Quartile,1 Bedroom,NA
Scotland,2025,Mean,1 Bedroom,738.4052651
Scotland,2025,Median,1 Bedroom,NA
Scotland,2025,Number of Records,1 Bedroom,8683
Scotland,2025,Upper Quartile,1 Bedroom,NA
Scottish Borders,2025,Lower Quartile,1 Bedroom,400
Scottish Borders,2025,Mean,1 Bedroom,461.1338953
Scottish Borders,2025,Median,1 Bedroom,450
Scottish Borders,2025,Number of Records,1 Bedroom,172
Scottish Borders,2025,Upper Quartile,1 Bedroom,500
South Lanarkshire,2025,Lower Quartile,1 Bedroom,495
South Lanarkshire,2025,Mean,1 Bedroom,566.0011176
South Lanarkshire,2025,Median,1 Bedroom,553
South Lanarkshire,2025,Number of Records,1 Bedroom,340
South Lanarkshire,2025,Upper Quartile,1 Bedroom,625
West Dunbartonshire,2025,Lower Quartile,1 Bedroom,495
West Dunbartonshire,2025,Mean,1 Bedroom,554.1954023
West Dunbartonshire,2025,Median,1 Bedroom,550
West Dunbartonshire,2025,Number of Records,1 Bedroom,87
West Dunbartonshire,2025,Upper Quartile,1 Bedroom,600
West Lothian,2025,Lower Quartile,1 Bedroom,525
West Lothian,2025,Mean,1 Bedroom,612.0820721
West Lothian,2025,Median,1 Bedroom,625
West Lothian,2025,Number of Records,1 Bedroom,111
West Lothian,2025,Upper Quartile,1 Bedroom,690
Aberdeen and Shire,2025,Lower Quartile,1 Bedroom shared,334.52
Aberdeen and Shire,2025,Mean,1 Bedroom shared,422.3826809
Aberdeen and Shire,2025,Median,1 Bedroom shared,400
Aberdeen and Shire,2025,Number of Records,1 Bedroom shared,235
Aberdeen and Shire,2025,Upper Quartile,1 Bedroom shared,486.61
Argyll and Bute,2025,Lower Quartile,1 Bedroom shared,350
Argyll and Bute,2025,Mean,1 Bedroom shared,480.4921429
Argyll and Bute,2025,Median,1 Bedroom shared,475
Argyll and Bute,2025,Number of Records,1 Bedroom shared,42
Argyll and Bute,2025,Upper Quartile,1 Bedroom shared,550
Ayrshires,2025,Lower Quartile,1 Bedroom shared,375
Ayrshires,2025,Mean,1 Bedroom shared,500.240122
Ayrshires,2025,Median,1 Bedroom shared,475
Ayrshires,2025,Number of Records,1 Bedroom shared,82
Ayrshires,2025,Upper Quartile,1 Bedroom shared,580
Dumfries and Galloway,2025,Lower Quartile,1 Bedroom shared,435
Dumfries and Galloway,2025,Mean,1 Bedroom shared,486.6565986
Dumfries and Galloway,2025,Median,1 Bedroom shared,500
Dumfries and Galloway,2025,Number of Records,1 Bedroom shared,147
Dumfries and Galloway,2025,Upper Quartile,1 Bedroom shared,570
Dundee and Angus,2025,Lower Quartile,1 Bedroom shared,375
Dundee and Angus,2025,Mean,1 Bedroom shared,431.3209129
Dundee and Angus,2025,Median,1 Bedroom shared,425
Dundee and Angus,2025,Number of Records,1 Bedroom shared,241
Dundee and Angus,2025,Upper Quartile,1 Bedroom shared,475
East Dunbartonshire,2025,Lower Quartile,1 Bedroom shared,450
East Dunbartonshire,2025,Mean,1 Bedroom shared,530.4761905
East Dunbartonshire,2025,Median,1 Bedroom shared,517
East Dunbartonshire,2025,Number of Records,1 Bedroom shared,21
East Dunbartonshire,2025,Upper Quartile,1 Bedroom shared,600
Fife,2025,Lower Quartile,1 Bedroom shared,400
Fife,2025,Mean,1 Bedroom shared,518.7976712
Fife,2025,Median,1 Bedroom shared,497.5
Fife,2025,Number of Records,1 Bedroom shared,146
Fife,2025,Upper Quartile,1 Bedroom shared,600
Forth Valley,2025,Lower Quartile,1 Bedroom shared,464.88
Forth Valley,2025,Mean,1 Bedroom shared,542.4574026
Forth Valley,2025,Median,1 Bedroom shared,520
Forth Valley,2025,Number of Records,1 Bedroom shared,77
Forth Valley,2025,Upper Quartile,1 Bedroom shared,664
Greater Glasgow,2025,Lower Quartile,1 Bedroom shared,500
Greater Glasgow,2025,Mean,1 Bedroom shared,580.6582415
Greater Glasgow,2025,Median,1 Bedroom shared,560
Greater Glasgow,2025,Number of Records,1 Bedroom shared,381
Greater Glasgow,2025,Upper Quartile,1 Bedroom shared,650
Highland and Islands,2025,Lower Quartile,1 Bedroom shared,400
Highland and Islands,2025,Mean,1 Bedroom shared,503.0521622
Highland and Islands,2025,Median,1 Bedroom shared,500
Highland and Islands,2025,Number of Records,1 Bedroom shared,185
Highland and Islands,2025,Upper Quartile,1 Bedroom shared,551.79
Lothian,2025,Lower Quartile,1 Bedroom shared,550
Lothian,2025,Mean,1 Bedroom shared,645.0093548
Lothian,2025,Median,1 Bedroom shared,630
Lothian,2025,Number of Records,1 Bedroom shared,465
Lothian,2025,Upper Quartile,1 Bedroom shared,700
North Lanarkshire,2025,Lower Quartile,1 Bedroom shared,375
North Lanarkshire,2025,Mean,1 Bedroom shared,409.6052632
North Lanarkshire,2025,Median,1 Bedroom shared,402.5
North Lanarkshire,2025,Number of Records,1 Bedroom shared,38
North Lanarkshire,2025,Upper Quartile,1 Bedroom shared,450
Perth and Kinross,2025,Lower Quartile,1 Bedroom shared,400
Perth and Kinross,2025,Mean,1 Bedroom shared,493.4972581
Perth and Kinross,2025,Median,1 Bedroom shared,435
Perth and Kinross,2025,Number of Records,1 Bedroom shared,62
Perth and Kinross,2025,Upper Quartile,1 Bedroom shared,540
Renfrewshire / Inverclyde,2025,Lower Quartile,1 Bedroom shared,375
Renfrewshire / Inverclyde,2025,Mean,1 Bedroom shared,436.5671429
Renfrewshire / Inverclyde,2025,Median,1 Bedroom shared,407.5
Renfrewshire / Inverclyde,2025,Number of Records,1 Bedroom shared,56
Renfrewshire / Inverclyde,2025,Upper Quartile,1 Bedroom shared,500
Scotland,2025,Lower Quartile,1 Bedroom shared,NA
Scotland,2025,Mean,1 Bedroom shared,559.7397447
Scotland,2025,Median,1 Bedroom shared,NA
Scotland,2025,Number of Records,1 Bedroom shared,2356
Scotland,2025,Upper Quartile,1 Bedroom shared,NA
Scottish Borders,2025,Lower Quartile,1 Bedroom shared,361
Scottish Borders,2025,Mean,1 Bedroom shared,450.3513636
Scottish Borders,2025,Median,1 Bedroom shared,459.94
Scottish Borders,2025,Number of Records,1 Bedroom shared,44
Scottish Borders,2025,Upper Quartile,1 Bedroom shared,515.895
South Lanarkshire,2025,Lower Quartile,1 Bedroom shared,400
South Lanarkshire,2025,Mean,1 Bedroom shared,467.8193478
South Lanarkshire,2025,Median,1 Bedroom shared,475
South Lanarkshire,2025,Number of Records,1 Bedroom shared,46
South Lanarkshire,2025,Upper Quartile,1 Bedroom shared,508.33
West Dunbartonshire,2025,Lower Quartile,1 Bedroom shared,400
West Dunbartonshire,2025,Mean,1 Bedroom shared,493.8982927
West Dunbartonshire,2025,Median,1 Bedroom shared,450
West Dunbartonshire,2025,Number of Records,1 Bedroom shared,41
West Dunbartonshire,2025,Upper Quartile,1 Bedroom shared,586.55
West Lothian,2025,Lower Quartile,1 Bedroom shared,450
West Lothian,2025,Mean,1 Bedroom shared,520.7942553
West Lothian,2025,Median,1 Bedroom shared,487
West Lothian,2025,Number of Records,1 Bedroom shared,47
West Lothian,2025,Upper Quartile,1 Bedroom shared,610
Aberdeen and Shire,2025,Lower Quartile,2 Bedroom,690
Aberdeen and Shire,2025,Mean,2 Bedroom,787.9522968
Aberdeen and Shire,2025,Median,2 Bedroom,750
Aberdeen and Shire,2025,Number of Records,2 Bedroom,1698
Aberdeen and Shire,2025,Upper Quartile,2 Bedroom,850
Argyll and Bute,2025,Lower Quartile,2 Bedroom,659.5
Argyll and Bute,2025,Mean,2 Bedroom,803.0115196
Argyll and Bute,2025,Median,2 Bedroom,780
Argyll and Bute,2025,Number of Records,2 Bedroom,204
Argyll and Bute,2025,Upper Quartile,2 Bedroom,875
Ayrshires,2025,Lower Quartile,2 Bedroom,500
Ayrshires,2025,Mean,2 Bedroom,613.7083824
Ayrshires,2025,Median,2 Bedroom,595
Ayrshires,2025,Number of Records,2 Bedroom,816
Ayrshires,2025,Upper Quartile,2 Bedroom,695
Dumfries and Galloway,2025,Lower Quartile,2 Bedroom,488.415
Dumfries and Galloway,2025,Mean,2 Bedroom,568.6161165
Dumfries and Galloway,2025,Median,2 Bedroom,550
Dumfries and Galloway,2025,Number of Records,2 Bedroom,412
Dumfries and Galloway,2025,Upper Quartile,2 Bedroom,625
Dundee and Angus,2025,Lower Quartile,2 Bedroom,645
Dundee and Angus,2025,Mean,2 Bedroom,770.181304
Dundee and Angus,2025,Median,2 Bedroom,750
Dundee and Angus,2025,Number of Records,2 Bedroom,1135
Dundee and Angus,2025,Upper Quartile,2 Bedroom,875
East Dunbartonshire,2025,Lower Quartile,2 Bedroom,795
East Dunbartonshire,2025,Mean,2 Bedroom,940.8647159
East Dunbartonshire,2025,Median,2 Bedroom,925
East Dunbartonshire,2025,Number of Records,2 Bedroom,176
East Dunbartonshire,2025,Upper Quartile,2 Bedroom,1050
Fife,2025,Lower Quartile,2 Bedroom,564.94
Fife,2025,Mean,2 Bedroom,754.1601049
Fife,2025,Median,2 Bedroom,700
Fife,2025,Number of Records,2 Bedroom,1144
Fife,2025,Upper Quartile,2 Bedroom,850
Forth Valley,2025,Lower Quartile,2 Bedroom,695
Forth Valley,2025,Mean,2 Bedroom,833.142476
Forth Valley,2025,Median,2 Bedroom,800
Forth Valley,2025,Number of Records,2 Bedroom,832
Forth Valley,2025,Upper Quartile,2 Bedroom,950
Greater Glasgow,2025,Lower Quartile,2 Bedroom,895
Greater Glasgow,2025,Mean,2 Bedroom,1093.604649
Greater Glasgow,2025,Median,2 Bedroom,1090
Greater Glasgow,2025,Number of Records,2 Bedroom,3459
Greater Glasgow,2025,Upper Quartile,2 Bedroom,1265
Highland and Islands,2025,Lower Quartile,2 Bedroom,625
Highland and Islands,2025,Mean,2 Bedroom,727.4100893
Highland and Islands,2025,Median,2 Bedroom,715
Highland and Islands,2025,Number of Records,2 Bedroom,784
Highland and Islands,2025,Upper Quartile,2 Bedroom,825
Lothian,2025,Lower Quartile,2 Bedroom,1150
Lothian,2025,Mean,2 Bedroom,1356.434492
Lothian,2025,Median,2 Bedroom,1325
Lothian,2025,Number of Records,2 Bedroom,3346
Lothian,2025,Upper Quartile,2 Bedroom,1500
North Lanarkshire,2025,Lower Quartile,2 Bedroom,650
North Lanarkshire,2025,Mean,2 Bedroom,708.5490729
North Lanarkshire,2025,Median,2 Bedroom,700
North Lanarkshire,2025,Number of Records,2 Bedroom,658
North Lanarkshire,2025,Upper Quartile,2 Bedroom,795
Perth and Kinross,2025,Lower Quartile,2 Bedroom,570
Perth and Kinross,2025,Mean,2 Bedroom,690.3068199
Perth and Kinross,2025,Median,2 Bedroom,685
Perth and Kinross,2025,Number of Records,2 Bedroom,522
Perth and Kinross,2025,Upper Quartile,2 Bedroom,800
Renfrewshire / Inverclyde,2025,Lower Quartile,2 Bedroom,595
Renfrewshire / Inverclyde,2025,Mean,2 Bedroom,726.7230172
Renfrewshire / Inverclyde,2025,Median,2 Bedroom,720
Renfrewshire / Inverclyde,2025,Number of Records,2 Bedroom,812
Renfrewshire / Inverclyde,2025,Upper Quartile,2 Bedroom,825
Scotland,2025,Lower Quartile,2 Bedroom,NA
Scotland,2025,Mean,2 Bedroom,921.1773339
Scotland,2025,Median,2 Bedroom,NA
Scotland,2025,Number of Records,2 Bedroom,17902
Scotland,2025,Upper Quartile,2 Bedroom,NA
Scottish Borders,2025,Lower Quartile,2 Bedroom,525
Scottish Borders,2025,Mean,2 Bedroom,640.6082635
Scottish Borders,2025,Median,2 Bedroom,596.13
Scottish Borders,2025,Number of Records,2 Bedroom,334
Scottish Borders,2025,Upper Quartile,2 Bedroom,725
South Lanarkshire,2025,Lower Quartile,2 Bedroom,650
South Lanarkshire,2025,Mean,2 Bedroom,748.0312725
South Lanarkshire,2025,Median,2 Bedroom,727
South Lanarkshire,2025,Number of Records,2 Bedroom,888
South Lanarkshire,2025,Upper Quartile,2 Bedroom,825
West Dunbartonshire,2025,Lower Quartile,2 Bedroom,675
West Dunbartonshire,2025,Mean,2 Bedroom,757.033871
West Dunbartonshire,2025,Median,2 Bedroom,750
West Dunbartonshire,2025,Number of Records,2 Bedroom,155
West Dunbartonshire,2025,Upper Quartile,2 Bedroom,825
West Lothian,2025,Lower Quartile,2 Bedroom,650
West Lothian,2025,Mean,2 Bedroom,777.4046679
West Lothian,2025,Median,2 Bedroom,775
West Lothian,2025,Number of Records,2 Bedroom,527
West Lothian,2025,Upper Quartile,2 Bedroom,850
Aberdeen and Shire,2025,Lower Quartile,3 Bedroom,900
Aberdeen and Shire,2025,Mean,3 Bedroom,1108.685289
Aberdeen and Shire,2025,Median,3 Bedroom,1050
Aberdeen and Shire,2025,Number of Records,3 Bedroom,537
Aberdeen and Shire,2025,Upper Quartile,3 Bedroom,1275
Argyll and Bute,2025,Lower Quartile,3 Bedroom,750
Argyll and Bute,2025,Mean,3 Bedroom,1025.946667
Argyll and Bute,2025,Median,3 Bedroom,950
Argyll and Bute,2025,Number of Records,3 Bedroom,75
Argyll and Bute,2025,Upper Quartile,3 Bedroom,1250
Ayrshires,2025,Lower Quartile,3 Bedroom,600
Ayrshires,2025,Mean,3 Bedroom,771.8436898
Ayrshires,2025,Median,3 Bedroom,725
Ayrshires,2025,Number of Records,3 Bedroom,374
Ayrshires,2025,Upper Quartile,3 Bedroom,850
Dumfries and Galloway,2025,Lower Quartile,3 Bedroom,572.7
Dumfries and Galloway,2025,Mean,3 Bedroom,675.3788806
Dumfries and Galloway,2025,Median,3 Bedroom,600
Dumfries and Galloway,2025,Number of Records,3 Bedroom,268
Dumfries and Galloway,2025,Upper Quartile,3 Bedroom,750
Dundee and Angus,2025,Lower Quartile,3 Bedroom,824.5
Dundee and Angus,2025,Mean,3 Bedroom,1039.501528
Dundee and Angus,2025,Median,3 Bedroom,995
Dundee and Angus,2025,Number of Records,3 Bedroom,360
Dundee and Angus,2025,Upper Quartile,3 Bedroom,1275
East Dunbartonshire,2025,Lower Quartile,3 Bedroom,1050
East Dunbartonshire,2025,Mean,3 Bedroom,1320.805851
East Dunbartonshire,2025,Median,3 Bedroom,1300
East Dunbartonshire,2025,Number of Records,3 Bedroom,94
East Dunbartonshire,2025,Upper Quartile,3 Bedroom,1495
Fife,2025,Lower Quartile,3 Bedroom,750
Fife,2025,Mean,3 Bedroom,1022.775213
Fife,2025,Median,3 Bedroom,925
Fife,2025,Number of Records,3 Bedroom,445
Fife,2025,Upper Quartile,3 Bedroom,1200
Forth Valley,2025,Lower Quartile,3 Bedroom,850
Forth Valley,2025,Mean,3 Bedroom,1089.725212
Forth Valley,2025,Median,3 Bedroom,1000
Forth Valley,2025,Number of Records,3 Bedroom,307
Forth Valley,2025,Upper Quartile,3 Bedroom,1300
Greater Glasgow,2025,Lower Quartile,3 Bedroom,995
Greater Glasgow,2025,Mean,3 Bedroom,1402.53846
Greater Glasgow,2025,Median,3 Bedroom,1350
Greater Glasgow,2025,Number of Records,3 Bedroom,870
Greater Glasgow,2025,Upper Quartile,3 Bedroom,1650
Highland and Islands,2025,Lower Quartile,3 Bedroom,726.5
Highland and Islands,2025,Mean,3 Bedroom,907.8788107
Highland and Islands,2025,Median,3 Bedroom,895
Highland and Islands,2025,Number of Records,3 Bedroom,412
Highland and Islands,2025,Upper Quartile,3 Bedroom,1038
Lothian,2025,Lower Quartile,3 Bedroom,1450
Lothian,2025,Mean,3 Bedroom,1801.963705
Lothian,2025,Median,3 Bedroom,1795
Lothian,2025,Number of Records,3 Bedroom,1077
Lothian,2025,Upper Quartile,3 Bedroom,2100
North Lanarkshire,2025,Lower Quartile,3 Bedroom,717.5
North Lanarkshire,2025,Mean,3 Bedroom,858.6993182
North Lanarkshire,2025,Median,3 Bedroom,825
North Lanarkshire,2025,Number of Records,3 Bedroom,308
North Lanarkshire,2025,Upper Quartile,3 Bedroom,950
Perth and Kinross,2025,Lower Quartile,3 Bedroom,750
Perth and Kinross,2025,Mean,3 Bedroom,963.9512422
Perth and Kinross,2025,Median,3 Bedroom,950
Perth and Kinross,2025,Number of Records,3 Bedroom,161
Perth and Kinross,2025,Upper Quartile,3 Bedroom,1200
Renfrewshire / Inverclyde,2025,Lower Quartile,3 Bedroom,750
Renfrewshire / Inverclyde,2025,Mean,3 Bedroom,939.2078049
Renfrewshire / Inverclyde,2025,Median,3 Bedroom,895
Renfrewshire / Inverclyde,2025,Number of Records,3 Bedroom,246
Renfrewshire / Inverclyde,2025,Upper Quartile,3 Bedroom,1100
Scotland,2025,Lower Quartile,3 Bedroom,NA
Scotland,2025,Mean,3 Bedroom,1154.222932
Scotland,2025,Median,3 Bedroom,NA
Scotland,2025,Number of Records,3 Bedroom,6382
Scotland,2025,Upper Quartile,3 Bedroom,NA
Scottish Borders,2025,Lower Quartile,3 Bedroom,650
Scottish Borders,2025,Mean,3 Bedroom,849.0771429
Scottish Borders,2025,Median,3 Bedroom,792.5
Scottish Borders,2025,Number of Records,3 Bedroom,252
Scottish Borders,2025,Upper Quartile,3 Bedroom,995
South Lanarkshire,2025,Lower Quartile,3 Bedroom,818
South Lanarkshire,2025,Mean,3 Bedroom,994.3640653
South Lanarkshire,2025,Median,3 Bedroom,950
South Lanarkshire,2025,Number of Records,3 Bedroom,337
South Lanarkshire,2025,Upper Quartile,3 Bedroom,1150
West Dunbartonshire,2025,Lower Quartile,3 Bedroom,797.5
West Dunbartonshire,2025,Mean,3 Bedroom,1037.613636
West Dunbartonshire,2025,Median,3 Bedroom,897.5
West Dunbartonshire,2025,Number of Records,3 Bedroom,44
West Dunbartonshire,2025,Upper Quartile,3 Bedroom,1250
West Lothian,2025,Lower Quartile,3 Bedroom,825
West Lothian,2025,Mean,3 Bedroom,1044.168605
West Lothian,2025,Median,3 Bedroom,995
West Lothian,2025,Number of Records,3 Bedroom,215
West Lothian,2025,Upper Quartile,3 Bedroom,1250
Aberdeen and Shire,2025,Lower Quartile,4 Bedroom,1400
Aberdeen and Shire,2025,Mean,4 Bedroom,1683.164609
Aberdeen and Shire,2025,Median,4 Bedroom,1600
Aberdeen and Shire,2025,Number of Records,4 Bedroom,243
Aberdeen and Shire,2025,Upper Quartile,4 Bedroom,1950
Argyll and Bute,2025,Lower Quartile,4 Bedroom,1300
Argyll and Bute,2025,Mean,4 Bedroom,1603.333333
Argyll and Bute,2025,Median,4 Bedroom,1550
Argyll and Bute,2025,Number of Records,4 Bedroom,21
Argyll and Bute,2025,Upper Quartile,4 Bedroom,1750
Ayrshires,2025,Lower Quartile,4 Bedroom,840
Ayrshires,2025,Mean,4 Bedroom,1247.15625
Ayrshires,2025,Median,4 Bedroom,1125
Ayrshires,2025,Number of Records,4 Bedroom,64
Ayrshires,2025,Upper Quartile,4 Bedroom,1490
Dumfries and Galloway,2025,Lower Quartile,4 Bedroom,750
Dumfries and Galloway,2025,Mean,4 Bedroom,977.8939583
Dumfries and Galloway,2025,Median,4 Bedroom,997.5
Dumfries and Galloway,2025,Number of Records,4 Bedroom,48
Dumfries and Galloway,2025,Upper Quartile,4 Bedroom,1200
Dundee and Angus,2025,Lower Quartile,4 Bedroom,1300
Dundee and Angus,2025,Mean,4 Bedroom,1505.639037
Dundee and Angus,2025,Median,4 Bedroom,1500
Dundee and Angus,2025,Number of Records,4 Bedroom,135
Dundee and Angus,2025,Upper Quartile,4 Bedroom,1750
East Dunbartonshire,2025,Lower Quartile,4 Bedroom,1600
East Dunbartonshire,2025,Mean,4 Bedroom,2082.301887
East Dunbartonshire,2025,Median,4 Bedroom,1800
East Dunbartonshire,2025,Number of Records,4 Bedroom,53
East Dunbartonshire,2025,Upper Quartile,4 Bedroom,2500
Fife,2025,Lower Quartile,4 Bedroom,1200
Fife,2025,Mean,4 Bedroom,1522.128571
Fife,2025,Median,4 Bedroom,1550
Fife,2025,Number of Records,4 Bedroom,140
Fife,2025,Upper Quartile,4 Bedroom,1750
Forth Valley,2025,Lower Quartile,4 Bedroom,1300
Forth Valley,2025,Mean,4 Bedroom,1588.403846
Forth Valley,2025,Median,4 Bedroom,1500
Forth Valley,2025,Number of Records,4 Bedroom,78
Forth Valley,2025,Upper Quartile,4 Bedroom,1800
Greater Glasgow,2025,Lower Quartile,4 Bedroom,1700
Greater Glasgow,2025,Mean,4 Bedroom,2174.032845
Greater Glasgow,2025,Median,4 Bedroom,2137.5
Greater Glasgow,2025,Number of Records,4 Bedroom,232
Greater Glasgow,2025,Upper Quartile,4 Bedroom,2600
Highland and Islands,2025,Lower Quartile,4 Bedroom,870
Highland and Islands,2025,Mean,4 Bedroom,1161.473333
Highland and Islands,2025,Median,4 Bedroom,1195
Highland and Islands,2025,Number of Records,4 Bedroom,105
Highland and Islands,2025,Upper Quartile,4 Bedroom,1450
Lothian,2025,Lower Quartile,4 Bedroom,2200
Lothian,2025,Mean,4 Bedroom,2565.074074
Lothian,2025,Median,4 Bedroom,2560
Lothian,2025,Number of Records,4 Bedroom,486
Lothian,2025,Upper Quartile,4 Bedroom,2900
North Lanarkshire,2025,Lower Quartile,4 Bedroom,950
North Lanarkshire,2025,Mean,4 Bedroom,1319.090526
North Lanarkshire,2025,Median,4 Bedroom,1250
North Lanarkshire,2025,Number of Records,4 Bedroom,57
North Lanarkshire,2025,Upper Quartile,4 Bedroom,1600
Perth and Kinross,2025,Lower Quartile,4 Bedroom,1200
Perth and Kinross,2025,Mean,4 Bedroom,1493.954746
Perth and Kinross,2025,Median,4 Bedroom,1500
Perth and Kinross,2025,Number of Records,4 Bedroom,59
Perth and Kinross,2025,Upper Quartile,4 Bedroom,1700
Renfrewshire / Inverclyde,2025,Lower Quartile,4 Bedroom,1197.5
Renfrewshire / Inverclyde,2025,Mean,4 Bedroom,1531.297727
Renfrewshire / Inverclyde,2025,Median,4 Bedroom,1500
Renfrewshire / Inverclyde,2025,Number of Records,4 Bedroom,44
Renfrewshire / Inverclyde,2025,Upper Quartile,4 Bedroom,1875
Scotland,2025,Lower Quartile,4 Bedroom,NA
Scotland,2025,Mean,4 Bedroom,1766.922141
Scotland,2025,Median,4 Bedroom,NA
Scotland,2025,Number of Records,4 Bedroom,1988
Scotland,2025,Upper Quartile,4 Bedroom,NA
Scottish Borders,2025,Lower Quartile,4 Bedroom,1125
Scottish Borders,2025,Mean,4 Bedroom,1391.343438
Scottish Borders,2025,Median,4 Bedroom,1350
Scottish Borders,2025,Number of Records,4 Bedroom,64
Scottish Borders,2025,Upper Quartile,4 Bedroom,1700
South Lanarkshire,2025,Lower Quartile,4 Bedroom,1150
South Lanarkshire,2025,Mean,4 Bedroom,1520.919529
South Lanarkshire,2025,Median,4 Bedroom,1500
South Lanarkshire,2025,Number of Records,4 Bedroom,85
South Lanarkshire,2025,Upper Quartile,4 Bedroom,1800
West Dunbartonshire,2025,Lower Quartile,4 Bedroom,1200
West Dunbartonshire,2025,Mean,4 Bedroom,1377.857143
West Dunbartonshire,2025,Median,4 Bedroom,1400
West Dunbartonshire,2025,Number of Records,4 Bedroom,7
West Dunbartonshire,2025,Upper Quartile,4 Bedroom,1500
West Lothian,2025,Lower Quartile,4 Bedroom,1200
West Lothian,2025,Mean,4 Bedroom,1418.731343
West Lothian,2025,Median,4 Bedroom,1350
West Lothian,2025,Number of Records,4 Bedroom,67
West Lothian,2025,Upper Quartile,4 Bedroom,1600
